timestamp_original,timestamp_ist,trade_date_ist,symbol,instrument_name,market,timeframe,contract_logic,contract_symbol,source_name,source_url,open_native,high_native,low_native,close_native,volume,currency_native,open_inr,high_inr,low_inr,close_inr,fx_rate_used,session_window_ist,sub_window_label,notes_data_quality
2026-03-02T03:30:00+0530,2026-03-02T03:30:00+0530,02-03-2026,Brent,Brent Crude Oil Futures,ICE,60m,FRONT_MONTH_CONTINUOUS,BRN1!,RECONSTRUCTED_FROM_DAILY,See methodology_and_sources.md,80,80,79.98,79.98,0,USD,6948,6948,6946.55,6946.55,86.85,global_reopen_pre_mcx,none,ESTIMATED_FROM_DAILY_OHLC_USING_SESSION_HEURISTICS_NOT_REAL_INTRADAY_DATA
2026-03-02T04:30:00+0530,2026-03-02T04:30:00+0530,02-03-2026,Brent,Brent Crude Oil Futures,ICE,60m,FRONT_MONTH_CONTINUOUS,BRN1!,RECONSTRUCTED_FROM_DAILY,See methodology_and_sources.md,79.98,80,79.98,80,0,USD,6946.55,6948.27,6946.55,6948.27,86.85,global_reopen_pre_mcx,none,ESTIMATED_FROM_DAILY_OHLC_USING_SESSION_HEURISTICS_NOT_REAL_INTRADAY_DATA
2026-03-02T05:30:00+0530,2026-03-02T05:30:00+0530,02-03-2026,Brent,Brent Crude Oil Futures,ICE,60m,FRONT_MONTH_CONTINUOUS,BRN1!,RECONSTRUCTED_FROM_DAILY,See methodology_and_sources.md,80,80,79.99,79.99,0,USD,6948.27,6948.27,6947.11,6947.11,86.85,global_reopen_pre_mcx,none,ESTIMATED_FROM_DAILY_OHLC_USING_SESSION_HEURISTICS_NOT_REAL_INTRADAY_DATA
2026-03-02T06:30:00+0530,2026-03-02T06:30:00+0530,02-03-2026,Brent,Brent Crude Oil Futures,ICE,60m,FRONT_MONTH_CONTINUOUS,BRN1!,RECONSTRUCTED_FROM_DAILY,See methodology_and_sources.md,79.99,80,79.99,80,0,USD,6947.11,6947.64,6947.11,6947.64,86.85,global_reopen_pre_mcx,none,ESTIMATED_FROM_DAILY_OHLC_USING_SESSION_HEURISTICS_NOT_REAL_INTRADAY_DATA
2026-03-02T07:30:00+0530,2026-03-02T07:30:00+0530,02-03-2026,Brent,Brent Crude Oil Futures,ICE,60m,FRONT_MONTH_CONTINUOUS,BRN1!,RECONSTRUCTED_FROM_DAILY,See methodology_and_sources.md,80,80.01,80,80.01,0,USD,6947.64,6948.75,6947.64,6948.75,86.85,global_reopen_pre_mcx,none,ESTIMATED_FROM_DAILY_OHLC_USING_SESSION_HEURISTICS_NOT_REAL_INTRADAY_DATA
2026-03-02T08:30:00+0530,2026-03-02T08:30:00+0530,02-03-2026,Brent,Brent Crude Oil Futures,ICE,60m,FRONT_MONTH_CONTINUOUS,BRN1!,RECONSTRUCTED_FROM_DAILY,See methodology_and_sources.md,80.01,80.01,79.99,79.99,0,USD,6948.75,6948.75,6947.12,6947.12,86.85,global_reopen_pre_mcx,none,ESTIMATED_FROM_DAILY_OHLC_USING_SESSION_HEURISTICS_NOT_REAL_INTRADAY_DATA
2026-03-02T09:30:00+0530,2026-03-02T09:30:00+0530,02-03-2026,Brent,Brent Crude Oil Futures,ICE,60m,FRONT_MONTH_CONTINUOUS,BRN1!,RECONSTRUCTED_FROM_DAILY,See methodology_and_sources.md,79.99,80.01,79.99,80.01,0,USD,6947.12,6948.63,6947.12,6948.63,86.85,mcx_open_drive,none,ESTIMATED_FROM_DAILY_OHLC_USING_SESSION_HEURISTICS_NOT_REAL_INTRADAY_DATA
2026-03-02T10:30:00+0530,2026-03-02T10:30:00+0530,02-03-2026,Brent,Brent Crude Oil Futures,ICE,60m,FRONT_MONTH_CONTINUOUS,BRN1!,RECONSTRUCTED_FROM_DAILY,See methodology_and_sources.md,80.01,80.01,79.99,79.99,0,USD,6948.63,6948.63,6946.73,6946.73,86.85,india_morning,none,ESTIMATED_FROM_DAILY_OHLC_USING_SESSION_HEURISTICS_NOT_REAL_INTRADAY_DATA
2026-03-02T11:30:00+0530,2026-03-02T11:30:00+0530,02-03-2026,Brent,Brent Crude Oil Futures,ICE,60m,FRONT_MONTH_CONTINUOUS,BRN1!,RECONSTRUCTED_FROM_DAILY,See methodology_and_sources.md,79.99,79.99,79.98,79.98,0,USD,6946.73,6946.73,6946.61,6946.61,86.85,india_morning,none,ESTIMATED_FROM_DAILY_OHLC_USING_SESSION_HEURISTICS_NOT_REAL_INTRADAY_DATA
2026-03-02T12:30:00+0530,2026-03-02T12:30:00+0530,02-03-2026,Brent,Brent Crude Oil Futures,ICE,60m,FRONT_MONTH_CONTINUOUS,BRN1!,RECONSTRUCTED_FROM_DAILY,See methodology_and_sources.md,79.98,80.03,79.98,80.03,0,USD,6946.61,6950.44,6946.61,6950.44,86.85,india_midday,none,ESTIMATED_FROM_DAILY_OHLC_USING_SESSION_HEURISTICS_NOT_REAL_INTRADAY_DATA
2026-03-02T13:30:00+0530,2026-03-02T13:30:00+0530,02-03-2026,Brent,Brent Crude Oil Futures,ICE,60m,FRONT_MONTH_CONTINUOUS,BRN1!,RECONSTRUCTED_FROM_DAILY,See methodology_and_sources.md,80.03,80.03,80.01,80.01,0,USD,6950.44,6950.44,6949.02,6949.02,86.85,india_midday,none,ESTIMATED_FROM_DAILY_OHLC_USING_SESSION_HEURISTICS_NOT_REAL_INTRADAY_DATA
2026-03-02T14:30:00+0530,2026-03-02T14:30:00+0530,02-03-2026,Brent,Brent Crude Oil Futures,ICE,60m,FRONT_MONTH_CONTINUOUS,BRN1!,RECONSTRUCTED_FROM_DAILY,See methodology_and_sources.md,80.01,80.01,79.98,79.98,0,USD,6949.02,6949.02,6946.58,6946.58,86.85,india_midday,none,ESTIMATED_FROM_DAILY_OHLC_USING_SESSION_HEURISTICS_NOT_REAL_INTRADAY_DATA
2026-03-02T15:30:00+0530,2026-03-02T15:30:00+0530,02-03-2026,Brent,Brent Crude Oil Futures,ICE,60m,FRONT_MONTH_CONTINUOUS,BRN1!,RECONSTRUCTED_FROM_DAILY,See methodology_and_sources.md,79.98,80.04,79.98,80.04,0,USD,6946.58,6951.23,6946.58,6951.23,86.85,europe_open,first_30m_after_europe_open,ESTIMATED_FROM_DAILY_OHLC_USING_SESSION_HEURISTICS_NOT_REAL_INTRADAY_DATA
2026-03-02T16:30:00+0530,2026-03-02T16:30:00+0530,02-03-2026,Brent,Brent Crude Oil Futures,ICE,60m,FRONT_MONTH_CONTINUOUS,BRN1!,RECONSTRUCTED_FROM_DAILY,See methodology_and_sources.md,80.04,80.07,80.04,80.07,0,USD,6951.23,6954,6951.23,6954,86.85,europe_open,none,ESTIMATED_FROM_DAILY_OHLC_USING_SESSION_HEURISTICS_NOT_REAL_INTRADAY_DATA
2026-03-02T17:30:00+0530,2026-03-02T17:30:00+0530,02-03-2026,Brent,Brent Crude Oil Futures,ICE,60m,FRONT_MONTH_CONTINUOUS,BRN1!,RECONSTRUCTED_FROM_DAILY,See methodology_and_sources.md,80.07,80.08,80.07,80.08,0,USD,6954,6955.1,6954,6955.1,86.85,europe_mid,none,ESTIMATED_FROM_DAILY_OHLC_USING_SESSION_HEURISTICS_NOT_REAL_INTRADAY_DATA
2026-03-02T18:30:00+0530,2026-03-02T18:30:00+0530,02-03-2026,Brent,Brent Crude Oil Futures,ICE,60m,FRONT_MONTH_CONTINUOUS,BRN1!,RECONSTRUCTED_FROM_DAILY,See methodology_and_sources.md,80.08,80.08,80.03,80.03,0,USD,6955.1,6955.1,6951.04,6951.04,86.85,europe_mid,none,ESTIMATED_FROM_DAILY_OHLC_USING_SESSION_HEURISTICS_NOT_REAL_INTRADAY_DATA
2026-03-02T19:30:00+0530,2026-03-02T19:30:00+0530,02-03-2026,Brent,Brent Crude Oil Futures,ICE,60m,FRONT_MONTH_CONTINUOUS,BRN1!,RECONSTRUCTED_FROM_DAILY,See methodology_and_sources.md,80.03,80.07,80.03,80.07,0,USD,6951.04,6953.96,6951.04,6953.96,86.85,europe_mid,none,ESTIMATED_FROM_DAILY_OHLC_USING_SESSION_HEURISTICS_NOT_REAL_INTRADAY_DATA
2026-03-02T20:30:00+0530,2026-03-02T20:30:00+0530,02-03-2026,Brent,Brent Crude Oil Futures,ICE,60m,FRONT_MONTH_CONTINUOUS,BRN1!,RECONSTRUCTED_FROM_DAILY,See methodology_and_sources.md,80.07,80.09,80.07,80.09,0,USD,6953.96,6955.74,6953.96,6955.74,86.85,us_pre_open,none,ESTIMATED_FROM_DAILY_OHLC_USING_SESSION_HEURISTICS_NOT_REAL_INTRADAY_DATA
2026-03-02T21:30:00+0530,2026-03-02T21:30:00+0530,02-03-2026,Brent,Brent Crude Oil Futures,ICE,60m,FRONT_MONTH_CONTINUOUS,BRN1!,RECONSTRUCTED_FROM_DAILY,See methodology_and_sources.md,80.09,80.09,80.06,80.06,0,USD,6955.74,6955.74,6953.18,6953.18,86.85,us_open,first_hour_after_us_open,ESTIMATED_FROM_DAILY_OHLC_USING_SESSION_HEURISTICS_NOT_REAL_INTRADAY_DATA
2026-03-02T22:30:00+0530,2026-03-02T22:30:00+0530,02-03-2026,Brent,Brent Crude Oil Futures,ICE,60m,FRONT_MONTH_CONTINUOUS,BRN1!,RECONSTRUCTED_FROM_DAILY,See methodology_and_sources.md,80.06,80.06,80.06,80.06,0,USD,6953.18,6953.44,6953.18,6953.44,86.85,us_open,final_hour_before_mcx_close,ESTIMATED_FROM_DAILY_OHLC_USING_SESSION_HEURISTICS_NOT_REAL_INTRADAY_DATA
2026-03-02T23:30:00+0530,2026-03-02T23:30:00+0530,02-03-2026,Brent,Brent Crude Oil Futures,ICE,60m,FRONT_MONTH_CONTINUOUS,BRN1!,RECONSTRUCTED_FROM_DAILY,See methodology_and_sources.md,80.06,82,80.06,82,0,USD,6953.44,7121.7,6953.44,7121.7,86.85,mcx_tail,none,ESTIMATED_FROM_DAILY_OHLC_USING_SESSION_HEURISTICS_NOT_REAL_INTRADAY_DATA
2026-03-03T00:30:00+0530,2026-03-03T00:30:00+0530,02-03-2026,Brent,Brent Crude Oil Futures,ICE,60m,FRONT_MONTH_CONTINUOUS,BRN1!,RECONSTRUCTED_FROM_DAILY,See methodology_and_sources.md,82,82,82,82,0,USD,7121.7,7121.7,7121.7,7121.7,86.85,other_valid_hours,none,ESTIMATED_FROM_DAILY_OHLC_USING_SESSION_HEURISTICS_NOT_REAL_INTRADAY_DATA
2026-03-03T03:30:00+0530,2026-03-03T03:30:00+0530,03-03-2026,Brent,Brent Crude Oil Futures,ICE,60m,FRONT_MONTH_CONTINUOUS,BRN1!,RECONSTRUCTED_FROM_DAILY,See methodology_and_sources.md,82,82,81.99,81.99,0,USD,7125.8,7125.8,7124.6,7124.6,86.9,global_reopen_pre_mcx,none,ESTIMATED_FROM_DAILY_OHLC_USING_SESSION_HEURISTICS_NOT_REAL_INTRADAY_DATA
2026-03-03T04:30:00+0530,2026-03-03T04:30:00+0530,03-03-2026,Brent,Brent Crude Oil Futures,ICE,60m,FRONT_MONTH_CONTINUOUS,BRN1!,RECONSTRUCTED_FROM_DAILY,See methodology_and_sources.md,81.99,81.99,81.98,81.98,0,USD,7124.6,7124.6,7124.1,7124.1,86.9,global_reopen_pre_mcx,none,ESTIMATED_FROM_DAILY_OHLC_USING_SESSION_HEURISTICS_NOT_REAL_INTRADAY_DATA
2026-03-03T05:30:00+0530,2026-03-03T05:30:00+0530,03-03-2026,Brent,Brent Crude Oil Futures,ICE,60m,FRONT_MONTH_CONTINUOUS,BRN1!,RECONSTRUCTED_FROM_DAILY,See methodology_and_sources.md,81.98,82.02,81.98,82.02,0,USD,7124.1,7127.3,7124.1,7127.3,86.9,global_reopen_pre_mcx,none,ESTIMATED_FROM_DAILY_OHLC_USING_SESSION_HEURISTICS_NOT_REAL_INTRADAY_DATA
2026-03-03T06:30:00+0530,2026-03-03T06:30:00+0530,03-03-2026,Brent,Brent Crude Oil Futures,ICE,60m,FRONT_MONTH_CONTINUOUS,BRN1!,RECONSTRUCTED_FROM_DAILY,See methodology_and_sources.md,82.02,82.02,81.98,81.98,0,USD,7127.3,7127.3,7123.98,7123.98,86.9,global_reopen_pre_mcx,none,ESTIMATED_FROM_DAILY_OHLC_USING_SESSION_HEURISTICS_NOT_REAL_INTRADAY_DATA
2026-03-03T07:30:00+0530,2026-03-03T07:30:00+0530,03-03-2026,Brent,Brent Crude Oil Futures,ICE,60m,FRONT_MONTH_CONTINUOUS,BRN1!,RECONSTRUCTED_FROM_DAILY,See methodology_and_sources.md,81.98,81.99,81.98,81.99,0,USD,7123.98,7124.74,7123.98,7124.74,86.9,global_reopen_pre_mcx,none,ESTIMATED_FROM_DAILY_OHLC_USING_SESSION_HEURISTICS_NOT_REAL_INTRADAY_DATA
2026-03-03T08:30:00+0530,2026-03-03T08:30:00+0530,03-03-2026,Brent,Brent Crude Oil Futures,ICE,60m,FRONT_MONTH_CONTINUOUS,BRN1!,RECONSTRUCTED_FROM_DAILY,See methodology_and_sources.md,81.99,81.99,81.93,81.93,0,USD,7124.74,7124.74,7119.59,7119.59,86.9,global_reopen_pre_mcx,none,ESTIMATED_FROM_DAILY_OHLC_USING_SESSION_HEURISTICS_NOT_REAL_INTRADAY_DATA
2026-03-03T09:30:00+0530,2026-03-03T09:30:00+0530,03-03-2026,Brent,Brent Crude Oil Futures,ICE,60m,FRONT_MONTH_CONTINUOUS,BRN1!,RECONSTRUCTED_FROM_DAILY,See methodology_and_sources.md,81.93,81.93,81.92,81.92,0,USD,7119.59,7119.59,7118.91,7118.91,86.9,mcx_open_drive,none,ESTIMATED_FROM_DAILY_OHLC_USING_SESSION_HEURISTICS_NOT_REAL_INTRADAY_DATA
2026-03-03T10:30:00+0530,2026-03-03T10:30:00+0530,03-03-2026,Brent,Brent Crude Oil Futures,ICE,60m,FRONT_MONTH_CONTINUOUS,BRN1!,RECONSTRUCTED_FROM_DAILY,See methodology_and_sources.md,81.92,81.92,81.91,81.91,0,USD,7118.91,7118.91,7118.15,7118.15,86.9,india_morning,none,ESTIMATED_FROM_DAILY_OHLC_USING_SESSION_HEURISTICS_NOT_REAL_INTRADAY_DATA
2026-03-03T11:30:00+0530,2026-03-03T11:30:00+0530,03-03-2026,Brent,Brent Crude Oil Futures,ICE,60m,FRONT_MONTH_CONTINUOUS,BRN1!,RECONSTRUCTED_FROM_DAILY,See methodology_and_sources.md,81.91,81.91,81.87,81.87,0,USD,7118.15,7118.15,7114.82,7114.82,86.9,india_morning,none,ESTIMATED_FROM_DAILY_OHLC_USING_SESSION_HEURISTICS_NOT_REAL_INTRADAY_DATA
2026-03-03T12:30:00+0530,2026-03-03T12:30:00+0530,03-03-2026,Brent,Brent Crude Oil Futures,ICE,60m,FRONT_MONTH_CONTINUOUS,BRN1!,RECONSTRUCTED_FROM_DAILY,See methodology_and_sources.md,81.87,81.87,81.87,81.87,0,USD,7114.82,7114.82,7114.23,7114.23,86.9,india_midday,none,ESTIMATED_FROM_DAILY_OHLC_USING_SESSION_HEURISTICS_NOT_REAL_INTRADAY_DATA
2026-03-03T13:30:00+0530,2026-03-03T13:30:00+0530,03-03-2026,Brent,Brent Crude Oil Futures,ICE,60m,FRONT_MONTH_CONTINUOUS,BRN1!,RECONSTRUCTED_FROM_DAILY,See methodology_and_sources.md,81.87,81.87,81.87,81.87,0,USD,7114.23,7114.77,7114.23,7114.77,86.9,india_midday,none,ESTIMATED_FROM_DAILY_OHLC_USING_SESSION_HEURISTICS_NOT_REAL_INTRADAY_DATA
2026-03-03T14:30:00+0530,2026-03-03T14:30:00+0530,03-03-2026,Brent,Brent Crude Oil Futures,ICE,60m,FRONT_MONTH_CONTINUOUS,BRN1!,RECONSTRUCTED_FROM_DAILY,See methodology_and_sources.md,81.87,81.87,81.86,81.86,0,USD,7114.77,7114.77,7113.75,7113.75,86.9,india_midday,none,ESTIMATED_FROM_DAILY_OHLC_USING_SESSION_HEURISTICS_NOT_REAL_INTRADAY_DATA
2026-03-03T15:30:00+0530,2026-03-03T15:30:00+0530,03-03-2026,Brent,Brent Crude Oil Futures,ICE,60m,FRONT_MONTH_CONTINUOUS,BRN1!,RECONSTRUCTED_FROM_DAILY,See methodology_and_sources.md,81.86,81.86,81.83,81.83,0,USD,7113.75,7113.75,7110.62,7110.62,86.9,europe_open,first_30m_after_europe_open,ESTIMATED_FROM_DAILY_OHLC_USING_SESSION_HEURISTICS_NOT_REAL_INTRADAY_DATA
2026-03-03T16:30:00+0530,2026-03-03T16:30:00+0530,03-03-2026,Brent,Brent Crude Oil Futures,ICE,60m,FRONT_MONTH_CONTINUOUS,BRN1!,RECONSTRUCTED_FROM_DAILY,See methodology_and_sources.md,81.83,81.83,81.83,81.83,0,USD,7110.62,7110.87,7110.62,7110.87,86.9,europe_open,none,ESTIMATED_FROM_DAILY_OHLC_USING_SESSION_HEURISTICS_NOT_REAL_INTRADAY_DATA
2026-03-03T17:30:00+0530,2026-03-03T17:30:00+0530,03-03-2026,Brent,Brent Crude Oil Futures,ICE,60m,FRONT_MONTH_CONTINUOUS,BRN1!,RECONSTRUCTED_FROM_DAILY,See methodology_and_sources.md,81.83,81.83,81.81,81.81,0,USD,7110.87,7110.87,7109.33,7109.33,86.9,europe_mid,none,ESTIMATED_FROM_DAILY_OHLC_USING_SESSION_HEURISTICS_NOT_REAL_INTRADAY_DATA
2026-03-03T18:30:00+0530,2026-03-03T18:30:00+0530,03-03-2026,Brent,Brent Crude Oil Futures,ICE,60m,FRONT_MONTH_CONTINUOUS,BRN1!,RECONSTRUCTED_FROM_DAILY,See methodology_and_sources.md,81.81,81.82,81.81,81.82,0,USD,7109.33,7110.31,7109.33,7110.31,86.9,europe_mid,none,ESTIMATED_FROM_DAILY_OHLC_USING_SESSION_HEURISTICS_NOT_REAL_INTRADAY_DATA
2026-03-03T19:30:00+0530,2026-03-03T19:30:00+0530,03-03-2026,Brent,Brent Crude Oil Futures,ICE,60m,FRONT_MONTH_CONTINUOUS,BRN1!,RECONSTRUCTED_FROM_DAILY,See methodology_and_sources.md,81.82,81.84,81.82,81.84,0,USD,7110.31,7111.57,7110.31,7111.57,86.9,europe_mid,none,ESTIMATED_FROM_DAILY_OHLC_USING_SESSION_HEURISTICS_NOT_REAL_INTRADAY_DATA
2026-03-03T20:30:00+0530,2026-03-03T20:30:00+0530,03-03-2026,Brent,Brent Crude Oil Futures,ICE,60m,FRONT_MONTH_CONTINUOUS,BRN1!,RECONSTRUCTED_FROM_DAILY,See methodology_and_sources.md,81.84,81.85,81.84,81.85,0,USD,7111.57,7112.36,7111.57,7112.36,86.9,us_pre_open,none,ESTIMATED_FROM_DAILY_OHLC_USING_SESSION_HEURISTICS_NOT_REAL_INTRADAY_DATA
2026-03-03T21:30:00+0530,2026-03-03T21:30:00+0530,03-03-2026,Brent,Brent Crude Oil Futures,ICE,60m,FRONT_MONTH_CONTINUOUS,BRN1!,RECONSTRUCTED_FROM_DAILY,See methodology_and_sources.md,81.85,81.88,81.85,81.88,0,USD,7112.36,7115.21,7112.36,7115.21,86.9,us_open,first_hour_after_us_open,ESTIMATED_FROM_DAILY_OHLC_USING_SESSION_HEURISTICS_NOT_REAL_INTRADAY_DATA
2026-03-03T22:30:00+0530,2026-03-03T22:30:00+0530,03-03-2026,Brent,Brent Crude Oil Futures,ICE,60m,FRONT_MONTH_CONTINUOUS,BRN1!,RECONSTRUCTED_FROM_DAILY,See methodology_and_sources.md,81.88,81.88,81.86,81.86,0,USD,7115.21,7115.21,7113.78,7113.78,86.9,us_open,final_hour_before_mcx_close,ESTIMATED_FROM_DAILY_OHLC_USING_SESSION_HEURISTICS_NOT_REAL_INTRADAY_DATA
2026-03-03T23:30:00+0530,2026-03-03T23:30:00+0530,03-03-2026,Brent,Brent Crude Oil Futures,ICE,60m,FRONT_MONTH_CONTINUOUS,BRN1!,RECONSTRUCTED_FROM_DAILY,See methodology_and_sources.md,81.86,82,81.86,82,0,USD,7113.78,7125.8,7113.78,7125.8,86.9,mcx_tail,none,ESTIMATED_FROM_DAILY_OHLC_USING_SESSION_HEURISTICS_NOT_REAL_INTRADAY_DATA
2026-03-04T00:30:00+0530,2026-03-04T00:30:00+0530,03-03-2026,Brent,Brent Crude Oil Futures,ICE,60m,FRONT_MONTH_CONTINUOUS,BRN1!,RECONSTRUCTED_FROM_DAILY,See methodology_and_sources.md,82,82,82,82,0,USD,7125.8,7125.8,7125.8,7125.8,86.9,other_valid_hours,none,ESTIMATED_FROM_DAILY_OHLC_USING_SESSION_HEURISTICS_NOT_REAL_INTRADAY_DATA
2026-03-04T03:30:00+0530,2026-03-04T03:30:00+0530,04-03-2026,Brent,Brent Crude Oil Futures,ICE,60m,FRONT_MONTH_CONTINUOUS,BRN1!,RECONSTRUCTED_FROM_DAILY,See methodology_and_sources.md,82.5,82.5,82.49,82.49,0,USD,7167.6,7167.6,7166.79,7166.79,86.88,global_reopen_pre_mcx,none,ESTIMATED_FROM_DAILY_OHLC_USING_SESSION_HEURISTICS_NOT_REAL_INTRADAY_DATA
2026-03-04T04:30:00+0530,2026-03-04T04:30:00+0530,04-03-2026,Brent,Brent Crude Oil Futures,ICE,60m,FRONT_MONTH_CONTINUOUS,BRN1!,RECONSTRUCTED_FROM_DAILY,See methodology_and_sources.md,82.49,82.5,82.49,82.5,0,USD,7166.79,7167.26,7166.79,7167.26,86.88,global_reopen_pre_mcx,none,ESTIMATED_FROM_DAILY_OHLC_USING_SESSION_HEURISTICS_NOT_REAL_INTRADAY_DATA
2026-03-04T05:30:00+0530,2026-03-04T05:30:00+0530,04-03-2026,Brent,Brent Crude Oil Futures,ICE,60m,FRONT_MONTH_CONTINUOUS,BRN1!,RECONSTRUCTED_FROM_DAILY,See methodology_and_sources.md,82.5,82.52,82.5,82.52,0,USD,7167.26,7169.13,7167.26,7169.13,86.88,global_reopen_pre_mcx,none,ESTIMATED_FROM_DAILY_OHLC_USING_SESSION_HEURISTICS_NOT_REAL_INTRADAY_DATA
2026-03-04T06:30:00+0530,2026-03-04T06:30:00+0530,04-03-2026,Brent,Brent Crude Oil Futures,ICE,60m,FRONT_MONTH_CONTINUOUS,BRN1!,RECONSTRUCTED_FROM_DAILY,See methodology_and_sources.md,82.52,82.52,82.52,82.52,0,USD,7169.13,7169.7,7169.13,7169.7,86.88,global_reopen_pre_mcx,none,ESTIMATED_FROM_DAILY_OHLC_USING_SESSION_HEURISTICS_NOT_REAL_INTRADAY_DATA
2026-03-04T07:30:00+0530,2026-03-04T07:30:00+0530,04-03-2026,Brent,Brent Crude Oil Futures,ICE,60m,FRONT_MONTH_CONTINUOUS,BRN1!,RECONSTRUCTED_FROM_DAILY,See methodology_and_sources.md,82.52,82.54,82.52,82.54,0,USD,7169.7,7170.7,7169.7,7170.7,86.88,global_reopen_pre_mcx,none,ESTIMATED_FROM_DAILY_OHLC_USING_SESSION_HEURISTICS_NOT_REAL_INTRADAY_DATA
2026-03-04T08:30:00+0530,2026-03-04T08:30:00+0530,04-03-2026,Brent,Brent Crude Oil Futures,ICE,60m,FRONT_MONTH_CONTINUOUS,BRN1!,RECONSTRUCTED_FROM_DAILY,See methodology_and_sources.md,82.54,82.54,82.54,82.54,0,USD,7170.7,7170.96,7170.7,7170.96,86.88,global_reopen_pre_mcx,none,ESTIMATED_FROM_DAILY_OHLC_USING_SESSION_HEURISTICS_NOT_REAL_INTRADAY_DATA
2026-03-04T09:30:00+0530,2026-03-04T09:30:00+0530,04-03-2026,Brent,Brent Crude Oil Futures,ICE,60m,FRONT_MONTH_CONTINUOUS,BRN1!,RECONSTRUCTED_FROM_DAILY,See methodology_and_sources.md,82.54,82.54,82.53,82.53,0,USD,7170.96,7170.96,7170.12,7170.12,86.88,mcx_open_drive,none,ESTIMATED_FROM_DAILY_OHLC_USING_SESSION_HEURISTICS_NOT_REAL_INTRADAY_DATA
2026-03-04T10:30:00+0530,2026-03-04T10:30:00+0530,04-03-2026,Brent,Brent Crude Oil Futures,ICE,60m,FRONT_MONTH_CONTINUOUS,BRN1!,RECONSTRUCTED_FROM_DAILY,See methodology_and_sources.md,82.53,82.53,82.52,82.52,0,USD,7170.12,7170.12,7169.12,7169.12,86.88,india_morning,none,ESTIMATED_FROM_DAILY_OHLC_USING_SESSION_HEURISTICS_NOT_REAL_INTRADAY_DATA
2026-03-04T11:30:00+0530,2026-03-04T11:30:00+0530,04-03-2026,Brent,Brent Crude Oil Futures,ICE,60m,FRONT_MONTH_CONTINUOUS,BRN1!,RECONSTRUCTED_FROM_DAILY,See methodology_and_sources.md,82.52,82.52,82.52,82.52,0,USD,7169.12,7169.59,7169.12,7169.59,86.88,india_morning,none,ESTIMATED_FROM_DAILY_OHLC_USING_SESSION_HEURISTICS_NOT_REAL_INTRADAY_DATA
2026-03-04T12:30:00+0530,2026-03-04T12:30:00+0530,04-03-2026,Brent,Brent Crude Oil Futures,ICE,60m,FRONT_MONTH_CONTINUOUS,BRN1!,RECONSTRUCTED_FROM_DAILY,See methodology_and_sources.md,82.52,82.57,82.52,82.57,0,USD,7169.59,7173.48,7169.59,7173.48,86.88,india_midday,none,ESTIMATED_FROM_DAILY_OHLC_USING_SESSION_HEURISTICS_NOT_REAL_INTRADAY_DATA
2026-03-04T13:30:00+0530,2026-03-04T13:30:00+0530,04-03-2026,Brent,Brent Crude Oil Futures,ICE,60m,FRONT_MONTH_CONTINUOUS,BRN1!,RECONSTRUCTED_FROM_DAILY,See methodology_and_sources.md,82.57,82.57,82.55,82.55,0,USD,7173.48,7173.48,7172.24,7172.24,86.88,india_midday,none,ESTIMATED_FROM_DAILY_OHLC_USING_SESSION_HEURISTICS_NOT_REAL_INTRADAY_DATA
2026-03-04T14:30:00+0530,2026-03-04T14:30:00+0530,04-03-2026,Brent,Brent Crude Oil Futures,ICE,60m,FRONT_MONTH_CONTINUOUS,BRN1!,RECONSTRUCTED_FROM_DAILY,See methodology_and_sources.md,82.55,82.57,82.55,82.57,0,USD,7172.24,7173.96,7172.24,7173.96,86.88,india_midday,none,ESTIMATED_FROM_DAILY_OHLC_USING_SESSION_HEURISTICS_NOT_REAL_INTRADAY_DATA
2026-03-04T15:30:00+0530,2026-03-04T15:30:00+0530,04-03-2026,Brent,Brent Crude Oil Futures,ICE,60m,FRONT_MONTH_CONTINUOUS,BRN1!,RECONSTRUCTED_FROM_DAILY,See methodology_and_sources.md,82.57,82.58,82.57,82.58,0,USD,7173.96,7174.12,7173.96,7174.12,86.88,europe_open,first_30m_after_europe_open,ESTIMATED_FROM_DAILY_OHLC_USING_SESSION_HEURISTICS_NOT_REAL_INTRADAY_DATA
2026-03-04T16:30:00+0530,2026-03-04T16:30:00+0530,04-03-2026,Brent,Brent Crude Oil Futures,ICE,60m,FRONT_MONTH_CONTINUOUS,BRN1!,RECONSTRUCTED_FROM_DAILY,See methodology_and_sources.md,82.58,82.58,82.56,82.56,0,USD,7174.12,7174.12,7173.04,7173.04,86.88,europe_open,none,ESTIMATED_FROM_DAILY_OHLC_USING_SESSION_HEURISTICS_NOT_REAL_INTRADAY_DATA
2026-03-04T17:30:00+0530,2026-03-04T17:30:00+0530,04-03-2026,Brent,Brent Crude Oil Futures,ICE,60m,FRONT_MONTH_CONTINUOUS,BRN1!,RECONSTRUCTED_FROM_DAILY,See methodology_and_sources.md,82.56,82.56,82.55,82.55,0,USD,7173.04,7173.04,7171.74,7171.74,86.88,europe_mid,none,ESTIMATED_FROM_DAILY_OHLC_USING_SESSION_HEURISTICS_NOT_REAL_INTRADAY_DATA
2026-03-04T18:30:00+0530,2026-03-04T18:30:00+0530,04-03-2026,Brent,Brent Crude Oil Futures,ICE,60m,FRONT_MONTH_CONTINUOUS,BRN1!,RECONSTRUCTED_FROM_DAILY,See methodology_and_sources.md,82.55,82.55,82.55,82.55,0,USD,7171.74,7172,7171.74,7172,86.88,europe_mid,none,ESTIMATED_FROM_DAILY_OHLC_USING_SESSION_HEURISTICS_NOT_REAL_INTRADAY_DATA
2026-03-04T19:30:00+0530,2026-03-04T19:30:00+0530,04-03-2026,Brent,Brent Crude Oil Futures,ICE,60m,FRONT_MONTH_CONTINUOUS,BRN1!,RECONSTRUCTED_FROM_DAILY,See methodology_and_sources.md,82.55,82.55,82.53,82.53,0,USD,7172,7172,7170.45,7170.45,86.88,europe_mid,none,ESTIMATED_FROM_DAILY_OHLC_USING_SESSION_HEURISTICS_NOT_REAL_INTRADAY_DATA
2026-03-04T20:30:00+0530,2026-03-04T20:30:00+0530,04-03-2026,Brent,Brent Crude Oil Futures,ICE,60m,FRONT_MONTH_CONTINUOUS,BRN1!,RECONSTRUCTED_FROM_DAILY,See methodology_and_sources.md,82.53,82.53,82.53,82.53,0,USD,7170.45,7170.45,7169.83,7169.83,86.88,us_pre_open,none,ESTIMATED_FROM_DAILY_OHLC_USING_SESSION_HEURISTICS_NOT_REAL_INTRADAY_DATA
2026-03-04T21:30:00+0530,2026-03-04T21:30:00+0530,04-03-2026,Brent,Brent Crude Oil Futures,ICE,60m,FRONT_MONTH_CONTINUOUS,BRN1!,RECONSTRUCTED_FROM_DAILY,See methodology_and_sources.md,82.53,82.53,82.5,82.5,0,USD,7169.83,7169.83,7167.31,7167.31,86.88,us_open,first_hour_after_us_open,ESTIMATED_FROM_DAILY_OHLC_USING_SESSION_HEURISTICS_NOT_REAL_INTRADAY_DATA
2026-03-04T22:30:00+0530,2026-03-04T22:30:00+0530,04-03-2026,Brent,Brent Crude Oil Futures,ICE,60m,FRONT_MONTH_CONTINUOUS,BRN1!,RECONSTRUCTED_FROM_DAILY,See methodology_and_sources.md,82.5,82.5,82.45,82.45,0,USD,7167.31,7167.31,7163.53,7163.53,86.88,us_open,final_hour_before_mcx_close,ESTIMATED_FROM_DAILY_OHLC_USING_SESSION_HEURISTICS_NOT_REAL_INTRADAY_DATA
2026-03-04T23:30:00+0530,2026-03-04T23:30:00+0530,04-03-2026,Brent,Brent Crude Oil Futures,ICE,60m,FRONT_MONTH_CONTINUOUS,BRN1!,RECONSTRUCTED_FROM_DAILY,See methodology_and_sources.md,82.45,84,82.45,84,0,USD,7163.53,7297.92,7163.53,7297.92,86.88,mcx_tail,none,ESTIMATED_FROM_DAILY_OHLC_USING_SESSION_HEURISTICS_NOT_REAL_INTRADAY_DATA
2026-03-05T00:30:00+0530,2026-03-05T00:30:00+0530,04-03-2026,Brent,Brent Crude Oil Futures,ICE,60m,FRONT_MONTH_CONTINUOUS,BRN1!,RECONSTRUCTED_FROM_DAILY,See methodology_and_sources.md,84,84,84,84,0,USD,7297.92,7297.92,7297.92,7297.92,86.88,other_valid_hours,none,ESTIMATED_FROM_DAILY_OHLC_USING_SESSION_HEURISTICS_NOT_REAL_INTRADAY_DATA
2026-03-05T03:30:00+0530,2026-03-05T03:30:00+0530,05-03-2026,Brent,Brent Crude Oil Futures,ICE,60m,FRONT_MONTH_CONTINUOUS,BRN1!,RECONSTRUCTED_FROM_DAILY,See methodology_and_sources.md,84,84.04,84,84.04,0,USD,7301.28,7304.63,7301.28,7304.63,86.92,global_reopen_pre_mcx,none,ESTIMATED_FROM_DAILY_OHLC_USING_SESSION_HEURISTICS_NOT_REAL_INTRADAY_DATA
2026-03-05T04:30:00+0530,2026-03-05T04:30:00+0530,05-03-2026,Brent,Brent Crude Oil Futures,ICE,60m,FRONT_MONTH_CONTINUOUS,BRN1!,RECONSTRUCTED_FROM_DAILY,See methodology_and_sources.md,84.04,84.04,84.02,84.02,0,USD,7304.63,7304.63,7302.84,7302.84,86.92,global_reopen_pre_mcx,none,ESTIMATED_FROM_DAILY_OHLC_USING_SESSION_HEURISTICS_NOT_REAL_INTRADAY_DATA
2026-03-05T05:30:00+0530,2026-03-05T05:30:00+0530,05-03-2026,Brent,Brent Crude Oil Futures,ICE,60m,FRONT_MONTH_CONTINUOUS,BRN1!,RECONSTRUCTED_FROM_DAILY,See methodology_and_sources.md,84.02,84.02,84.02,84.02,0,USD,7302.84,7303.17,7302.84,7303.17,86.92,global_reopen_pre_mcx,none,ESTIMATED_FROM_DAILY_OHLC_USING_SESSION_HEURISTICS_NOT_REAL_INTRADAY_DATA
2026-03-05T06:30:00+0530,2026-03-05T06:30:00+0530,05-03-2026,Brent,Brent Crude Oil Futures,ICE,60m,FRONT_MONTH_CONTINUOUS,BRN1!,RECONSTRUCTED_FROM_DAILY,See methodology_and_sources.md,84.02,84.02,84.02,84.02,0,USD,7303.17,7303.17,7302.75,7302.75,86.92,global_reopen_pre_mcx,none,ESTIMATED_FROM_DAILY_OHLC_USING_SESSION_HEURISTICS_NOT_REAL_INTRADAY_DATA
2026-03-05T07:30:00+0530,2026-03-05T07:30:00+0530,05-03-2026,Brent,Brent Crude Oil Futures,ICE,60m,FRONT_MONTH_CONTINUOUS,BRN1!,RECONSTRUCTED_FROM_DAILY,See methodology_and_sources.md,84.02,84.02,84.02,84.02,0,USD,7302.75,7302.75,7302.63,7302.63,86.92,global_reopen_pre_mcx,none,ESTIMATED_FROM_DAILY_OHLC_USING_SESSION_HEURISTICS_NOT_REAL_INTRADAY_DATA
2026-03-05T08:30:00+0530,2026-03-05T08:30:00+0530,05-03-2026,Brent,Brent Crude Oil Futures,ICE,60m,FRONT_MONTH_CONTINUOUS,BRN1!,RECONSTRUCTED_FROM_DAILY,See methodology_and_sources.md,84.02,84.06,84.02,84.06,0,USD,7302.63,7306.14,7302.63,7306.14,86.92,global_reopen_pre_mcx,none,ESTIMATED_FROM_DAILY_OHLC_USING_SESSION_HEURISTICS_NOT_REAL_INTRADAY_DATA
2026-03-05T09:30:00+0530,2026-03-05T09:30:00+0530,05-03-2026,Brent,Brent Crude Oil Futures,ICE,60m,FRONT_MONTH_CONTINUOUS,BRN1!,RECONSTRUCTED_FROM_DAILY,See methodology_and_sources.md,84.06,84.06,84.05,84.05,0,USD,7306.14,7306.14,7305.66,7305.66,86.92,mcx_open_drive,none,ESTIMATED_FROM_DAILY_OHLC_USING_SESSION_HEURISTICS_NOT_REAL_INTRADAY_DATA
2026-03-05T10:30:00+0530,2026-03-05T10:30:00+0530,05-03-2026,Brent,Brent Crude Oil Futures,ICE,60m,FRONT_MONTH_CONTINUOUS,BRN1!,RECONSTRUCTED_FROM_DAILY,See methodology_and_sources.md,84.05,84.06,84.05,84.06,0,USD,7305.66,7306.08,7305.66,7306.08,86.92,india_morning,none,ESTIMATED_FROM_DAILY_OHLC_USING_SESSION_HEURISTICS_NOT_REAL_INTRADAY_DATA
2026-03-05T11:30:00+0530,2026-03-05T11:30:00+0530,05-03-2026,Brent,Brent Crude Oil Futures,ICE,60m,FRONT_MONTH_CONTINUOUS,BRN1!,RECONSTRUCTED_FROM_DAILY,See methodology_and_sources.md,84.06,84.06,84.04,84.04,0,USD,7306.08,7306.08,7305,7305,86.92,india_morning,none,ESTIMATED_FROM_DAILY_OHLC_USING_SESSION_HEURISTICS_NOT_REAL_INTRADAY_DATA
2026-03-05T12:30:00+0530,2026-03-05T12:30:00+0530,05-03-2026,Brent,Brent Crude Oil Futures,ICE,60m,FRONT_MONTH_CONTINUOUS,BRN1!,RECONSTRUCTED_FROM_DAILY,See methodology_and_sources.md,84.04,84.06,84.04,84.06,0,USD,7305,7306.3,7305,7306.3,86.92,india_midday,none,ESTIMATED_FROM_DAILY_OHLC_USING_SESSION_HEURISTICS_NOT_REAL_INTRADAY_DATA
2026-03-05T13:30:00+0530,2026-03-05T13:30:00+0530,05-03-2026,Brent,Brent Crude Oil Futures,ICE,60m,FRONT_MONTH_CONTINUOUS,BRN1!,RECONSTRUCTED_FROM_DAILY,See methodology_and_sources.md,84.06,84.08,84.06,84.08,0,USD,7306.3,7308.5,7306.3,7308.5,86.92,india_midday,none,ESTIMATED_FROM_DAILY_OHLC_USING_SESSION_HEURISTICS_NOT_REAL_INTRADAY_DATA
2026-03-05T14:30:00+0530,2026-03-05T14:30:00+0530,05-03-2026,Brent,Brent Crude Oil Futures,ICE,60m,FRONT_MONTH_CONTINUOUS,BRN1!,RECONSTRUCTED_FROM_DAILY,See methodology_and_sources.md,84.08,84.09,84.08,84.09,0,USD,7308.5,7309.37,7308.5,7309.37,86.92,india_midday,none,ESTIMATED_FROM_DAILY_OHLC_USING_SESSION_HEURISTICS_NOT_REAL_INTRADAY_DATA
2026-03-05T15:30:00+0530,2026-03-05T15:30:00+0530,05-03-2026,Brent,Brent Crude Oil Futures,ICE,60m,FRONT_MONTH_CONTINUOUS,BRN1!,RECONSTRUCTED_FROM_DAILY,See methodology_and_sources.md,84.09,84.09,84.09,84.09,0,USD,7309.37,7309.37,7308.83,7308.83,86.92,europe_open,first_30m_after_europe_open,ESTIMATED_FROM_DAILY_OHLC_USING_SESSION_HEURISTICS_NOT_REAL_INTRADAY_DATA
2026-03-05T16:30:00+0530,2026-03-05T16:30:00+0530,05-03-2026,Brent,Brent Crude Oil Futures,ICE,60m,FRONT_MONTH_CONTINUOUS,BRN1!,RECONSTRUCTED_FROM_DAILY,See methodology_and_sources.md,84.09,84.1,84.09,84.1,0,USD,7308.83,7310.21,7308.83,7310.21,86.92,europe_open,none,ESTIMATED_FROM_DAILY_OHLC_USING_SESSION_HEURISTICS_NOT_REAL_INTRADAY_DATA
2026-03-05T17:30:00+0530,2026-03-05T17:30:00+0530,05-03-2026,Brent,Brent Crude Oil Futures,ICE,60m,FRONT_MONTH_CONTINUOUS,BRN1!,RECONSTRUCTED_FROM_DAILY,See methodology_and_sources.md,84.1,84.12,84.1,84.12,0,USD,7310.21,7311.68,7310.21,7311.68,86.92,europe_mid,none,ESTIMATED_FROM_DAILY_OHLC_USING_SESSION_HEURISTICS_NOT_REAL_INTRADAY_DATA
2026-03-05T18:30:00+0530,2026-03-05T18:30:00+0530,05-03-2026,Brent,Brent Crude Oil Futures,ICE,60m,FRONT_MONTH_CONTINUOUS,BRN1!,RECONSTRUCTED_FROM_DAILY,See methodology_and_sources.md,84.12,84.12,84.11,84.11,0,USD,7311.68,7311.68,7310.85,7310.85,86.92,europe_mid,none,ESTIMATED_FROM_DAILY_OHLC_USING_SESSION_HEURISTICS_NOT_REAL_INTRADAY_DATA
2026-03-05T19:30:00+0530,2026-03-05T19:30:00+0530,05-03-2026,Brent,Brent Crude Oil Futures,ICE,60m,FRONT_MONTH_CONTINUOUS,BRN1!,RECONSTRUCTED_FROM_DAILY,See methodology_and_sources.md,84.11,84.11,84.1,84.1,0,USD,7310.85,7310.85,7310.22,7310.22,86.92,europe_mid,none,ESTIMATED_FROM_DAILY_OHLC_USING_SESSION_HEURISTICS_NOT_REAL_INTRADAY_DATA
2026-03-05T20:30:00+0530,2026-03-05T20:30:00+0530,05-03-2026,Brent,Brent Crude Oil Futures,ICE,60m,FRONT_MONTH_CONTINUOUS,BRN1!,RECONSTRUCTED_FROM_DAILY,See methodology_and_sources.md,84.1,84.13,84.1,84.13,0,USD,7310.22,7312.73,7310.22,7312.73,86.92,us_pre_open,none,ESTIMATED_FROM_DAILY_OHLC_USING_SESSION_HEURISTICS_NOT_REAL_INTRADAY_DATA
2026-03-05T21:30:00+0530,2026-03-05T21:30:00+0530,05-03-2026,Brent,Brent Crude Oil Futures,ICE,60m,FRONT_MONTH_CONTINUOUS,BRN1!,RECONSTRUCTED_FROM_DAILY,See methodology_and_sources.md,84.13,84.15,84.13,84.15,0,USD,7312.73,7313.98,7312.73,7313.98,86.92,us_open,first_hour_after_us_open,ESTIMATED_FROM_DAILY_OHLC_USING_SESSION_HEURISTICS_NOT_REAL_INTRADAY_DATA
2026-03-05T22:30:00+0530,2026-03-05T22:30:00+0530,05-03-2026,Brent,Brent Crude Oil Futures,ICE,60m,FRONT_MONTH_CONTINUOUS,BRN1!,RECONSTRUCTED_FROM_DAILY,See methodology_and_sources.md,84.15,84.15,84.14,84.14,0,USD,7313.98,7313.98,7313.79,7313.79,86.92,us_open,final_hour_before_mcx_close,ESTIMATED_FROM_DAILY_OHLC_USING_SESSION_HEURISTICS_NOT_REAL_INTRADAY_DATA
2026-03-05T23:30:00+0530,2026-03-05T23:30:00+0530,05-03-2026,Brent,Brent Crude Oil Futures,ICE,60m,FRONT_MONTH_CONTINUOUS,BRN1!,RECONSTRUCTED_FROM_DAILY,See methodology_and_sources.md,84.14,84.14,82,82,0,USD,7313.79,7313.79,7127.44,7127.44,86.92,mcx_tail,none,ESTIMATED_FROM_DAILY_OHLC_USING_SESSION_HEURISTICS_NOT_REAL_INTRADAY_DATA
2026-03-06T00:30:00+0530,2026-03-06T00:30:00+0530,05-03-2026,Brent,Brent Crude Oil Futures,ICE,60m,FRONT_MONTH_CONTINUOUS,BRN1!,RECONSTRUCTED_FROM_DAILY,See methodology_and_sources.md,82,82,82,82,0,USD,7127.44,7127.44,7127.44,7127.44,86.92,other_valid_hours,none,ESTIMATED_FROM_DAILY_OHLC_USING_SESSION_HEURISTICS_NOT_REAL_INTRADAY_DATA
2026-03-06T03:30:00+0530,2026-03-06T03:30:00+0530,06-03-2026,Brent,Brent Crude Oil Futures,ICE,60m,FRONT_MONTH_CONTINUOUS,BRN1!,RECONSTRUCTED_FROM_DAILY,See methodology_and_sources.md,82,82.03,82,82.03,0,USD,7129.9,7132.21,7129.9,7132.21,86.95,global_reopen_pre_mcx,none,ESTIMATED_FROM_DAILY_OHLC_USING_SESSION_HEURISTICS_NOT_REAL_INTRADAY_DATA
2026-03-06T04:30:00+0530,2026-03-06T04:30:00+0530,06-03-2026,Brent,Brent Crude Oil Futures,ICE,60m,FRONT_MONTH_CONTINUOUS,BRN1!,RECONSTRUCTED_FROM_DAILY,See methodology_and_sources.md,82.03,82.04,82.03,82.04,0,USD,7132.21,7133.02,7132.21,7133.02,86.95,global_reopen_pre_mcx,none,ESTIMATED_FROM_DAILY_OHLC_USING_SESSION_HEURISTICS_NOT_REAL_INTRADAY_DATA
2026-03-06T05:30:00+0530,2026-03-06T05:30:00+0530,06-03-2026,Brent,Brent Crude Oil Futures,ICE,60m,FRONT_MONTH_CONTINUOUS,BRN1!,RECONSTRUCTED_FROM_DAILY,See methodology_and_sources.md,82.04,82.04,82.03,82.03,0,USD,7133.02,7133.02,7132.75,7132.75,86.95,global_reopen_pre_mcx,none,ESTIMATED_FROM_DAILY_OHLC_USING_SESSION_HEURISTICS_NOT_REAL_INTRADAY_DATA
2026-03-06T06:30:00+0530,2026-03-06T06:30:00+0530,06-03-2026,Brent,Brent Crude Oil Futures,ICE,60m,FRONT_MONTH_CONTINUOUS,BRN1!,RECONSTRUCTED_FROM_DAILY,See methodology_and_sources.md,82.03,82.03,82.02,82.02,0,USD,7132.75,7132.75,7131.36,7131.36,86.95,global_reopen_pre_mcx,none,ESTIMATED_FROM_DAILY_OHLC_USING_SESSION_HEURISTICS_NOT_REAL_INTRADAY_DATA
2026-03-06T07:30:00+0530,2026-03-06T07:30:00+0530,06-03-2026,Brent,Brent Crude Oil Futures,ICE,60m,FRONT_MONTH_CONTINUOUS,BRN1!,RECONSTRUCTED_FROM_DAILY,See methodology_and_sources.md,82.02,82.02,82.02,82.02,0,USD,7131.36,7132.06,7131.36,7132.06,86.95,global_reopen_pre_mcx,none,ESTIMATED_FROM_DAILY_OHLC_USING_SESSION_HEURISTICS_NOT_REAL_INTRADAY_DATA
2026-03-06T08:30:00+0530,2026-03-06T08:30:00+0530,06-03-2026,Brent,Brent Crude Oil Futures,ICE,60m,FRONT_MONTH_CONTINUOUS,BRN1!,RECONSTRUCTED_FROM_DAILY,See methodology_and_sources.md,82.02,82.04,82.02,82.04,0,USD,7132.06,7133.09,7132.06,7133.09,86.95,global_reopen_pre_mcx,none,ESTIMATED_FROM_DAILY_OHLC_USING_SESSION_HEURISTICS_NOT_REAL_INTRADAY_DATA
2026-03-06T09:30:00+0530,2026-03-06T09:30:00+0530,06-03-2026,Brent,Brent Crude Oil Futures,ICE,60m,FRONT_MONTH_CONTINUOUS,BRN1!,RECONSTRUCTED_FROM_DAILY,See methodology_and_sources.md,82.04,82.04,82.03,82.03,0,USD,7133.09,7133.09,7132.41,7132.41,86.95,mcx_open_drive,none,ESTIMATED_FROM_DAILY_OHLC_USING_SESSION_HEURISTICS_NOT_REAL_INTRADAY_DATA
2026-03-06T10:30:00+0530,2026-03-06T10:30:00+0530,06-03-2026,Brent,Brent Crude Oil Futures,ICE,60m,FRONT_MONTH_CONTINUOUS,BRN1!,RECONSTRUCTED_FROM_DAILY,See methodology_and_sources.md,82.03,82.04,82.03,82.04,0,USD,7132.41,7133.76,7132.41,7133.76,86.95,india_morning,none,ESTIMATED_FROM_DAILY_OHLC_USING_SESSION_HEURISTICS_NOT_REAL_INTRADAY_DATA
2026-03-06T11:30:00+0530,2026-03-06T11:30:00+0530,06-03-2026,Brent,Brent Crude Oil Futures,ICE,60m,FRONT_MONTH_CONTINUOUS,BRN1!,RECONSTRUCTED_FROM_DAILY,See methodology_and_sources.md,82.04,82.05,82.04,82.05,0,USD,7133.76,7134.12,7133.76,7134.12,86.95,india_morning,none,ESTIMATED_FROM_DAILY_OHLC_USING_SESSION_HEURISTICS_NOT_REAL_INTRADAY_DATA
2026-03-06T12:30:00+0530,2026-03-06T12:30:00+0530,06-03-2026,Brent,Brent Crude Oil Futures,ICE,60m,FRONT_MONTH_CONTINUOUS,BRN1!,RECONSTRUCTED_FROM_DAILY,See methodology_and_sources.md,82.05,82.07,82.05,82.07,0,USD,7134.12,7136.06,7134.12,7136.06,86.95,india_midday,none,ESTIMATED_FROM_DAILY_OHLC_USING_SESSION_HEURISTICS_NOT_REAL_INTRADAY_DATA
2026-03-06T13:30:00+0530,2026-03-06T13:30:00+0530,06-03-2026,Brent,Brent Crude Oil Futures,ICE,60m,FRONT_MONTH_CONTINUOUS,BRN1!,RECONSTRUCTED_FROM_DAILY,See methodology_and_sources.md,82.07,82.07,82.07,82.07,0,USD,7136.06,7136.32,7136.06,7136.32,86.95,india_midday,none,ESTIMATED_FROM_DAILY_OHLC_USING_SESSION_HEURISTICS_NOT_REAL_INTRADAY_DATA
2026-03-06T14:30:00+0530,2026-03-06T14:30:00+0530,06-03-2026,Brent,Brent Crude Oil Futures,ICE,60m,FRONT_MONTH_CONTINUOUS,BRN1!,RECONSTRUCTED_FROM_DAILY,See methodology_and_sources.md,82.07,82.07,82.06,82.06,0,USD,7136.32,7136.32,7134.94,7134.94,86.95,india_midday,none,ESTIMATED_FROM_DAILY_OHLC_USING_SESSION_HEURISTICS_NOT_REAL_INTRADAY_DATA
2026-03-06T15:30:00+0530,2026-03-06T15:30:00+0530,06-03-2026,Brent,Brent Crude Oil Futures,ICE,60m,FRONT_MONTH_CONTINUOUS,BRN1!,RECONSTRUCTED_FROM_DAILY,See methodology_and_sources.md,82.06,82.07,82.06,82.07,0,USD,7134.94,7136.18,7134.94,7136.18,86.95,europe_open,first_30m_after_europe_open,ESTIMATED_FROM_DAILY_OHLC_USING_SESSION_HEURISTICS_NOT_REAL_INTRADAY_DATA
2026-03-06T16:30:00+0530,2026-03-06T16:30:00+0530,06-03-2026,Brent,Brent Crude Oil Futures,ICE,60m,FRONT_MONTH_CONTINUOUS,BRN1!,RECONSTRUCTED_FROM_DAILY,See methodology_and_sources.md,82.07,82.07,82.05,82.05,0,USD,7136.18,7136.18,7133.98,7133.98,86.95,europe_open,none,ESTIMATED_FROM_DAILY_OHLC_USING_SESSION_HEURISTICS_NOT_REAL_INTRADAY_DATA
2026-03-06T17:30:00+0530,2026-03-06T17:30:00+0530,06-03-2026,Brent,Brent Crude Oil Futures,ICE,60m,FRONT_MONTH_CONTINUOUS,BRN1!,RECONSTRUCTED_FROM_DAILY,See methodology_and_sources.md,82.05,82.06,82.05,82.06,0,USD,7133.98,7135.25,7133.98,7135.25,86.95,europe_mid,none,ESTIMATED_FROM_DAILY_OHLC_USING_SESSION_HEURISTICS_NOT_REAL_INTRADAY_DATA
2026-03-06T18:30:00+0530,2026-03-06T18:30:00+0530,06-03-2026,Brent,Brent Crude Oil Futures,ICE,60m,FRONT_MONTH_CONTINUOUS,BRN1!,RECONSTRUCTED_FROM_DAILY,See methodology_and_sources.md,82.06,82.08,82.06,82.08,0,USD,7135.25,7136.51,7135.25,7136.51,86.95,europe_mid,none,ESTIMATED_FROM_DAILY_OHLC_USING_SESSION_HEURISTICS_NOT_REAL_INTRADAY_DATA
2026-03-06T19:30:00+0530,2026-03-06T19:30:00+0530,06-03-2026,Brent,Brent Crude Oil Futures,ICE,60m,FRONT_MONTH_CONTINUOUS,BRN1!,RECONSTRUCTED_FROM_DAILY,See methodology_and_sources.md,82.08,82.08,82.05,82.05,0,USD,7136.51,7136.51,7134.62,7134.62,86.95,europe_mid,none,ESTIMATED_FROM_DAILY_OHLC_USING_SESSION_HEURISTICS_NOT_REAL_INTRADAY_DATA
2026-03-06T20:30:00+0530,2026-03-06T20:30:00+0530,06-03-2026,Brent,Brent Crude Oil Futures,ICE,60m,FRONT_MONTH_CONTINUOUS,BRN1!,RECONSTRUCTED_FROM_DAILY,See methodology_and_sources.md,82.05,82.05,82.04,82.04,0,USD,7134.62,7134.62,7133.79,7133.79,86.95,us_pre_open,none,ESTIMATED_FROM_DAILY_OHLC_USING_SESSION_HEURISTICS_NOT_REAL_INTRADAY_DATA
2026-03-06T21:30:00+0530,2026-03-06T21:30:00+0530,06-03-2026,Brent,Brent Crude Oil Futures,ICE,60m,FRONT_MONTH_CONTINUOUS,BRN1!,RECONSTRUCTED_FROM_DAILY,See methodology_and_sources.md,82.04,82.04,82.04,82.04,0,USD,7133.79,7133.79,7133.32,7133.32,86.95,us_open,first_hour_after_us_open,ESTIMATED_FROM_DAILY_OHLC_USING_SESSION_HEURISTICS_NOT_REAL_INTRADAY_DATA
2026-03-06T22:30:00+0530,2026-03-06T22:30:00+0530,06-03-2026,Brent,Brent Crude Oil Futures,ICE,60m,FRONT_MONTH_CONTINUOUS,BRN1!,RECONSTRUCTED_FROM_DAILY,See methodology_and_sources.md,82.04,82.06,82.04,82.06,0,USD,7133.32,7134.91,7133.32,7134.91,86.95,us_open,final_hour_before_mcx_close,ESTIMATED_FROM_DAILY_OHLC_USING_SESSION_HEURISTICS_NOT_REAL_INTRADAY_DATA
2026-03-06T23:30:00+0530,2026-03-06T23:30:00+0530,06-03-2026,Brent,Brent Crude Oil Futures,ICE,60m,FRONT_MONTH_CONTINUOUS,BRN1!,RECONSTRUCTED_FROM_DAILY,See methodology_and_sources.md,82.06,83,82.06,83,0,USD,7134.91,7216.85,7134.91,7216.85,86.95,mcx_tail,none,ESTIMATED_FROM_DAILY_OHLC_USING_SESSION_HEURISTICS_NOT_REAL_INTRADAY_DATA
2026-03-07T00:30:00+0530,2026-03-07T00:30:00+0530,06-03-2026,Brent,Brent Crude Oil Futures,ICE,60m,FRONT_MONTH_CONTINUOUS,BRN1!,RECONSTRUCTED_FROM_DAILY,See methodology_and_sources.md,83,83,83,83,0,USD,7216.85,7216.85,7216.85,7216.85,86.95,other_valid_hours,none,ESTIMATED_FROM_DAILY_OHLC_USING_SESSION_HEURISTICS_NOT_REAL_INTRADAY_DATA
2026-03-09T03:30:00+0530,2026-03-09T03:30:00+0530,09-03-2026,Brent,Brent Crude Oil Futures,ICE,60m,FRONT_MONTH_CONTINUOUS,BRN1!,RECONSTRUCTED_FROM_DAILY,See methodology_and_sources.md,88,88,87.94,87.94,0,USD,7664.8,7664.8,7659.87,7659.87,87.1,global_reopen_pre_mcx,none,ESTIMATED_FROM_DAILY_OHLC_USING_SESSION_HEURISTICS_NOT_REAL_INTRADAY_DATA
2026-03-09T04:30:00+0530,2026-03-09T04:30:00+0530,09-03-2026,Brent,Brent Crude Oil Futures,ICE,60m,FRONT_MONTH_CONTINUOUS,BRN1!,RECONSTRUCTED_FROM_DAILY,See methodology_and_sources.md,87.94,88.18,87.94,88.18,0,USD,7659.87,7680.56,7659.87,7680.56,87.1,global_reopen_pre_mcx,none,ESTIMATED_FROM_DAILY_OHLC_USING_SESSION_HEURISTICS_NOT_REAL_INTRADAY_DATA
2026-03-09T05:30:00+0530,2026-03-09T05:30:00+0530,09-03-2026,Brent,Brent Crude Oil Futures,ICE,60m,FRONT_MONTH_CONTINUOUS,BRN1!,RECONSTRUCTED_FROM_DAILY,See methodology_and_sources.md,88.18,88.25,88.18,88.25,0,USD,7680.56,7686.9,7680.56,7686.9,87.1,global_reopen_pre_mcx,none,ESTIMATED_FROM_DAILY_OHLC_USING_SESSION_HEURISTICS_NOT_REAL_INTRADAY_DATA
2026-03-09T06:30:00+0530,2026-03-09T06:30:00+0530,09-03-2026,Brent,Brent Crude Oil Futures,ICE,60m,FRONT_MONTH_CONTINUOUS,BRN1!,RECONSTRUCTED_FROM_DAILY,See methodology_and_sources.md,88.25,88.25,88.19,88.19,0,USD,7686.9,7686.9,7681.59,7681.59,87.1,global_reopen_pre_mcx,none,ESTIMATED_FROM_DAILY_OHLC_USING_SESSION_HEURISTICS_NOT_REAL_INTRADAY_DATA
2026-03-09T07:30:00+0530,2026-03-09T07:30:00+0530,09-03-2026,Brent,Brent Crude Oil Futures,ICE,60m,FRONT_MONTH_CONTINUOUS,BRN1!,RECONSTRUCTED_FROM_DAILY,See methodology_and_sources.md,88.19,88.19,88.03,88.03,0,USD,7681.59,7681.59,7667.7,7667.7,87.1,global_reopen_pre_mcx,none,ESTIMATED_FROM_DAILY_OHLC_USING_SESSION_HEURISTICS_NOT_REAL_INTRADAY_DATA
2026-03-09T08:30:00+0530,2026-03-09T08:30:00+0530,09-03-2026,Brent,Brent Crude Oil Futures,ICE,60m,FRONT_MONTH_CONTINUOUS,BRN1!,RECONSTRUCTED_FROM_DAILY,See methodology_and_sources.md,88.03,88.03,87.99,87.99,0,USD,7667.7,7667.7,7663.67,7663.67,87.1,global_reopen_pre_mcx,none,ESTIMATED_FROM_DAILY_OHLC_USING_SESSION_HEURISTICS_NOT_REAL_INTRADAY_DATA
2026-03-09T09:30:00+0530,2026-03-09T09:30:00+0530,09-03-2026,Brent,Brent Crude Oil Futures,ICE,60m,FRONT_MONTH_CONTINUOUS,BRN1!,RECONSTRUCTED_FROM_DAILY,See methodology_and_sources.md,87.99,87.99,87.91,87.91,0,USD,7663.67,7663.67,7657.24,7657.24,87.1,mcx_open_drive,none,ESTIMATED_FROM_DAILY_OHLC_USING_SESSION_HEURISTICS_NOT_REAL_INTRADAY_DATA
2026-03-09T10:30:00+0530,2026-03-09T10:30:00+0530,09-03-2026,Brent,Brent Crude Oil Futures,ICE,60m,FRONT_MONTH_CONTINUOUS,BRN1!,RECONSTRUCTED_FROM_DAILY,See methodology_and_sources.md,87.91,87.91,87.9,87.9,0,USD,7657.24,7657.24,7656.32,7656.32,87.1,india_morning,none,ESTIMATED_FROM_DAILY_OHLC_USING_SESSION_HEURISTICS_NOT_REAL_INTRADAY_DATA
2026-03-09T11:30:00+0530,2026-03-09T11:30:00+0530,09-03-2026,Brent,Brent Crude Oil Futures,ICE,60m,FRONT_MONTH_CONTINUOUS,BRN1!,RECONSTRUCTED_FROM_DAILY,See methodology_and_sources.md,87.9,87.9,87.86,87.86,0,USD,7656.32,7656.32,7652.63,7652.63,87.1,india_morning,none,ESTIMATED_FROM_DAILY_OHLC_USING_SESSION_HEURISTICS_NOT_REAL_INTRADAY_DATA
2026-03-09T12:30:00+0530,2026-03-09T12:30:00+0530,09-03-2026,Brent,Brent Crude Oil Futures,ICE,60m,FRONT_MONTH_CONTINUOUS,BRN1!,RECONSTRUCTED_FROM_DAILY,See methodology_and_sources.md,87.86,87.96,87.86,87.96,0,USD,7652.63,7661.38,7652.63,7661.38,87.1,india_midday,none,ESTIMATED_FROM_DAILY_OHLC_USING_SESSION_HEURISTICS_NOT_REAL_INTRADAY_DATA
2026-03-09T13:30:00+0530,2026-03-09T13:30:00+0530,09-03-2026,Brent,Brent Crude Oil Futures,ICE,60m,FRONT_MONTH_CONTINUOUS,BRN1!,RECONSTRUCTED_FROM_DAILY,See methodology_and_sources.md,87.96,87.96,87.93,87.93,0,USD,7661.38,7661.38,7658.84,7658.84,87.1,india_midday,none,ESTIMATED_FROM_DAILY_OHLC_USING_SESSION_HEURISTICS_NOT_REAL_INTRADAY_DATA
2026-03-09T14:30:00+0530,2026-03-09T14:30:00+0530,09-03-2026,Brent,Brent Crude Oil Futures,ICE,60m,FRONT_MONTH_CONTINUOUS,BRN1!,RECONSTRUCTED_FROM_DAILY,See methodology_and_sources.md,87.93,87.93,87.87,87.87,0,USD,7658.84,7658.84,7653.11,7653.11,87.1,india_midday,none,ESTIMATED_FROM_DAILY_OHLC_USING_SESSION_HEURISTICS_NOT_REAL_INTRADAY_DATA
2026-03-09T15:30:00+0530,2026-03-09T15:30:00+0530,09-03-2026,Brent,Brent Crude Oil Futures,ICE,60m,FRONT_MONTH_CONTINUOUS,BRN1!,RECONSTRUCTED_FROM_DAILY,See methodology_and_sources.md,87.87,87.87,87.77,87.77,0,USD,7653.11,7653.11,7644.38,7644.38,87.1,europe_open,first_30m_after_europe_open,ESTIMATED_FROM_DAILY_OHLC_USING_SESSION_HEURISTICS_NOT_REAL_INTRADAY_DATA
2026-03-09T16:30:00+0530,2026-03-09T16:30:00+0530,09-03-2026,Brent,Brent Crude Oil Futures,ICE,60m,FRONT_MONTH_CONTINUOUS,BRN1!,RECONSTRUCTED_FROM_DAILY,See methodology_and_sources.md,87.77,87.8,87.77,87.8,0,USD,7644.38,7647.03,7644.38,7647.03,87.1,europe_open,none,ESTIMATED_FROM_DAILY_OHLC_USING_SESSION_HEURISTICS_NOT_REAL_INTRADAY_DATA
2026-03-09T17:30:00+0530,2026-03-09T17:30:00+0530,09-03-2026,Brent,Brent Crude Oil Futures,ICE,60m,FRONT_MONTH_CONTINUOUS,BRN1!,RECONSTRUCTED_FROM_DAILY,See methodology_and_sources.md,87.8,87.83,87.8,87.83,0,USD,7647.03,7650.36,7647.03,7650.36,87.1,europe_mid,none,ESTIMATED_FROM_DAILY_OHLC_USING_SESSION_HEURISTICS_NOT_REAL_INTRADAY_DATA
2026-03-09T18:30:00+0530,2026-03-09T18:30:00+0530,09-03-2026,Brent,Brent Crude Oil Futures,ICE,60m,FRONT_MONTH_CONTINUOUS,BRN1!,RECONSTRUCTED_FROM_DAILY,See methodology_and_sources.md,87.83,87.83,87.82,87.82,0,USD,7650.36,7650.36,7649.21,7649.21,87.1,europe_mid,none,ESTIMATED_FROM_DAILY_OHLC_USING_SESSION_HEURISTICS_NOT_REAL_INTRADAY_DATA
2026-03-09T19:30:00+0530,2026-03-09T19:30:00+0530,09-03-2026,Brent,Brent Crude Oil Futures,ICE,60m,FRONT_MONTH_CONTINUOUS,BRN1!,RECONSTRUCTED_FROM_DAILY,See methodology_and_sources.md,87.82,87.82,87.81,87.81,0,USD,7649.21,7649.21,7648.36,7648.36,87.1,europe_mid,none,ESTIMATED_FROM_DAILY_OHLC_USING_SESSION_HEURISTICS_NOT_REAL_INTRADAY_DATA
2026-03-09T20:30:00+0530,2026-03-09T20:30:00+0530,09-03-2026,Brent,Brent Crude Oil Futures,ICE,60m,FRONT_MONTH_CONTINUOUS,BRN1!,RECONSTRUCTED_FROM_DAILY,See methodology_and_sources.md,87.81,87.82,87.81,87.82,0,USD,7648.36,7649.46,7648.36,7649.46,87.1,us_pre_open,none,ESTIMATED_FROM_DAILY_OHLC_USING_SESSION_HEURISTICS_NOT_REAL_INTRADAY_DATA
2026-03-09T21:30:00+0530,2026-03-09T21:30:00+0530,09-03-2026,Brent,Brent Crude Oil Futures,ICE,60m,FRONT_MONTH_CONTINUOUS,BRN1!,RECONSTRUCTED_FROM_DAILY,See methodology_and_sources.md,87.82,87.82,87.81,87.81,0,USD,7649.46,7649.46,7648.39,7648.39,87.1,us_open,first_hour_after_us_open,ESTIMATED_FROM_DAILY_OHLC_USING_SESSION_HEURISTICS_NOT_REAL_INTRADAY_DATA
2026-03-09T22:30:00+0530,2026-03-09T22:30:00+0530,09-03-2026,Brent,Brent Crude Oil Futures,ICE,60m,FRONT_MONTH_CONTINUOUS,BRN1!,RECONSTRUCTED_FROM_DAILY,See methodology_and_sources.md,87.81,87.81,87.8,87.8,0,USD,7648.39,7648.39,7647.36,7647.36,87.1,us_open,final_hour_before_mcx_close,ESTIMATED_FROM_DAILY_OHLC_USING_SESSION_HEURISTICS_NOT_REAL_INTRADAY_DATA
2026-03-09T23:30:00+0530,2026-03-09T23:30:00+0530,09-03-2026,Brent,Brent Crude Oil Futures,ICE,60m,FRONT_MONTH_CONTINUOUS,BRN1!,RECONSTRUCTED_FROM_DAILY,See methodology_and_sources.md,87.8,100,87.8,100,0,USD,7647.36,8710,7647.36,8710,87.1,mcx_tail,none,ESTIMATED_FROM_DAILY_OHLC_USING_SESSION_HEURISTICS_NOT_REAL_INTRADAY_DATA
2026-03-10T00:30:00+0530,2026-03-10T00:30:00+0530,09-03-2026,Brent,Brent Crude Oil Futures,ICE,60m,FRONT_MONTH_CONTINUOUS,BRN1!,RECONSTRUCTED_FROM_DAILY,See methodology_and_sources.md,100,100,100,100,0,USD,8710,8710,8710,8710,87.1,other_valid_hours,none,ESTIMATED_FROM_DAILY_OHLC_USING_SESSION_HEURISTICS_NOT_REAL_INTRADAY_DATA
2026-03-10T03:30:00+0530,2026-03-10T03:30:00+0530,10-03-2026,Brent,Brent Crude Oil Futures,ICE,60m,FRONT_MONTH_CONTINUOUS,BRN1!,RECONSTRUCTED_FROM_DAILY,See methodology_and_sources.md,100,100.03,100,100.03,0,USD,8725,8727.7,8725,8727.7,87.25,global_reopen_pre_mcx,none,ESTIMATED_FROM_DAILY_OHLC_USING_SESSION_HEURISTICS_NOT_REAL_INTRADAY_DATA
2026-03-10T04:30:00+0530,2026-03-10T04:30:00+0530,10-03-2026,Brent,Brent Crude Oil Futures,ICE,60m,FRONT_MONTH_CONTINUOUS,BRN1!,RECONSTRUCTED_FROM_DAILY,See methodology_and_sources.md,100.03,100.03,99.98,99.98,0,USD,8727.7,8727.7,8723.47,8723.47,87.25,global_reopen_pre_mcx,none,ESTIMATED_FROM_DAILY_OHLC_USING_SESSION_HEURISTICS_NOT_REAL_INTRADAY_DATA
2026-03-10T05:30:00+0530,2026-03-10T05:30:00+0530,10-03-2026,Brent,Brent Crude Oil Futures,ICE,60m,FRONT_MONTH_CONTINUOUS,BRN1!,RECONSTRUCTED_FROM_DAILY,See methodology_and_sources.md,99.98,99.98,99.94,99.94,0,USD,8723.47,8723.47,8719.64,8719.64,87.25,global_reopen_pre_mcx,none,ESTIMATED_FROM_DAILY_OHLC_USING_SESSION_HEURISTICS_NOT_REAL_INTRADAY_DATA
2026-03-10T06:30:00+0530,2026-03-10T06:30:00+0530,10-03-2026,Brent,Brent Crude Oil Futures,ICE,60m,FRONT_MONTH_CONTINUOUS,BRN1!,RECONSTRUCTED_FROM_DAILY,See methodology_and_sources.md,99.94,99.95,99.94,99.95,0,USD,8719.64,8720.24,8719.64,8720.24,87.25,global_reopen_pre_mcx,none,ESTIMATED_FROM_DAILY_OHLC_USING_SESSION_HEURISTICS_NOT_REAL_INTRADAY_DATA
2026-03-10T07:30:00+0530,2026-03-10T07:30:00+0530,10-03-2026,Brent,Brent Crude Oil Futures,ICE,60m,FRONT_MONTH_CONTINUOUS,BRN1!,RECONSTRUCTED_FROM_DAILY,See methodology_and_sources.md,99.95,99.95,99.91,99.91,0,USD,8720.24,8720.24,8717.58,8717.58,87.25,global_reopen_pre_mcx,none,ESTIMATED_FROM_DAILY_OHLC_USING_SESSION_HEURISTICS_NOT_REAL_INTRADAY_DATA
2026-03-10T08:30:00+0530,2026-03-10T08:30:00+0530,10-03-2026,Brent,Brent Crude Oil Futures,ICE,60m,FRONT_MONTH_CONTINUOUS,BRN1!,RECONSTRUCTED_FROM_DAILY,See methodology_and_sources.md,99.91,99.97,99.91,99.97,0,USD,8717.58,8722.22,8717.58,8722.22,87.25,global_reopen_pre_mcx,none,ESTIMATED_FROM_DAILY_OHLC_USING_SESSION_HEURISTICS_NOT_REAL_INTRADAY_DATA
2026-03-10T09:30:00+0530,2026-03-10T09:30:00+0530,10-03-2026,Brent,Brent Crude Oil Futures,ICE,60m,FRONT_MONTH_CONTINUOUS,BRN1!,RECONSTRUCTED_FROM_DAILY,See methodology_and_sources.md,99.97,99.97,99.94,99.94,0,USD,8722.22,8722.22,8719.36,8719.36,87.25,mcx_open_drive,none,ESTIMATED_FROM_DAILY_OHLC_USING_SESSION_HEURISTICS_NOT_REAL_INTRADAY_DATA
2026-03-10T10:30:00+0530,2026-03-10T10:30:00+0530,10-03-2026,Brent,Brent Crude Oil Futures,ICE,60m,FRONT_MONTH_CONTINUOUS,BRN1!,RECONSTRUCTED_FROM_DAILY,See methodology_and_sources.md,99.94,99.94,99.84,99.84,0,USD,8719.36,8719.36,8711.32,8711.32,87.25,india_morning,none,ESTIMATED_FROM_DAILY_OHLC_USING_SESSION_HEURISTICS_NOT_REAL_INTRADAY_DATA
2026-03-10T11:30:00+0530,2026-03-10T11:30:00+0530,10-03-2026,Brent,Brent Crude Oil Futures,ICE,60m,FRONT_MONTH_CONTINUOUS,BRN1!,RECONSTRUCTED_FROM_DAILY,See methodology_and_sources.md,99.84,99.86,99.84,99.86,0,USD,8711.32,8712.73,8711.32,8712.73,87.25,india_morning,none,ESTIMATED_FROM_DAILY_OHLC_USING_SESSION_HEURISTICS_NOT_REAL_INTRADAY_DATA
2026-03-10T12:30:00+0530,2026-03-10T12:30:00+0530,10-03-2026,Brent,Brent Crude Oil Futures,ICE,60m,FRONT_MONTH_CONTINUOUS,BRN1!,RECONSTRUCTED_FROM_DAILY,See methodology_and_sources.md,99.86,99.86,99.86,99.86,0,USD,8712.73,8712.77,8712.73,8712.77,87.25,india_midday,none,ESTIMATED_FROM_DAILY_OHLC_USING_SESSION_HEURISTICS_NOT_REAL_INTRADAY_DATA
2026-03-10T13:30:00+0530,2026-03-10T13:30:00+0530,10-03-2026,Brent,Brent Crude Oil Futures,ICE,60m,FRONT_MONTH_CONTINUOUS,BRN1!,RECONSTRUCTED_FROM_DAILY,See methodology_and_sources.md,99.86,99.94,99.86,99.94,0,USD,8712.77,8719.71,8712.77,8719.71,87.25,india_midday,none,ESTIMATED_FROM_DAILY_OHLC_USING_SESSION_HEURISTICS_NOT_REAL_INTRADAY_DATA
2026-03-10T14:30:00+0530,2026-03-10T14:30:00+0530,10-03-2026,Brent,Brent Crude Oil Futures,ICE,60m,FRONT_MONTH_CONTINUOUS,BRN1!,RECONSTRUCTED_FROM_DAILY,See methodology_and_sources.md,99.94,99.94,99.87,99.87,0,USD,8719.71,8719.71,8713.53,8713.53,87.25,india_midday,none,ESTIMATED_FROM_DAILY_OHLC_USING_SESSION_HEURISTICS_NOT_REAL_INTRADAY_DATA
2026-03-10T15:30:00+0530,2026-03-10T15:30:00+0530,10-03-2026,Brent,Brent Crude Oil Futures,ICE,60m,FRONT_MONTH_CONTINUOUS,BRN1!,RECONSTRUCTED_FROM_DAILY,See methodology_and_sources.md,99.87,99.88,99.87,99.88,0,USD,8713.53,8714.62,8713.53,8714.62,87.25,europe_open,first_30m_after_europe_open,ESTIMATED_FROM_DAILY_OHLC_USING_SESSION_HEURISTICS_NOT_REAL_INTRADAY_DATA
2026-03-10T16:30:00+0530,2026-03-10T16:30:00+0530,10-03-2026,Brent,Brent Crude Oil Futures,ICE,60m,FRONT_MONTH_CONTINUOUS,BRN1!,RECONSTRUCTED_FROM_DAILY,See methodology_and_sources.md,99.88,99.98,99.88,99.98,0,USD,8714.62,8722.96,8714.62,8722.96,87.25,europe_open,none,ESTIMATED_FROM_DAILY_OHLC_USING_SESSION_HEURISTICS_NOT_REAL_INTRADAY_DATA
2026-03-10T17:30:00+0530,2026-03-10T17:30:00+0530,10-03-2026,Brent,Brent Crude Oil Futures,ICE,60m,FRONT_MONTH_CONTINUOUS,BRN1!,RECONSTRUCTED_FROM_DAILY,See methodology_and_sources.md,99.98,99.99,99.98,99.99,0,USD,8722.96,8723.76,8722.96,8723.76,87.25,europe_mid,none,ESTIMATED_FROM_DAILY_OHLC_USING_SESSION_HEURISTICS_NOT_REAL_INTRADAY_DATA
2026-03-10T18:30:00+0530,2026-03-10T18:30:00+0530,10-03-2026,Brent,Brent Crude Oil Futures,ICE,60m,FRONT_MONTH_CONTINUOUS,BRN1!,RECONSTRUCTED_FROM_DAILY,See methodology_and_sources.md,99.99,100.19,99.99,100.19,0,USD,8723.76,8741.19,8723.76,8741.19,87.25,europe_mid,none,ESTIMATED_FROM_DAILY_OHLC_USING_SESSION_HEURISTICS_NOT_REAL_INTRADAY_DATA
2026-03-10T19:30:00+0530,2026-03-10T19:30:00+0530,10-03-2026,Brent,Brent Crude Oil Futures,ICE,60m,FRONT_MONTH_CONTINUOUS,BRN1!,RECONSTRUCTED_FROM_DAILY,See methodology_and_sources.md,100.19,100.24,100.19,100.24,0,USD,8741.19,8746.07,8741.19,8746.07,87.25,europe_mid,none,ESTIMATED_FROM_DAILY_OHLC_USING_SESSION_HEURISTICS_NOT_REAL_INTRADAY_DATA
2026-03-10T20:30:00+0530,2026-03-10T20:30:00+0530,10-03-2026,Brent,Brent Crude Oil Futures,ICE,60m,FRONT_MONTH_CONTINUOUS,BRN1!,RECONSTRUCTED_FROM_DAILY,See methodology_and_sources.md,100.24,100.26,100.24,100.26,0,USD,8746.07,8747.62,8746.07,8747.62,87.25,us_pre_open,none,ESTIMATED_FROM_DAILY_OHLC_USING_SESSION_HEURISTICS_NOT_REAL_INTRADAY_DATA
2026-03-10T21:30:00+0530,2026-03-10T21:30:00+0530,10-03-2026,Brent,Brent Crude Oil Futures,ICE,60m,FRONT_MONTH_CONTINUOUS,BRN1!,RECONSTRUCTED_FROM_DAILY,See methodology_and_sources.md,100.26,100.28,100.26,100.28,0,USD,8747.62,8749.31,8747.62,8749.31,87.25,us_open,first_hour_after_us_open,ESTIMATED_FROM_DAILY_OHLC_USING_SESSION_HEURISTICS_NOT_REAL_INTRADAY_DATA
2026-03-10T22:30:00+0530,2026-03-10T22:30:00+0530,10-03-2026,Brent,Brent Crude Oil Futures,ICE,60m,FRONT_MONTH_CONTINUOUS,BRN1!,RECONSTRUCTED_FROM_DAILY,See methodology_and_sources.md,100.28,100.28,100.21,100.21,0,USD,8749.31,8749.31,8743.19,8743.19,87.25,us_open,final_hour_before_mcx_close,ESTIMATED_FROM_DAILY_OHLC_USING_SESSION_HEURISTICS_NOT_REAL_INTRADAY_DATA
2026-03-10T23:30:00+0530,2026-03-10T23:30:00+0530,10-03-2026,Brent,Brent Crude Oil Futures,ICE,60m,FRONT_MONTH_CONTINUOUS,BRN1!,RECONSTRUCTED_FROM_DAILY,See methodology_and_sources.md,100.21,108,100.21,108,0,USD,8743.19,9423,8743.19,9423,87.25,mcx_tail,none,ESTIMATED_FROM_DAILY_OHLC_USING_SESSION_HEURISTICS_NOT_REAL_INTRADAY_DATA
2026-03-11T00:30:00+0530,2026-03-11T00:30:00+0530,10-03-2026,Brent,Brent Crude Oil Futures,ICE,60m,FRONT_MONTH_CONTINUOUS,BRN1!,RECONSTRUCTED_FROM_DAILY,See methodology_and_sources.md,108,108,108,108,0,USD,9423,9423,9423,9423,87.25,other_valid_hours,none,ESTIMATED_FROM_DAILY_OHLC_USING_SESSION_HEURISTICS_NOT_REAL_INTRADAY_DATA
2026-03-11T03:30:00+0530,2026-03-11T03:30:00+0530,11-03-2026,Brent,Brent Crude Oil Futures,ICE,60m,FRONT_MONTH_CONTINUOUS,BRN1!,RECONSTRUCTED_FROM_DAILY,See methodology_and_sources.md,105,105,104.98,104.98,0,USD,9166.5,9166.5,9164.91,9164.91,87.3,global_reopen_pre_mcx,none,ESTIMATED_FROM_DAILY_OHLC_USING_SESSION_HEURISTICS_NOT_REAL_INTRADAY_DATA
2026-03-11T04:30:00+0530,2026-03-11T04:30:00+0530,11-03-2026,Brent,Brent Crude Oil Futures,ICE,60m,FRONT_MONTH_CONTINUOUS,BRN1!,RECONSTRUCTED_FROM_DAILY,See methodology_and_sources.md,104.98,105.08,104.98,105.08,0,USD,9164.91,9173.21,9164.91,9173.21,87.3,global_reopen_pre_mcx,none,ESTIMATED_FROM_DAILY_OHLC_USING_SESSION_HEURISTICS_NOT_REAL_INTRADAY_DATA
2026-03-11T05:30:00+0530,2026-03-11T05:30:00+0530,11-03-2026,Brent,Brent Crude Oil Futures,ICE,60m,FRONT_MONTH_CONTINUOUS,BRN1!,RECONSTRUCTED_FROM_DAILY,See methodology_and_sources.md,105.08,105.08,105.06,105.06,0,USD,9173.21,9173.21,9172.07,9172.07,87.3,global_reopen_pre_mcx,none,ESTIMATED_FROM_DAILY_OHLC_USING_SESSION_HEURISTICS_NOT_REAL_INTRADAY_DATA
2026-03-11T06:30:00+0530,2026-03-11T06:30:00+0530,11-03-2026,Brent,Brent Crude Oil Futures,ICE,60m,FRONT_MONTH_CONTINUOUS,BRN1!,RECONSTRUCTED_FROM_DAILY,See methodology_and_sources.md,105.06,105.09,105.06,105.09,0,USD,9172.07,9173.99,9172.07,9173.99,87.3,global_reopen_pre_mcx,none,ESTIMATED_FROM_DAILY_OHLC_USING_SESSION_HEURISTICS_NOT_REAL_INTRADAY_DATA
2026-03-11T07:30:00+0530,2026-03-11T07:30:00+0530,11-03-2026,Brent,Brent Crude Oil Futures,ICE,60m,FRONT_MONTH_CONTINUOUS,BRN1!,RECONSTRUCTED_FROM_DAILY,See methodology_and_sources.md,105.09,105.09,105.04,105.04,0,USD,9173.99,9173.99,9169.67,9169.67,87.3,global_reopen_pre_mcx,none,ESTIMATED_FROM_DAILY_OHLC_USING_SESSION_HEURISTICS_NOT_REAL_INTRADAY_DATA
2026-03-11T08:30:00+0530,2026-03-11T08:30:00+0530,11-03-2026,Brent,Brent Crude Oil Futures,ICE,60m,FRONT_MONTH_CONTINUOUS,BRN1!,RECONSTRUCTED_FROM_DAILY,See methodology_and_sources.md,105.04,105.04,105.04,105.04,0,USD,9169.67,9170.33,9169.67,9170.33,87.3,global_reopen_pre_mcx,none,ESTIMATED_FROM_DAILY_OHLC_USING_SESSION_HEURISTICS_NOT_REAL_INTRADAY_DATA
2026-03-11T09:30:00+0530,2026-03-11T09:30:00+0530,11-03-2026,Brent,Brent Crude Oil Futures,ICE,60m,FRONT_MONTH_CONTINUOUS,BRN1!,RECONSTRUCTED_FROM_DAILY,See methodology_and_sources.md,105.04,105.09,105.04,105.09,0,USD,9170.33,9174.72,9170.33,9174.72,87.3,mcx_open_drive,none,ESTIMATED_FROM_DAILY_OHLC_USING_SESSION_HEURISTICS_NOT_REAL_INTRADAY_DATA
2026-03-11T10:30:00+0530,2026-03-11T10:30:00+0530,11-03-2026,Brent,Brent Crude Oil Futures,ICE,60m,FRONT_MONTH_CONTINUOUS,BRN1!,RECONSTRUCTED_FROM_DAILY,See methodology_and_sources.md,105.09,105.09,105.08,105.08,0,USD,9174.72,9174.72,9173.06,9173.06,87.3,india_morning,none,ESTIMATED_FROM_DAILY_OHLC_USING_SESSION_HEURISTICS_NOT_REAL_INTRADAY_DATA
2026-03-11T11:30:00+0530,2026-03-11T11:30:00+0530,11-03-2026,Brent,Brent Crude Oil Futures,ICE,60m,FRONT_MONTH_CONTINUOUS,BRN1!,RECONSTRUCTED_FROM_DAILY,See methodology_and_sources.md,105.08,105.13,105.08,105.13,0,USD,9173.06,9178.03,9173.06,9178.03,87.3,india_morning,none,ESTIMATED_FROM_DAILY_OHLC_USING_SESSION_HEURISTICS_NOT_REAL_INTRADAY_DATA
2026-03-11T12:30:00+0530,2026-03-11T12:30:00+0530,11-03-2026,Brent,Brent Crude Oil Futures,ICE,60m,FRONT_MONTH_CONTINUOUS,BRN1!,RECONSTRUCTED_FROM_DAILY,See methodology_and_sources.md,105.13,105.15,105.13,105.15,0,USD,9178.03,9179.6,9178.03,9179.6,87.3,india_midday,none,ESTIMATED_FROM_DAILY_OHLC_USING_SESSION_HEURISTICS_NOT_REAL_INTRADAY_DATA
2026-03-11T13:30:00+0530,2026-03-11T13:30:00+0530,11-03-2026,Brent,Brent Crude Oil Futures,ICE,60m,FRONT_MONTH_CONTINUOUS,BRN1!,RECONSTRUCTED_FROM_DAILY,See methodology_and_sources.md,105.15,105.15,105.1,105.1,0,USD,9179.6,9179.6,9175.29,9175.29,87.3,india_midday,none,ESTIMATED_FROM_DAILY_OHLC_USING_SESSION_HEURISTICS_NOT_REAL_INTRADAY_DATA
2026-03-11T14:30:00+0530,2026-03-11T14:30:00+0530,11-03-2026,Brent,Brent Crude Oil Futures,ICE,60m,FRONT_MONTH_CONTINUOUS,BRN1!,RECONSTRUCTED_FROM_DAILY,See methodology_and_sources.md,105.1,105.27,105.1,105.27,0,USD,9175.29,9190.11,9175.29,9190.11,87.3,india_midday,none,ESTIMATED_FROM_DAILY_OHLC_USING_SESSION_HEURISTICS_NOT_REAL_INTRADAY_DATA
2026-03-11T15:30:00+0530,2026-03-11T15:30:00+0530,11-03-2026,Brent,Brent Crude Oil Futures,ICE,60m,FRONT_MONTH_CONTINUOUS,BRN1!,RECONSTRUCTED_FROM_DAILY,See methodology_and_sources.md,105.27,105.39,105.27,105.39,0,USD,9190.11,9200.43,9190.11,9200.43,87.3,europe_open,first_30m_after_europe_open,ESTIMATED_FROM_DAILY_OHLC_USING_SESSION_HEURISTICS_NOT_REAL_INTRADAY_DATA
2026-03-11T16:30:00+0530,2026-03-11T16:30:00+0530,11-03-2026,Brent,Brent Crude Oil Futures,ICE,60m,FRONT_MONTH_CONTINUOUS,BRN1!,RECONSTRUCTED_FROM_DAILY,See methodology_and_sources.md,105.39,105.53,105.39,105.53,0,USD,9200.43,9212.37,9200.43,9212.37,87.3,europe_open,none,ESTIMATED_FROM_DAILY_OHLC_USING_SESSION_HEURISTICS_NOT_REAL_INTRADAY_DATA
2026-03-11T17:30:00+0530,2026-03-11T17:30:00+0530,11-03-2026,Brent,Brent Crude Oil Futures,ICE,60m,FRONT_MONTH_CONTINUOUS,BRN1!,RECONSTRUCTED_FROM_DAILY,See methodology_and_sources.md,105.53,105.53,105.47,105.47,0,USD,9212.37,9212.37,9207.43,9207.43,87.3,europe_mid,none,ESTIMATED_FROM_DAILY_OHLC_USING_SESSION_HEURISTICS_NOT_REAL_INTRADAY_DATA
2026-03-11T18:30:00+0530,2026-03-11T18:30:00+0530,11-03-2026,Brent,Brent Crude Oil Futures,ICE,60m,FRONT_MONTH_CONTINUOUS,BRN1!,RECONSTRUCTED_FROM_DAILY,See methodology_and_sources.md,105.47,105.47,105.44,105.44,0,USD,9207.43,9207.43,9205.33,9205.33,87.3,europe_mid,none,ESTIMATED_FROM_DAILY_OHLC_USING_SESSION_HEURISTICS_NOT_REAL_INTRADAY_DATA
2026-03-11T19:30:00+0530,2026-03-11T19:30:00+0530,11-03-2026,Brent,Brent Crude Oil Futures,ICE,60m,FRONT_MONTH_CONTINUOUS,BRN1!,RECONSTRUCTED_FROM_DAILY,See methodology_and_sources.md,105.44,105.44,105.42,105.42,0,USD,9205.33,9205.33,9203.18,9203.18,87.3,europe_mid,none,ESTIMATED_FROM_DAILY_OHLC_USING_SESSION_HEURISTICS_NOT_REAL_INTRADAY_DATA
2026-03-11T20:30:00+0530,2026-03-11T20:30:00+0530,11-03-2026,Brent,Brent Crude Oil Futures,ICE,60m,FRONT_MONTH_CONTINUOUS,BRN1!,RECONSTRUCTED_FROM_DAILY,See methodology_and_sources.md,105.42,105.42,105.4,105.4,0,USD,9203.18,9203.18,9201.33,9201.33,87.3,us_pre_open,none,ESTIMATED_FROM_DAILY_OHLC_USING_SESSION_HEURISTICS_NOT_REAL_INTRADAY_DATA
2026-03-11T21:30:00+0530,2026-03-11T21:30:00+0530,11-03-2026,Brent,Brent Crude Oil Futures,ICE,60m,FRONT_MONTH_CONTINUOUS,BRN1!,RECONSTRUCTED_FROM_DAILY,See methodology_and_sources.md,105.4,105.4,105.4,105.4,0,USD,9201.33,9201.33,9201.24,9201.24,87.3,us_open,first_hour_after_us_open,ESTIMATED_FROM_DAILY_OHLC_USING_SESSION_HEURISTICS_NOT_REAL_INTRADAY_DATA
2026-03-11T22:30:00+0530,2026-03-11T22:30:00+0530,11-03-2026,Brent,Brent Crude Oil Futures,ICE,60m,FRONT_MONTH_CONTINUOUS,BRN1!,RECONSTRUCTED_FROM_DAILY,See methodology_and_sources.md,105.4,105.4,105.4,105.4,0,USD,9201.24,9201.35,9201.24,9201.35,87.3,us_open,final_hour_before_mcx_close,ESTIMATED_FROM_DAILY_OHLC_USING_SESSION_HEURISTICS_NOT_REAL_INTRADAY_DATA
2026-03-11T23:30:00+0530,2026-03-11T23:30:00+0530,11-03-2026,Brent,Brent Crude Oil Futures,ICE,60m,FRONT_MONTH_CONTINUOUS,BRN1!,RECONSTRUCTED_FROM_DAILY,See methodology_and_sources.md,105.4,105.4,100,100,0,USD,9201.35,9201.35,8730,8730,87.3,mcx_tail,none,ESTIMATED_FROM_DAILY_OHLC_USING_SESSION_HEURISTICS_NOT_REAL_INTRADAY_DATA
2026-03-12T00:30:00+0530,2026-03-12T00:30:00+0530,11-03-2026,Brent,Brent Crude Oil Futures,ICE,60m,FRONT_MONTH_CONTINUOUS,BRN1!,RECONSTRUCTED_FROM_DAILY,See methodology_and_sources.md,100,100,100,100,0,USD,8730,8730,8730,8730,87.3,other_valid_hours,none,ESTIMATED_FROM_DAILY_OHLC_USING_SESSION_HEURISTICS_NOT_REAL_INTRADAY_DATA
2026-03-12T03:30:00+0530,2026-03-12T03:30:00+0530,12-03-2026,Brent,Brent Crude Oil Futures,ICE,60m,FRONT_MONTH_CONTINUOUS,BRN1!,RECONSTRUCTED_FROM_DAILY,See methodology_and_sources.md,100,100.01,100,100.01,0,USD,8735,8735.63,8735,8735.63,87.35,global_reopen_pre_mcx,none,ESTIMATED_FROM_DAILY_OHLC_USING_SESSION_HEURISTICS_NOT_REAL_INTRADAY_DATA
2026-03-12T04:30:00+0530,2026-03-12T04:30:00+0530,12-03-2026,Brent,Brent Crude Oil Futures,ICE,60m,FRONT_MONTH_CONTINUOUS,BRN1!,RECONSTRUCTED_FROM_DAILY,See methodology_and_sources.md,100.01,100.05,100.01,100.05,0,USD,8735.63,8739.26,8735.63,8739.26,87.35,global_reopen_pre_mcx,none,ESTIMATED_FROM_DAILY_OHLC_USING_SESSION_HEURISTICS_NOT_REAL_INTRADAY_DATA
2026-03-12T05:30:00+0530,2026-03-12T05:30:00+0530,12-03-2026,Brent,Brent Crude Oil Futures,ICE,60m,FRONT_MONTH_CONTINUOUS,BRN1!,RECONSTRUCTED_FROM_DAILY,See methodology_and_sources.md,100.05,100.05,100.04,100.04,0,USD,8739.26,8739.26,8738.68,8738.68,87.35,global_reopen_pre_mcx,none,ESTIMATED_FROM_DAILY_OHLC_USING_SESSION_HEURISTICS_NOT_REAL_INTRADAY_DATA
2026-03-12T06:30:00+0530,2026-03-12T06:30:00+0530,12-03-2026,Brent,Brent Crude Oil Futures,ICE,60m,FRONT_MONTH_CONTINUOUS,BRN1!,RECONSTRUCTED_FROM_DAILY,See methodology_and_sources.md,100.04,100.05,100.04,100.05,0,USD,8738.68,8739.16,8738.68,8739.16,87.35,global_reopen_pre_mcx,none,ESTIMATED_FROM_DAILY_OHLC_USING_SESSION_HEURISTICS_NOT_REAL_INTRADAY_DATA
2026-03-12T07:30:00+0530,2026-03-12T07:30:00+0530,12-03-2026,Brent,Brent Crude Oil Futures,ICE,60m,FRONT_MONTH_CONTINUOUS,BRN1!,RECONSTRUCTED_FROM_DAILY,See methodology_and_sources.md,100.05,100.07,100.05,100.07,0,USD,8739.16,8741.34,8739.16,8741.34,87.35,global_reopen_pre_mcx,none,ESTIMATED_FROM_DAILY_OHLC_USING_SESSION_HEURISTICS_NOT_REAL_INTRADAY_DATA
2026-03-12T08:30:00+0530,2026-03-12T08:30:00+0530,12-03-2026,Brent,Brent Crude Oil Futures,ICE,60m,FRONT_MONTH_CONTINUOUS,BRN1!,RECONSTRUCTED_FROM_DAILY,See methodology_and_sources.md,100.07,100.07,100.04,100.04,0,USD,8741.34,8741.34,8738.68,8738.68,87.35,global_reopen_pre_mcx,none,ESTIMATED_FROM_DAILY_OHLC_USING_SESSION_HEURISTICS_NOT_REAL_INTRADAY_DATA
2026-03-12T09:30:00+0530,2026-03-12T09:30:00+0530,12-03-2026,Brent,Brent Crude Oil Futures,ICE,60m,FRONT_MONTH_CONTINUOUS,BRN1!,RECONSTRUCTED_FROM_DAILY,See methodology_and_sources.md,100.04,100.09,100.04,100.09,0,USD,8738.68,8743.12,8738.68,8743.12,87.35,mcx_open_drive,none,ESTIMATED_FROM_DAILY_OHLC_USING_SESSION_HEURISTICS_NOT_REAL_INTRADAY_DATA
2026-03-12T10:30:00+0530,2026-03-12T10:30:00+0530,12-03-2026,Brent,Brent Crude Oil Futures,ICE,60m,FRONT_MONTH_CONTINUOUS,BRN1!,RECONSTRUCTED_FROM_DAILY,See methodology_and_sources.md,100.09,100.09,100.08,100.08,0,USD,8743.12,8743.12,8742.33,8742.33,87.35,india_morning,none,ESTIMATED_FROM_DAILY_OHLC_USING_SESSION_HEURISTICS_NOT_REAL_INTRADAY_DATA
2026-03-12T11:30:00+0530,2026-03-12T11:30:00+0530,12-03-2026,Brent,Brent Crude Oil Futures,ICE,60m,FRONT_MONTH_CONTINUOUS,BRN1!,RECONSTRUCTED_FROM_DAILY,See methodology_and_sources.md,100.08,100.1,100.08,100.1,0,USD,8742.33,8744.01,8742.33,8744.01,87.35,india_morning,none,ESTIMATED_FROM_DAILY_OHLC_USING_SESSION_HEURISTICS_NOT_REAL_INTRADAY_DATA
2026-03-12T12:30:00+0530,2026-03-12T12:30:00+0530,12-03-2026,Brent,Brent Crude Oil Futures,ICE,60m,FRONT_MONTH_CONTINUOUS,BRN1!,RECONSTRUCTED_FROM_DAILY,See methodology_and_sources.md,100.1,100.1,100.07,100.07,0,USD,8744.01,8744.01,8741.07,8741.07,87.35,india_midday,none,ESTIMATED_FROM_DAILY_OHLC_USING_SESSION_HEURISTICS_NOT_REAL_INTRADAY_DATA
2026-03-12T13:30:00+0530,2026-03-12T13:30:00+0530,12-03-2026,Brent,Brent Crude Oil Futures,ICE,60m,FRONT_MONTH_CONTINUOUS,BRN1!,RECONSTRUCTED_FROM_DAILY,See methodology_and_sources.md,100.07,100.07,100.03,100.03,0,USD,8741.07,8741.07,8737.79,8737.79,87.35,india_midday,none,ESTIMATED_FROM_DAILY_OHLC_USING_SESSION_HEURISTICS_NOT_REAL_INTRADAY_DATA
2026-03-12T14:30:00+0530,2026-03-12T14:30:00+0530,12-03-2026,Brent,Brent Crude Oil Futures,ICE,60m,FRONT_MONTH_CONTINUOUS,BRN1!,RECONSTRUCTED_FROM_DAILY,See methodology_and_sources.md,100.03,100.03,99.97,99.97,0,USD,8737.79,8737.79,8732.38,8732.38,87.35,india_midday,none,ESTIMATED_FROM_DAILY_OHLC_USING_SESSION_HEURISTICS_NOT_REAL_INTRADAY_DATA
2026-03-12T15:30:00+0530,2026-03-12T15:30:00+0530,12-03-2026,Brent,Brent Crude Oil Futures,ICE,60m,FRONT_MONTH_CONTINUOUS,BRN1!,RECONSTRUCTED_FROM_DAILY,See methodology_and_sources.md,99.97,100.02,99.97,100.02,0,USD,8732.38,8736.94,8732.38,8736.94,87.35,europe_open,first_30m_after_europe_open,ESTIMATED_FROM_DAILY_OHLC_USING_SESSION_HEURISTICS_NOT_REAL_INTRADAY_DATA
2026-03-12T16:30:00+0530,2026-03-12T16:30:00+0530,12-03-2026,Brent,Brent Crude Oil Futures,ICE,60m,FRONT_MONTH_CONTINUOUS,BRN1!,RECONSTRUCTED_FROM_DAILY,See methodology_and_sources.md,100.02,100.09,100.02,100.09,0,USD,8736.94,8742.65,8736.94,8742.65,87.35,europe_open,none,ESTIMATED_FROM_DAILY_OHLC_USING_SESSION_HEURISTICS_NOT_REAL_INTRADAY_DATA
2026-03-12T17:30:00+0530,2026-03-12T17:30:00+0530,12-03-2026,Brent,Brent Crude Oil Futures,ICE,60m,FRONT_MONTH_CONTINUOUS,BRN1!,RECONSTRUCTED_FROM_DAILY,See methodology_and_sources.md,100.09,100.1,100.09,100.1,0,USD,8742.65,8743.57,8742.65,8743.57,87.35,europe_mid,none,ESTIMATED_FROM_DAILY_OHLC_USING_SESSION_HEURISTICS_NOT_REAL_INTRADAY_DATA
2026-03-12T18:30:00+0530,2026-03-12T18:30:00+0530,12-03-2026,Brent,Brent Crude Oil Futures,ICE,60m,FRONT_MONTH_CONTINUOUS,BRN1!,RECONSTRUCTED_FROM_DAILY,See methodology_and_sources.md,100.1,100.1,100.01,100.01,0,USD,8743.57,8743.57,8735.98,8735.98,87.35,europe_mid,none,ESTIMATED_FROM_DAILY_OHLC_USING_SESSION_HEURISTICS_NOT_REAL_INTRADAY_DATA
2026-03-12T19:30:00+0530,2026-03-12T19:30:00+0530,12-03-2026,Brent,Brent Crude Oil Futures,ICE,60m,FRONT_MONTH_CONTINUOUS,BRN1!,RECONSTRUCTED_FROM_DAILY,See methodology_and_sources.md,100.01,100.06,100.01,100.06,0,USD,8735.98,8740.23,8735.98,8740.23,87.35,europe_mid,none,ESTIMATED_FROM_DAILY_OHLC_USING_SESSION_HEURISTICS_NOT_REAL_INTRADAY_DATA
2026-03-12T20:30:00+0530,2026-03-12T20:30:00+0530,12-03-2026,Brent,Brent Crude Oil Futures,ICE,60m,FRONT_MONTH_CONTINUOUS,BRN1!,RECONSTRUCTED_FROM_DAILY,See methodology_and_sources.md,100.06,100.1,100.06,100.1,0,USD,8740.23,8743.45,8740.23,8743.45,87.35,us_pre_open,none,ESTIMATED_FROM_DAILY_OHLC_USING_SESSION_HEURISTICS_NOT_REAL_INTRADAY_DATA
2026-03-12T21:30:00+0530,2026-03-12T21:30:00+0530,12-03-2026,Brent,Brent Crude Oil Futures,ICE,60m,FRONT_MONTH_CONTINUOUS,BRN1!,RECONSTRUCTED_FROM_DAILY,See methodology_and_sources.md,100.1,100.1,100.06,100.06,0,USD,8743.45,8743.45,8740.6,8740.6,87.35,us_open,first_hour_after_us_open,ESTIMATED_FROM_DAILY_OHLC_USING_SESSION_HEURISTICS_NOT_REAL_INTRADAY_DATA
2026-03-12T22:30:00+0530,2026-03-12T22:30:00+0530,12-03-2026,Brent,Brent Crude Oil Futures,ICE,60m,FRONT_MONTH_CONTINUOUS,BRN1!,RECONSTRUCTED_FROM_DAILY,See methodology_and_sources.md,100.06,100.14,100.06,100.14,0,USD,8740.6,8747.48,8740.6,8747.48,87.35,us_open,final_hour_before_mcx_close,ESTIMATED_FROM_DAILY_OHLC_USING_SESSION_HEURISTICS_NOT_REAL_INTRADAY_DATA
2026-03-12T23:30:00+0530,2026-03-12T23:30:00+0530,12-03-2026,Brent,Brent Crude Oil Futures,ICE,60m,FRONT_MONTH_CONTINUOUS,BRN1!,RECONSTRUCTED_FROM_DAILY,See methodology_and_sources.md,100.14,102,100.14,102,0,USD,8747.48,8909.7,8747.48,8909.7,87.35,mcx_tail,none,ESTIMATED_FROM_DAILY_OHLC_USING_SESSION_HEURISTICS_NOT_REAL_INTRADAY_DATA
2026-03-13T00:30:00+0530,2026-03-13T00:30:00+0530,12-03-2026,Brent,Brent Crude Oil Futures,ICE,60m,FRONT_MONTH_CONTINUOUS,BRN1!,RECONSTRUCTED_FROM_DAILY,See methodology_and_sources.md,102,102,102,102,0,USD,8909.7,8909.7,8909.7,8909.7,87.35,other_valid_hours,none,ESTIMATED_FROM_DAILY_OHLC_USING_SESSION_HEURISTICS_NOT_REAL_INTRADAY_DATA
2026-03-13T03:30:00+0530,2026-03-13T03:30:00+0530,13-03-2026,Brent,Brent Crude Oil Futures,ICE,60m,FRONT_MONTH_CONTINUOUS,BRN1!,RECONSTRUCTED_FROM_DAILY,See methodology_and_sources.md,102,102,101.87,101.87,0,USD,8914.8,8914.8,8903.81,8903.81,87.4,global_reopen_pre_mcx,none,ESTIMATED_FROM_DAILY_OHLC_USING_SESSION_HEURISTICS_NOT_REAL_INTRADAY_DATA
2026-03-13T04:30:00+0530,2026-03-13T04:30:00+0530,13-03-2026,Brent,Brent Crude Oil Futures,ICE,60m,FRONT_MONTH_CONTINUOUS,BRN1!,RECONSTRUCTED_FROM_DAILY,See methodology_and_sources.md,101.87,101.91,101.87,101.91,0,USD,8903.81,8907.2,8903.81,8907.2,87.4,global_reopen_pre_mcx,none,ESTIMATED_FROM_DAILY_OHLC_USING_SESSION_HEURISTICS_NOT_REAL_INTRADAY_DATA
2026-03-13T05:30:00+0530,2026-03-13T05:30:00+0530,13-03-2026,Brent,Brent Crude Oil Futures,ICE,60m,FRONT_MONTH_CONTINUOUS,BRN1!,RECONSTRUCTED_FROM_DAILY,See methodology_and_sources.md,101.91,101.97,101.91,101.97,0,USD,8907.2,8912.49,8907.2,8912.49,87.4,global_reopen_pre_mcx,none,ESTIMATED_FROM_DAILY_OHLC_USING_SESSION_HEURISTICS_NOT_REAL_INTRADAY_DATA
2026-03-13T06:30:00+0530,2026-03-13T06:30:00+0530,13-03-2026,Brent,Brent Crude Oil Futures,ICE,60m,FRONT_MONTH_CONTINUOUS,BRN1!,RECONSTRUCTED_FROM_DAILY,See methodology_and_sources.md,101.97,102,101.97,102,0,USD,8912.49,8915.16,8912.49,8915.16,87.4,global_reopen_pre_mcx,none,ESTIMATED_FROM_DAILY_OHLC_USING_SESSION_HEURISTICS_NOT_REAL_INTRADAY_DATA
2026-03-13T07:30:00+0530,2026-03-13T07:30:00+0530,13-03-2026,Brent,Brent Crude Oil Futures,ICE,60m,FRONT_MONTH_CONTINUOUS,BRN1!,RECONSTRUCTED_FROM_DAILY,See methodology_and_sources.md,102,102,101.98,101.98,0,USD,8915.16,8915.16,8913.17,8913.17,87.4,global_reopen_pre_mcx,none,ESTIMATED_FROM_DAILY_OHLC_USING_SESSION_HEURISTICS_NOT_REAL_INTRADAY_DATA
2026-03-13T08:30:00+0530,2026-03-13T08:30:00+0530,13-03-2026,Brent,Brent Crude Oil Futures,ICE,60m,FRONT_MONTH_CONTINUOUS,BRN1!,RECONSTRUCTED_FROM_DAILY,See methodology_and_sources.md,101.98,101.98,101.97,101.97,0,USD,8913.17,8913.17,8911.92,8911.92,87.4,global_reopen_pre_mcx,none,ESTIMATED_FROM_DAILY_OHLC_USING_SESSION_HEURISTICS_NOT_REAL_INTRADAY_DATA
2026-03-13T09:30:00+0530,2026-03-13T09:30:00+0530,13-03-2026,Brent,Brent Crude Oil Futures,ICE,60m,FRONT_MONTH_CONTINUOUS,BRN1!,RECONSTRUCTED_FROM_DAILY,See methodology_and_sources.md,101.97,101.97,101.91,101.91,0,USD,8911.92,8911.92,8907.14,8907.14,87.4,mcx_open_drive,none,ESTIMATED_FROM_DAILY_OHLC_USING_SESSION_HEURISTICS_NOT_REAL_INTRADAY_DATA
2026-03-13T10:30:00+0530,2026-03-13T10:30:00+0530,13-03-2026,Brent,Brent Crude Oil Futures,ICE,60m,FRONT_MONTH_CONTINUOUS,BRN1!,RECONSTRUCTED_FROM_DAILY,See methodology_and_sources.md,101.91,101.92,101.91,101.92,0,USD,8907.14,8907.43,8907.14,8907.43,87.4,india_morning,none,ESTIMATED_FROM_DAILY_OHLC_USING_SESSION_HEURISTICS_NOT_REAL_INTRADAY_DATA
2026-03-13T11:30:00+0530,2026-03-13T11:30:00+0530,13-03-2026,Brent,Brent Crude Oil Futures,ICE,60m,FRONT_MONTH_CONTINUOUS,BRN1!,RECONSTRUCTED_FROM_DAILY,See methodology_and_sources.md,101.92,101.92,101.9,101.9,0,USD,8907.43,8907.43,8905.72,8905.72,87.4,india_morning,none,ESTIMATED_FROM_DAILY_OHLC_USING_SESSION_HEURISTICS_NOT_REAL_INTRADAY_DATA
2026-03-13T12:30:00+0530,2026-03-13T12:30:00+0530,13-03-2026,Brent,Brent Crude Oil Futures,ICE,60m,FRONT_MONTH_CONTINUOUS,BRN1!,RECONSTRUCTED_FROM_DAILY,See methodology_and_sources.md,101.9,101.9,101.88,101.88,0,USD,8905.72,8905.72,8903.95,8903.95,87.4,india_midday,none,ESTIMATED_FROM_DAILY_OHLC_USING_SESSION_HEURISTICS_NOT_REAL_INTRADAY_DATA
2026-03-13T13:30:00+0530,2026-03-13T13:30:00+0530,13-03-2026,Brent,Brent Crude Oil Futures,ICE,60m,FRONT_MONTH_CONTINUOUS,BRN1!,RECONSTRUCTED_FROM_DAILY,See methodology_and_sources.md,101.88,101.88,101.87,101.87,0,USD,8903.95,8903.95,8903.3,8903.3,87.4,india_midday,none,ESTIMATED_FROM_DAILY_OHLC_USING_SESSION_HEURISTICS_NOT_REAL_INTRADAY_DATA
2026-03-13T14:30:00+0530,2026-03-13T14:30:00+0530,13-03-2026,Brent,Brent Crude Oil Futures,ICE,60m,FRONT_MONTH_CONTINUOUS,BRN1!,RECONSTRUCTED_FROM_DAILY,See methodology_and_sources.md,101.87,101.92,101.87,101.92,0,USD,8903.3,8907.86,8903.3,8907.86,87.4,india_midday,none,ESTIMATED_FROM_DAILY_OHLC_USING_SESSION_HEURISTICS_NOT_REAL_INTRADAY_DATA
2026-03-13T15:30:00+0530,2026-03-13T15:30:00+0530,13-03-2026,Brent,Brent Crude Oil Futures,ICE,60m,FRONT_MONTH_CONTINUOUS,BRN1!,RECONSTRUCTED_FROM_DAILY,See methodology_and_sources.md,101.92,102.01,101.92,102.01,0,USD,8907.86,8916.05,8907.86,8916.05,87.4,europe_open,first_30m_after_europe_open,ESTIMATED_FROM_DAILY_OHLC_USING_SESSION_HEURISTICS_NOT_REAL_INTRADAY_DATA
2026-03-13T16:30:00+0530,2026-03-13T16:30:00+0530,13-03-2026,Brent,Brent Crude Oil Futures,ICE,60m,FRONT_MONTH_CONTINUOUS,BRN1!,RECONSTRUCTED_FROM_DAILY,See methodology_and_sources.md,102.01,102.01,101.99,101.99,0,USD,8916.05,8916.05,8914.09,8914.09,87.4,europe_open,none,ESTIMATED_FROM_DAILY_OHLC_USING_SESSION_HEURISTICS_NOT_REAL_INTRADAY_DATA
2026-03-13T17:30:00+0530,2026-03-13T17:30:00+0530,13-03-2026,Brent,Brent Crude Oil Futures,ICE,60m,FRONT_MONTH_CONTINUOUS,BRN1!,RECONSTRUCTED_FROM_DAILY,See methodology_and_sources.md,101.99,102.03,101.99,102.03,0,USD,8914.09,8917.06,8914.09,8917.06,87.4,europe_mid,none,ESTIMATED_FROM_DAILY_OHLC_USING_SESSION_HEURISTICS_NOT_REAL_INTRADAY_DATA
2026-03-13T18:30:00+0530,2026-03-13T18:30:00+0530,13-03-2026,Brent,Brent Crude Oil Futures,ICE,60m,FRONT_MONTH_CONTINUOUS,BRN1!,RECONSTRUCTED_FROM_DAILY,See methodology_and_sources.md,102.03,102.04,102.03,102.04,0,USD,8917.06,8918.11,8917.06,8918.11,87.4,europe_mid,none,ESTIMATED_FROM_DAILY_OHLC_USING_SESSION_HEURISTICS_NOT_REAL_INTRADAY_DATA
2026-03-13T19:30:00+0530,2026-03-13T19:30:00+0530,13-03-2026,Brent,Brent Crude Oil Futures,ICE,60m,FRONT_MONTH_CONTINUOUS,BRN1!,RECONSTRUCTED_FROM_DAILY,See methodology_and_sources.md,102.04,102.04,102.03,102.03,0,USD,8918.11,8918.11,8917.65,8917.65,87.4,europe_mid,none,ESTIMATED_FROM_DAILY_OHLC_USING_SESSION_HEURISTICS_NOT_REAL_INTRADAY_DATA
2026-03-13T20:30:00+0530,2026-03-13T20:30:00+0530,13-03-2026,Brent,Brent Crude Oil Futures,ICE,60m,FRONT_MONTH_CONTINUOUS,BRN1!,RECONSTRUCTED_FROM_DAILY,See methodology_and_sources.md,102.03,102.03,101.97,101.97,0,USD,8917.65,8917.65,8912.11,8912.11,87.4,us_pre_open,none,ESTIMATED_FROM_DAILY_OHLC_USING_SESSION_HEURISTICS_NOT_REAL_INTRADAY_DATA
2026-03-13T21:30:00+0530,2026-03-13T21:30:00+0530,13-03-2026,Brent,Brent Crude Oil Futures,ICE,60m,FRONT_MONTH_CONTINUOUS,BRN1!,RECONSTRUCTED_FROM_DAILY,See methodology_and_sources.md,101.97,101.97,101.96,101.96,0,USD,8912.11,8912.11,8910.91,8910.91,87.4,us_open,first_hour_after_us_open,ESTIMATED_FROM_DAILY_OHLC_USING_SESSION_HEURISTICS_NOT_REAL_INTRADAY_DATA
2026-03-13T22:30:00+0530,2026-03-13T22:30:00+0530,13-03-2026,Brent,Brent Crude Oil Futures,ICE,60m,FRONT_MONTH_CONTINUOUS,BRN1!,RECONSTRUCTED_FROM_DAILY,See methodology_and_sources.md,101.96,101.99,101.96,101.99,0,USD,8910.91,8913.65,8910.91,8913.65,87.4,us_open,final_hour_before_mcx_close,ESTIMATED_FROM_DAILY_OHLC_USING_SESSION_HEURISTICS_NOT_REAL_INTRADAY_DATA
2026-03-13T23:30:00+0530,2026-03-13T23:30:00+0530,13-03-2026,Brent,Brent Crude Oil Futures,ICE,60m,FRONT_MONTH_CONTINUOUS,BRN1!,RECONSTRUCTED_FROM_DAILY,See methodology_and_sources.md,101.99,101.99,100,100,0,USD,8913.65,8913.65,8740,8740,87.4,mcx_tail,none,ESTIMATED_FROM_DAILY_OHLC_USING_SESSION_HEURISTICS_NOT_REAL_INTRADAY_DATA
2026-03-14T00:30:00+0530,2026-03-14T00:30:00+0530,13-03-2026,Brent,Brent Crude Oil Futures,ICE,60m,FRONT_MONTH_CONTINUOUS,BRN1!,RECONSTRUCTED_FROM_DAILY,See methodology_and_sources.md,100,100,100,100,0,USD,8740,8740,8740,8740,87.4,other_valid_hours,none,ESTIMATED_FROM_DAILY_OHLC_USING_SESSION_HEURISTICS_NOT_REAL_INTRADAY_DATA
2026-03-16T03:30:00+0530,2026-03-16T03:30:00+0530,16-03-2026,Brent,Brent Crude Oil Futures,ICE,60m,FRONT_MONTH_CONTINUOUS,BRN1!,RECONSTRUCTED_FROM_DAILY,See methodology_and_sources.md,100,100,100,100,0,USD,8750,8750,8750,8750,87.5,global_reopen_pre_mcx,none,ESTIMATED_FROM_DAILY_OHLC_USING_SESSION_HEURISTICS_NOT_REAL_INTRADAY_DATA
2026-03-16T04:30:00+0530,2026-03-16T04:30:00+0530,16-03-2026,Brent,Brent Crude Oil Futures,ICE,60m,FRONT_MONTH_CONTINUOUS,BRN1!,RECONSTRUCTED_FROM_DAILY,See methodology_and_sources.md,100,100,100,100,0,USD,8750,8750.09,8750,8750.09,87.5,global_reopen_pre_mcx,none,ESTIMATED_FROM_DAILY_OHLC_USING_SESSION_HEURISTICS_NOT_REAL_INTRADAY_DATA
2026-03-16T05:30:00+0530,2026-03-16T05:30:00+0530,16-03-2026,Brent,Brent Crude Oil Futures,ICE,60m,FRONT_MONTH_CONTINUOUS,BRN1!,RECONSTRUCTED_FROM_DAILY,See methodology_and_sources.md,100,100,100,100,0,USD,8750.09,8750.09,8750,8750,87.5,global_reopen_pre_mcx,none,ESTIMATED_FROM_DAILY_OHLC_USING_SESSION_HEURISTICS_NOT_REAL_INTRADAY_DATA
2026-03-16T06:30:00+0530,2026-03-16T06:30:00+0530,16-03-2026,Brent,Brent Crude Oil Futures,ICE,60m,FRONT_MONTH_CONTINUOUS,BRN1!,RECONSTRUCTED_FROM_DAILY,See methodology_and_sources.md,100,100,100,100,0,USD,8750,8750,8750,8750,87.5,global_reopen_pre_mcx,none,ESTIMATED_FROM_DAILY_OHLC_USING_SESSION_HEURISTICS_NOT_REAL_INTRADAY_DATA
2026-03-16T07:30:00+0530,2026-03-16T07:30:00+0530,16-03-2026,Brent,Brent Crude Oil Futures,ICE,60m,FRONT_MONTH_CONTINUOUS,BRN1!,RECONSTRUCTED_FROM_DAILY,See methodology_and_sources.md,100,100.08,100,100.08,0,USD,8750,8757.29,8750,8757.29,87.5,global_reopen_pre_mcx,none,ESTIMATED_FROM_DAILY_OHLC_USING_SESSION_HEURISTICS_NOT_REAL_INTRADAY_DATA
2026-03-16T08:30:00+0530,2026-03-16T08:30:00+0530,16-03-2026,Brent,Brent Crude Oil Futures,ICE,60m,FRONT_MONTH_CONTINUOUS,BRN1!,RECONSTRUCTED_FROM_DAILY,See methodology_and_sources.md,100.08,100.11,100.08,100.11,0,USD,8757.29,8759.53,8757.29,8759.53,87.5,global_reopen_pre_mcx,none,ESTIMATED_FROM_DAILY_OHLC_USING_SESSION_HEURISTICS_NOT_REAL_INTRADAY_DATA
2026-03-16T09:30:00+0530,2026-03-16T09:30:00+0530,16-03-2026,Brent,Brent Crude Oil Futures,ICE,60m,FRONT_MONTH_CONTINUOUS,BRN1!,RECONSTRUCTED_FROM_DAILY,See methodology_and_sources.md,100.11,100.18,100.11,100.18,0,USD,8759.53,8765.61,8759.53,8765.61,87.5,mcx_open_drive,none,ESTIMATED_FROM_DAILY_OHLC_USING_SESSION_HEURISTICS_NOT_REAL_INTRADAY_DATA
2026-03-16T10:30:00+0530,2026-03-16T10:30:00+0530,16-03-2026,Brent,Brent Crude Oil Futures,ICE,60m,FRONT_MONTH_CONTINUOUS,BRN1!,RECONSTRUCTED_FROM_DAILY,See methodology_and_sources.md,100.18,100.18,100.16,100.16,0,USD,8765.61,8765.61,8763.78,8763.78,87.5,india_morning,none,ESTIMATED_FROM_DAILY_OHLC_USING_SESSION_HEURISTICS_NOT_REAL_INTRADAY_DATA
2026-03-16T11:30:00+0530,2026-03-16T11:30:00+0530,16-03-2026,Brent,Brent Crude Oil Futures,ICE,60m,FRONT_MONTH_CONTINUOUS,BRN1!,RECONSTRUCTED_FROM_DAILY,See methodology_and_sources.md,100.16,100.26,100.16,100.26,0,USD,8763.78,8772.95,8763.78,8772.95,87.5,india_morning,none,ESTIMATED_FROM_DAILY_OHLC_USING_SESSION_HEURISTICS_NOT_REAL_INTRADAY_DATA
2026-03-16T12:30:00+0530,2026-03-16T12:30:00+0530,16-03-2026,Brent,Brent Crude Oil Futures,ICE,60m,FRONT_MONTH_CONTINUOUS,BRN1!,RECONSTRUCTED_FROM_DAILY,See methodology_and_sources.md,100.26,100.27,100.26,100.27,0,USD,8772.95,8773.81,8772.95,8773.81,87.5,india_midday,none,ESTIMATED_FROM_DAILY_OHLC_USING_SESSION_HEURISTICS_NOT_REAL_INTRADAY_DATA
2026-03-16T13:30:00+0530,2026-03-16T13:30:00+0530,16-03-2026,Brent,Brent Crude Oil Futures,ICE,60m,FRONT_MONTH_CONTINUOUS,BRN1!,RECONSTRUCTED_FROM_DAILY,See methodology_and_sources.md,100.27,100.29,100.27,100.29,0,USD,8773.81,8775.38,8773.81,8775.38,87.5,india_midday,none,ESTIMATED_FROM_DAILY_OHLC_USING_SESSION_HEURISTICS_NOT_REAL_INTRADAY_DATA
2026-03-16T14:30:00+0530,2026-03-16T14:30:00+0530,16-03-2026,Brent,Brent Crude Oil Futures,ICE,60m,FRONT_MONTH_CONTINUOUS,BRN1!,RECONSTRUCTED_FROM_DAILY,See methodology_and_sources.md,100.29,100.36,100.29,100.36,0,USD,8775.38,8781.87,8775.38,8781.87,87.5,india_midday,none,ESTIMATED_FROM_DAILY_OHLC_USING_SESSION_HEURISTICS_NOT_REAL_INTRADAY_DATA
2026-03-16T15:30:00+0530,2026-03-16T15:30:00+0530,16-03-2026,Brent,Brent Crude Oil Futures,ICE,60m,FRONT_MONTH_CONTINUOUS,BRN1!,RECONSTRUCTED_FROM_DAILY,See methodology_and_sources.md,100.36,100.39,100.36,100.39,0,USD,8781.87,8784.22,8781.87,8784.22,87.5,europe_open,first_30m_after_europe_open,ESTIMATED_FROM_DAILY_OHLC_USING_SESSION_HEURISTICS_NOT_REAL_INTRADAY_DATA
2026-03-16T16:30:00+0530,2026-03-16T16:30:00+0530,16-03-2026,Brent,Brent Crude Oil Futures,ICE,60m,FRONT_MONTH_CONTINUOUS,BRN1!,RECONSTRUCTED_FROM_DAILY,See methodology_and_sources.md,100.39,100.39,100.38,100.38,0,USD,8784.22,8784.22,8783.5,8783.5,87.5,europe_open,none,ESTIMATED_FROM_DAILY_OHLC_USING_SESSION_HEURISTICS_NOT_REAL_INTRADAY_DATA
2026-03-16T17:30:00+0530,2026-03-16T17:30:00+0530,16-03-2026,Brent,Brent Crude Oil Futures,ICE,60m,FRONT_MONTH_CONTINUOUS,BRN1!,RECONSTRUCTED_FROM_DAILY,See methodology_and_sources.md,100.38,100.42,100.38,100.42,0,USD,8783.5,8786.61,8783.5,8786.61,87.5,europe_mid,none,ESTIMATED_FROM_DAILY_OHLC_USING_SESSION_HEURISTICS_NOT_REAL_INTRADAY_DATA
2026-03-16T18:30:00+0530,2026-03-16T18:30:00+0530,16-03-2026,Brent,Brent Crude Oil Futures,ICE,60m,FRONT_MONTH_CONTINUOUS,BRN1!,RECONSTRUCTED_FROM_DAILY,See methodology_and_sources.md,100.42,100.53,100.42,100.53,0,USD,8786.61,8796.8,8786.61,8796.8,87.5,europe_mid,none,ESTIMATED_FROM_DAILY_OHLC_USING_SESSION_HEURISTICS_NOT_REAL_INTRADAY_DATA
2026-03-16T19:30:00+0530,2026-03-16T19:30:00+0530,16-03-2026,Brent,Brent Crude Oil Futures,ICE,60m,FRONT_MONTH_CONTINUOUS,BRN1!,RECONSTRUCTED_FROM_DAILY,See methodology_and_sources.md,100.53,100.65,100.53,100.65,0,USD,8796.8,8806.65,8796.8,8806.65,87.5,europe_mid,none,ESTIMATED_FROM_DAILY_OHLC_USING_SESSION_HEURISTICS_NOT_REAL_INTRADAY_DATA
2026-03-16T20:30:00+0530,2026-03-16T20:30:00+0530,16-03-2026,Brent,Brent Crude Oil Futures,ICE,60m,FRONT_MONTH_CONTINUOUS,BRN1!,RECONSTRUCTED_FROM_DAILY,See methodology_and_sources.md,100.65,100.65,100.58,100.58,0,USD,8806.65,8806.65,8800.81,8800.81,87.5,us_pre_open,none,ESTIMATED_FROM_DAILY_OHLC_USING_SESSION_HEURISTICS_NOT_REAL_INTRADAY_DATA
2026-03-16T21:30:00+0530,2026-03-16T21:30:00+0530,16-03-2026,Brent,Brent Crude Oil Futures,ICE,60m,FRONT_MONTH_CONTINUOUS,BRN1!,RECONSTRUCTED_FROM_DAILY,See methodology_and_sources.md,100.58,100.58,100.52,100.52,0,USD,8800.81,8800.81,8795.93,8795.93,87.5,us_open,first_hour_after_us_open,ESTIMATED_FROM_DAILY_OHLC_USING_SESSION_HEURISTICS_NOT_REAL_INTRADAY_DATA
2026-03-16T22:30:00+0530,2026-03-16T22:30:00+0530,16-03-2026,Brent,Brent Crude Oil Futures,ICE,60m,FRONT_MONTH_CONTINUOUS,BRN1!,RECONSTRUCTED_FROM_DAILY,See methodology_and_sources.md,100.52,100.52,100.48,100.48,0,USD,8795.93,8795.93,8792.06,8792.06,87.5,us_open,final_hour_before_mcx_close,ESTIMATED_FROM_DAILY_OHLC_USING_SESSION_HEURISTICS_NOT_REAL_INTRADAY_DATA
2026-03-16T23:30:00+0530,2026-03-16T23:30:00+0530,16-03-2026,Brent,Brent Crude Oil Futures,ICE,60m,FRONT_MONTH_CONTINUOUS,BRN1!,RECONSTRUCTED_FROM_DAILY,See methodology_and_sources.md,100.48,110,100.48,110,0,USD,8792.06,9625,8792.06,9625,87.5,mcx_tail,none,ESTIMATED_FROM_DAILY_OHLC_USING_SESSION_HEURISTICS_NOT_REAL_INTRADAY_DATA
2026-03-17T00:30:00+0530,2026-03-17T00:30:00+0530,16-03-2026,Brent,Brent Crude Oil Futures,ICE,60m,FRONT_MONTH_CONTINUOUS,BRN1!,RECONSTRUCTED_FROM_DAILY,See methodology_and_sources.md,110,110,110,110,0,USD,9625,9625,9625,9625,87.5,other_valid_hours,none,ESTIMATED_FROM_DAILY_OHLC_USING_SESSION_HEURISTICS_NOT_REAL_INTRADAY_DATA
2026-03-17T03:30:00+0530,2026-03-17T03:30:00+0530,17-03-2026,Brent,Brent Crude Oil Futures,ICE,60m,FRONT_MONTH_CONTINUOUS,BRN1!,RECONSTRUCTED_FROM_DAILY,See methodology_and_sources.md,110,110,109.94,109.94,0,USD,9630.5,9630.5,9625.01,9625.01,87.55,global_reopen_pre_mcx,none,ESTIMATED_FROM_DAILY_OHLC_USING_SESSION_HEURISTICS_NOT_REAL_INTRADAY_DATA
2026-03-17T04:30:00+0530,2026-03-17T04:30:00+0530,17-03-2026,Brent,Brent Crude Oil Futures,ICE,60m,FRONT_MONTH_CONTINUOUS,BRN1!,RECONSTRUCTED_FROM_DAILY,See methodology_and_sources.md,109.94,109.98,109.94,109.98,0,USD,9625.01,9628.89,9625.01,9628.89,87.55,global_reopen_pre_mcx,none,ESTIMATED_FROM_DAILY_OHLC_USING_SESSION_HEURISTICS_NOT_REAL_INTRADAY_DATA
2026-03-17T05:30:00+0530,2026-03-17T05:30:00+0530,17-03-2026,Brent,Brent Crude Oil Futures,ICE,60m,FRONT_MONTH_CONTINUOUS,BRN1!,RECONSTRUCTED_FROM_DAILY,See methodology_and_sources.md,109.98,110.01,109.98,110.01,0,USD,9628.89,9630.96,9628.89,9630.96,87.55,global_reopen_pre_mcx,none,ESTIMATED_FROM_DAILY_OHLC_USING_SESSION_HEURISTICS_NOT_REAL_INTRADAY_DATA
2026-03-17T06:30:00+0530,2026-03-17T06:30:00+0530,17-03-2026,Brent,Brent Crude Oil Futures,ICE,60m,FRONT_MONTH_CONTINUOUS,BRN1!,RECONSTRUCTED_FROM_DAILY,See methodology_and_sources.md,110.01,110.01,109.97,109.97,0,USD,9630.96,9630.96,9628.15,9628.15,87.55,global_reopen_pre_mcx,none,ESTIMATED_FROM_DAILY_OHLC_USING_SESSION_HEURISTICS_NOT_REAL_INTRADAY_DATA
2026-03-17T07:30:00+0530,2026-03-17T07:30:00+0530,17-03-2026,Brent,Brent Crude Oil Futures,ICE,60m,FRONT_MONTH_CONTINUOUS,BRN1!,RECONSTRUCTED_FROM_DAILY,See methodology_and_sources.md,109.97,110.03,109.97,110.03,0,USD,9628.15,9633.38,9628.15,9633.38,87.55,global_reopen_pre_mcx,none,ESTIMATED_FROM_DAILY_OHLC_USING_SESSION_HEURISTICS_NOT_REAL_INTRADAY_DATA
2026-03-17T08:30:00+0530,2026-03-17T08:30:00+0530,17-03-2026,Brent,Brent Crude Oil Futures,ICE,60m,FRONT_MONTH_CONTINUOUS,BRN1!,RECONSTRUCTED_FROM_DAILY,See methodology_and_sources.md,110.03,110.04,110.03,110.04,0,USD,9633.38,9634.07,9633.38,9634.07,87.55,global_reopen_pre_mcx,none,ESTIMATED_FROM_DAILY_OHLC_USING_SESSION_HEURISTICS_NOT_REAL_INTRADAY_DATA
2026-03-17T09:30:00+0530,2026-03-17T09:30:00+0530,17-03-2026,Brent,Brent Crude Oil Futures,ICE,60m,FRONT_MONTH_CONTINUOUS,BRN1!,RECONSTRUCTED_FROM_DAILY,See methodology_and_sources.md,110.04,110.06,110.04,110.06,0,USD,9634.07,9635.92,9634.07,9635.92,87.55,mcx_open_drive,none,ESTIMATED_FROM_DAILY_OHLC_USING_SESSION_HEURISTICS_NOT_REAL_INTRADAY_DATA
2026-03-17T10:30:00+0530,2026-03-17T10:30:00+0530,17-03-2026,Brent,Brent Crude Oil Futures,ICE,60m,FRONT_MONTH_CONTINUOUS,BRN1!,RECONSTRUCTED_FROM_DAILY,See methodology_and_sources.md,110.06,110.11,110.06,110.11,0,USD,9635.92,9639.91,9635.92,9639.91,87.55,india_morning,none,ESTIMATED_FROM_DAILY_OHLC_USING_SESSION_HEURISTICS_NOT_REAL_INTRADAY_DATA
2026-03-17T11:30:00+0530,2026-03-17T11:30:00+0530,17-03-2026,Brent,Brent Crude Oil Futures,ICE,60m,FRONT_MONTH_CONTINUOUS,BRN1!,RECONSTRUCTED_FROM_DAILY,See methodology_and_sources.md,110.11,110.11,110.1,110.1,0,USD,9639.91,9639.91,9639.32,9639.32,87.55,india_morning,none,ESTIMATED_FROM_DAILY_OHLC_USING_SESSION_HEURISTICS_NOT_REAL_INTRADAY_DATA
2026-03-17T12:30:00+0530,2026-03-17T12:30:00+0530,17-03-2026,Brent,Brent Crude Oil Futures,ICE,60m,FRONT_MONTH_CONTINUOUS,BRN1!,RECONSTRUCTED_FROM_DAILY,See methodology_and_sources.md,110.1,110.11,110.1,110.11,0,USD,9639.32,9639.95,9639.32,9639.95,87.55,india_midday,none,ESTIMATED_FROM_DAILY_OHLC_USING_SESSION_HEURISTICS_NOT_REAL_INTRADAY_DATA
2026-03-17T13:30:00+0530,2026-03-17T13:30:00+0530,17-03-2026,Brent,Brent Crude Oil Futures,ICE,60m,FRONT_MONTH_CONTINUOUS,BRN1!,RECONSTRUCTED_FROM_DAILY,See methodology_and_sources.md,110.11,110.12,110.11,110.12,0,USD,9639.95,9640.81,9639.95,9640.81,87.55,india_midday,none,ESTIMATED_FROM_DAILY_OHLC_USING_SESSION_HEURISTICS_NOT_REAL_INTRADAY_DATA
2026-03-17T14:30:00+0530,2026-03-17T14:30:00+0530,17-03-2026,Brent,Brent Crude Oil Futures,ICE,60m,FRONT_MONTH_CONTINUOUS,BRN1!,RECONSTRUCTED_FROM_DAILY,See methodology_and_sources.md,110.12,110.12,110.02,110.02,0,USD,9640.81,9640.81,9632.38,9632.38,87.55,india_midday,none,ESTIMATED_FROM_DAILY_OHLC_USING_SESSION_HEURISTICS_NOT_REAL_INTRADAY_DATA
2026-03-17T15:30:00+0530,2026-03-17T15:30:00+0530,17-03-2026,Brent,Brent Crude Oil Futures,ICE,60m,FRONT_MONTH_CONTINUOUS,BRN1!,RECONSTRUCTED_FROM_DAILY,See methodology_and_sources.md,110.02,110.06,110.02,110.06,0,USD,9632.38,9635.56,9632.38,9635.56,87.55,europe_open,first_30m_after_europe_open,ESTIMATED_FROM_DAILY_OHLC_USING_SESSION_HEURISTICS_NOT_REAL_INTRADAY_DATA
2026-03-17T16:30:00+0530,2026-03-17T16:30:00+0530,17-03-2026,Brent,Brent Crude Oil Futures,ICE,60m,FRONT_MONTH_CONTINUOUS,BRN1!,RECONSTRUCTED_FROM_DAILY,See methodology_and_sources.md,110.06,110.06,110,110,0,USD,9635.56,9635.56,9630.74,9630.74,87.55,europe_open,none,ESTIMATED_FROM_DAILY_OHLC_USING_SESSION_HEURISTICS_NOT_REAL_INTRADAY_DATA
2026-03-17T17:30:00+0530,2026-03-17T17:30:00+0530,17-03-2026,Brent,Brent Crude Oil Futures,ICE,60m,FRONT_MONTH_CONTINUOUS,BRN1!,RECONSTRUCTED_FROM_DAILY,See methodology_and_sources.md,110,110.08,110,110.08,0,USD,9630.74,9637.22,9630.74,9637.22,87.55,europe_mid,none,ESTIMATED_FROM_DAILY_OHLC_USING_SESSION_HEURISTICS_NOT_REAL_INTRADAY_DATA
2026-03-17T18:30:00+0530,2026-03-17T18:30:00+0530,17-03-2026,Brent,Brent Crude Oil Futures,ICE,60m,FRONT_MONTH_CONTINUOUS,BRN1!,RECONSTRUCTED_FROM_DAILY,See methodology_and_sources.md,110.08,110.12,110.08,110.12,0,USD,9637.22,9641.16,9637.22,9641.16,87.55,europe_mid,none,ESTIMATED_FROM_DAILY_OHLC_USING_SESSION_HEURISTICS_NOT_REAL_INTRADAY_DATA
2026-03-17T19:30:00+0530,2026-03-17T19:30:00+0530,17-03-2026,Brent,Brent Crude Oil Futures,ICE,60m,FRONT_MONTH_CONTINUOUS,BRN1!,RECONSTRUCTED_FROM_DAILY,See methodology_and_sources.md,110.12,110.12,110.12,110.12,0,USD,9641.16,9641.2,9641.16,9641.2,87.55,europe_mid,none,ESTIMATED_FROM_DAILY_OHLC_USING_SESSION_HEURISTICS_NOT_REAL_INTRADAY_DATA
2026-03-17T20:30:00+0530,2026-03-17T20:30:00+0530,17-03-2026,Brent,Brent Crude Oil Futures,ICE,60m,FRONT_MONTH_CONTINUOUS,BRN1!,RECONSTRUCTED_FROM_DAILY,See methodology_and_sources.md,110.12,110.12,110.12,110.12,0,USD,9641.2,9641.2,9641.11,9641.11,87.55,us_pre_open,none,ESTIMATED_FROM_DAILY_OHLC_USING_SESSION_HEURISTICS_NOT_REAL_INTRADAY_DATA
2026-03-17T21:30:00+0530,2026-03-17T21:30:00+0530,17-03-2026,Brent,Brent Crude Oil Futures,ICE,60m,FRONT_MONTH_CONTINUOUS,BRN1!,RECONSTRUCTED_FROM_DAILY,See methodology_and_sources.md,110.12,110.12,110.09,110.09,0,USD,9641.11,9641.11,9638.08,9638.08,87.55,us_open,first_hour_after_us_open,ESTIMATED_FROM_DAILY_OHLC_USING_SESSION_HEURISTICS_NOT_REAL_INTRADAY_DATA
2026-03-17T22:30:00+0530,2026-03-17T22:30:00+0530,17-03-2026,Brent,Brent Crude Oil Futures,ICE,60m,FRONT_MONTH_CONTINUOUS,BRN1!,RECONSTRUCTED_FROM_DAILY,See methodology_and_sources.md,110.09,110.09,110.08,110.08,0,USD,9638.08,9638.08,9637.21,9637.21,87.55,us_open,final_hour_before_mcx_close,ESTIMATED_FROM_DAILY_OHLC_USING_SESSION_HEURISTICS_NOT_REAL_INTRADAY_DATA
2026-03-17T23:30:00+0530,2026-03-17T23:30:00+0530,17-03-2026,Brent,Brent Crude Oil Futures,ICE,60m,FRONT_MONTH_CONTINUOUS,BRN1!,RECONSTRUCTED_FROM_DAILY,See methodology_and_sources.md,110.08,110.08,104,104,0,USD,9637.21,9637.21,9105.2,9105.2,87.55,mcx_tail,none,ESTIMATED_FROM_DAILY_OHLC_USING_SESSION_HEURISTICS_NOT_REAL_INTRADAY_DATA
2026-03-18T00:30:00+0530,2026-03-18T00:30:00+0530,17-03-2026,Brent,Brent Crude Oil Futures,ICE,60m,FRONT_MONTH_CONTINUOUS,BRN1!,RECONSTRUCTED_FROM_DAILY,See methodology_and_sources.md,104,104,104,104,0,USD,9105.2,9105.2,9105.2,9105.2,87.55,other_valid_hours,none,ESTIMATED_FROM_DAILY_OHLC_USING_SESSION_HEURISTICS_NOT_REAL_INTRADAY_DATA
2026-03-18T03:30:00+0530,2026-03-18T03:30:00+0530,18-03-2026,Brent,Brent Crude Oil Futures,ICE,60m,FRONT_MONTH_CONTINUOUS,BRN1!,RECONSTRUCTED_FROM_DAILY,See methodology_and_sources.md,104,104.05,104,104.05,0,USD,9110.4,9114.44,9110.4,9114.44,87.6,global_reopen_pre_mcx,none,ESTIMATED_FROM_DAILY_OHLC_USING_SESSION_HEURISTICS_NOT_REAL_INTRADAY_DATA
2026-03-18T04:30:00+0530,2026-03-18T04:30:00+0530,18-03-2026,Brent,Brent Crude Oil Futures,ICE,60m,FRONT_MONTH_CONTINUOUS,BRN1!,RECONSTRUCTED_FROM_DAILY,See methodology_and_sources.md,104.05,104.05,104.02,104.02,0,USD,9114.44,9114.44,9112.25,9112.25,87.6,global_reopen_pre_mcx,none,ESTIMATED_FROM_DAILY_OHLC_USING_SESSION_HEURISTICS_NOT_REAL_INTRADAY_DATA
2026-03-18T05:30:00+0530,2026-03-18T05:30:00+0530,18-03-2026,Brent,Brent Crude Oil Futures,ICE,60m,FRONT_MONTH_CONTINUOUS,BRN1!,RECONSTRUCTED_FROM_DAILY,See methodology_and_sources.md,104.02,104.02,104.02,104.02,0,USD,9112.25,9112.25,9112.19,9112.19,87.6,global_reopen_pre_mcx,none,ESTIMATED_FROM_DAILY_OHLC_USING_SESSION_HEURISTICS_NOT_REAL_INTRADAY_DATA
2026-03-18T06:30:00+0530,2026-03-18T06:30:00+0530,18-03-2026,Brent,Brent Crude Oil Futures,ICE,60m,FRONT_MONTH_CONTINUOUS,BRN1!,RECONSTRUCTED_FROM_DAILY,See methodology_and_sources.md,104.02,104.02,104,104,0,USD,9112.19,9112.19,9110.4,9110.4,87.6,global_reopen_pre_mcx,none,ESTIMATED_FROM_DAILY_OHLC_USING_SESSION_HEURISTICS_NOT_REAL_INTRADAY_DATA
2026-03-18T07:30:00+0530,2026-03-18T07:30:00+0530,18-03-2026,Brent,Brent Crude Oil Futures,ICE,60m,FRONT_MONTH_CONTINUOUS,BRN1!,RECONSTRUCTED_FROM_DAILY,See methodology_and_sources.md,104,104,104,104,0,USD,9110.4,9110.4,9110.4,9110.4,87.6,global_reopen_pre_mcx,none,ESTIMATED_FROM_DAILY_OHLC_USING_SESSION_HEURISTICS_NOT_REAL_INTRADAY_DATA
2026-03-18T08:30:00+0530,2026-03-18T08:30:00+0530,18-03-2026,Brent,Brent Crude Oil Futures,ICE,60m,FRONT_MONTH_CONTINUOUS,BRN1!,RECONSTRUCTED_FROM_DAILY,See methodology_and_sources.md,104,104,104,104,0,USD,9110.4,9110.4,9110.4,9110.4,87.6,global_reopen_pre_mcx,none,ESTIMATED_FROM_DAILY_OHLC_USING_SESSION_HEURISTICS_NOT_REAL_INTRADAY_DATA
2026-03-18T09:30:00+0530,2026-03-18T09:30:00+0530,18-03-2026,Brent,Brent Crude Oil Futures,ICE,60m,FRONT_MONTH_CONTINUOUS,BRN1!,RECONSTRUCTED_FROM_DAILY,See methodology_and_sources.md,104,104,104,104,0,USD,9110.4,9110.4,9110.4,9110.4,87.6,mcx_open_drive,none,ESTIMATED_FROM_DAILY_OHLC_USING_SESSION_HEURISTICS_NOT_REAL_INTRADAY_DATA
2026-03-18T10:30:00+0530,2026-03-18T10:30:00+0530,18-03-2026,Brent,Brent Crude Oil Futures,ICE,60m,FRONT_MONTH_CONTINUOUS,BRN1!,RECONSTRUCTED_FROM_DAILY,See methodology_and_sources.md,104,104.01,104,104.01,0,USD,9110.4,9111.46,9110.4,9111.46,87.6,india_morning,none,ESTIMATED_FROM_DAILY_OHLC_USING_SESSION_HEURISTICS_NOT_REAL_INTRADAY_DATA
2026-03-18T11:30:00+0530,2026-03-18T11:30:00+0530,18-03-2026,Brent,Brent Crude Oil Futures,ICE,60m,FRONT_MONTH_CONTINUOUS,BRN1!,RECONSTRUCTED_FROM_DAILY,See methodology_and_sources.md,104.01,104.03,104.01,104.03,0,USD,9111.46,9112.64,9111.46,9112.64,87.6,india_morning,none,ESTIMATED_FROM_DAILY_OHLC_USING_SESSION_HEURISTICS_NOT_REAL_INTRADAY_DATA
2026-03-18T12:30:00+0530,2026-03-18T12:30:00+0530,18-03-2026,Brent,Brent Crude Oil Futures,ICE,60m,FRONT_MONTH_CONTINUOUS,BRN1!,RECONSTRUCTED_FROM_DAILY,See methodology_and_sources.md,104.03,104.03,104,104,0,USD,9112.64,9112.64,9110.4,9110.4,87.6,india_midday,none,ESTIMATED_FROM_DAILY_OHLC_USING_SESSION_HEURISTICS_NOT_REAL_INTRADAY_DATA
2026-03-18T13:30:00+0530,2026-03-18T13:30:00+0530,18-03-2026,Brent,Brent Crude Oil Futures,ICE,60m,FRONT_MONTH_CONTINUOUS,BRN1!,RECONSTRUCTED_FROM_DAILY,See methodology_and_sources.md,104,104,104,104,0,USD,9110.4,9110.65,9110.4,9110.65,87.6,india_midday,none,ESTIMATED_FROM_DAILY_OHLC_USING_SESSION_HEURISTICS_NOT_REAL_INTRADAY_DATA
2026-03-18T14:30:00+0530,2026-03-18T14:30:00+0530,18-03-2026,Brent,Brent Crude Oil Futures,ICE,60m,FRONT_MONTH_CONTINUOUS,BRN1!,RECONSTRUCTED_FROM_DAILY,See methodology_and_sources.md,104,104.13,104,104.13,0,USD,9110.65,9121.61,9110.65,9121.61,87.6,india_midday,none,ESTIMATED_FROM_DAILY_OHLC_USING_SESSION_HEURISTICS_NOT_REAL_INTRADAY_DATA
2026-03-18T15:30:00+0530,2026-03-18T15:30:00+0530,18-03-2026,Brent,Brent Crude Oil Futures,ICE,60m,FRONT_MONTH_CONTINUOUS,BRN1!,RECONSTRUCTED_FROM_DAILY,See methodology_and_sources.md,104.13,104.13,104.11,104.11,0,USD,9121.61,9121.61,9119.83,9119.83,87.6,europe_open,first_30m_after_europe_open,ESTIMATED_FROM_DAILY_OHLC_USING_SESSION_HEURISTICS_NOT_REAL_INTRADAY_DATA
2026-03-18T16:30:00+0530,2026-03-18T16:30:00+0530,18-03-2026,Brent,Brent Crude Oil Futures,ICE,60m,FRONT_MONTH_CONTINUOUS,BRN1!,RECONSTRUCTED_FROM_DAILY,See methodology_and_sources.md,104.11,104.11,104.08,104.08,0,USD,9119.83,9119.83,9117.35,9117.35,87.6,europe_open,none,ESTIMATED_FROM_DAILY_OHLC_USING_SESSION_HEURISTICS_NOT_REAL_INTRADAY_DATA
2026-03-18T17:30:00+0530,2026-03-18T17:30:00+0530,18-03-2026,Brent,Brent Crude Oil Futures,ICE,60m,FRONT_MONTH_CONTINUOUS,BRN1!,RECONSTRUCTED_FROM_DAILY,See methodology_and_sources.md,104.08,104.12,104.08,104.12,0,USD,9117.35,9120.84,9117.35,9120.84,87.6,europe_mid,none,ESTIMATED_FROM_DAILY_OHLC_USING_SESSION_HEURISTICS_NOT_REAL_INTRADAY_DATA
2026-03-18T18:30:00+0530,2026-03-18T18:30:00+0530,18-03-2026,Brent,Brent Crude Oil Futures,ICE,60m,FRONT_MONTH_CONTINUOUS,BRN1!,RECONSTRUCTED_FROM_DAILY,See methodology_and_sources.md,104.12,104.12,104.02,104.02,0,USD,9120.84,9120.84,9112.08,9112.08,87.6,europe_mid,none,ESTIMATED_FROM_DAILY_OHLC_USING_SESSION_HEURISTICS_NOT_REAL_INTRADAY_DATA
2026-03-18T19:30:00+0530,2026-03-18T19:30:00+0530,18-03-2026,Brent,Brent Crude Oil Futures,ICE,60m,FRONT_MONTH_CONTINUOUS,BRN1!,RECONSTRUCTED_FROM_DAILY,See methodology_and_sources.md,104.02,104.02,104,104,0,USD,9112.08,9112.08,9110.4,9110.4,87.6,europe_mid,none,ESTIMATED_FROM_DAILY_OHLC_USING_SESSION_HEURISTICS_NOT_REAL_INTRADAY_DATA
2026-03-18T20:30:00+0530,2026-03-18T20:30:00+0530,18-03-2026,Brent,Brent Crude Oil Futures,ICE,60m,FRONT_MONTH_CONTINUOUS,BRN1!,RECONSTRUCTED_FROM_DAILY,See methodology_and_sources.md,104,104.05,104,104.05,0,USD,9110.4,9114.66,9110.4,9114.66,87.6,us_pre_open,none,ESTIMATED_FROM_DAILY_OHLC_USING_SESSION_HEURISTICS_NOT_REAL_INTRADAY_DATA
2026-03-18T21:30:00+0530,2026-03-18T21:30:00+0530,18-03-2026,Brent,Brent Crude Oil Futures,ICE,60m,FRONT_MONTH_CONTINUOUS,BRN1!,RECONSTRUCTED_FROM_DAILY,See methodology_and_sources.md,104.05,104.05,104.04,104.04,0,USD,9114.66,9114.66,9113.63,9113.63,87.6,us_open,first_hour_after_us_open,ESTIMATED_FROM_DAILY_OHLC_USING_SESSION_HEURISTICS_NOT_REAL_INTRADAY_DATA
2026-03-18T22:30:00+0530,2026-03-18T22:30:00+0530,18-03-2026,Brent,Brent Crude Oil Futures,ICE,60m,FRONT_MONTH_CONTINUOUS,BRN1!,RECONSTRUCTED_FROM_DAILY,See methodology_and_sources.md,104.04,104.04,104,104,0,USD,9113.63,9113.63,9110.64,9110.64,87.6,us_open,final_hour_before_mcx_close,ESTIMATED_FROM_DAILY_OHLC_USING_SESSION_HEURISTICS_NOT_REAL_INTRADAY_DATA
2026-03-18T23:30:00+0530,2026-03-18T23:30:00+0530,18-03-2026,Brent,Brent Crude Oil Futures,ICE,60m,FRONT_MONTH_CONTINUOUS,BRN1!,RECONSTRUCTED_FROM_DAILY,See methodology_and_sources.md,104,112,104,112,0,USD,9110.64,9811.2,9110.64,9811.2,87.6,mcx_tail,none,ESTIMATED_FROM_DAILY_OHLC_USING_SESSION_HEURISTICS_NOT_REAL_INTRADAY_DATA
2026-03-19T00:30:00+0530,2026-03-19T00:30:00+0530,18-03-2026,Brent,Brent Crude Oil Futures,ICE,60m,FRONT_MONTH_CONTINUOUS,BRN1!,RECONSTRUCTED_FROM_DAILY,See methodology_and_sources.md,112,112,112,112,0,USD,9811.2,9811.2,9811.2,9811.2,87.6,other_valid_hours,none,ESTIMATED_FROM_DAILY_OHLC_USING_SESSION_HEURISTICS_NOT_REAL_INTRADAY_DATA
2026-03-19T03:30:00+0530,2026-03-19T03:30:00+0530,19-03-2026,Brent,Brent Crude Oil Futures,ICE,60m,FRONT_MONTH_CONTINUOUS,BRN1!,RECONSTRUCTED_FROM_DAILY,See methodology_and_sources.md,112,112,111.96,111.96,0,USD,9816.8,9816.8,9813.38,9813.38,87.65,global_reopen_pre_mcx,none,ESTIMATED_FROM_DAILY_OHLC_USING_SESSION_HEURISTICS_NOT_REAL_INTRADAY_DATA
2026-03-19T04:30:00+0530,2026-03-19T04:30:00+0530,19-03-2026,Brent,Brent Crude Oil Futures,ICE,60m,FRONT_MONTH_CONTINUOUS,BRN1!,RECONSTRUCTED_FROM_DAILY,See methodology_and_sources.md,111.96,111.96,111.96,111.96,0,USD,9813.38,9813.38,9813,9813,87.65,global_reopen_pre_mcx,none,ESTIMATED_FROM_DAILY_OHLC_USING_SESSION_HEURISTICS_NOT_REAL_INTRADAY_DATA
2026-03-19T05:30:00+0530,2026-03-19T05:30:00+0530,19-03-2026,Brent,Brent Crude Oil Futures,ICE,60m,FRONT_MONTH_CONTINUOUS,BRN1!,RECONSTRUCTED_FROM_DAILY,See methodology_and_sources.md,111.96,111.97,111.96,111.97,0,USD,9813,9814.39,9813,9814.39,87.65,global_reopen_pre_mcx,none,ESTIMATED_FROM_DAILY_OHLC_USING_SESSION_HEURISTICS_NOT_REAL_INTRADAY_DATA
2026-03-19T06:30:00+0530,2026-03-19T06:30:00+0530,19-03-2026,Brent,Brent Crude Oil Futures,ICE,60m,FRONT_MONTH_CONTINUOUS,BRN1!,RECONSTRUCTED_FROM_DAILY,See methodology_and_sources.md,111.97,111.97,111.94,111.94,0,USD,9814.39,9814.39,9811.77,9811.77,87.65,global_reopen_pre_mcx,none,ESTIMATED_FROM_DAILY_OHLC_USING_SESSION_HEURISTICS_NOT_REAL_INTRADAY_DATA
2026-03-19T07:30:00+0530,2026-03-19T07:30:00+0530,19-03-2026,Brent,Brent Crude Oil Futures,ICE,60m,FRONT_MONTH_CONTINUOUS,BRN1!,RECONSTRUCTED_FROM_DAILY,See methodology_and_sources.md,111.94,111.94,111.86,111.86,0,USD,9811.77,9811.77,9804.94,9804.94,87.65,global_reopen_pre_mcx,none,ESTIMATED_FROM_DAILY_OHLC_USING_SESSION_HEURISTICS_NOT_REAL_INTRADAY_DATA
2026-03-19T08:30:00+0530,2026-03-19T08:30:00+0530,19-03-2026,Brent,Brent Crude Oil Futures,ICE,60m,FRONT_MONTH_CONTINUOUS,BRN1!,RECONSTRUCTED_FROM_DAILY,See methodology_and_sources.md,111.86,111.89,111.86,111.89,0,USD,9804.94,9807.31,9804.94,9807.31,87.65,global_reopen_pre_mcx,none,ESTIMATED_FROM_DAILY_OHLC_USING_SESSION_HEURISTICS_NOT_REAL_INTRADAY_DATA
2026-03-19T09:30:00+0530,2026-03-19T09:30:00+0530,19-03-2026,Brent,Brent Crude Oil Futures,ICE,60m,FRONT_MONTH_CONTINUOUS,BRN1!,RECONSTRUCTED_FROM_DAILY,See methodology_and_sources.md,111.89,111.89,111.77,111.77,0,USD,9807.31,9807.31,9796.3,9796.3,87.65,mcx_open_drive,none,ESTIMATED_FROM_DAILY_OHLC_USING_SESSION_HEURISTICS_NOT_REAL_INTRADAY_DATA
2026-03-19T10:30:00+0530,2026-03-19T10:30:00+0530,19-03-2026,Brent,Brent Crude Oil Futures,ICE,60m,FRONT_MONTH_CONTINUOUS,BRN1!,RECONSTRUCTED_FROM_DAILY,See methodology_and_sources.md,111.77,111.83,111.77,111.83,0,USD,9796.3,9802.26,9796.3,9802.26,87.65,india_morning,none,ESTIMATED_FROM_DAILY_OHLC_USING_SESSION_HEURISTICS_NOT_REAL_INTRADAY_DATA
2026-03-19T11:30:00+0530,2026-03-19T11:30:00+0530,19-03-2026,Brent,Brent Crude Oil Futures,ICE,60m,FRONT_MONTH_CONTINUOUS,BRN1!,RECONSTRUCTED_FROM_DAILY,See methodology_and_sources.md,111.83,111.87,111.83,111.87,0,USD,9802.26,9805.83,9802.26,9805.83,87.65,india_morning,none,ESTIMATED_FROM_DAILY_OHLC_USING_SESSION_HEURISTICS_NOT_REAL_INTRADAY_DATA
2026-03-19T12:30:00+0530,2026-03-19T12:30:00+0530,19-03-2026,Brent,Brent Crude Oil Futures,ICE,60m,FRONT_MONTH_CONTINUOUS,BRN1!,RECONSTRUCTED_FROM_DAILY,See methodology_and_sources.md,111.87,111.87,111.83,111.83,0,USD,9805.83,9805.83,9801.64,9801.64,87.65,india_midday,none,ESTIMATED_FROM_DAILY_OHLC_USING_SESSION_HEURISTICS_NOT_REAL_INTRADAY_DATA
2026-03-19T13:30:00+0530,2026-03-19T13:30:00+0530,19-03-2026,Brent,Brent Crude Oil Futures,ICE,60m,FRONT_MONTH_CONTINUOUS,BRN1!,RECONSTRUCTED_FROM_DAILY,See methodology_and_sources.md,111.83,111.83,111.83,111.83,0,USD,9801.64,9801.81,9801.64,9801.81,87.65,india_midday,none,ESTIMATED_FROM_DAILY_OHLC_USING_SESSION_HEURISTICS_NOT_REAL_INTRADAY_DATA
2026-03-19T14:30:00+0530,2026-03-19T14:30:00+0530,19-03-2026,Brent,Brent Crude Oil Futures,ICE,60m,FRONT_MONTH_CONTINUOUS,BRN1!,RECONSTRUCTED_FROM_DAILY,See methodology_and_sources.md,111.83,111.83,111.83,111.83,0,USD,9801.81,9802.14,9801.81,9802.14,87.65,india_midday,none,ESTIMATED_FROM_DAILY_OHLC_USING_SESSION_HEURISTICS_NOT_REAL_INTRADAY_DATA
2026-03-19T15:30:00+0530,2026-03-19T15:30:00+0530,19-03-2026,Brent,Brent Crude Oil Futures,ICE,60m,FRONT_MONTH_CONTINUOUS,BRN1!,RECONSTRUCTED_FROM_DAILY,See methodology_and_sources.md,111.83,111.9,111.83,111.9,0,USD,9802.14,9808.04,9802.14,9808.04,87.65,europe_open,first_30m_after_europe_open,ESTIMATED_FROM_DAILY_OHLC_USING_SESSION_HEURISTICS_NOT_REAL_INTRADAY_DATA
2026-03-19T16:30:00+0530,2026-03-19T16:30:00+0530,19-03-2026,Brent,Brent Crude Oil Futures,ICE,60m,FRONT_MONTH_CONTINUOUS,BRN1!,RECONSTRUCTED_FROM_DAILY,See methodology_and_sources.md,111.9,111.9,111.88,111.88,0,USD,9808.04,9808.04,9806.28,9806.28,87.65,europe_open,none,ESTIMATED_FROM_DAILY_OHLC_USING_SESSION_HEURISTICS_NOT_REAL_INTRADAY_DATA
2026-03-19T17:30:00+0530,2026-03-19T17:30:00+0530,19-03-2026,Brent,Brent Crude Oil Futures,ICE,60m,FRONT_MONTH_CONTINUOUS,BRN1!,RECONSTRUCTED_FROM_DAILY,See methodology_and_sources.md,111.88,111.92,111.88,111.92,0,USD,9806.28,9809.52,9806.28,9809.52,87.65,europe_mid,none,ESTIMATED_FROM_DAILY_OHLC_USING_SESSION_HEURISTICS_NOT_REAL_INTRADAY_DATA
2026-03-19T18:30:00+0530,2026-03-19T18:30:00+0530,19-03-2026,Brent,Brent Crude Oil Futures,ICE,60m,FRONT_MONTH_CONTINUOUS,BRN1!,RECONSTRUCTED_FROM_DAILY,See methodology_and_sources.md,111.92,111.94,111.92,111.94,0,USD,9809.52,9811.26,9809.52,9811.26,87.65,europe_mid,none,ESTIMATED_FROM_DAILY_OHLC_USING_SESSION_HEURISTICS_NOT_REAL_INTRADAY_DATA
2026-03-19T19:30:00+0530,2026-03-19T19:30:00+0530,19-03-2026,Brent,Brent Crude Oil Futures,ICE,60m,FRONT_MONTH_CONTINUOUS,BRN1!,RECONSTRUCTED_FROM_DAILY,See methodology_and_sources.md,111.94,112.01,111.94,112.01,0,USD,9811.26,9817.5,9811.26,9817.5,87.65,europe_mid,none,ESTIMATED_FROM_DAILY_OHLC_USING_SESSION_HEURISTICS_NOT_REAL_INTRADAY_DATA
2026-03-19T20:30:00+0530,2026-03-19T20:30:00+0530,19-03-2026,Brent,Brent Crude Oil Futures,ICE,60m,FRONT_MONTH_CONTINUOUS,BRN1!,RECONSTRUCTED_FROM_DAILY,See methodology_and_sources.md,112.01,112.01,111.98,111.98,0,USD,9817.5,9817.5,9814.73,9814.73,87.65,us_pre_open,none,ESTIMATED_FROM_DAILY_OHLC_USING_SESSION_HEURISTICS_NOT_REAL_INTRADAY_DATA
2026-03-19T21:30:00+0530,2026-03-19T21:30:00+0530,19-03-2026,Brent,Brent Crude Oil Futures,ICE,60m,FRONT_MONTH_CONTINUOUS,BRN1!,RECONSTRUCTED_FROM_DAILY,See methodology_and_sources.md,111.98,111.98,111.95,111.95,0,USD,9814.73,9814.73,9812.23,9812.23,87.65,us_open,first_hour_after_us_open,ESTIMATED_FROM_DAILY_OHLC_USING_SESSION_HEURISTICS_NOT_REAL_INTRADAY_DATA
2026-03-19T22:30:00+0530,2026-03-19T22:30:00+0530,19-03-2026,Brent,Brent Crude Oil Futures,ICE,60m,FRONT_MONTH_CONTINUOUS,BRN1!,RECONSTRUCTED_FROM_DAILY,See methodology_and_sources.md,111.95,111.96,111.95,111.96,0,USD,9812.23,9813.47,9812.23,9813.47,87.65,us_open,final_hour_before_mcx_close,ESTIMATED_FROM_DAILY_OHLC_USING_SESSION_HEURISTICS_NOT_REAL_INTRADAY_DATA
2026-03-19T23:30:00+0530,2026-03-19T23:30:00+0530,19-03-2026,Brent,Brent Crude Oil Futures,ICE,60m,FRONT_MONTH_CONTINUOUS,BRN1!,RECONSTRUCTED_FROM_DAILY,See methodology_and_sources.md,111.96,111.96,108,108,0,USD,9813.47,9813.47,9466.2,9466.2,87.65,mcx_tail,none,ESTIMATED_FROM_DAILY_OHLC_USING_SESSION_HEURISTICS_NOT_REAL_INTRADAY_DATA
2026-03-20T00:30:00+0530,2026-03-20T00:30:00+0530,19-03-2026,Brent,Brent Crude Oil Futures,ICE,60m,FRONT_MONTH_CONTINUOUS,BRN1!,RECONSTRUCTED_FROM_DAILY,See methodology_and_sources.md,108,108,108,108,0,USD,9466.2,9466.2,9466.2,9466.2,87.65,other_valid_hours,none,ESTIMATED_FROM_DAILY_OHLC_USING_SESSION_HEURISTICS_NOT_REAL_INTRADAY_DATA
2026-03-20T03:30:00+0530,2026-03-20T03:30:00+0530,20-03-2026,Brent,Brent Crude Oil Futures,ICE,60m,FRONT_MONTH_CONTINUOUS,BRN1!,RECONSTRUCTED_FROM_DAILY,See methodology_and_sources.md,108,108.05,108,108.05,0,USD,9471.6,9476.38,9471.6,9476.38,87.7,global_reopen_pre_mcx,none,ESTIMATED_FROM_DAILY_OHLC_USING_SESSION_HEURISTICS_NOT_REAL_INTRADAY_DATA
2026-03-20T04:30:00+0530,2026-03-20T04:30:00+0530,20-03-2026,Brent,Brent Crude Oil Futures,ICE,60m,FRONT_MONTH_CONTINUOUS,BRN1!,RECONSTRUCTED_FROM_DAILY,See methodology_and_sources.md,108.05,108.05,108,108,0,USD,9476.38,9476.38,9471.6,9471.6,87.7,global_reopen_pre_mcx,none,ESTIMATED_FROM_DAILY_OHLC_USING_SESSION_HEURISTICS_NOT_REAL_INTRADAY_DATA
2026-03-20T05:30:00+0530,2026-03-20T05:30:00+0530,20-03-2026,Brent,Brent Crude Oil Futures,ICE,60m,FRONT_MONTH_CONTINUOUS,BRN1!,RECONSTRUCTED_FROM_DAILY,See methodology_and_sources.md,108,108,108,108,0,USD,9471.6,9471.6,9471.6,9471.6,87.7,global_reopen_pre_mcx,none,ESTIMATED_FROM_DAILY_OHLC_USING_SESSION_HEURISTICS_NOT_REAL_INTRADAY_DATA
2026-03-20T06:30:00+0530,2026-03-20T06:30:00+0530,20-03-2026,Brent,Brent Crude Oil Futures,ICE,60m,FRONT_MONTH_CONTINUOUS,BRN1!,RECONSTRUCTED_FROM_DAILY,See methodology_and_sources.md,108,108.06,108,108.06,0,USD,9471.6,9476.5,9471.6,9476.5,87.7,global_reopen_pre_mcx,none,ESTIMATED_FROM_DAILY_OHLC_USING_SESSION_HEURISTICS_NOT_REAL_INTRADAY_DATA
2026-03-20T07:30:00+0530,2026-03-20T07:30:00+0530,20-03-2026,Brent,Brent Crude Oil Futures,ICE,60m,FRONT_MONTH_CONTINUOUS,BRN1!,RECONSTRUCTED_FROM_DAILY,See methodology_and_sources.md,108.06,108.16,108.06,108.16,0,USD,9476.5,9485.34,9476.5,9485.34,87.7,global_reopen_pre_mcx,none,ESTIMATED_FROM_DAILY_OHLC_USING_SESSION_HEURISTICS_NOT_REAL_INTRADAY_DATA
2026-03-20T08:30:00+0530,2026-03-20T08:30:00+0530,20-03-2026,Brent,Brent Crude Oil Futures,ICE,60m,FRONT_MONTH_CONTINUOUS,BRN1!,RECONSTRUCTED_FROM_DAILY,See methodology_and_sources.md,108.16,108.16,108.11,108.11,0,USD,9485.34,9485.34,9481.43,9481.43,87.7,global_reopen_pre_mcx,none,ESTIMATED_FROM_DAILY_OHLC_USING_SESSION_HEURISTICS_NOT_REAL_INTRADAY_DATA
2026-03-20T09:30:00+0530,2026-03-20T09:30:00+0530,20-03-2026,Brent,Brent Crude Oil Futures,ICE,60m,FRONT_MONTH_CONTINUOUS,BRN1!,RECONSTRUCTED_FROM_DAILY,See methodology_and_sources.md,108.11,108.11,108.1,108.1,0,USD,9481.43,9481.43,9480.44,9480.44,87.7,mcx_open_drive,none,ESTIMATED_FROM_DAILY_OHLC_USING_SESSION_HEURISTICS_NOT_REAL_INTRADAY_DATA
2026-03-20T10:30:00+0530,2026-03-20T10:30:00+0530,20-03-2026,Brent,Brent Crude Oil Futures,ICE,60m,FRONT_MONTH_CONTINUOUS,BRN1!,RECONSTRUCTED_FROM_DAILY,See methodology_and_sources.md,108.1,108.12,108.1,108.12,0,USD,9480.44,9481.95,9480.44,9481.95,87.7,india_morning,none,ESTIMATED_FROM_DAILY_OHLC_USING_SESSION_HEURISTICS_NOT_REAL_INTRADAY_DATA
2026-03-20T11:30:00+0530,2026-03-20T11:30:00+0530,20-03-2026,Brent,Brent Crude Oil Futures,ICE,60m,FRONT_MONTH_CONTINUOUS,BRN1!,RECONSTRUCTED_FROM_DAILY,See methodology_and_sources.md,108.12,108.12,108.1,108.1,0,USD,9481.95,9481.95,9480.41,9480.41,87.7,india_morning,none,ESTIMATED_FROM_DAILY_OHLC_USING_SESSION_HEURISTICS_NOT_REAL_INTRADAY_DATA
2026-03-20T12:30:00+0530,2026-03-20T12:30:00+0530,20-03-2026,Brent,Brent Crude Oil Futures,ICE,60m,FRONT_MONTH_CONTINUOUS,BRN1!,RECONSTRUCTED_FROM_DAILY,See methodology_and_sources.md,108.1,108.1,108.06,108.06,0,USD,9480.41,9480.41,9477.22,9477.22,87.7,india_midday,none,ESTIMATED_FROM_DAILY_OHLC_USING_SESSION_HEURISTICS_NOT_REAL_INTRADAY_DATA
2026-03-20T13:30:00+0530,2026-03-20T13:30:00+0530,20-03-2026,Brent,Brent Crude Oil Futures,ICE,60m,FRONT_MONTH_CONTINUOUS,BRN1!,RECONSTRUCTED_FROM_DAILY,See methodology_and_sources.md,108.06,108.09,108.06,108.09,0,USD,9477.22,9479.66,9477.22,9479.66,87.7,india_midday,none,ESTIMATED_FROM_DAILY_OHLC_USING_SESSION_HEURISTICS_NOT_REAL_INTRADAY_DATA
2026-03-20T14:30:00+0530,2026-03-20T14:30:00+0530,20-03-2026,Brent,Brent Crude Oil Futures,ICE,60m,FRONT_MONTH_CONTINUOUS,BRN1!,RECONSTRUCTED_FROM_DAILY,See methodology_and_sources.md,108.09,108.09,108.02,108.02,0,USD,9479.66,9479.66,9472.94,9472.94,87.7,india_midday,none,ESTIMATED_FROM_DAILY_OHLC_USING_SESSION_HEURISTICS_NOT_REAL_INTRADAY_DATA
2026-03-20T15:30:00+0530,2026-03-20T15:30:00+0530,20-03-2026,Brent,Brent Crude Oil Futures,ICE,60m,FRONT_MONTH_CONTINUOUS,BRN1!,RECONSTRUCTED_FROM_DAILY,See methodology_and_sources.md,108.02,108.12,108.02,108.12,0,USD,9472.94,9482.18,9472.94,9482.18,87.7,europe_open,first_30m_after_europe_open,ESTIMATED_FROM_DAILY_OHLC_USING_SESSION_HEURISTICS_NOT_REAL_INTRADAY_DATA
2026-03-20T16:30:00+0530,2026-03-20T16:30:00+0530,20-03-2026,Brent,Brent Crude Oil Futures,ICE,60m,FRONT_MONTH_CONTINUOUS,BRN1!,RECONSTRUCTED_FROM_DAILY,See methodology_and_sources.md,108.12,108.12,108.05,108.05,0,USD,9482.18,9482.18,9475.97,9475.97,87.7,europe_open,none,ESTIMATED_FROM_DAILY_OHLC_USING_SESSION_HEURISTICS_NOT_REAL_INTRADAY_DATA
2026-03-20T17:30:00+0530,2026-03-20T17:30:00+0530,20-03-2026,Brent,Brent Crude Oil Futures,ICE,60m,FRONT_MONTH_CONTINUOUS,BRN1!,RECONSTRUCTED_FROM_DAILY,See methodology_and_sources.md,108.05,108.05,108,108,0,USD,9475.97,9475.97,9471.6,9471.6,87.7,europe_mid,none,ESTIMATED_FROM_DAILY_OHLC_USING_SESSION_HEURISTICS_NOT_REAL_INTRADAY_DATA
2026-03-20T18:30:00+0530,2026-03-20T18:30:00+0530,20-03-2026,Brent,Brent Crude Oil Futures,ICE,60m,FRONT_MONTH_CONTINUOUS,BRN1!,RECONSTRUCTED_FROM_DAILY,See methodology_and_sources.md,108,108.15,108,108.15,0,USD,9471.6,9484.51,9471.6,9484.51,87.7,europe_mid,none,ESTIMATED_FROM_DAILY_OHLC_USING_SESSION_HEURISTICS_NOT_REAL_INTRADAY_DATA
2026-03-20T19:30:00+0530,2026-03-20T19:30:00+0530,20-03-2026,Brent,Brent Crude Oil Futures,ICE,60m,FRONT_MONTH_CONTINUOUS,BRN1!,RECONSTRUCTED_FROM_DAILY,See methodology_and_sources.md,108.15,108.17,108.15,108.17,0,USD,9484.51,9486.33,9484.51,9486.33,87.7,europe_mid,none,ESTIMATED_FROM_DAILY_OHLC_USING_SESSION_HEURISTICS_NOT_REAL_INTRADAY_DATA
2026-03-20T20:30:00+0530,2026-03-20T20:30:00+0530,20-03-2026,Brent,Brent Crude Oil Futures,ICE,60m,FRONT_MONTH_CONTINUOUS,BRN1!,RECONSTRUCTED_FROM_DAILY,See methodology_and_sources.md,108.17,108.21,108.17,108.21,0,USD,9486.33,9489.96,9486.33,9489.96,87.7,us_pre_open,none,ESTIMATED_FROM_DAILY_OHLC_USING_SESSION_HEURISTICS_NOT_REAL_INTRADAY_DATA
2026-03-20T21:30:00+0530,2026-03-20T21:30:00+0530,20-03-2026,Brent,Brent Crude Oil Futures,ICE,60m,FRONT_MONTH_CONTINUOUS,BRN1!,RECONSTRUCTED_FROM_DAILY,See methodology_and_sources.md,108.21,108.22,108.21,108.22,0,USD,9489.96,9491.17,9489.96,9491.17,87.7,us_open,first_hour_after_us_open,ESTIMATED_FROM_DAILY_OHLC_USING_SESSION_HEURISTICS_NOT_REAL_INTRADAY_DATA
2026-03-20T22:30:00+0530,2026-03-20T22:30:00+0530,20-03-2026,Brent,Brent Crude Oil Futures,ICE,60m,FRONT_MONTH_CONTINUOUS,BRN1!,RECONSTRUCTED_FROM_DAILY,See methodology_and_sources.md,108.22,108.22,108.21,108.21,0,USD,9491.17,9491.17,9490.01,9490.01,87.7,us_open,final_hour_before_mcx_close,ESTIMATED_FROM_DAILY_OHLC_USING_SESSION_HEURISTICS_NOT_REAL_INTRADAY_DATA
2026-03-20T23:30:00+0530,2026-03-20T23:30:00+0530,20-03-2026,Brent,Brent Crude Oil Futures,ICE,60m,FRONT_MONTH_CONTINUOUS,BRN1!,RECONSTRUCTED_FROM_DAILY,See methodology_and_sources.md,108.21,108.21,108,108,0,USD,9490.01,9490.01,9471.6,9471.6,87.7,mcx_tail,none,ESTIMATED_FROM_DAILY_OHLC_USING_SESSION_HEURISTICS_NOT_REAL_INTRADAY_DATA
2026-03-21T00:30:00+0530,2026-03-21T00:30:00+0530,20-03-2026,Brent,Brent Crude Oil Futures,ICE,60m,FRONT_MONTH_CONTINUOUS,BRN1!,RECONSTRUCTED_FROM_DAILY,See methodology_and_sources.md,108,108,108,108,0,USD,9471.6,9471.6,9471.6,9471.6,87.7,other_valid_hours,none,ESTIMATED_FROM_DAILY_OHLC_USING_SESSION_HEURISTICS_NOT_REAL_INTRADAY_DATA
2026-03-23T03:30:00+0530,2026-03-23T03:30:00+0530,23-03-2026,Brent,Brent Crude Oil Futures,ICE,60m,FRONT_MONTH_CONTINUOUS,BRN1!,RECONSTRUCTED_FROM_DAILY,See methodology_and_sources.md,110,110,110,110,0,USD,9658,9658,9658,9658,87.8,global_reopen_pre_mcx,none,ESTIMATED_FROM_DAILY_OHLC_USING_SESSION_HEURISTICS_NOT_REAL_INTRADAY_DATA
2026-03-23T04:30:00+0530,2026-03-23T04:30:00+0530,23-03-2026,Brent,Brent Crude Oil Futures,ICE,60m,FRONT_MONTH_CONTINUOUS,BRN1!,RECONSTRUCTED_FROM_DAILY,See methodology_and_sources.md,110,110.01,110,110.01,0,USD,9658,9659.09,9658,9659.09,87.8,global_reopen_pre_mcx,none,ESTIMATED_FROM_DAILY_OHLC_USING_SESSION_HEURISTICS_NOT_REAL_INTRADAY_DATA
2026-03-23T05:30:00+0530,2026-03-23T05:30:00+0530,23-03-2026,Brent,Brent Crude Oil Futures,ICE,60m,FRONT_MONTH_CONTINUOUS,BRN1!,RECONSTRUCTED_FROM_DAILY,See methodology_and_sources.md,110.01,110.01,110,110,0,USD,9659.09,9659.09,9658,9658,87.8,global_reopen_pre_mcx,none,ESTIMATED_FROM_DAILY_OHLC_USING_SESSION_HEURISTICS_NOT_REAL_INTRADAY_DATA
2026-03-23T06:30:00+0530,2026-03-23T06:30:00+0530,23-03-2026,Brent,Brent Crude Oil Futures,ICE,60m,FRONT_MONTH_CONTINUOUS,BRN1!,RECONSTRUCTED_FROM_DAILY,See methodology_and_sources.md,110,110,110,110,0,USD,9658,9658,9658,9658,87.8,global_reopen_pre_mcx,none,ESTIMATED_FROM_DAILY_OHLC_USING_SESSION_HEURISTICS_NOT_REAL_INTRADAY_DATA
2026-03-23T07:30:00+0530,2026-03-23T07:30:00+0530,23-03-2026,Brent,Brent Crude Oil Futures,ICE,60m,FRONT_MONTH_CONTINUOUS,BRN1!,RECONSTRUCTED_FROM_DAILY,See methodology_and_sources.md,110,110,110,110,0,USD,9658,9658,9658,9658,87.8,global_reopen_pre_mcx,none,ESTIMATED_FROM_DAILY_OHLC_USING_SESSION_HEURISTICS_NOT_REAL_INTRADAY_DATA
2026-03-23T08:30:00+0530,2026-03-23T08:30:00+0530,23-03-2026,Brent,Brent Crude Oil Futures,ICE,60m,FRONT_MONTH_CONTINUOUS,BRN1!,RECONSTRUCTED_FROM_DAILY,See methodology_and_sources.md,110,110,110,110,0,USD,9658,9658,9658,9658,87.8,global_reopen_pre_mcx,none,ESTIMATED_FROM_DAILY_OHLC_USING_SESSION_HEURISTICS_NOT_REAL_INTRADAY_DATA
2026-03-23T09:30:00+0530,2026-03-23T09:30:00+0530,23-03-2026,Brent,Brent Crude Oil Futures,ICE,60m,FRONT_MONTH_CONTINUOUS,BRN1!,RECONSTRUCTED_FROM_DAILY,See methodology_and_sources.md,110,110.02,110,110.02,0,USD,9658,9660.13,9658,9660.13,87.8,mcx_open_drive,none,ESTIMATED_FROM_DAILY_OHLC_USING_SESSION_HEURISTICS_NOT_REAL_INTRADAY_DATA
2026-03-23T10:30:00+0530,2026-03-23T10:30:00+0530,23-03-2026,Brent,Brent Crude Oil Futures,ICE,60m,FRONT_MONTH_CONTINUOUS,BRN1!,RECONSTRUCTED_FROM_DAILY,See methodology_and_sources.md,110.02,110.02,110,110,0,USD,9660.13,9660.13,9658,9658,87.8,india_morning,none,ESTIMATED_FROM_DAILY_OHLC_USING_SESSION_HEURISTICS_NOT_REAL_INTRADAY_DATA
2026-03-23T11:30:00+0530,2026-03-23T11:30:00+0530,23-03-2026,Brent,Brent Crude Oil Futures,ICE,60m,FRONT_MONTH_CONTINUOUS,BRN1!,RECONSTRUCTED_FROM_DAILY,See methodology_and_sources.md,110,110.05,110,110.05,0,USD,9658,9662.03,9658,9662.03,87.8,india_morning,none,ESTIMATED_FROM_DAILY_OHLC_USING_SESSION_HEURISTICS_NOT_REAL_INTRADAY_DATA
2026-03-23T12:30:00+0530,2026-03-23T12:30:00+0530,23-03-2026,Brent,Brent Crude Oil Futures,ICE,60m,FRONT_MONTH_CONTINUOUS,BRN1!,RECONSTRUCTED_FROM_DAILY,See methodology_and_sources.md,110.05,110.05,110.03,110.03,0,USD,9662.03,9662.03,9660.46,9660.46,87.8,india_midday,none,ESTIMATED_FROM_DAILY_OHLC_USING_SESSION_HEURISTICS_NOT_REAL_INTRADAY_DATA
2026-03-23T13:30:00+0530,2026-03-23T13:30:00+0530,23-03-2026,Brent,Brent Crude Oil Futures,ICE,60m,FRONT_MONTH_CONTINUOUS,BRN1!,RECONSTRUCTED_FROM_DAILY,See methodology_and_sources.md,110.03,110.03,110.03,110.03,0,USD,9660.46,9660.91,9660.46,9660.91,87.8,india_midday,none,ESTIMATED_FROM_DAILY_OHLC_USING_SESSION_HEURISTICS_NOT_REAL_INTRADAY_DATA
2026-03-23T14:30:00+0530,2026-03-23T14:30:00+0530,23-03-2026,Brent,Brent Crude Oil Futures,ICE,60m,FRONT_MONTH_CONTINUOUS,BRN1!,RECONSTRUCTED_FROM_DAILY,See methodology_and_sources.md,110.03,110.03,110.01,110.01,0,USD,9660.91,9660.91,9659.22,9659.22,87.8,india_midday,none,ESTIMATED_FROM_DAILY_OHLC_USING_SESSION_HEURISTICS_NOT_REAL_INTRADAY_DATA
2026-03-23T15:30:00+0530,2026-03-23T15:30:00+0530,23-03-2026,Brent,Brent Crude Oil Futures,ICE,60m,FRONT_MONTH_CONTINUOUS,BRN1!,RECONSTRUCTED_FROM_DAILY,See methodology_and_sources.md,110.01,110.01,110,110,0,USD,9659.22,9659.22,9658,9658,87.8,europe_open,first_30m_after_europe_open,ESTIMATED_FROM_DAILY_OHLC_USING_SESSION_HEURISTICS_NOT_REAL_INTRADAY_DATA
2026-03-23T16:30:00+0530,2026-03-23T16:30:00+0530,23-03-2026,Brent,Brent Crude Oil Futures,ICE,60m,FRONT_MONTH_CONTINUOUS,BRN1!,RECONSTRUCTED_FROM_DAILY,See methodology_and_sources.md,110,110,110,110,0,USD,9658,9658,9658,9658,87.8,europe_open,none,ESTIMATED_FROM_DAILY_OHLC_USING_SESSION_HEURISTICS_NOT_REAL_INTRADAY_DATA
2026-03-23T17:30:00+0530,2026-03-23T17:30:00+0530,23-03-2026,Brent,Brent Crude Oil Futures,ICE,60m,FRONT_MONTH_CONTINUOUS,BRN1!,RECONSTRUCTED_FROM_DAILY,See methodology_and_sources.md,110,110.08,110,110.08,0,USD,9658,9665.18,9658,9665.18,87.8,europe_mid,none,ESTIMATED_FROM_DAILY_OHLC_USING_SESSION_HEURISTICS_NOT_REAL_INTRADAY_DATA
2026-03-23T18:30:00+0530,2026-03-23T18:30:00+0530,23-03-2026,Brent,Brent Crude Oil Futures,ICE,60m,FRONT_MONTH_CONTINUOUS,BRN1!,RECONSTRUCTED_FROM_DAILY,See methodology_and_sources.md,110.08,110.08,110.02,110.02,0,USD,9665.18,9665.18,9659.64,9659.64,87.8,europe_mid,none,ESTIMATED_FROM_DAILY_OHLC_USING_SESSION_HEURISTICS_NOT_REAL_INTRADAY_DATA
2026-03-23T19:30:00+0530,2026-03-23T19:30:00+0530,23-03-2026,Brent,Brent Crude Oil Futures,ICE,60m,FRONT_MONTH_CONTINUOUS,BRN1!,RECONSTRUCTED_FROM_DAILY,See methodology_and_sources.md,110.02,110.02,110.02,110.02,0,USD,9659.64,9659.84,9659.64,9659.84,87.8,europe_mid,none,ESTIMATED_FROM_DAILY_OHLC_USING_SESSION_HEURISTICS_NOT_REAL_INTRADAY_DATA
2026-03-23T20:30:00+0530,2026-03-23T20:30:00+0530,23-03-2026,Brent,Brent Crude Oil Futures,ICE,60m,FRONT_MONTH_CONTINUOUS,BRN1!,RECONSTRUCTED_FROM_DAILY,See methodology_and_sources.md,110.02,110.19,110.02,110.19,0,USD,9659.84,9674.3,9659.84,9674.3,87.8,us_pre_open,none,ESTIMATED_FROM_DAILY_OHLC_USING_SESSION_HEURISTICS_NOT_REAL_INTRADAY_DATA
2026-03-23T21:30:00+0530,2026-03-23T21:30:00+0530,23-03-2026,Brent,Brent Crude Oil Futures,ICE,60m,FRONT_MONTH_CONTINUOUS,BRN1!,RECONSTRUCTED_FROM_DAILY,See methodology_and_sources.md,110.19,110.19,110.12,110.12,0,USD,9674.3,9674.3,9668.89,9668.89,87.8,us_open,first_hour_after_us_open,ESTIMATED_FROM_DAILY_OHLC_USING_SESSION_HEURISTICS_NOT_REAL_INTRADAY_DATA
2026-03-23T22:30:00+0530,2026-03-23T22:30:00+0530,23-03-2026,Brent,Brent Crude Oil Futures,ICE,60m,FRONT_MONTH_CONTINUOUS,BRN1!,RECONSTRUCTED_FROM_DAILY,See methodology_and_sources.md,110.12,110.12,110.11,110.11,0,USD,9668.89,9668.89,9667.62,9667.62,87.8,us_open,final_hour_before_mcx_close,ESTIMATED_FROM_DAILY_OHLC_USING_SESSION_HEURISTICS_NOT_REAL_INTRADAY_DATA
2026-03-23T23:30:00+0530,2026-03-23T23:30:00+0530,23-03-2026,Brent,Brent Crude Oil Futures,ICE,60m,FRONT_MONTH_CONTINUOUS,BRN1!,RECONSTRUCTED_FROM_DAILY,See methodology_and_sources.md,110.11,116,110.11,116,0,USD,9667.62,10184.8,9667.62,10184.8,87.8,mcx_tail,none,ESTIMATED_FROM_DAILY_OHLC_USING_SESSION_HEURISTICS_NOT_REAL_INTRADAY_DATA
2026-03-24T00:30:00+0530,2026-03-24T00:30:00+0530,23-03-2026,Brent,Brent Crude Oil Futures,ICE,60m,FRONT_MONTH_CONTINUOUS,BRN1!,RECONSTRUCTED_FROM_DAILY,See methodology_and_sources.md,116,116,116,116,0,USD,10184.8,10184.8,10184.8,10184.8,87.8,other_valid_hours,none,ESTIMATED_FROM_DAILY_OHLC_USING_SESSION_HEURISTICS_NOT_REAL_INTRADAY_DATA
2026-03-24T03:30:00+0530,2026-03-24T03:30:00+0530,24-03-2026,Brent,Brent Crude Oil Futures,ICE,60m,FRONT_MONTH_CONTINUOUS,BRN1!,RECONSTRUCTED_FROM_DAILY,See methodology_and_sources.md,116,116.05,116,116.05,0,USD,10190.6,10194.99,10190.6,10194.99,87.85,global_reopen_pre_mcx,none,ESTIMATED_FROM_DAILY_OHLC_USING_SESSION_HEURISTICS_NOT_REAL_INTRADAY_DATA
2026-03-24T04:30:00+0530,2026-03-24T04:30:00+0530,24-03-2026,Brent,Brent Crude Oil Futures,ICE,60m,FRONT_MONTH_CONTINUOUS,BRN1!,RECONSTRUCTED_FROM_DAILY,See methodology_and_sources.md,116.05,116.19,116.05,116.19,0,USD,10194.99,10207.06,10194.99,10207.06,87.85,global_reopen_pre_mcx,none,ESTIMATED_FROM_DAILY_OHLC_USING_SESSION_HEURISTICS_NOT_REAL_INTRADAY_DATA
2026-03-24T05:30:00+0530,2026-03-24T05:30:00+0530,24-03-2026,Brent,Brent Crude Oil Futures,ICE,60m,FRONT_MONTH_CONTINUOUS,BRN1!,RECONSTRUCTED_FROM_DAILY,See methodology_and_sources.md,116.19,116.19,116.16,116.16,0,USD,10207.06,10207.06,10204.47,10204.47,87.85,global_reopen_pre_mcx,none,ESTIMATED_FROM_DAILY_OHLC_USING_SESSION_HEURISTICS_NOT_REAL_INTRADAY_DATA
2026-03-24T06:30:00+0530,2026-03-24T06:30:00+0530,24-03-2026,Brent,Brent Crude Oil Futures,ICE,60m,FRONT_MONTH_CONTINUOUS,BRN1!,RECONSTRUCTED_FROM_DAILY,See methodology_and_sources.md,116.16,116.23,116.16,116.23,0,USD,10204.47,10210.68,10204.47,10210.68,87.85,global_reopen_pre_mcx,none,ESTIMATED_FROM_DAILY_OHLC_USING_SESSION_HEURISTICS_NOT_REAL_INTRADAY_DATA
2026-03-24T07:30:00+0530,2026-03-24T07:30:00+0530,24-03-2026,Brent,Brent Crude Oil Futures,ICE,60m,FRONT_MONTH_CONTINUOUS,BRN1!,RECONSTRUCTED_FROM_DAILY,See methodology_and_sources.md,116.23,116.23,116.17,116.17,0,USD,10210.68,10210.68,10205.95,10205.95,87.85,global_reopen_pre_mcx,none,ESTIMATED_FROM_DAILY_OHLC_USING_SESSION_HEURISTICS_NOT_REAL_INTRADAY_DATA
2026-03-24T08:30:00+0530,2026-03-24T08:30:00+0530,24-03-2026,Brent,Brent Crude Oil Futures,ICE,60m,FRONT_MONTH_CONTINUOUS,BRN1!,RECONSTRUCTED_FROM_DAILY,See methodology_and_sources.md,116.17,116.17,116.16,116.16,0,USD,10205.95,10205.95,10205.08,10205.08,87.85,global_reopen_pre_mcx,none,ESTIMATED_FROM_DAILY_OHLC_USING_SESSION_HEURISTICS_NOT_REAL_INTRADAY_DATA
2026-03-24T09:30:00+0530,2026-03-24T09:30:00+0530,24-03-2026,Brent,Brent Crude Oil Futures,ICE,60m,FRONT_MONTH_CONTINUOUS,BRN1!,RECONSTRUCTED_FROM_DAILY,See methodology_and_sources.md,116.16,116.16,116.12,116.12,0,USD,10205.08,10205.08,10200.73,10200.73,87.85,mcx_open_drive,none,ESTIMATED_FROM_DAILY_OHLC_USING_SESSION_HEURISTICS_NOT_REAL_INTRADAY_DATA
2026-03-24T10:30:00+0530,2026-03-24T10:30:00+0530,24-03-2026,Brent,Brent Crude Oil Futures,ICE,60m,FRONT_MONTH_CONTINUOUS,BRN1!,RECONSTRUCTED_FROM_DAILY,See methodology_and_sources.md,116.12,116.12,116.12,116.12,0,USD,10200.73,10201.2,10200.73,10201.2,87.85,india_morning,none,ESTIMATED_FROM_DAILY_OHLC_USING_SESSION_HEURISTICS_NOT_REAL_INTRADAY_DATA
2026-03-24T11:30:00+0530,2026-03-24T11:30:00+0530,24-03-2026,Brent,Brent Crude Oil Futures,ICE,60m,FRONT_MONTH_CONTINUOUS,BRN1!,RECONSTRUCTED_FROM_DAILY,See methodology_and_sources.md,116.12,116.14,116.12,116.14,0,USD,10201.2,10202.81,10201.2,10202.81,87.85,india_morning,none,ESTIMATED_FROM_DAILY_OHLC_USING_SESSION_HEURISTICS_NOT_REAL_INTRADAY_DATA
2026-03-24T12:30:00+0530,2026-03-24T12:30:00+0530,24-03-2026,Brent,Brent Crude Oil Futures,ICE,60m,FRONT_MONTH_CONTINUOUS,BRN1!,RECONSTRUCTED_FROM_DAILY,See methodology_and_sources.md,116.14,116.19,116.14,116.19,0,USD,10202.81,10207.61,10202.81,10207.61,87.85,india_midday,none,ESTIMATED_FROM_DAILY_OHLC_USING_SESSION_HEURISTICS_NOT_REAL_INTRADAY_DATA
2026-03-24T13:30:00+0530,2026-03-24T13:30:00+0530,24-03-2026,Brent,Brent Crude Oil Futures,ICE,60m,FRONT_MONTH_CONTINUOUS,BRN1!,RECONSTRUCTED_FROM_DAILY,See methodology_and_sources.md,116.19,116.19,116.17,116.17,0,USD,10207.61,10207.61,10205.46,10205.46,87.85,india_midday,none,ESTIMATED_FROM_DAILY_OHLC_USING_SESSION_HEURISTICS_NOT_REAL_INTRADAY_DATA
2026-03-24T14:30:00+0530,2026-03-24T14:30:00+0530,24-03-2026,Brent,Brent Crude Oil Futures,ICE,60m,FRONT_MONTH_CONTINUOUS,BRN1!,RECONSTRUCTED_FROM_DAILY,See methodology_and_sources.md,116.17,116.17,116.15,116.15,0,USD,10205.46,10205.46,10203.58,10203.58,87.85,india_midday,none,ESTIMATED_FROM_DAILY_OHLC_USING_SESSION_HEURISTICS_NOT_REAL_INTRADAY_DATA
2026-03-24T15:30:00+0530,2026-03-24T15:30:00+0530,24-03-2026,Brent,Brent Crude Oil Futures,ICE,60m,FRONT_MONTH_CONTINUOUS,BRN1!,RECONSTRUCTED_FROM_DAILY,See methodology_and_sources.md,116.15,116.18,116.15,116.18,0,USD,10203.58,10206.3,10203.58,10206.3,87.85,europe_open,first_30m_after_europe_open,ESTIMATED_FROM_DAILY_OHLC_USING_SESSION_HEURISTICS_NOT_REAL_INTRADAY_DATA
2026-03-24T16:30:00+0530,2026-03-24T16:30:00+0530,24-03-2026,Brent,Brent Crude Oil Futures,ICE,60m,FRONT_MONTH_CONTINUOUS,BRN1!,RECONSTRUCTED_FROM_DAILY,See methodology_and_sources.md,116.18,116.21,116.18,116.21,0,USD,10206.3,10209.09,10206.3,10209.09,87.85,europe_open,none,ESTIMATED_FROM_DAILY_OHLC_USING_SESSION_HEURISTICS_NOT_REAL_INTRADAY_DATA
2026-03-24T17:30:00+0530,2026-03-24T17:30:00+0530,24-03-2026,Brent,Brent Crude Oil Futures,ICE,60m,FRONT_MONTH_CONTINUOUS,BRN1!,RECONSTRUCTED_FROM_DAILY,See methodology_and_sources.md,116.21,116.21,116.18,116.18,0,USD,10209.09,10209.09,10206.16,10206.16,87.85,europe_mid,none,ESTIMATED_FROM_DAILY_OHLC_USING_SESSION_HEURISTICS_NOT_REAL_INTRADAY_DATA
2026-03-24T18:30:00+0530,2026-03-24T18:30:00+0530,24-03-2026,Brent,Brent Crude Oil Futures,ICE,60m,FRONT_MONTH_CONTINUOUS,BRN1!,RECONSTRUCTED_FROM_DAILY,See methodology_and_sources.md,116.18,116.18,116.14,116.14,0,USD,10206.16,10206.16,10202.97,10202.97,87.85,europe_mid,none,ESTIMATED_FROM_DAILY_OHLC_USING_SESSION_HEURISTICS_NOT_REAL_INTRADAY_DATA
2026-03-24T19:30:00+0530,2026-03-24T19:30:00+0530,24-03-2026,Brent,Brent Crude Oil Futures,ICE,60m,FRONT_MONTH_CONTINUOUS,BRN1!,RECONSTRUCTED_FROM_DAILY,See methodology_and_sources.md,116.14,116.14,116.1,116.1,0,USD,10202.97,10202.97,10199.59,10199.59,87.85,europe_mid,none,ESTIMATED_FROM_DAILY_OHLC_USING_SESSION_HEURISTICS_NOT_REAL_INTRADAY_DATA
2026-03-24T20:30:00+0530,2026-03-24T20:30:00+0530,24-03-2026,Brent,Brent Crude Oil Futures,ICE,60m,FRONT_MONTH_CONTINUOUS,BRN1!,RECONSTRUCTED_FROM_DAILY,See methodology_and_sources.md,116.1,116.1,116.06,116.06,0,USD,10199.59,10199.59,10195.84,10195.84,87.85,us_pre_open,none,ESTIMATED_FROM_DAILY_OHLC_USING_SESSION_HEURISTICS_NOT_REAL_INTRADAY_DATA
2026-03-24T21:30:00+0530,2026-03-24T21:30:00+0530,24-03-2026,Brent,Brent Crude Oil Futures,ICE,60m,FRONT_MONTH_CONTINUOUS,BRN1!,RECONSTRUCTED_FROM_DAILY,See methodology_and_sources.md,116.06,116.1,116.06,116.1,0,USD,10195.84,10199.73,10195.84,10199.73,87.85,us_open,first_hour_after_us_open,ESTIMATED_FROM_DAILY_OHLC_USING_SESSION_HEURISTICS_NOT_REAL_INTRADAY_DATA
2026-03-24T22:30:00+0530,2026-03-24T22:30:00+0530,24-03-2026,Brent,Brent Crude Oil Futures,ICE,60m,FRONT_MONTH_CONTINUOUS,BRN1!,RECONSTRUCTED_FROM_DAILY,See methodology_and_sources.md,116.1,116.14,116.1,116.14,0,USD,10199.73,10203.33,10199.73,10203.33,87.85,us_open,final_hour_before_mcx_close,ESTIMATED_FROM_DAILY_OHLC_USING_SESSION_HEURISTICS_NOT_REAL_INTRADAY_DATA
2026-03-24T23:30:00+0530,2026-03-24T23:30:00+0530,24-03-2026,Brent,Brent Crude Oil Futures,ICE,60m,FRONT_MONTH_CONTINUOUS,BRN1!,RECONSTRUCTED_FROM_DAILY,See methodology_and_sources.md,116.14,116.14,112,112,0,USD,10203.33,10203.33,9839.2,9839.2,87.85,mcx_tail,none,ESTIMATED_FROM_DAILY_OHLC_USING_SESSION_HEURISTICS_NOT_REAL_INTRADAY_DATA
2026-03-25T00:30:00+0530,2026-03-25T00:30:00+0530,24-03-2026,Brent,Brent Crude Oil Futures,ICE,60m,FRONT_MONTH_CONTINUOUS,BRN1!,RECONSTRUCTED_FROM_DAILY,See methodology_and_sources.md,112,112,112,112,0,USD,9839.2,9839.2,9839.2,9839.2,87.85,other_valid_hours,none,ESTIMATED_FROM_DAILY_OHLC_USING_SESSION_HEURISTICS_NOT_REAL_INTRADAY_DATA
2026-03-25T03:30:00+0530,2026-03-25T03:30:00+0530,25-03-2026,Brent,Brent Crude Oil Futures,ICE,60m,FRONT_MONTH_CONTINUOUS,BRN1!,RECONSTRUCTED_FROM_DAILY,See methodology_and_sources.md,112,112.01,112,112.01,0,USD,9844.8,9845.74,9844.8,9845.74,87.9,global_reopen_pre_mcx,none,ESTIMATED_FROM_DAILY_OHLC_USING_SESSION_HEURISTICS_NOT_REAL_INTRADAY_DATA
2026-03-25T04:30:00+0530,2026-03-25T04:30:00+0530,25-03-2026,Brent,Brent Crude Oil Futures,ICE,60m,FRONT_MONTH_CONTINUOUS,BRN1!,RECONSTRUCTED_FROM_DAILY,See methodology_and_sources.md,112.01,112.02,112.01,112.02,0,USD,9845.74,9846.58,9845.74,9846.58,87.9,global_reopen_pre_mcx,none,ESTIMATED_FROM_DAILY_OHLC_USING_SESSION_HEURISTICS_NOT_REAL_INTRADAY_DATA
2026-03-25T05:30:00+0530,2026-03-25T05:30:00+0530,25-03-2026,Brent,Brent Crude Oil Futures,ICE,60m,FRONT_MONTH_CONTINUOUS,BRN1!,RECONSTRUCTED_FROM_DAILY,See methodology_and_sources.md,112.02,112.02,112.02,112.02,0,USD,9846.58,9846.86,9846.58,9846.86,87.9,global_reopen_pre_mcx,none,ESTIMATED_FROM_DAILY_OHLC_USING_SESSION_HEURISTICS_NOT_REAL_INTRADAY_DATA
2026-03-25T06:30:00+0530,2026-03-25T06:30:00+0530,25-03-2026,Brent,Brent Crude Oil Futures,ICE,60m,FRONT_MONTH_CONTINUOUS,BRN1!,RECONSTRUCTED_FROM_DAILY,See methodology_and_sources.md,112.02,112.02,112.01,112.01,0,USD,9846.86,9846.86,9845.93,9845.93,87.9,global_reopen_pre_mcx,none,ESTIMATED_FROM_DAILY_OHLC_USING_SESSION_HEURISTICS_NOT_REAL_INTRADAY_DATA
2026-03-25T07:30:00+0530,2026-03-25T07:30:00+0530,25-03-2026,Brent,Brent Crude Oil Futures,ICE,60m,FRONT_MONTH_CONTINUOUS,BRN1!,RECONSTRUCTED_FROM_DAILY,See methodology_and_sources.md,112.01,112.01,112,112,0,USD,9845.93,9845.93,9844.8,9844.8,87.9,global_reopen_pre_mcx,none,ESTIMATED_FROM_DAILY_OHLC_USING_SESSION_HEURISTICS_NOT_REAL_INTRADAY_DATA
2026-03-25T08:30:00+0530,2026-03-25T08:30:00+0530,25-03-2026,Brent,Brent Crude Oil Futures,ICE,60m,FRONT_MONTH_CONTINUOUS,BRN1!,RECONSTRUCTED_FROM_DAILY,See methodology_and_sources.md,112,112,112,112,0,USD,9844.8,9844.8,9844.8,9844.8,87.9,global_reopen_pre_mcx,none,ESTIMATED_FROM_DAILY_OHLC_USING_SESSION_HEURISTICS_NOT_REAL_INTRADAY_DATA
2026-03-25T09:30:00+0530,2026-03-25T09:30:00+0530,25-03-2026,Brent,Brent Crude Oil Futures,ICE,60m,FRONT_MONTH_CONTINUOUS,BRN1!,RECONSTRUCTED_FROM_DAILY,See methodology_and_sources.md,112,112.02,112,112.02,0,USD,9844.8,9846.71,9844.8,9846.71,87.9,mcx_open_drive,none,ESTIMATED_FROM_DAILY_OHLC_USING_SESSION_HEURISTICS_NOT_REAL_INTRADAY_DATA
2026-03-25T10:30:00+0530,2026-03-25T10:30:00+0530,25-03-2026,Brent,Brent Crude Oil Futures,ICE,60m,FRONT_MONTH_CONTINUOUS,BRN1!,RECONSTRUCTED_FROM_DAILY,See methodology_and_sources.md,112.02,112.02,112,112,0,USD,9846.71,9846.71,9844.8,9844.8,87.9,india_morning,none,ESTIMATED_FROM_DAILY_OHLC_USING_SESSION_HEURISTICS_NOT_REAL_INTRADAY_DATA
2026-03-25T11:30:00+0530,2026-03-25T11:30:00+0530,25-03-2026,Brent,Brent Crude Oil Futures,ICE,60m,FRONT_MONTH_CONTINUOUS,BRN1!,RECONSTRUCTED_FROM_DAILY,See methodology_and_sources.md,112,112,112,112,0,USD,9844.8,9844.8,9844.8,9844.8,87.9,india_morning,none,ESTIMATED_FROM_DAILY_OHLC_USING_SESSION_HEURISTICS_NOT_REAL_INTRADAY_DATA
2026-03-25T12:30:00+0530,2026-03-25T12:30:00+0530,25-03-2026,Brent,Brent Crude Oil Futures,ICE,60m,FRONT_MONTH_CONTINUOUS,BRN1!,RECONSTRUCTED_FROM_DAILY,See methodology_and_sources.md,112,112,112,112,0,USD,9844.8,9844.8,9844.8,9844.8,87.9,india_midday,none,ESTIMATED_FROM_DAILY_OHLC_USING_SESSION_HEURISTICS_NOT_REAL_INTRADAY_DATA
2026-03-25T13:30:00+0530,2026-03-25T13:30:00+0530,25-03-2026,Brent,Brent Crude Oil Futures,ICE,60m,FRONT_MONTH_CONTINUOUS,BRN1!,RECONSTRUCTED_FROM_DAILY,See methodology_and_sources.md,112,112,112,112,0,USD,9844.8,9844.8,9844.8,9844.8,87.9,india_midday,none,ESTIMATED_FROM_DAILY_OHLC_USING_SESSION_HEURISTICS_NOT_REAL_INTRADAY_DATA
2026-03-25T14:30:00+0530,2026-03-25T14:30:00+0530,25-03-2026,Brent,Brent Crude Oil Futures,ICE,60m,FRONT_MONTH_CONTINUOUS,BRN1!,RECONSTRUCTED_FROM_DAILY,See methodology_and_sources.md,112,112,112,112,0,USD,9844.8,9844.8,9844.8,9844.8,87.9,india_midday,none,ESTIMATED_FROM_DAILY_OHLC_USING_SESSION_HEURISTICS_NOT_REAL_INTRADAY_DATA
2026-03-25T15:30:00+0530,2026-03-25T15:30:00+0530,25-03-2026,Brent,Brent Crude Oil Futures,ICE,60m,FRONT_MONTH_CONTINUOUS,BRN1!,RECONSTRUCTED_FROM_DAILY,See methodology_and_sources.md,112,112,112,112,0,USD,9844.8,9844.8,9844.8,9844.8,87.9,europe_open,first_30m_after_europe_open,ESTIMATED_FROM_DAILY_OHLC_USING_SESSION_HEURISTICS_NOT_REAL_INTRADAY_DATA
2026-03-25T16:30:00+0530,2026-03-25T16:30:00+0530,25-03-2026,Brent,Brent Crude Oil Futures,ICE,60m,FRONT_MONTH_CONTINUOUS,BRN1!,RECONSTRUCTED_FROM_DAILY,See methodology_and_sources.md,112,112,112,112,0,USD,9844.8,9844.8,9844.8,9844.8,87.9,europe_open,none,ESTIMATED_FROM_DAILY_OHLC_USING_SESSION_HEURISTICS_NOT_REAL_INTRADAY_DATA
2026-03-25T17:30:00+0530,2026-03-25T17:30:00+0530,25-03-2026,Brent,Brent Crude Oil Futures,ICE,60m,FRONT_MONTH_CONTINUOUS,BRN1!,RECONSTRUCTED_FROM_DAILY,See methodology_and_sources.md,112,112.02,112,112.02,0,USD,9844.8,9846.34,9844.8,9846.34,87.9,europe_mid,none,ESTIMATED_FROM_DAILY_OHLC_USING_SESSION_HEURISTICS_NOT_REAL_INTRADAY_DATA
2026-03-25T18:30:00+0530,2026-03-25T18:30:00+0530,25-03-2026,Brent,Brent Crude Oil Futures,ICE,60m,FRONT_MONTH_CONTINUOUS,BRN1!,RECONSTRUCTED_FROM_DAILY,See methodology_and_sources.md,112.02,112.02,112,112,0,USD,9846.34,9846.34,9844.8,9844.8,87.9,europe_mid,none,ESTIMATED_FROM_DAILY_OHLC_USING_SESSION_HEURISTICS_NOT_REAL_INTRADAY_DATA
2026-03-25T19:30:00+0530,2026-03-25T19:30:00+0530,25-03-2026,Brent,Brent Crude Oil Futures,ICE,60m,FRONT_MONTH_CONTINUOUS,BRN1!,RECONSTRUCTED_FROM_DAILY,See methodology_and_sources.md,112,112.01,112,112.01,0,USD,9844.8,9845.71,9844.8,9845.71,87.9,europe_mid,none,ESTIMATED_FROM_DAILY_OHLC_USING_SESSION_HEURISTICS_NOT_REAL_INTRADAY_DATA
2026-03-25T20:30:00+0530,2026-03-25T20:30:00+0530,25-03-2026,Brent,Brent Crude Oil Futures,ICE,60m,FRONT_MONTH_CONTINUOUS,BRN1!,RECONSTRUCTED_FROM_DAILY,See methodology_and_sources.md,112.01,112.01,112,112,0,USD,9845.71,9845.71,9844.8,9844.8,87.9,us_pre_open,none,ESTIMATED_FROM_DAILY_OHLC_USING_SESSION_HEURISTICS_NOT_REAL_INTRADAY_DATA
2026-03-25T21:30:00+0530,2026-03-25T21:30:00+0530,25-03-2026,Brent,Brent Crude Oil Futures,ICE,60m,FRONT_MONTH_CONTINUOUS,BRN1!,RECONSTRUCTED_FROM_DAILY,See methodology_and_sources.md,112,112,112,112,0,USD,9844.8,9844.8,9844.8,9844.8,87.9,us_open,first_hour_after_us_open,ESTIMATED_FROM_DAILY_OHLC_USING_SESSION_HEURISTICS_NOT_REAL_INTRADAY_DATA
2026-03-25T22:30:00+0530,2026-03-25T22:30:00+0530,25-03-2026,Brent,Brent Crude Oil Futures,ICE,60m,FRONT_MONTH_CONTINUOUS,BRN1!,RECONSTRUCTED_FROM_DAILY,See methodology_and_sources.md,112,112,112,112,0,USD,9844.8,9844.8,9844.8,9844.8,87.9,us_open,final_hour_before_mcx_close,ESTIMATED_FROM_DAILY_OHLC_USING_SESSION_HEURISTICS_NOT_REAL_INTRADAY_DATA
2026-03-25T23:30:00+0530,2026-03-25T23:30:00+0530,25-03-2026,Brent,Brent Crude Oil Futures,ICE,60m,FRONT_MONTH_CONTINUOUS,BRN1!,RECONSTRUCTED_FROM_DAILY,See methodology_and_sources.md,112,118,112,118,0,USD,9844.8,10372.2,9844.8,10372.2,87.9,mcx_tail,none,ESTIMATED_FROM_DAILY_OHLC_USING_SESSION_HEURISTICS_NOT_REAL_INTRADAY_DATA
2026-03-26T00:30:00+0530,2026-03-26T00:30:00+0530,25-03-2026,Brent,Brent Crude Oil Futures,ICE,60m,FRONT_MONTH_CONTINUOUS,BRN1!,RECONSTRUCTED_FROM_DAILY,See methodology_and_sources.md,118,118,118,118,0,USD,10372.2,10372.2,10372.2,10372.2,87.9,other_valid_hours,none,ESTIMATED_FROM_DAILY_OHLC_USING_SESSION_HEURISTICS_NOT_REAL_INTRADAY_DATA
2026-03-26T03:30:00+0530,2026-03-26T03:30:00+0530,26-03-2026,Brent,Brent Crude Oil Futures,ICE,60m,FRONT_MONTH_CONTINUOUS,BRN1!,RECONSTRUCTED_FROM_DAILY,See methodology_and_sources.md,115,115,115,115,0,USD,10114.25,10114.66,10114.25,10114.66,87.95,global_reopen_pre_mcx,none,ESTIMATED_FROM_DAILY_OHLC_USING_SESSION_HEURISTICS_NOT_REAL_INTRADAY_DATA
2026-03-26T04:30:00+0530,2026-03-26T04:30:00+0530,26-03-2026,Brent,Brent Crude Oil Futures,ICE,60m,FRONT_MONTH_CONTINUOUS,BRN1!,RECONSTRUCTED_FROM_DAILY,See methodology_and_sources.md,115,115,115,115,0,USD,10114.66,10114.66,10114.25,10114.25,87.95,global_reopen_pre_mcx,none,ESTIMATED_FROM_DAILY_OHLC_USING_SESSION_HEURISTICS_NOT_REAL_INTRADAY_DATA
2026-03-26T05:30:00+0530,2026-03-26T05:30:00+0530,26-03-2026,Brent,Brent Crude Oil Futures,ICE,60m,FRONT_MONTH_CONTINUOUS,BRN1!,RECONSTRUCTED_FROM_DAILY,See methodology_and_sources.md,115,115,115,115,0,USD,10114.25,10114.25,10114.25,10114.25,87.95,global_reopen_pre_mcx,none,ESTIMATED_FROM_DAILY_OHLC_USING_SESSION_HEURISTICS_NOT_REAL_INTRADAY_DATA
2026-03-26T06:30:00+0530,2026-03-26T06:30:00+0530,26-03-2026,Brent,Brent Crude Oil Futures,ICE,60m,FRONT_MONTH_CONTINUOUS,BRN1!,RECONSTRUCTED_FROM_DAILY,See methodology_and_sources.md,115,115.01,115,115.01,0,USD,10114.25,10114.87,10114.25,10114.87,87.95,global_reopen_pre_mcx,none,ESTIMATED_FROM_DAILY_OHLC_USING_SESSION_HEURISTICS_NOT_REAL_INTRADAY_DATA
2026-03-26T07:30:00+0530,2026-03-26T07:30:00+0530,26-03-2026,Brent,Brent Crude Oil Futures,ICE,60m,FRONT_MONTH_CONTINUOUS,BRN1!,RECONSTRUCTED_FROM_DAILY,See methodology_and_sources.md,115.01,115.02,115.01,115.02,0,USD,10114.87,10115.92,10114.87,10115.92,87.95,global_reopen_pre_mcx,none,ESTIMATED_FROM_DAILY_OHLC_USING_SESSION_HEURISTICS_NOT_REAL_INTRADAY_DATA
2026-03-26T08:30:00+0530,2026-03-26T08:30:00+0530,26-03-2026,Brent,Brent Crude Oil Futures,ICE,60m,FRONT_MONTH_CONTINUOUS,BRN1!,RECONSTRUCTED_FROM_DAILY,See methodology_and_sources.md,115.02,115.02,115.02,115.02,0,USD,10115.92,10115.93,10115.92,10115.93,87.95,global_reopen_pre_mcx,none,ESTIMATED_FROM_DAILY_OHLC_USING_SESSION_HEURISTICS_NOT_REAL_INTRADAY_DATA
2026-03-26T09:30:00+0530,2026-03-26T09:30:00+0530,26-03-2026,Brent,Brent Crude Oil Futures,ICE,60m,FRONT_MONTH_CONTINUOUS,BRN1!,RECONSTRUCTED_FROM_DAILY,See methodology_and_sources.md,115.02,115.07,115.02,115.07,0,USD,10115.93,10120.82,10115.93,10120.82,87.95,mcx_open_drive,none,ESTIMATED_FROM_DAILY_OHLC_USING_SESSION_HEURISTICS_NOT_REAL_INTRADAY_DATA
2026-03-26T10:30:00+0530,2026-03-26T10:30:00+0530,26-03-2026,Brent,Brent Crude Oil Futures,ICE,60m,FRONT_MONTH_CONTINUOUS,BRN1!,RECONSTRUCTED_FROM_DAILY,See methodology_and_sources.md,115.07,115.07,115.04,115.04,0,USD,10120.82,10120.82,10117.87,10117.87,87.95,india_morning,none,ESTIMATED_FROM_DAILY_OHLC_USING_SESSION_HEURISTICS_NOT_REAL_INTRADAY_DATA
2026-03-26T11:30:00+0530,2026-03-26T11:30:00+0530,26-03-2026,Brent,Brent Crude Oil Futures,ICE,60m,FRONT_MONTH_CONTINUOUS,BRN1!,RECONSTRUCTED_FROM_DAILY,See methodology_and_sources.md,115.04,115.04,115,115,0,USD,10117.87,10117.87,10114.25,10114.25,87.95,india_morning,none,ESTIMATED_FROM_DAILY_OHLC_USING_SESSION_HEURISTICS_NOT_REAL_INTRADAY_DATA
2026-03-26T12:30:00+0530,2026-03-26T12:30:00+0530,26-03-2026,Brent,Brent Crude Oil Futures,ICE,60m,FRONT_MONTH_CONTINUOUS,BRN1!,RECONSTRUCTED_FROM_DAILY,See methodology_and_sources.md,115,115,115,115,0,USD,10114.25,10114.25,10114.25,10114.25,87.95,india_midday,none,ESTIMATED_FROM_DAILY_OHLC_USING_SESSION_HEURISTICS_NOT_REAL_INTRADAY_DATA
2026-03-26T13:30:00+0530,2026-03-26T13:30:00+0530,26-03-2026,Brent,Brent Crude Oil Futures,ICE,60m,FRONT_MONTH_CONTINUOUS,BRN1!,RECONSTRUCTED_FROM_DAILY,See methodology_and_sources.md,115,115.04,115,115.04,0,USD,10114.25,10117.5,10114.25,10117.5,87.95,india_midday,none,ESTIMATED_FROM_DAILY_OHLC_USING_SESSION_HEURISTICS_NOT_REAL_INTRADAY_DATA
2026-03-26T14:30:00+0530,2026-03-26T14:30:00+0530,26-03-2026,Brent,Brent Crude Oil Futures,ICE,60m,FRONT_MONTH_CONTINUOUS,BRN1!,RECONSTRUCTED_FROM_DAILY,See methodology_and_sources.md,115.04,115.07,115.04,115.07,0,USD,10117.5,10120.16,10117.5,10120.16,87.95,india_midday,none,ESTIMATED_FROM_DAILY_OHLC_USING_SESSION_HEURISTICS_NOT_REAL_INTRADAY_DATA
2026-03-26T15:30:00+0530,2026-03-26T15:30:00+0530,26-03-2026,Brent,Brent Crude Oil Futures,ICE,60m,FRONT_MONTH_CONTINUOUS,BRN1!,RECONSTRUCTED_FROM_DAILY,See methodology_and_sources.md,115.07,115.13,115.07,115.13,0,USD,10120.16,10125.79,10120.16,10125.79,87.95,europe_open,first_30m_after_europe_open,ESTIMATED_FROM_DAILY_OHLC_USING_SESSION_HEURISTICS_NOT_REAL_INTRADAY_DATA
2026-03-26T16:30:00+0530,2026-03-26T16:30:00+0530,26-03-2026,Brent,Brent Crude Oil Futures,ICE,60m,FRONT_MONTH_CONTINUOUS,BRN1!,RECONSTRUCTED_FROM_DAILY,See methodology_and_sources.md,115.13,115.13,115.07,115.07,0,USD,10125.79,10125.79,10120.42,10120.42,87.95,europe_open,none,ESTIMATED_FROM_DAILY_OHLC_USING_SESSION_HEURISTICS_NOT_REAL_INTRADAY_DATA
2026-03-26T17:30:00+0530,2026-03-26T17:30:00+0530,26-03-2026,Brent,Brent Crude Oil Futures,ICE,60m,FRONT_MONTH_CONTINUOUS,BRN1!,RECONSTRUCTED_FROM_DAILY,See methodology_and_sources.md,115.07,115.07,115.04,115.04,0,USD,10120.42,10120.42,10118.16,10118.16,87.95,europe_mid,none,ESTIMATED_FROM_DAILY_OHLC_USING_SESSION_HEURISTICS_NOT_REAL_INTRADAY_DATA
2026-03-26T18:30:00+0530,2026-03-26T18:30:00+0530,26-03-2026,Brent,Brent Crude Oil Futures,ICE,60m,FRONT_MONTH_CONTINUOUS,BRN1!,RECONSTRUCTED_FROM_DAILY,See methodology_and_sources.md,115.04,115.09,115.04,115.09,0,USD,10118.16,10122,10118.16,10122,87.95,europe_mid,none,ESTIMATED_FROM_DAILY_OHLC_USING_SESSION_HEURISTICS_NOT_REAL_INTRADAY_DATA
2026-03-26T19:30:00+0530,2026-03-26T19:30:00+0530,26-03-2026,Brent,Brent Crude Oil Futures,ICE,60m,FRONT_MONTH_CONTINUOUS,BRN1!,RECONSTRUCTED_FROM_DAILY,See methodology_and_sources.md,115.09,115.14,115.09,115.14,0,USD,10122,10126.71,10122,10126.71,87.95,europe_mid,none,ESTIMATED_FROM_DAILY_OHLC_USING_SESSION_HEURISTICS_NOT_REAL_INTRADAY_DATA
2026-03-26T20:30:00+0530,2026-03-26T20:30:00+0530,26-03-2026,Brent,Brent Crude Oil Futures,ICE,60m,FRONT_MONTH_CONTINUOUS,BRN1!,RECONSTRUCTED_FROM_DAILY,See methodology_and_sources.md,115.14,115.16,115.14,115.16,0,USD,10126.71,10128.24,10126.71,10128.24,87.95,us_pre_open,none,ESTIMATED_FROM_DAILY_OHLC_USING_SESSION_HEURISTICS_NOT_REAL_INTRADAY_DATA
2026-03-26T21:30:00+0530,2026-03-26T21:30:00+0530,26-03-2026,Brent,Brent Crude Oil Futures,ICE,60m,FRONT_MONTH_CONTINUOUS,BRN1!,RECONSTRUCTED_FROM_DAILY,See methodology_and_sources.md,115.16,115.18,115.16,115.18,0,USD,10128.24,10129.74,10128.24,10129.74,87.95,us_open,first_hour_after_us_open,ESTIMATED_FROM_DAILY_OHLC_USING_SESSION_HEURISTICS_NOT_REAL_INTRADAY_DATA
2026-03-26T22:30:00+0530,2026-03-26T22:30:00+0530,26-03-2026,Brent,Brent Crude Oil Futures,ICE,60m,FRONT_MONTH_CONTINUOUS,BRN1!,RECONSTRUCTED_FROM_DAILY,See methodology_and_sources.md,115.18,115.18,115.07,115.07,0,USD,10129.74,10129.74,10120.06,10120.06,87.95,us_open,final_hour_before_mcx_close,ESTIMATED_FROM_DAILY_OHLC_USING_SESSION_HEURISTICS_NOT_REAL_INTRADAY_DATA
2026-03-26T23:30:00+0530,2026-03-26T23:30:00+0530,26-03-2026,Brent,Brent Crude Oil Futures,ICE,60m,FRONT_MONTH_CONTINUOUS,BRN1!,RECONSTRUCTED_FROM_DAILY,See methodology_and_sources.md,115.07,118,115.07,118,0,USD,10120.06,10378.1,10120.06,10378.1,87.95,mcx_tail,none,ESTIMATED_FROM_DAILY_OHLC_USING_SESSION_HEURISTICS_NOT_REAL_INTRADAY_DATA
2026-03-27T00:30:00+0530,2026-03-27T00:30:00+0530,26-03-2026,Brent,Brent Crude Oil Futures,ICE,60m,FRONT_MONTH_CONTINUOUS,BRN1!,RECONSTRUCTED_FROM_DAILY,See methodology_and_sources.md,118,118,118,118,0,USD,10378.1,10378.1,10378.1,10378.1,87.95,other_valid_hours,none,ESTIMATED_FROM_DAILY_OHLC_USING_SESSION_HEURISTICS_NOT_REAL_INTRADAY_DATA
2026-03-27T03:30:00+0530,2026-03-27T03:30:00+0530,27-03-2026,Brent,Brent Crude Oil Futures,ICE,60m,FRONT_MONTH_CONTINUOUS,BRN1!,RECONSTRUCTED_FROM_DAILY,See methodology_and_sources.md,118,118,118,118,0,USD,10384,10384,10384,10384,88,global_reopen_pre_mcx,none,ESTIMATED_FROM_DAILY_OHLC_USING_SESSION_HEURISTICS_NOT_REAL_INTRADAY_DATA
2026-03-27T04:30:00+0530,2026-03-27T04:30:00+0530,27-03-2026,Brent,Brent Crude Oil Futures,ICE,60m,FRONT_MONTH_CONTINUOUS,BRN1!,RECONSTRUCTED_FROM_DAILY,See methodology_and_sources.md,118,118.01,118,118.01,0,USD,10384,10384.83,10384,10384.83,88,global_reopen_pre_mcx,none,ESTIMATED_FROM_DAILY_OHLC_USING_SESSION_HEURISTICS_NOT_REAL_INTRADAY_DATA
2026-03-27T05:30:00+0530,2026-03-27T05:30:00+0530,27-03-2026,Brent,Brent Crude Oil Futures,ICE,60m,FRONT_MONTH_CONTINUOUS,BRN1!,RECONSTRUCTED_FROM_DAILY,See methodology_and_sources.md,118.01,118.01,118,118,0,USD,10384.83,10384.83,10384,10384,88,global_reopen_pre_mcx,none,ESTIMATED_FROM_DAILY_OHLC_USING_SESSION_HEURISTICS_NOT_REAL_INTRADAY_DATA
2026-03-27T06:30:00+0530,2026-03-27T06:30:00+0530,27-03-2026,Brent,Brent Crude Oil Futures,ICE,60m,FRONT_MONTH_CONTINUOUS,BRN1!,RECONSTRUCTED_FROM_DAILY,See methodology_and_sources.md,118,118,118,118,0,USD,10384,10384,10384,10384,88,global_reopen_pre_mcx,none,ESTIMATED_FROM_DAILY_OHLC_USING_SESSION_HEURISTICS_NOT_REAL_INTRADAY_DATA
2026-03-27T07:30:00+0530,2026-03-27T07:30:00+0530,27-03-2026,Brent,Brent Crude Oil Futures,ICE,60m,FRONT_MONTH_CONTINUOUS,BRN1!,RECONSTRUCTED_FROM_DAILY,See methodology_and_sources.md,118,118,118,118,0,USD,10384,10384,10384,10384,88,global_reopen_pre_mcx,none,ESTIMATED_FROM_DAILY_OHLC_USING_SESSION_HEURISTICS_NOT_REAL_INTRADAY_DATA
2026-03-27T08:30:00+0530,2026-03-27T08:30:00+0530,27-03-2026,Brent,Brent Crude Oil Futures,ICE,60m,FRONT_MONTH_CONTINUOUS,BRN1!,RECONSTRUCTED_FROM_DAILY,See methodology_and_sources.md,118,118.06,118,118.06,0,USD,10384,10389.56,10384,10389.56,88,global_reopen_pre_mcx,none,ESTIMATED_FROM_DAILY_OHLC_USING_SESSION_HEURISTICS_NOT_REAL_INTRADAY_DATA
2026-03-27T09:30:00+0530,2026-03-27T09:30:00+0530,27-03-2026,Brent,Brent Crude Oil Futures,ICE,60m,FRONT_MONTH_CONTINUOUS,BRN1!,RECONSTRUCTED_FROM_DAILY,See methodology_and_sources.md,118.06,118.06,118.01,118.01,0,USD,10389.56,10389.56,10384.66,10384.66,88,mcx_open_drive,none,ESTIMATED_FROM_DAILY_OHLC_USING_SESSION_HEURISTICS_NOT_REAL_INTRADAY_DATA
2026-03-27T10:30:00+0530,2026-03-27T10:30:00+0530,27-03-2026,Brent,Brent Crude Oil Futures,ICE,60m,FRONT_MONTH_CONTINUOUS,BRN1!,RECONSTRUCTED_FROM_DAILY,See methodology_and_sources.md,118.01,118.01,118,118,0,USD,10384.66,10384.66,10384,10384,88,india_morning,none,ESTIMATED_FROM_DAILY_OHLC_USING_SESSION_HEURISTICS_NOT_REAL_INTRADAY_DATA
2026-03-27T11:30:00+0530,2026-03-27T11:30:00+0530,27-03-2026,Brent,Brent Crude Oil Futures,ICE,60m,FRONT_MONTH_CONTINUOUS,BRN1!,RECONSTRUCTED_FROM_DAILY,See methodology_and_sources.md,118,118,118,118,0,USD,10384,10384.1,10384,10384.1,88,india_morning,none,ESTIMATED_FROM_DAILY_OHLC_USING_SESSION_HEURISTICS_NOT_REAL_INTRADAY_DATA
2026-03-27T12:30:00+0530,2026-03-27T12:30:00+0530,27-03-2026,Brent,Brent Crude Oil Futures,ICE,60m,FRONT_MONTH_CONTINUOUS,BRN1!,RECONSTRUCTED_FROM_DAILY,See methodology_and_sources.md,118,118.02,118,118.02,0,USD,10384.1,10385.79,10384.1,10385.79,88,india_midday,none,ESTIMATED_FROM_DAILY_OHLC_USING_SESSION_HEURISTICS_NOT_REAL_INTRADAY_DATA
2026-03-27T13:30:00+0530,2026-03-27T13:30:00+0530,27-03-2026,Brent,Brent Crude Oil Futures,ICE,60m,FRONT_MONTH_CONTINUOUS,BRN1!,RECONSTRUCTED_FROM_DAILY,See methodology_and_sources.md,118.02,118.16,118.02,118.16,0,USD,10385.79,10397.97,10385.79,10397.97,88,india_midday,none,ESTIMATED_FROM_DAILY_OHLC_USING_SESSION_HEURISTICS_NOT_REAL_INTRADAY_DATA
2026-03-27T14:30:00+0530,2026-03-27T14:30:00+0530,27-03-2026,Brent,Brent Crude Oil Futures,ICE,60m,FRONT_MONTH_CONTINUOUS,BRN1!,RECONSTRUCTED_FROM_DAILY,See methodology_and_sources.md,118.16,118.21,118.16,118.21,0,USD,10397.97,10402.68,10397.97,10402.68,88,india_midday,none,ESTIMATED_FROM_DAILY_OHLC_USING_SESSION_HEURISTICS_NOT_REAL_INTRADAY_DATA
2026-03-27T15:30:00+0530,2026-03-27T15:30:00+0530,27-03-2026,Brent,Brent Crude Oil Futures,ICE,60m,FRONT_MONTH_CONTINUOUS,BRN1!,RECONSTRUCTED_FROM_DAILY,See methodology_and_sources.md,118.21,118.24,118.21,118.24,0,USD,10402.68,10405.53,10402.68,10405.53,88,europe_open,first_30m_after_europe_open,ESTIMATED_FROM_DAILY_OHLC_USING_SESSION_HEURISTICS_NOT_REAL_INTRADAY_DATA
2026-03-27T16:30:00+0530,2026-03-27T16:30:00+0530,27-03-2026,Brent,Brent Crude Oil Futures,ICE,60m,FRONT_MONTH_CONTINUOUS,BRN1!,RECONSTRUCTED_FROM_DAILY,See methodology_and_sources.md,118.24,118.24,118.16,118.16,0,USD,10405.53,10405.53,10398.27,10398.27,88,europe_open,none,ESTIMATED_FROM_DAILY_OHLC_USING_SESSION_HEURISTICS_NOT_REAL_INTRADAY_DATA
2026-03-27T17:30:00+0530,2026-03-27T17:30:00+0530,27-03-2026,Brent,Brent Crude Oil Futures,ICE,60m,FRONT_MONTH_CONTINUOUS,BRN1!,RECONSTRUCTED_FROM_DAILY,See methodology_and_sources.md,118.16,118.16,118.11,118.11,0,USD,10398.27,10398.27,10393.56,10393.56,88,europe_mid,none,ESTIMATED_FROM_DAILY_OHLC_USING_SESSION_HEURISTICS_NOT_REAL_INTRADAY_DATA
2026-03-27T18:30:00+0530,2026-03-27T18:30:00+0530,27-03-2026,Brent,Brent Crude Oil Futures,ICE,60m,FRONT_MONTH_CONTINUOUS,BRN1!,RECONSTRUCTED_FROM_DAILY,See methodology_and_sources.md,118.11,118.14,118.11,118.14,0,USD,10393.56,10396.72,10393.56,10396.72,88,europe_mid,none,ESTIMATED_FROM_DAILY_OHLC_USING_SESSION_HEURISTICS_NOT_REAL_INTRADAY_DATA
2026-03-27T19:30:00+0530,2026-03-27T19:30:00+0530,27-03-2026,Brent,Brent Crude Oil Futures,ICE,60m,FRONT_MONTH_CONTINUOUS,BRN1!,RECONSTRUCTED_FROM_DAILY,See methodology_and_sources.md,118.14,118.19,118.14,118.19,0,USD,10396.72,10400.73,10396.72,10400.73,88,europe_mid,none,ESTIMATED_FROM_DAILY_OHLC_USING_SESSION_HEURISTICS_NOT_REAL_INTRADAY_DATA
2026-03-27T20:30:00+0530,2026-03-27T20:30:00+0530,27-03-2026,Brent,Brent Crude Oil Futures,ICE,60m,FRONT_MONTH_CONTINUOUS,BRN1!,RECONSTRUCTED_FROM_DAILY,See methodology_and_sources.md,118.19,118.22,118.19,118.22,0,USD,10400.73,10403.31,10400.73,10403.31,88,us_pre_open,none,ESTIMATED_FROM_DAILY_OHLC_USING_SESSION_HEURISTICS_NOT_REAL_INTRADAY_DATA
2026-03-27T21:30:00+0530,2026-03-27T21:30:00+0530,27-03-2026,Brent,Brent Crude Oil Futures,ICE,60m,FRONT_MONTH_CONTINUOUS,BRN1!,RECONSTRUCTED_FROM_DAILY,See methodology_and_sources.md,118.22,118.22,118.13,118.13,0,USD,10403.31,10403.31,10395.84,10395.84,88,us_open,first_hour_after_us_open,ESTIMATED_FROM_DAILY_OHLC_USING_SESSION_HEURISTICS_NOT_REAL_INTRADAY_DATA
2026-03-27T22:30:00+0530,2026-03-27T22:30:00+0530,27-03-2026,Brent,Brent Crude Oil Futures,ICE,60m,FRONT_MONTH_CONTINUOUS,BRN1!,RECONSTRUCTED_FROM_DAILY,See methodology_and_sources.md,118.13,118.24,118.13,118.24,0,USD,10395.84,10404.72,10395.84,10404.72,88,us_open,final_hour_before_mcx_close,ESTIMATED_FROM_DAILY_OHLC_USING_SESSION_HEURISTICS_NOT_REAL_INTRADAY_DATA
2026-03-27T23:30:00+0530,2026-03-27T23:30:00+0530,27-03-2026,Brent,Brent Crude Oil Futures,ICE,60m,FRONT_MONTH_CONTINUOUS,BRN1!,RECONSTRUCTED_FROM_DAILY,See methodology_and_sources.md,118.24,120,118.24,120,0,USD,10404.72,10560,10404.72,10560,88,mcx_tail,none,ESTIMATED_FROM_DAILY_OHLC_USING_SESSION_HEURISTICS_NOT_REAL_INTRADAY_DATA
2026-03-28T00:30:00+0530,2026-03-28T00:30:00+0530,27-03-2026,Brent,Brent Crude Oil Futures,ICE,60m,FRONT_MONTH_CONTINUOUS,BRN1!,RECONSTRUCTED_FROM_DAILY,See methodology_and_sources.md,120,120,120,120,0,USD,10560,10560,10560,10560,88,other_valid_hours,none,ESTIMATED_FROM_DAILY_OHLC_USING_SESSION_HEURISTICS_NOT_REAL_INTRADAY_DATA
2026-03-30T03:30:00+0530,2026-03-30T03:30:00+0530,30-03-2026,Brent,Brent Crude Oil Futures,ICE,60m,FRONT_MONTH_CONTINUOUS,BRN1!,RECONSTRUCTED_FROM_DAILY,See methodology_and_sources.md,118,118,118,118,0,USD,10395.8,10395.8,10395.8,10395.8,88.1,global_reopen_pre_mcx,none,ESTIMATED_FROM_DAILY_OHLC_USING_SESSION_HEURISTICS_NOT_REAL_INTRADAY_DATA
2026-03-30T04:30:00+0530,2026-03-30T04:30:00+0530,30-03-2026,Brent,Brent Crude Oil Futures,ICE,60m,FRONT_MONTH_CONTINUOUS,BRN1!,RECONSTRUCTED_FROM_DAILY,See methodology_and_sources.md,118,118.03,118,118.03,0,USD,10395.8,10398.41,10395.8,10398.41,88.1,global_reopen_pre_mcx,none,ESTIMATED_FROM_DAILY_OHLC_USING_SESSION_HEURISTICS_NOT_REAL_INTRADAY_DATA
2026-03-30T05:30:00+0530,2026-03-30T05:30:00+0530,30-03-2026,Brent,Brent Crude Oil Futures,ICE,60m,FRONT_MONTH_CONTINUOUS,BRN1!,RECONSTRUCTED_FROM_DAILY,See methodology_and_sources.md,118.03,118.03,118,118,0,USD,10398.41,10398.41,10395.8,10395.8,88.1,global_reopen_pre_mcx,none,ESTIMATED_FROM_DAILY_OHLC_USING_SESSION_HEURISTICS_NOT_REAL_INTRADAY_DATA
2026-03-30T06:30:00+0530,2026-03-30T06:30:00+0530,30-03-2026,Brent,Brent Crude Oil Futures,ICE,60m,FRONT_MONTH_CONTINUOUS,BRN1!,RECONSTRUCTED_FROM_DAILY,See methodology_and_sources.md,118,118,118,118,0,USD,10395.8,10395.8,10395.8,10395.8,88.1,global_reopen_pre_mcx,none,ESTIMATED_FROM_DAILY_OHLC_USING_SESSION_HEURISTICS_NOT_REAL_INTRADAY_DATA
2026-03-30T07:30:00+0530,2026-03-30T07:30:00+0530,30-03-2026,Brent,Brent Crude Oil Futures,ICE,60m,FRONT_MONTH_CONTINUOUS,BRN1!,RECONSTRUCTED_FROM_DAILY,See methodology_and_sources.md,118,118,118,118,0,USD,10395.8,10395.8,10395.8,10395.8,88.1,global_reopen_pre_mcx,none,ESTIMATED_FROM_DAILY_OHLC_USING_SESSION_HEURISTICS_NOT_REAL_INTRADAY_DATA
2026-03-30T08:30:00+0530,2026-03-30T08:30:00+0530,30-03-2026,Brent,Brent Crude Oil Futures,ICE,60m,FRONT_MONTH_CONTINUOUS,BRN1!,RECONSTRUCTED_FROM_DAILY,See methodology_and_sources.md,118,118.1,118,118.1,0,USD,10395.8,10404.31,10395.8,10404.31,88.1,global_reopen_pre_mcx,none,ESTIMATED_FROM_DAILY_OHLC_USING_SESSION_HEURISTICS_NOT_REAL_INTRADAY_DATA
2026-03-30T09:30:00+0530,2026-03-30T09:30:00+0530,30-03-2026,Brent,Brent Crude Oil Futures,ICE,60m,FRONT_MONTH_CONTINUOUS,BRN1!,RECONSTRUCTED_FROM_DAILY,See methodology_and_sources.md,118.1,118.11,118.1,118.11,0,USD,10404.31,10405.64,10404.31,10405.64,88.1,mcx_open_drive,none,ESTIMATED_FROM_DAILY_OHLC_USING_SESSION_HEURISTICS_NOT_REAL_INTRADAY_DATA
2026-03-30T10:30:00+0530,2026-03-30T10:30:00+0530,30-03-2026,Brent,Brent Crude Oil Futures,ICE,60m,FRONT_MONTH_CONTINUOUS,BRN1!,RECONSTRUCTED_FROM_DAILY,See methodology_and_sources.md,118.11,118.11,118.1,118.1,0,USD,10405.64,10405.64,10404.22,10404.22,88.1,india_morning,none,ESTIMATED_FROM_DAILY_OHLC_USING_SESSION_HEURISTICS_NOT_REAL_INTRADAY_DATA
2026-03-30T11:30:00+0530,2026-03-30T11:30:00+0530,30-03-2026,Brent,Brent Crude Oil Futures,ICE,60m,FRONT_MONTH_CONTINUOUS,BRN1!,RECONSTRUCTED_FROM_DAILY,See methodology_and_sources.md,118.1,118.14,118.1,118.14,0,USD,10404.22,10407.72,10404.22,10407.72,88.1,india_morning,none,ESTIMATED_FROM_DAILY_OHLC_USING_SESSION_HEURISTICS_NOT_REAL_INTRADAY_DATA
2026-03-30T12:30:00+0530,2026-03-30T12:30:00+0530,30-03-2026,Brent,Brent Crude Oil Futures,ICE,60m,FRONT_MONTH_CONTINUOUS,BRN1!,RECONSTRUCTED_FROM_DAILY,See methodology_and_sources.md,118.14,118.14,118.09,118.09,0,USD,10407.72,10407.72,10404.16,10404.16,88.1,india_midday,none,ESTIMATED_FROM_DAILY_OHLC_USING_SESSION_HEURISTICS_NOT_REAL_INTRADAY_DATA
2026-03-30T13:30:00+0530,2026-03-30T13:30:00+0530,30-03-2026,Brent,Brent Crude Oil Futures,ICE,60m,FRONT_MONTH_CONTINUOUS,BRN1!,RECONSTRUCTED_FROM_DAILY,See methodology_and_sources.md,118.09,118.09,118.08,118.08,0,USD,10404.16,10404.16,10402.54,10402.54,88.1,india_midday,none,ESTIMATED_FROM_DAILY_OHLC_USING_SESSION_HEURISTICS_NOT_REAL_INTRADAY_DATA
2026-03-30T14:30:00+0530,2026-03-30T14:30:00+0530,30-03-2026,Brent,Brent Crude Oil Futures,ICE,60m,FRONT_MONTH_CONTINUOUS,BRN1!,RECONSTRUCTED_FROM_DAILY,See methodology_and_sources.md,118.08,118.14,118.08,118.14,0,USD,10402.54,10407.88,10402.54,10407.88,88.1,india_midday,none,ESTIMATED_FROM_DAILY_OHLC_USING_SESSION_HEURISTICS_NOT_REAL_INTRADAY_DATA
2026-03-30T15:30:00+0530,2026-03-30T15:30:00+0530,30-03-2026,Brent,Brent Crude Oil Futures,ICE,60m,FRONT_MONTH_CONTINUOUS,BRN1!,RECONSTRUCTED_FROM_DAILY,See methodology_and_sources.md,118.14,118.22,118.14,118.22,0,USD,10407.88,10415.03,10407.88,10415.03,88.1,europe_open,first_30m_after_europe_open,ESTIMATED_FROM_DAILY_OHLC_USING_SESSION_HEURISTICS_NOT_REAL_INTRADAY_DATA
2026-03-30T16:30:00+0530,2026-03-30T16:30:00+0530,30-03-2026,Brent,Brent Crude Oil Futures,ICE,60m,FRONT_MONTH_CONTINUOUS,BRN1!,RECONSTRUCTED_FROM_DAILY,See methodology_and_sources.md,118.22,118.22,118.15,118.15,0,USD,10415.03,10415.03,10408.79,10408.79,88.1,europe_open,none,ESTIMATED_FROM_DAILY_OHLC_USING_SESSION_HEURISTICS_NOT_REAL_INTRADAY_DATA
2026-03-30T17:30:00+0530,2026-03-30T17:30:00+0530,30-03-2026,Brent,Brent Crude Oil Futures,ICE,60m,FRONT_MONTH_CONTINUOUS,BRN1!,RECONSTRUCTED_FROM_DAILY,See methodology_and_sources.md,118.15,118.15,118.12,118.12,0,USD,10408.79,10408.79,10406.76,10406.76,88.1,europe_mid,none,ESTIMATED_FROM_DAILY_OHLC_USING_SESSION_HEURISTICS_NOT_REAL_INTRADAY_DATA
2026-03-30T18:30:00+0530,2026-03-30T18:30:00+0530,30-03-2026,Brent,Brent Crude Oil Futures,ICE,60m,FRONT_MONTH_CONTINUOUS,BRN1!,RECONSTRUCTED_FROM_DAILY,See methodology_and_sources.md,118.12,118.19,118.12,118.19,0,USD,10406.76,10412.52,10406.76,10412.52,88.1,europe_mid,none,ESTIMATED_FROM_DAILY_OHLC_USING_SESSION_HEURISTICS_NOT_REAL_INTRADAY_DATA
2026-03-30T19:30:00+0530,2026-03-30T19:30:00+0530,30-03-2026,Brent,Brent Crude Oil Futures,ICE,60m,FRONT_MONTH_CONTINUOUS,BRN1!,RECONSTRUCTED_FROM_DAILY,See methodology_and_sources.md,118.19,118.22,118.19,118.22,0,USD,10412.52,10415.53,10412.52,10415.53,88.1,europe_mid,none,ESTIMATED_FROM_DAILY_OHLC_USING_SESSION_HEURISTICS_NOT_REAL_INTRADAY_DATA
2026-03-30T20:30:00+0530,2026-03-30T20:30:00+0530,30-03-2026,Brent,Brent Crude Oil Futures,ICE,60m,FRONT_MONTH_CONTINUOUS,BRN1!,RECONSTRUCTED_FROM_DAILY,See methodology_and_sources.md,118.22,118.22,118.17,118.17,0,USD,10415.53,10415.53,10411.17,10411.17,88.1,us_pre_open,none,ESTIMATED_FROM_DAILY_OHLC_USING_SESSION_HEURISTICS_NOT_REAL_INTRADAY_DATA
2026-03-30T21:30:00+0530,2026-03-30T21:30:00+0530,30-03-2026,Brent,Brent Crude Oil Futures,ICE,60m,FRONT_MONTH_CONTINUOUS,BRN1!,RECONSTRUCTED_FROM_DAILY,See methodology_and_sources.md,118.17,118.2,118.17,118.2,0,USD,10411.17,10413.13,10411.17,10413.13,88.1,us_open,first_hour_after_us_open,ESTIMATED_FROM_DAILY_OHLC_USING_SESSION_HEURISTICS_NOT_REAL_INTRADAY_DATA
2026-03-30T22:30:00+0530,2026-03-30T22:30:00+0530,30-03-2026,Brent,Brent Crude Oil Futures,ICE,60m,FRONT_MONTH_CONTINUOUS,BRN1!,RECONSTRUCTED_FROM_DAILY,See methodology_and_sources.md,118.2,118.2,118.17,118.17,0,USD,10413.13,10413.13,10410.98,10410.98,88.1,us_open,final_hour_before_mcx_close,ESTIMATED_FROM_DAILY_OHLC_USING_SESSION_HEURISTICS_NOT_REAL_INTRADAY_DATA
2026-03-30T23:30:00+0530,2026-03-30T23:30:00+0530,30-03-2026,Brent,Brent Crude Oil Futures,ICE,60m,FRONT_MONTH_CONTINUOUS,BRN1!,RECONSTRUCTED_FROM_DAILY,See methodology_and_sources.md,118.17,122,118.17,122,0,USD,10410.98,10748.2,10410.98,10748.2,88.1,mcx_tail,none,ESTIMATED_FROM_DAILY_OHLC_USING_SESSION_HEURISTICS_NOT_REAL_INTRADAY_DATA
2026-03-31T00:30:00+0530,2026-03-31T00:30:00+0530,30-03-2026,Brent,Brent Crude Oil Futures,ICE,60m,FRONT_MONTH_CONTINUOUS,BRN1!,RECONSTRUCTED_FROM_DAILY,See methodology_and_sources.md,122,122,122,122,0,USD,10748.2,10748.2,10748.2,10748.2,88.1,other_valid_hours,none,ESTIMATED_FROM_DAILY_OHLC_USING_SESSION_HEURISTICS_NOT_REAL_INTRADAY_DATA
2026-03-31T03:30:00+0530,2026-03-31T03:30:00+0530,31-03-2026,Brent,Brent Crude Oil Futures,ICE,60m,FRONT_MONTH_CONTINUOUS,BRN1!,RECONSTRUCTED_FROM_DAILY,See methodology_and_sources.md,118,118,118,118,0,USD,10401.7,10401.7,10401.7,10401.7,88.15,global_reopen_pre_mcx,none,ESTIMATED_FROM_DAILY_OHLC_USING_SESSION_HEURISTICS_NOT_REAL_INTRADAY_DATA
2026-03-31T04:30:00+0530,2026-03-31T04:30:00+0530,31-03-2026,Brent,Brent Crude Oil Futures,ICE,60m,FRONT_MONTH_CONTINUOUS,BRN1!,RECONSTRUCTED_FROM_DAILY,See methodology_and_sources.md,118,118,118,118,0,USD,10401.7,10401.7,10401.7,10401.7,88.15,global_reopen_pre_mcx,none,ESTIMATED_FROM_DAILY_OHLC_USING_SESSION_HEURISTICS_NOT_REAL_INTRADAY_DATA
2026-03-31T05:30:00+0530,2026-03-31T05:30:00+0530,31-03-2026,Brent,Brent Crude Oil Futures,ICE,60m,FRONT_MONTH_CONTINUOUS,BRN1!,RECONSTRUCTED_FROM_DAILY,See methodology_and_sources.md,118,118,118,118,0,USD,10401.7,10401.7,10401.7,10401.7,88.15,global_reopen_pre_mcx,none,ESTIMATED_FROM_DAILY_OHLC_USING_SESSION_HEURISTICS_NOT_REAL_INTRADAY_DATA
2026-03-31T06:30:00+0530,2026-03-31T06:30:00+0530,31-03-2026,Brent,Brent Crude Oil Futures,ICE,60m,FRONT_MONTH_CONTINUOUS,BRN1!,RECONSTRUCTED_FROM_DAILY,See methodology_and_sources.md,118,118,118,118,0,USD,10401.7,10401.7,10401.7,10401.7,88.15,global_reopen_pre_mcx,none,ESTIMATED_FROM_DAILY_OHLC_USING_SESSION_HEURISTICS_NOT_REAL_INTRADAY_DATA
2026-03-31T07:30:00+0530,2026-03-31T07:30:00+0530,31-03-2026,Brent,Brent Crude Oil Futures,ICE,60m,FRONT_MONTH_CONTINUOUS,BRN1!,RECONSTRUCTED_FROM_DAILY,See methodology_and_sources.md,118,118,118,118,0,USD,10401.7,10401.7,10401.7,10401.7,88.15,global_reopen_pre_mcx,none,ESTIMATED_FROM_DAILY_OHLC_USING_SESSION_HEURISTICS_NOT_REAL_INTRADAY_DATA
2026-03-31T08:30:00+0530,2026-03-31T08:30:00+0530,31-03-2026,Brent,Brent Crude Oil Futures,ICE,60m,FRONT_MONTH_CONTINUOUS,BRN1!,RECONSTRUCTED_FROM_DAILY,See methodology_and_sources.md,118,118,118,118,0,USD,10401.7,10401.7,10401.7,10401.7,88.15,global_reopen_pre_mcx,none,ESTIMATED_FROM_DAILY_OHLC_USING_SESSION_HEURISTICS_NOT_REAL_INTRADAY_DATA
2026-03-31T09:30:00+0530,2026-03-31T09:30:00+0530,31-03-2026,Brent,Brent Crude Oil Futures,ICE,60m,FRONT_MONTH_CONTINUOUS,BRN1!,RECONSTRUCTED_FROM_DAILY,See methodology_and_sources.md,118,118,118,118,0,USD,10401.7,10402.13,10401.7,10402.13,88.15,mcx_open_drive,none,ESTIMATED_FROM_DAILY_OHLC_USING_SESSION_HEURISTICS_NOT_REAL_INTRADAY_DATA
2026-03-31T10:30:00+0530,2026-03-31T10:30:00+0530,31-03-2026,Brent,Brent Crude Oil Futures,ICE,60m,FRONT_MONTH_CONTINUOUS,BRN1!,RECONSTRUCTED_FROM_DAILY,See methodology_and_sources.md,118,118,118,118,0,USD,10402.13,10402.13,10401.7,10401.7,88.15,india_morning,none,ESTIMATED_FROM_DAILY_OHLC_USING_SESSION_HEURISTICS_NOT_REAL_INTRADAY_DATA
2026-03-31T11:30:00+0530,2026-03-31T11:30:00+0530,31-03-2026,Brent,Brent Crude Oil Futures,ICE,60m,FRONT_MONTH_CONTINUOUS,BRN1!,RECONSTRUCTED_FROM_DAILY,See methodology_and_sources.md,118,118,118,118,0,USD,10401.7,10401.7,10401.7,10401.7,88.15,india_morning,none,ESTIMATED_FROM_DAILY_OHLC_USING_SESSION_HEURISTICS_NOT_REAL_INTRADAY_DATA
2026-03-31T12:30:00+0530,2026-03-31T12:30:00+0530,31-03-2026,Brent,Brent Crude Oil Futures,ICE,60m,FRONT_MONTH_CONTINUOUS,BRN1!,RECONSTRUCTED_FROM_DAILY,See methodology_and_sources.md,118,118,118,118,0,USD,10401.7,10401.7,10401.7,10401.7,88.15,india_midday,none,ESTIMATED_FROM_DAILY_OHLC_USING_SESSION_HEURISTICS_NOT_REAL_INTRADAY_DATA
2026-03-31T13:30:00+0530,2026-03-31T13:30:00+0530,31-03-2026,Brent,Brent Crude Oil Futures,ICE,60m,FRONT_MONTH_CONTINUOUS,BRN1!,RECONSTRUCTED_FROM_DAILY,See methodology_and_sources.md,118,118.02,118,118.02,0,USD,10401.7,10403.48,10401.7,10403.48,88.15,india_midday,none,ESTIMATED_FROM_DAILY_OHLC_USING_SESSION_HEURISTICS_NOT_REAL_INTRADAY_DATA
2026-03-31T14:30:00+0530,2026-03-31T14:30:00+0530,31-03-2026,Brent,Brent Crude Oil Futures,ICE,60m,FRONT_MONTH_CONTINUOUS,BRN1!,RECONSTRUCTED_FROM_DAILY,See methodology_and_sources.md,118.02,118.02,118,118,0,USD,10403.48,10403.48,10401.7,10401.7,88.15,india_midday,none,ESTIMATED_FROM_DAILY_OHLC_USING_SESSION_HEURISTICS_NOT_REAL_INTRADAY_DATA
2026-03-31T15:30:00+0530,2026-03-31T15:30:00+0530,31-03-2026,Brent,Brent Crude Oil Futures,ICE,60m,FRONT_MONTH_CONTINUOUS,BRN1!,RECONSTRUCTED_FROM_DAILY,See methodology_and_sources.md,118,118.02,118,118.02,0,USD,10401.7,10403.55,10401.7,10403.55,88.15,europe_open,first_30m_after_europe_open,ESTIMATED_FROM_DAILY_OHLC_USING_SESSION_HEURISTICS_NOT_REAL_INTRADAY_DATA
2026-03-31T16:30:00+0530,2026-03-31T16:30:00+0530,31-03-2026,Brent,Brent Crude Oil Futures,ICE,60m,FRONT_MONTH_CONTINUOUS,BRN1!,RECONSTRUCTED_FROM_DAILY,See methodology_and_sources.md,118.02,118.02,118.02,118.02,0,USD,10403.55,10403.55,10403.17,10403.17,88.15,europe_open,none,ESTIMATED_FROM_DAILY_OHLC_USING_SESSION_HEURISTICS_NOT_REAL_INTRADAY_DATA
2026-03-31T17:30:00+0530,2026-03-31T17:30:00+0530,31-03-2026,Brent,Brent Crude Oil Futures,ICE,60m,FRONT_MONTH_CONTINUOUS,BRN1!,RECONSTRUCTED_FROM_DAILY,See methodology_and_sources.md,118.02,118.03,118.02,118.03,0,USD,10403.17,10404.64,10403.17,10404.64,88.15,europe_mid,none,ESTIMATED_FROM_DAILY_OHLC_USING_SESSION_HEURISTICS_NOT_REAL_INTRADAY_DATA
2026-03-31T18:30:00+0530,2026-03-31T18:30:00+0530,31-03-2026,Brent,Brent Crude Oil Futures,ICE,60m,FRONT_MONTH_CONTINUOUS,BRN1!,RECONSTRUCTED_FROM_DAILY,See methodology_and_sources.md,118.03,118.03,118,118,0,USD,10404.64,10404.64,10401.7,10401.7,88.15,europe_mid,none,ESTIMATED_FROM_DAILY_OHLC_USING_SESSION_HEURISTICS_NOT_REAL_INTRADAY_DATA
2026-03-31T19:30:00+0530,2026-03-31T19:30:00+0530,31-03-2026,Brent,Brent Crude Oil Futures,ICE,60m,FRONT_MONTH_CONTINUOUS,BRN1!,RECONSTRUCTED_FROM_DAILY,See methodology_and_sources.md,118,118,118,118,0,USD,10401.7,10401.7,10401.7,10401.7,88.15,europe_mid,none,ESTIMATED_FROM_DAILY_OHLC_USING_SESSION_HEURISTICS_NOT_REAL_INTRADAY_DATA
2026-03-31T20:30:00+0530,2026-03-31T20:30:00+0530,31-03-2026,Brent,Brent Crude Oil Futures,ICE,60m,FRONT_MONTH_CONTINUOUS,BRN1!,RECONSTRUCTED_FROM_DAILY,See methodology_and_sources.md,118,118.04,118,118.04,0,USD,10401.7,10405.1,10401.7,10405.1,88.15,us_pre_open,none,ESTIMATED_FROM_DAILY_OHLC_USING_SESSION_HEURISTICS_NOT_REAL_INTRADAY_DATA
2026-03-31T21:30:00+0530,2026-03-31T21:30:00+0530,31-03-2026,Brent,Brent Crude Oil Futures,ICE,60m,FRONT_MONTH_CONTINUOUS,BRN1!,RECONSTRUCTED_FROM_DAILY,See methodology_and_sources.md,118.04,118.09,118.04,118.09,0,USD,10405.1,10409.3,10405.1,10409.3,88.15,us_open,first_hour_after_us_open,ESTIMATED_FROM_DAILY_OHLC_USING_SESSION_HEURISTICS_NOT_REAL_INTRADAY_DATA
2026-03-31T22:30:00+0530,2026-03-31T22:30:00+0530,31-03-2026,Brent,Brent Crude Oil Futures,ICE,60m,FRONT_MONTH_CONTINUOUS,BRN1!,RECONSTRUCTED_FROM_DAILY,See methodology_and_sources.md,118.09,118.09,118.04,118.04,0,USD,10409.3,10409.3,10405.66,10405.66,88.15,us_open,final_hour_before_mcx_close,ESTIMATED_FROM_DAILY_OHLC_USING_SESSION_HEURISTICS_NOT_REAL_INTRADAY_DATA
2026-03-31T23:30:00+0530,2026-03-31T23:30:00+0530,31-03-2026,Brent,Brent Crude Oil Futures,ICE,60m,FRONT_MONTH_CONTINUOUS,BRN1!,RECONSTRUCTED_FROM_DAILY,See methodology_and_sources.md,118.04,118.04,118,118,0,USD,10405.66,10405.66,10401.7,10401.7,88.15,mcx_tail,none,ESTIMATED_FROM_DAILY_OHLC_USING_SESSION_HEURISTICS_NOT_REAL_INTRADAY_DATA
2026-04-01T00:30:00+0530,2026-04-01T00:30:00+0530,31-03-2026,Brent,Brent Crude Oil Futures,ICE,60m,FRONT_MONTH_CONTINUOUS,BRN1!,RECONSTRUCTED_FROM_DAILY,See methodology_and_sources.md,118,118,118,118,0,USD,10401.7,10401.7,10401.7,10401.7,88.15,other_valid_hours,none,ESTIMATED_FROM_DAILY_OHLC_USING_SESSION_HEURISTICS_NOT_REAL_INTRADAY_DATA
2026-04-01T03:30:00+0530,2026-04-01T03:30:00+0530,01-04-2026,Brent,Brent Crude Oil Futures,ICE,60m,FRONT_MONTH_CONTINUOUS,BRN1!,RECONSTRUCTED_FROM_DAILY,See methodology_and_sources.md,118,118.04,118,118.04,0,USD,10407.6,10411.37,10407.6,10411.37,88.2,global_reopen_pre_mcx,none,ESTIMATED_FROM_DAILY_OHLC_USING_SESSION_HEURISTICS_NOT_REAL_INTRADAY_DATA
2026-04-01T04:30:00+0530,2026-04-01T04:30:00+0530,01-04-2026,Brent,Brent Crude Oil Futures,ICE,60m,FRONT_MONTH_CONTINUOUS,BRN1!,RECONSTRUCTED_FROM_DAILY,See methodology_and_sources.md,118.04,118.09,118.04,118.09,0,USD,10411.37,10415.79,10411.37,10415.79,88.2,global_reopen_pre_mcx,none,ESTIMATED_FROM_DAILY_OHLC_USING_SESSION_HEURISTICS_NOT_REAL_INTRADAY_DATA
2026-04-01T05:30:00+0530,2026-04-01T05:30:00+0530,01-04-2026,Brent,Brent Crude Oil Futures,ICE,60m,FRONT_MONTH_CONTINUOUS,BRN1!,RECONSTRUCTED_FROM_DAILY,See methodology_and_sources.md,118.09,118.09,118.08,118.08,0,USD,10415.79,10415.79,10414.46,10414.46,88.2,global_reopen_pre_mcx,none,ESTIMATED_FROM_DAILY_OHLC_USING_SESSION_HEURISTICS_NOT_REAL_INTRADAY_DATA
2026-04-01T06:30:00+0530,2026-04-01T06:30:00+0530,01-04-2026,Brent,Brent Crude Oil Futures,ICE,60m,FRONT_MONTH_CONTINUOUS,BRN1!,RECONSTRUCTED_FROM_DAILY,See methodology_and_sources.md,118.08,118.08,118.04,118.04,0,USD,10414.46,10414.46,10411.54,10411.54,88.2,global_reopen_pre_mcx,none,ESTIMATED_FROM_DAILY_OHLC_USING_SESSION_HEURISTICS_NOT_REAL_INTRADAY_DATA
2026-04-01T07:30:00+0530,2026-04-01T07:30:00+0530,01-04-2026,Brent,Brent Crude Oil Futures,ICE,60m,FRONT_MONTH_CONTINUOUS,BRN1!,RECONSTRUCTED_FROM_DAILY,See methodology_and_sources.md,118.04,118.04,118.03,118.03,0,USD,10411.54,10411.54,10410.17,10410.17,88.2,global_reopen_pre_mcx,none,ESTIMATED_FROM_DAILY_OHLC_USING_SESSION_HEURISTICS_NOT_REAL_INTRADAY_DATA
2026-04-01T08:30:00+0530,2026-04-01T08:30:00+0530,01-04-2026,Brent,Brent Crude Oil Futures,ICE,60m,FRONT_MONTH_CONTINUOUS,BRN1!,RECONSTRUCTED_FROM_DAILY,See methodology_and_sources.md,118.03,118.04,118.03,118.04,0,USD,10410.17,10411.43,10410.17,10411.43,88.2,global_reopen_pre_mcx,none,ESTIMATED_FROM_DAILY_OHLC_USING_SESSION_HEURISTICS_NOT_REAL_INTRADAY_DATA
2026-04-01T09:30:00+0530,2026-04-01T09:30:00+0530,01-04-2026,Brent,Brent Crude Oil Futures,ICE,60m,FRONT_MONTH_CONTINUOUS,BRN1!,RECONSTRUCTED_FROM_DAILY,See methodology_and_sources.md,118.04,118.05,118.04,118.05,0,USD,10411.43,10412.21,10411.43,10412.21,88.2,mcx_open_drive,none,ESTIMATED_FROM_DAILY_OHLC_USING_SESSION_HEURISTICS_NOT_REAL_INTRADAY_DATA
2026-04-01T10:30:00+0530,2026-04-01T10:30:00+0530,01-04-2026,Brent,Brent Crude Oil Futures,ICE,60m,FRONT_MONTH_CONTINUOUS,BRN1!,RECONSTRUCTED_FROM_DAILY,See methodology_and_sources.md,118.05,118.1,118.05,118.1,0,USD,10412.21,10416.28,10412.21,10416.28,88.2,india_morning,none,ESTIMATED_FROM_DAILY_OHLC_USING_SESSION_HEURISTICS_NOT_REAL_INTRADAY_DATA
2026-04-01T11:30:00+0530,2026-04-01T11:30:00+0530,01-04-2026,Brent,Brent Crude Oil Futures,ICE,60m,FRONT_MONTH_CONTINUOUS,BRN1!,RECONSTRUCTED_FROM_DAILY,See methodology_and_sources.md,118.1,118.14,118.1,118.14,0,USD,10416.28,10419.78,10416.28,10419.78,88.2,india_morning,none,ESTIMATED_FROM_DAILY_OHLC_USING_SESSION_HEURISTICS_NOT_REAL_INTRADAY_DATA
2026-04-01T12:30:00+0530,2026-04-01T12:30:00+0530,01-04-2026,Brent,Brent Crude Oil Futures,ICE,60m,FRONT_MONTH_CONTINUOUS,BRN1!,RECONSTRUCTED_FROM_DAILY,See methodology_and_sources.md,118.14,118.17,118.14,118.17,0,USD,10419.78,10422.36,10419.78,10422.36,88.2,india_midday,none,ESTIMATED_FROM_DAILY_OHLC_USING_SESSION_HEURISTICS_NOT_REAL_INTRADAY_DATA
2026-04-01T13:30:00+0530,2026-04-01T13:30:00+0530,01-04-2026,Brent,Brent Crude Oil Futures,ICE,60m,FRONT_MONTH_CONTINUOUS,BRN1!,RECONSTRUCTED_FROM_DAILY,See methodology_and_sources.md,118.17,118.17,118.17,118.17,0,USD,10422.36,10422.93,10422.36,10422.93,88.2,india_midday,none,ESTIMATED_FROM_DAILY_OHLC_USING_SESSION_HEURISTICS_NOT_REAL_INTRADAY_DATA
2026-04-01T14:30:00+0530,2026-04-01T14:30:00+0530,01-04-2026,Brent,Brent Crude Oil Futures,ICE,60m,FRONT_MONTH_CONTINUOUS,BRN1!,RECONSTRUCTED_FROM_DAILY,See methodology_and_sources.md,118.17,118.25,118.17,118.25,0,USD,10422.93,10429.58,10422.93,10429.58,88.2,india_midday,none,ESTIMATED_FROM_DAILY_OHLC_USING_SESSION_HEURISTICS_NOT_REAL_INTRADAY_DATA
2026-04-01T15:30:00+0530,2026-04-01T15:30:00+0530,01-04-2026,Brent,Brent Crude Oil Futures,ICE,60m,FRONT_MONTH_CONTINUOUS,BRN1!,RECONSTRUCTED_FROM_DAILY,See methodology_and_sources.md,118.25,118.33,118.25,118.33,0,USD,10429.58,10436.65,10429.58,10436.65,88.2,europe_open,first_30m_after_europe_open,ESTIMATED_FROM_DAILY_OHLC_USING_SESSION_HEURISTICS_NOT_REAL_INTRADAY_DATA
2026-04-01T16:30:00+0530,2026-04-01T16:30:00+0530,01-04-2026,Brent,Brent Crude Oil Futures,ICE,60m,FRONT_MONTH_CONTINUOUS,BRN1!,RECONSTRUCTED_FROM_DAILY,See methodology_and_sources.md,118.33,118.33,118.32,118.32,0,USD,10436.65,10436.65,10435.8,10435.8,88.2,europe_open,none,ESTIMATED_FROM_DAILY_OHLC_USING_SESSION_HEURISTICS_NOT_REAL_INTRADAY_DATA
2026-04-01T17:30:00+0530,2026-04-01T17:30:00+0530,01-04-2026,Brent,Brent Crude Oil Futures,ICE,60m,FRONT_MONTH_CONTINUOUS,BRN1!,RECONSTRUCTED_FROM_DAILY,See methodology_and_sources.md,118.32,118.35,118.32,118.35,0,USD,10435.8,10438.89,10435.8,10438.89,88.2,europe_mid,none,ESTIMATED_FROM_DAILY_OHLC_USING_SESSION_HEURISTICS_NOT_REAL_INTRADAY_DATA
2026-04-01T18:30:00+0530,2026-04-01T18:30:00+0530,01-04-2026,Brent,Brent Crude Oil Futures,ICE,60m,FRONT_MONTH_CONTINUOUS,BRN1!,RECONSTRUCTED_FROM_DAILY,See methodology_and_sources.md,118.35,118.38,118.35,118.38,0,USD,10438.89,10440.94,10438.89,10440.94,88.2,europe_mid,none,ESTIMATED_FROM_DAILY_OHLC_USING_SESSION_HEURISTICS_NOT_REAL_INTRADAY_DATA
2026-04-01T19:30:00+0530,2026-04-01T19:30:00+0530,01-04-2026,Brent,Brent Crude Oil Futures,ICE,60m,FRONT_MONTH_CONTINUOUS,BRN1!,RECONSTRUCTED_FROM_DAILY,See methodology_and_sources.md,118.38,118.38,118.38,118.38,0,USD,10440.94,10441.35,10440.94,10441.35,88.2,europe_mid,none,ESTIMATED_FROM_DAILY_OHLC_USING_SESSION_HEURISTICS_NOT_REAL_INTRADAY_DATA
2026-04-01T20:30:00+0530,2026-04-01T20:30:00+0530,01-04-2026,Brent,Brent Crude Oil Futures,ICE,60m,FRONT_MONTH_CONTINUOUS,BRN1!,RECONSTRUCTED_FROM_DAILY,See methodology_and_sources.md,118.38,118.38,118.38,118.38,0,USD,10441.35,10441.35,10441.33,10441.33,88.2,us_pre_open,none,ESTIMATED_FROM_DAILY_OHLC_USING_SESSION_HEURISTICS_NOT_REAL_INTRADAY_DATA
2026-04-01T21:30:00+0530,2026-04-01T21:30:00+0530,01-04-2026,Brent,Brent Crude Oil Futures,ICE,60m,FRONT_MONTH_CONTINUOUS,BRN1!,RECONSTRUCTED_FROM_DAILY,See methodology_and_sources.md,118.38,118.44,118.38,118.44,0,USD,10441.33,10446.14,10441.33,10446.14,88.2,us_open,first_hour_after_us_open,ESTIMATED_FROM_DAILY_OHLC_USING_SESSION_HEURISTICS_NOT_REAL_INTRADAY_DATA
2026-04-01T22:30:00+0530,2026-04-01T22:30:00+0530,01-04-2026,Brent,Brent Crude Oil Futures,ICE,60m,FRONT_MONTH_CONTINUOUS,BRN1!,RECONSTRUCTED_FROM_DAILY,See methodology_and_sources.md,118.44,118.48,118.44,118.48,0,USD,10446.14,10449.61,10446.14,10449.61,88.2,us_open,final_hour_before_mcx_close,ESTIMATED_FROM_DAILY_OHLC_USING_SESSION_HEURISTICS_NOT_REAL_INTRADAY_DATA
2026-04-01T23:30:00+0530,2026-04-01T23:30:00+0530,01-04-2026,Brent,Brent Crude Oil Futures,ICE,60m,FRONT_MONTH_CONTINUOUS,BRN1!,RECONSTRUCTED_FROM_DAILY,See methodology_and_sources.md,118.48,118.48,118,118,0,USD,10449.61,10449.61,10407.6,10407.6,88.2,mcx_tail,none,ESTIMATED_FROM_DAILY_OHLC_USING_SESSION_HEURISTICS_NOT_REAL_INTRADAY_DATA
2026-04-02T00:30:00+0530,2026-04-02T00:30:00+0530,01-04-2026,Brent,Brent Crude Oil Futures,ICE,60m,FRONT_MONTH_CONTINUOUS,BRN1!,RECONSTRUCTED_FROM_DAILY,See methodology_and_sources.md,118,118,118,118,0,USD,10407.6,10407.6,10407.6,10407.6,88.2,other_valid_hours,none,ESTIMATED_FROM_DAILY_OHLC_USING_SESSION_HEURISTICS_NOT_REAL_INTRADAY_DATA
2026-04-02T03:30:00+0530,2026-04-02T03:30:00+0530,02-04-2026,Brent,Brent Crude Oil Futures,ICE,60m,FRONT_MONTH_CONTINUOUS,BRN1!,RECONSTRUCTED_FROM_DAILY,See methodology_and_sources.md,122,122.04,122,122.04,0,USD,10766.5,10769.8,10766.5,10769.8,88.25,global_reopen_pre_mcx,none,ESTIMATED_FROM_DAILY_OHLC_USING_SESSION_HEURISTICS_NOT_REAL_INTRADAY_DATA
2026-04-02T04:30:00+0530,2026-04-02T04:30:00+0530,02-04-2026,Brent,Brent Crude Oil Futures,ICE,60m,FRONT_MONTH_CONTINUOUS,BRN1!,RECONSTRUCTED_FROM_DAILY,See methodology_and_sources.md,122.04,122.04,122.02,122.02,0,USD,10769.8,10769.8,10768.22,10768.22,88.25,global_reopen_pre_mcx,none,ESTIMATED_FROM_DAILY_OHLC_USING_SESSION_HEURISTICS_NOT_REAL_INTRADAY_DATA
2026-04-02T05:30:00+0530,2026-04-02T05:30:00+0530,02-04-2026,Brent,Brent Crude Oil Futures,ICE,60m,FRONT_MONTH_CONTINUOUS,BRN1!,RECONSTRUCTED_FROM_DAILY,See methodology_and_sources.md,122.02,122.02,122,122,0,USD,10768.22,10768.22,10766.5,10766.5,88.25,global_reopen_pre_mcx,none,ESTIMATED_FROM_DAILY_OHLC_USING_SESSION_HEURISTICS_NOT_REAL_INTRADAY_DATA
2026-04-02T06:30:00+0530,2026-04-02T06:30:00+0530,02-04-2026,Brent,Brent Crude Oil Futures,ICE,60m,FRONT_MONTH_CONTINUOUS,BRN1!,RECONSTRUCTED_FROM_DAILY,See methodology_and_sources.md,122,122,122,122,0,USD,10766.5,10766.82,10766.5,10766.82,88.25,global_reopen_pre_mcx,none,ESTIMATED_FROM_DAILY_OHLC_USING_SESSION_HEURISTICS_NOT_REAL_INTRADAY_DATA
2026-04-02T07:30:00+0530,2026-04-02T07:30:00+0530,02-04-2026,Brent,Brent Crude Oil Futures,ICE,60m,FRONT_MONTH_CONTINUOUS,BRN1!,RECONSTRUCTED_FROM_DAILY,See methodology_and_sources.md,122,122,122,122,0,USD,10766.82,10766.82,10766.5,10766.5,88.25,global_reopen_pre_mcx,none,ESTIMATED_FROM_DAILY_OHLC_USING_SESSION_HEURISTICS_NOT_REAL_INTRADAY_DATA
2026-04-02T08:30:00+0530,2026-04-02T08:30:00+0530,02-04-2026,Brent,Brent Crude Oil Futures,ICE,60m,FRONT_MONTH_CONTINUOUS,BRN1!,RECONSTRUCTED_FROM_DAILY,See methodology_and_sources.md,122,122.01,122,122.01,0,USD,10766.5,10767.51,10766.5,10767.51,88.25,global_reopen_pre_mcx,none,ESTIMATED_FROM_DAILY_OHLC_USING_SESSION_HEURISTICS_NOT_REAL_INTRADAY_DATA
2026-04-02T09:30:00+0530,2026-04-02T09:30:00+0530,02-04-2026,Brent,Brent Crude Oil Futures,ICE,60m,FRONT_MONTH_CONTINUOUS,BRN1!,RECONSTRUCTED_FROM_DAILY,See methodology_and_sources.md,122.01,122.01,122.01,122.01,0,USD,10767.51,10767.51,10767.18,10767.18,88.25,mcx_open_drive,none,ESTIMATED_FROM_DAILY_OHLC_USING_SESSION_HEURISTICS_NOT_REAL_INTRADAY_DATA
2026-04-02T10:30:00+0530,2026-04-02T10:30:00+0530,02-04-2026,Brent,Brent Crude Oil Futures,ICE,60m,FRONT_MONTH_CONTINUOUS,BRN1!,RECONSTRUCTED_FROM_DAILY,See methodology_and_sources.md,122.01,122.03,122.01,122.03,0,USD,10767.18,10768.77,10767.18,10768.77,88.25,india_morning,none,ESTIMATED_FROM_DAILY_OHLC_USING_SESSION_HEURISTICS_NOT_REAL_INTRADAY_DATA
2026-04-02T11:30:00+0530,2026-04-02T11:30:00+0530,02-04-2026,Brent,Brent Crude Oil Futures,ICE,60m,FRONT_MONTH_CONTINUOUS,BRN1!,RECONSTRUCTED_FROM_DAILY,See methodology_and_sources.md,122.03,122.03,122,122,0,USD,10768.77,10768.77,10766.5,10766.5,88.25,india_morning,none,ESTIMATED_FROM_DAILY_OHLC_USING_SESSION_HEURISTICS_NOT_REAL_INTRADAY_DATA
2026-04-02T12:30:00+0530,2026-04-02T12:30:00+0530,02-04-2026,Brent,Brent Crude Oil Futures,ICE,60m,FRONT_MONTH_CONTINUOUS,BRN1!,RECONSTRUCTED_FROM_DAILY,See methodology_and_sources.md,122,122.02,122,122.02,0,USD,10766.5,10768.37,10766.5,10768.37,88.25,india_midday,none,ESTIMATED_FROM_DAILY_OHLC_USING_SESSION_HEURISTICS_NOT_REAL_INTRADAY_DATA
2026-04-02T13:30:00+0530,2026-04-02T13:30:00+0530,02-04-2026,Brent,Brent Crude Oil Futures,ICE,60m,FRONT_MONTH_CONTINUOUS,BRN1!,RECONSTRUCTED_FROM_DAILY,See methodology_and_sources.md,122.02,122.02,122,122,0,USD,10768.37,10768.37,10766.5,10766.5,88.25,india_midday,none,ESTIMATED_FROM_DAILY_OHLC_USING_SESSION_HEURISTICS_NOT_REAL_INTRADAY_DATA
2026-04-02T14:30:00+0530,2026-04-02T14:30:00+0530,02-04-2026,Brent,Brent Crude Oil Futures,ICE,60m,FRONT_MONTH_CONTINUOUS,BRN1!,RECONSTRUCTED_FROM_DAILY,See methodology_and_sources.md,122,122,122,122,0,USD,10766.5,10766.5,10766.5,10766.5,88.25,india_midday,none,ESTIMATED_FROM_DAILY_OHLC_USING_SESSION_HEURISTICS_NOT_REAL_INTRADAY_DATA
2026-04-02T15:30:00+0530,2026-04-02T15:30:00+0530,02-04-2026,Brent,Brent Crude Oil Futures,ICE,60m,FRONT_MONTH_CONTINUOUS,BRN1!,RECONSTRUCTED_FROM_DAILY,See methodology_and_sources.md,122,122.03,122,122.03,0,USD,10766.5,10768.81,10766.5,10768.81,88.25,europe_open,first_30m_after_europe_open,ESTIMATED_FROM_DAILY_OHLC_USING_SESSION_HEURISTICS_NOT_REAL_INTRADAY_DATA
2026-04-02T16:30:00+0530,2026-04-02T16:30:00+0530,02-04-2026,Brent,Brent Crude Oil Futures,ICE,60m,FRONT_MONTH_CONTINUOUS,BRN1!,RECONSTRUCTED_FROM_DAILY,See methodology_and_sources.md,122.03,122.03,122,122,0,USD,10768.81,10768.81,10766.5,10766.5,88.25,europe_open,none,ESTIMATED_FROM_DAILY_OHLC_USING_SESSION_HEURISTICS_NOT_REAL_INTRADAY_DATA
2026-04-02T17:30:00+0530,2026-04-02T17:30:00+0530,02-04-2026,Brent,Brent Crude Oil Futures,ICE,60m,FRONT_MONTH_CONTINUOUS,BRN1!,RECONSTRUCTED_FROM_DAILY,See methodology_and_sources.md,122,122,122,122,0,USD,10766.5,10766.5,10766.5,10766.5,88.25,europe_mid,none,ESTIMATED_FROM_DAILY_OHLC_USING_SESSION_HEURISTICS_NOT_REAL_INTRADAY_DATA
2026-04-02T18:30:00+0530,2026-04-02T18:30:00+0530,02-04-2026,Brent,Brent Crude Oil Futures,ICE,60m,FRONT_MONTH_CONTINUOUS,BRN1!,RECONSTRUCTED_FROM_DAILY,See methodology_and_sources.md,122,122.04,122,122.04,0,USD,10766.5,10769.69,10766.5,10769.69,88.25,europe_mid,none,ESTIMATED_FROM_DAILY_OHLC_USING_SESSION_HEURISTICS_NOT_REAL_INTRADAY_DATA
2026-04-02T19:30:00+0530,2026-04-02T19:30:00+0530,02-04-2026,Brent,Brent Crude Oil Futures,ICE,60m,FRONT_MONTH_CONTINUOUS,BRN1!,RECONSTRUCTED_FROM_DAILY,See methodology_and_sources.md,122.04,122.04,122,122,0,USD,10769.69,10769.69,10766.76,10766.76,88.25,europe_mid,none,ESTIMATED_FROM_DAILY_OHLC_USING_SESSION_HEURISTICS_NOT_REAL_INTRADAY_DATA
2026-04-02T20:30:00+0530,2026-04-02T20:30:00+0530,02-04-2026,Brent,Brent Crude Oil Futures,ICE,60m,FRONT_MONTH_CONTINUOUS,BRN1!,RECONSTRUCTED_FROM_DAILY,See methodology_and_sources.md,122,122,122,122,0,USD,10766.76,10766.76,10766.5,10766.5,88.25,us_pre_open,none,ESTIMATED_FROM_DAILY_OHLC_USING_SESSION_HEURISTICS_NOT_REAL_INTRADAY_DATA
2026-04-02T21:30:00+0530,2026-04-02T21:30:00+0530,02-04-2026,Brent,Brent Crude Oil Futures,ICE,60m,FRONT_MONTH_CONTINUOUS,BRN1!,RECONSTRUCTED_FROM_DAILY,See methodology_and_sources.md,122,122.05,122,122.05,0,USD,10766.5,10771.33,10766.5,10771.33,88.25,us_open,first_hour_after_us_open,ESTIMATED_FROM_DAILY_OHLC_USING_SESSION_HEURISTICS_NOT_REAL_INTRADAY_DATA
2026-04-02T22:30:00+0530,2026-04-02T22:30:00+0530,02-04-2026,Brent,Brent Crude Oil Futures,ICE,60m,FRONT_MONTH_CONTINUOUS,BRN1!,RECONSTRUCTED_FROM_DAILY,See methodology_and_sources.md,122.05,122.05,122.05,122.05,0,USD,10771.33,10771.33,10770.87,10770.87,88.25,us_open,final_hour_before_mcx_close,ESTIMATED_FROM_DAILY_OHLC_USING_SESSION_HEURISTICS_NOT_REAL_INTRADAY_DATA
2026-04-02T23:30:00+0530,2026-04-02T23:30:00+0530,02-04-2026,Brent,Brent Crude Oil Futures,ICE,60m,FRONT_MONTH_CONTINUOUS,BRN1!,RECONSTRUCTED_FROM_DAILY,See methodology_and_sources.md,122.05,122.05,122,122,0,USD,10770.87,10770.87,10766.5,10766.5,88.25,mcx_tail,none,ESTIMATED_FROM_DAILY_OHLC_USING_SESSION_HEURISTICS_NOT_REAL_INTRADAY_DATA
2026-04-03T00:30:00+0530,2026-04-03T00:30:00+0530,02-04-2026,Brent,Brent Crude Oil Futures,ICE,60m,FRONT_MONTH_CONTINUOUS,BRN1!,RECONSTRUCTED_FROM_DAILY,See methodology_and_sources.md,122,122,122,122,0,USD,10766.5,10766.5,10766.5,10766.5,88.25,other_valid_hours,none,ESTIMATED_FROM_DAILY_OHLC_USING_SESSION_HEURISTICS_NOT_REAL_INTRADAY_DATA
2026-04-03T03:30:00+0530,2026-04-03T03:30:00+0530,03-04-2026,Brent,Brent Crude Oil Futures,ICE,60m,FRONT_MONTH_CONTINUOUS,BRN1!,RECONSTRUCTED_FROM_DAILY,See methodology_and_sources.md,122,122,121.99,121.99,0,USD,10772.6,10772.6,10771.62,10771.62,88.3,global_reopen_pre_mcx,none,ESTIMATED_FROM_DAILY_OHLC_USING_SESSION_HEURISTICS_NOT_REAL_INTRADAY_DATA
2026-04-03T04:30:00+0530,2026-04-03T04:30:00+0530,03-04-2026,Brent,Brent Crude Oil Futures,ICE,60m,FRONT_MONTH_CONTINUOUS,BRN1!,RECONSTRUCTED_FROM_DAILY,See methodology_and_sources.md,121.99,121.99,121.93,121.93,0,USD,10771.62,10771.62,10766.36,10766.36,88.3,global_reopen_pre_mcx,none,ESTIMATED_FROM_DAILY_OHLC_USING_SESSION_HEURISTICS_NOT_REAL_INTRADAY_DATA
2026-04-03T05:30:00+0530,2026-04-03T05:30:00+0530,03-04-2026,Brent,Brent Crude Oil Futures,ICE,60m,FRONT_MONTH_CONTINUOUS,BRN1!,RECONSTRUCTED_FROM_DAILY,See methodology_and_sources.md,121.93,122.01,121.93,122.01,0,USD,10766.36,10773.21,10766.36,10773.21,88.3,global_reopen_pre_mcx,none,ESTIMATED_FROM_DAILY_OHLC_USING_SESSION_HEURISTICS_NOT_REAL_INTRADAY_DATA
2026-04-03T06:30:00+0530,2026-04-03T06:30:00+0530,03-04-2026,Brent,Brent Crude Oil Futures,ICE,60m,FRONT_MONTH_CONTINUOUS,BRN1!,RECONSTRUCTED_FROM_DAILY,See methodology_and_sources.md,122.01,122.01,121.97,121.97,0,USD,10773.21,10773.21,10770.04,10770.04,88.3,global_reopen_pre_mcx,none,ESTIMATED_FROM_DAILY_OHLC_USING_SESSION_HEURISTICS_NOT_REAL_INTRADAY_DATA
2026-04-03T07:30:00+0530,2026-04-03T07:30:00+0530,03-04-2026,Brent,Brent Crude Oil Futures,ICE,60m,FRONT_MONTH_CONTINUOUS,BRN1!,RECONSTRUCTED_FROM_DAILY,See methodology_and_sources.md,121.97,122.02,121.97,122.02,0,USD,10770.04,10774.08,10770.04,10774.08,88.3,global_reopen_pre_mcx,none,ESTIMATED_FROM_DAILY_OHLC_USING_SESSION_HEURISTICS_NOT_REAL_INTRADAY_DATA
2026-04-03T08:30:00+0530,2026-04-03T08:30:00+0530,03-04-2026,Brent,Brent Crude Oil Futures,ICE,60m,FRONT_MONTH_CONTINUOUS,BRN1!,RECONSTRUCTED_FROM_DAILY,See methodology_and_sources.md,122.02,122.05,122.02,122.05,0,USD,10774.08,10777.06,10774.08,10777.06,88.3,global_reopen_pre_mcx,none,ESTIMATED_FROM_DAILY_OHLC_USING_SESSION_HEURISTICS_NOT_REAL_INTRADAY_DATA
2026-04-03T09:30:00+0530,2026-04-03T09:30:00+0530,03-04-2026,Brent,Brent Crude Oil Futures,ICE,60m,FRONT_MONTH_CONTINUOUS,BRN1!,RECONSTRUCTED_FROM_DAILY,See methodology_and_sources.md,122.05,122.05,122.01,122.01,0,USD,10777.06,10777.06,10773.46,10773.46,88.3,mcx_open_drive,none,ESTIMATED_FROM_DAILY_OHLC_USING_SESSION_HEURISTICS_NOT_REAL_INTRADAY_DATA
2026-04-03T10:30:00+0530,2026-04-03T10:30:00+0530,03-04-2026,Brent,Brent Crude Oil Futures,ICE,60m,FRONT_MONTH_CONTINUOUS,BRN1!,RECONSTRUCTED_FROM_DAILY,See methodology_and_sources.md,122.01,122.01,121.87,121.87,0,USD,10773.46,10773.46,10760.8,10760.8,88.3,india_morning,none,ESTIMATED_FROM_DAILY_OHLC_USING_SESSION_HEURISTICS_NOT_REAL_INTRADAY_DATA
2026-04-03T11:30:00+0530,2026-04-03T11:30:00+0530,03-04-2026,Brent,Brent Crude Oil Futures,ICE,60m,FRONT_MONTH_CONTINUOUS,BRN1!,RECONSTRUCTED_FROM_DAILY,See methodology_and_sources.md,121.87,121.87,121.83,121.83,0,USD,10760.8,10760.8,10757.99,10757.99,88.3,india_morning,none,ESTIMATED_FROM_DAILY_OHLC_USING_SESSION_HEURISTICS_NOT_REAL_INTRADAY_DATA
2026-04-03T12:30:00+0530,2026-04-03T12:30:00+0530,03-04-2026,Brent,Brent Crude Oil Futures,ICE,60m,FRONT_MONTH_CONTINUOUS,BRN1!,RECONSTRUCTED_FROM_DAILY,See methodology_and_sources.md,121.83,121.91,121.83,121.91,0,USD,10757.99,10764.97,10757.99,10764.97,88.3,india_midday,none,ESTIMATED_FROM_DAILY_OHLC_USING_SESSION_HEURISTICS_NOT_REAL_INTRADAY_DATA
2026-04-03T13:30:00+0530,2026-04-03T13:30:00+0530,03-04-2026,Brent,Brent Crude Oil Futures,ICE,60m,FRONT_MONTH_CONTINUOUS,BRN1!,RECONSTRUCTED_FROM_DAILY,See methodology_and_sources.md,121.91,121.91,121.88,121.88,0,USD,10764.97,10764.97,10762.09,10762.09,88.3,india_midday,none,ESTIMATED_FROM_DAILY_OHLC_USING_SESSION_HEURISTICS_NOT_REAL_INTRADAY_DATA
2026-04-03T14:30:00+0530,2026-04-03T14:30:00+0530,03-04-2026,Brent,Brent Crude Oil Futures,ICE,60m,FRONT_MONTH_CONTINUOUS,BRN1!,RECONSTRUCTED_FROM_DAILY,See methodology_and_sources.md,121.88,121.88,121.83,121.83,0,USD,10762.09,10762.09,10757.95,10757.95,88.3,india_midday,none,ESTIMATED_FROM_DAILY_OHLC_USING_SESSION_HEURISTICS_NOT_REAL_INTRADAY_DATA
2026-04-03T15:30:00+0530,2026-04-03T15:30:00+0530,03-04-2026,Brent,Brent Crude Oil Futures,ICE,60m,FRONT_MONTH_CONTINUOUS,BRN1!,RECONSTRUCTED_FROM_DAILY,See methodology_and_sources.md,121.83,121.88,121.83,121.88,0,USD,10757.95,10761.6,10757.95,10761.6,88.3,europe_open,first_30m_after_europe_open,ESTIMATED_FROM_DAILY_OHLC_USING_SESSION_HEURISTICS_NOT_REAL_INTRADAY_DATA
2026-04-03T16:30:00+0530,2026-04-03T16:30:00+0530,03-04-2026,Brent,Brent Crude Oil Futures,ICE,60m,FRONT_MONTH_CONTINUOUS,BRN1!,RECONSTRUCTED_FROM_DAILY,See methodology_and_sources.md,121.88,121.88,121.83,121.83,0,USD,10761.6,10761.6,10757.5,10757.5,88.3,europe_open,none,ESTIMATED_FROM_DAILY_OHLC_USING_SESSION_HEURISTICS_NOT_REAL_INTRADAY_DATA
2026-04-03T17:30:00+0530,2026-04-03T17:30:00+0530,03-04-2026,Brent,Brent Crude Oil Futures,ICE,60m,FRONT_MONTH_CONTINUOUS,BRN1!,RECONSTRUCTED_FROM_DAILY,See methodology_and_sources.md,121.83,121.83,121.8,121.8,0,USD,10757.5,10757.5,10754.76,10754.76,88.3,europe_mid,none,ESTIMATED_FROM_DAILY_OHLC_USING_SESSION_HEURISTICS_NOT_REAL_INTRADAY_DATA
2026-04-03T18:30:00+0530,2026-04-03T18:30:00+0530,03-04-2026,Brent,Brent Crude Oil Futures,ICE,60m,FRONT_MONTH_CONTINUOUS,BRN1!,RECONSTRUCTED_FROM_DAILY,See methodology_and_sources.md,121.8,121.8,121.79,121.79,0,USD,10754.76,10754.76,10754.18,10754.18,88.3,europe_mid,none,ESTIMATED_FROM_DAILY_OHLC_USING_SESSION_HEURISTICS_NOT_REAL_INTRADAY_DATA
2026-04-03T19:30:00+0530,2026-04-03T19:30:00+0530,03-04-2026,Brent,Brent Crude Oil Futures,ICE,60m,FRONT_MONTH_CONTINUOUS,BRN1!,RECONSTRUCTED_FROM_DAILY,See methodology_and_sources.md,121.79,121.79,121.78,121.78,0,USD,10754.18,10754.18,10753.59,10753.59,88.3,europe_mid,none,ESTIMATED_FROM_DAILY_OHLC_USING_SESSION_HEURISTICS_NOT_REAL_INTRADAY_DATA
2026-04-03T20:30:00+0530,2026-04-03T20:30:00+0530,03-04-2026,Brent,Brent Crude Oil Futures,ICE,60m,FRONT_MONTH_CONTINUOUS,BRN1!,RECONSTRUCTED_FROM_DAILY,See methodology_and_sources.md,121.78,121.78,121.76,121.76,0,USD,10753.59,10753.59,10751.26,10751.26,88.3,us_pre_open,none,ESTIMATED_FROM_DAILY_OHLC_USING_SESSION_HEURISTICS_NOT_REAL_INTRADAY_DATA
2026-04-03T21:30:00+0530,2026-04-03T21:30:00+0530,03-04-2026,Brent,Brent Crude Oil Futures,ICE,60m,FRONT_MONTH_CONTINUOUS,BRN1!,RECONSTRUCTED_FROM_DAILY,See methodology_and_sources.md,121.76,121.76,121.75,121.75,0,USD,10751.26,10751.26,10750.5,10750.5,88.3,us_open,first_hour_after_us_open,ESTIMATED_FROM_DAILY_OHLC_USING_SESSION_HEURISTICS_NOT_REAL_INTRADAY_DATA
2026-04-03T22:30:00+0530,2026-04-03T22:30:00+0530,03-04-2026,Brent,Brent Crude Oil Futures,ICE,60m,FRONT_MONTH_CONTINUOUS,BRN1!,RECONSTRUCTED_FROM_DAILY,See methodology_and_sources.md,121.75,121.79,121.75,121.79,0,USD,10750.5,10754.3,10750.5,10754.3,88.3,us_open,final_hour_before_mcx_close,ESTIMATED_FROM_DAILY_OHLC_USING_SESSION_HEURISTICS_NOT_REAL_INTRADAY_DATA
2026-04-03T23:30:00+0530,2026-04-03T23:30:00+0530,03-04-2026,Brent,Brent Crude Oil Futures,ICE,60m,FRONT_MONTH_CONTINUOUS,BRN1!,RECONSTRUCTED_FROM_DAILY,See methodology_and_sources.md,121.79,121.79,118,118,0,USD,10754.3,10754.3,10419.4,10419.4,88.3,mcx_tail,none,ESTIMATED_FROM_DAILY_OHLC_USING_SESSION_HEURISTICS_NOT_REAL_INTRADAY_DATA
2026-04-04T00:30:00+0530,2026-04-04T00:30:00+0530,03-04-2026,Brent,Brent Crude Oil Futures,ICE,60m,FRONT_MONTH_CONTINUOUS,BRN1!,RECONSTRUCTED_FROM_DAILY,See methodology_and_sources.md,118,118,118,118,0,USD,10419.4,10419.4,10419.4,10419.4,88.3,other_valid_hours,none,ESTIMATED_FROM_DAILY_OHLC_USING_SESSION_HEURISTICS_NOT_REAL_INTRADAY_DATA
2026-04-06T03:30:00+0530,2026-04-06T03:30:00+0530,06-04-2026,Brent,Brent Crude Oil Futures,ICE,60m,FRONT_MONTH_CONTINUOUS,BRN1!,RECONSTRUCTED_FROM_DAILY,See methodology_and_sources.md,118,118.01,118,118.01,0,USD,10431.2,10432.4,10431.2,10432.4,88.4,global_reopen_pre_mcx,none,ESTIMATED_FROM_DAILY_OHLC_USING_SESSION_HEURISTICS_NOT_REAL_INTRADAY_DATA
2026-04-06T04:30:00+0530,2026-04-06T04:30:00+0530,06-04-2026,Brent,Brent Crude Oil Futures,ICE,60m,FRONT_MONTH_CONTINUOUS,BRN1!,RECONSTRUCTED_FROM_DAILY,See methodology_and_sources.md,118.01,118.01,118,118,0,USD,10432.4,10432.4,10431.2,10431.2,88.4,global_reopen_pre_mcx,none,ESTIMATED_FROM_DAILY_OHLC_USING_SESSION_HEURISTICS_NOT_REAL_INTRADAY_DATA
2026-04-06T05:30:00+0530,2026-04-06T05:30:00+0530,06-04-2026,Brent,Brent Crude Oil Futures,ICE,60m,FRONT_MONTH_CONTINUOUS,BRN1!,RECONSTRUCTED_FROM_DAILY,See methodology_and_sources.md,118,118.01,118,118.01,0,USD,10431.2,10432.44,10431.2,10432.44,88.4,global_reopen_pre_mcx,none,ESTIMATED_FROM_DAILY_OHLC_USING_SESSION_HEURISTICS_NOT_REAL_INTRADAY_DATA
2026-04-06T06:30:00+0530,2026-04-06T06:30:00+0530,06-04-2026,Brent,Brent Crude Oil Futures,ICE,60m,FRONT_MONTH_CONTINUOUS,BRN1!,RECONSTRUCTED_FROM_DAILY,See methodology_and_sources.md,118.01,118.05,118.01,118.05,0,USD,10432.44,10435.52,10432.44,10435.52,88.4,global_reopen_pre_mcx,none,ESTIMATED_FROM_DAILY_OHLC_USING_SESSION_HEURISTICS_NOT_REAL_INTRADAY_DATA
2026-04-06T07:30:00+0530,2026-04-06T07:30:00+0530,06-04-2026,Brent,Brent Crude Oil Futures,ICE,60m,FRONT_MONTH_CONTINUOUS,BRN1!,RECONSTRUCTED_FROM_DAILY,See methodology_and_sources.md,118.05,118.05,118.04,118.04,0,USD,10435.52,10435.52,10434.99,10434.99,88.4,global_reopen_pre_mcx,none,ESTIMATED_FROM_DAILY_OHLC_USING_SESSION_HEURISTICS_NOT_REAL_INTRADAY_DATA
2026-04-06T08:30:00+0530,2026-04-06T08:30:00+0530,06-04-2026,Brent,Brent Crude Oil Futures,ICE,60m,FRONT_MONTH_CONTINUOUS,BRN1!,RECONSTRUCTED_FROM_DAILY,See methodology_and_sources.md,118.04,118.06,118.04,118.06,0,USD,10434.99,10436.12,10434.99,10436.12,88.4,global_reopen_pre_mcx,none,ESTIMATED_FROM_DAILY_OHLC_USING_SESSION_HEURISTICS_NOT_REAL_INTRADAY_DATA
2026-04-06T09:30:00+0530,2026-04-06T09:30:00+0530,06-04-2026,Brent,Brent Crude Oil Futures,ICE,60m,FRONT_MONTH_CONTINUOUS,BRN1!,RECONSTRUCTED_FROM_DAILY,See methodology_and_sources.md,118.06,118.1,118.06,118.1,0,USD,10436.12,10440,10436.12,10440,88.4,mcx_open_drive,none,ESTIMATED_FROM_DAILY_OHLC_USING_SESSION_HEURISTICS_NOT_REAL_INTRADAY_DATA
2026-04-06T10:30:00+0530,2026-04-06T10:30:00+0530,06-04-2026,Brent,Brent Crude Oil Futures,ICE,60m,FRONT_MONTH_CONTINUOUS,BRN1!,RECONSTRUCTED_FROM_DAILY,See methodology_and_sources.md,118.1,118.1,118.04,118.04,0,USD,10440,10440,10435.01,10435.01,88.4,india_morning,none,ESTIMATED_FROM_DAILY_OHLC_USING_SESSION_HEURISTICS_NOT_REAL_INTRADAY_DATA
2026-04-06T11:30:00+0530,2026-04-06T11:30:00+0530,06-04-2026,Brent,Brent Crude Oil Futures,ICE,60m,FRONT_MONTH_CONTINUOUS,BRN1!,RECONSTRUCTED_FROM_DAILY,See methodology_and_sources.md,118.04,118.05,118.04,118.05,0,USD,10435.01,10435.31,10435.01,10435.31,88.4,india_morning,none,ESTIMATED_FROM_DAILY_OHLC_USING_SESSION_HEURISTICS_NOT_REAL_INTRADAY_DATA
2026-04-06T12:30:00+0530,2026-04-06T12:30:00+0530,06-04-2026,Brent,Brent Crude Oil Futures,ICE,60m,FRONT_MONTH_CONTINUOUS,BRN1!,RECONSTRUCTED_FROM_DAILY,See methodology_and_sources.md,118.05,118.09,118.05,118.09,0,USD,10435.31,10439.51,10435.31,10439.51,88.4,india_midday,none,ESTIMATED_FROM_DAILY_OHLC_USING_SESSION_HEURISTICS_NOT_REAL_INTRADAY_DATA
2026-04-06T13:30:00+0530,2026-04-06T13:30:00+0530,06-04-2026,Brent,Brent Crude Oil Futures,ICE,60m,FRONT_MONTH_CONTINUOUS,BRN1!,RECONSTRUCTED_FROM_DAILY,See methodology_and_sources.md,118.09,118.14,118.09,118.14,0,USD,10439.51,10443.45,10439.51,10443.45,88.4,india_midday,none,ESTIMATED_FROM_DAILY_OHLC_USING_SESSION_HEURISTICS_NOT_REAL_INTRADAY_DATA
2026-04-06T14:30:00+0530,2026-04-06T14:30:00+0530,06-04-2026,Brent,Brent Crude Oil Futures,ICE,60m,FRONT_MONTH_CONTINUOUS,BRN1!,RECONSTRUCTED_FROM_DAILY,See methodology_and_sources.md,118.14,118.14,118.08,118.08,0,USD,10443.45,10443.45,10438.35,10438.35,88.4,india_midday,none,ESTIMATED_FROM_DAILY_OHLC_USING_SESSION_HEURISTICS_NOT_REAL_INTRADAY_DATA
2026-04-06T15:30:00+0530,2026-04-06T15:30:00+0530,06-04-2026,Brent,Brent Crude Oil Futures,ICE,60m,FRONT_MONTH_CONTINUOUS,BRN1!,RECONSTRUCTED_FROM_DAILY,See methodology_and_sources.md,118.08,118.11,118.08,118.11,0,USD,10438.35,10440.91,10438.35,10440.91,88.4,europe_open,first_30m_after_europe_open,ESTIMATED_FROM_DAILY_OHLC_USING_SESSION_HEURISTICS_NOT_REAL_INTRADAY_DATA
2026-04-06T16:30:00+0530,2026-04-06T16:30:00+0530,06-04-2026,Brent,Brent Crude Oil Futures,ICE,60m,FRONT_MONTH_CONTINUOUS,BRN1!,RECONSTRUCTED_FROM_DAILY,See methodology_and_sources.md,118.11,118.11,118.1,118.1,0,USD,10440.91,10440.91,10439.63,10439.63,88.4,europe_open,none,ESTIMATED_FROM_DAILY_OHLC_USING_SESSION_HEURISTICS_NOT_REAL_INTRADAY_DATA
2026-04-06T17:30:00+0530,2026-04-06T17:30:00+0530,06-04-2026,Brent,Brent Crude Oil Futures,ICE,60m,FRONT_MONTH_CONTINUOUS,BRN1!,RECONSTRUCTED_FROM_DAILY,See methodology_and_sources.md,118.1,118.1,118,118,0,USD,10439.63,10439.63,10431.2,10431.2,88.4,europe_mid,none,ESTIMATED_FROM_DAILY_OHLC_USING_SESSION_HEURISTICS_NOT_REAL_INTRADAY_DATA
2026-04-06T18:30:00+0530,2026-04-06T18:30:00+0530,06-04-2026,Brent,Brent Crude Oil Futures,ICE,60m,FRONT_MONTH_CONTINUOUS,BRN1!,RECONSTRUCTED_FROM_DAILY,See methodology_and_sources.md,118,118,118,118,0,USD,10431.2,10431.5,10431.2,10431.5,88.4,europe_mid,none,ESTIMATED_FROM_DAILY_OHLC_USING_SESSION_HEURISTICS_NOT_REAL_INTRADAY_DATA
2026-04-06T19:30:00+0530,2026-04-06T19:30:00+0530,06-04-2026,Brent,Brent Crude Oil Futures,ICE,60m,FRONT_MONTH_CONTINUOUS,BRN1!,RECONSTRUCTED_FROM_DAILY,See methodology_and_sources.md,118,118.19,118,118.19,0,USD,10431.5,10447.93,10431.5,10447.93,88.4,europe_mid,none,ESTIMATED_FROM_DAILY_OHLC_USING_SESSION_HEURISTICS_NOT_REAL_INTRADAY_DATA
2026-04-06T20:30:00+0530,2026-04-06T20:30:00+0530,06-04-2026,Brent,Brent Crude Oil Futures,ICE,60m,FRONT_MONTH_CONTINUOUS,BRN1!,RECONSTRUCTED_FROM_DAILY,See methodology_and_sources.md,118.19,118.3,118.19,118.3,0,USD,10447.93,10457.68,10447.93,10457.68,88.4,us_pre_open,none,ESTIMATED_FROM_DAILY_OHLC_USING_SESSION_HEURISTICS_NOT_REAL_INTRADAY_DATA
2026-04-06T21:30:00+0530,2026-04-06T21:30:00+0530,06-04-2026,Brent,Brent Crude Oil Futures,ICE,60m,FRONT_MONTH_CONTINUOUS,BRN1!,RECONSTRUCTED_FROM_DAILY,See methodology_and_sources.md,118.3,118.3,118.14,118.14,0,USD,10457.68,10457.68,10443.61,10443.61,88.4,us_open,first_hour_after_us_open,ESTIMATED_FROM_DAILY_OHLC_USING_SESSION_HEURISTICS_NOT_REAL_INTRADAY_DATA
2026-04-06T22:30:00+0530,2026-04-06T22:30:00+0530,06-04-2026,Brent,Brent Crude Oil Futures,ICE,60m,FRONT_MONTH_CONTINUOUS,BRN1!,RECONSTRUCTED_FROM_DAILY,See methodology_and_sources.md,118.14,118.25,118.14,118.25,0,USD,10443.61,10452.94,10443.61,10452.94,88.4,us_open,final_hour_before_mcx_close,ESTIMATED_FROM_DAILY_OHLC_USING_SESSION_HEURISTICS_NOT_REAL_INTRADAY_DATA
2026-04-06T23:30:00+0530,2026-04-06T23:30:00+0530,06-04-2026,Brent,Brent Crude Oil Futures,ICE,60m,FRONT_MONTH_CONTINUOUS,BRN1!,RECONSTRUCTED_FROM_DAILY,See methodology_and_sources.md,118.25,120,118.25,120,0,USD,10452.94,10608,10452.94,10608,88.4,mcx_tail,none,ESTIMATED_FROM_DAILY_OHLC_USING_SESSION_HEURISTICS_NOT_REAL_INTRADAY_DATA
2026-04-07T00:30:00+0530,2026-04-07T00:30:00+0530,06-04-2026,Brent,Brent Crude Oil Futures,ICE,60m,FRONT_MONTH_CONTINUOUS,BRN1!,RECONSTRUCTED_FROM_DAILY,See methodology_and_sources.md,120,120,120,120,0,USD,10608,10608,10608,10608,88.4,other_valid_hours,none,ESTIMATED_FROM_DAILY_OHLC_USING_SESSION_HEURISTICS_NOT_REAL_INTRADAY_DATA
2026-04-07T03:30:00+0530,2026-04-07T03:30:00+0530,07-04-2026,Brent,Brent Crude Oil Futures,ICE,60m,FRONT_MONTH_CONTINUOUS,BRN1!,RECONSTRUCTED_FROM_DAILY,See methodology_and_sources.md,120,120.03,120,120.03,0,USD,10614,10616.54,10614,10616.54,88.45,global_reopen_pre_mcx,none,ESTIMATED_FROM_DAILY_OHLC_USING_SESSION_HEURISTICS_NOT_REAL_INTRADAY_DATA
2026-04-07T04:30:00+0530,2026-04-07T04:30:00+0530,07-04-2026,Brent,Brent Crude Oil Futures,ICE,60m,FRONT_MONTH_CONTINUOUS,BRN1!,RECONSTRUCTED_FROM_DAILY,See methodology_and_sources.md,120.03,120.03,120.01,120.01,0,USD,10616.54,10616.54,10615.22,10615.22,88.45,global_reopen_pre_mcx,none,ESTIMATED_FROM_DAILY_OHLC_USING_SESSION_HEURISTICS_NOT_REAL_INTRADAY_DATA
2026-04-07T05:30:00+0530,2026-04-07T05:30:00+0530,07-04-2026,Brent,Brent Crude Oil Futures,ICE,60m,FRONT_MONTH_CONTINUOUS,BRN1!,RECONSTRUCTED_FROM_DAILY,See methodology_and_sources.md,120.01,120.01,120,120,0,USD,10615.22,10615.22,10614.28,10614.28,88.45,global_reopen_pre_mcx,none,ESTIMATED_FROM_DAILY_OHLC_USING_SESSION_HEURISTICS_NOT_REAL_INTRADAY_DATA
2026-04-07T06:30:00+0530,2026-04-07T06:30:00+0530,07-04-2026,Brent,Brent Crude Oil Futures,ICE,60m,FRONT_MONTH_CONTINUOUS,BRN1!,RECONSTRUCTED_FROM_DAILY,See methodology_and_sources.md,120,120.05,120,120.05,0,USD,10614.28,10618.67,10614.28,10618.67,88.45,global_reopen_pre_mcx,none,ESTIMATED_FROM_DAILY_OHLC_USING_SESSION_HEURISTICS_NOT_REAL_INTRADAY_DATA
2026-04-07T07:30:00+0530,2026-04-07T07:30:00+0530,07-04-2026,Brent,Brent Crude Oil Futures,ICE,60m,FRONT_MONTH_CONTINUOUS,BRN1!,RECONSTRUCTED_FROM_DAILY,See methodology_and_sources.md,120.05,120.16,120.05,120.16,0,USD,10618.67,10628.11,10618.67,10628.11,88.45,global_reopen_pre_mcx,none,ESTIMATED_FROM_DAILY_OHLC_USING_SESSION_HEURISTICS_NOT_REAL_INTRADAY_DATA
2026-04-07T08:30:00+0530,2026-04-07T08:30:00+0530,07-04-2026,Brent,Brent Crude Oil Futures,ICE,60m,FRONT_MONTH_CONTINUOUS,BRN1!,RECONSTRUCTED_FROM_DAILY,See methodology_and_sources.md,120.16,120.16,120.16,120.16,0,USD,10628.11,10628.11,10627.91,10627.91,88.45,global_reopen_pre_mcx,none,ESTIMATED_FROM_DAILY_OHLC_USING_SESSION_HEURISTICS_NOT_REAL_INTRADAY_DATA
2026-04-07T09:30:00+0530,2026-04-07T09:30:00+0530,07-04-2026,Brent,Brent Crude Oil Futures,ICE,60m,FRONT_MONTH_CONTINUOUS,BRN1!,RECONSTRUCTED_FROM_DAILY,See methodology_and_sources.md,120.16,120.28,120.16,120.28,0,USD,10627.91,10638.38,10627.91,10638.38,88.45,mcx_open_drive,none,ESTIMATED_FROM_DAILY_OHLC_USING_SESSION_HEURISTICS_NOT_REAL_INTRADAY_DATA
2026-04-07T10:30:00+0530,2026-04-07T10:30:00+0530,07-04-2026,Brent,Brent Crude Oil Futures,ICE,60m,FRONT_MONTH_CONTINUOUS,BRN1!,RECONSTRUCTED_FROM_DAILY,See methodology_and_sources.md,120.28,120.28,120.23,120.23,0,USD,10638.38,10638.38,10634.63,10634.63,88.45,india_morning,none,ESTIMATED_FROM_DAILY_OHLC_USING_SESSION_HEURISTICS_NOT_REAL_INTRADAY_DATA
2026-04-07T11:30:00+0530,2026-04-07T11:30:00+0530,07-04-2026,Brent,Brent Crude Oil Futures,ICE,60m,FRONT_MONTH_CONTINUOUS,BRN1!,RECONSTRUCTED_FROM_DAILY,See methodology_and_sources.md,120.23,120.27,120.23,120.27,0,USD,10634.63,10637.75,10634.63,10637.75,88.45,india_morning,none,ESTIMATED_FROM_DAILY_OHLC_USING_SESSION_HEURISTICS_NOT_REAL_INTRADAY_DATA
2026-04-07T12:30:00+0530,2026-04-07T12:30:00+0530,07-04-2026,Brent,Brent Crude Oil Futures,ICE,60m,FRONT_MONTH_CONTINUOUS,BRN1!,RECONSTRUCTED_FROM_DAILY,See methodology_and_sources.md,120.27,120.27,120.22,120.22,0,USD,10637.75,10637.75,10633.22,10633.22,88.45,india_midday,none,ESTIMATED_FROM_DAILY_OHLC_USING_SESSION_HEURISTICS_NOT_REAL_INTRADAY_DATA
2026-04-07T13:30:00+0530,2026-04-07T13:30:00+0530,07-04-2026,Brent,Brent Crude Oil Futures,ICE,60m,FRONT_MONTH_CONTINUOUS,BRN1!,RECONSTRUCTED_FROM_DAILY,See methodology_and_sources.md,120.22,120.22,120.1,120.1,0,USD,10633.22,10633.22,10622.69,10622.69,88.45,india_midday,none,ESTIMATED_FROM_DAILY_OHLC_USING_SESSION_HEURISTICS_NOT_REAL_INTRADAY_DATA
2026-04-07T14:30:00+0530,2026-04-07T14:30:00+0530,07-04-2026,Brent,Brent Crude Oil Futures,ICE,60m,FRONT_MONTH_CONTINUOUS,BRN1!,RECONSTRUCTED_FROM_DAILY,See methodology_and_sources.md,120.1,120.26,120.1,120.26,0,USD,10622.69,10637.28,10622.69,10637.28,88.45,india_midday,none,ESTIMATED_FROM_DAILY_OHLC_USING_SESSION_HEURISTICS_NOT_REAL_INTRADAY_DATA
2026-04-07T15:30:00+0530,2026-04-07T15:30:00+0530,07-04-2026,Brent,Brent Crude Oil Futures,ICE,60m,FRONT_MONTH_CONTINUOUS,BRN1!,RECONSTRUCTED_FROM_DAILY,See methodology_and_sources.md,120.26,120.26,120.26,120.26,0,USD,10637.28,10637.28,10637.26,10637.26,88.45,europe_open,first_30m_after_europe_open,ESTIMATED_FROM_DAILY_OHLC_USING_SESSION_HEURISTICS_NOT_REAL_INTRADAY_DATA
2026-04-07T16:30:00+0530,2026-04-07T16:30:00+0530,07-04-2026,Brent,Brent Crude Oil Futures,ICE,60m,FRONT_MONTH_CONTINUOUS,BRN1!,RECONSTRUCTED_FROM_DAILY,See methodology_and_sources.md,120.26,120.28,120.26,120.28,0,USD,10637.26,10638.86,10637.26,10638.86,88.45,europe_open,none,ESTIMATED_FROM_DAILY_OHLC_USING_SESSION_HEURISTICS_NOT_REAL_INTRADAY_DATA
2026-04-07T17:30:00+0530,2026-04-07T17:30:00+0530,07-04-2026,Brent,Brent Crude Oil Futures,ICE,60m,FRONT_MONTH_CONTINUOUS,BRN1!,RECONSTRUCTED_FROM_DAILY,See methodology_and_sources.md,120.28,120.3,120.28,120.3,0,USD,10638.86,10640.75,10638.86,10640.75,88.45,europe_mid,none,ESTIMATED_FROM_DAILY_OHLC_USING_SESSION_HEURISTICS_NOT_REAL_INTRADAY_DATA
2026-04-07T18:30:00+0530,2026-04-07T18:30:00+0530,07-04-2026,Brent,Brent Crude Oil Futures,ICE,60m,FRONT_MONTH_CONTINUOUS,BRN1!,RECONSTRUCTED_FROM_DAILY,See methodology_and_sources.md,120.3,120.3,120.13,120.13,0,USD,10640.75,10640.75,10625.32,10625.32,88.45,europe_mid,none,ESTIMATED_FROM_DAILY_OHLC_USING_SESSION_HEURISTICS_NOT_REAL_INTRADAY_DATA
2026-04-07T19:30:00+0530,2026-04-07T19:30:00+0530,07-04-2026,Brent,Brent Crude Oil Futures,ICE,60m,FRONT_MONTH_CONTINUOUS,BRN1!,RECONSTRUCTED_FROM_DAILY,See methodology_and_sources.md,120.13,120.13,120.08,120.08,0,USD,10625.32,10625.32,10621.15,10621.15,88.45,europe_mid,none,ESTIMATED_FROM_DAILY_OHLC_USING_SESSION_HEURISTICS_NOT_REAL_INTRADAY_DATA
2026-04-07T20:30:00+0530,2026-04-07T20:30:00+0530,07-04-2026,Brent,Brent Crude Oil Futures,ICE,60m,FRONT_MONTH_CONTINUOUS,BRN1!,RECONSTRUCTED_FROM_DAILY,See methodology_and_sources.md,120.08,120.24,120.08,120.24,0,USD,10621.15,10635.11,10621.15,10635.11,88.45,us_pre_open,none,ESTIMATED_FROM_DAILY_OHLC_USING_SESSION_HEURISTICS_NOT_REAL_INTRADAY_DATA
2026-04-07T21:30:00+0530,2026-04-07T21:30:00+0530,07-04-2026,Brent,Brent Crude Oil Futures,ICE,60m,FRONT_MONTH_CONTINUOUS,BRN1!,RECONSTRUCTED_FROM_DAILY,See methodology_and_sources.md,120.24,120.24,120.13,120.13,0,USD,10635.11,10635.11,10625.06,10625.06,88.45,us_open,first_hour_after_us_open,ESTIMATED_FROM_DAILY_OHLC_USING_SESSION_HEURISTICS_NOT_REAL_INTRADAY_DATA
2026-04-07T22:30:00+0530,2026-04-07T22:30:00+0530,07-04-2026,Brent,Brent Crude Oil Futures,ICE,60m,FRONT_MONTH_CONTINUOUS,BRN1!,RECONSTRUCTED_FROM_DAILY,See methodology_and_sources.md,120.13,120.13,120.13,120.13,0,USD,10625.06,10625.44,10625.06,10625.44,88.45,us_open,final_hour_before_mcx_close,ESTIMATED_FROM_DAILY_OHLC_USING_SESSION_HEURISTICS_NOT_REAL_INTRADAY_DATA
2026-04-07T23:30:00+0530,2026-04-07T23:30:00+0530,07-04-2026,Brent,Brent Crude Oil Futures,ICE,60m,FRONT_MONTH_CONTINUOUS,BRN1!,RECONSTRUCTED_FROM_DAILY,See methodology_and_sources.md,120.13,123,120.13,123,0,USD,10625.44,10879.35,10625.44,10879.35,88.45,mcx_tail,none,ESTIMATED_FROM_DAILY_OHLC_USING_SESSION_HEURISTICS_NOT_REAL_INTRADAY_DATA
2026-04-08T00:30:00+0530,2026-04-08T00:30:00+0530,07-04-2026,Brent,Brent Crude Oil Futures,ICE,60m,FRONT_MONTH_CONTINUOUS,BRN1!,RECONSTRUCTED_FROM_DAILY,See methodology_and_sources.md,123,123,123,123,0,USD,10879.35,10879.35,10879.35,10879.35,88.45,other_valid_hours,none,ESTIMATED_FROM_DAILY_OHLC_USING_SESSION_HEURISTICS_NOT_REAL_INTRADAY_DATA
2026-04-08T03:30:00+0530,2026-04-08T03:30:00+0530,08-04-2026,Brent,Brent Crude Oil Futures,ICE,60m,FRONT_MONTH_CONTINUOUS,BRN1!,RECONSTRUCTED_FROM_DAILY,See methodology_and_sources.md,123,123,123,123,0,USD,10885.5,10885.5,10885.5,10885.5,88.5,global_reopen_pre_mcx,none,ESTIMATED_FROM_DAILY_OHLC_USING_SESSION_HEURISTICS_NOT_REAL_INTRADAY_DATA
2026-04-08T04:30:00+0530,2026-04-08T04:30:00+0530,08-04-2026,Brent,Brent Crude Oil Futures,ICE,60m,FRONT_MONTH_CONTINUOUS,BRN1!,RECONSTRUCTED_FROM_DAILY,See methodology_and_sources.md,123,123,122.96,122.96,0,USD,10885.5,10885.5,10881.72,10881.72,88.5,global_reopen_pre_mcx,none,ESTIMATED_FROM_DAILY_OHLC_USING_SESSION_HEURISTICS_NOT_REAL_INTRADAY_DATA
2026-04-08T05:30:00+0530,2026-04-08T05:30:00+0530,08-04-2026,Brent,Brent Crude Oil Futures,ICE,60m,FRONT_MONTH_CONTINUOUS,BRN1!,RECONSTRUCTED_FROM_DAILY,See methodology_and_sources.md,122.96,123,122.96,123,0,USD,10881.72,10885.5,10881.72,10885.5,88.5,global_reopen_pre_mcx,none,ESTIMATED_FROM_DAILY_OHLC_USING_SESSION_HEURISTICS_NOT_REAL_INTRADAY_DATA
2026-04-08T06:30:00+0530,2026-04-08T06:30:00+0530,08-04-2026,Brent,Brent Crude Oil Futures,ICE,60m,FRONT_MONTH_CONTINUOUS,BRN1!,RECONSTRUCTED_FROM_DAILY,See methodology_and_sources.md,123,123,123,123,0,USD,10885.5,10885.5,10885.5,10885.5,88.5,global_reopen_pre_mcx,none,ESTIMATED_FROM_DAILY_OHLC_USING_SESSION_HEURISTICS_NOT_REAL_INTRADAY_DATA
2026-04-08T07:30:00+0530,2026-04-08T07:30:00+0530,08-04-2026,Brent,Brent Crude Oil Futures,ICE,60m,FRONT_MONTH_CONTINUOUS,BRN1!,RECONSTRUCTED_FROM_DAILY,See methodology_and_sources.md,123,123,123,123,0,USD,10885.5,10885.5,10885.5,10885.5,88.5,global_reopen_pre_mcx,none,ESTIMATED_FROM_DAILY_OHLC_USING_SESSION_HEURISTICS_NOT_REAL_INTRADAY_DATA
2026-04-08T08:30:00+0530,2026-04-08T08:30:00+0530,08-04-2026,Brent,Brent Crude Oil Futures,ICE,60m,FRONT_MONTH_CONTINUOUS,BRN1!,RECONSTRUCTED_FROM_DAILY,See methodology_and_sources.md,123,123,122.75,122.75,0,USD,10885.5,10885.5,10863.11,10863.11,88.5,global_reopen_pre_mcx,none,ESTIMATED_FROM_DAILY_OHLC_USING_SESSION_HEURISTICS_NOT_REAL_INTRADAY_DATA
2026-04-08T09:30:00+0530,2026-04-08T09:30:00+0530,08-04-2026,Brent,Brent Crude Oil Futures,ICE,60m,FRONT_MONTH_CONTINUOUS,BRN1!,RECONSTRUCTED_FROM_DAILY,See methodology_and_sources.md,122.75,122.75,122.72,122.72,0,USD,10863.11,10863.11,10860.32,10860.32,88.5,mcx_open_drive,none,ESTIMATED_FROM_DAILY_OHLC_USING_SESSION_HEURISTICS_NOT_REAL_INTRADAY_DATA
2026-04-08T10:30:00+0530,2026-04-08T10:30:00+0530,08-04-2026,Brent,Brent Crude Oil Futures,ICE,60m,FRONT_MONTH_CONTINUOUS,BRN1!,RECONSTRUCTED_FROM_DAILY,See methodology_and_sources.md,122.72,122.72,122.69,122.69,0,USD,10860.32,10860.32,10857.71,10857.71,88.5,india_morning,none,ESTIMATED_FROM_DAILY_OHLC_USING_SESSION_HEURISTICS_NOT_REAL_INTRADAY_DATA
2026-04-08T11:30:00+0530,2026-04-08T11:30:00+0530,08-04-2026,Brent,Brent Crude Oil Futures,ICE,60m,FRONT_MONTH_CONTINUOUS,BRN1!,RECONSTRUCTED_FROM_DAILY,See methodology_and_sources.md,122.69,122.74,122.69,122.74,0,USD,10857.71,10862.34,10857.71,10862.34,88.5,india_morning,none,ESTIMATED_FROM_DAILY_OHLC_USING_SESSION_HEURISTICS_NOT_REAL_INTRADAY_DATA
2026-04-08T12:30:00+0530,2026-04-08T12:30:00+0530,08-04-2026,Brent,Brent Crude Oil Futures,ICE,60m,FRONT_MONTH_CONTINUOUS,BRN1!,RECONSTRUCTED_FROM_DAILY,See methodology_and_sources.md,122.74,122.75,122.74,122.75,0,USD,10862.34,10863.02,10862.34,10863.02,88.5,india_midday,none,ESTIMATED_FROM_DAILY_OHLC_USING_SESSION_HEURISTICS_NOT_REAL_INTRADAY_DATA
2026-04-08T13:30:00+0530,2026-04-08T13:30:00+0530,08-04-2026,Brent,Brent Crude Oil Futures,ICE,60m,FRONT_MONTH_CONTINUOUS,BRN1!,RECONSTRUCTED_FROM_DAILY,See methodology_and_sources.md,122.75,122.75,122.74,122.74,0,USD,10863.02,10863.02,10862.24,10862.24,88.5,india_midday,none,ESTIMATED_FROM_DAILY_OHLC_USING_SESSION_HEURISTICS_NOT_REAL_INTRADAY_DATA
2026-04-08T14:30:00+0530,2026-04-08T14:30:00+0530,08-04-2026,Brent,Brent Crude Oil Futures,ICE,60m,FRONT_MONTH_CONTINUOUS,BRN1!,RECONSTRUCTED_FROM_DAILY,See methodology_and_sources.md,122.74,122.74,122.65,122.65,0,USD,10862.24,10862.24,10854.1,10854.1,88.5,india_midday,none,ESTIMATED_FROM_DAILY_OHLC_USING_SESSION_HEURISTICS_NOT_REAL_INTRADAY_DATA
2026-04-08T15:30:00+0530,2026-04-08T15:30:00+0530,08-04-2026,Brent,Brent Crude Oil Futures,ICE,60m,FRONT_MONTH_CONTINUOUS,BRN1!,RECONSTRUCTED_FROM_DAILY,See methodology_and_sources.md,122.65,122.89,122.65,122.89,0,USD,10854.1,10876.1,10854.1,10876.1,88.5,europe_open,first_30m_after_europe_open,ESTIMATED_FROM_DAILY_OHLC_USING_SESSION_HEURISTICS_NOT_REAL_INTRADAY_DATA
2026-04-08T16:30:00+0530,2026-04-08T16:30:00+0530,08-04-2026,Brent,Brent Crude Oil Futures,ICE,60m,FRONT_MONTH_CONTINUOUS,BRN1!,RECONSTRUCTED_FROM_DAILY,See methodology_and_sources.md,122.89,123,122.89,123,0,USD,10876.1,10885.5,10876.1,10885.5,88.5,europe_open,none,ESTIMATED_FROM_DAILY_OHLC_USING_SESSION_HEURISTICS_NOT_REAL_INTRADAY_DATA
2026-04-08T17:30:00+0530,2026-04-08T17:30:00+0530,08-04-2026,Brent,Brent Crude Oil Futures,ICE,60m,FRONT_MONTH_CONTINUOUS,BRN1!,RECONSTRUCTED_FROM_DAILY,See methodology_and_sources.md,123,123,122.97,122.97,0,USD,10885.5,10885.5,10882.81,10882.81,88.5,europe_mid,none,ESTIMATED_FROM_DAILY_OHLC_USING_SESSION_HEURISTICS_NOT_REAL_INTRADAY_DATA
2026-04-08T18:30:00+0530,2026-04-08T18:30:00+0530,08-04-2026,Brent,Brent Crude Oil Futures,ICE,60m,FRONT_MONTH_CONTINUOUS,BRN1!,RECONSTRUCTED_FROM_DAILY,See methodology_and_sources.md,122.97,122.97,122.89,122.89,0,USD,10882.81,10882.81,10875.47,10875.47,88.5,europe_mid,none,ESTIMATED_FROM_DAILY_OHLC_USING_SESSION_HEURISTICS_NOT_REAL_INTRADAY_DATA
2026-04-08T19:30:00+0530,2026-04-08T19:30:00+0530,08-04-2026,Brent,Brent Crude Oil Futures,ICE,60m,FRONT_MONTH_CONTINUOUS,BRN1!,RECONSTRUCTED_FROM_DAILY,See methodology_and_sources.md,122.89,122.89,122.83,122.83,0,USD,10875.47,10875.47,10870.88,10870.88,88.5,europe_mid,none,ESTIMATED_FROM_DAILY_OHLC_USING_SESSION_HEURISTICS_NOT_REAL_INTRADAY_DATA
2026-04-08T20:30:00+0530,2026-04-08T20:30:00+0530,08-04-2026,Brent,Brent Crude Oil Futures,ICE,60m,FRONT_MONTH_CONTINUOUS,BRN1!,RECONSTRUCTED_FROM_DAILY,See methodology_and_sources.md,122.83,122.93,122.83,122.93,0,USD,10870.88,10879.71,10870.88,10879.71,88.5,us_pre_open,none,ESTIMATED_FROM_DAILY_OHLC_USING_SESSION_HEURISTICS_NOT_REAL_INTRADAY_DATA
2026-04-08T21:30:00+0530,2026-04-08T21:30:00+0530,08-04-2026,Brent,Brent Crude Oil Futures,ICE,60m,FRONT_MONTH_CONTINUOUS,BRN1!,RECONSTRUCTED_FROM_DAILY,See methodology_and_sources.md,122.93,122.93,122.73,122.73,0,USD,10879.71,10879.71,10861.43,10861.43,88.5,us_open,first_hour_after_us_open,ESTIMATED_FROM_DAILY_OHLC_USING_SESSION_HEURISTICS_NOT_REAL_INTRADAY_DATA
2026-04-08T22:30:00+0530,2026-04-08T22:30:00+0530,08-04-2026,Brent,Brent Crude Oil Futures,ICE,60m,FRONT_MONTH_CONTINUOUS,BRN1!,RECONSTRUCTED_FROM_DAILY,See methodology_and_sources.md,122.73,122.73,122.55,122.55,0,USD,10861.43,10861.43,10845.7,10845.7,88.5,us_open,final_hour_before_mcx_close,ESTIMATED_FROM_DAILY_OHLC_USING_SESSION_HEURISTICS_NOT_REAL_INTRADAY_DATA
2026-04-08T23:30:00+0530,2026-04-08T23:30:00+0530,08-04-2026,Brent,Brent Crude Oil Futures,ICE,60m,FRONT_MONTH_CONTINUOUS,BRN1!,RECONSTRUCTED_FROM_DAILY,See methodology_and_sources.md,122.55,122.55,94.75,94.75,0,USD,10845.7,10845.7,8385.38,8385.38,88.5,mcx_tail,none,ESTIMATED_FROM_DAILY_OHLC_USING_SESSION_HEURISTICS_NOT_REAL_INTRADAY_DATA
2026-04-09T00:30:00+0530,2026-04-09T00:30:00+0530,08-04-2026,Brent,Brent Crude Oil Futures,ICE,60m,FRONT_MONTH_CONTINUOUS,BRN1!,RECONSTRUCTED_FROM_DAILY,See methodology_and_sources.md,94.75,94.75,94.75,94.75,0,USD,8385.38,8385.38,8385.38,8385.38,88.5,other_valid_hours,none,ESTIMATED_FROM_DAILY_OHLC_USING_SESSION_HEURISTICS_NOT_REAL_INTRADAY_DATA
2026-04-09T03:30:00+0530,2026-04-09T03:30:00+0530,09-04-2026,Brent,Brent Crude Oil Futures,ICE,60m,FRONT_MONTH_CONTINUOUS,BRN1!,RECONSTRUCTED_FROM_DAILY,See methodology_and_sources.md,95,95,94.99,94.99,0,USD,8412.25,8412.25,8411.44,8411.44,88.55,global_reopen_pre_mcx,none,ESTIMATED_FROM_DAILY_OHLC_USING_SESSION_HEURISTICS_NOT_REAL_INTRADAY_DATA
2026-04-09T04:30:00+0530,2026-04-09T04:30:00+0530,09-04-2026,Brent,Brent Crude Oil Futures,ICE,60m,FRONT_MONTH_CONTINUOUS,BRN1!,RECONSTRUCTED_FROM_DAILY,See methodology_and_sources.md,94.99,94.99,94.97,94.97,0,USD,8411.44,8411.44,8409.36,8409.36,88.55,global_reopen_pre_mcx,none,ESTIMATED_FROM_DAILY_OHLC_USING_SESSION_HEURISTICS_NOT_REAL_INTRADAY_DATA
2026-04-09T05:30:00+0530,2026-04-09T05:30:00+0530,09-04-2026,Brent,Brent Crude Oil Futures,ICE,60m,FRONT_MONTH_CONTINUOUS,BRN1!,RECONSTRUCTED_FROM_DAILY,See methodology_and_sources.md,94.97,94.97,94.95,94.95,0,USD,8409.36,8409.36,8408.02,8408.02,88.55,global_reopen_pre_mcx,none,ESTIMATED_FROM_DAILY_OHLC_USING_SESSION_HEURISTICS_NOT_REAL_INTRADAY_DATA
2026-04-09T06:30:00+0530,2026-04-09T06:30:00+0530,09-04-2026,Brent,Brent Crude Oil Futures,ICE,60m,FRONT_MONTH_CONTINUOUS,BRN1!,RECONSTRUCTED_FROM_DAILY,See methodology_and_sources.md,94.95,94.97,94.95,94.97,0,USD,8408.02,8409.32,8408.02,8409.32,88.55,global_reopen_pre_mcx,none,ESTIMATED_FROM_DAILY_OHLC_USING_SESSION_HEURISTICS_NOT_REAL_INTRADAY_DATA
2026-04-09T07:30:00+0530,2026-04-09T07:30:00+0530,09-04-2026,Brent,Brent Crude Oil Futures,ICE,60m,FRONT_MONTH_CONTINUOUS,BRN1!,RECONSTRUCTED_FROM_DAILY,See methodology_and_sources.md,94.97,94.97,94.96,94.96,0,USD,8409.32,8409.32,8408.92,8408.92,88.55,global_reopen_pre_mcx,none,ESTIMATED_FROM_DAILY_OHLC_USING_SESSION_HEURISTICS_NOT_REAL_INTRADAY_DATA
2026-04-09T08:30:00+0530,2026-04-09T08:30:00+0530,09-04-2026,Brent,Brent Crude Oil Futures,ICE,60m,FRONT_MONTH_CONTINUOUS,BRN1!,RECONSTRUCTED_FROM_DAILY,See methodology_and_sources.md,94.96,94.98,94.96,94.98,0,USD,8408.92,8410.25,8408.92,8410.25,88.55,global_reopen_pre_mcx,none,ESTIMATED_FROM_DAILY_OHLC_USING_SESSION_HEURISTICS_NOT_REAL_INTRADAY_DATA
2026-04-09T09:30:00+0530,2026-04-09T09:30:00+0530,09-04-2026,Brent,Brent Crude Oil Futures,ICE,60m,FRONT_MONTH_CONTINUOUS,BRN1!,RECONSTRUCTED_FROM_DAILY,See methodology_and_sources.md,94.98,94.98,94.97,94.97,0,USD,8410.25,8410.25,8409.75,8409.75,88.55,mcx_open_drive,none,ESTIMATED_FROM_DAILY_OHLC_USING_SESSION_HEURISTICS_NOT_REAL_INTRADAY_DATA
2026-04-09T10:30:00+0530,2026-04-09T10:30:00+0530,09-04-2026,Brent,Brent Crude Oil Futures,ICE,60m,FRONT_MONTH_CONTINUOUS,BRN1!,RECONSTRUCTED_FROM_DAILY,See methodology_and_sources.md,94.97,95.01,94.97,95.01,0,USD,8409.75,8412.73,8409.75,8412.73,88.55,india_morning,none,ESTIMATED_FROM_DAILY_OHLC_USING_SESSION_HEURISTICS_NOT_REAL_INTRADAY_DATA
2026-04-09T11:30:00+0530,2026-04-09T11:30:00+0530,09-04-2026,Brent,Brent Crude Oil Futures,ICE,60m,FRONT_MONTH_CONTINUOUS,BRN1!,RECONSTRUCTED_FROM_DAILY,See methodology_and_sources.md,95.01,95.01,94.97,94.97,0,USD,8412.73,8412.73,8409.6,8409.6,88.55,india_morning,none,ESTIMATED_FROM_DAILY_OHLC_USING_SESSION_HEURISTICS_NOT_REAL_INTRADAY_DATA
2026-04-09T12:30:00+0530,2026-04-09T12:30:00+0530,09-04-2026,Brent,Brent Crude Oil Futures,ICE,60m,FRONT_MONTH_CONTINUOUS,BRN1!,RECONSTRUCTED_FROM_DAILY,See methodology_and_sources.md,94.97,94.97,94.93,94.93,0,USD,8409.6,8409.6,8406.47,8406.47,88.55,india_midday,none,ESTIMATED_FROM_DAILY_OHLC_USING_SESSION_HEURISTICS_NOT_REAL_INTRADAY_DATA
2026-04-09T13:30:00+0530,2026-04-09T13:30:00+0530,09-04-2026,Brent,Brent Crude Oil Futures,ICE,60m,FRONT_MONTH_CONTINUOUS,BRN1!,RECONSTRUCTED_FROM_DAILY,See methodology_and_sources.md,94.93,94.93,94.93,94.93,0,USD,8406.47,8406.47,8406.25,8406.25,88.55,india_midday,none,ESTIMATED_FROM_DAILY_OHLC_USING_SESSION_HEURISTICS_NOT_REAL_INTRADAY_DATA
2026-04-09T14:30:00+0530,2026-04-09T14:30:00+0530,09-04-2026,Brent,Brent Crude Oil Futures,ICE,60m,FRONT_MONTH_CONTINUOUS,BRN1!,RECONSTRUCTED_FROM_DAILY,See methodology_and_sources.md,94.93,94.96,94.93,94.96,0,USD,8406.25,8408.27,8406.25,8408.27,88.55,india_midday,none,ESTIMATED_FROM_DAILY_OHLC_USING_SESSION_HEURISTICS_NOT_REAL_INTRADAY_DATA
2026-04-09T15:30:00+0530,2026-04-09T15:30:00+0530,09-04-2026,Brent,Brent Crude Oil Futures,ICE,60m,FRONT_MONTH_CONTINUOUS,BRN1!,RECONSTRUCTED_FROM_DAILY,See methodology_and_sources.md,94.96,94.96,94.93,94.93,0,USD,8408.27,8408.27,8406.19,8406.19,88.55,europe_open,first_30m_after_europe_open,ESTIMATED_FROM_DAILY_OHLC_USING_SESSION_HEURISTICS_NOT_REAL_INTRADAY_DATA
2026-04-09T16:30:00+0530,2026-04-09T16:30:00+0530,09-04-2026,Brent,Brent Crude Oil Futures,ICE,60m,FRONT_MONTH_CONTINUOUS,BRN1!,RECONSTRUCTED_FROM_DAILY,See methodology_and_sources.md,94.93,94.97,94.93,94.97,0,USD,8406.19,8409.77,8406.19,8409.77,88.55,europe_open,none,ESTIMATED_FROM_DAILY_OHLC_USING_SESSION_HEURISTICS_NOT_REAL_INTRADAY_DATA
2026-04-09T17:30:00+0530,2026-04-09T17:30:00+0530,09-04-2026,Brent,Brent Crude Oil Futures,ICE,60m,FRONT_MONTH_CONTINUOUS,BRN1!,RECONSTRUCTED_FROM_DAILY,See methodology_and_sources.md,94.97,94.97,94.97,94.97,0,USD,8409.77,8409.77,8409.52,8409.52,88.55,europe_mid,none,ESTIMATED_FROM_DAILY_OHLC_USING_SESSION_HEURISTICS_NOT_REAL_INTRADAY_DATA
2026-04-09T18:30:00+0530,2026-04-09T18:30:00+0530,09-04-2026,Brent,Brent Crude Oil Futures,ICE,60m,FRONT_MONTH_CONTINUOUS,BRN1!,RECONSTRUCTED_FROM_DAILY,See methodology_and_sources.md,94.97,94.97,94.94,94.94,0,USD,8409.52,8409.52,8407.14,8407.14,88.55,europe_mid,none,ESTIMATED_FROM_DAILY_OHLC_USING_SESSION_HEURISTICS_NOT_REAL_INTRADAY_DATA
2026-04-09T19:30:00+0530,2026-04-09T19:30:00+0530,09-04-2026,Brent,Brent Crude Oil Futures,ICE,60m,FRONT_MONTH_CONTINUOUS,BRN1!,RECONSTRUCTED_FROM_DAILY,See methodology_and_sources.md,94.94,94.94,94.91,94.91,0,USD,8407.14,8407.14,8404.43,8404.43,88.55,europe_mid,none,ESTIMATED_FROM_DAILY_OHLC_USING_SESSION_HEURISTICS_NOT_REAL_INTRADAY_DATA
2026-04-09T20:30:00+0530,2026-04-09T20:30:00+0530,09-04-2026,Brent,Brent Crude Oil Futures,ICE,60m,FRONT_MONTH_CONTINUOUS,BRN1!,RECONSTRUCTED_FROM_DAILY,See methodology_and_sources.md,94.91,94.91,94.91,94.91,0,USD,8404.43,8404.43,8403.88,8403.88,88.55,us_pre_open,none,ESTIMATED_FROM_DAILY_OHLC_USING_SESSION_HEURISTICS_NOT_REAL_INTRADAY_DATA
2026-04-09T21:30:00+0530,2026-04-09T21:30:00+0530,09-04-2026,Brent,Brent Crude Oil Futures,ICE,60m,FRONT_MONTH_CONTINUOUS,BRN1!,RECONSTRUCTED_FROM_DAILY,See methodology_and_sources.md,94.91,94.92,94.91,94.92,0,USD,8403.88,8405.59,8403.88,8405.59,88.55,us_open,first_hour_after_us_open,ESTIMATED_FROM_DAILY_OHLC_USING_SESSION_HEURISTICS_NOT_REAL_INTRADAY_DATA
2026-04-09T22:30:00+0530,2026-04-09T22:30:00+0530,09-04-2026,Brent,Brent Crude Oil Futures,ICE,60m,FRONT_MONTH_CONTINUOUS,BRN1!,RECONSTRUCTED_FROM_DAILY,See methodology_and_sources.md,94.92,94.95,94.92,94.95,0,USD,8405.59,8407.67,8405.59,8407.67,88.55,us_open,final_hour_before_mcx_close,ESTIMATED_FROM_DAILY_OHLC_USING_SESSION_HEURISTICS_NOT_REAL_INTRADAY_DATA
2026-04-09T23:30:00+0530,2026-04-09T23:30:00+0530,09-04-2026,Brent,Brent Crude Oil Futures,ICE,60m,FRONT_MONTH_CONTINUOUS,BRN1!,RECONSTRUCTED_FROM_DAILY,See methodology_and_sources.md,94.95,96,94.95,96,0,USD,8407.67,8500.8,8407.67,8500.8,88.55,mcx_tail,none,ESTIMATED_FROM_DAILY_OHLC_USING_SESSION_HEURISTICS_NOT_REAL_INTRADAY_DATA
2026-04-10T00:30:00+0530,2026-04-10T00:30:00+0530,09-04-2026,Brent,Brent Crude Oil Futures,ICE,60m,FRONT_MONTH_CONTINUOUS,BRN1!,RECONSTRUCTED_FROM_DAILY,See methodology_and_sources.md,96,96,96,96,0,USD,8500.8,8500.8,8500.8,8500.8,88.55,other_valid_hours,none,ESTIMATED_FROM_DAILY_OHLC_USING_SESSION_HEURISTICS_NOT_REAL_INTRADAY_DATA
2026-04-10T03:30:00+0530,2026-04-10T03:30:00+0530,10-04-2026,Brent,Brent Crude Oil Futures,ICE,60m,FRONT_MONTH_CONTINUOUS,BRN1!,RECONSTRUCTED_FROM_DAILY,See methodology_and_sources.md,96,96.02,96,96.02,0,USD,8505.6,8507.4,8505.6,8507.4,88.6,global_reopen_pre_mcx,none,ESTIMATED_FROM_DAILY_OHLC_USING_SESSION_HEURISTICS_NOT_REAL_INTRADAY_DATA
2026-04-10T04:30:00+0530,2026-04-10T04:30:00+0530,10-04-2026,Brent,Brent Crude Oil Futures,ICE,60m,FRONT_MONTH_CONTINUOUS,BRN1!,RECONSTRUCTED_FROM_DAILY,See methodology_and_sources.md,96.02,96.02,96.02,96.02,0,USD,8507.4,8507.68,8507.4,8507.68,88.6,global_reopen_pre_mcx,none,ESTIMATED_FROM_DAILY_OHLC_USING_SESSION_HEURISTICS_NOT_REAL_INTRADAY_DATA
2026-04-10T05:30:00+0530,2026-04-10T05:30:00+0530,10-04-2026,Brent,Brent Crude Oil Futures,ICE,60m,FRONT_MONTH_CONTINUOUS,BRN1!,RECONSTRUCTED_FROM_DAILY,See methodology_and_sources.md,96.02,96.04,96.02,96.04,0,USD,8507.68,8509.41,8507.68,8509.41,88.6,global_reopen_pre_mcx,none,ESTIMATED_FROM_DAILY_OHLC_USING_SESSION_HEURISTICS_NOT_REAL_INTRADAY_DATA
2026-04-10T06:30:00+0530,2026-04-10T06:30:00+0530,10-04-2026,Brent,Brent Crude Oil Futures,ICE,60m,FRONT_MONTH_CONTINUOUS,BRN1!,RECONSTRUCTED_FROM_DAILY,See methodology_and_sources.md,96.04,96.06,96.04,96.06,0,USD,8509.41,8510.97,8509.41,8510.97,88.6,global_reopen_pre_mcx,none,ESTIMATED_FROM_DAILY_OHLC_USING_SESSION_HEURISTICS_NOT_REAL_INTRADAY_DATA
2026-04-10T07:30:00+0530,2026-04-10T07:30:00+0530,10-04-2026,Brent,Brent Crude Oil Futures,ICE,60m,FRONT_MONTH_CONTINUOUS,BRN1!,RECONSTRUCTED_FROM_DAILY,See methodology_and_sources.md,96.06,96.06,96.06,96.06,0,USD,8510.97,8510.97,8510.93,8510.93,88.6,global_reopen_pre_mcx,none,ESTIMATED_FROM_DAILY_OHLC_USING_SESSION_HEURISTICS_NOT_REAL_INTRADAY_DATA
2026-04-10T08:30:00+0530,2026-04-10T08:30:00+0530,10-04-2026,Brent,Brent Crude Oil Futures,ICE,60m,FRONT_MONTH_CONTINUOUS,BRN1!,RECONSTRUCTED_FROM_DAILY,See methodology_and_sources.md,96.06,96.06,96.05,96.05,0,USD,8510.93,8510.93,8510.37,8510.37,88.6,global_reopen_pre_mcx,none,ESTIMATED_FROM_DAILY_OHLC_USING_SESSION_HEURISTICS_NOT_REAL_INTRADAY_DATA
2026-04-10T09:30:00+0530,2026-04-10T09:30:00+0530,10-04-2026,Brent,Brent Crude Oil Futures,ICE,60m,FRONT_MONTH_CONTINUOUS,BRN1!,RECONSTRUCTED_FROM_DAILY,See methodology_and_sources.md,96.05,96.05,96.05,96.05,0,USD,8510.37,8510.37,8509.8,8509.8,88.6,mcx_open_drive,none,ESTIMATED_FROM_DAILY_OHLC_USING_SESSION_HEURISTICS_NOT_REAL_INTRADAY_DATA
2026-04-10T10:30:00+0530,2026-04-10T10:30:00+0530,10-04-2026,Brent,Brent Crude Oil Futures,ICE,60m,FRONT_MONTH_CONTINUOUS,BRN1!,RECONSTRUCTED_FROM_DAILY,See methodology_and_sources.md,96.05,96.05,96.02,96.02,0,USD,8509.8,8509.8,8507.68,8507.68,88.6,india_morning,none,ESTIMATED_FROM_DAILY_OHLC_USING_SESSION_HEURISTICS_NOT_REAL_INTRADAY_DATA
2026-04-10T11:30:00+0530,2026-04-10T11:30:00+0530,10-04-2026,Brent,Brent Crude Oil Futures,ICE,60m,FRONT_MONTH_CONTINUOUS,BRN1!,RECONSTRUCTED_FROM_DAILY,See methodology_and_sources.md,96.02,96.08,96.02,96.08,0,USD,8507.68,8513.08,8507.68,8513.08,88.6,india_morning,none,ESTIMATED_FROM_DAILY_OHLC_USING_SESSION_HEURISTICS_NOT_REAL_INTRADAY_DATA
2026-04-10T12:30:00+0530,2026-04-10T12:30:00+0530,10-04-2026,Brent,Brent Crude Oil Futures,ICE,60m,FRONT_MONTH_CONTINUOUS,BRN1!,RECONSTRUCTED_FROM_DAILY,See methodology_and_sources.md,96.08,96.11,96.08,96.11,0,USD,8513.08,8515.09,8513.08,8515.09,88.6,india_midday,none,ESTIMATED_FROM_DAILY_OHLC_USING_SESSION_HEURISTICS_NOT_REAL_INTRADAY_DATA
2026-04-10T13:30:00+0530,2026-04-10T13:30:00+0530,10-04-2026,Brent,Brent Crude Oil Futures,ICE,60m,FRONT_MONTH_CONTINUOUS,BRN1!,RECONSTRUCTED_FROM_DAILY,See methodology_and_sources.md,96.11,96.11,96.1,96.1,0,USD,8515.09,8515.09,8514.53,8514.53,88.6,india_midday,none,ESTIMATED_FROM_DAILY_OHLC_USING_SESSION_HEURISTICS_NOT_REAL_INTRADAY_DATA
2026-04-10T14:30:00+0530,2026-04-10T14:30:00+0530,10-04-2026,Brent,Brent Crude Oil Futures,ICE,60m,FRONT_MONTH_CONTINUOUS,BRN1!,RECONSTRUCTED_FROM_DAILY,See methodology_and_sources.md,96.1,96.14,96.1,96.14,0,USD,8514.53,8518.04,8514.53,8518.04,88.6,india_midday,none,ESTIMATED_FROM_DAILY_OHLC_USING_SESSION_HEURISTICS_NOT_REAL_INTRADAY_DATA
2026-04-10T15:30:00+0530,2026-04-10T15:30:00+0530,10-04-2026,Brent,Brent Crude Oil Futures,ICE,60m,FRONT_MONTH_CONTINUOUS,BRN1!,RECONSTRUCTED_FROM_DAILY,See methodology_and_sources.md,96.14,96.14,96.11,96.11,0,USD,8518.04,8518.04,8515.69,8515.69,88.6,europe_open,first_30m_after_europe_open,ESTIMATED_FROM_DAILY_OHLC_USING_SESSION_HEURISTICS_NOT_REAL_INTRADAY_DATA
2026-04-10T16:30:00+0530,2026-04-10T16:30:00+0530,10-04-2026,Brent,Brent Crude Oil Futures,ICE,60m,FRONT_MONTH_CONTINUOUS,BRN1!,RECONSTRUCTED_FROM_DAILY,See methodology_and_sources.md,96.11,96.17,96.11,96.17,0,USD,8515.69,8520.34,8515.69,8520.34,88.6,europe_open,none,ESTIMATED_FROM_DAILY_OHLC_USING_SESSION_HEURISTICS_NOT_REAL_INTRADAY_DATA
2026-04-10T17:30:00+0530,2026-04-10T17:30:00+0530,10-04-2026,Brent,Brent Crude Oil Futures,ICE,60m,FRONT_MONTH_CONTINUOUS,BRN1!,RECONSTRUCTED_FROM_DAILY,See methodology_and_sources.md,96.17,96.17,96.09,96.09,0,USD,8520.34,8520.34,8513.69,8513.69,88.6,europe_mid,none,ESTIMATED_FROM_DAILY_OHLC_USING_SESSION_HEURISTICS_NOT_REAL_INTRADAY_DATA
2026-04-10T18:30:00+0530,2026-04-10T18:30:00+0530,10-04-2026,Brent,Brent Crude Oil Futures,ICE,60m,FRONT_MONTH_CONTINUOUS,BRN1!,RECONSTRUCTED_FROM_DAILY,See methodology_and_sources.md,96.09,96.09,95.99,95.99,0,USD,8513.69,8513.69,8504.5,8504.5,88.6,europe_mid,none,ESTIMATED_FROM_DAILY_OHLC_USING_SESSION_HEURISTICS_NOT_REAL_INTRADAY_DATA
2026-04-10T19:30:00+0530,2026-04-10T19:30:00+0530,10-04-2026,Brent,Brent Crude Oil Futures,ICE,60m,FRONT_MONTH_CONTINUOUS,BRN1!,RECONSTRUCTED_FROM_DAILY,See methodology_and_sources.md,95.99,95.99,95.97,95.97,0,USD,8504.5,8504.5,8503.11,8503.11,88.6,europe_mid,none,ESTIMATED_FROM_DAILY_OHLC_USING_SESSION_HEURISTICS_NOT_REAL_INTRADAY_DATA
2026-04-10T20:30:00+0530,2026-04-10T20:30:00+0530,10-04-2026,Brent,Brent Crude Oil Futures,ICE,60m,FRONT_MONTH_CONTINUOUS,BRN1!,RECONSTRUCTED_FROM_DAILY,See methodology_and_sources.md,95.97,95.97,95.92,95.92,0,USD,8503.11,8503.11,8498.11,8498.11,88.6,us_pre_open,none,ESTIMATED_FROM_DAILY_OHLC_USING_SESSION_HEURISTICS_NOT_REAL_INTRADAY_DATA
2026-04-10T21:30:00+0530,2026-04-10T21:30:00+0530,10-04-2026,Brent,Brent Crude Oil Futures,ICE,60m,FRONT_MONTH_CONTINUOUS,BRN1!,RECONSTRUCTED_FROM_DAILY,See methodology_and_sources.md,95.92,95.98,95.92,95.98,0,USD,8498.11,8503.56,8498.11,8503.56,88.6,us_open,first_hour_after_us_open,ESTIMATED_FROM_DAILY_OHLC_USING_SESSION_HEURISTICS_NOT_REAL_INTRADAY_DATA
2026-04-10T22:30:00+0530,2026-04-10T22:30:00+0530,10-04-2026,Brent,Brent Crude Oil Futures,ICE,60m,FRONT_MONTH_CONTINUOUS,BRN1!,RECONSTRUCTED_FROM_DAILY,See methodology_and_sources.md,95.98,96.07,95.98,96.07,0,USD,8503.56,8511.68,8503.56,8511.68,88.6,us_open,final_hour_before_mcx_close,ESTIMATED_FROM_DAILY_OHLC_USING_SESSION_HEURISTICS_NOT_REAL_INTRADAY_DATA
2026-04-10T23:30:00+0530,2026-04-10T23:30:00+0530,10-04-2026,Brent,Brent Crude Oil Futures,ICE,60m,FRONT_MONTH_CONTINUOUS,BRN1!,RECONSTRUCTED_FROM_DAILY,See methodology_and_sources.md,96.07,98,96.07,98,0,USD,8511.68,8682.8,8511.68,8682.8,88.6,mcx_tail,none,ESTIMATED_FROM_DAILY_OHLC_USING_SESSION_HEURISTICS_NOT_REAL_INTRADAY_DATA
2026-04-11T00:30:00+0530,2026-04-11T00:30:00+0530,10-04-2026,Brent,Brent Crude Oil Futures,ICE,60m,FRONT_MONTH_CONTINUOUS,BRN1!,RECONSTRUCTED_FROM_DAILY,See methodology_and_sources.md,98,98,98,98,0,USD,8682.8,8682.8,8682.8,8682.8,88.6,other_valid_hours,none,ESTIMATED_FROM_DAILY_OHLC_USING_SESSION_HEURISTICS_NOT_REAL_INTRADAY_DATA
2026-04-13T03:30:00+0530,2026-04-13T03:30:00+0530,13-04-2026,Brent,Brent Crude Oil Futures,ICE,60m,FRONT_MONTH_CONTINUOUS,BRN1!,RECONSTRUCTED_FROM_DAILY,See methodology_and_sources.md,102,102.16,102,102.16,0,USD,9047.4,9061.45,9047.4,9061.45,88.7,global_reopen_pre_mcx,none,ESTIMATED_FROM_DAILY_OHLC_USING_SESSION_HEURISTICS_NOT_REAL_INTRADAY_DATA
2026-04-13T04:30:00+0530,2026-04-13T04:30:00+0530,13-04-2026,Brent,Brent Crude Oil Futures,ICE,60m,FRONT_MONTH_CONTINUOUS,BRN1!,RECONSTRUCTED_FROM_DAILY,See methodology_and_sources.md,102.16,102.16,101.85,101.85,0,USD,9061.45,9061.45,9034.4,9034.4,88.7,global_reopen_pre_mcx,none,ESTIMATED_FROM_DAILY_OHLC_USING_SESSION_HEURISTICS_NOT_REAL_INTRADAY_DATA
2026-04-13T05:30:00+0530,2026-04-13T05:30:00+0530,13-04-2026,Brent,Brent Crude Oil Futures,ICE,60m,FRONT_MONTH_CONTINUOUS,BRN1!,RECONSTRUCTED_FROM_DAILY,See methodology_and_sources.md,101.85,101.89,101.85,101.89,0,USD,9034.4,9037.48,9034.4,9037.48,88.7,global_reopen_pre_mcx,none,ESTIMATED_FROM_DAILY_OHLC_USING_SESSION_HEURISTICS_NOT_REAL_INTRADAY_DATA
2026-04-13T06:30:00+0530,2026-04-13T06:30:00+0530,13-04-2026,Brent,Brent Crude Oil Futures,ICE,60m,FRONT_MONTH_CONTINUOUS,BRN1!,RECONSTRUCTED_FROM_DAILY,See methodology_and_sources.md,101.89,101.89,101.83,101.83,0,USD,9037.48,9037.48,9031.9,9031.9,88.7,global_reopen_pre_mcx,none,ESTIMATED_FROM_DAILY_OHLC_USING_SESSION_HEURISTICS_NOT_REAL_INTRADAY_DATA
2026-04-13T07:30:00+0530,2026-04-13T07:30:00+0530,13-04-2026,Brent,Brent Crude Oil Futures,ICE,60m,FRONT_MONTH_CONTINUOUS,BRN1!,RECONSTRUCTED_FROM_DAILY,See methodology_and_sources.md,101.83,101.91,101.83,101.91,0,USD,9031.9,9038.98,9031.9,9038.98,88.7,global_reopen_pre_mcx,none,ESTIMATED_FROM_DAILY_OHLC_USING_SESSION_HEURISTICS_NOT_REAL_INTRADAY_DATA
2026-04-13T08:30:00+0530,2026-04-13T08:30:00+0530,13-04-2026,Brent,Brent Crude Oil Futures,ICE,60m,FRONT_MONTH_CONTINUOUS,BRN1!,RECONSTRUCTED_FROM_DAILY,See methodology_and_sources.md,101.91,102.04,101.91,102.04,0,USD,9038.98,9050.62,9038.98,9050.62,88.7,global_reopen_pre_mcx,none,ESTIMATED_FROM_DAILY_OHLC_USING_SESSION_HEURISTICS_NOT_REAL_INTRADAY_DATA
2026-04-13T09:30:00+0530,2026-04-13T09:30:00+0530,13-04-2026,Brent,Brent Crude Oil Futures,ICE,60m,FRONT_MONTH_CONTINUOUS,BRN1!,RECONSTRUCTED_FROM_DAILY,See methodology_and_sources.md,102.04,102.04,102.04,102.04,0,USD,9050.62,9051.04,9050.62,9051.04,88.7,mcx_open_drive,none,ESTIMATED_FROM_DAILY_OHLC_USING_SESSION_HEURISTICS_NOT_REAL_INTRADAY_DATA
2026-04-13T10:30:00+0530,2026-04-13T10:30:00+0530,13-04-2026,Brent,Brent Crude Oil Futures,ICE,60m,FRONT_MONTH_CONTINUOUS,BRN1!,RECONSTRUCTED_FROM_DAILY,See methodology_and_sources.md,102.04,102.04,101.97,101.97,0,USD,9051.04,9051.04,9044.68,9044.68,88.7,india_morning,none,ESTIMATED_FROM_DAILY_OHLC_USING_SESSION_HEURISTICS_NOT_REAL_INTRADAY_DATA
2026-04-13T11:30:00+0530,2026-04-13T11:30:00+0530,13-04-2026,Brent,Brent Crude Oil Futures,ICE,60m,FRONT_MONTH_CONTINUOUS,BRN1!,RECONSTRUCTED_FROM_DAILY,See methodology_and_sources.md,101.97,102.15,101.97,102.15,0,USD,9044.68,9060.28,9044.68,9060.28,88.7,india_morning,none,ESTIMATED_FROM_DAILY_OHLC_USING_SESSION_HEURISTICS_NOT_REAL_INTRADAY_DATA
2026-04-13T12:30:00+0530,2026-04-13T12:30:00+0530,13-04-2026,Brent,Brent Crude Oil Futures,ICE,60m,FRONT_MONTH_CONTINUOUS,BRN1!,RECONSTRUCTED_FROM_DAILY,See methodology_and_sources.md,102.15,102.15,102.05,102.05,0,USD,9060.28,9060.28,9051.98,9051.98,88.7,india_midday,none,ESTIMATED_FROM_DAILY_OHLC_USING_SESSION_HEURISTICS_NOT_REAL_INTRADAY_DATA
2026-04-13T13:30:00+0530,2026-04-13T13:30:00+0530,13-04-2026,Brent,Brent Crude Oil Futures,ICE,60m,FRONT_MONTH_CONTINUOUS,BRN1!,RECONSTRUCTED_FROM_DAILY,See methodology_and_sources.md,102.05,102.1,102.05,102.1,0,USD,9051.98,9056.27,9051.98,9056.27,88.7,india_midday,none,ESTIMATED_FROM_DAILY_OHLC_USING_SESSION_HEURISTICS_NOT_REAL_INTRADAY_DATA
2026-04-13T14:30:00+0530,2026-04-13T14:30:00+0530,13-04-2026,Brent,Brent Crude Oil Futures,ICE,60m,FRONT_MONTH_CONTINUOUS,BRN1!,RECONSTRUCTED_FROM_DAILY,See methodology_and_sources.md,102.1,102.1,102.08,102.08,0,USD,9056.27,9056.27,9054.92,9054.92,88.7,india_midday,none,ESTIMATED_FROM_DAILY_OHLC_USING_SESSION_HEURISTICS_NOT_REAL_INTRADAY_DATA
2026-04-13T15:30:00+0530,2026-04-13T15:30:00+0530,13-04-2026,Brent,Brent Crude Oil Futures,ICE,60m,FRONT_MONTH_CONTINUOUS,BRN1!,RECONSTRUCTED_FROM_DAILY,See methodology_and_sources.md,102.08,102.11,102.08,102.11,0,USD,9054.92,9057.35,9054.92,9057.35,88.7,europe_open,first_30m_after_europe_open,ESTIMATED_FROM_DAILY_OHLC_USING_SESSION_HEURISTICS_NOT_REAL_INTRADAY_DATA
2026-04-13T16:30:00+0530,2026-04-13T16:30:00+0530,13-04-2026,Brent,Brent Crude Oil Futures,ICE,60m,FRONT_MONTH_CONTINUOUS,BRN1!,RECONSTRUCTED_FROM_DAILY,See methodology_and_sources.md,102.11,102.12,102.11,102.12,0,USD,9057.35,9058.22,9057.35,9058.22,88.7,europe_open,none,ESTIMATED_FROM_DAILY_OHLC_USING_SESSION_HEURISTICS_NOT_REAL_INTRADAY_DATA
2026-04-13T17:30:00+0530,2026-04-13T17:30:00+0530,13-04-2026,Brent,Brent Crude Oil Futures,ICE,60m,FRONT_MONTH_CONTINUOUS,BRN1!,RECONSTRUCTED_FROM_DAILY,See methodology_and_sources.md,102.12,102.12,102.12,102.12,0,USD,9058.22,9058.46,9058.22,9058.46,88.7,europe_mid,none,ESTIMATED_FROM_DAILY_OHLC_USING_SESSION_HEURISTICS_NOT_REAL_INTRADAY_DATA
2026-04-13T18:30:00+0530,2026-04-13T18:30:00+0530,13-04-2026,Brent,Brent Crude Oil Futures,ICE,60m,FRONT_MONTH_CONTINUOUS,BRN1!,RECONSTRUCTED_FROM_DAILY,See methodology_and_sources.md,102.12,102.13,102.12,102.13,0,USD,9058.46,9058.99,9058.46,9058.99,88.7,europe_mid,none,ESTIMATED_FROM_DAILY_OHLC_USING_SESSION_HEURISTICS_NOT_REAL_INTRADAY_DATA
2026-04-13T19:30:00+0530,2026-04-13T19:30:00+0530,13-04-2026,Brent,Brent Crude Oil Futures,ICE,60m,FRONT_MONTH_CONTINUOUS,BRN1!,RECONSTRUCTED_FROM_DAILY,See methodology_and_sources.md,102.13,102.15,102.13,102.15,0,USD,9058.99,9060.63,9058.99,9060.63,88.7,europe_mid,none,ESTIMATED_FROM_DAILY_OHLC_USING_SESSION_HEURISTICS_NOT_REAL_INTRADAY_DATA
2026-04-13T20:30:00+0530,2026-04-13T20:30:00+0530,13-04-2026,Brent,Brent Crude Oil Futures,ICE,60m,FRONT_MONTH_CONTINUOUS,BRN1!,RECONSTRUCTED_FROM_DAILY,See methodology_and_sources.md,102.15,102.15,102.13,102.13,0,USD,9060.63,9060.63,9059.24,9059.24,88.7,us_pre_open,none,ESTIMATED_FROM_DAILY_OHLC_USING_SESSION_HEURISTICS_NOT_REAL_INTRADAY_DATA
2026-04-13T21:30:00+0530,2026-04-13T21:30:00+0530,13-04-2026,Brent,Brent Crude Oil Futures,ICE,60m,FRONT_MONTH_CONTINUOUS,BRN1!,RECONSTRUCTED_FROM_DAILY,See methodology_and_sources.md,102.13,102.16,102.13,102.16,0,USD,9059.24,9061.87,9059.24,9061.87,88.7,us_open,first_hour_after_us_open,ESTIMATED_FROM_DAILY_OHLC_USING_SESSION_HEURISTICS_NOT_REAL_INTRADAY_DATA
2026-04-13T22:30:00+0530,2026-04-13T22:30:00+0530,13-04-2026,Brent,Brent Crude Oil Futures,ICE,60m,FRONT_MONTH_CONTINUOUS,BRN1!,RECONSTRUCTED_FROM_DAILY,See methodology_and_sources.md,102.16,102.18,102.16,102.18,0,USD,9061.87,9063.15,9061.87,9063.15,88.7,us_open,final_hour_before_mcx_close,ESTIMATED_FROM_DAILY_OHLC_USING_SESSION_HEURISTICS_NOT_REAL_INTRADAY_DATA
2026-04-13T23:30:00+0530,2026-04-13T23:30:00+0530,13-04-2026,Brent,Brent Crude Oil Futures,ICE,60m,FRONT_MONTH_CONTINUOUS,BRN1!,RECONSTRUCTED_FROM_DAILY,See methodology_and_sources.md,102.18,102.18,95,95,0,USD,9063.15,9063.15,8426.5,8426.5,88.7,mcx_tail,none,ESTIMATED_FROM_DAILY_OHLC_USING_SESSION_HEURISTICS_NOT_REAL_INTRADAY_DATA
2026-04-14T00:30:00+0530,2026-04-14T00:30:00+0530,13-04-2026,Brent,Brent Crude Oil Futures,ICE,60m,FRONT_MONTH_CONTINUOUS,BRN1!,RECONSTRUCTED_FROM_DAILY,See methodology_and_sources.md,95,95,95,95,0,USD,8426.5,8426.5,8426.5,8426.5,88.7,other_valid_hours,none,ESTIMATED_FROM_DAILY_OHLC_USING_SESSION_HEURISTICS_NOT_REAL_INTRADAY_DATA
2026-04-14T03:30:00+0530,2026-04-14T03:30:00+0530,14-04-2026,Brent,Brent Crude Oil Futures,ICE,60m,FRONT_MONTH_CONTINUOUS,BRN1!,RECONSTRUCTED_FROM_DAILY,See methodology_and_sources.md,95,95,94.95,94.95,0,USD,8431.25,8431.25,8427.01,8427.01,88.75,global_reopen_pre_mcx,none,ESTIMATED_FROM_DAILY_OHLC_USING_SESSION_HEURISTICS_NOT_REAL_INTRADAY_DATA
2026-04-14T04:30:00+0530,2026-04-14T04:30:00+0530,14-04-2026,Brent,Brent Crude Oil Futures,ICE,60m,FRONT_MONTH_CONTINUOUS,BRN1!,RECONSTRUCTED_FROM_DAILY,See methodology_and_sources.md,94.95,95.1,94.95,95.1,0,USD,8427.01,8440.11,8427.01,8440.11,88.75,global_reopen_pre_mcx,none,ESTIMATED_FROM_DAILY_OHLC_USING_SESSION_HEURISTICS_NOT_REAL_INTRADAY_DATA
2026-04-14T05:30:00+0530,2026-04-14T05:30:00+0530,14-04-2026,Brent,Brent Crude Oil Futures,ICE,60m,FRONT_MONTH_CONTINUOUS,BRN1!,RECONSTRUCTED_FROM_DAILY,See methodology_and_sources.md,95.1,95.15,95.1,95.15,0,USD,8440.11,8444.94,8440.11,8444.94,88.75,global_reopen_pre_mcx,none,ESTIMATED_FROM_DAILY_OHLC_USING_SESSION_HEURISTICS_NOT_REAL_INTRADAY_DATA
2026-04-14T06:30:00+0530,2026-04-14T06:30:00+0530,14-04-2026,Brent,Brent Crude Oil Futures,ICE,60m,FRONT_MONTH_CONTINUOUS,BRN1!,RECONSTRUCTED_FROM_DAILY,See methodology_and_sources.md,95.15,95.15,95.03,95.03,0,USD,8444.94,8444.94,8434.13,8434.13,88.75,global_reopen_pre_mcx,none,ESTIMATED_FROM_DAILY_OHLC_USING_SESSION_HEURISTICS_NOT_REAL_INTRADAY_DATA
2026-04-14T07:30:00+0530,2026-04-14T07:30:00+0530,14-04-2026,Brent,Brent Crude Oil Futures,ICE,60m,FRONT_MONTH_CONTINUOUS,BRN1!,RECONSTRUCTED_FROM_DAILY,See methodology_and_sources.md,95.03,95.03,94.9,94.9,0,USD,8434.13,8434.13,8422.4,8422.4,88.75,global_reopen_pre_mcx,none,ESTIMATED_FROM_DAILY_OHLC_USING_SESSION_HEURISTICS_NOT_REAL_INTRADAY_DATA
2026-04-14T08:30:00+0530,2026-04-14T08:30:00+0530,14-04-2026,Brent,Brent Crude Oil Futures,ICE,60m,FRONT_MONTH_CONTINUOUS,BRN1!,RECONSTRUCTED_FROM_DAILY,See methodology_and_sources.md,94.9,94.91,94.9,94.91,0,USD,8422.4,8423.69,8422.4,8423.69,88.75,global_reopen_pre_mcx,none,ESTIMATED_FROM_DAILY_OHLC_USING_SESSION_HEURISTICS_NOT_REAL_INTRADAY_DATA
2026-04-14T09:30:00+0530,2026-04-14T09:30:00+0530,14-04-2026,Brent,Brent Crude Oil Futures,ICE,60m,FRONT_MONTH_CONTINUOUS,BRN1!,RECONSTRUCTED_FROM_DAILY,See methodology_and_sources.md,94.91,94.91,94.89,94.89,0,USD,8423.69,8423.69,8421.11,8421.11,88.75,mcx_open_drive,none,ESTIMATED_FROM_DAILY_OHLC_USING_SESSION_HEURISTICS_NOT_REAL_INTRADAY_DATA
2026-04-14T10:30:00+0530,2026-04-14T10:30:00+0530,14-04-2026,Brent,Brent Crude Oil Futures,ICE,60m,FRONT_MONTH_CONTINUOUS,BRN1!,RECONSTRUCTED_FROM_DAILY,See methodology_and_sources.md,94.89,94.89,94.88,94.88,0,USD,8421.11,8421.11,8420.63,8420.63,88.75,india_morning,none,ESTIMATED_FROM_DAILY_OHLC_USING_SESSION_HEURISTICS_NOT_REAL_INTRADAY_DATA
2026-04-14T11:30:00+0530,2026-04-14T11:30:00+0530,14-04-2026,Brent,Brent Crude Oil Futures,ICE,60m,FRONT_MONTH_CONTINUOUS,BRN1!,RECONSTRUCTED_FROM_DAILY,See methodology_and_sources.md,94.88,94.91,94.88,94.91,0,USD,8420.63,8423.05,8420.63,8423.05,88.75,india_morning,none,ESTIMATED_FROM_DAILY_OHLC_USING_SESSION_HEURISTICS_NOT_REAL_INTRADAY_DATA
2026-04-14T12:30:00+0530,2026-04-14T12:30:00+0530,14-04-2026,Brent,Brent Crude Oil Futures,ICE,60m,FRONT_MONTH_CONTINUOUS,BRN1!,RECONSTRUCTED_FROM_DAILY,See methodology_and_sources.md,94.91,94.99,94.91,94.99,0,USD,8423.05,8430.31,8423.05,8430.31,88.75,india_midday,none,ESTIMATED_FROM_DAILY_OHLC_USING_SESSION_HEURISTICS_NOT_REAL_INTRADAY_DATA
2026-04-14T13:30:00+0530,2026-04-14T13:30:00+0530,14-04-2026,Brent,Brent Crude Oil Futures,ICE,60m,FRONT_MONTH_CONTINUOUS,BRN1!,RECONSTRUCTED_FROM_DAILY,See methodology_and_sources.md,94.99,95.07,94.99,95.07,0,USD,8430.31,8437.77,8430.31,8437.77,88.75,india_midday,none,ESTIMATED_FROM_DAILY_OHLC_USING_SESSION_HEURISTICS_NOT_REAL_INTRADAY_DATA
2026-04-14T14:30:00+0530,2026-04-14T14:30:00+0530,14-04-2026,Brent,Brent Crude Oil Futures,ICE,60m,FRONT_MONTH_CONTINUOUS,BRN1!,RECONSTRUCTED_FROM_DAILY,See methodology_and_sources.md,95.07,95.15,95.07,95.15,0,USD,8437.77,8444.92,8437.77,8444.92,88.75,india_midday,none,ESTIMATED_FROM_DAILY_OHLC_USING_SESSION_HEURISTICS_NOT_REAL_INTRADAY_DATA
2026-04-14T15:30:00+0530,2026-04-14T15:30:00+0530,14-04-2026,Brent,Brent Crude Oil Futures,ICE,60m,FRONT_MONTH_CONTINUOUS,BRN1!,RECONSTRUCTED_FROM_DAILY,See methodology_and_sources.md,95.15,95.2,95.15,95.2,0,USD,8444.92,8448.75,8444.92,8448.75,88.75,europe_open,first_30m_after_europe_open,ESTIMATED_FROM_DAILY_OHLC_USING_SESSION_HEURISTICS_NOT_REAL_INTRADAY_DATA
2026-04-14T16:30:00+0530,2026-04-14T16:30:00+0530,14-04-2026,Brent,Brent Crude Oil Futures,ICE,60m,FRONT_MONTH_CONTINUOUS,BRN1!,RECONSTRUCTED_FROM_DAILY,See methodology_and_sources.md,95.2,95.34,95.2,95.34,0,USD,8448.75,8461.74,8448.75,8461.74,88.75,europe_open,none,ESTIMATED_FROM_DAILY_OHLC_USING_SESSION_HEURISTICS_NOT_REAL_INTRADAY_DATA
2026-04-14T17:30:00+0530,2026-04-14T17:30:00+0530,14-04-2026,Brent,Brent Crude Oil Futures,ICE,60m,FRONT_MONTH_CONTINUOUS,BRN1!,RECONSTRUCTED_FROM_DAILY,See methodology_and_sources.md,95.34,95.43,95.34,95.43,0,USD,8461.74,8469.3,8461.74,8469.3,88.75,europe_mid,none,ESTIMATED_FROM_DAILY_OHLC_USING_SESSION_HEURISTICS_NOT_REAL_INTRADAY_DATA
2026-04-14T18:30:00+0530,2026-04-14T18:30:00+0530,14-04-2026,Brent,Brent Crude Oil Futures,ICE,60m,FRONT_MONTH_CONTINUOUS,BRN1!,RECONSTRUCTED_FROM_DAILY,See methodology_and_sources.md,95.43,95.43,95.34,95.34,0,USD,8469.3,8469.3,8461.54,8461.54,88.75,europe_mid,none,ESTIMATED_FROM_DAILY_OHLC_USING_SESSION_HEURISTICS_NOT_REAL_INTRADAY_DATA
2026-04-14T19:30:00+0530,2026-04-14T19:30:00+0530,14-04-2026,Brent,Brent Crude Oil Futures,ICE,60m,FRONT_MONTH_CONTINUOUS,BRN1!,RECONSTRUCTED_FROM_DAILY,See methodology_and_sources.md,95.34,95.41,95.34,95.41,0,USD,8461.54,8467.66,8461.54,8467.66,88.75,europe_mid,none,ESTIMATED_FROM_DAILY_OHLC_USING_SESSION_HEURISTICS_NOT_REAL_INTRADAY_DATA
2026-04-14T20:30:00+0530,2026-04-14T20:30:00+0530,14-04-2026,Brent,Brent Crude Oil Futures,ICE,60m,FRONT_MONTH_CONTINUOUS,BRN1!,RECONSTRUCTED_FROM_DAILY,See methodology_and_sources.md,95.41,95.41,95.38,95.38,0,USD,8467.66,8467.66,8464.64,8464.64,88.75,us_pre_open,none,ESTIMATED_FROM_DAILY_OHLC_USING_SESSION_HEURISTICS_NOT_REAL_INTRADAY_DATA
2026-04-14T21:30:00+0530,2026-04-14T21:30:00+0530,14-04-2026,Brent,Brent Crude Oil Futures,ICE,60m,FRONT_MONTH_CONTINUOUS,BRN1!,RECONSTRUCTED_FROM_DAILY,See methodology_and_sources.md,95.38,95.38,95.38,95.38,0,USD,8464.64,8464.92,8464.64,8464.92,88.75,us_open,first_hour_after_us_open,ESTIMATED_FROM_DAILY_OHLC_USING_SESSION_HEURISTICS_NOT_REAL_INTRADAY_DATA
2026-04-14T22:30:00+0530,2026-04-14T22:30:00+0530,14-04-2026,Brent,Brent Crude Oil Futures,ICE,60m,FRONT_MONTH_CONTINUOUS,BRN1!,RECONSTRUCTED_FROM_DAILY,See methodology_and_sources.md,95.38,95.38,95.29,95.29,0,USD,8464.92,8464.92,8457.04,8457.04,88.75,us_open,final_hour_before_mcx_close,ESTIMATED_FROM_DAILY_OHLC_USING_SESSION_HEURISTICS_NOT_REAL_INTRADAY_DATA
2026-04-14T23:30:00+0530,2026-04-14T23:30:00+0530,14-04-2026,Brent,Brent Crude Oil Futures,ICE,60m,FRONT_MONTH_CONTINUOUS,BRN1!,RECONSTRUCTED_FROM_DAILY,See methodology_and_sources.md,95.29,95.29,93,93,0,USD,8457.04,8457.04,8253.75,8253.75,88.75,mcx_tail,none,ESTIMATED_FROM_DAILY_OHLC_USING_SESSION_HEURISTICS_NOT_REAL_INTRADAY_DATA
2026-04-15T00:30:00+0530,2026-04-15T00:30:00+0530,14-04-2026,Brent,Brent Crude Oil Futures,ICE,60m,FRONT_MONTH_CONTINUOUS,BRN1!,RECONSTRUCTED_FROM_DAILY,See methodology_and_sources.md,93,93,93,93,0,USD,8253.75,8253.75,8253.75,8253.75,88.75,other_valid_hours,none,ESTIMATED_FROM_DAILY_OHLC_USING_SESSION_HEURISTICS_NOT_REAL_INTRADAY_DATA
2026-04-15T03:30:00+0530,2026-04-15T03:30:00+0530,15-04-2026,Brent,Brent Crude Oil Futures,ICE,60m,FRONT_MONTH_CONTINUOUS,BRN1!,RECONSTRUCTED_FROM_DAILY,See methodology_and_sources.md,90,90.04,90,90.04,0,USD,7992,7995.92,7992,7995.92,88.8,global_reopen_pre_mcx,none,ESTIMATED_FROM_DAILY_OHLC_USING_SESSION_HEURISTICS_NOT_REAL_INTRADAY_DATA
2026-04-15T04:30:00+0530,2026-04-15T04:30:00+0530,15-04-2026,Brent,Brent Crude Oil Futures,ICE,60m,FRONT_MONTH_CONTINUOUS,BRN1!,RECONSTRUCTED_FROM_DAILY,See methodology_and_sources.md,90.04,90.04,90.03,90.03,0,USD,7995.92,7995.92,7994.87,7994.87,88.8,global_reopen_pre_mcx,none,ESTIMATED_FROM_DAILY_OHLC_USING_SESSION_HEURISTICS_NOT_REAL_INTRADAY_DATA
2026-04-15T05:30:00+0530,2026-04-15T05:30:00+0530,15-04-2026,Brent,Brent Crude Oil Futures,ICE,60m,FRONT_MONTH_CONTINUOUS,BRN1!,RECONSTRUCTED_FROM_DAILY,See methodology_and_sources.md,90.03,90.03,90,90,0,USD,7994.87,7994.87,7992.19,7992.19,88.8,global_reopen_pre_mcx,none,ESTIMATED_FROM_DAILY_OHLC_USING_SESSION_HEURISTICS_NOT_REAL_INTRADAY_DATA
2026-04-15T06:30:00+0530,2026-04-15T06:30:00+0530,15-04-2026,Brent,Brent Crude Oil Futures,ICE,60m,FRONT_MONTH_CONTINUOUS,BRN1!,RECONSTRUCTED_FROM_DAILY,See methodology_and_sources.md,90,90,90,90,0,USD,7992.19,7992.32,7992.19,7992.32,88.8,global_reopen_pre_mcx,none,ESTIMATED_FROM_DAILY_OHLC_USING_SESSION_HEURISTICS_NOT_REAL_INTRADAY_DATA
2026-04-15T07:30:00+0530,2026-04-15T07:30:00+0530,15-04-2026,Brent,Brent Crude Oil Futures,ICE,60m,FRONT_MONTH_CONTINUOUS,BRN1!,RECONSTRUCTED_FROM_DAILY,See methodology_and_sources.md,90,90.12,90,90.12,0,USD,7992.32,8002.58,7992.32,8002.58,88.8,global_reopen_pre_mcx,none,ESTIMATED_FROM_DAILY_OHLC_USING_SESSION_HEURISTICS_NOT_REAL_INTRADAY_DATA
2026-04-15T08:30:00+0530,2026-04-15T08:30:00+0530,15-04-2026,Brent,Brent Crude Oil Futures,ICE,60m,FRONT_MONTH_CONTINUOUS,BRN1!,RECONSTRUCTED_FROM_DAILY,See methodology_and_sources.md,90.12,90.12,90.05,90.05,0,USD,8002.58,8002.58,7996.32,7996.32,88.8,global_reopen_pre_mcx,none,ESTIMATED_FROM_DAILY_OHLC_USING_SESSION_HEURISTICS_NOT_REAL_INTRADAY_DATA
2026-04-15T09:30:00+0530,2026-04-15T09:30:00+0530,15-04-2026,Brent,Brent Crude Oil Futures,ICE,60m,FRONT_MONTH_CONTINUOUS,BRN1!,RECONSTRUCTED_FROM_DAILY,See methodology_and_sources.md,90.05,90.05,90.04,90.04,0,USD,7996.32,7996.32,7995.11,7995.11,88.8,mcx_open_drive,none,ESTIMATED_FROM_DAILY_OHLC_USING_SESSION_HEURISTICS_NOT_REAL_INTRADAY_DATA
2026-04-15T10:30:00+0530,2026-04-15T10:30:00+0530,15-04-2026,Brent,Brent Crude Oil Futures,ICE,60m,FRONT_MONTH_CONTINUOUS,BRN1!,RECONSTRUCTED_FROM_DAILY,See methodology_and_sources.md,90.04,90.04,90.04,90.04,0,USD,7995.11,7995.96,7995.11,7995.96,88.8,india_morning,none,ESTIMATED_FROM_DAILY_OHLC_USING_SESSION_HEURISTICS_NOT_REAL_INTRADAY_DATA
2026-04-15T11:30:00+0530,2026-04-15T11:30:00+0530,15-04-2026,Brent,Brent Crude Oil Futures,ICE,60m,FRONT_MONTH_CONTINUOUS,BRN1!,RECONSTRUCTED_FROM_DAILY,See methodology_and_sources.md,90.04,90.05,90.04,90.05,0,USD,7995.96,7996.23,7995.96,7996.23,88.8,india_morning,none,ESTIMATED_FROM_DAILY_OHLC_USING_SESSION_HEURISTICS_NOT_REAL_INTRADAY_DATA
2026-04-15T12:30:00+0530,2026-04-15T12:30:00+0530,15-04-2026,Brent,Brent Crude Oil Futures,ICE,60m,FRONT_MONTH_CONTINUOUS,BRN1!,RECONSTRUCTED_FROM_DAILY,See methodology_and_sources.md,90.05,90.05,89.96,89.96,0,USD,7996.23,7996.23,7988.77,7988.77,88.8,india_midday,none,ESTIMATED_FROM_DAILY_OHLC_USING_SESSION_HEURISTICS_NOT_REAL_INTRADAY_DATA
2026-04-15T13:30:00+0530,2026-04-15T13:30:00+0530,15-04-2026,Brent,Brent Crude Oil Futures,ICE,60m,FRONT_MONTH_CONTINUOUS,BRN1!,RECONSTRUCTED_FROM_DAILY,See methodology_and_sources.md,89.96,89.99,89.96,89.99,0,USD,7988.77,7990.75,7988.77,7990.75,88.8,india_midday,none,ESTIMATED_FROM_DAILY_OHLC_USING_SESSION_HEURISTICS_NOT_REAL_INTRADAY_DATA
2026-04-15T14:30:00+0530,2026-04-15T14:30:00+0530,15-04-2026,Brent,Brent Crude Oil Futures,ICE,60m,FRONT_MONTH_CONTINUOUS,BRN1!,RECONSTRUCTED_FROM_DAILY,See methodology_and_sources.md,89.99,89.99,89.97,89.97,0,USD,7990.75,7990.75,7989.07,7989.07,88.8,india_midday,none,ESTIMATED_FROM_DAILY_OHLC_USING_SESSION_HEURISTICS_NOT_REAL_INTRADAY_DATA
2026-04-15T15:30:00+0530,2026-04-15T15:30:00+0530,15-04-2026,Brent,Brent Crude Oil Futures,ICE,60m,FRONT_MONTH_CONTINUOUS,BRN1!,RECONSTRUCTED_FROM_DAILY,See methodology_and_sources.md,89.97,90.02,89.97,90.02,0,USD,7989.07,7993.59,7989.07,7993.59,88.8,europe_open,first_30m_after_europe_open,ESTIMATED_FROM_DAILY_OHLC_USING_SESSION_HEURISTICS_NOT_REAL_INTRADAY_DATA
2026-04-15T16:30:00+0530,2026-04-15T16:30:00+0530,15-04-2026,Brent,Brent Crude Oil Futures,ICE,60m,FRONT_MONTH_CONTINUOUS,BRN1!,RECONSTRUCTED_FROM_DAILY,See methodology_and_sources.md,90.02,90.03,90.02,90.03,0,USD,7993.59,7994.51,7993.59,7994.51,88.8,europe_open,none,ESTIMATED_FROM_DAILY_OHLC_USING_SESSION_HEURISTICS_NOT_REAL_INTRADAY_DATA
2026-04-15T17:30:00+0530,2026-04-15T17:30:00+0530,15-04-2026,Brent,Brent Crude Oil Futures,ICE,60m,FRONT_MONTH_CONTINUOUS,BRN1!,RECONSTRUCTED_FROM_DAILY,See methodology_and_sources.md,90.03,90.06,90.03,90.06,0,USD,7994.51,7997.39,7994.51,7997.39,88.8,europe_mid,none,ESTIMATED_FROM_DAILY_OHLC_USING_SESSION_HEURISTICS_NOT_REAL_INTRADAY_DATA
2026-04-15T18:30:00+0530,2026-04-15T18:30:00+0530,15-04-2026,Brent,Brent Crude Oil Futures,ICE,60m,FRONT_MONTH_CONTINUOUS,BRN1!,RECONSTRUCTED_FROM_DAILY,See methodology_and_sources.md,90.06,90.16,90.06,90.16,0,USD,7997.39,8006.15,7997.39,8006.15,88.8,europe_mid,none,ESTIMATED_FROM_DAILY_OHLC_USING_SESSION_HEURISTICS_NOT_REAL_INTRADAY_DATA
2026-04-15T19:30:00+0530,2026-04-15T19:30:00+0530,15-04-2026,Brent,Brent Crude Oil Futures,ICE,60m,FRONT_MONTH_CONTINUOUS,BRN1!,RECONSTRUCTED_FROM_DAILY,See methodology_and_sources.md,90.16,90.16,90.15,90.15,0,USD,8006.15,8006.15,8005.61,8005.61,88.8,europe_mid,none,ESTIMATED_FROM_DAILY_OHLC_USING_SESSION_HEURISTICS_NOT_REAL_INTRADAY_DATA
2026-04-15T20:30:00+0530,2026-04-15T20:30:00+0530,15-04-2026,Brent,Brent Crude Oil Futures,ICE,60m,FRONT_MONTH_CONTINUOUS,BRN1!,RECONSTRUCTED_FROM_DAILY,See methodology_and_sources.md,90.15,90.17,90.15,90.17,0,USD,8005.61,8007.27,8005.61,8007.27,88.8,us_pre_open,none,ESTIMATED_FROM_DAILY_OHLC_USING_SESSION_HEURISTICS_NOT_REAL_INTRADAY_DATA
2026-04-15T21:30:00+0530,2026-04-15T21:30:00+0530,15-04-2026,Brent,Brent Crude Oil Futures,ICE,60m,FRONT_MONTH_CONTINUOUS,BRN1!,RECONSTRUCTED_FROM_DAILY,See methodology_and_sources.md,90.17,90.22,90.17,90.22,0,USD,8007.27,8011.42,8007.27,8011.42,88.8,us_open,first_hour_after_us_open,ESTIMATED_FROM_DAILY_OHLC_USING_SESSION_HEURISTICS_NOT_REAL_INTRADAY_DATA
2026-04-15T22:30:00+0530,2026-04-15T22:30:00+0530,15-04-2026,Brent,Brent Crude Oil Futures,ICE,60m,FRONT_MONTH_CONTINUOUS,BRN1!,RECONSTRUCTED_FROM_DAILY,See methodology_and_sources.md,90.22,90.22,90.19,90.19,0,USD,8011.42,8011.42,8008.97,8008.97,88.8,us_open,final_hour_before_mcx_close,ESTIMATED_FROM_DAILY_OHLC_USING_SESSION_HEURISTICS_NOT_REAL_INTRADAY_DATA
2026-04-15T23:30:00+0530,2026-04-15T23:30:00+0530,15-04-2026,Brent,Brent Crude Oil Futures,ICE,60m,FRONT_MONTH_CONTINUOUS,BRN1!,RECONSTRUCTED_FROM_DAILY,See methodology_and_sources.md,90.19,91,90.19,91,0,USD,8008.97,8080.8,8008.97,8080.8,88.8,mcx_tail,none,ESTIMATED_FROM_DAILY_OHLC_USING_SESSION_HEURISTICS_NOT_REAL_INTRADAY_DATA
2026-04-16T00:30:00+0530,2026-04-16T00:30:00+0530,15-04-2026,Brent,Brent Crude Oil Futures,ICE,60m,FRONT_MONTH_CONTINUOUS,BRN1!,RECONSTRUCTED_FROM_DAILY,See methodology_and_sources.md,91,91,91,91,0,USD,8080.8,8080.8,8080.8,8080.8,88.8,other_valid_hours,none,ESTIMATED_FROM_DAILY_OHLC_USING_SESSION_HEURISTICS_NOT_REAL_INTRADAY_DATA
2026-04-16T03:30:00+0530,2026-04-16T03:30:00+0530,16-04-2026,Brent,Brent Crude Oil Futures,ICE,60m,FRONT_MONTH_CONTINUOUS,BRN1!,RECONSTRUCTED_FROM_DAILY,See methodology_and_sources.md,91,91,90.98,90.98,0,USD,8085.35,8085.35,8083.94,8083.94,88.85,global_reopen_pre_mcx,none,ESTIMATED_FROM_DAILY_OHLC_USING_SESSION_HEURISTICS_NOT_REAL_INTRADAY_DATA
2026-04-16T04:30:00+0530,2026-04-16T04:30:00+0530,16-04-2026,Brent,Brent Crude Oil Futures,ICE,60m,FRONT_MONTH_CONTINUOUS,BRN1!,RECONSTRUCTED_FROM_DAILY,See methodology_and_sources.md,90.98,91.03,90.98,91.03,0,USD,8083.94,8087.93,8083.94,8087.93,88.85,global_reopen_pre_mcx,none,ESTIMATED_FROM_DAILY_OHLC_USING_SESSION_HEURISTICS_NOT_REAL_INTRADAY_DATA
2026-04-16T05:30:00+0530,2026-04-16T05:30:00+0530,16-04-2026,Brent,Brent Crude Oil Futures,ICE,60m,FRONT_MONTH_CONTINUOUS,BRN1!,RECONSTRUCTED_FROM_DAILY,See methodology_and_sources.md,91.03,91.06,91.03,91.06,0,USD,8087.93,8090.76,8087.93,8090.76,88.85,global_reopen_pre_mcx,none,ESTIMATED_FROM_DAILY_OHLC_USING_SESSION_HEURISTICS_NOT_REAL_INTRADAY_DATA
2026-04-16T06:30:00+0530,2026-04-16T06:30:00+0530,16-04-2026,Brent,Brent Crude Oil Futures,ICE,60m,FRONT_MONTH_CONTINUOUS,BRN1!,RECONSTRUCTED_FROM_DAILY,See methodology_and_sources.md,91.06,91.06,91.01,91.01,0,USD,8090.76,8090.76,8086.64,8086.64,88.85,global_reopen_pre_mcx,none,ESTIMATED_FROM_DAILY_OHLC_USING_SESSION_HEURISTICS_NOT_REAL_INTRADAY_DATA
2026-04-16T07:30:00+0530,2026-04-16T07:30:00+0530,16-04-2026,Brent,Brent Crude Oil Futures,ICE,60m,FRONT_MONTH_CONTINUOUS,BRN1!,RECONSTRUCTED_FROM_DAILY,See methodology_and_sources.md,91.01,91.04,91.01,91.04,0,USD,8086.64,8088.59,8086.64,8088.59,88.85,global_reopen_pre_mcx,none,ESTIMATED_FROM_DAILY_OHLC_USING_SESSION_HEURISTICS_NOT_REAL_INTRADAY_DATA
2026-04-16T08:30:00+0530,2026-04-16T08:30:00+0530,16-04-2026,Brent,Brent Crude Oil Futures,ICE,60m,FRONT_MONTH_CONTINUOUS,BRN1!,RECONSTRUCTED_FROM_DAILY,See methodology_and_sources.md,91.04,91.05,91.04,91.05,0,USD,8088.59,8090.2,8088.59,8090.2,88.85,global_reopen_pre_mcx,none,ESTIMATED_FROM_DAILY_OHLC_USING_SESSION_HEURISTICS_NOT_REAL_INTRADAY_DATA
2026-04-16T09:30:00+0530,2026-04-16T09:30:00+0530,16-04-2026,Brent,Brent Crude Oil Futures,ICE,60m,FRONT_MONTH_CONTINUOUS,BRN1!,RECONSTRUCTED_FROM_DAILY,See methodology_and_sources.md,91.05,91.05,91.04,91.04,0,USD,8090.2,8090.2,8089.26,8089.26,88.85,mcx_open_drive,none,ESTIMATED_FROM_DAILY_OHLC_USING_SESSION_HEURISTICS_NOT_REAL_INTRADAY_DATA
2026-04-16T10:30:00+0530,2026-04-16T10:30:00+0530,16-04-2026,Brent,Brent Crude Oil Futures,ICE,60m,FRONT_MONTH_CONTINUOUS,BRN1!,RECONSTRUCTED_FROM_DAILY,See methodology_and_sources.md,91.04,91.08,91.04,91.08,0,USD,8089.26,8092.2,8089.26,8092.2,88.85,india_morning,none,ESTIMATED_FROM_DAILY_OHLC_USING_SESSION_HEURISTICS_NOT_REAL_INTRADAY_DATA
2026-04-16T11:30:00+0530,2026-04-16T11:30:00+0530,16-04-2026,Brent,Brent Crude Oil Futures,ICE,60m,FRONT_MONTH_CONTINUOUS,BRN1!,RECONSTRUCTED_FROM_DAILY,See methodology_and_sources.md,91.08,91.08,91.08,91.08,0,USD,8092.2,8092.45,8092.2,8092.45,88.85,india_morning,none,ESTIMATED_FROM_DAILY_OHLC_USING_SESSION_HEURISTICS_NOT_REAL_INTRADAY_DATA
2026-04-16T12:30:00+0530,2026-04-16T12:30:00+0530,16-04-2026,Brent,Brent Crude Oil Futures,ICE,60m,FRONT_MONTH_CONTINUOUS,BRN1!,RECONSTRUCTED_FROM_DAILY,See methodology_and_sources.md,91.08,91.08,91.05,91.05,0,USD,8092.45,8092.45,8089.54,8089.54,88.85,india_midday,none,ESTIMATED_FROM_DAILY_OHLC_USING_SESSION_HEURISTICS_NOT_REAL_INTRADAY_DATA
2026-04-16T13:30:00+0530,2026-04-16T13:30:00+0530,16-04-2026,Brent,Brent Crude Oil Futures,ICE,60m,FRONT_MONTH_CONTINUOUS,BRN1!,RECONSTRUCTED_FROM_DAILY,See methodology_and_sources.md,91.05,91.05,90.98,90.98,0,USD,8089.54,8089.54,8083.48,8083.48,88.85,india_midday,none,ESTIMATED_FROM_DAILY_OHLC_USING_SESSION_HEURISTICS_NOT_REAL_INTRADAY_DATA
2026-04-16T14:30:00+0530,2026-04-16T14:30:00+0530,16-04-2026,Brent,Brent Crude Oil Futures,ICE,60m,FRONT_MONTH_CONTINUOUS,BRN1!,RECONSTRUCTED_FROM_DAILY,See methodology_and_sources.md,90.98,90.98,90.94,90.94,0,USD,8083.48,8083.48,8079.89,8079.89,88.85,india_midday,none,ESTIMATED_FROM_DAILY_OHLC_USING_SESSION_HEURISTICS_NOT_REAL_INTRADAY_DATA
2026-04-16T15:30:00+0530,2026-04-16T15:30:00+0530,16-04-2026,Brent,Brent Crude Oil Futures,ICE,60m,FRONT_MONTH_CONTINUOUS,BRN1!,RECONSTRUCTED_FROM_DAILY,See methodology_and_sources.md,90.94,90.94,90.94,90.94,0,USD,8079.89,8080.39,8079.89,8080.39,88.85,europe_open,first_30m_after_europe_open,ESTIMATED_FROM_DAILY_OHLC_USING_SESSION_HEURISTICS_NOT_REAL_INTRADAY_DATA
2026-04-16T16:30:00+0530,2026-04-16T16:30:00+0530,16-04-2026,Brent,Brent Crude Oil Futures,ICE,60m,FRONT_MONTH_CONTINUOUS,BRN1!,RECONSTRUCTED_FROM_DAILY,See methodology_and_sources.md,90.94,90.94,90.85,90.85,0,USD,8080.39,8080.39,8072.29,8072.29,88.85,europe_open,none,ESTIMATED_FROM_DAILY_OHLC_USING_SESSION_HEURISTICS_NOT_REAL_INTRADAY_DATA
2026-04-16T17:30:00+0530,2026-04-16T17:30:00+0530,16-04-2026,Brent,Brent Crude Oil Futures,ICE,60m,FRONT_MONTH_CONTINUOUS,BRN1!,RECONSTRUCTED_FROM_DAILY,See methodology_and_sources.md,90.85,90.91,90.85,90.91,0,USD,8072.29,8077.33,8072.29,8077.33,88.85,europe_mid,none,ESTIMATED_FROM_DAILY_OHLC_USING_SESSION_HEURISTICS_NOT_REAL_INTRADAY_DATA
2026-04-16T18:30:00+0530,2026-04-16T18:30:00+0530,16-04-2026,Brent,Brent Crude Oil Futures,ICE,60m,FRONT_MONTH_CONTINUOUS,BRN1!,RECONSTRUCTED_FROM_DAILY,See methodology_and_sources.md,90.91,90.91,90.89,90.89,0,USD,8077.33,8077.33,8075.42,8075.42,88.85,europe_mid,none,ESTIMATED_FROM_DAILY_OHLC_USING_SESSION_HEURISTICS_NOT_REAL_INTRADAY_DATA
2026-04-16T19:30:00+0530,2026-04-16T19:30:00+0530,16-04-2026,Brent,Brent Crude Oil Futures,ICE,60m,FRONT_MONTH_CONTINUOUS,BRN1!,RECONSTRUCTED_FROM_DAILY,See methodology_and_sources.md,90.89,90.89,90.86,90.86,0,USD,8075.42,8075.42,8073.04,8073.04,88.85,europe_mid,none,ESTIMATED_FROM_DAILY_OHLC_USING_SESSION_HEURISTICS_NOT_REAL_INTRADAY_DATA
2026-04-16T20:30:00+0530,2026-04-16T20:30:00+0530,16-04-2026,Brent,Brent Crude Oil Futures,ICE,60m,FRONT_MONTH_CONTINUOUS,BRN1!,RECONSTRUCTED_FROM_DAILY,See methodology_and_sources.md,90.86,90.88,90.86,90.88,0,USD,8073.04,8074.27,8073.04,8074.27,88.85,us_pre_open,none,ESTIMATED_FROM_DAILY_OHLC_USING_SESSION_HEURISTICS_NOT_REAL_INTRADAY_DATA
2026-04-16T21:30:00+0530,2026-04-16T21:30:00+0530,16-04-2026,Brent,Brent Crude Oil Futures,ICE,60m,FRONT_MONTH_CONTINUOUS,BRN1!,RECONSTRUCTED_FROM_DAILY,See methodology_and_sources.md,90.88,90.88,90.88,90.88,0,USD,8074.27,8074.35,8074.27,8074.35,88.85,us_open,first_hour_after_us_open,ESTIMATED_FROM_DAILY_OHLC_USING_SESSION_HEURISTICS_NOT_REAL_INTRADAY_DATA
2026-04-16T22:30:00+0530,2026-04-16T22:30:00+0530,16-04-2026,Brent,Brent Crude Oil Futures,ICE,60m,FRONT_MONTH_CONTINUOUS,BRN1!,RECONSTRUCTED_FROM_DAILY,See methodology_and_sources.md,90.88,90.88,90.86,90.86,0,USD,8074.35,8074.35,8072.82,8072.82,88.85,us_open,final_hour_before_mcx_close,ESTIMATED_FROM_DAILY_OHLC_USING_SESSION_HEURISTICS_NOT_REAL_INTRADAY_DATA
2026-04-16T23:30:00+0530,2026-04-16T23:30:00+0530,16-04-2026,Brent,Brent Crude Oil Futures,ICE,60m,FRONT_MONTH_CONTINUOUS,BRN1!,RECONSTRUCTED_FROM_DAILY,See methodology_and_sources.md,90.86,91,90.86,91,0,USD,8072.82,8085.35,8072.82,8085.35,88.85,mcx_tail,none,ESTIMATED_FROM_DAILY_OHLC_USING_SESSION_HEURISTICS_NOT_REAL_INTRADAY_DATA
2026-04-17T00:30:00+0530,2026-04-17T00:30:00+0530,16-04-2026,Brent,Brent Crude Oil Futures,ICE,60m,FRONT_MONTH_CONTINUOUS,BRN1!,RECONSTRUCTED_FROM_DAILY,See methodology_and_sources.md,91,91,91,91,0,USD,8085.35,8085.35,8085.35,8085.35,88.85,other_valid_hours,none,ESTIMATED_FROM_DAILY_OHLC_USING_SESSION_HEURISTICS_NOT_REAL_INTRADAY_DATA
2026-04-17T03:30:00+0530,2026-04-17T03:30:00+0530,17-04-2026,Brent,Brent Crude Oil Futures,ICE,60m,FRONT_MONTH_CONTINUOUS,BRN1!,RECONSTRUCTED_FROM_DAILY,See methodology_and_sources.md,91,91,90.95,90.95,0,USD,8089.9,8089.9,8085.27,8085.27,88.9,global_reopen_pre_mcx,none,ESTIMATED_FROM_DAILY_OHLC_USING_SESSION_HEURISTICS_NOT_REAL_INTRADAY_DATA
2026-04-17T04:30:00+0530,2026-04-17T04:30:00+0530,17-04-2026,Brent,Brent Crude Oil Futures,ICE,60m,FRONT_MONTH_CONTINUOUS,BRN1!,RECONSTRUCTED_FROM_DAILY,See methodology_and_sources.md,90.95,90.95,90.94,90.94,0,USD,8085.27,8085.27,8084.39,8084.39,88.9,global_reopen_pre_mcx,none,ESTIMATED_FROM_DAILY_OHLC_USING_SESSION_HEURISTICS_NOT_REAL_INTRADAY_DATA
2026-04-17T05:30:00+0530,2026-04-17T05:30:00+0530,17-04-2026,Brent,Brent Crude Oil Futures,ICE,60m,FRONT_MONTH_CONTINUOUS,BRN1!,RECONSTRUCTED_FROM_DAILY,See methodology_and_sources.md,90.94,90.96,90.94,90.96,0,USD,8084.39,8086.65,8084.39,8086.65,88.9,global_reopen_pre_mcx,none,ESTIMATED_FROM_DAILY_OHLC_USING_SESSION_HEURISTICS_NOT_REAL_INTRADAY_DATA
2026-04-17T06:30:00+0530,2026-04-17T06:30:00+0530,17-04-2026,Brent,Brent Crude Oil Futures,ICE,60m,FRONT_MONTH_CONTINUOUS,BRN1!,RECONSTRUCTED_FROM_DAILY,See methodology_and_sources.md,90.96,90.96,90.93,90.93,0,USD,8086.65,8086.65,8083.95,8083.95,88.9,global_reopen_pre_mcx,none,ESTIMATED_FROM_DAILY_OHLC_USING_SESSION_HEURISTICS_NOT_REAL_INTRADAY_DATA
2026-04-17T07:30:00+0530,2026-04-17T07:30:00+0530,17-04-2026,Brent,Brent Crude Oil Futures,ICE,60m,FRONT_MONTH_CONTINUOUS,BRN1!,RECONSTRUCTED_FROM_DAILY,See methodology_and_sources.md,90.93,90.93,90.76,90.76,0,USD,8083.95,8083.95,8068.57,8068.57,88.9,global_reopen_pre_mcx,none,ESTIMATED_FROM_DAILY_OHLC_USING_SESSION_HEURISTICS_NOT_REAL_INTRADAY_DATA
2026-04-17T08:30:00+0530,2026-04-17T08:30:00+0530,17-04-2026,Brent,Brent Crude Oil Futures,ICE,60m,FRONT_MONTH_CONTINUOUS,BRN1!,RECONSTRUCTED_FROM_DAILY,See methodology_and_sources.md,90.76,90.76,90.76,90.76,0,USD,8068.57,8068.57,8068.18,8068.18,88.9,global_reopen_pre_mcx,none,ESTIMATED_FROM_DAILY_OHLC_USING_SESSION_HEURISTICS_NOT_REAL_INTRADAY_DATA
2026-04-17T09:30:00+0530,2026-04-17T09:30:00+0530,17-04-2026,Brent,Brent Crude Oil Futures,ICE,60m,FRONT_MONTH_CONTINUOUS,BRN1!,RECONSTRUCTED_FROM_DAILY,See methodology_and_sources.md,90.76,90.84,90.76,90.84,0,USD,8068.18,8075.89,8068.18,8075.89,88.9,mcx_open_drive,none,ESTIMATED_FROM_DAILY_OHLC_USING_SESSION_HEURISTICS_NOT_REAL_INTRADAY_DATA
2026-04-17T10:30:00+0530,2026-04-17T10:30:00+0530,17-04-2026,Brent,Brent Crude Oil Futures,ICE,60m,FRONT_MONTH_CONTINUOUS,BRN1!,RECONSTRUCTED_FROM_DAILY,See methodology_and_sources.md,90.84,90.84,90.76,90.76,0,USD,8075.89,8075.89,8068.98,8068.98,88.9,india_morning,none,ESTIMATED_FROM_DAILY_OHLC_USING_SESSION_HEURISTICS_NOT_REAL_INTRADAY_DATA
2026-04-17T11:30:00+0530,2026-04-17T11:30:00+0530,17-04-2026,Brent,Brent Crude Oil Futures,ICE,60m,FRONT_MONTH_CONTINUOUS,BRN1!,RECONSTRUCTED_FROM_DAILY,See methodology_and_sources.md,90.76,90.77,90.76,90.77,0,USD,8068.98,8069.65,8068.98,8069.65,88.9,india_morning,none,ESTIMATED_FROM_DAILY_OHLC_USING_SESSION_HEURISTICS_NOT_REAL_INTRADAY_DATA
2026-04-17T12:30:00+0530,2026-04-17T12:30:00+0530,17-04-2026,Brent,Brent Crude Oil Futures,ICE,60m,FRONT_MONTH_CONTINUOUS,BRN1!,RECONSTRUCTED_FROM_DAILY,See methodology_and_sources.md,90.77,90.81,90.77,90.81,0,USD,8069.65,8073.15,8069.65,8073.15,88.9,india_midday,none,ESTIMATED_FROM_DAILY_OHLC_USING_SESSION_HEURISTICS_NOT_REAL_INTRADAY_DATA
2026-04-17T13:30:00+0530,2026-04-17T13:30:00+0530,17-04-2026,Brent,Brent Crude Oil Futures,ICE,60m,FRONT_MONTH_CONTINUOUS,BRN1!,RECONSTRUCTED_FROM_DAILY,See methodology_and_sources.md,90.81,90.81,90.78,90.78,0,USD,8073.15,8073.15,8070.41,8070.41,88.9,india_midday,none,ESTIMATED_FROM_DAILY_OHLC_USING_SESSION_HEURISTICS_NOT_REAL_INTRADAY_DATA
2026-04-17T14:30:00+0530,2026-04-17T14:30:00+0530,17-04-2026,Brent,Brent Crude Oil Futures,ICE,60m,FRONT_MONTH_CONTINUOUS,BRN1!,RECONSTRUCTED_FROM_DAILY,See methodology_and_sources.md,90.78,90.78,90.78,90.78,0,USD,8070.41,8070.41,8070.17,8070.17,88.9,india_midday,none,ESTIMATED_FROM_DAILY_OHLC_USING_SESSION_HEURISTICS_NOT_REAL_INTRADAY_DATA
2026-04-17T15:30:00+0530,2026-04-17T15:30:00+0530,17-04-2026,Brent,Brent Crude Oil Futures,ICE,60m,FRONT_MONTH_CONTINUOUS,BRN1!,RECONSTRUCTED_FROM_DAILY,See methodology_and_sources.md,90.78,90.78,90.64,90.64,0,USD,8070.17,8070.17,8057.5,8057.5,88.9,europe_open,first_30m_after_europe_open,ESTIMATED_FROM_DAILY_OHLC_USING_SESSION_HEURISTICS_NOT_REAL_INTRADAY_DATA
2026-04-17T16:30:00+0530,2026-04-17T16:30:00+0530,17-04-2026,Brent,Brent Crude Oil Futures,ICE,60m,FRONT_MONTH_CONTINUOUS,BRN1!,RECONSTRUCTED_FROM_DAILY,See methodology_and_sources.md,90.64,90.65,90.64,90.65,0,USD,8057.5,8059.2,8057.5,8059.2,88.9,europe_open,none,ESTIMATED_FROM_DAILY_OHLC_USING_SESSION_HEURISTICS_NOT_REAL_INTRADAY_DATA
2026-04-17T17:30:00+0530,2026-04-17T17:30:00+0530,17-04-2026,Brent,Brent Crude Oil Futures,ICE,60m,FRONT_MONTH_CONTINUOUS,BRN1!,RECONSTRUCTED_FROM_DAILY,See methodology_and_sources.md,90.65,90.67,90.65,90.67,0,USD,8059.2,8061,8059.2,8061,88.9,europe_mid,none,ESTIMATED_FROM_DAILY_OHLC_USING_SESSION_HEURISTICS_NOT_REAL_INTRADAY_DATA
2026-04-17T18:30:00+0530,2026-04-17T18:30:00+0530,17-04-2026,Brent,Brent Crude Oil Futures,ICE,60m,FRONT_MONTH_CONTINUOUS,BRN1!,RECONSTRUCTED_FROM_DAILY,See methodology_and_sources.md,90.67,90.73,90.67,90.73,0,USD,8061,8066.26,8061,8066.26,88.9,europe_mid,none,ESTIMATED_FROM_DAILY_OHLC_USING_SESSION_HEURISTICS_NOT_REAL_INTRADAY_DATA
2026-04-17T19:30:00+0530,2026-04-17T19:30:00+0530,17-04-2026,Brent,Brent Crude Oil Futures,ICE,60m,FRONT_MONTH_CONTINUOUS,BRN1!,RECONSTRUCTED_FROM_DAILY,See methodology_and_sources.md,90.73,90.8,90.73,90.8,0,USD,8066.26,8071.89,8066.26,8071.89,88.9,europe_mid,none,ESTIMATED_FROM_DAILY_OHLC_USING_SESSION_HEURISTICS_NOT_REAL_INTRADAY_DATA
2026-04-17T20:30:00+0530,2026-04-17T20:30:00+0530,17-04-2026,Brent,Brent Crude Oil Futures,ICE,60m,FRONT_MONTH_CONTINUOUS,BRN1!,RECONSTRUCTED_FROM_DAILY,See methodology_and_sources.md,90.8,90.81,90.8,90.81,0,USD,8071.89,8072.65,8071.89,8072.65,88.9,us_pre_open,none,ESTIMATED_FROM_DAILY_OHLC_USING_SESSION_HEURISTICS_NOT_REAL_INTRADAY_DATA
2026-04-17T21:30:00+0530,2026-04-17T21:30:00+0530,17-04-2026,Brent,Brent Crude Oil Futures,ICE,60m,FRONT_MONTH_CONTINUOUS,BRN1!,RECONSTRUCTED_FROM_DAILY,See methodology_and_sources.md,90.81,90.82,90.81,90.82,0,USD,8072.65,8074.01,8072.65,8074.01,88.9,us_open,first_hour_after_us_open,ESTIMATED_FROM_DAILY_OHLC_USING_SESSION_HEURISTICS_NOT_REAL_INTRADAY_DATA
2026-04-17T22:30:00+0530,2026-04-17T22:30:00+0530,17-04-2026,Brent,Brent Crude Oil Futures,ICE,60m,FRONT_MONTH_CONTINUOUS,BRN1!,RECONSTRUCTED_FROM_DAILY,See methodology_and_sources.md,90.82,90.85,90.82,90.85,0,USD,8074.01,8076.43,8074.01,8076.43,88.9,us_open,final_hour_before_mcx_close,ESTIMATED_FROM_DAILY_OHLC_USING_SESSION_HEURISTICS_NOT_REAL_INTRADAY_DATA
2026-04-17T23:30:00+0530,2026-04-17T23:30:00+0530,17-04-2026,Brent,Brent Crude Oil Futures,ICE,60m,FRONT_MONTH_CONTINUOUS,BRN1!,RECONSTRUCTED_FROM_DAILY,See methodology_and_sources.md,90.85,90.85,84,84,0,USD,8076.43,8076.43,7467.6,7467.6,88.9,mcx_tail,none,ESTIMATED_FROM_DAILY_OHLC_USING_SESSION_HEURISTICS_NOT_REAL_INTRADAY_DATA
2026-04-18T00:30:00+0530,2026-04-18T00:30:00+0530,17-04-2026,Brent,Brent Crude Oil Futures,ICE,60m,FRONT_MONTH_CONTINUOUS,BRN1!,RECONSTRUCTED_FROM_DAILY,See methodology_and_sources.md,84,84,84,84,0,USD,7467.6,7467.6,7467.6,7467.6,88.9,other_valid_hours,none,ESTIMATED_FROM_DAILY_OHLC_USING_SESSION_HEURISTICS_NOT_REAL_INTRADAY_DATA
2026-04-20T03:30:00+0530,2026-04-20T03:30:00+0530,20-04-2026,Brent,Brent Crude Oil Futures,ICE,60m,FRONT_MONTH_CONTINUOUS,BRN1!,RECONSTRUCTED_FROM_DAILY,See methodology_and_sources.md,84,84.02,84,84.02,0,USD,7476,7477.84,7476,7477.84,89,global_reopen_pre_mcx,none,ESTIMATED_FROM_DAILY_OHLC_USING_SESSION_HEURISTICS_NOT_REAL_INTRADAY_DATA
2026-04-20T04:30:00+0530,2026-04-20T04:30:00+0530,20-04-2026,Brent,Brent Crude Oil Futures,ICE,60m,FRONT_MONTH_CONTINUOUS,BRN1!,RECONSTRUCTED_FROM_DAILY,See methodology_and_sources.md,84.02,84.02,84.02,84.02,0,USD,7477.84,7477.84,7477.73,7477.73,89,global_reopen_pre_mcx,none,ESTIMATED_FROM_DAILY_OHLC_USING_SESSION_HEURISTICS_NOT_REAL_INTRADAY_DATA
2026-04-20T05:30:00+0530,2026-04-20T05:30:00+0530,20-04-2026,Brent,Brent Crude Oil Futures,ICE,60m,FRONT_MONTH_CONTINUOUS,BRN1!,RECONSTRUCTED_FROM_DAILY,See methodology_and_sources.md,84.02,84.04,84.02,84.04,0,USD,7477.73,7479.36,7477.73,7479.36,89,global_reopen_pre_mcx,none,ESTIMATED_FROM_DAILY_OHLC_USING_SESSION_HEURISTICS_NOT_REAL_INTRADAY_DATA
2026-04-20T06:30:00+0530,2026-04-20T06:30:00+0530,20-04-2026,Brent,Brent Crude Oil Futures,ICE,60m,FRONT_MONTH_CONTINUOUS,BRN1!,RECONSTRUCTED_FROM_DAILY,See methodology_and_sources.md,84.04,84.06,84.04,84.06,0,USD,7479.36,7481.25,7479.36,7481.25,89,global_reopen_pre_mcx,none,ESTIMATED_FROM_DAILY_OHLC_USING_SESSION_HEURISTICS_NOT_REAL_INTRADAY_DATA
2026-04-20T07:30:00+0530,2026-04-20T07:30:00+0530,20-04-2026,Brent,Brent Crude Oil Futures,ICE,60m,FRONT_MONTH_CONTINUOUS,BRN1!,RECONSTRUCTED_FROM_DAILY,See methodology_and_sources.md,84.06,84.07,84.06,84.07,0,USD,7481.25,7482.54,7481.25,7482.54,89,global_reopen_pre_mcx,none,ESTIMATED_FROM_DAILY_OHLC_USING_SESSION_HEURISTICS_NOT_REAL_INTRADAY_DATA
2026-04-20T08:30:00+0530,2026-04-20T08:30:00+0530,20-04-2026,Brent,Brent Crude Oil Futures,ICE,60m,FRONT_MONTH_CONTINUOUS,BRN1!,RECONSTRUCTED_FROM_DAILY,See methodology_and_sources.md,84.07,84.11,84.07,84.11,0,USD,7482.54,7485.99,7482.54,7485.99,89,global_reopen_pre_mcx,none,ESTIMATED_FROM_DAILY_OHLC_USING_SESSION_HEURISTICS_NOT_REAL_INTRADAY_DATA
2026-04-20T09:30:00+0530,2026-04-20T09:30:00+0530,20-04-2026,Brent,Brent Crude Oil Futures,ICE,60m,FRONT_MONTH_CONTINUOUS,BRN1!,RECONSTRUCTED_FROM_DAILY,See methodology_and_sources.md,84.11,84.13,84.11,84.13,0,USD,7485.99,7487.58,7485.99,7487.58,89,mcx_open_drive,none,ESTIMATED_FROM_DAILY_OHLC_USING_SESSION_HEURISTICS_NOT_REAL_INTRADAY_DATA
2026-04-20T10:30:00+0530,2026-04-20T10:30:00+0530,20-04-2026,Brent,Brent Crude Oil Futures,ICE,60m,FRONT_MONTH_CONTINUOUS,BRN1!,RECONSTRUCTED_FROM_DAILY,See methodology_and_sources.md,84.13,84.13,84.13,84.13,0,USD,7487.58,7487.58,7487.16,7487.16,89,india_morning,none,ESTIMATED_FROM_DAILY_OHLC_USING_SESSION_HEURISTICS_NOT_REAL_INTRADAY_DATA
2026-04-20T11:30:00+0530,2026-04-20T11:30:00+0530,20-04-2026,Brent,Brent Crude Oil Futures,ICE,60m,FRONT_MONTH_CONTINUOUS,BRN1!,RECONSTRUCTED_FROM_DAILY,See methodology_and_sources.md,84.13,84.13,84.08,84.08,0,USD,7487.16,7487.16,7482.72,7482.72,89,india_morning,none,ESTIMATED_FROM_DAILY_OHLC_USING_SESSION_HEURISTICS_NOT_REAL_INTRADAY_DATA
2026-04-20T12:30:00+0530,2026-04-20T12:30:00+0530,20-04-2026,Brent,Brent Crude Oil Futures,ICE,60m,FRONT_MONTH_CONTINUOUS,BRN1!,RECONSTRUCTED_FROM_DAILY,See methodology_and_sources.md,84.08,84.08,84.06,84.06,0,USD,7482.72,7482.72,7480.97,7480.97,89,india_midday,none,ESTIMATED_FROM_DAILY_OHLC_USING_SESSION_HEURISTICS_NOT_REAL_INTRADAY_DATA
2026-04-20T13:30:00+0530,2026-04-20T13:30:00+0530,20-04-2026,Brent,Brent Crude Oil Futures,ICE,60m,FRONT_MONTH_CONTINUOUS,BRN1!,RECONSTRUCTED_FROM_DAILY,See methodology_and_sources.md,84.06,84.07,84.06,84.07,0,USD,7480.97,7482.52,7480.97,7482.52,89,india_midday,none,ESTIMATED_FROM_DAILY_OHLC_USING_SESSION_HEURISTICS_NOT_REAL_INTRADAY_DATA
2026-04-20T14:30:00+0530,2026-04-20T14:30:00+0530,20-04-2026,Brent,Brent Crude Oil Futures,ICE,60m,FRONT_MONTH_CONTINUOUS,BRN1!,RECONSTRUCTED_FROM_DAILY,See methodology_and_sources.md,84.07,84.07,84.06,84.06,0,USD,7482.52,7482.52,7481.02,7481.02,89,india_midday,none,ESTIMATED_FROM_DAILY_OHLC_USING_SESSION_HEURISTICS_NOT_REAL_INTRADAY_DATA
2026-04-20T15:30:00+0530,2026-04-20T15:30:00+0530,20-04-2026,Brent,Brent Crude Oil Futures,ICE,60m,FRONT_MONTH_CONTINUOUS,BRN1!,RECONSTRUCTED_FROM_DAILY,See methodology_and_sources.md,84.06,84.08,84.06,84.08,0,USD,7481.02,7482.94,7481.02,7482.94,89,europe_open,first_30m_after_europe_open,ESTIMATED_FROM_DAILY_OHLC_USING_SESSION_HEURISTICS_NOT_REAL_INTRADAY_DATA
2026-04-20T16:30:00+0530,2026-04-20T16:30:00+0530,20-04-2026,Brent,Brent Crude Oil Futures,ICE,60m,FRONT_MONTH_CONTINUOUS,BRN1!,RECONSTRUCTED_FROM_DAILY,See methodology_and_sources.md,84.08,84.08,84.03,84.03,0,USD,7482.94,7482.94,7479.02,7479.02,89,europe_open,none,ESTIMATED_FROM_DAILY_OHLC_USING_SESSION_HEURISTICS_NOT_REAL_INTRADAY_DATA
2026-04-20T17:30:00+0530,2026-04-20T17:30:00+0530,20-04-2026,Brent,Brent Crude Oil Futures,ICE,60m,FRONT_MONTH_CONTINUOUS,BRN1!,RECONSTRUCTED_FROM_DAILY,See methodology_and_sources.md,84.03,84.05,84.03,84.05,0,USD,7479.02,7480.61,7479.02,7480.61,89,europe_mid,none,ESTIMATED_FROM_DAILY_OHLC_USING_SESSION_HEURISTICS_NOT_REAL_INTRADAY_DATA
2026-04-20T18:30:00+0530,2026-04-20T18:30:00+0530,20-04-2026,Brent,Brent Crude Oil Futures,ICE,60m,FRONT_MONTH_CONTINUOUS,BRN1!,RECONSTRUCTED_FROM_DAILY,See methodology_and_sources.md,84.05,84.08,84.05,84.08,0,USD,7480.61,7483.08,7480.61,7483.08,89,europe_mid,none,ESTIMATED_FROM_DAILY_OHLC_USING_SESSION_HEURISTICS_NOT_REAL_INTRADAY_DATA
2026-04-20T19:30:00+0530,2026-04-20T19:30:00+0530,20-04-2026,Brent,Brent Crude Oil Futures,ICE,60m,FRONT_MONTH_CONTINUOUS,BRN1!,RECONSTRUCTED_FROM_DAILY,See methodology_and_sources.md,84.08,84.08,84.04,84.04,0,USD,7483.08,7483.08,7479.91,7479.91,89,europe_mid,none,ESTIMATED_FROM_DAILY_OHLC_USING_SESSION_HEURISTICS_NOT_REAL_INTRADAY_DATA
2026-04-20T20:30:00+0530,2026-04-20T20:30:00+0530,20-04-2026,Brent,Brent Crude Oil Futures,ICE,60m,FRONT_MONTH_CONTINUOUS,BRN1!,RECONSTRUCTED_FROM_DAILY,See methodology_and_sources.md,84.04,84.14,84.04,84.14,0,USD,7479.91,7488.45,7479.91,7488.45,89,us_pre_open,none,ESTIMATED_FROM_DAILY_OHLC_USING_SESSION_HEURISTICS_NOT_REAL_INTRADAY_DATA
2026-04-20T21:30:00+0530,2026-04-20T21:30:00+0530,20-04-2026,Brent,Brent Crude Oil Futures,ICE,60m,FRONT_MONTH_CONTINUOUS,BRN1!,RECONSTRUCTED_FROM_DAILY,See methodology_and_sources.md,84.14,84.14,84.13,84.13,0,USD,7488.45,7488.45,7487.83,7487.83,89,us_open,first_hour_after_us_open,ESTIMATED_FROM_DAILY_OHLC_USING_SESSION_HEURISTICS_NOT_REAL_INTRADAY_DATA
2026-04-20T22:30:00+0530,2026-04-20T22:30:00+0530,20-04-2026,Brent,Brent Crude Oil Futures,ICE,60m,FRONT_MONTH_CONTINUOUS,BRN1!,RECONSTRUCTED_FROM_DAILY,See methodology_and_sources.md,84.13,84.13,84.09,84.09,0,USD,7487.83,7487.83,7483.72,7483.72,89,us_open,final_hour_before_mcx_close,ESTIMATED_FROM_DAILY_OHLC_USING_SESSION_HEURISTICS_NOT_REAL_INTRADAY_DATA
2026-04-20T23:30:00+0530,2026-04-20T23:30:00+0530,20-04-2026,Brent,Brent Crude Oil Futures,ICE,60m,FRONT_MONTH_CONTINUOUS,BRN1!,RECONSTRUCTED_FROM_DAILY,See methodology_and_sources.md,84.09,87,84.09,87,0,USD,7483.72,7743,7483.72,7743,89,mcx_tail,none,ESTIMATED_FROM_DAILY_OHLC_USING_SESSION_HEURISTICS_NOT_REAL_INTRADAY_DATA
2026-04-21T00:30:00+0530,2026-04-21T00:30:00+0530,20-04-2026,Brent,Brent Crude Oil Futures,ICE,60m,FRONT_MONTH_CONTINUOUS,BRN1!,RECONSTRUCTED_FROM_DAILY,See methodology_and_sources.md,87,87,87,87,0,USD,7743,7743,7743,7743,89,other_valid_hours,none,ESTIMATED_FROM_DAILY_OHLC_USING_SESSION_HEURISTICS_NOT_REAL_INTRADAY_DATA
2026-04-21T03:30:00+0530,2026-04-21T03:30:00+0530,21-04-2026,Brent,Brent Crude Oil Futures,ICE,60m,FRONT_MONTH_CONTINUOUS,BRN1!,RECONSTRUCTED_FROM_DAILY,See methodology_and_sources.md,87,87,86.98,86.98,0,USD,7747.35,7747.35,7745.63,7745.63,89.05,global_reopen_pre_mcx,none,ESTIMATED_FROM_DAILY_OHLC_USING_SESSION_HEURISTICS_NOT_REAL_INTRADAY_DATA
2026-04-21T04:30:00+0530,2026-04-21T04:30:00+0530,21-04-2026,Brent,Brent Crude Oil Futures,ICE,60m,FRONT_MONTH_CONTINUOUS,BRN1!,RECONSTRUCTED_FROM_DAILY,See methodology_and_sources.md,86.98,86.98,86.98,86.98,0,USD,7745.63,7745.63,7745.37,7745.37,89.05,global_reopen_pre_mcx,none,ESTIMATED_FROM_DAILY_OHLC_USING_SESSION_HEURISTICS_NOT_REAL_INTRADAY_DATA
2026-04-21T05:30:00+0530,2026-04-21T05:30:00+0530,21-04-2026,Brent,Brent Crude Oil Futures,ICE,60m,FRONT_MONTH_CONTINUOUS,BRN1!,RECONSTRUCTED_FROM_DAILY,See methodology_and_sources.md,86.98,87,86.98,87,0,USD,7745.37,7746.91,7745.37,7746.91,89.05,global_reopen_pre_mcx,none,ESTIMATED_FROM_DAILY_OHLC_USING_SESSION_HEURISTICS_NOT_REAL_INTRADAY_DATA
2026-04-21T06:30:00+0530,2026-04-21T06:30:00+0530,21-04-2026,Brent,Brent Crude Oil Futures,ICE,60m,FRONT_MONTH_CONTINUOUS,BRN1!,RECONSTRUCTED_FROM_DAILY,See methodology_and_sources.md,87,87,86.99,86.99,0,USD,7746.91,7746.91,7746.03,7746.03,89.05,global_reopen_pre_mcx,none,ESTIMATED_FROM_DAILY_OHLC_USING_SESSION_HEURISTICS_NOT_REAL_INTRADAY_DATA
2026-04-21T07:30:00+0530,2026-04-21T07:30:00+0530,21-04-2026,Brent,Brent Crude Oil Futures,ICE,60m,FRONT_MONTH_CONTINUOUS,BRN1!,RECONSTRUCTED_FROM_DAILY,See methodology_and_sources.md,86.99,86.99,86.99,86.99,0,USD,7746.03,7746.34,7746.03,7746.34,89.05,global_reopen_pre_mcx,none,ESTIMATED_FROM_DAILY_OHLC_USING_SESSION_HEURISTICS_NOT_REAL_INTRADAY_DATA
2026-04-21T08:30:00+0530,2026-04-21T08:30:00+0530,21-04-2026,Brent,Brent Crude Oil Futures,ICE,60m,FRONT_MONTH_CONTINUOUS,BRN1!,RECONSTRUCTED_FROM_DAILY,See methodology_and_sources.md,86.99,86.99,86.94,86.94,0,USD,7746.34,7746.34,7741.79,7741.79,89.05,global_reopen_pre_mcx,none,ESTIMATED_FROM_DAILY_OHLC_USING_SESSION_HEURISTICS_NOT_REAL_INTRADAY_DATA
2026-04-21T09:30:00+0530,2026-04-21T09:30:00+0530,21-04-2026,Brent,Brent Crude Oil Futures,ICE,60m,FRONT_MONTH_CONTINUOUS,BRN1!,RECONSTRUCTED_FROM_DAILY,See methodology_and_sources.md,86.94,86.94,86.92,86.92,0,USD,7741.79,7741.79,7740.29,7740.29,89.05,mcx_open_drive,none,ESTIMATED_FROM_DAILY_OHLC_USING_SESSION_HEURISTICS_NOT_REAL_INTRADAY_DATA
2026-04-21T10:30:00+0530,2026-04-21T10:30:00+0530,21-04-2026,Brent,Brent Crude Oil Futures,ICE,60m,FRONT_MONTH_CONTINUOUS,BRN1!,RECONSTRUCTED_FROM_DAILY,See methodology_and_sources.md,86.92,86.95,86.92,86.95,0,USD,7740.29,7743.05,7740.29,7743.05,89.05,india_morning,none,ESTIMATED_FROM_DAILY_OHLC_USING_SESSION_HEURISTICS_NOT_REAL_INTRADAY_DATA
2026-04-21T11:30:00+0530,2026-04-21T11:30:00+0530,21-04-2026,Brent,Brent Crude Oil Futures,ICE,60m,FRONT_MONTH_CONTINUOUS,BRN1!,RECONSTRUCTED_FROM_DAILY,See methodology_and_sources.md,86.95,86.97,86.95,86.97,0,USD,7743.05,7744.48,7743.05,7744.48,89.05,india_morning,none,ESTIMATED_FROM_DAILY_OHLC_USING_SESSION_HEURISTICS_NOT_REAL_INTRADAY_DATA
2026-04-21T12:30:00+0530,2026-04-21T12:30:00+0530,21-04-2026,Brent,Brent Crude Oil Futures,ICE,60m,FRONT_MONTH_CONTINUOUS,BRN1!,RECONSTRUCTED_FROM_DAILY,See methodology_and_sources.md,86.97,86.99,86.97,86.99,0,USD,7744.48,7746.75,7744.48,7746.75,89.05,india_midday,none,ESTIMATED_FROM_DAILY_OHLC_USING_SESSION_HEURISTICS_NOT_REAL_INTRADAY_DATA
2026-04-21T13:30:00+0530,2026-04-21T13:30:00+0530,21-04-2026,Brent,Brent Crude Oil Futures,ICE,60m,FRONT_MONTH_CONTINUOUS,BRN1!,RECONSTRUCTED_FROM_DAILY,See methodology_and_sources.md,86.99,86.99,86.94,86.94,0,USD,7746.75,7746.75,7742.13,7742.13,89.05,india_midday,none,ESTIMATED_FROM_DAILY_OHLC_USING_SESSION_HEURISTICS_NOT_REAL_INTRADAY_DATA
2026-04-21T14:30:00+0530,2026-04-21T14:30:00+0530,21-04-2026,Brent,Brent Crude Oil Futures,ICE,60m,FRONT_MONTH_CONTINUOUS,BRN1!,RECONSTRUCTED_FROM_DAILY,See methodology_and_sources.md,86.94,86.97,86.94,86.97,0,USD,7742.13,7744.92,7742.13,7744.92,89.05,india_midday,none,ESTIMATED_FROM_DAILY_OHLC_USING_SESSION_HEURISTICS_NOT_REAL_INTRADAY_DATA
2026-04-21T15:30:00+0530,2026-04-21T15:30:00+0530,21-04-2026,Brent,Brent Crude Oil Futures,ICE,60m,FRONT_MONTH_CONTINUOUS,BRN1!,RECONSTRUCTED_FROM_DAILY,See methodology_and_sources.md,86.97,86.97,86.97,86.97,0,USD,7744.92,7745,7744.92,7745,89.05,europe_open,first_30m_after_europe_open,ESTIMATED_FROM_DAILY_OHLC_USING_SESSION_HEURISTICS_NOT_REAL_INTRADAY_DATA
2026-04-21T16:30:00+0530,2026-04-21T16:30:00+0530,21-04-2026,Brent,Brent Crude Oil Futures,ICE,60m,FRONT_MONTH_CONTINUOUS,BRN1!,RECONSTRUCTED_FROM_DAILY,See methodology_and_sources.md,86.97,86.97,86.93,86.93,0,USD,7745,7745,7741.48,7741.48,89.05,europe_open,none,ESTIMATED_FROM_DAILY_OHLC_USING_SESSION_HEURISTICS_NOT_REAL_INTRADAY_DATA
2026-04-21T17:30:00+0530,2026-04-21T17:30:00+0530,21-04-2026,Brent,Brent Crude Oil Futures,ICE,60m,FRONT_MONTH_CONTINUOUS,BRN1!,RECONSTRUCTED_FROM_DAILY,See methodology_and_sources.md,86.93,86.96,86.93,86.96,0,USD,7741.48,7743.5,7741.48,7743.5,89.05,europe_mid,none,ESTIMATED_FROM_DAILY_OHLC_USING_SESSION_HEURISTICS_NOT_REAL_INTRADAY_DATA
2026-04-21T18:30:00+0530,2026-04-21T18:30:00+0530,21-04-2026,Brent,Brent Crude Oil Futures,ICE,60m,FRONT_MONTH_CONTINUOUS,BRN1!,RECONSTRUCTED_FROM_DAILY,See methodology_and_sources.md,86.96,86.96,86.92,86.92,0,USD,7743.5,7743.5,7739.95,7739.95,89.05,europe_mid,none,ESTIMATED_FROM_DAILY_OHLC_USING_SESSION_HEURISTICS_NOT_REAL_INTRADAY_DATA
2026-04-21T19:30:00+0530,2026-04-21T19:30:00+0530,21-04-2026,Brent,Brent Crude Oil Futures,ICE,60m,FRONT_MONTH_CONTINUOUS,BRN1!,RECONSTRUCTED_FROM_DAILY,See methodology_and_sources.md,86.92,86.92,86.92,86.92,0,USD,7739.95,7740.17,7739.95,7740.17,89.05,europe_mid,none,ESTIMATED_FROM_DAILY_OHLC_USING_SESSION_HEURISTICS_NOT_REAL_INTRADAY_DATA
2026-04-21T20:30:00+0530,2026-04-21T20:30:00+0530,21-04-2026,Brent,Brent Crude Oil Futures,ICE,60m,FRONT_MONTH_CONTINUOUS,BRN1!,RECONSTRUCTED_FROM_DAILY,See methodology_and_sources.md,86.92,86.92,86.89,86.89,0,USD,7740.17,7740.17,7737.33,7737.33,89.05,us_pre_open,none,ESTIMATED_FROM_DAILY_OHLC_USING_SESSION_HEURISTICS_NOT_REAL_INTRADAY_DATA
2026-04-21T21:30:00+0530,2026-04-21T21:30:00+0530,21-04-2026,Brent,Brent Crude Oil Futures,ICE,60m,FRONT_MONTH_CONTINUOUS,BRN1!,RECONSTRUCTED_FROM_DAILY,See methodology_and_sources.md,86.89,86.89,86.86,86.86,0,USD,7737.33,7737.33,7734.58,7734.58,89.05,us_open,first_hour_after_us_open,ESTIMATED_FROM_DAILY_OHLC_USING_SESSION_HEURISTICS_NOT_REAL_INTRADAY_DATA
2026-04-21T22:30:00+0530,2026-04-21T22:30:00+0530,21-04-2026,Brent,Brent Crude Oil Futures,ICE,60m,FRONT_MONTH_CONTINUOUS,BRN1!,RECONSTRUCTED_FROM_DAILY,See methodology_and_sources.md,86.86,86.86,86.84,86.84,0,USD,7734.58,7734.58,7732.7,7732.7,89.05,us_open,final_hour_before_mcx_close,ESTIMATED_FROM_DAILY_OHLC_USING_SESSION_HEURISTICS_NOT_REAL_INTRADAY_DATA
2026-04-21T23:30:00+0530,2026-04-21T23:30:00+0530,21-04-2026,Brent,Brent Crude Oil Futures,ICE,60m,FRONT_MONTH_CONTINUOUS,BRN1!,RECONSTRUCTED_FROM_DAILY,See methodology_and_sources.md,86.84,89,86.84,89,0,USD,7732.7,7925.45,7732.7,7925.45,89.05,mcx_tail,none,ESTIMATED_FROM_DAILY_OHLC_USING_SESSION_HEURISTICS_NOT_REAL_INTRADAY_DATA
2026-04-22T00:30:00+0530,2026-04-22T00:30:00+0530,21-04-2026,Brent,Brent Crude Oil Futures,ICE,60m,FRONT_MONTH_CONTINUOUS,BRN1!,RECONSTRUCTED_FROM_DAILY,See methodology_and_sources.md,89,89,89,89,0,USD,7925.45,7925.45,7925.45,7925.45,89.05,other_valid_hours,none,ESTIMATED_FROM_DAILY_OHLC_USING_SESSION_HEURISTICS_NOT_REAL_INTRADAY_DATA
2026-04-22T03:30:00+0530,2026-04-22T03:30:00+0530,22-04-2026,Brent,Brent Crude Oil Futures,ICE,60m,FRONT_MONTH_CONTINUOUS,BRN1!,RECONSTRUCTED_FROM_DAILY,See methodology_and_sources.md,89,89,88.99,88.99,0,USD,7929.9,7929.9,7928.9,7928.9,89.1,global_reopen_pre_mcx,none,ESTIMATED_FROM_DAILY_OHLC_USING_SESSION_HEURISTICS_NOT_REAL_INTRADAY_DATA
2026-04-22T04:30:00+0530,2026-04-22T04:30:00+0530,22-04-2026,Brent,Brent Crude Oil Futures,ICE,60m,FRONT_MONTH_CONTINUOUS,BRN1!,RECONSTRUCTED_FROM_DAILY,See methodology_and_sources.md,88.99,88.99,88.99,88.99,0,USD,7928.9,7928.9,7928.72,7928.72,89.1,global_reopen_pre_mcx,none,ESTIMATED_FROM_DAILY_OHLC_USING_SESSION_HEURISTICS_NOT_REAL_INTRADAY_DATA
2026-04-22T05:30:00+0530,2026-04-22T05:30:00+0530,22-04-2026,Brent,Brent Crude Oil Futures,ICE,60m,FRONT_MONTH_CONTINUOUS,BRN1!,RECONSTRUCTED_FROM_DAILY,See methodology_and_sources.md,88.99,88.99,88.99,88.99,0,USD,7928.72,7928.72,7928.6,7928.6,89.1,global_reopen_pre_mcx,none,ESTIMATED_FROM_DAILY_OHLC_USING_SESSION_HEURISTICS_NOT_REAL_INTRADAY_DATA
2026-04-22T06:30:00+0530,2026-04-22T06:30:00+0530,22-04-2026,Brent,Brent Crude Oil Futures,ICE,60m,FRONT_MONTH_CONTINUOUS,BRN1!,RECONSTRUCTED_FROM_DAILY,See methodology_and_sources.md,88.99,88.99,88.98,88.98,0,USD,7928.6,7928.6,7927.82,7927.82,89.1,global_reopen_pre_mcx,none,ESTIMATED_FROM_DAILY_OHLC_USING_SESSION_HEURISTICS_NOT_REAL_INTRADAY_DATA
2026-04-22T07:30:00+0530,2026-04-22T07:30:00+0530,22-04-2026,Brent,Brent Crude Oil Futures,ICE,60m,FRONT_MONTH_CONTINUOUS,BRN1!,RECONSTRUCTED_FROM_DAILY,See methodology_and_sources.md,88.98,88.98,88.98,88.98,0,USD,7927.82,7928.29,7927.82,7928.29,89.1,global_reopen_pre_mcx,none,ESTIMATED_FROM_DAILY_OHLC_USING_SESSION_HEURISTICS_NOT_REAL_INTRADAY_DATA
2026-04-22T08:30:00+0530,2026-04-22T08:30:00+0530,22-04-2026,Brent,Brent Crude Oil Futures,ICE,60m,FRONT_MONTH_CONTINUOUS,BRN1!,RECONSTRUCTED_FROM_DAILY,See methodology_and_sources.md,88.98,88.98,88.95,88.95,0,USD,7928.29,7928.29,7925.66,7925.66,89.1,global_reopen_pre_mcx,none,ESTIMATED_FROM_DAILY_OHLC_USING_SESSION_HEURISTICS_NOT_REAL_INTRADAY_DATA
2026-04-22T09:30:00+0530,2026-04-22T09:30:00+0530,22-04-2026,Brent,Brent Crude Oil Futures,ICE,60m,FRONT_MONTH_CONTINUOUS,BRN1!,RECONSTRUCTED_FROM_DAILY,See methodology_and_sources.md,88.95,89.02,88.95,89.02,0,USD,7925.66,7931.97,7925.66,7931.97,89.1,mcx_open_drive,none,ESTIMATED_FROM_DAILY_OHLC_USING_SESSION_HEURISTICS_NOT_REAL_INTRADAY_DATA
2026-04-22T10:30:00+0530,2026-04-22T10:30:00+0530,22-04-2026,Brent,Brent Crude Oil Futures,ICE,60m,FRONT_MONTH_CONTINUOUS,BRN1!,RECONSTRUCTED_FROM_DAILY,See methodology_and_sources.md,89.02,89.03,89.02,89.03,0,USD,7931.97,7932.44,7931.97,7932.44,89.1,india_morning,none,ESTIMATED_FROM_DAILY_OHLC_USING_SESSION_HEURISTICS_NOT_REAL_INTRADAY_DATA
2026-04-22T11:30:00+0530,2026-04-22T11:30:00+0530,22-04-2026,Brent,Brent Crude Oil Futures,ICE,60m,FRONT_MONTH_CONTINUOUS,BRN1!,RECONSTRUCTED_FROM_DAILY,See methodology_and_sources.md,89.03,89.03,88.99,88.99,0,USD,7932.44,7932.44,7928.61,7928.61,89.1,india_morning,none,ESTIMATED_FROM_DAILY_OHLC_USING_SESSION_HEURISTICS_NOT_REAL_INTRADAY_DATA
2026-04-22T12:30:00+0530,2026-04-22T12:30:00+0530,22-04-2026,Brent,Brent Crude Oil Futures,ICE,60m,FRONT_MONTH_CONTINUOUS,BRN1!,RECONSTRUCTED_FROM_DAILY,See methodology_and_sources.md,88.99,88.99,88.94,88.94,0,USD,7928.61,7928.61,7924.46,7924.46,89.1,india_midday,none,ESTIMATED_FROM_DAILY_OHLC_USING_SESSION_HEURISTICS_NOT_REAL_INTRADAY_DATA
2026-04-22T13:30:00+0530,2026-04-22T13:30:00+0530,22-04-2026,Brent,Brent Crude Oil Futures,ICE,60m,FRONT_MONTH_CONTINUOUS,BRN1!,RECONSTRUCTED_FROM_DAILY,See methodology_and_sources.md,88.94,88.94,88.92,88.92,0,USD,7924.46,7924.46,7923.17,7923.17,89.1,india_midday,none,ESTIMATED_FROM_DAILY_OHLC_USING_SESSION_HEURISTICS_NOT_REAL_INTRADAY_DATA
2026-04-22T14:30:00+0530,2026-04-22T14:30:00+0530,22-04-2026,Brent,Brent Crude Oil Futures,ICE,60m,FRONT_MONTH_CONTINUOUS,BRN1!,RECONSTRUCTED_FROM_DAILY,See methodology_and_sources.md,88.92,88.93,88.92,88.93,0,USD,7923.17,7924.04,7923.17,7924.04,89.1,india_midday,none,ESTIMATED_FROM_DAILY_OHLC_USING_SESSION_HEURISTICS_NOT_REAL_INTRADAY_DATA
2026-04-22T15:30:00+0530,2026-04-22T15:30:00+0530,22-04-2026,Brent,Brent Crude Oil Futures,ICE,60m,FRONT_MONTH_CONTINUOUS,BRN1!,RECONSTRUCTED_FROM_DAILY,See methodology_and_sources.md,88.93,88.93,88.93,88.93,0,USD,7924.04,7924.04,7923.62,7923.62,89.1,europe_open,first_30m_after_europe_open,ESTIMATED_FROM_DAILY_OHLC_USING_SESSION_HEURISTICS_NOT_REAL_INTRADAY_DATA
2026-04-22T16:30:00+0530,2026-04-22T16:30:00+0530,22-04-2026,Brent,Brent Crude Oil Futures,ICE,60m,FRONT_MONTH_CONTINUOUS,BRN1!,RECONSTRUCTED_FROM_DAILY,See methodology_and_sources.md,88.93,88.97,88.93,88.97,0,USD,7923.62,7927.2,7923.62,7927.2,89.1,europe_open,none,ESTIMATED_FROM_DAILY_OHLC_USING_SESSION_HEURISTICS_NOT_REAL_INTRADAY_DATA
2026-04-22T17:30:00+0530,2026-04-22T17:30:00+0530,22-04-2026,Brent,Brent Crude Oil Futures,ICE,60m,FRONT_MONTH_CONTINUOUS,BRN1!,RECONSTRUCTED_FROM_DAILY,See methodology_and_sources.md,88.97,88.97,88.93,88.93,0,USD,7927.2,7927.2,7923.95,7923.95,89.1,europe_mid,none,ESTIMATED_FROM_DAILY_OHLC_USING_SESSION_HEURISTICS_NOT_REAL_INTRADAY_DATA
2026-04-22T18:30:00+0530,2026-04-22T18:30:00+0530,22-04-2026,Brent,Brent Crude Oil Futures,ICE,60m,FRONT_MONTH_CONTINUOUS,BRN1!,RECONSTRUCTED_FROM_DAILY,See methodology_and_sources.md,88.93,88.95,88.93,88.95,0,USD,7923.95,7925.89,7923.95,7925.89,89.1,europe_mid,none,ESTIMATED_FROM_DAILY_OHLC_USING_SESSION_HEURISTICS_NOT_REAL_INTRADAY_DATA
2026-04-22T19:30:00+0530,2026-04-22T19:30:00+0530,22-04-2026,Brent,Brent Crude Oil Futures,ICE,60m,FRONT_MONTH_CONTINUOUS,BRN1!,RECONSTRUCTED_FROM_DAILY,See methodology_and_sources.md,88.95,88.97,88.95,88.97,0,USD,7925.89,7926.88,7925.89,7926.88,89.1,europe_mid,none,ESTIMATED_FROM_DAILY_OHLC_USING_SESSION_HEURISTICS_NOT_REAL_INTRADAY_DATA
2026-04-22T20:30:00+0530,2026-04-22T20:30:00+0530,22-04-2026,Brent,Brent Crude Oil Futures,ICE,60m,FRONT_MONTH_CONTINUOUS,BRN1!,RECONSTRUCTED_FROM_DAILY,See methodology_and_sources.md,88.97,88.97,88.91,88.91,0,USD,7926.88,7926.88,7921.86,7921.86,89.1,us_pre_open,none,ESTIMATED_FROM_DAILY_OHLC_USING_SESSION_HEURISTICS_NOT_REAL_INTRADAY_DATA
2026-04-22T21:30:00+0530,2026-04-22T21:30:00+0530,22-04-2026,Brent,Brent Crude Oil Futures,ICE,60m,FRONT_MONTH_CONTINUOUS,BRN1!,RECONSTRUCTED_FROM_DAILY,See methodology_and_sources.md,88.91,88.91,88.82,88.82,0,USD,7921.86,7921.86,7914.28,7914.28,89.1,us_open,first_hour_after_us_open,ESTIMATED_FROM_DAILY_OHLC_USING_SESSION_HEURISTICS_NOT_REAL_INTRADAY_DATA
2026-04-22T22:30:00+0530,2026-04-22T22:30:00+0530,22-04-2026,Brent,Brent Crude Oil Futures,ICE,60m,FRONT_MONTH_CONTINUOUS,BRN1!,RECONSTRUCTED_FROM_DAILY,See methodology_and_sources.md,88.82,88.82,88.8,88.8,0,USD,7914.28,7914.28,7912.23,7912.23,89.1,us_open,final_hour_before_mcx_close,ESTIMATED_FROM_DAILY_OHLC_USING_SESSION_HEURISTICS_NOT_REAL_INTRADAY_DATA
2026-04-22T23:30:00+0530,2026-04-22T23:30:00+0530,22-04-2026,Brent,Brent Crude Oil Futures,ICE,60m,FRONT_MONTH_CONTINUOUS,BRN1!,RECONSTRUCTED_FROM_DAILY,See methodology_and_sources.md,88.8,93,88.8,93,0,USD,7912.23,8286.3,7912.23,8286.3,89.1,mcx_tail,none,ESTIMATED_FROM_DAILY_OHLC_USING_SESSION_HEURISTICS_NOT_REAL_INTRADAY_DATA
2026-04-23T00:30:00+0530,2026-04-23T00:30:00+0530,22-04-2026,Brent,Brent Crude Oil Futures,ICE,60m,FRONT_MONTH_CONTINUOUS,BRN1!,RECONSTRUCTED_FROM_DAILY,See methodology_and_sources.md,93,93,93,93,0,USD,8286.3,8286.3,8286.3,8286.3,89.1,other_valid_hours,none,ESTIMATED_FROM_DAILY_OHLC_USING_SESSION_HEURISTICS_NOT_REAL_INTRADAY_DATA
2026-04-23T03:30:00+0530,2026-04-23T03:30:00+0530,23-04-2026,Brent,Brent Crude Oil Futures,ICE,60m,FRONT_MONTH_CONTINUOUS,BRN1!,RECONSTRUCTED_FROM_DAILY,See methodology_and_sources.md,93,93,93,93,0,USD,8290.95,8290.95,8290.95,8290.95,89.15,global_reopen_pre_mcx,none,ESTIMATED_FROM_DAILY_OHLC_USING_SESSION_HEURISTICS_NOT_REAL_INTRADAY_DATA
2026-04-23T04:30:00+0530,2026-04-23T04:30:00+0530,23-04-2026,Brent,Brent Crude Oil Futures,ICE,60m,FRONT_MONTH_CONTINUOUS,BRN1!,RECONSTRUCTED_FROM_DAILY,See methodology_and_sources.md,93,93,92.97,92.97,0,USD,8290.95,8290.95,8288.61,8288.61,89.15,global_reopen_pre_mcx,none,ESTIMATED_FROM_DAILY_OHLC_USING_SESSION_HEURISTICS_NOT_REAL_INTRADAY_DATA
2026-04-23T05:30:00+0530,2026-04-23T05:30:00+0530,23-04-2026,Brent,Brent Crude Oil Futures,ICE,60m,FRONT_MONTH_CONTINUOUS,BRN1!,RECONSTRUCTED_FROM_DAILY,See methodology_and_sources.md,92.97,92.97,92.96,92.96,0,USD,8288.61,8288.61,8287.42,8287.42,89.15,global_reopen_pre_mcx,none,ESTIMATED_FROM_DAILY_OHLC_USING_SESSION_HEURISTICS_NOT_REAL_INTRADAY_DATA
2026-04-23T06:30:00+0530,2026-04-23T06:30:00+0530,23-04-2026,Brent,Brent Crude Oil Futures,ICE,60m,FRONT_MONTH_CONTINUOUS,BRN1!,RECONSTRUCTED_FROM_DAILY,See methodology_and_sources.md,92.96,92.97,92.96,92.97,0,USD,8287.42,8287.96,8287.42,8287.96,89.15,global_reopen_pre_mcx,none,ESTIMATED_FROM_DAILY_OHLC_USING_SESSION_HEURISTICS_NOT_REAL_INTRADAY_DATA
2026-04-23T07:30:00+0530,2026-04-23T07:30:00+0530,23-04-2026,Brent,Brent Crude Oil Futures,ICE,60m,FRONT_MONTH_CONTINUOUS,BRN1!,RECONSTRUCTED_FROM_DAILY,See methodology_and_sources.md,92.97,92.97,92.91,92.91,0,USD,8287.96,8287.96,8282.53,8282.53,89.15,global_reopen_pre_mcx,none,ESTIMATED_FROM_DAILY_OHLC_USING_SESSION_HEURISTICS_NOT_REAL_INTRADAY_DATA
2026-04-23T08:30:00+0530,2026-04-23T08:30:00+0530,23-04-2026,Brent,Brent Crude Oil Futures,ICE,60m,FRONT_MONTH_CONTINUOUS,BRN1!,RECONSTRUCTED_FROM_DAILY,See methodology_and_sources.md,92.91,92.91,92.89,92.89,0,USD,8282.53,8282.53,8280.92,8280.92,89.15,global_reopen_pre_mcx,none,ESTIMATED_FROM_DAILY_OHLC_USING_SESSION_HEURISTICS_NOT_REAL_INTRADAY_DATA
2026-04-23T09:30:00+0530,2026-04-23T09:30:00+0530,23-04-2026,Brent,Brent Crude Oil Futures,ICE,60m,FRONT_MONTH_CONTINUOUS,BRN1!,RECONSTRUCTED_FROM_DAILY,See methodology_and_sources.md,92.89,92.89,92.87,92.87,0,USD,8280.92,8280.92,8279.64,8279.64,89.15,mcx_open_drive,none,ESTIMATED_FROM_DAILY_OHLC_USING_SESSION_HEURISTICS_NOT_REAL_INTRADAY_DATA
2026-04-23T10:30:00+0530,2026-04-23T10:30:00+0530,23-04-2026,Brent,Brent Crude Oil Futures,ICE,60m,FRONT_MONTH_CONTINUOUS,BRN1!,RECONSTRUCTED_FROM_DAILY,See methodology_and_sources.md,92.87,92.87,92.85,92.85,0,USD,8279.64,8279.64,8277.51,8277.51,89.15,india_morning,none,ESTIMATED_FROM_DAILY_OHLC_USING_SESSION_HEURISTICS_NOT_REAL_INTRADAY_DATA
2026-04-23T11:30:00+0530,2026-04-23T11:30:00+0530,23-04-2026,Brent,Brent Crude Oil Futures,ICE,60m,FRONT_MONTH_CONTINUOUS,BRN1!,RECONSTRUCTED_FROM_DAILY,See methodology_and_sources.md,92.85,92.85,92.85,92.85,0,USD,8277.51,8277.51,8277.14,8277.14,89.15,india_morning,none,ESTIMATED_FROM_DAILY_OHLC_USING_SESSION_HEURISTICS_NOT_REAL_INTRADAY_DATA
2026-04-23T12:30:00+0530,2026-04-23T12:30:00+0530,23-04-2026,Brent,Brent Crude Oil Futures,ICE,60m,FRONT_MONTH_CONTINUOUS,BRN1!,RECONSTRUCTED_FROM_DAILY,See methodology_and_sources.md,92.85,92.85,92.8,92.8,0,USD,8277.14,8277.14,8273.48,8273.48,89.15,india_midday,none,ESTIMATED_FROM_DAILY_OHLC_USING_SESSION_HEURISTICS_NOT_REAL_INTRADAY_DATA
2026-04-23T13:30:00+0530,2026-04-23T13:30:00+0530,23-04-2026,Brent,Brent Crude Oil Futures,ICE,60m,FRONT_MONTH_CONTINUOUS,BRN1!,RECONSTRUCTED_FROM_DAILY,See methodology_and_sources.md,92.8,92.83,92.8,92.83,0,USD,8273.48,8275.99,8273.48,8275.99,89.15,india_midday,none,ESTIMATED_FROM_DAILY_OHLC_USING_SESSION_HEURISTICS_NOT_REAL_INTRADAY_DATA
2026-04-23T14:30:00+0530,2026-04-23T14:30:00+0530,23-04-2026,Brent,Brent Crude Oil Futures,ICE,60m,FRONT_MONTH_CONTINUOUS,BRN1!,RECONSTRUCTED_FROM_DAILY,See methodology_and_sources.md,92.83,92.83,92.82,92.82,0,USD,8275.99,8275.99,8274.56,8274.56,89.15,india_midday,none,ESTIMATED_FROM_DAILY_OHLC_USING_SESSION_HEURISTICS_NOT_REAL_INTRADAY_DATA
2026-04-23T15:30:00+0530,2026-04-23T15:30:00+0530,23-04-2026,Brent,Brent Crude Oil Futures,ICE,60m,FRONT_MONTH_CONTINUOUS,BRN1!,RECONSTRUCTED_FROM_DAILY,See methodology_and_sources.md,92.82,92.82,92.8,92.8,0,USD,8274.56,8274.56,8273.53,8273.53,89.15,europe_open,first_30m_after_europe_open,ESTIMATED_FROM_DAILY_OHLC_USING_SESSION_HEURISTICS_NOT_REAL_INTRADAY_DATA
2026-04-23T16:30:00+0530,2026-04-23T16:30:00+0530,23-04-2026,Brent,Brent Crude Oil Futures,ICE,60m,FRONT_MONTH_CONTINUOUS,BRN1!,RECONSTRUCTED_FROM_DAILY,See methodology_and_sources.md,92.8,92.85,92.8,92.85,0,USD,8273.53,8277.17,8273.53,8277.17,89.15,europe_open,none,ESTIMATED_FROM_DAILY_OHLC_USING_SESSION_HEURISTICS_NOT_REAL_INTRADAY_DATA
2026-04-23T17:30:00+0530,2026-04-23T17:30:00+0530,23-04-2026,Brent,Brent Crude Oil Futures,ICE,60m,FRONT_MONTH_CONTINUOUS,BRN1!,RECONSTRUCTED_FROM_DAILY,See methodology_and_sources.md,92.85,92.85,92.84,92.84,0,USD,8277.17,8277.17,8276.47,8276.47,89.15,europe_mid,none,ESTIMATED_FROM_DAILY_OHLC_USING_SESSION_HEURISTICS_NOT_REAL_INTRADAY_DATA
2026-04-23T18:30:00+0530,2026-04-23T18:30:00+0530,23-04-2026,Brent,Brent Crude Oil Futures,ICE,60m,FRONT_MONTH_CONTINUOUS,BRN1!,RECONSTRUCTED_FROM_DAILY,See methodology_and_sources.md,92.84,92.84,92.81,92.81,0,USD,8276.47,8276.47,8273.82,8273.82,89.15,europe_mid,none,ESTIMATED_FROM_DAILY_OHLC_USING_SESSION_HEURISTICS_NOT_REAL_INTRADAY_DATA
2026-04-23T19:30:00+0530,2026-04-23T19:30:00+0530,23-04-2026,Brent,Brent Crude Oil Futures,ICE,60m,FRONT_MONTH_CONTINUOUS,BRN1!,RECONSTRUCTED_FROM_DAILY,See methodology_and_sources.md,92.81,92.81,92.8,92.8,0,USD,8273.82,8273.82,8272.91,8272.91,89.15,europe_mid,none,ESTIMATED_FROM_DAILY_OHLC_USING_SESSION_HEURISTICS_NOT_REAL_INTRADAY_DATA
2026-04-23T20:30:00+0530,2026-04-23T20:30:00+0530,23-04-2026,Brent,Brent Crude Oil Futures,ICE,60m,FRONT_MONTH_CONTINUOUS,BRN1!,RECONSTRUCTED_FROM_DAILY,See methodology_and_sources.md,92.8,92.82,92.8,92.82,0,USD,8272.91,8274.52,8272.91,8274.52,89.15,us_pre_open,none,ESTIMATED_FROM_DAILY_OHLC_USING_SESSION_HEURISTICS_NOT_REAL_INTRADAY_DATA
2026-04-23T21:30:00+0530,2026-04-23T21:30:00+0530,23-04-2026,Brent,Brent Crude Oil Futures,ICE,60m,FRONT_MONTH_CONTINUOUS,BRN1!,RECONSTRUCTED_FROM_DAILY,See methodology_and_sources.md,92.82,92.82,92.8,92.8,0,USD,8274.52,8274.52,8272.96,8272.96,89.15,us_open,first_hour_after_us_open,ESTIMATED_FROM_DAILY_OHLC_USING_SESSION_HEURISTICS_NOT_REAL_INTRADAY_DATA
2026-04-23T22:30:00+0530,2026-04-23T22:30:00+0530,23-04-2026,Brent,Brent Crude Oil Futures,ICE,60m,FRONT_MONTH_CONTINUOUS,BRN1!,RECONSTRUCTED_FROM_DAILY,See methodology_and_sources.md,92.8,92.82,92.8,92.82,0,USD,8272.96,8274.78,8272.96,8274.78,89.15,us_open,final_hour_before_mcx_close,ESTIMATED_FROM_DAILY_OHLC_USING_SESSION_HEURISTICS_NOT_REAL_INTRADAY_DATA
2026-04-23T23:30:00+0530,2026-04-23T23:30:00+0530,23-04-2026,Brent,Brent Crude Oil Futures,ICE,60m,FRONT_MONTH_CONTINUOUS,BRN1!,RECONSTRUCTED_FROM_DAILY,See methodology_and_sources.md,92.82,95,92.82,95,0,USD,8274.78,8469.25,8274.78,8469.25,89.15,mcx_tail,none,ESTIMATED_FROM_DAILY_OHLC_USING_SESSION_HEURISTICS_NOT_REAL_INTRADAY_DATA
2026-04-24T00:30:00+0530,2026-04-24T00:30:00+0530,23-04-2026,Brent,Brent Crude Oil Futures,ICE,60m,FRONT_MONTH_CONTINUOUS,BRN1!,RECONSTRUCTED_FROM_DAILY,See methodology_and_sources.md,95,95,95,95,0,USD,8469.25,8469.25,8469.25,8469.25,89.15,other_valid_hours,none,ESTIMATED_FROM_DAILY_OHLC_USING_SESSION_HEURISTICS_NOT_REAL_INTRADAY_DATA
2026-04-24T03:30:00+0530,2026-04-24T03:30:00+0530,24-04-2026,Brent,Brent Crude Oil Futures,ICE,60m,FRONT_MONTH_CONTINUOUS,BRN1!,RECONSTRUCTED_FROM_DAILY,See methodology_and_sources.md,95,95.06,95,95.06,0,USD,8474,8479.47,8474,8479.47,89.2,global_reopen_pre_mcx,none,ESTIMATED_FROM_DAILY_OHLC_USING_SESSION_HEURISTICS_NOT_REAL_INTRADAY_DATA
2026-04-24T04:30:00+0530,2026-04-24T04:30:00+0530,24-04-2026,Brent,Brent Crude Oil Futures,ICE,60m,FRONT_MONTH_CONTINUOUS,BRN1!,RECONSTRUCTED_FROM_DAILY,See methodology_and_sources.md,95.06,95.06,95.02,95.02,0,USD,8479.47,8479.47,8475.64,8475.64,89.2,global_reopen_pre_mcx,none,ESTIMATED_FROM_DAILY_OHLC_USING_SESSION_HEURISTICS_NOT_REAL_INTRADAY_DATA
2026-04-24T05:30:00+0530,2026-04-24T05:30:00+0530,24-04-2026,Brent,Brent Crude Oil Futures,ICE,60m,FRONT_MONTH_CONTINUOUS,BRN1!,RECONSTRUCTED_FROM_DAILY,See methodology_and_sources.md,95.02,95.04,95.02,95.04,0,USD,8475.64,8477.87,8475.64,8477.87,89.2,global_reopen_pre_mcx,none,ESTIMATED_FROM_DAILY_OHLC_USING_SESSION_HEURISTICS_NOT_REAL_INTRADAY_DATA
2026-04-24T06:30:00+0530,2026-04-24T06:30:00+0530,24-04-2026,Brent,Brent Crude Oil Futures,ICE,60m,FRONT_MONTH_CONTINUOUS,BRN1!,RECONSTRUCTED_FROM_DAILY,See methodology_and_sources.md,95.04,95.05,95.04,95.05,0,USD,8477.87,8478.75,8477.87,8478.75,89.2,global_reopen_pre_mcx,none,ESTIMATED_FROM_DAILY_OHLC_USING_SESSION_HEURISTICS_NOT_REAL_INTRADAY_DATA
2026-04-24T07:30:00+0530,2026-04-24T07:30:00+0530,24-04-2026,Brent,Brent Crude Oil Futures,ICE,60m,FRONT_MONTH_CONTINUOUS,BRN1!,RECONSTRUCTED_FROM_DAILY,See methodology_and_sources.md,95.05,95.06,95.05,95.06,0,USD,8478.75,8479.53,8478.75,8479.53,89.2,global_reopen_pre_mcx,none,ESTIMATED_FROM_DAILY_OHLC_USING_SESSION_HEURISTICS_NOT_REAL_INTRADAY_DATA
2026-04-24T08:30:00+0530,2026-04-24T08:30:00+0530,24-04-2026,Brent,Brent Crude Oil Futures,ICE,60m,FRONT_MONTH_CONTINUOUS,BRN1!,RECONSTRUCTED_FROM_DAILY,See methodology_and_sources.md,95.06,95.06,95.05,95.05,0,USD,8479.53,8479.53,8478.89,8478.89,89.2,global_reopen_pre_mcx,none,ESTIMATED_FROM_DAILY_OHLC_USING_SESSION_HEURISTICS_NOT_REAL_INTRADAY_DATA
2026-04-24T09:30:00+0530,2026-04-24T09:30:00+0530,24-04-2026,Brent,Brent Crude Oil Futures,ICE,60m,FRONT_MONTH_CONTINUOUS,BRN1!,RECONSTRUCTED_FROM_DAILY,See methodology_and_sources.md,95.05,95.05,95.03,95.03,0,USD,8478.89,8478.89,8476.78,8476.78,89.2,mcx_open_drive,none,ESTIMATED_FROM_DAILY_OHLC_USING_SESSION_HEURISTICS_NOT_REAL_INTRADAY_DATA
2026-04-24T10:30:00+0530,2026-04-24T10:30:00+0530,24-04-2026,Brent,Brent Crude Oil Futures,ICE,60m,FRONT_MONTH_CONTINUOUS,BRN1!,RECONSTRUCTED_FROM_DAILY,See methodology_and_sources.md,95.03,95.05,95.03,95.05,0,USD,8476.78,8478.47,8476.78,8478.47,89.2,india_morning,none,ESTIMATED_FROM_DAILY_OHLC_USING_SESSION_HEURISTICS_NOT_REAL_INTRADAY_DATA
2026-04-24T11:30:00+0530,2026-04-24T11:30:00+0530,24-04-2026,Brent,Brent Crude Oil Futures,ICE,60m,FRONT_MONTH_CONTINUOUS,BRN1!,RECONSTRUCTED_FROM_DAILY,See methodology_and_sources.md,95.05,95.05,95.04,95.04,0,USD,8478.47,8478.47,8477.4,8477.4,89.2,india_morning,none,ESTIMATED_FROM_DAILY_OHLC_USING_SESSION_HEURISTICS_NOT_REAL_INTRADAY_DATA
2026-04-24T12:30:00+0530,2026-04-24T12:30:00+0530,24-04-2026,Brent,Brent Crude Oil Futures,ICE,60m,FRONT_MONTH_CONTINUOUS,BRN1!,RECONSTRUCTED_FROM_DAILY,See methodology_and_sources.md,95.04,95.04,95.02,95.02,0,USD,8477.4,8477.4,8475.87,8475.87,89.2,india_midday,none,ESTIMATED_FROM_DAILY_OHLC_USING_SESSION_HEURISTICS_NOT_REAL_INTRADAY_DATA
2026-04-24T13:30:00+0530,2026-04-24T13:30:00+0530,24-04-2026,Brent,Brent Crude Oil Futures,ICE,60m,FRONT_MONTH_CONTINUOUS,BRN1!,RECONSTRUCTED_FROM_DAILY,See methodology_and_sources.md,95.02,95.06,95.02,95.06,0,USD,8475.87,8479.67,8475.87,8479.67,89.2,india_midday,none,ESTIMATED_FROM_DAILY_OHLC_USING_SESSION_HEURISTICS_NOT_REAL_INTRADAY_DATA
2026-04-24T14:30:00+0530,2026-04-24T14:30:00+0530,24-04-2026,Brent,Brent Crude Oil Futures,ICE,60m,FRONT_MONTH_CONTINUOUS,BRN1!,RECONSTRUCTED_FROM_DAILY,See methodology_and_sources.md,95.06,95.08,95.06,95.08,0,USD,8479.67,8481.42,8479.67,8481.42,89.2,india_midday,none,ESTIMATED_FROM_DAILY_OHLC_USING_SESSION_HEURISTICS_NOT_REAL_INTRADAY_DATA
2026-04-24T15:30:00+0530,2026-04-24T15:30:00+0530,24-04-2026,Brent,Brent Crude Oil Futures,ICE,60m,FRONT_MONTH_CONTINUOUS,BRN1!,RECONSTRUCTED_FROM_DAILY,See methodology_and_sources.md,95.08,95.08,95.05,95.05,0,USD,8481.42,8481.42,8478.3,8478.3,89.2,europe_open,first_30m_after_europe_open,ESTIMATED_FROM_DAILY_OHLC_USING_SESSION_HEURISTICS_NOT_REAL_INTRADAY_DATA
2026-04-24T16:30:00+0530,2026-04-24T16:30:00+0530,24-04-2026,Brent,Brent Crude Oil Futures,ICE,60m,FRONT_MONTH_CONTINUOUS,BRN1!,RECONSTRUCTED_FROM_DAILY,See methodology_and_sources.md,95.05,95.05,94.98,94.98,0,USD,8478.3,8478.3,8472.47,8472.47,89.2,europe_open,none,ESTIMATED_FROM_DAILY_OHLC_USING_SESSION_HEURISTICS_NOT_REAL_INTRADAY_DATA
2026-04-24T17:30:00+0530,2026-04-24T17:30:00+0530,24-04-2026,Brent,Brent Crude Oil Futures,ICE,60m,FRONT_MONTH_CONTINUOUS,BRN1!,RECONSTRUCTED_FROM_DAILY,See methodology_and_sources.md,94.98,94.98,94.95,94.95,0,USD,8472.47,8472.47,8469.46,8469.46,89.2,europe_mid,none,ESTIMATED_FROM_DAILY_OHLC_USING_SESSION_HEURISTICS_NOT_REAL_INTRADAY_DATA
2026-04-24T18:30:00+0530,2026-04-24T18:30:00+0530,24-04-2026,Brent,Brent Crude Oil Futures,ICE,60m,FRONT_MONTH_CONTINUOUS,BRN1!,RECONSTRUCTED_FROM_DAILY,See methodology_and_sources.md,94.95,94.96,94.95,94.96,0,USD,8469.46,8470.73,8469.46,8470.73,89.2,europe_mid,none,ESTIMATED_FROM_DAILY_OHLC_USING_SESSION_HEURISTICS_NOT_REAL_INTRADAY_DATA
2026-04-24T19:30:00+0530,2026-04-24T19:30:00+0530,24-04-2026,Brent,Brent Crude Oil Futures,ICE,60m,FRONT_MONTH_CONTINUOUS,BRN1!,RECONSTRUCTED_FROM_DAILY,See methodology_and_sources.md,94.96,94.98,94.96,94.98,0,USD,8470.73,8472.61,8470.73,8472.61,89.2,europe_mid,none,ESTIMATED_FROM_DAILY_OHLC_USING_SESSION_HEURISTICS_NOT_REAL_INTRADAY_DATA
2026-04-24T20:30:00+0530,2026-04-24T20:30:00+0530,24-04-2026,Brent,Brent Crude Oil Futures,ICE,60m,FRONT_MONTH_CONTINUOUS,BRN1!,RECONSTRUCTED_FROM_DAILY,See methodology_and_sources.md,94.98,94.98,94.98,94.98,0,USD,8472.61,8472.61,8472,8472,89.2,us_pre_open,none,ESTIMATED_FROM_DAILY_OHLC_USING_SESSION_HEURISTICS_NOT_REAL_INTRADAY_DATA
2026-04-24T21:30:00+0530,2026-04-24T21:30:00+0530,24-04-2026,Brent,Brent Crude Oil Futures,ICE,60m,FRONT_MONTH_CONTINUOUS,BRN1!,RECONSTRUCTED_FROM_DAILY,See methodology_and_sources.md,94.98,94.98,94.98,94.98,0,USD,8472,8472,8471.86,8471.86,89.2,us_open,first_hour_after_us_open,ESTIMATED_FROM_DAILY_OHLC_USING_SESSION_HEURISTICS_NOT_REAL_INTRADAY_DATA
2026-04-24T22:30:00+0530,2026-04-24T22:30:00+0530,24-04-2026,Brent,Brent Crude Oil Futures,ICE,60m,FRONT_MONTH_CONTINUOUS,BRN1!,RECONSTRUCTED_FROM_DAILY,See methodology_and_sources.md,94.98,95,94.98,95,0,USD,8471.86,8473.63,8471.86,8473.63,89.2,us_open,final_hour_before_mcx_close,ESTIMATED_FROM_DAILY_OHLC_USING_SESSION_HEURISTICS_NOT_REAL_INTRADAY_DATA
2026-04-24T23:30:00+0530,2026-04-24T23:30:00+0530,24-04-2026,Brent,Brent Crude Oil Futures,ICE,60m,FRONT_MONTH_CONTINUOUS,BRN1!,RECONSTRUCTED_FROM_DAILY,See methodology_and_sources.md,95,96,95,96,0,USD,8473.63,8563.2,8473.63,8563.2,89.2,mcx_tail,none,ESTIMATED_FROM_DAILY_OHLC_USING_SESSION_HEURISTICS_NOT_REAL_INTRADAY_DATA
2026-04-25T00:30:00+0530,2026-04-25T00:30:00+0530,24-04-2026,Brent,Brent Crude Oil Futures,ICE,60m,FRONT_MONTH_CONTINUOUS,BRN1!,RECONSTRUCTED_FROM_DAILY,See methodology_and_sources.md,96,96,96,96,0,USD,8563.2,8563.2,8563.2,8563.2,89.2,other_valid_hours,none,ESTIMATED_FROM_DAILY_OHLC_USING_SESSION_HEURISTICS_NOT_REAL_INTRADAY_DATA
2026-04-27T03:30:00+0530,2026-04-27T03:30:00+0530,27-04-2026,Brent,Brent Crude Oil Futures,ICE,60m,FRONT_MONTH_CONTINUOUS,BRN1!,RECONSTRUCTED_FROM_DAILY,See methodology_and_sources.md,96,96.01,96,96.01,0,USD,8572.8,8573.8,8572.8,8573.8,89.3,global_reopen_pre_mcx,none,ESTIMATED_FROM_DAILY_OHLC_USING_SESSION_HEURISTICS_NOT_REAL_INTRADAY_DATA
2026-04-27T04:30:00+0530,2026-04-27T04:30:00+0530,27-04-2026,Brent,Brent Crude Oil Futures,ICE,60m,FRONT_MONTH_CONTINUOUS,BRN1!,RECONSTRUCTED_FROM_DAILY,See methodology_and_sources.md,96.01,96.01,95.97,95.97,0,USD,8573.8,8573.8,8570.14,8570.14,89.3,global_reopen_pre_mcx,none,ESTIMATED_FROM_DAILY_OHLC_USING_SESSION_HEURISTICS_NOT_REAL_INTRADAY_DATA
2026-04-27T05:30:00+0530,2026-04-27T05:30:00+0530,27-04-2026,Brent,Brent Crude Oil Futures,ICE,60m,FRONT_MONTH_CONTINUOUS,BRN1!,RECONSTRUCTED_FROM_DAILY,See methodology_and_sources.md,95.97,95.97,95.96,95.96,0,USD,8570.14,8570.14,8568.83,8568.83,89.3,global_reopen_pre_mcx,none,ESTIMATED_FROM_DAILY_OHLC_USING_SESSION_HEURISTICS_NOT_REAL_INTRADAY_DATA
2026-04-27T06:30:00+0530,2026-04-27T06:30:00+0530,27-04-2026,Brent,Brent Crude Oil Futures,ICE,60m,FRONT_MONTH_CONTINUOUS,BRN1!,RECONSTRUCTED_FROM_DAILY,See methodology_and_sources.md,95.96,95.96,95.95,95.95,0,USD,8568.83,8568.83,8568.17,8568.17,89.3,global_reopen_pre_mcx,none,ESTIMATED_FROM_DAILY_OHLC_USING_SESSION_HEURISTICS_NOT_REAL_INTRADAY_DATA
2026-04-27T07:30:00+0530,2026-04-27T07:30:00+0530,27-04-2026,Brent,Brent Crude Oil Futures,ICE,60m,FRONT_MONTH_CONTINUOUS,BRN1!,RECONSTRUCTED_FROM_DAILY,See methodology_and_sources.md,95.95,95.95,95.94,95.94,0,USD,8568.17,8568.17,8567.34,8567.34,89.3,global_reopen_pre_mcx,none,ESTIMATED_FROM_DAILY_OHLC_USING_SESSION_HEURISTICS_NOT_REAL_INTRADAY_DATA
2026-04-27T08:30:00+0530,2026-04-27T08:30:00+0530,27-04-2026,Brent,Brent Crude Oil Futures,ICE,60m,FRONT_MONTH_CONTINUOUS,BRN1!,RECONSTRUCTED_FROM_DAILY,See methodology_and_sources.md,95.94,95.94,95.94,95.94,0,USD,8567.34,8567.66,8567.34,8567.66,89.3,global_reopen_pre_mcx,none,ESTIMATED_FROM_DAILY_OHLC_USING_SESSION_HEURISTICS_NOT_REAL_INTRADAY_DATA
2026-04-27T09:30:00+0530,2026-04-27T09:30:00+0530,27-04-2026,Brent,Brent Crude Oil Futures,ICE,60m,FRONT_MONTH_CONTINUOUS,BRN1!,RECONSTRUCTED_FROM_DAILY,See methodology_and_sources.md,95.94,95.94,95.86,95.86,0,USD,8567.66,8567.66,8560.71,8560.71,89.3,mcx_open_drive,none,ESTIMATED_FROM_DAILY_OHLC_USING_SESSION_HEURISTICS_NOT_REAL_INTRADAY_DATA
2026-04-27T10:30:00+0530,2026-04-27T10:30:00+0530,27-04-2026,Brent,Brent Crude Oil Futures,ICE,60m,FRONT_MONTH_CONTINUOUS,BRN1!,RECONSTRUCTED_FROM_DAILY,See methodology_and_sources.md,95.86,95.86,95.84,95.84,0,USD,8560.71,8560.71,8558.74,8558.74,89.3,india_morning,none,ESTIMATED_FROM_DAILY_OHLC_USING_SESSION_HEURISTICS_NOT_REAL_INTRADAY_DATA
2026-04-27T11:30:00+0530,2026-04-27T11:30:00+0530,27-04-2026,Brent,Brent Crude Oil Futures,ICE,60m,FRONT_MONTH_CONTINUOUS,BRN1!,RECONSTRUCTED_FROM_DAILY,See methodology_and_sources.md,95.84,95.85,95.84,95.85,0,USD,8558.74,8559.42,8558.74,8559.42,89.3,india_morning,none,ESTIMATED_FROM_DAILY_OHLC_USING_SESSION_HEURISTICS_NOT_REAL_INTRADAY_DATA
2026-04-27T12:30:00+0530,2026-04-27T12:30:00+0530,27-04-2026,Brent,Brent Crude Oil Futures,ICE,60m,FRONT_MONTH_CONTINUOUS,BRN1!,RECONSTRUCTED_FROM_DAILY,See methodology_and_sources.md,95.85,95.85,95.82,95.82,0,USD,8559.42,8559.42,8556.46,8556.46,89.3,india_midday,none,ESTIMATED_FROM_DAILY_OHLC_USING_SESSION_HEURISTICS_NOT_REAL_INTRADAY_DATA
2026-04-27T13:30:00+0530,2026-04-27T13:30:00+0530,27-04-2026,Brent,Brent Crude Oil Futures,ICE,60m,FRONT_MONTH_CONTINUOUS,BRN1!,RECONSTRUCTED_FROM_DAILY,See methodology_and_sources.md,95.82,95.82,95.77,95.77,0,USD,8556.46,8556.46,8552.55,8552.55,89.3,india_midday,none,ESTIMATED_FROM_DAILY_OHLC_USING_SESSION_HEURISTICS_NOT_REAL_INTRADAY_DATA
2026-04-27T14:30:00+0530,2026-04-27T14:30:00+0530,27-04-2026,Brent,Brent Crude Oil Futures,ICE,60m,FRONT_MONTH_CONTINUOUS,BRN1!,RECONSTRUCTED_FROM_DAILY,See methodology_and_sources.md,95.77,95.77,95.76,95.76,0,USD,8552.55,8552.55,8551.31,8551.31,89.3,india_midday,none,ESTIMATED_FROM_DAILY_OHLC_USING_SESSION_HEURISTICS_NOT_REAL_INTRADAY_DATA
2026-04-27T15:30:00+0530,2026-04-27T15:30:00+0530,27-04-2026,Brent,Brent Crude Oil Futures,ICE,60m,FRONT_MONTH_CONTINUOUS,BRN1!,RECONSTRUCTED_FROM_DAILY,See methodology_and_sources.md,95.76,95.77,95.76,95.77,0,USD,8551.31,8552.21,8551.31,8552.21,89.3,europe_open,first_30m_after_europe_open,ESTIMATED_FROM_DAILY_OHLC_USING_SESSION_HEURISTICS_NOT_REAL_INTRADAY_DATA
2026-04-27T16:30:00+0530,2026-04-27T16:30:00+0530,27-04-2026,Brent,Brent Crude Oil Futures,ICE,60m,FRONT_MONTH_CONTINUOUS,BRN1!,RECONSTRUCTED_FROM_DAILY,See methodology_and_sources.md,95.77,95.8,95.77,95.8,0,USD,8552.21,8555.2,8552.21,8555.2,89.3,europe_open,none,ESTIMATED_FROM_DAILY_OHLC_USING_SESSION_HEURISTICS_NOT_REAL_INTRADAY_DATA
2026-04-27T17:30:00+0530,2026-04-27T17:30:00+0530,27-04-2026,Brent,Brent Crude Oil Futures,ICE,60m,FRONT_MONTH_CONTINUOUS,BRN1!,RECONSTRUCTED_FROM_DAILY,See methodology_and_sources.md,95.8,95.8,95.73,95.73,0,USD,8555.2,8555.2,8548.8,8548.8,89.3,europe_mid,none,ESTIMATED_FROM_DAILY_OHLC_USING_SESSION_HEURISTICS_NOT_REAL_INTRADAY_DATA
2026-04-27T18:30:00+0530,2026-04-27T18:30:00+0530,27-04-2026,Brent,Brent Crude Oil Futures,ICE,60m,FRONT_MONTH_CONTINUOUS,BRN1!,RECONSTRUCTED_FROM_DAILY,See methodology_and_sources.md,95.73,95.76,95.73,95.76,0,USD,8548.8,8551.73,8548.8,8551.73,89.3,europe_mid,none,ESTIMATED_FROM_DAILY_OHLC_USING_SESSION_HEURISTICS_NOT_REAL_INTRADAY_DATA
2026-04-27T19:30:00+0530,2026-04-27T19:30:00+0530,27-04-2026,Brent,Brent Crude Oil Futures,ICE,60m,FRONT_MONTH_CONTINUOUS,BRN1!,RECONSTRUCTED_FROM_DAILY,See methodology_and_sources.md,95.76,95.76,95.76,95.76,0,USD,8551.73,8551.73,8551.3,8551.3,89.3,europe_mid,none,ESTIMATED_FROM_DAILY_OHLC_USING_SESSION_HEURISTICS_NOT_REAL_INTRADAY_DATA
2026-04-27T20:30:00+0530,2026-04-27T20:30:00+0530,27-04-2026,Brent,Brent Crude Oil Futures,ICE,60m,FRONT_MONTH_CONTINUOUS,BRN1!,RECONSTRUCTED_FROM_DAILY,See methodology_and_sources.md,95.76,95.76,95.73,95.73,0,USD,8551.3,8551.3,8549.11,8549.11,89.3,us_pre_open,none,ESTIMATED_FROM_DAILY_OHLC_USING_SESSION_HEURISTICS_NOT_REAL_INTRADAY_DATA
2026-04-27T21:30:00+0530,2026-04-27T21:30:00+0530,27-04-2026,Brent,Brent Crude Oil Futures,ICE,60m,FRONT_MONTH_CONTINUOUS,BRN1!,RECONSTRUCTED_FROM_DAILY,See methodology_and_sources.md,95.73,95.77,95.73,95.77,0,USD,8549.11,8552.36,8549.11,8552.36,89.3,us_open,first_hour_after_us_open,ESTIMATED_FROM_DAILY_OHLC_USING_SESSION_HEURISTICS_NOT_REAL_INTRADAY_DATA
2026-04-27T22:30:00+0530,2026-04-27T22:30:00+0530,27-04-2026,Brent,Brent Crude Oil Futures,ICE,60m,FRONT_MONTH_CONTINUOUS,BRN1!,RECONSTRUCTED_FROM_DAILY,See methodology_and_sources.md,95.77,95.79,95.77,95.79,0,USD,8552.36,8554.32,8552.36,8554.32,89.3,us_open,final_hour_before_mcx_close,ESTIMATED_FROM_DAILY_OHLC_USING_SESSION_HEURISTICS_NOT_REAL_INTRADAY_DATA
2026-04-27T23:30:00+0530,2026-04-27T23:30:00+0530,27-04-2026,Brent,Brent Crude Oil Futures,ICE,60m,FRONT_MONTH_CONTINUOUS,BRN1!,RECONSTRUCTED_FROM_DAILY,See methodology_and_sources.md,95.79,95.79,94,94,0,USD,8554.32,8554.32,8394.2,8394.2,89.3,mcx_tail,none,ESTIMATED_FROM_DAILY_OHLC_USING_SESSION_HEURISTICS_NOT_REAL_INTRADAY_DATA
2026-04-28T00:30:00+0530,2026-04-28T00:30:00+0530,27-04-2026,Brent,Brent Crude Oil Futures,ICE,60m,FRONT_MONTH_CONTINUOUS,BRN1!,RECONSTRUCTED_FROM_DAILY,See methodology_and_sources.md,94,94,94,94,0,USD,8394.2,8394.2,8394.2,8394.2,89.3,other_valid_hours,none,ESTIMATED_FROM_DAILY_OHLC_USING_SESSION_HEURISTICS_NOT_REAL_INTRADAY_DATA
2026-04-28T03:30:00+0530,2026-04-28T03:30:00+0530,28-04-2026,Brent,Brent Crude Oil Futures,ICE,60m,FRONT_MONTH_CONTINUOUS,BRN1!,RECONSTRUCTED_FROM_DAILY,See methodology_and_sources.md,94,94.01,94,94.01,0,USD,8398.9,8399.54,8398.9,8399.54,89.35,global_reopen_pre_mcx,none,ESTIMATED_FROM_DAILY_OHLC_USING_SESSION_HEURISTICS_NOT_REAL_INTRADAY_DATA
2026-04-28T04:30:00+0530,2026-04-28T04:30:00+0530,28-04-2026,Brent,Brent Crude Oil Futures,ICE,60m,FRONT_MONTH_CONTINUOUS,BRN1!,RECONSTRUCTED_FROM_DAILY,See methodology_and_sources.md,94.01,94.01,94.01,94.01,0,USD,8399.54,8399.54,8399.42,8399.42,89.35,global_reopen_pre_mcx,none,ESTIMATED_FROM_DAILY_OHLC_USING_SESSION_HEURISTICS_NOT_REAL_INTRADAY_DATA
2026-04-28T05:30:00+0530,2026-04-28T05:30:00+0530,28-04-2026,Brent,Brent Crude Oil Futures,ICE,60m,FRONT_MONTH_CONTINUOUS,BRN1!,RECONSTRUCTED_FROM_DAILY,See methodology_and_sources.md,94.01,94.02,94.01,94.02,0,USD,8399.42,8400.41,8399.42,8400.41,89.35,global_reopen_pre_mcx,none,ESTIMATED_FROM_DAILY_OHLC_USING_SESSION_HEURISTICS_NOT_REAL_INTRADAY_DATA
2026-04-28T06:30:00+0530,2026-04-28T06:30:00+0530,28-04-2026,Brent,Brent Crude Oil Futures,ICE,60m,FRONT_MONTH_CONTINUOUS,BRN1!,RECONSTRUCTED_FROM_DAILY,See methodology_and_sources.md,94.02,94.02,93.99,93.99,0,USD,8400.41,8400.41,8398.07,8398.07,89.35,global_reopen_pre_mcx,none,ESTIMATED_FROM_DAILY_OHLC_USING_SESSION_HEURISTICS_NOT_REAL_INTRADAY_DATA
2026-04-28T07:30:00+0530,2026-04-28T07:30:00+0530,28-04-2026,Brent,Brent Crude Oil Futures,ICE,60m,FRONT_MONTH_CONTINUOUS,BRN1!,RECONSTRUCTED_FROM_DAILY,See methodology_and_sources.md,93.99,94,93.99,94,0,USD,8398.07,8398.59,8398.07,8398.59,89.35,global_reopen_pre_mcx,none,ESTIMATED_FROM_DAILY_OHLC_USING_SESSION_HEURISTICS_NOT_REAL_INTRADAY_DATA
2026-04-28T08:30:00+0530,2026-04-28T08:30:00+0530,28-04-2026,Brent,Brent Crude Oil Futures,ICE,60m,FRONT_MONTH_CONTINUOUS,BRN1!,RECONSTRUCTED_FROM_DAILY,See methodology_and_sources.md,94,94,94,94,0,USD,8398.59,8398.98,8398.59,8398.98,89.35,global_reopen_pre_mcx,none,ESTIMATED_FROM_DAILY_OHLC_USING_SESSION_HEURISTICS_NOT_REAL_INTRADAY_DATA
2026-04-28T09:30:00+0530,2026-04-28T09:30:00+0530,28-04-2026,Brent,Brent Crude Oil Futures,ICE,60m,FRONT_MONTH_CONTINUOUS,BRN1!,RECONSTRUCTED_FROM_DAILY,See methodology_and_sources.md,94,94,94,94,0,USD,8398.98,8398.98,8398.64,8398.64,89.35,mcx_open_drive,none,ESTIMATED_FROM_DAILY_OHLC_USING_SESSION_HEURISTICS_NOT_REAL_INTRADAY_DATA
2026-04-28T10:30:00+0530,2026-04-28T10:30:00+0530,28-04-2026,Brent,Brent Crude Oil Futures,ICE,60m,FRONT_MONTH_CONTINUOUS,BRN1!,RECONSTRUCTED_FROM_DAILY,See methodology_and_sources.md,94,94.02,94,94.02,0,USD,8398.64,8400.52,8398.64,8400.52,89.35,india_morning,none,ESTIMATED_FROM_DAILY_OHLC_USING_SESSION_HEURISTICS_NOT_REAL_INTRADAY_DATA
2026-04-28T11:30:00+0530,2026-04-28T11:30:00+0530,28-04-2026,Brent,Brent Crude Oil Futures,ICE,60m,FRONT_MONTH_CONTINUOUS,BRN1!,RECONSTRUCTED_FROM_DAILY,See methodology_and_sources.md,94.02,94.03,94.02,94.03,0,USD,8400.52,8401.75,8400.52,8401.75,89.35,india_morning,none,ESTIMATED_FROM_DAILY_OHLC_USING_SESSION_HEURISTICS_NOT_REAL_INTRADAY_DATA
2026-04-28T12:30:00+0530,2026-04-28T12:30:00+0530,28-04-2026,Brent,Brent Crude Oil Futures,ICE,60m,FRONT_MONTH_CONTINUOUS,BRN1!,RECONSTRUCTED_FROM_DAILY,See methodology_and_sources.md,94.03,94.03,94,94,0,USD,8401.75,8401.75,8398.59,8398.59,89.35,india_midday,none,ESTIMATED_FROM_DAILY_OHLC_USING_SESSION_HEURISTICS_NOT_REAL_INTRADAY_DATA
2026-04-28T13:30:00+0530,2026-04-28T13:30:00+0530,28-04-2026,Brent,Brent Crude Oil Futures,ICE,60m,FRONT_MONTH_CONTINUOUS,BRN1!,RECONSTRUCTED_FROM_DAILY,See methodology_and_sources.md,94,94,93.97,93.97,0,USD,8398.59,8398.59,8396.46,8396.46,89.35,india_midday,none,ESTIMATED_FROM_DAILY_OHLC_USING_SESSION_HEURISTICS_NOT_REAL_INTRADAY_DATA
2026-04-28T14:30:00+0530,2026-04-28T14:30:00+0530,28-04-2026,Brent,Brent Crude Oil Futures,ICE,60m,FRONT_MONTH_CONTINUOUS,BRN1!,RECONSTRUCTED_FROM_DAILY,See methodology_and_sources.md,93.97,93.99,93.97,93.99,0,USD,8396.46,8397.56,8396.46,8397.56,89.35,india_midday,none,ESTIMATED_FROM_DAILY_OHLC_USING_SESSION_HEURISTICS_NOT_REAL_INTRADAY_DATA
2026-04-28T15:30:00+0530,2026-04-28T15:30:00+0530,28-04-2026,Brent,Brent Crude Oil Futures,ICE,60m,FRONT_MONTH_CONTINUOUS,BRN1!,RECONSTRUCTED_FROM_DAILY,See methodology_and_sources.md,93.99,94.01,93.99,94.01,0,USD,8397.56,8399.4,8397.56,8399.4,89.35,europe_open,first_30m_after_europe_open,ESTIMATED_FROM_DAILY_OHLC_USING_SESSION_HEURISTICS_NOT_REAL_INTRADAY_DATA
2026-04-28T16:30:00+0530,2026-04-28T16:30:00+0530,28-04-2026,Brent,Brent Crude Oil Futures,ICE,60m,FRONT_MONTH_CONTINUOUS,BRN1!,RECONSTRUCTED_FROM_DAILY,See methodology_and_sources.md,94.01,94.01,93.99,93.99,0,USD,8399.4,8399.4,8398.19,8398.19,89.35,europe_open,none,ESTIMATED_FROM_DAILY_OHLC_USING_SESSION_HEURISTICS_NOT_REAL_INTRADAY_DATA
2026-04-28T17:30:00+0530,2026-04-28T17:30:00+0530,28-04-2026,Brent,Brent Crude Oil Futures,ICE,60m,FRONT_MONTH_CONTINUOUS,BRN1!,RECONSTRUCTED_FROM_DAILY,See methodology_and_sources.md,93.99,93.99,93.99,93.99,0,USD,8398.19,8398.25,8398.19,8398.25,89.35,europe_mid,none,ESTIMATED_FROM_DAILY_OHLC_USING_SESSION_HEURISTICS_NOT_REAL_INTRADAY_DATA
2026-04-28T18:30:00+0530,2026-04-28T18:30:00+0530,28-04-2026,Brent,Brent Crude Oil Futures,ICE,60m,FRONT_MONTH_CONTINUOUS,BRN1!,RECONSTRUCTED_FROM_DAILY,See methodology_and_sources.md,93.99,93.99,93.98,93.98,0,USD,8398.25,8398.25,8397.1,8397.1,89.35,europe_mid,none,ESTIMATED_FROM_DAILY_OHLC_USING_SESSION_HEURISTICS_NOT_REAL_INTRADAY_DATA
2026-04-28T19:30:00+0530,2026-04-28T19:30:00+0530,28-04-2026,Brent,Brent Crude Oil Futures,ICE,60m,FRONT_MONTH_CONTINUOUS,BRN1!,RECONSTRUCTED_FROM_DAILY,See methodology_and_sources.md,93.98,93.98,93.98,93.98,0,USD,8397.1,8397.1,8396.82,8396.82,89.35,europe_mid,none,ESTIMATED_FROM_DAILY_OHLC_USING_SESSION_HEURISTICS_NOT_REAL_INTRADAY_DATA
2026-04-28T20:30:00+0530,2026-04-28T20:30:00+0530,28-04-2026,Brent,Brent Crude Oil Futures,ICE,60m,FRONT_MONTH_CONTINUOUS,BRN1!,RECONSTRUCTED_FROM_DAILY,See methodology_and_sources.md,93.98,94.01,93.98,94.01,0,USD,8396.82,8399.85,8396.82,8399.85,89.35,us_pre_open,none,ESTIMATED_FROM_DAILY_OHLC_USING_SESSION_HEURISTICS_NOT_REAL_INTRADAY_DATA
2026-04-28T21:30:00+0530,2026-04-28T21:30:00+0530,28-04-2026,Brent,Brent Crude Oil Futures,ICE,60m,FRONT_MONTH_CONTINUOUS,BRN1!,RECONSTRUCTED_FROM_DAILY,See methodology_and_sources.md,94.01,94.02,94.01,94.02,0,USD,8399.85,8400.78,8399.85,8400.78,89.35,us_open,first_hour_after_us_open,ESTIMATED_FROM_DAILY_OHLC_USING_SESSION_HEURISTICS_NOT_REAL_INTRADAY_DATA
2026-04-28T22:30:00+0530,2026-04-28T22:30:00+0530,28-04-2026,Brent,Brent Crude Oil Futures,ICE,60m,FRONT_MONTH_CONTINUOUS,BRN1!,RECONSTRUCTED_FROM_DAILY,See methodology_and_sources.md,94.02,94.02,94.02,94.02,0,USD,8400.78,8400.78,8400.24,8400.24,89.35,us_open,final_hour_before_mcx_close,ESTIMATED_FROM_DAILY_OHLC_USING_SESSION_HEURISTICS_NOT_REAL_INTRADAY_DATA
2026-04-28T23:30:00+0530,2026-04-28T23:30:00+0530,28-04-2026,Brent,Brent Crude Oil Futures,ICE,60m,FRONT_MONTH_CONTINUOUS,BRN1!,RECONSTRUCTED_FROM_DAILY,See methodology_and_sources.md,94.02,96,94.02,96,0,USD,8400.24,8577.6,8400.24,8577.6,89.35,mcx_tail,none,ESTIMATED_FROM_DAILY_OHLC_USING_SESSION_HEURISTICS_NOT_REAL_INTRADAY_DATA
2026-04-29T00:30:00+0530,2026-04-29T00:30:00+0530,28-04-2026,Brent,Brent Crude Oil Futures,ICE,60m,FRONT_MONTH_CONTINUOUS,BRN1!,RECONSTRUCTED_FROM_DAILY,See methodology_and_sources.md,96,96,96,96,0,USD,8577.6,8577.6,8577.6,8577.6,89.35,other_valid_hours,none,ESTIMATED_FROM_DAILY_OHLC_USING_SESSION_HEURISTICS_NOT_REAL_INTRADAY_DATA
2026-04-29T03:30:00+0530,2026-04-29T03:30:00+0530,29-04-2026,Brent,Brent Crude Oil Futures,ICE,60m,FRONT_MONTH_CONTINUOUS,BRN1!,RECONSTRUCTED_FROM_DAILY,See methodology_and_sources.md,96,96.01,96,96.01,0,USD,8582.4,8583.31,8582.4,8583.31,89.4,global_reopen_pre_mcx,none,ESTIMATED_FROM_DAILY_OHLC_USING_SESSION_HEURISTICS_NOT_REAL_INTRADAY_DATA
2026-04-29T04:30:00+0530,2026-04-29T04:30:00+0530,29-04-2026,Brent,Brent Crude Oil Futures,ICE,60m,FRONT_MONTH_CONTINUOUS,BRN1!,RECONSTRUCTED_FROM_DAILY,See methodology_and_sources.md,96.01,96.01,95.98,95.98,0,USD,8583.31,8583.31,8580.82,8580.82,89.4,global_reopen_pre_mcx,none,ESTIMATED_FROM_DAILY_OHLC_USING_SESSION_HEURISTICS_NOT_REAL_INTRADAY_DATA
2026-04-29T05:30:00+0530,2026-04-29T05:30:00+0530,29-04-2026,Brent,Brent Crude Oil Futures,ICE,60m,FRONT_MONTH_CONTINUOUS,BRN1!,RECONSTRUCTED_FROM_DAILY,See methodology_and_sources.md,95.98,95.98,95.98,95.98,0,USD,8580.82,8580.82,8580.77,8580.77,89.4,global_reopen_pre_mcx,none,ESTIMATED_FROM_DAILY_OHLC_USING_SESSION_HEURISTICS_NOT_REAL_INTRADAY_DATA
2026-04-29T06:30:00+0530,2026-04-29T06:30:00+0530,29-04-2026,Brent,Brent Crude Oil Futures,ICE,60m,FRONT_MONTH_CONTINUOUS,BRN1!,RECONSTRUCTED_FROM_DAILY,See methodology_and_sources.md,95.98,96.01,95.98,96.01,0,USD,8580.77,8583.22,8580.77,8583.22,89.4,global_reopen_pre_mcx,none,ESTIMATED_FROM_DAILY_OHLC_USING_SESSION_HEURISTICS_NOT_REAL_INTRADAY_DATA
2026-04-29T07:30:00+0530,2026-04-29T07:30:00+0530,29-04-2026,Brent,Brent Crude Oil Futures,ICE,60m,FRONT_MONTH_CONTINUOUS,BRN1!,RECONSTRUCTED_FROM_DAILY,See methodology_and_sources.md,96.01,96.01,96,96,0,USD,8583.22,8583.22,8582.08,8582.08,89.4,global_reopen_pre_mcx,none,ESTIMATED_FROM_DAILY_OHLC_USING_SESSION_HEURISTICS_NOT_REAL_INTRADAY_DATA
2026-04-29T08:30:00+0530,2026-04-29T08:30:00+0530,29-04-2026,Brent,Brent Crude Oil Futures,ICE,60m,FRONT_MONTH_CONTINUOUS,BRN1!,RECONSTRUCTED_FROM_DAILY,See methodology_and_sources.md,96,96,95.99,95.99,0,USD,8582.08,8582.08,8581.26,8581.26,89.4,global_reopen_pre_mcx,none,ESTIMATED_FROM_DAILY_OHLC_USING_SESSION_HEURISTICS_NOT_REAL_INTRADAY_DATA
2026-04-29T09:30:00+0530,2026-04-29T09:30:00+0530,29-04-2026,Brent,Brent Crude Oil Futures,ICE,60m,FRONT_MONTH_CONTINUOUS,BRN1!,RECONSTRUCTED_FROM_DAILY,See methodology_and_sources.md,95.99,96,95.99,96,0,USD,8581.26,8582.54,8581.26,8582.54,89.4,mcx_open_drive,none,ESTIMATED_FROM_DAILY_OHLC_USING_SESSION_HEURISTICS_NOT_REAL_INTRADAY_DATA
2026-04-29T10:30:00+0530,2026-04-29T10:30:00+0530,29-04-2026,Brent,Brent Crude Oil Futures,ICE,60m,FRONT_MONTH_CONTINUOUS,BRN1!,RECONSTRUCTED_FROM_DAILY,See methodology_and_sources.md,96,96,95.99,95.99,0,USD,8582.54,8582.54,8581.29,8581.29,89.4,india_morning,none,ESTIMATED_FROM_DAILY_OHLC_USING_SESSION_HEURISTICS_NOT_REAL_INTRADAY_DATA
2026-04-29T11:30:00+0530,2026-04-29T11:30:00+0530,29-04-2026,Brent,Brent Crude Oil Futures,ICE,60m,FRONT_MONTH_CONTINUOUS,BRN1!,RECONSTRUCTED_FROM_DAILY,See methodology_and_sources.md,95.99,95.99,95.97,95.97,0,USD,8581.29,8581.29,8580.11,8580.11,89.4,india_morning,none,ESTIMATED_FROM_DAILY_OHLC_USING_SESSION_HEURISTICS_NOT_REAL_INTRADAY_DATA
2026-04-29T12:30:00+0530,2026-04-29T12:30:00+0530,29-04-2026,Brent,Brent Crude Oil Futures,ICE,60m,FRONT_MONTH_CONTINUOUS,BRN1!,RECONSTRUCTED_FROM_DAILY,See methodology_and_sources.md,95.97,95.97,95.97,95.97,0,USD,8580.11,8580.11,8579.76,8579.76,89.4,india_midday,none,ESTIMATED_FROM_DAILY_OHLC_USING_SESSION_HEURISTICS_NOT_REAL_INTRADAY_DATA
2026-04-29T13:30:00+0530,2026-04-29T13:30:00+0530,29-04-2026,Brent,Brent Crude Oil Futures,ICE,60m,FRONT_MONTH_CONTINUOUS,BRN1!,RECONSTRUCTED_FROM_DAILY,See methodology_and_sources.md,95.97,95.97,95.95,95.95,0,USD,8579.76,8579.76,8577.61,8577.61,89.4,india_midday,none,ESTIMATED_FROM_DAILY_OHLC_USING_SESSION_HEURISTICS_NOT_REAL_INTRADAY_DATA
2026-04-29T14:30:00+0530,2026-04-29T14:30:00+0530,29-04-2026,Brent,Brent Crude Oil Futures,ICE,60m,FRONT_MONTH_CONTINUOUS,BRN1!,RECONSTRUCTED_FROM_DAILY,See methodology_and_sources.md,95.95,95.95,95.91,95.91,0,USD,8577.61,8577.61,8574.29,8574.29,89.4,india_midday,none,ESTIMATED_FROM_DAILY_OHLC_USING_SESSION_HEURISTICS_NOT_REAL_INTRADAY_DATA
2026-04-29T15:30:00+0530,2026-04-29T15:30:00+0530,29-04-2026,Brent,Brent Crude Oil Futures,ICE,60m,FRONT_MONTH_CONTINUOUS,BRN1!,RECONSTRUCTED_FROM_DAILY,See methodology_and_sources.md,95.91,95.97,95.91,95.97,0,USD,8574.29,8579.27,8574.29,8579.27,89.4,europe_open,first_30m_after_europe_open,ESTIMATED_FROM_DAILY_OHLC_USING_SESSION_HEURISTICS_NOT_REAL_INTRADAY_DATA
2026-04-29T16:30:00+0530,2026-04-29T16:30:00+0530,29-04-2026,Brent,Brent Crude Oil Futures,ICE,60m,FRONT_MONTH_CONTINUOUS,BRN1!,RECONSTRUCTED_FROM_DAILY,See methodology_and_sources.md,95.97,96.03,95.97,96.03,0,USD,8579.27,8585.3,8579.27,8585.3,89.4,europe_open,none,ESTIMATED_FROM_DAILY_OHLC_USING_SESSION_HEURISTICS_NOT_REAL_INTRADAY_DATA
2026-04-29T17:30:00+0530,2026-04-29T17:30:00+0530,29-04-2026,Brent,Brent Crude Oil Futures,ICE,60m,FRONT_MONTH_CONTINUOUS,BRN1!,RECONSTRUCTED_FROM_DAILY,See methodology_and_sources.md,96.03,96.03,96.02,96.02,0,USD,8585.3,8585.3,8584.13,8584.13,89.4,europe_mid,none,ESTIMATED_FROM_DAILY_OHLC_USING_SESSION_HEURISTICS_NOT_REAL_INTRADAY_DATA
2026-04-29T18:30:00+0530,2026-04-29T18:30:00+0530,29-04-2026,Brent,Brent Crude Oil Futures,ICE,60m,FRONT_MONTH_CONTINUOUS,BRN1!,RECONSTRUCTED_FROM_DAILY,See methodology_and_sources.md,96.02,96.05,96.02,96.05,0,USD,8584.13,8586.71,8584.13,8586.71,89.4,europe_mid,none,ESTIMATED_FROM_DAILY_OHLC_USING_SESSION_HEURISTICS_NOT_REAL_INTRADAY_DATA
2026-04-29T19:30:00+0530,2026-04-29T19:30:00+0530,29-04-2026,Brent,Brent Crude Oil Futures,ICE,60m,FRONT_MONTH_CONTINUOUS,BRN1!,RECONSTRUCTED_FROM_DAILY,See methodology_and_sources.md,96.05,96.08,96.05,96.08,0,USD,8586.71,8589.63,8586.71,8589.63,89.4,europe_mid,none,ESTIMATED_FROM_DAILY_OHLC_USING_SESSION_HEURISTICS_NOT_REAL_INTRADAY_DATA
2026-04-29T20:30:00+0530,2026-04-29T20:30:00+0530,29-04-2026,Brent,Brent Crude Oil Futures,ICE,60m,FRONT_MONTH_CONTINUOUS,BRN1!,RECONSTRUCTED_FROM_DAILY,See methodology_and_sources.md,96.08,96.08,96.03,96.03,0,USD,8589.63,8589.63,8585.15,8585.15,89.4,us_pre_open,none,ESTIMATED_FROM_DAILY_OHLC_USING_SESSION_HEURISTICS_NOT_REAL_INTRADAY_DATA
2026-04-29T21:30:00+0530,2026-04-29T21:30:00+0530,29-04-2026,Brent,Brent Crude Oil Futures,ICE,60m,FRONT_MONTH_CONTINUOUS,BRN1!,RECONSTRUCTED_FROM_DAILY,See methodology_and_sources.md,96.03,96.08,96.03,96.08,0,USD,8585.15,8589.65,8585.15,8589.65,89.4,us_open,first_hour_after_us_open,ESTIMATED_FROM_DAILY_OHLC_USING_SESSION_HEURISTICS_NOT_REAL_INTRADAY_DATA
2026-04-29T22:30:00+0530,2026-04-29T22:30:00+0530,29-04-2026,Brent,Brent Crude Oil Futures,ICE,60m,FRONT_MONTH_CONTINUOUS,BRN1!,RECONSTRUCTED_FROM_DAILY,See methodology_and_sources.md,96.08,96.12,96.08,96.12,0,USD,8589.65,8593.08,8589.65,8593.08,89.4,us_open,final_hour_before_mcx_close,ESTIMATED_FROM_DAILY_OHLC_USING_SESSION_HEURISTICS_NOT_REAL_INTRADAY_DATA
2026-04-29T23:30:00+0530,2026-04-29T23:30:00+0530,29-04-2026,Brent,Brent Crude Oil Futures,ICE,60m,FRONT_MONTH_CONTINUOUS,BRN1!,RECONSTRUCTED_FROM_DAILY,See methodology_and_sources.md,96.12,99,96.12,99,0,USD,8593.08,8850.6,8593.08,8850.6,89.4,mcx_tail,none,ESTIMATED_FROM_DAILY_OHLC_USING_SESSION_HEURISTICS_NOT_REAL_INTRADAY_DATA
2026-04-30T00:30:00+0530,2026-04-30T00:30:00+0530,29-04-2026,Brent,Brent Crude Oil Futures,ICE,60m,FRONT_MONTH_CONTINUOUS,BRN1!,RECONSTRUCTED_FROM_DAILY,See methodology_and_sources.md,99,99,99,99,0,USD,8850.6,8850.6,8850.6,8850.6,89.4,other_valid_hours,none,ESTIMATED_FROM_DAILY_OHLC_USING_SESSION_HEURISTICS_NOT_REAL_INTRADAY_DATA
2026-04-30T03:30:00+0530,2026-04-30T03:30:00+0530,30-04-2026,Brent,Brent Crude Oil Futures,ICE,60m,FRONT_MONTH_CONTINUOUS,BRN1!,RECONSTRUCTED_FROM_DAILY,See methodology_and_sources.md,99,99,98.98,98.98,0,USD,8855.55,8855.55,8853.61,8853.61,89.45,global_reopen_pre_mcx,none,ESTIMATED_FROM_DAILY_OHLC_USING_SESSION_HEURISTICS_NOT_REAL_INTRADAY_DATA
2026-04-30T04:30:00+0530,2026-04-30T04:30:00+0530,30-04-2026,Brent,Brent Crude Oil Futures,ICE,60m,FRONT_MONTH_CONTINUOUS,BRN1!,RECONSTRUCTED_FROM_DAILY,See methodology_and_sources.md,98.98,98.98,98.93,98.93,0,USD,8853.61,8853.61,8849.27,8849.27,89.45,global_reopen_pre_mcx,none,ESTIMATED_FROM_DAILY_OHLC_USING_SESSION_HEURISTICS_NOT_REAL_INTRADAY_DATA
2026-04-30T05:30:00+0530,2026-04-30T05:30:00+0530,30-04-2026,Brent,Brent Crude Oil Futures,ICE,60m,FRONT_MONTH_CONTINUOUS,BRN1!,RECONSTRUCTED_FROM_DAILY,See methodology_and_sources.md,98.93,98.93,98.91,98.91,0,USD,8849.27,8849.27,8847.71,8847.71,89.45,global_reopen_pre_mcx,none,ESTIMATED_FROM_DAILY_OHLC_USING_SESSION_HEURISTICS_NOT_REAL_INTRADAY_DATA
2026-04-30T06:30:00+0530,2026-04-30T06:30:00+0530,30-04-2026,Brent,Brent Crude Oil Futures,ICE,60m,FRONT_MONTH_CONTINUOUS,BRN1!,RECONSTRUCTED_FROM_DAILY,See methodology_and_sources.md,98.91,98.96,98.91,98.96,0,USD,8847.71,8851.65,8847.71,8851.65,89.45,global_reopen_pre_mcx,none,ESTIMATED_FROM_DAILY_OHLC_USING_SESSION_HEURISTICS_NOT_REAL_INTRADAY_DATA
2026-04-30T07:30:00+0530,2026-04-30T07:30:00+0530,30-04-2026,Brent,Brent Crude Oil Futures,ICE,60m,FRONT_MONTH_CONTINUOUS,BRN1!,RECONSTRUCTED_FROM_DAILY,See methodology_and_sources.md,98.96,98.96,98.96,98.96,0,USD,8851.65,8851.91,8851.65,8851.91,89.45,global_reopen_pre_mcx,none,ESTIMATED_FROM_DAILY_OHLC_USING_SESSION_HEURISTICS_NOT_REAL_INTRADAY_DATA
2026-04-30T08:30:00+0530,2026-04-30T08:30:00+0530,30-04-2026,Brent,Brent Crude Oil Futures,ICE,60m,FRONT_MONTH_CONTINUOUS,BRN1!,RECONSTRUCTED_FROM_DAILY,See methodology_and_sources.md,98.96,98.98,98.96,98.98,0,USD,8851.91,8853.85,8851.91,8853.85,89.45,global_reopen_pre_mcx,none,ESTIMATED_FROM_DAILY_OHLC_USING_SESSION_HEURISTICS_NOT_REAL_INTRADAY_DATA
2026-04-30T09:30:00+0530,2026-04-30T09:30:00+0530,30-04-2026,Brent,Brent Crude Oil Futures,ICE,60m,FRONT_MONTH_CONTINUOUS,BRN1!,RECONSTRUCTED_FROM_DAILY,See methodology_and_sources.md,98.98,98.98,98.97,98.97,0,USD,8853.85,8853.85,8852.47,8852.47,89.45,mcx_open_drive,none,ESTIMATED_FROM_DAILY_OHLC_USING_SESSION_HEURISTICS_NOT_REAL_INTRADAY_DATA
2026-04-30T10:30:00+0530,2026-04-30T10:30:00+0530,30-04-2026,Brent,Brent Crude Oil Futures,ICE,60m,FRONT_MONTH_CONTINUOUS,BRN1!,RECONSTRUCTED_FROM_DAILY,See methodology_and_sources.md,98.97,98.97,98.97,98.97,0,USD,8852.47,8853.05,8852.47,8853.05,89.45,india_morning,none,ESTIMATED_FROM_DAILY_OHLC_USING_SESSION_HEURISTICS_NOT_REAL_INTRADAY_DATA
2026-04-30T11:30:00+0530,2026-04-30T11:30:00+0530,30-04-2026,Brent,Brent Crude Oil Futures,ICE,60m,FRONT_MONTH_CONTINUOUS,BRN1!,RECONSTRUCTED_FROM_DAILY,See methodology_and_sources.md,98.97,98.97,98.95,98.95,0,USD,8853.05,8853.05,8851.25,8851.25,89.45,india_morning,none,ESTIMATED_FROM_DAILY_OHLC_USING_SESSION_HEURISTICS_NOT_REAL_INTRADAY_DATA
2026-04-30T12:30:00+0530,2026-04-30T12:30:00+0530,30-04-2026,Brent,Brent Crude Oil Futures,ICE,60m,FRONT_MONTH_CONTINUOUS,BRN1!,RECONSTRUCTED_FROM_DAILY,See methodology_and_sources.md,98.95,98.95,98.91,98.91,0,USD,8851.25,8851.25,8847.26,8847.26,89.45,india_midday,none,ESTIMATED_FROM_DAILY_OHLC_USING_SESSION_HEURISTICS_NOT_REAL_INTRADAY_DATA
2026-04-30T13:30:00+0530,2026-04-30T13:30:00+0530,30-04-2026,Brent,Brent Crude Oil Futures,ICE,60m,FRONT_MONTH_CONTINUOUS,BRN1!,RECONSTRUCTED_FROM_DAILY,See methodology_and_sources.md,98.91,98.94,98.91,98.94,0,USD,8847.26,8850.04,8847.26,8850.04,89.45,india_midday,none,ESTIMATED_FROM_DAILY_OHLC_USING_SESSION_HEURISTICS_NOT_REAL_INTRADAY_DATA
2026-04-30T14:30:00+0530,2026-04-30T14:30:00+0530,30-04-2026,Brent,Brent Crude Oil Futures,ICE,60m,FRONT_MONTH_CONTINUOUS,BRN1!,RECONSTRUCTED_FROM_DAILY,See methodology_and_sources.md,98.94,99.01,98.94,99.01,0,USD,8850.04,8856.67,8850.04,8856.67,89.45,india_midday,none,ESTIMATED_FROM_DAILY_OHLC_USING_SESSION_HEURISTICS_NOT_REAL_INTRADAY_DATA
2026-04-30T15:30:00+0530,2026-04-30T15:30:00+0530,30-04-2026,Brent,Brent Crude Oil Futures,ICE,60m,FRONT_MONTH_CONTINUOUS,BRN1!,RECONSTRUCTED_FROM_DAILY,See methodology_and_sources.md,99.01,99.04,99.01,99.04,0,USD,8856.67,8859.03,8856.67,8859.03,89.45,europe_open,first_30m_after_europe_open,ESTIMATED_FROM_DAILY_OHLC_USING_SESSION_HEURISTICS_NOT_REAL_INTRADAY_DATA
2026-04-30T16:30:00+0530,2026-04-30T16:30:00+0530,30-04-2026,Brent,Brent Crude Oil Futures,ICE,60m,FRONT_MONTH_CONTINUOUS,BRN1!,RECONSTRUCTED_FROM_DAILY,See methodology_and_sources.md,99.04,99.09,99.04,99.09,0,USD,8859.03,8864.02,8859.03,8864.02,89.45,europe_open,none,ESTIMATED_FROM_DAILY_OHLC_USING_SESSION_HEURISTICS_NOT_REAL_INTRADAY_DATA
2026-04-30T17:30:00+0530,2026-04-30T17:30:00+0530,30-04-2026,Brent,Brent Crude Oil Futures,ICE,60m,FRONT_MONTH_CONTINUOUS,BRN1!,RECONSTRUCTED_FROM_DAILY,See methodology_and_sources.md,99.09,99.11,99.09,99.11,0,USD,8864.02,8865.58,8864.02,8865.58,89.45,europe_mid,none,ESTIMATED_FROM_DAILY_OHLC_USING_SESSION_HEURISTICS_NOT_REAL_INTRADAY_DATA
2026-04-30T18:30:00+0530,2026-04-30T18:30:00+0530,30-04-2026,Brent,Brent Crude Oil Futures,ICE,60m,FRONT_MONTH_CONTINUOUS,BRN1!,RECONSTRUCTED_FROM_DAILY,See methodology_and_sources.md,99.11,99.2,99.11,99.2,0,USD,8865.58,8873.36,8865.58,8873.36,89.45,europe_mid,none,ESTIMATED_FROM_DAILY_OHLC_USING_SESSION_HEURISTICS_NOT_REAL_INTRADAY_DATA
2026-04-30T19:30:00+0530,2026-04-30T19:30:00+0530,30-04-2026,Brent,Brent Crude Oil Futures,ICE,60m,FRONT_MONTH_CONTINUOUS,BRN1!,RECONSTRUCTED_FROM_DAILY,See methodology_and_sources.md,99.2,99.25,99.2,99.25,0,USD,8873.36,8878.14,8873.36,8878.14,89.45,europe_mid,none,ESTIMATED_FROM_DAILY_OHLC_USING_SESSION_HEURISTICS_NOT_REAL_INTRADAY_DATA
2026-04-30T20:30:00+0530,2026-04-30T20:30:00+0530,30-04-2026,Brent,Brent Crude Oil Futures,ICE,60m,FRONT_MONTH_CONTINUOUS,BRN1!,RECONSTRUCTED_FROM_DAILY,See methodology_and_sources.md,99.25,99.25,99.23,99.23,0,USD,8878.14,8878.14,8876.45,8876.45,89.45,us_pre_open,none,ESTIMATED_FROM_DAILY_OHLC_USING_SESSION_HEURISTICS_NOT_REAL_INTRADAY_DATA
2026-04-30T21:30:00+0530,2026-04-30T21:30:00+0530,30-04-2026,Brent,Brent Crude Oil Futures,ICE,60m,FRONT_MONTH_CONTINUOUS,BRN1!,RECONSTRUCTED_FROM_DAILY,See methodology_and_sources.md,99.23,99.25,99.23,99.25,0,USD,8876.45,8877.84,8876.45,8877.84,89.45,us_open,first_hour_after_us_open,ESTIMATED_FROM_DAILY_OHLC_USING_SESSION_HEURISTICS_NOT_REAL_INTRADAY_DATA
2026-04-30T22:30:00+0530,2026-04-30T22:30:00+0530,30-04-2026,Brent,Brent Crude Oil Futures,ICE,60m,FRONT_MONTH_CONTINUOUS,BRN1!,RECONSTRUCTED_FROM_DAILY,See methodology_and_sources.md,99.25,99.27,99.25,99.27,0,USD,8877.84,8880.02,8877.84,8880.02,89.45,us_open,final_hour_before_mcx_close,ESTIMATED_FROM_DAILY_OHLC_USING_SESSION_HEURISTICS_NOT_REAL_INTRADAY_DATA
2026-04-30T23:30:00+0530,2026-04-30T23:30:00+0530,30-04-2026,Brent,Brent Crude Oil Futures,ICE,60m,FRONT_MONTH_CONTINUOUS,BRN1!,RECONSTRUCTED_FROM_DAILY,See methodology_and_sources.md,99.27,105,99.27,105,0,USD,8880.02,9392.25,8880.02,9392.25,89.45,mcx_tail,none,ESTIMATED_FROM_DAILY_OHLC_USING_SESSION_HEURISTICS_NOT_REAL_INTRADAY_DATA
2026-05-01T00:30:00+0530,2026-05-01T00:30:00+0530,30-04-2026,Brent,Brent Crude Oil Futures,ICE,60m,FRONT_MONTH_CONTINUOUS,BRN1!,RECONSTRUCTED_FROM_DAILY,See methodology_and_sources.md,105,105,105,105,0,USD,9392.25,9392.25,9392.25,9392.25,89.45,other_valid_hours,none,ESTIMATED_FROM_DAILY_OHLC_USING_SESSION_HEURISTICS_NOT_REAL_INTRADAY_DATA
2026-05-01T03:30:00+0530,2026-05-01T03:30:00+0530,01-05-2026,Brent,Brent Crude Oil Futures,ICE,60m,FRONT_MONTH_CONTINUOUS,BRN1!,RECONSTRUCTED_FROM_DAILY,See methodology_and_sources.md,105,105,104.99,104.99,0,USD,9397.5,9397.5,9396.84,9396.84,89.5,global_reopen_pre_mcx,none,ESTIMATED_FROM_DAILY_OHLC_USING_SESSION_HEURISTICS_NOT_REAL_INTRADAY_DATA
2026-05-01T04:30:00+0530,2026-05-01T04:30:00+0530,01-05-2026,Brent,Brent Crude Oil Futures,ICE,60m,FRONT_MONTH_CONTINUOUS,BRN1!,RECONSTRUCTED_FROM_DAILY,See methodology_and_sources.md,104.99,105.01,104.99,105.01,0,USD,9396.84,9398.81,9396.84,9398.81,89.5,global_reopen_pre_mcx,none,ESTIMATED_FROM_DAILY_OHLC_USING_SESSION_HEURISTICS_NOT_REAL_INTRADAY_DATA
2026-05-01T05:30:00+0530,2026-05-01T05:30:00+0530,01-05-2026,Brent,Brent Crude Oil Futures,ICE,60m,FRONT_MONTH_CONTINUOUS,BRN1!,RECONSTRUCTED_FROM_DAILY,See methodology_and_sources.md,105.01,105.01,105.01,105.01,0,USD,9398.81,9398.81,9398.76,9398.76,89.5,global_reopen_pre_mcx,none,ESTIMATED_FROM_DAILY_OHLC_USING_SESSION_HEURISTICS_NOT_REAL_INTRADAY_DATA
2026-05-01T06:30:00+0530,2026-05-01T06:30:00+0530,01-05-2026,Brent,Brent Crude Oil Futures,ICE,60m,FRONT_MONTH_CONTINUOUS,BRN1!,RECONSTRUCTED_FROM_DAILY,See methodology_and_sources.md,105.01,105.01,105,105,0,USD,9398.76,9398.76,9397.35,9397.35,89.5,global_reopen_pre_mcx,none,ESTIMATED_FROM_DAILY_OHLC_USING_SESSION_HEURISTICS_NOT_REAL_INTRADAY_DATA
2026-05-01T07:30:00+0530,2026-05-01T07:30:00+0530,01-05-2026,Brent,Brent Crude Oil Futures,ICE,60m,FRONT_MONTH_CONTINUOUS,BRN1!,RECONSTRUCTED_FROM_DAILY,See methodology_and_sources.md,105,105,104.98,104.98,0,USD,9397.35,9397.35,9395.37,9395.37,89.5,global_reopen_pre_mcx,none,ESTIMATED_FROM_DAILY_OHLC_USING_SESSION_HEURISTICS_NOT_REAL_INTRADAY_DATA
2026-05-01T08:30:00+0530,2026-05-01T08:30:00+0530,01-05-2026,Brent,Brent Crude Oil Futures,ICE,60m,FRONT_MONTH_CONTINUOUS,BRN1!,RECONSTRUCTED_FROM_DAILY,See methodology_and_sources.md,104.98,105.01,104.98,105.01,0,USD,9395.37,9398.05,9395.37,9398.05,89.5,global_reopen_pre_mcx,none,ESTIMATED_FROM_DAILY_OHLC_USING_SESSION_HEURISTICS_NOT_REAL_INTRADAY_DATA
2026-05-01T09:30:00+0530,2026-05-01T09:30:00+0530,01-05-2026,Brent,Brent Crude Oil Futures,ICE,60m,FRONT_MONTH_CONTINUOUS,BRN1!,RECONSTRUCTED_FROM_DAILY,See methodology_and_sources.md,105.01,105.01,104.98,104.98,0,USD,9398.05,9398.05,9395.48,9395.48,89.5,mcx_open_drive,none,ESTIMATED_FROM_DAILY_OHLC_USING_SESSION_HEURISTICS_NOT_REAL_INTRADAY_DATA
2026-05-01T10:30:00+0530,2026-05-01T10:30:00+0530,01-05-2026,Brent,Brent Crude Oil Futures,ICE,60m,FRONT_MONTH_CONTINUOUS,BRN1!,RECONSTRUCTED_FROM_DAILY,See methodology_and_sources.md,104.98,105.02,104.98,105.02,0,USD,9395.48,9399.21,9395.48,9399.21,89.5,india_morning,none,ESTIMATED_FROM_DAILY_OHLC_USING_SESSION_HEURISTICS_NOT_REAL_INTRADAY_DATA
2026-05-01T11:30:00+0530,2026-05-01T11:30:00+0530,01-05-2026,Brent,Brent Crude Oil Futures,ICE,60m,FRONT_MONTH_CONTINUOUS,BRN1!,RECONSTRUCTED_FROM_DAILY,See methodology_and_sources.md,105.02,105.04,105.02,105.04,0,USD,9399.21,9401.43,9399.21,9401.43,89.5,india_morning,none,ESTIMATED_FROM_DAILY_OHLC_USING_SESSION_HEURISTICS_NOT_REAL_INTRADAY_DATA
2026-05-01T12:30:00+0530,2026-05-01T12:30:00+0530,01-05-2026,Brent,Brent Crude Oil Futures,ICE,60m,FRONT_MONTH_CONTINUOUS,BRN1!,RECONSTRUCTED_FROM_DAILY,See methodology_and_sources.md,105.04,105.04,105.04,105.04,0,USD,9401.43,9401.43,9401.02,9401.02,89.5,india_midday,none,ESTIMATED_FROM_DAILY_OHLC_USING_SESSION_HEURISTICS_NOT_REAL_INTRADAY_DATA
2026-05-01T13:30:00+0530,2026-05-01T13:30:00+0530,01-05-2026,Brent,Brent Crude Oil Futures,ICE,60m,FRONT_MONTH_CONTINUOUS,BRN1!,RECONSTRUCTED_FROM_DAILY,See methodology_and_sources.md,105.04,105.04,105,105,0,USD,9401.02,9401.02,9397.8,9397.8,89.5,india_midday,none,ESTIMATED_FROM_DAILY_OHLC_USING_SESSION_HEURISTICS_NOT_REAL_INTRADAY_DATA
2026-05-01T14:30:00+0530,2026-05-01T14:30:00+0530,01-05-2026,Brent,Brent Crude Oil Futures,ICE,60m,FRONT_MONTH_CONTINUOUS,BRN1!,RECONSTRUCTED_FROM_DAILY,See methodology_and_sources.md,105,105,104.99,104.99,0,USD,9397.8,9397.8,9396.79,9396.79,89.5,india_midday,none,ESTIMATED_FROM_DAILY_OHLC_USING_SESSION_HEURISTICS_NOT_REAL_INTRADAY_DATA
2026-05-01T15:30:00+0530,2026-05-01T15:30:00+0530,01-05-2026,Brent,Brent Crude Oil Futures,ICE,60m,FRONT_MONTH_CONTINUOUS,BRN1!,RECONSTRUCTED_FROM_DAILY,See methodology_and_sources.md,104.99,104.99,104.97,104.97,0,USD,9396.79,9396.79,9394.5,9394.5,89.5,europe_open,first_30m_after_europe_open,ESTIMATED_FROM_DAILY_OHLC_USING_SESSION_HEURISTICS_NOT_REAL_INTRADAY_DATA
2026-05-01T16:30:00+0530,2026-05-01T16:30:00+0530,01-05-2026,Brent,Brent Crude Oil Futures,ICE,60m,FRONT_MONTH_CONTINUOUS,BRN1!,RECONSTRUCTED_FROM_DAILY,See methodology_and_sources.md,104.97,104.97,104.95,104.95,0,USD,9394.5,9394.5,9393.45,9393.45,89.5,europe_open,none,ESTIMATED_FROM_DAILY_OHLC_USING_SESSION_HEURISTICS_NOT_REAL_INTRADAY_DATA
2026-05-01T17:30:00+0530,2026-05-01T17:30:00+0530,01-05-2026,Brent,Brent Crude Oil Futures,ICE,60m,FRONT_MONTH_CONTINUOUS,BRN1!,RECONSTRUCTED_FROM_DAILY,See methodology_and_sources.md,104.95,104.95,104.93,104.93,0,USD,9393.45,9393.45,9391.53,9391.53,89.5,europe_mid,none,ESTIMATED_FROM_DAILY_OHLC_USING_SESSION_HEURISTICS_NOT_REAL_INTRADAY_DATA
2026-05-01T18:30:00+0530,2026-05-01T18:30:00+0530,01-05-2026,Brent,Brent Crude Oil Futures,ICE,60m,FRONT_MONTH_CONTINUOUS,BRN1!,RECONSTRUCTED_FROM_DAILY,See methodology_and_sources.md,104.93,104.94,104.93,104.94,0,USD,9391.53,9392.04,9391.53,9392.04,89.5,europe_mid,none,ESTIMATED_FROM_DAILY_OHLC_USING_SESSION_HEURISTICS_NOT_REAL_INTRADAY_DATA
2026-05-01T19:30:00+0530,2026-05-01T19:30:00+0530,01-05-2026,Brent,Brent Crude Oil Futures,ICE,60m,FRONT_MONTH_CONTINUOUS,BRN1!,RECONSTRUCTED_FROM_DAILY,See methodology_and_sources.md,104.94,104.94,104.92,104.92,0,USD,9392.04,9392.04,9390.42,9390.42,89.5,europe_mid,none,ESTIMATED_FROM_DAILY_OHLC_USING_SESSION_HEURISTICS_NOT_REAL_INTRADAY_DATA
2026-05-01T20:30:00+0530,2026-05-01T20:30:00+0530,01-05-2026,Brent,Brent Crude Oil Futures,ICE,60m,FRONT_MONTH_CONTINUOUS,BRN1!,RECONSTRUCTED_FROM_DAILY,See methodology_and_sources.md,104.92,104.92,104.91,104.91,0,USD,9390.42,9390.42,9389.8,9389.8,89.5,us_pre_open,none,ESTIMATED_FROM_DAILY_OHLC_USING_SESSION_HEURISTICS_NOT_REAL_INTRADAY_DATA
2026-05-01T21:30:00+0530,2026-05-01T21:30:00+0530,01-05-2026,Brent,Brent Crude Oil Futures,ICE,60m,FRONT_MONTH_CONTINUOUS,BRN1!,RECONSTRUCTED_FROM_DAILY,See methodology_and_sources.md,104.91,104.91,104.91,104.91,0,USD,9389.8,9389.8,9389.42,9389.42,89.5,us_open,first_hour_after_us_open,ESTIMATED_FROM_DAILY_OHLC_USING_SESSION_HEURISTICS_NOT_REAL_INTRADAY_DATA
2026-05-01T22:30:00+0530,2026-05-01T22:30:00+0530,01-05-2026,Brent,Brent Crude Oil Futures,ICE,60m,FRONT_MONTH_CONTINUOUS,BRN1!,RECONSTRUCTED_FROM_DAILY,See methodology_and_sources.md,104.91,104.91,104.87,104.87,0,USD,9389.42,9389.42,9386.08,9386.08,89.5,us_open,final_hour_before_mcx_close,ESTIMATED_FROM_DAILY_OHLC_USING_SESSION_HEURISTICS_NOT_REAL_INTRADAY_DATA
2026-05-01T23:30:00+0530,2026-05-01T23:30:00+0530,01-05-2026,Brent,Brent Crude Oil Futures,ICE,60m,FRONT_MONTH_CONTINUOUS,BRN1!,RECONSTRUCTED_FROM_DAILY,See methodology_and_sources.md,104.87,105,104.87,105,0,USD,9386.08,9397.5,9386.08,9397.5,89.5,mcx_tail,none,ESTIMATED_FROM_DAILY_OHLC_USING_SESSION_HEURISTICS_NOT_REAL_INTRADAY_DATA
2026-05-02T00:30:00+0530,2026-05-02T00:30:00+0530,01-05-2026,Brent,Brent Crude Oil Futures,ICE,60m,FRONT_MONTH_CONTINUOUS,BRN1!,RECONSTRUCTED_FROM_DAILY,See methodology_and_sources.md,105,105,105,105,0,USD,9397.5,9397.5,9397.5,9397.5,89.5,other_valid_hours,none,ESTIMATED_FROM_DAILY_OHLC_USING_SESSION_HEURISTICS_NOT_REAL_INTRADAY_DATA
2026-05-04T03:30:00+0530,2026-05-04T03:30:00+0530,04-05-2026,Brent,Brent Crude Oil Futures,ICE,60m,FRONT_MONTH_CONTINUOUS,BRN1!,RECONSTRUCTED_FROM_DAILY,See methodology_and_sources.md,105,105,105,105,0,USD,9408,9408.08,9408,9408.08,89.6,global_reopen_pre_mcx,none,ESTIMATED_FROM_DAILY_OHLC_USING_SESSION_HEURISTICS_NOT_REAL_INTRADAY_DATA
2026-05-04T04:30:00+0530,2026-05-04T04:30:00+0530,04-05-2026,Brent,Brent Crude Oil Futures,ICE,60m,FRONT_MONTH_CONTINUOUS,BRN1!,RECONSTRUCTED_FROM_DAILY,See methodology_and_sources.md,105,105.05,105,105.05,0,USD,9408.08,9412.75,9408.08,9412.75,89.6,global_reopen_pre_mcx,none,ESTIMATED_FROM_DAILY_OHLC_USING_SESSION_HEURISTICS_NOT_REAL_INTRADAY_DATA
2026-05-04T05:30:00+0530,2026-05-04T05:30:00+0530,04-05-2026,Brent,Brent Crude Oil Futures,ICE,60m,FRONT_MONTH_CONTINUOUS,BRN1!,RECONSTRUCTED_FROM_DAILY,See methodology_and_sources.md,105.05,105.05,105.05,105.05,0,USD,9412.75,9412.75,9412.32,9412.32,89.6,global_reopen_pre_mcx,none,ESTIMATED_FROM_DAILY_OHLC_USING_SESSION_HEURISTICS_NOT_REAL_INTRADAY_DATA
2026-05-04T06:30:00+0530,2026-05-04T06:30:00+0530,04-05-2026,Brent,Brent Crude Oil Futures,ICE,60m,FRONT_MONTH_CONTINUOUS,BRN1!,RECONSTRUCTED_FROM_DAILY,See methodology_and_sources.md,105.05,105.05,105.01,105.01,0,USD,9412.32,9412.32,9408.97,9408.97,89.6,global_reopen_pre_mcx,none,ESTIMATED_FROM_DAILY_OHLC_USING_SESSION_HEURISTICS_NOT_REAL_INTRADAY_DATA
2026-05-04T07:30:00+0530,2026-05-04T07:30:00+0530,04-05-2026,Brent,Brent Crude Oil Futures,ICE,60m,FRONT_MONTH_CONTINUOUS,BRN1!,RECONSTRUCTED_FROM_DAILY,See methodology_and_sources.md,105.01,105.02,105.01,105.02,0,USD,9408.97,9410.15,9408.97,9410.15,89.6,global_reopen_pre_mcx,none,ESTIMATED_FROM_DAILY_OHLC_USING_SESSION_HEURISTICS_NOT_REAL_INTRADAY_DATA
2026-05-04T08:30:00+0530,2026-05-04T08:30:00+0530,04-05-2026,Brent,Brent Crude Oil Futures,ICE,60m,FRONT_MONTH_CONTINUOUS,BRN1!,RECONSTRUCTED_FROM_DAILY,See methodology_and_sources.md,105.02,105.02,105.01,105.01,0,USD,9410.15,9410.15,9409,9409,89.6,global_reopen_pre_mcx,none,ESTIMATED_FROM_DAILY_OHLC_USING_SESSION_HEURISTICS_NOT_REAL_INTRADAY_DATA
2026-05-04T09:30:00+0530,2026-05-04T09:30:00+0530,04-05-2026,Brent,Brent Crude Oil Futures,ICE,60m,FRONT_MONTH_CONTINUOUS,BRN1!,RECONSTRUCTED_FROM_DAILY,See methodology_and_sources.md,105.01,105.01,104.99,104.99,0,USD,9409,9409,9407.18,9407.18,89.6,mcx_open_drive,none,ESTIMATED_FROM_DAILY_OHLC_USING_SESSION_HEURISTICS_NOT_REAL_INTRADAY_DATA
2026-05-04T10:30:00+0530,2026-05-04T10:30:00+0530,04-05-2026,Brent,Brent Crude Oil Futures,ICE,60m,FRONT_MONTH_CONTINUOUS,BRN1!,RECONSTRUCTED_FROM_DAILY,See methodology_and_sources.md,104.99,105.01,104.99,105.01,0,USD,9407.18,9408.93,9407.18,9408.93,89.6,india_morning,none,ESTIMATED_FROM_DAILY_OHLC_USING_SESSION_HEURISTICS_NOT_REAL_INTRADAY_DATA
2026-05-04T11:30:00+0530,2026-05-04T11:30:00+0530,04-05-2026,Brent,Brent Crude Oil Futures,ICE,60m,FRONT_MONTH_CONTINUOUS,BRN1!,RECONSTRUCTED_FROM_DAILY,See methodology_and_sources.md,105.01,105.01,104.98,104.98,0,USD,9408.93,9408.93,9406.46,9406.46,89.6,india_morning,none,ESTIMATED_FROM_DAILY_OHLC_USING_SESSION_HEURISTICS_NOT_REAL_INTRADAY_DATA
2026-05-04T12:30:00+0530,2026-05-04T12:30:00+0530,04-05-2026,Brent,Brent Crude Oil Futures,ICE,60m,FRONT_MONTH_CONTINUOUS,BRN1!,RECONSTRUCTED_FROM_DAILY,See methodology_and_sources.md,104.98,104.99,104.98,104.99,0,USD,9406.46,9407.43,9406.46,9407.43,89.6,india_midday,none,ESTIMATED_FROM_DAILY_OHLC_USING_SESSION_HEURISTICS_NOT_REAL_INTRADAY_DATA
2026-05-04T13:30:00+0530,2026-05-04T13:30:00+0530,04-05-2026,Brent,Brent Crude Oil Futures,ICE,60m,FRONT_MONTH_CONTINUOUS,BRN1!,RECONSTRUCTED_FROM_DAILY,See methodology_and_sources.md,104.99,104.99,104.92,104.92,0,USD,9407.43,9407.43,9401.27,9401.27,89.6,india_midday,none,ESTIMATED_FROM_DAILY_OHLC_USING_SESSION_HEURISTICS_NOT_REAL_INTRADAY_DATA
2026-05-04T14:30:00+0530,2026-05-04T14:30:00+0530,04-05-2026,Brent,Brent Crude Oil Futures,ICE,60m,FRONT_MONTH_CONTINUOUS,BRN1!,RECONSTRUCTED_FROM_DAILY,See methodology_and_sources.md,104.92,104.93,104.92,104.93,0,USD,9401.27,9401.64,9401.27,9401.64,89.6,india_midday,none,ESTIMATED_FROM_DAILY_OHLC_USING_SESSION_HEURISTICS_NOT_REAL_INTRADAY_DATA
2026-05-04T15:30:00+0530,2026-05-04T15:30:00+0530,04-05-2026,Brent,Brent Crude Oil Futures,ICE,60m,FRONT_MONTH_CONTINUOUS,BRN1!,RECONSTRUCTED_FROM_DAILY,See methodology_and_sources.md,104.93,104.93,104.93,104.93,0,USD,9401.64,9402.14,9401.64,9402.14,89.6,europe_open,first_30m_after_europe_open,ESTIMATED_FROM_DAILY_OHLC_USING_SESSION_HEURISTICS_NOT_REAL_INTRADAY_DATA
2026-05-04T16:30:00+0530,2026-05-04T16:30:00+0530,04-05-2026,Brent,Brent Crude Oil Futures,ICE,60m,FRONT_MONTH_CONTINUOUS,BRN1!,RECONSTRUCTED_FROM_DAILY,See methodology_and_sources.md,104.93,105,104.93,105,0,USD,9402.14,9407.72,9402.14,9407.72,89.6,europe_open,none,ESTIMATED_FROM_DAILY_OHLC_USING_SESSION_HEURISTICS_NOT_REAL_INTRADAY_DATA
2026-05-04T17:30:00+0530,2026-05-04T17:30:00+0530,04-05-2026,Brent,Brent Crude Oil Futures,ICE,60m,FRONT_MONTH_CONTINUOUS,BRN1!,RECONSTRUCTED_FROM_DAILY,See methodology_and_sources.md,105,105.04,105,105.04,0,USD,9407.72,9411.81,9407.72,9411.81,89.6,europe_mid,none,ESTIMATED_FROM_DAILY_OHLC_USING_SESSION_HEURISTICS_NOT_REAL_INTRADAY_DATA
2026-05-04T18:30:00+0530,2026-05-04T18:30:00+0530,04-05-2026,Brent,Brent Crude Oil Futures,ICE,60m,FRONT_MONTH_CONTINUOUS,BRN1!,RECONSTRUCTED_FROM_DAILY,See methodology_and_sources.md,105.04,105.04,105.03,105.03,0,USD,9411.81,9411.81,9410.92,9410.92,89.6,europe_mid,none,ESTIMATED_FROM_DAILY_OHLC_USING_SESSION_HEURISTICS_NOT_REAL_INTRADAY_DATA
2026-05-04T19:30:00+0530,2026-05-04T19:30:00+0530,04-05-2026,Brent,Brent Crude Oil Futures,ICE,60m,FRONT_MONTH_CONTINUOUS,BRN1!,RECONSTRUCTED_FROM_DAILY,See methodology_and_sources.md,105.03,105.11,105.03,105.11,0,USD,9410.92,9417.89,9410.92,9417.89,89.6,europe_mid,none,ESTIMATED_FROM_DAILY_OHLC_USING_SESSION_HEURISTICS_NOT_REAL_INTRADAY_DATA
2026-05-04T20:30:00+0530,2026-05-04T20:30:00+0530,04-05-2026,Brent,Brent Crude Oil Futures,ICE,60m,FRONT_MONTH_CONTINUOUS,BRN1!,RECONSTRUCTED_FROM_DAILY,See methodology_and_sources.md,105.11,105.2,105.11,105.2,0,USD,9417.89,9426.07,9417.89,9426.07,89.6,us_pre_open,none,ESTIMATED_FROM_DAILY_OHLC_USING_SESSION_HEURISTICS_NOT_REAL_INTRADAY_DATA
2026-05-04T21:30:00+0530,2026-05-04T21:30:00+0530,04-05-2026,Brent,Brent Crude Oil Futures,ICE,60m,FRONT_MONTH_CONTINUOUS,BRN1!,RECONSTRUCTED_FROM_DAILY,See methodology_and_sources.md,105.2,105.2,105.18,105.18,0,USD,9426.07,9426.07,9424.11,9424.11,89.6,us_open,first_hour_after_us_open,ESTIMATED_FROM_DAILY_OHLC_USING_SESSION_HEURISTICS_NOT_REAL_INTRADAY_DATA
2026-05-04T22:30:00+0530,2026-05-04T22:30:00+0530,04-05-2026,Brent,Brent Crude Oil Futures,ICE,60m,FRONT_MONTH_CONTINUOUS,BRN1!,RECONSTRUCTED_FROM_DAILY,See methodology_and_sources.md,105.18,105.18,105.17,105.17,0,USD,9424.11,9424.11,9423.63,9423.63,89.6,us_open,final_hour_before_mcx_close,ESTIMATED_FROM_DAILY_OHLC_USING_SESSION_HEURISTICS_NOT_REAL_INTRADAY_DATA
2026-05-04T23:30:00+0530,2026-05-04T23:30:00+0530,04-05-2026,Brent,Brent Crude Oil Futures,ICE,60m,FRONT_MONTH_CONTINUOUS,BRN1!,RECONSTRUCTED_FROM_DAILY,See methodology_and_sources.md,105.17,110,105.17,110,0,USD,9423.63,9856,9423.63,9856,89.6,mcx_tail,none,ESTIMATED_FROM_DAILY_OHLC_USING_SESSION_HEURISTICS_NOT_REAL_INTRADAY_DATA
2026-05-05T00:30:00+0530,2026-05-05T00:30:00+0530,04-05-2026,Brent,Brent Crude Oil Futures,ICE,60m,FRONT_MONTH_CONTINUOUS,BRN1!,RECONSTRUCTED_FROM_DAILY,See methodology_and_sources.md,110,110,110,110,0,USD,9856,9856,9856,9856,89.6,other_valid_hours,none,ESTIMATED_FROM_DAILY_OHLC_USING_SESSION_HEURISTICS_NOT_REAL_INTRADAY_DATA
2026-05-05T03:30:00+0530,2026-05-05T03:30:00+0530,05-05-2026,Brent,Brent Crude Oil Futures,ICE,60m,FRONT_MONTH_CONTINUOUS,BRN1!,RECONSTRUCTED_FROM_DAILY,See methodology_and_sources.md,110,110,110,110,0,USD,9861.5,9861.5,9861.5,9861.5,89.65,global_reopen_pre_mcx,none,ESTIMATED_FROM_DAILY_OHLC_USING_SESSION_HEURISTICS_NOT_REAL_INTRADAY_DATA
2026-05-05T04:30:00+0530,2026-05-05T04:30:00+0530,05-05-2026,Brent,Brent Crude Oil Futures,ICE,60m,FRONT_MONTH_CONTINUOUS,BRN1!,RECONSTRUCTED_FROM_DAILY,See methodology_and_sources.md,110,110,110,110,0,USD,9861.5,9861.5,9861.5,9861.5,89.65,global_reopen_pre_mcx,none,ESTIMATED_FROM_DAILY_OHLC_USING_SESSION_HEURISTICS_NOT_REAL_INTRADAY_DATA
2026-05-05T05:30:00+0530,2026-05-05T05:30:00+0530,05-05-2026,Brent,Brent Crude Oil Futures,ICE,60m,FRONT_MONTH_CONTINUOUS,BRN1!,RECONSTRUCTED_FROM_DAILY,See methodology_and_sources.md,110,110,110,110,0,USD,9861.5,9861.5,9861.5,9861.5,89.65,global_reopen_pre_mcx,none,ESTIMATED_FROM_DAILY_OHLC_USING_SESSION_HEURISTICS_NOT_REAL_INTRADAY_DATA
2026-05-05T06:30:00+0530,2026-05-05T06:30:00+0530,05-05-2026,Brent,Brent Crude Oil Futures,ICE,60m,FRONT_MONTH_CONTINUOUS,BRN1!,RECONSTRUCTED_FROM_DAILY,See methodology_and_sources.md,110,110,110,110,0,USD,9861.5,9861.5,9861.5,9861.5,89.65,global_reopen_pre_mcx,none,ESTIMATED_FROM_DAILY_OHLC_USING_SESSION_HEURISTICS_NOT_REAL_INTRADAY_DATA
2026-05-05T07:30:00+0530,2026-05-05T07:30:00+0530,05-05-2026,Brent,Brent Crude Oil Futures,ICE,60m,FRONT_MONTH_CONTINUOUS,BRN1!,RECONSTRUCTED_FROM_DAILY,See methodology_and_sources.md,110,110,110,110,0,USD,9861.5,9861.5,9861.5,9861.5,89.65,global_reopen_pre_mcx,none,ESTIMATED_FROM_DAILY_OHLC_USING_SESSION_HEURISTICS_NOT_REAL_INTRADAY_DATA
2026-05-05T08:30:00+0530,2026-05-05T08:30:00+0530,05-05-2026,Brent,Brent Crude Oil Futures,ICE,60m,FRONT_MONTH_CONTINUOUS,BRN1!,RECONSTRUCTED_FROM_DAILY,See methodology_and_sources.md,110,110,109.96,109.96,0,USD,9861.5,9861.5,9858.28,9858.28,89.65,global_reopen_pre_mcx,none,ESTIMATED_FROM_DAILY_OHLC_USING_SESSION_HEURISTICS_NOT_REAL_INTRADAY_DATA
2026-05-05T09:30:00+0530,2026-05-05T09:30:00+0530,05-05-2026,Brent,Brent Crude Oil Futures,ICE,60m,FRONT_MONTH_CONTINUOUS,BRN1!,RECONSTRUCTED_FROM_DAILY,See methodology_and_sources.md,109.96,109.98,109.96,109.98,0,USD,9858.28,9859.83,9858.28,9859.83,89.65,mcx_open_drive,none,ESTIMATED_FROM_DAILY_OHLC_USING_SESSION_HEURISTICS_NOT_REAL_INTRADAY_DATA
2026-05-05T10:30:00+0530,2026-05-05T10:30:00+0530,05-05-2026,Brent,Brent Crude Oil Futures,ICE,60m,FRONT_MONTH_CONTINUOUS,BRN1!,RECONSTRUCTED_FROM_DAILY,See methodology_and_sources.md,109.98,110,109.98,110,0,USD,9859.83,9861.42,9859.83,9861.42,89.65,india_morning,none,ESTIMATED_FROM_DAILY_OHLC_USING_SESSION_HEURISTICS_NOT_REAL_INTRADAY_DATA
2026-05-05T11:30:00+0530,2026-05-05T11:30:00+0530,05-05-2026,Brent,Brent Crude Oil Futures,ICE,60m,FRONT_MONTH_CONTINUOUS,BRN1!,RECONSTRUCTED_FROM_DAILY,See methodology_and_sources.md,110,110,110,110,0,USD,9861.42,9861.5,9861.42,9861.5,89.65,india_morning,none,ESTIMATED_FROM_DAILY_OHLC_USING_SESSION_HEURISTICS_NOT_REAL_INTRADAY_DATA
2026-05-05T12:30:00+0530,2026-05-05T12:30:00+0530,05-05-2026,Brent,Brent Crude Oil Futures,ICE,60m,FRONT_MONTH_CONTINUOUS,BRN1!,RECONSTRUCTED_FROM_DAILY,See methodology_and_sources.md,110,110,109.99,109.99,0,USD,9861.5,9861.5,9860.17,9860.17,89.65,india_midday,none,ESTIMATED_FROM_DAILY_OHLC_USING_SESSION_HEURISTICS_NOT_REAL_INTRADAY_DATA
2026-05-05T13:30:00+0530,2026-05-05T13:30:00+0530,05-05-2026,Brent,Brent Crude Oil Futures,ICE,60m,FRONT_MONTH_CONTINUOUS,BRN1!,RECONSTRUCTED_FROM_DAILY,See methodology_and_sources.md,109.99,109.99,109.95,109.95,0,USD,9860.17,9860.17,9857.44,9857.44,89.65,india_midday,none,ESTIMATED_FROM_DAILY_OHLC_USING_SESSION_HEURISTICS_NOT_REAL_INTRADAY_DATA
2026-05-05T14:30:00+0530,2026-05-05T14:30:00+0530,05-05-2026,Brent,Brent Crude Oil Futures,ICE,60m,FRONT_MONTH_CONTINUOUS,BRN1!,RECONSTRUCTED_FROM_DAILY,See methodology_and_sources.md,109.95,109.95,109.95,109.95,0,USD,9857.44,9857.44,9856.64,9856.64,89.65,india_midday,none,ESTIMATED_FROM_DAILY_OHLC_USING_SESSION_HEURISTICS_NOT_REAL_INTRADAY_DATA
2026-05-05T15:30:00+0530,2026-05-05T15:30:00+0530,05-05-2026,Brent,Brent Crude Oil Futures,ICE,60m,FRONT_MONTH_CONTINUOUS,BRN1!,RECONSTRUCTED_FROM_DAILY,See methodology_and_sources.md,109.95,109.95,109.89,109.89,0,USD,9856.64,9856.64,9851.95,9851.95,89.65,europe_open,first_30m_after_europe_open,ESTIMATED_FROM_DAILY_OHLC_USING_SESSION_HEURISTICS_NOT_REAL_INTRADAY_DATA
2026-05-05T16:30:00+0530,2026-05-05T16:30:00+0530,05-05-2026,Brent,Brent Crude Oil Futures,ICE,60m,FRONT_MONTH_CONTINUOUS,BRN1!,RECONSTRUCTED_FROM_DAILY,See methodology_and_sources.md,109.89,109.92,109.89,109.92,0,USD,9851.95,9854.53,9851.95,9854.53,89.65,europe_open,none,ESTIMATED_FROM_DAILY_OHLC_USING_SESSION_HEURISTICS_NOT_REAL_INTRADAY_DATA
2026-05-05T17:30:00+0530,2026-05-05T17:30:00+0530,05-05-2026,Brent,Brent Crude Oil Futures,ICE,60m,FRONT_MONTH_CONTINUOUS,BRN1!,RECONSTRUCTED_FROM_DAILY,See methodology_and_sources.md,109.92,109.95,109.92,109.95,0,USD,9854.53,9857.19,9854.53,9857.19,89.65,europe_mid,none,ESTIMATED_FROM_DAILY_OHLC_USING_SESSION_HEURISTICS_NOT_REAL_INTRADAY_DATA
2026-05-05T18:30:00+0530,2026-05-05T18:30:00+0530,05-05-2026,Brent,Brent Crude Oil Futures,ICE,60m,FRONT_MONTH_CONTINUOUS,BRN1!,RECONSTRUCTED_FROM_DAILY,See methodology_and_sources.md,109.95,109.96,109.95,109.96,0,USD,9857.19,9858.32,9857.19,9858.32,89.65,europe_mid,none,ESTIMATED_FROM_DAILY_OHLC_USING_SESSION_HEURISTICS_NOT_REAL_INTRADAY_DATA
2026-05-05T19:30:00+0530,2026-05-05T19:30:00+0530,05-05-2026,Brent,Brent Crude Oil Futures,ICE,60m,FRONT_MONTH_CONTINUOUS,BRN1!,RECONSTRUCTED_FROM_DAILY,See methodology_and_sources.md,109.96,109.99,109.96,109.99,0,USD,9858.32,9860.2,9858.32,9860.2,89.65,europe_mid,none,ESTIMATED_FROM_DAILY_OHLC_USING_SESSION_HEURISTICS_NOT_REAL_INTRADAY_DATA
2026-05-05T20:30:00+0530,2026-05-05T20:30:00+0530,05-05-2026,Brent,Brent Crude Oil Futures,ICE,60m,FRONT_MONTH_CONTINUOUS,BRN1!,RECONSTRUCTED_FROM_DAILY,See methodology_and_sources.md,109.99,109.99,109.94,109.94,0,USD,9860.2,9860.2,9856.15,9856.15,89.65,us_pre_open,none,ESTIMATED_FROM_DAILY_OHLC_USING_SESSION_HEURISTICS_NOT_REAL_INTRADAY_DATA
2026-05-05T21:30:00+0530,2026-05-05T21:30:00+0530,05-05-2026,Brent,Brent Crude Oil Futures,ICE,60m,FRONT_MONTH_CONTINUOUS,BRN1!,RECONSTRUCTED_FROM_DAILY,See methodology_and_sources.md,109.94,109.94,109.91,109.91,0,USD,9856.15,9856.15,9853.11,9853.11,89.65,us_open,first_hour_after_us_open,ESTIMATED_FROM_DAILY_OHLC_USING_SESSION_HEURISTICS_NOT_REAL_INTRADAY_DATA
2026-05-05T22:30:00+0530,2026-05-05T22:30:00+0530,05-05-2026,Brent,Brent Crude Oil Futures,ICE,60m,FRONT_MONTH_CONTINUOUS,BRN1!,RECONSTRUCTED_FROM_DAILY,See methodology_and_sources.md,109.91,109.91,109.87,109.87,0,USD,9853.11,9853.11,9849.92,9849.92,89.65,us_open,final_hour_before_mcx_close,ESTIMATED_FROM_DAILY_OHLC_USING_SESSION_HEURISTICS_NOT_REAL_INTRADAY_DATA
2026-05-05T23:30:00+0530,2026-05-05T23:30:00+0530,05-05-2026,Brent,Brent Crude Oil Futures,ICE,60m,FRONT_MONTH_CONTINUOUS,BRN1!,RECONSTRUCTED_FROM_DAILY,See methodology_and_sources.md,109.87,109.87,108,108,0,USD,9849.92,9849.92,9682.2,9682.2,89.65,mcx_tail,none,ESTIMATED_FROM_DAILY_OHLC_USING_SESSION_HEURISTICS_NOT_REAL_INTRADAY_DATA
2026-05-06T00:30:00+0530,2026-05-06T00:30:00+0530,05-05-2026,Brent,Brent Crude Oil Futures,ICE,60m,FRONT_MONTH_CONTINUOUS,BRN1!,RECONSTRUCTED_FROM_DAILY,See methodology_and_sources.md,108,108,108,108,0,USD,9682.2,9682.2,9682.2,9682.2,89.65,other_valid_hours,none,ESTIMATED_FROM_DAILY_OHLC_USING_SESSION_HEURISTICS_NOT_REAL_INTRADAY_DATA
2026-05-06T03:30:00+0530,2026-05-06T03:30:00+0530,06-05-2026,Brent,Brent Crude Oil Futures,ICE,60m,FRONT_MONTH_CONTINUOUS,BRN1!,RECONSTRUCTED_FROM_DAILY,See methodology_and_sources.md,109,109,108.98,108.98,0,USD,9777.3,9777.3,9775.17,9775.17,89.7,global_reopen_pre_mcx,none,ESTIMATED_FROM_DAILY_OHLC_USING_SESSION_HEURISTICS_NOT_REAL_INTRADAY_DATA
2026-05-06T04:30:00+0530,2026-05-06T04:30:00+0530,06-05-2026,Brent,Brent Crude Oil Futures,ICE,60m,FRONT_MONTH_CONTINUOUS,BRN1!,RECONSTRUCTED_FROM_DAILY,See methodology_and_sources.md,108.98,108.98,108.97,108.97,0,USD,9775.17,9775.17,9774.83,9774.83,89.7,global_reopen_pre_mcx,none,ESTIMATED_FROM_DAILY_OHLC_USING_SESSION_HEURISTICS_NOT_REAL_INTRADAY_DATA
2026-05-06T05:30:00+0530,2026-05-06T05:30:00+0530,06-05-2026,Brent,Brent Crude Oil Futures,ICE,60m,FRONT_MONTH_CONTINUOUS,BRN1!,RECONSTRUCTED_FROM_DAILY,See methodology_and_sources.md,108.97,108.99,108.97,108.99,0,USD,9774.83,9776.32,9774.83,9776.32,89.7,global_reopen_pre_mcx,none,ESTIMATED_FROM_DAILY_OHLC_USING_SESSION_HEURISTICS_NOT_REAL_INTRADAY_DATA
2026-05-06T06:30:00+0530,2026-05-06T06:30:00+0530,06-05-2026,Brent,Brent Crude Oil Futures,ICE,60m,FRONT_MONTH_CONTINUOUS,BRN1!,RECONSTRUCTED_FROM_DAILY,See methodology_and_sources.md,108.99,109,108.99,109,0,USD,9776.32,9777.65,9776.32,9777.65,89.7,global_reopen_pre_mcx,none,ESTIMATED_FROM_DAILY_OHLC_USING_SESSION_HEURISTICS_NOT_REAL_INTRADAY_DATA
2026-05-06T07:30:00+0530,2026-05-06T07:30:00+0530,06-05-2026,Brent,Brent Crude Oil Futures,ICE,60m,FRONT_MONTH_CONTINUOUS,BRN1!,RECONSTRUCTED_FROM_DAILY,See methodology_and_sources.md,109,109.02,109,109.02,0,USD,9777.65,9779.08,9777.65,9779.08,89.7,global_reopen_pre_mcx,none,ESTIMATED_FROM_DAILY_OHLC_USING_SESSION_HEURISTICS_NOT_REAL_INTRADAY_DATA
2026-05-06T08:30:00+0530,2026-05-06T08:30:00+0530,06-05-2026,Brent,Brent Crude Oil Futures,ICE,60m,FRONT_MONTH_CONTINUOUS,BRN1!,RECONSTRUCTED_FROM_DAILY,See methodology_and_sources.md,109.02,109.02,109.02,109.02,0,USD,9779.08,9779.21,9779.08,9779.21,89.7,global_reopen_pre_mcx,none,ESTIMATED_FROM_DAILY_OHLC_USING_SESSION_HEURISTICS_NOT_REAL_INTRADAY_DATA
2026-05-06T09:30:00+0530,2026-05-06T09:30:00+0530,06-05-2026,Brent,Brent Crude Oil Futures,ICE,60m,FRONT_MONTH_CONTINUOUS,BRN1!,RECONSTRUCTED_FROM_DAILY,See methodology_and_sources.md,109.02,109.04,109.02,109.04,0,USD,9779.21,9781.23,9779.21,9781.23,89.7,mcx_open_drive,none,ESTIMATED_FROM_DAILY_OHLC_USING_SESSION_HEURISTICS_NOT_REAL_INTRADAY_DATA
2026-05-06T10:30:00+0530,2026-05-06T10:30:00+0530,06-05-2026,Brent,Brent Crude Oil Futures,ICE,60m,FRONT_MONTH_CONTINUOUS,BRN1!,RECONSTRUCTED_FROM_DAILY,See methodology_and_sources.md,109.04,109.04,109.04,109.04,0,USD,9781.23,9781.23,9780.5,9780.5,89.7,india_morning,none,ESTIMATED_FROM_DAILY_OHLC_USING_SESSION_HEURISTICS_NOT_REAL_INTRADAY_DATA
2026-05-06T11:30:00+0530,2026-05-06T11:30:00+0530,06-05-2026,Brent,Brent Crude Oil Futures,ICE,60m,FRONT_MONTH_CONTINUOUS,BRN1!,RECONSTRUCTED_FROM_DAILY,See methodology_and_sources.md,109.04,109.04,109.02,109.02,0,USD,9780.5,9780.5,9778.98,9778.98,89.7,india_morning,none,ESTIMATED_FROM_DAILY_OHLC_USING_SESSION_HEURISTICS_NOT_REAL_INTRADAY_DATA
2026-05-06T12:30:00+0530,2026-05-06T12:30:00+0530,06-05-2026,Brent,Brent Crude Oil Futures,ICE,60m,FRONT_MONTH_CONTINUOUS,BRN1!,RECONSTRUCTED_FROM_DAILY,See methodology_and_sources.md,109.02,109.04,109.02,109.04,0,USD,9778.98,9781.1,9778.98,9781.1,89.7,india_midday,none,ESTIMATED_FROM_DAILY_OHLC_USING_SESSION_HEURISTICS_NOT_REAL_INTRADAY_DATA
2026-05-06T13:30:00+0530,2026-05-06T13:30:00+0530,06-05-2026,Brent,Brent Crude Oil Futures,ICE,60m,FRONT_MONTH_CONTINUOUS,BRN1!,RECONSTRUCTED_FROM_DAILY,See methodology_and_sources.md,109.04,109.04,109.04,109.04,0,USD,9781.1,9781.1,9780.97,9780.97,89.7,india_midday,none,ESTIMATED_FROM_DAILY_OHLC_USING_SESSION_HEURISTICS_NOT_REAL_INTRADAY_DATA
2026-05-06T14:30:00+0530,2026-05-06T14:30:00+0530,06-05-2026,Brent,Brent Crude Oil Futures,ICE,60m,FRONT_MONTH_CONTINUOUS,BRN1!,RECONSTRUCTED_FROM_DAILY,See methodology_and_sources.md,109.04,109.04,109.02,109.02,0,USD,9780.97,9780.97,9779,9779,89.7,india_midday,none,ESTIMATED_FROM_DAILY_OHLC_USING_SESSION_HEURISTICS_NOT_REAL_INTRADAY_DATA
2026-05-06T15:30:00+0530,2026-05-06T15:30:00+0530,06-05-2026,Brent,Brent Crude Oil Futures,ICE,60m,FRONT_MONTH_CONTINUOUS,BRN1!,RECONSTRUCTED_FROM_DAILY,See methodology_and_sources.md,109.02,109.02,109,109,0,USD,9779,9779,9777.41,9777.41,89.7,europe_open,first_30m_after_europe_open,ESTIMATED_FROM_DAILY_OHLC_USING_SESSION_HEURISTICS_NOT_REAL_INTRADAY_DATA
2026-05-06T16:30:00+0530,2026-05-06T16:30:00+0530,06-05-2026,Brent,Brent Crude Oil Futures,ICE,60m,FRONT_MONTH_CONTINUOUS,BRN1!,RECONSTRUCTED_FROM_DAILY,See methodology_and_sources.md,109,109,109,109,0,USD,9777.41,9777.41,9777.02,9777.02,89.7,europe_open,none,ESTIMATED_FROM_DAILY_OHLC_USING_SESSION_HEURISTICS_NOT_REAL_INTRADAY_DATA
2026-05-06T17:30:00+0530,2026-05-06T17:30:00+0530,06-05-2026,Brent,Brent Crude Oil Futures,ICE,60m,FRONT_MONTH_CONTINUOUS,BRN1!,RECONSTRUCTED_FROM_DAILY,See methodology_and_sources.md,109,109.01,109,109.01,0,USD,9777.02,9778.1,9777.02,9778.1,89.7,europe_mid,none,ESTIMATED_FROM_DAILY_OHLC_USING_SESSION_HEURISTICS_NOT_REAL_INTRADAY_DATA
2026-05-06T18:30:00+0530,2026-05-06T18:30:00+0530,06-05-2026,Brent,Brent Crude Oil Futures,ICE,60m,FRONT_MONTH_CONTINUOUS,BRN1!,RECONSTRUCTED_FROM_DAILY,See methodology_and_sources.md,109.01,109.02,109.01,109.02,0,USD,9778.1,9778.74,9778.1,9778.74,89.7,europe_mid,none,ESTIMATED_FROM_DAILY_OHLC_USING_SESSION_HEURISTICS_NOT_REAL_INTRADAY_DATA
2026-05-06T19:30:00+0530,2026-05-06T19:30:00+0530,06-05-2026,Brent,Brent Crude Oil Futures,ICE,60m,FRONT_MONTH_CONTINUOUS,BRN1!,RECONSTRUCTED_FROM_DAILY,See methodology_and_sources.md,109.02,109.02,109.02,109.02,0,USD,9778.74,9778.74,9778.68,9778.68,89.7,europe_mid,none,ESTIMATED_FROM_DAILY_OHLC_USING_SESSION_HEURISTICS_NOT_REAL_INTRADAY_DATA
2026-05-06T20:30:00+0530,2026-05-06T20:30:00+0530,06-05-2026,Brent,Brent Crude Oil Futures,ICE,60m,FRONT_MONTH_CONTINUOUS,BRN1!,RECONSTRUCTED_FROM_DAILY,See methodology_and_sources.md,109.02,109.04,109.02,109.04,0,USD,9778.68,9781.29,9778.68,9781.29,89.7,us_pre_open,none,ESTIMATED_FROM_DAILY_OHLC_USING_SESSION_HEURISTICS_NOT_REAL_INTRADAY_DATA
2026-05-06T21:30:00+0530,2026-05-06T21:30:00+0530,06-05-2026,Brent,Brent Crude Oil Futures,ICE,60m,FRONT_MONTH_CONTINUOUS,BRN1!,RECONSTRUCTED_FROM_DAILY,See methodology_and_sources.md,109.04,109.04,109.03,109.03,0,USD,9781.29,9781.29,9780.43,9780.43,89.7,us_open,first_hour_after_us_open,ESTIMATED_FROM_DAILY_OHLC_USING_SESSION_HEURISTICS_NOT_REAL_INTRADAY_DATA
2026-05-06T22:30:00+0530,2026-05-06T22:30:00+0530,06-05-2026,Brent,Brent Crude Oil Futures,ICE,60m,FRONT_MONTH_CONTINUOUS,BRN1!,RECONSTRUCTED_FROM_DAILY,See methodology_and_sources.md,109.03,109.04,109.03,109.04,0,USD,9780.43,9780.61,9780.43,9780.61,89.7,us_open,final_hour_before_mcx_close,ESTIMATED_FROM_DAILY_OHLC_USING_SESSION_HEURISTICS_NOT_REAL_INTRADAY_DATA
2026-05-06T23:30:00+0530,2026-05-06T23:30:00+0530,06-05-2026,Brent,Brent Crude Oil Futures,ICE,60m,FRONT_MONTH_CONTINUOUS,BRN1!,RECONSTRUCTED_FROM_DAILY,See methodology_and_sources.md,109.04,110,109.04,110,0,USD,9780.61,9867,9780.61,9867,89.7,mcx_tail,none,ESTIMATED_FROM_DAILY_OHLC_USING_SESSION_HEURISTICS_NOT_REAL_INTRADAY_DATA
2026-05-07T00:30:00+0530,2026-05-07T00:30:00+0530,06-05-2026,Brent,Brent Crude Oil Futures,ICE,60m,FRONT_MONTH_CONTINUOUS,BRN1!,RECONSTRUCTED_FROM_DAILY,See methodology_and_sources.md,110,110,110,110,0,USD,9867,9867,9867,9867,89.7,other_valid_hours,none,ESTIMATED_FROM_DAILY_OHLC_USING_SESSION_HEURISTICS_NOT_REAL_INTRADAY_DATA
2026-05-07T03:30:00+0530,2026-05-07T03:30:00+0530,07-05-2026,Brent,Brent Crude Oil Futures,ICE,60m,FRONT_MONTH_CONTINUOUS,BRN1!,RECONSTRUCTED_FROM_DAILY,See methodology_and_sources.md,110,110,109.99,109.99,0,USD,9872.5,9872.5,9871.33,9871.33,89.75,global_reopen_pre_mcx,none,ESTIMATED_FROM_DAILY_OHLC_USING_SESSION_HEURISTICS_NOT_REAL_INTRADAY_DATA
2026-05-07T04:30:00+0530,2026-05-07T04:30:00+0530,07-05-2026,Brent,Brent Crude Oil Futures,ICE,60m,FRONT_MONTH_CONTINUOUS,BRN1!,RECONSTRUCTED_FROM_DAILY,See methodology_and_sources.md,109.99,109.99,109.99,109.99,0,USD,9871.33,9871.6,9871.33,9871.6,89.75,global_reopen_pre_mcx,none,ESTIMATED_FROM_DAILY_OHLC_USING_SESSION_HEURISTICS_NOT_REAL_INTRADAY_DATA
2026-05-07T05:30:00+0530,2026-05-07T05:30:00+0530,07-05-2026,Brent,Brent Crude Oil Futures,ICE,60m,FRONT_MONTH_CONTINUOUS,BRN1!,RECONSTRUCTED_FROM_DAILY,See methodology_and_sources.md,109.99,109.99,109.99,109.99,0,USD,9871.6,9871.83,9871.6,9871.83,89.75,global_reopen_pre_mcx,none,ESTIMATED_FROM_DAILY_OHLC_USING_SESSION_HEURISTICS_NOT_REAL_INTRADAY_DATA
2026-05-07T06:30:00+0530,2026-05-07T06:30:00+0530,07-05-2026,Brent,Brent Crude Oil Futures,ICE,60m,FRONT_MONTH_CONTINUOUS,BRN1!,RECONSTRUCTED_FROM_DAILY,See methodology_and_sources.md,109.99,109.99,109.97,109.97,0,USD,9871.83,9871.83,9869.85,9869.85,89.75,global_reopen_pre_mcx,none,ESTIMATED_FROM_DAILY_OHLC_USING_SESSION_HEURISTICS_NOT_REAL_INTRADAY_DATA
2026-05-07T07:30:00+0530,2026-05-07T07:30:00+0530,07-05-2026,Brent,Brent Crude Oil Futures,ICE,60m,FRONT_MONTH_CONTINUOUS,BRN1!,RECONSTRUCTED_FROM_DAILY,See methodology_and_sources.md,109.97,109.97,109.97,109.97,0,USD,9869.85,9870.06,9869.85,9870.06,89.75,global_reopen_pre_mcx,none,ESTIMATED_FROM_DAILY_OHLC_USING_SESSION_HEURISTICS_NOT_REAL_INTRADAY_DATA
2026-05-07T08:30:00+0530,2026-05-07T08:30:00+0530,07-05-2026,Brent,Brent Crude Oil Futures,ICE,60m,FRONT_MONTH_CONTINUOUS,BRN1!,RECONSTRUCTED_FROM_DAILY,See methodology_and_sources.md,109.97,109.99,109.97,109.99,0,USD,9870.06,9871.69,9870.06,9871.69,89.75,global_reopen_pre_mcx,none,ESTIMATED_FROM_DAILY_OHLC_USING_SESSION_HEURISTICS_NOT_REAL_INTRADAY_DATA
2026-05-07T09:30:00+0530,2026-05-07T09:30:00+0530,07-05-2026,Brent,Brent Crude Oil Futures,ICE,60m,FRONT_MONTH_CONTINUOUS,BRN1!,RECONSTRUCTED_FROM_DAILY,See methodology_and_sources.md,109.99,110.01,109.99,110.01,0,USD,9871.69,9873.08,9871.69,9873.08,89.75,mcx_open_drive,none,ESTIMATED_FROM_DAILY_OHLC_USING_SESSION_HEURISTICS_NOT_REAL_INTRADAY_DATA
2026-05-07T10:30:00+0530,2026-05-07T10:30:00+0530,07-05-2026,Brent,Brent Crude Oil Futures,ICE,60m,FRONT_MONTH_CONTINUOUS,BRN1!,RECONSTRUCTED_FROM_DAILY,See methodology_and_sources.md,110.01,110.01,110,110,0,USD,9873.08,9873.08,9872.2,9872.2,89.75,india_morning,none,ESTIMATED_FROM_DAILY_OHLC_USING_SESSION_HEURISTICS_NOT_REAL_INTRADAY_DATA
2026-05-07T11:30:00+0530,2026-05-07T11:30:00+0530,07-05-2026,Brent,Brent Crude Oil Futures,ICE,60m,FRONT_MONTH_CONTINUOUS,BRN1!,RECONSTRUCTED_FROM_DAILY,See methodology_and_sources.md,110,110,109.99,109.99,0,USD,9872.2,9872.2,9871.98,9871.98,89.75,india_morning,none,ESTIMATED_FROM_DAILY_OHLC_USING_SESSION_HEURISTICS_NOT_REAL_INTRADAY_DATA
2026-05-07T12:30:00+0530,2026-05-07T12:30:00+0530,07-05-2026,Brent,Brent Crude Oil Futures,ICE,60m,FRONT_MONTH_CONTINUOUS,BRN1!,RECONSTRUCTED_FROM_DAILY,See methodology_and_sources.md,109.99,110.03,109.99,110.03,0,USD,9871.98,9874.96,9871.98,9874.96,89.75,india_midday,none,ESTIMATED_FROM_DAILY_OHLC_USING_SESSION_HEURISTICS_NOT_REAL_INTRADAY_DATA
2026-05-07T13:30:00+0530,2026-05-07T13:30:00+0530,07-05-2026,Brent,Brent Crude Oil Futures,ICE,60m,FRONT_MONTH_CONTINUOUS,BRN1!,RECONSTRUCTED_FROM_DAILY,See methodology_and_sources.md,110.03,110.03,110.02,110.02,0,USD,9874.96,9874.96,9874.58,9874.58,89.75,india_midday,none,ESTIMATED_FROM_DAILY_OHLC_USING_SESSION_HEURISTICS_NOT_REAL_INTRADAY_DATA
2026-05-07T14:30:00+0530,2026-05-07T14:30:00+0530,07-05-2026,Brent,Brent Crude Oil Futures,ICE,60m,FRONT_MONTH_CONTINUOUS,BRN1!,RECONSTRUCTED_FROM_DAILY,See methodology_and_sources.md,110.02,110.03,110.02,110.03,0,USD,9874.58,9875.27,9874.58,9875.27,89.75,india_midday,none,ESTIMATED_FROM_DAILY_OHLC_USING_SESSION_HEURISTICS_NOT_REAL_INTRADAY_DATA
2026-05-07T15:30:00+0530,2026-05-07T15:30:00+0530,07-05-2026,Brent,Brent Crude Oil Futures,ICE,60m,FRONT_MONTH_CONTINUOUS,BRN1!,RECONSTRUCTED_FROM_DAILY,See methodology_and_sources.md,110.03,110.04,110.03,110.04,0,USD,9875.27,9876.4,9875.27,9876.4,89.75,europe_open,first_30m_after_europe_open,ESTIMATED_FROM_DAILY_OHLC_USING_SESSION_HEURISTICS_NOT_REAL_INTRADAY_DATA
2026-05-07T16:30:00+0530,2026-05-07T16:30:00+0530,07-05-2026,Brent,Brent Crude Oil Futures,ICE,60m,FRONT_MONTH_CONTINUOUS,BRN1!,RECONSTRUCTED_FROM_DAILY,See methodology_and_sources.md,110.04,110.06,110.04,110.06,0,USD,9876.4,9878.26,9876.4,9878.26,89.75,europe_open,none,ESTIMATED_FROM_DAILY_OHLC_USING_SESSION_HEURISTICS_NOT_REAL_INTRADAY_DATA
2026-05-07T17:30:00+0530,2026-05-07T17:30:00+0530,07-05-2026,Brent,Brent Crude Oil Futures,ICE,60m,FRONT_MONTH_CONTINUOUS,BRN1!,RECONSTRUCTED_FROM_DAILY,See methodology_and_sources.md,110.06,110.06,110.05,110.05,0,USD,9878.26,9878.26,9876.88,9876.88,89.75,europe_mid,none,ESTIMATED_FROM_DAILY_OHLC_USING_SESSION_HEURISTICS_NOT_REAL_INTRADAY_DATA
2026-05-07T18:30:00+0530,2026-05-07T18:30:00+0530,07-05-2026,Brent,Brent Crude Oil Futures,ICE,60m,FRONT_MONTH_CONTINUOUS,BRN1!,RECONSTRUCTED_FROM_DAILY,See methodology_and_sources.md,110.05,110.05,110.04,110.04,0,USD,9876.88,9876.88,9876.07,9876.07,89.75,europe_mid,none,ESTIMATED_FROM_DAILY_OHLC_USING_SESSION_HEURISTICS_NOT_REAL_INTRADAY_DATA
2026-05-07T19:30:00+0530,2026-05-07T19:30:00+0530,07-05-2026,Brent,Brent Crude Oil Futures,ICE,60m,FRONT_MONTH_CONTINUOUS,BRN1!,RECONSTRUCTED_FROM_DAILY,See methodology_and_sources.md,110.04,110.05,110.04,110.05,0,USD,9876.07,9877.04,9876.07,9877.04,89.75,europe_mid,none,ESTIMATED_FROM_DAILY_OHLC_USING_SESSION_HEURISTICS_NOT_REAL_INTRADAY_DATA
2026-05-07T20:30:00+0530,2026-05-07T20:30:00+0530,07-05-2026,Brent,Brent Crude Oil Futures,ICE,60m,FRONT_MONTH_CONTINUOUS,BRN1!,RECONSTRUCTED_FROM_DAILY,See methodology_and_sources.md,110.05,110.05,110.03,110.03,0,USD,9877.04,9877.04,9875.63,9875.63,89.75,us_pre_open,none,ESTIMATED_FROM_DAILY_OHLC_USING_SESSION_HEURISTICS_NOT_REAL_INTRADAY_DATA
2026-05-07T21:30:00+0530,2026-05-07T21:30:00+0530,07-05-2026,Brent,Brent Crude Oil Futures,ICE,60m,FRONT_MONTH_CONTINUOUS,BRN1!,RECONSTRUCTED_FROM_DAILY,See methodology_and_sources.md,110.03,110.03,110.03,110.03,0,USD,9875.63,9875.63,9875.4,9875.4,89.75,us_open,first_hour_after_us_open,ESTIMATED_FROM_DAILY_OHLC_USING_SESSION_HEURISTICS_NOT_REAL_INTRADAY_DATA
2026-05-07T22:30:00+0530,2026-05-07T22:30:00+0530,07-05-2026,Brent,Brent Crude Oil Futures,ICE,60m,FRONT_MONTH_CONTINUOUS,BRN1!,RECONSTRUCTED_FROM_DAILY,See methodology_and_sources.md,110.03,110.03,110.01,110.01,0,USD,9875.4,9875.4,9873.73,9873.73,89.75,us_open,final_hour_before_mcx_close,ESTIMATED_FROM_DAILY_OHLC_USING_SESSION_HEURISTICS_NOT_REAL_INTRADAY_DATA
2026-05-07T23:30:00+0530,2026-05-07T23:30:00+0530,07-05-2026,Brent,Brent Crude Oil Futures,ICE,60m,FRONT_MONTH_CONTINUOUS,BRN1!,RECONSTRUCTED_FROM_DAILY,See methodology_and_sources.md,110.01,110.01,110,110,0,USD,9873.73,9873.73,9872.5,9872.5,89.75,mcx_tail,none,ESTIMATED_FROM_DAILY_OHLC_USING_SESSION_HEURISTICS_NOT_REAL_INTRADAY_DATA
2026-05-08T00:30:00+0530,2026-05-08T00:30:00+0530,07-05-2026,Brent,Brent Crude Oil Futures,ICE,60m,FRONT_MONTH_CONTINUOUS,BRN1!,RECONSTRUCTED_FROM_DAILY,See methodology_and_sources.md,110,110,110,110,0,USD,9872.5,9872.5,9872.5,9872.5,89.75,other_valid_hours,none,ESTIMATED_FROM_DAILY_OHLC_USING_SESSION_HEURISTICS_NOT_REAL_INTRADAY_DATA
