timestamp_original,timestamp_ist,trade_date_ist,symbol,instrument_name,market,timeframe,contract_logic,contract_symbol,source_name,source_url,open_native,high_native,low_native,close_native,volume,currency_native,open_inr,high_inr,low_inr,close_inr,fx_rate_used,session_window_ist,sub_window_label,notes_data_quality
2026-03-27T03:30:00+0530,2026-03-27T03:30:00+0530,27-03-2026,MCX,MCX CRUDEOILM,MCX India,60m,APR_MAY_2026_EXPIRY,CRUDEOILM,RECONSTRUCTED_FROM_DAILY,See methodology_and_sources.md,8919,8919,8918.88,8918.88,0,INR,8919,8919,8918.88,8918.88,88,global_reopen_pre_mcx,none,ESTIMATED_FROM_DAILY_OHLC_USING_SESSION_HEURISTICS_NOT_REAL_INTRADAY_DATA
2026-03-27T04:30:00+0530,2026-03-27T04:30:00+0530,27-03-2026,MCX,MCX CRUDEOILM,MCX India,60m,APR_MAY_2026_EXPIRY,CRUDEOILM,RECONSTRUCTED_FROM_DAILY,See methodology_and_sources.md,8918.88,8919.47,8918.88,8919.47,0,INR,8918.88,8919.47,8918.88,8919.47,88,global_reopen_pre_mcx,none,ESTIMATED_FROM_DAILY_OHLC_USING_SESSION_HEURISTICS_NOT_REAL_INTRADAY_DATA
2026-03-27T05:30:00+0530,2026-03-27T05:30:00+0530,27-03-2026,MCX,MCX CRUDEOILM,MCX India,60m,APR_MAY_2026_EXPIRY,CRUDEOILM,RECONSTRUCTED_FROM_DAILY,See methodology_and_sources.md,8919.47,8919.47,8918.24,8918.24,0,INR,8919.47,8919.47,8918.24,8918.24,88,global_reopen_pre_mcx,none,ESTIMATED_FROM_DAILY_OHLC_USING_SESSION_HEURISTICS_NOT_REAL_INTRADAY_DATA
2026-03-27T06:30:00+0530,2026-03-27T06:30:00+0530,27-03-2026,MCX,MCX CRUDEOILM,MCX India,60m,APR_MAY_2026_EXPIRY,CRUDEOILM,RECONSTRUCTED_FROM_DAILY,See methodology_and_sources.md,8918.24,8918.24,8917.99,8917.99,0,INR,8918.24,8918.24,8917.99,8917.99,88,global_reopen_pre_mcx,none,ESTIMATED_FROM_DAILY_OHLC_USING_SESSION_HEURISTICS_NOT_REAL_INTRADAY_DATA
2026-03-27T07:30:00+0530,2026-03-27T07:30:00+0530,27-03-2026,MCX,MCX CRUDEOILM,MCX India,60m,APR_MAY_2026_EXPIRY,CRUDEOILM,RECONSTRUCTED_FROM_DAILY,See methodology_and_sources.md,8917.99,8917.99,8914.15,8914.15,0,INR,8917.99,8917.99,8914.15,8914.15,88,global_reopen_pre_mcx,none,ESTIMATED_FROM_DAILY_OHLC_USING_SESSION_HEURISTICS_NOT_REAL_INTRADAY_DATA
2026-03-27T08:30:00+0530,2026-03-27T08:30:00+0530,27-03-2026,MCX,MCX CRUDEOILM,MCX India,60m,APR_MAY_2026_EXPIRY,CRUDEOILM,RECONSTRUCTED_FROM_DAILY,See methodology_and_sources.md,8914.15,8918.09,8914.15,8918.09,0,INR,8914.15,8918.09,8914.15,8918.09,88,global_reopen_pre_mcx,none,ESTIMATED_FROM_DAILY_OHLC_USING_SESSION_HEURISTICS_NOT_REAL_INTRADAY_DATA
2026-03-27T09:30:00+0530,2026-03-27T09:30:00+0530,27-03-2026,MCX,MCX CRUDEOILM,MCX India,60m,APR_MAY_2026_EXPIRY,CRUDEOILM,RECONSTRUCTED_FROM_DAILY,See methodology_and_sources.md,8918.09,8918.09,8914.61,8914.61,0,INR,8918.09,8918.09,8914.61,8914.61,88,mcx_open_drive,none,ESTIMATED_FROM_DAILY_OHLC_USING_SESSION_HEURISTICS_NOT_REAL_INTRADAY_DATA
2026-03-27T10:30:00+0530,2026-03-27T10:30:00+0530,27-03-2026,MCX,MCX CRUDEOILM,MCX India,60m,APR_MAY_2026_EXPIRY,CRUDEOILM,RECONSTRUCTED_FROM_DAILY,See methodology_and_sources.md,8914.61,8914.61,8909.93,8909.93,0,INR,8914.61,8914.61,8909.93,8909.93,88,india_morning,none,ESTIMATED_FROM_DAILY_OHLC_USING_SESSION_HEURISTICS_NOT_REAL_INTRADAY_DATA
2026-03-27T11:30:00+0530,2026-03-27T11:30:00+0530,27-03-2026,MCX,MCX CRUDEOILM,MCX India,60m,APR_MAY_2026_EXPIRY,CRUDEOILM,RECONSTRUCTED_FROM_DAILY,See methodology_and_sources.md,8909.93,8910,8909.93,8910,0,INR,8909.93,8910,8909.93,8910,88,india_morning,none,ESTIMATED_FROM_DAILY_OHLC_USING_SESSION_HEURISTICS_NOT_REAL_INTRADAY_DATA
2026-03-27T12:30:00+0530,2026-03-27T12:30:00+0530,27-03-2026,MCX,MCX CRUDEOILM,MCX India,60m,APR_MAY_2026_EXPIRY,CRUDEOILM,RECONSTRUCTED_FROM_DAILY,See methodology_and_sources.md,8910,8911.2,8910,8911.2,0,INR,8910,8911.2,8910,8911.2,88,india_midday,none,ESTIMATED_FROM_DAILY_OHLC_USING_SESSION_HEURISTICS_NOT_REAL_INTRADAY_DATA
2026-03-27T13:30:00+0530,2026-03-27T13:30:00+0530,27-03-2026,MCX,MCX CRUDEOILM,MCX India,60m,APR_MAY_2026_EXPIRY,CRUDEOILM,RECONSTRUCTED_FROM_DAILY,See methodology_and_sources.md,8911.2,8919.84,8911.2,8919.84,0,INR,8911.2,8919.84,8911.2,8919.84,88,india_midday,none,ESTIMATED_FROM_DAILY_OHLC_USING_SESSION_HEURISTICS_NOT_REAL_INTRADAY_DATA
2026-03-27T14:30:00+0530,2026-03-27T14:30:00+0530,27-03-2026,MCX,MCX CRUDEOILM,MCX India,60m,APR_MAY_2026_EXPIRY,CRUDEOILM,RECONSTRUCTED_FROM_DAILY,See methodology_and_sources.md,8919.84,8923.18,8919.84,8923.18,0,INR,8919.84,8923.18,8919.84,8923.18,88,india_midday,none,ESTIMATED_FROM_DAILY_OHLC_USING_SESSION_HEURISTICS_NOT_REAL_INTRADAY_DATA
2026-03-27T15:30:00+0530,2026-03-27T15:30:00+0530,27-03-2026,MCX,MCX CRUDEOILM,MCX India,60m,APR_MAY_2026_EXPIRY,CRUDEOILM,RECONSTRUCTED_FROM_DAILY,See methodology_and_sources.md,8923.18,8925.2,8923.18,8925.2,0,INR,8923.18,8925.2,8923.18,8925.2,88,europe_open,first_30m_after_europe_open,ESTIMATED_FROM_DAILY_OHLC_USING_SESSION_HEURISTICS_NOT_REAL_INTRADAY_DATA
2026-03-27T16:30:00+0530,2026-03-27T16:30:00+0530,27-03-2026,MCX,MCX CRUDEOILM,MCX India,60m,APR_MAY_2026_EXPIRY,CRUDEOILM,RECONSTRUCTED_FROM_DAILY,See methodology_and_sources.md,8925.2,8925.2,8920.05,8920.05,0,INR,8925.2,8925.2,8920.05,8920.05,88,europe_open,none,ESTIMATED_FROM_DAILY_OHLC_USING_SESSION_HEURISTICS_NOT_REAL_INTRADAY_DATA
2026-03-27T17:30:00+0530,2026-03-27T17:30:00+0530,27-03-2026,MCX,MCX CRUDEOILM,MCX India,60m,APR_MAY_2026_EXPIRY,CRUDEOILM,RECONSTRUCTED_FROM_DAILY,See methodology_and_sources.md,8920.05,8920.05,8916.71,8916.71,0,INR,8920.05,8920.05,8916.71,8916.71,88,europe_mid,none,ESTIMATED_FROM_DAILY_OHLC_USING_SESSION_HEURISTICS_NOT_REAL_INTRADAY_DATA
2026-03-27T18:30:00+0530,2026-03-27T18:30:00+0530,27-03-2026,MCX,MCX CRUDEOILM,MCX India,60m,APR_MAY_2026_EXPIRY,CRUDEOILM,RECONSTRUCTED_FROM_DAILY,See methodology_and_sources.md,8916.71,8918.96,8916.71,8918.96,0,INR,8916.71,8918.96,8916.71,8918.96,88,europe_mid,none,ESTIMATED_FROM_DAILY_OHLC_USING_SESSION_HEURISTICS_NOT_REAL_INTRADAY_DATA
2026-03-27T19:30:00+0530,2026-03-27T19:30:00+0530,27-03-2026,MCX,MCX CRUDEOILM,MCX India,60m,APR_MAY_2026_EXPIRY,CRUDEOILM,RECONSTRUCTED_FROM_DAILY,See methodology_and_sources.md,8918.96,8921.8,8918.96,8921.8,0,INR,8918.96,8921.8,8918.96,8921.8,88,europe_mid,none,ESTIMATED_FROM_DAILY_OHLC_USING_SESSION_HEURISTICS_NOT_REAL_INTRADAY_DATA
2026-03-27T20:30:00+0530,2026-03-27T20:30:00+0530,27-03-2026,MCX,MCX CRUDEOILM,MCX India,60m,APR_MAY_2026_EXPIRY,CRUDEOILM,RECONSTRUCTED_FROM_DAILY,See methodology_and_sources.md,8921.8,8923.63,8921.8,8923.63,0,INR,8921.8,8923.63,8921.8,8923.63,88,us_pre_open,none,ESTIMATED_FROM_DAILY_OHLC_USING_SESSION_HEURISTICS_NOT_REAL_INTRADAY_DATA
2026-03-27T21:30:00+0530,2026-03-27T21:30:00+0530,27-03-2026,MCX,MCX CRUDEOILM,MCX India,60m,APR_MAY_2026_EXPIRY,CRUDEOILM,RECONSTRUCTED_FROM_DAILY,See methodology_and_sources.md,8923.63,8923.63,8918.33,8918.33,0,INR,8923.63,8923.63,8918.33,8918.33,88,us_open,first_hour_after_us_open,ESTIMATED_FROM_DAILY_OHLC_USING_SESSION_HEURISTICS_NOT_REAL_INTRADAY_DATA
2026-03-27T22:30:00+0530,2026-03-27T22:30:00+0530,27-03-2026,MCX,MCX CRUDEOILM,MCX India,60m,APR_MAY_2026_EXPIRY,CRUDEOILM,RECONSTRUCTED_FROM_DAILY,See methodology_and_sources.md,8918.33,8924.63,8918.33,8924.63,0,INR,8918.33,8924.63,8918.33,8924.63,88,us_open,final_hour_before_mcx_close,ESTIMATED_FROM_DAILY_OHLC_USING_SESSION_HEURISTICS_NOT_REAL_INTRADAY_DATA
2026-03-27T23:30:00+0530,2026-03-27T23:30:00+0530,27-03-2026,MCX,MCX CRUDEOILM,MCX India,60m,APR_MAY_2026_EXPIRY,CRUDEOILM,RECONSTRUCTED_FROM_DAILY,See methodology_and_sources.md,8924.63,8999,8924.63,8999,0,INR,8924.63,8999,8924.63,8999,88,mcx_tail,none,ESTIMATED_FROM_DAILY_OHLC_USING_SESSION_HEURISTICS_NOT_REAL_INTRADAY_DATA
2026-03-28T00:30:00+0530,2026-03-28T00:30:00+0530,27-03-2026,MCX,MCX CRUDEOILM,MCX India,60m,APR_MAY_2026_EXPIRY,CRUDEOILM,RECONSTRUCTED_FROM_DAILY,See methodology_and_sources.md,8999,8999,8999,8999,0,INR,8999,8999,8999,8999,88,other_valid_hours,none,ESTIMATED_FROM_DAILY_OHLC_USING_SESSION_HEURISTICS_NOT_REAL_INTRADAY_DATA
2026-03-30T03:30:00+0530,2026-03-30T03:30:00+0530,30-03-2026,MCX,MCX CRUDEOILM,MCX India,60m,APR_MAY_2026_EXPIRY,CRUDEOILM,RECONSTRUCTED_FROM_DAILY,See methodology_and_sources.md,9505,9505,9501.04,9501.04,0,INR,9505,9505,9501.04,9501.04,88.1,global_reopen_pre_mcx,none,ESTIMATED_FROM_DAILY_OHLC_USING_SESSION_HEURISTICS_NOT_REAL_INTRADAY_DATA
2026-03-30T04:30:00+0530,2026-03-30T04:30:00+0530,30-03-2026,MCX,MCX CRUDEOILM,MCX India,60m,APR_MAY_2026_EXPIRY,CRUDEOILM,RECONSTRUCTED_FROM_DAILY,See methodology_and_sources.md,9501.04,9502.6,9501.04,9502.6,0,INR,9501.04,9502.6,9501.04,9502.6,88.1,global_reopen_pre_mcx,none,ESTIMATED_FROM_DAILY_OHLC_USING_SESSION_HEURISTICS_NOT_REAL_INTRADAY_DATA
2026-03-30T05:30:00+0530,2026-03-30T05:30:00+0530,30-03-2026,MCX,MCX CRUDEOILM,MCX India,60m,APR_MAY_2026_EXPIRY,CRUDEOILM,RECONSTRUCTED_FROM_DAILY,See methodology_and_sources.md,9502.6,9502.6,9498.99,9498.99,0,INR,9502.6,9502.6,9498.99,9498.99,88.1,global_reopen_pre_mcx,none,ESTIMATED_FROM_DAILY_OHLC_USING_SESSION_HEURISTICS_NOT_REAL_INTRADAY_DATA
2026-03-30T06:30:00+0530,2026-03-30T06:30:00+0530,30-03-2026,MCX,MCX CRUDEOILM,MCX India,60m,APR_MAY_2026_EXPIRY,CRUDEOILM,RECONSTRUCTED_FROM_DAILY,See methodology_and_sources.md,9498.99,9498.99,9498.8,9498.8,0,INR,9498.99,9498.99,9498.8,9498.8,88.1,global_reopen_pre_mcx,none,ESTIMATED_FROM_DAILY_OHLC_USING_SESSION_HEURISTICS_NOT_REAL_INTRADAY_DATA
2026-03-30T07:30:00+0530,2026-03-30T07:30:00+0530,30-03-2026,MCX,MCX CRUDEOILM,MCX India,60m,APR_MAY_2026_EXPIRY,CRUDEOILM,RECONSTRUCTED_FROM_DAILY,See methodology_and_sources.md,9498.8,9498.8,9498.76,9498.76,0,INR,9498.8,9498.8,9498.76,9498.76,88.1,global_reopen_pre_mcx,none,ESTIMATED_FROM_DAILY_OHLC_USING_SESSION_HEURISTICS_NOT_REAL_INTRADAY_DATA
2026-03-30T08:30:00+0530,2026-03-30T08:30:00+0530,30-03-2026,MCX,MCX CRUDEOILM,MCX India,60m,APR_MAY_2026_EXPIRY,CRUDEOILM,RECONSTRUCTED_FROM_DAILY,See methodology_and_sources.md,9498.76,9503.84,9498.76,9503.84,0,INR,9498.76,9503.84,9498.76,9503.84,88.1,global_reopen_pre_mcx,none,ESTIMATED_FROM_DAILY_OHLC_USING_SESSION_HEURISTICS_NOT_REAL_INTRADAY_DATA
2026-03-30T09:30:00+0530,2026-03-30T09:30:00+0530,30-03-2026,MCX,MCX CRUDEOILM,MCX India,60m,APR_MAY_2026_EXPIRY,CRUDEOILM,RECONSTRUCTED_FROM_DAILY,See methodology_and_sources.md,9503.84,9504.63,9503.84,9504.63,0,INR,9503.84,9504.63,9503.84,9504.63,88.1,mcx_open_drive,none,ESTIMATED_FROM_DAILY_OHLC_USING_SESSION_HEURISTICS_NOT_REAL_INTRADAY_DATA
2026-03-30T10:30:00+0530,2026-03-30T10:30:00+0530,30-03-2026,MCX,MCX CRUDEOILM,MCX India,60m,APR_MAY_2026_EXPIRY,CRUDEOILM,RECONSTRUCTED_FROM_DAILY,See methodology_and_sources.md,9504.63,9504.63,9503.79,9503.79,0,INR,9504.63,9504.63,9503.79,9503.79,88.1,india_morning,none,ESTIMATED_FROM_DAILY_OHLC_USING_SESSION_HEURISTICS_NOT_REAL_INTRADAY_DATA
2026-03-30T11:30:00+0530,2026-03-30T11:30:00+0530,30-03-2026,MCX,MCX CRUDEOILM,MCX India,60m,APR_MAY_2026_EXPIRY,CRUDEOILM,RECONSTRUCTED_FROM_DAILY,See methodology_and_sources.md,9503.79,9505.88,9503.79,9505.88,0,INR,9503.79,9505.88,9503.79,9505.88,88.1,india_morning,none,ESTIMATED_FROM_DAILY_OHLC_USING_SESSION_HEURISTICS_NOT_REAL_INTRADAY_DATA
2026-03-30T12:30:00+0530,2026-03-30T12:30:00+0530,30-03-2026,MCX,MCX CRUDEOILM,MCX India,60m,APR_MAY_2026_EXPIRY,CRUDEOILM,RECONSTRUCTED_FROM_DAILY,See methodology_and_sources.md,9505.88,9505.88,9503.75,9503.75,0,INR,9505.88,9505.88,9503.75,9503.75,88.1,india_midday,none,ESTIMATED_FROM_DAILY_OHLC_USING_SESSION_HEURISTICS_NOT_REAL_INTRADAY_DATA
2026-03-30T13:30:00+0530,2026-03-30T13:30:00+0530,30-03-2026,MCX,MCX CRUDEOILM,MCX India,60m,APR_MAY_2026_EXPIRY,CRUDEOILM,RECONSTRUCTED_FROM_DAILY,See methodology_and_sources.md,9503.75,9503.75,9502.79,9502.79,0,INR,9503.75,9503.75,9502.79,9502.79,88.1,india_midday,none,ESTIMATED_FROM_DAILY_OHLC_USING_SESSION_HEURISTICS_NOT_REAL_INTRADAY_DATA
2026-03-30T14:30:00+0530,2026-03-30T14:30:00+0530,30-03-2026,MCX,MCX CRUDEOILM,MCX India,60m,APR_MAY_2026_EXPIRY,CRUDEOILM,RECONSTRUCTED_FROM_DAILY,See methodology_and_sources.md,9502.79,9505.97,9502.79,9505.97,0,INR,9502.79,9505.97,9502.79,9505.97,88.1,india_midday,none,ESTIMATED_FROM_DAILY_OHLC_USING_SESSION_HEURISTICS_NOT_REAL_INTRADAY_DATA
2026-03-30T15:30:00+0530,2026-03-30T15:30:00+0530,30-03-2026,MCX,MCX CRUDEOILM,MCX India,60m,APR_MAY_2026_EXPIRY,CRUDEOILM,RECONSTRUCTED_FROM_DAILY,See methodology_and_sources.md,9505.97,9510.25,9505.97,9510.25,0,INR,9505.97,9510.25,9505.97,9510.25,88.1,europe_open,first_30m_after_europe_open,ESTIMATED_FROM_DAILY_OHLC_USING_SESSION_HEURISTICS_NOT_REAL_INTRADAY_DATA
2026-03-30T16:30:00+0530,2026-03-30T16:30:00+0530,30-03-2026,MCX,MCX CRUDEOILM,MCX India,60m,APR_MAY_2026_EXPIRY,CRUDEOILM,RECONSTRUCTED_FROM_DAILY,See methodology_and_sources.md,9510.25,9510.25,9506.52,9506.52,0,INR,9510.25,9510.25,9506.52,9506.52,88.1,europe_open,none,ESTIMATED_FROM_DAILY_OHLC_USING_SESSION_HEURISTICS_NOT_REAL_INTRADAY_DATA
2026-03-30T17:30:00+0530,2026-03-30T17:30:00+0530,30-03-2026,MCX,MCX CRUDEOILM,MCX India,60m,APR_MAY_2026_EXPIRY,CRUDEOILM,RECONSTRUCTED_FROM_DAILY,See methodology_and_sources.md,9506.52,9506.52,9505.31,9505.31,0,INR,9506.52,9506.52,9505.31,9505.31,88.1,europe_mid,none,ESTIMATED_FROM_DAILY_OHLC_USING_SESSION_HEURISTICS_NOT_REAL_INTRADAY_DATA
2026-03-30T18:30:00+0530,2026-03-30T18:30:00+0530,30-03-2026,MCX,MCX CRUDEOILM,MCX India,60m,APR_MAY_2026_EXPIRY,CRUDEOILM,RECONSTRUCTED_FROM_DAILY,See methodology_and_sources.md,9505.31,9508.74,9505.31,9508.74,0,INR,9505.31,9508.74,9505.31,9508.74,88.1,europe_mid,none,ESTIMATED_FROM_DAILY_OHLC_USING_SESSION_HEURISTICS_NOT_REAL_INTRADAY_DATA
2026-03-30T19:30:00+0530,2026-03-30T19:30:00+0530,30-03-2026,MCX,MCX CRUDEOILM,MCX India,60m,APR_MAY_2026_EXPIRY,CRUDEOILM,RECONSTRUCTED_FROM_DAILY,See methodology_and_sources.md,9508.74,9510.54,9508.74,9510.54,0,INR,9508.74,9510.54,9508.74,9510.54,88.1,europe_mid,none,ESTIMATED_FROM_DAILY_OHLC_USING_SESSION_HEURISTICS_NOT_REAL_INTRADAY_DATA
2026-03-30T20:30:00+0530,2026-03-30T20:30:00+0530,30-03-2026,MCX,MCX CRUDEOILM,MCX India,60m,APR_MAY_2026_EXPIRY,CRUDEOILM,RECONSTRUCTED_FROM_DAILY,See methodology_and_sources.md,9510.54,9510.54,9507.94,9507.94,0,INR,9510.54,9510.54,9507.94,9507.94,88.1,us_pre_open,none,ESTIMATED_FROM_DAILY_OHLC_USING_SESSION_HEURISTICS_NOT_REAL_INTRADAY_DATA
2026-03-30T21:30:00+0530,2026-03-30T21:30:00+0530,30-03-2026,MCX,MCX CRUDEOILM,MCX India,60m,APR_MAY_2026_EXPIRY,CRUDEOILM,RECONSTRUCTED_FROM_DAILY,See methodology_and_sources.md,9507.94,9509.11,9507.94,9509.11,0,INR,9507.94,9509.11,9507.94,9509.11,88.1,us_open,first_hour_after_us_open,ESTIMATED_FROM_DAILY_OHLC_USING_SESSION_HEURISTICS_NOT_REAL_INTRADAY_DATA
2026-03-30T22:30:00+0530,2026-03-30T22:30:00+0530,30-03-2026,MCX,MCX CRUDEOILM,MCX India,60m,APR_MAY_2026_EXPIRY,CRUDEOILM,RECONSTRUCTED_FROM_DAILY,See methodology_and_sources.md,9509.11,9509.11,9507.83,9507.83,0,INR,9509.11,9509.11,9507.83,9507.83,88.1,us_open,final_hour_before_mcx_close,ESTIMATED_FROM_DAILY_OHLC_USING_SESSION_HEURISTICS_NOT_REAL_INTRADAY_DATA
2026-03-30T23:30:00+0530,2026-03-30T23:30:00+0530,30-03-2026,MCX,MCX CRUDEOILM,MCX India,60m,APR_MAY_2026_EXPIRY,CRUDEOILM,RECONSTRUCTED_FROM_DAILY,See methodology_and_sources.md,9507.83,9507.83,9396,9396,0,INR,9507.83,9507.83,9396,9396,88.1,mcx_tail,none,ESTIMATED_FROM_DAILY_OHLC_USING_SESSION_HEURISTICS_NOT_REAL_INTRADAY_DATA
2026-03-31T00:30:00+0530,2026-03-31T00:30:00+0530,30-03-2026,MCX,MCX CRUDEOILM,MCX India,60m,APR_MAY_2026_EXPIRY,CRUDEOILM,RECONSTRUCTED_FROM_DAILY,See methodology_and_sources.md,9396,9396,9396,9396,0,INR,9396,9396,9396,9396,88.1,other_valid_hours,none,ESTIMATED_FROM_DAILY_OHLC_USING_SESSION_HEURISTICS_NOT_REAL_INTRADAY_DATA
2026-03-31T03:30:00+0530,2026-03-31T03:30:00+0530,31-03-2026,MCX,MCX CRUDEOILM,MCX India,60m,APR_MAY_2026_EXPIRY,CRUDEOILM,RECONSTRUCTED_FROM_DAILY,See methodology_and_sources.md,9858,9858,9852.3,9852.3,0,INR,9858,9858,9852.3,9852.3,88.15,global_reopen_pre_mcx,none,ESTIMATED_FROM_DAILY_OHLC_USING_SESSION_HEURISTICS_NOT_REAL_INTRADAY_DATA
2026-03-31T04:30:00+0530,2026-03-31T04:30:00+0530,31-03-2026,MCX,MCX CRUDEOILM,MCX India,60m,APR_MAY_2026_EXPIRY,CRUDEOILM,RECONSTRUCTED_FROM_DAILY,See methodology_and_sources.md,9852.3,9852.3,9847.73,9847.73,0,INR,9852.3,9852.3,9847.73,9847.73,88.15,global_reopen_pre_mcx,none,ESTIMATED_FROM_DAILY_OHLC_USING_SESSION_HEURISTICS_NOT_REAL_INTRADAY_DATA
2026-03-31T05:30:00+0530,2026-03-31T05:30:00+0530,31-03-2026,MCX,MCX CRUDEOILM,MCX India,60m,APR_MAY_2026_EXPIRY,CRUDEOILM,RECONSTRUCTED_FROM_DAILY,See methodology_and_sources.md,9847.73,9847.73,9841.26,9841.26,0,INR,9847.73,9847.73,9841.26,9841.26,88.15,global_reopen_pre_mcx,none,ESTIMATED_FROM_DAILY_OHLC_USING_SESSION_HEURISTICS_NOT_REAL_INTRADAY_DATA
2026-03-31T06:30:00+0530,2026-03-31T06:30:00+0530,31-03-2026,MCX,MCX CRUDEOILM,MCX India,60m,APR_MAY_2026_EXPIRY,CRUDEOILM,RECONSTRUCTED_FROM_DAILY,See methodology_and_sources.md,9841.26,9841.26,9835.37,9835.37,0,INR,9841.26,9841.26,9835.37,9835.37,88.15,global_reopen_pre_mcx,none,ESTIMATED_FROM_DAILY_OHLC_USING_SESSION_HEURISTICS_NOT_REAL_INTRADAY_DATA
2026-03-31T07:30:00+0530,2026-03-31T07:30:00+0530,31-03-2026,MCX,MCX CRUDEOILM,MCX India,60m,APR_MAY_2026_EXPIRY,CRUDEOILM,RECONSTRUCTED_FROM_DAILY,See methodology_and_sources.md,9835.37,9835.37,9829.8,9829.8,0,INR,9835.37,9835.37,9829.8,9829.8,88.15,global_reopen_pre_mcx,none,ESTIMATED_FROM_DAILY_OHLC_USING_SESSION_HEURISTICS_NOT_REAL_INTRADAY_DATA
2026-03-31T08:30:00+0530,2026-03-31T08:30:00+0530,31-03-2026,MCX,MCX CRUDEOILM,MCX India,60m,APR_MAY_2026_EXPIRY,CRUDEOILM,RECONSTRUCTED_FROM_DAILY,See methodology_and_sources.md,9829.8,9829.8,9825.92,9825.92,0,INR,9829.8,9829.8,9825.92,9825.92,88.15,global_reopen_pre_mcx,none,ESTIMATED_FROM_DAILY_OHLC_USING_SESSION_HEURISTICS_NOT_REAL_INTRADAY_DATA
2026-03-31T09:30:00+0530,2026-03-31T09:30:00+0530,31-03-2026,MCX,MCX CRUDEOILM,MCX India,60m,APR_MAY_2026_EXPIRY,CRUDEOILM,RECONSTRUCTED_FROM_DAILY,See methodology_and_sources.md,9825.92,9826.21,9825.92,9826.21,0,INR,9825.92,9826.21,9825.92,9826.21,88.15,mcx_open_drive,none,ESTIMATED_FROM_DAILY_OHLC_USING_SESSION_HEURISTICS_NOT_REAL_INTRADAY_DATA
2026-03-31T10:30:00+0530,2026-03-31T10:30:00+0530,31-03-2026,MCX,MCX CRUDEOILM,MCX India,60m,APR_MAY_2026_EXPIRY,CRUDEOILM,RECONSTRUCTED_FROM_DAILY,See methodology_and_sources.md,9826.21,9826.21,9825.77,9825.77,0,INR,9826.21,9826.21,9825.77,9825.77,88.15,india_morning,none,ESTIMATED_FROM_DAILY_OHLC_USING_SESSION_HEURISTICS_NOT_REAL_INTRADAY_DATA
2026-03-31T11:30:00+0530,2026-03-31T11:30:00+0530,31-03-2026,MCX,MCX CRUDEOILM,MCX India,60m,APR_MAY_2026_EXPIRY,CRUDEOILM,RECONSTRUCTED_FROM_DAILY,See methodology_and_sources.md,9825.77,9825.77,9825.28,9825.28,0,INR,9825.77,9825.77,9825.28,9825.28,88.15,india_morning,none,ESTIMATED_FROM_DAILY_OHLC_USING_SESSION_HEURISTICS_NOT_REAL_INTRADAY_DATA
2026-03-31T12:30:00+0530,2026-03-31T12:30:00+0530,31-03-2026,MCX,MCX CRUDEOILM,MCX India,60m,APR_MAY_2026_EXPIRY,CRUDEOILM,RECONSTRUCTED_FROM_DAILY,See methodology_and_sources.md,9825.28,9825.28,9824.71,9824.71,0,INR,9825.28,9825.28,9824.71,9824.71,88.15,india_midday,none,ESTIMATED_FROM_DAILY_OHLC_USING_SESSION_HEURISTICS_NOT_REAL_INTRADAY_DATA
2026-03-31T13:30:00+0530,2026-03-31T13:30:00+0530,31-03-2026,MCX,MCX CRUDEOILM,MCX India,60m,APR_MAY_2026_EXPIRY,CRUDEOILM,RECONSTRUCTED_FROM_DAILY,See methodology_and_sources.md,9824.71,9825.89,9824.71,9825.89,0,INR,9824.71,9825.89,9824.71,9825.89,88.15,india_midday,none,ESTIMATED_FROM_DAILY_OHLC_USING_SESSION_HEURISTICS_NOT_REAL_INTRADAY_DATA
2026-03-31T14:30:00+0530,2026-03-31T14:30:00+0530,31-03-2026,MCX,MCX CRUDEOILM,MCX India,60m,APR_MAY_2026_EXPIRY,CRUDEOILM,RECONSTRUCTED_FROM_DAILY,See methodology_and_sources.md,9825.89,9825.89,9816.11,9816.11,0,INR,9825.89,9825.89,9816.11,9816.11,88.15,india_midday,none,ESTIMATED_FROM_DAILY_OHLC_USING_SESSION_HEURISTICS_NOT_REAL_INTRADAY_DATA
2026-03-31T15:30:00+0530,2026-03-31T15:30:00+0530,31-03-2026,MCX,MCX CRUDEOILM,MCX India,60m,APR_MAY_2026_EXPIRY,CRUDEOILM,RECONSTRUCTED_FROM_DAILY,See methodology_and_sources.md,9816.11,9817.35,9816.11,9817.35,0,INR,9816.11,9817.35,9816.11,9817.35,88.15,europe_open,first_30m_after_europe_open,ESTIMATED_FROM_DAILY_OHLC_USING_SESSION_HEURISTICS_NOT_REAL_INTRADAY_DATA
2026-03-31T16:30:00+0530,2026-03-31T16:30:00+0530,31-03-2026,MCX,MCX CRUDEOILM,MCX India,60m,APR_MAY_2026_EXPIRY,CRUDEOILM,RECONSTRUCTED_FROM_DAILY,See methodology_and_sources.md,9817.35,9817.35,9817.1,9817.1,0,INR,9817.35,9817.35,9817.1,9817.1,88.15,europe_open,none,ESTIMATED_FROM_DAILY_OHLC_USING_SESSION_HEURISTICS_NOT_REAL_INTRADAY_DATA
2026-03-31T17:30:00+0530,2026-03-31T17:30:00+0530,31-03-2026,MCX,MCX CRUDEOILM,MCX India,60m,APR_MAY_2026_EXPIRY,CRUDEOILM,RECONSTRUCTED_FROM_DAILY,See methodology_and_sources.md,9817.1,9818.08,9817.1,9818.08,0,INR,9817.1,9818.08,9817.1,9818.08,88.15,europe_mid,none,ESTIMATED_FROM_DAILY_OHLC_USING_SESSION_HEURISTICS_NOT_REAL_INTRADAY_DATA
2026-03-31T18:30:00+0530,2026-03-31T18:30:00+0530,31-03-2026,MCX,MCX CRUDEOILM,MCX India,60m,APR_MAY_2026_EXPIRY,CRUDEOILM,RECONSTRUCTED_FROM_DAILY,See methodology_and_sources.md,9818.08,9818.08,9813.67,9813.67,0,INR,9818.08,9818.08,9813.67,9813.67,88.15,europe_mid,none,ESTIMATED_FROM_DAILY_OHLC_USING_SESSION_HEURISTICS_NOT_REAL_INTRADAY_DATA
2026-03-31T19:30:00+0530,2026-03-31T19:30:00+0530,31-03-2026,MCX,MCX CRUDEOILM,MCX India,60m,APR_MAY_2026_EXPIRY,CRUDEOILM,RECONSTRUCTED_FROM_DAILY,See methodology_and_sources.md,9813.67,9813.67,9809.66,9809.66,0,INR,9813.67,9813.67,9809.66,9809.66,88.15,europe_mid,none,ESTIMATED_FROM_DAILY_OHLC_USING_SESSION_HEURISTICS_NOT_REAL_INTRADAY_DATA
2026-03-31T20:30:00+0530,2026-03-31T20:30:00+0530,31-03-2026,MCX,MCX CRUDEOILM,MCX India,60m,APR_MAY_2026_EXPIRY,CRUDEOILM,RECONSTRUCTED_FROM_DAILY,See methodology_and_sources.md,9809.66,9811.93,9809.66,9811.93,0,INR,9809.66,9811.93,9809.66,9811.93,88.15,us_pre_open,none,ESTIMATED_FROM_DAILY_OHLC_USING_SESSION_HEURISTICS_NOT_REAL_INTRADAY_DATA
2026-03-31T21:30:00+0530,2026-03-31T21:30:00+0530,31-03-2026,MCX,MCX CRUDEOILM,MCX India,60m,APR_MAY_2026_EXPIRY,CRUDEOILM,RECONSTRUCTED_FROM_DAILY,See methodology_and_sources.md,9811.93,9814.74,9811.93,9814.74,0,INR,9811.93,9814.74,9811.93,9814.74,88.15,us_open,first_hour_after_us_open,ESTIMATED_FROM_DAILY_OHLC_USING_SESSION_HEURISTICS_NOT_REAL_INTRADAY_DATA
2026-03-31T22:30:00+0530,2026-03-31T22:30:00+0530,31-03-2026,MCX,MCX CRUDEOILM,MCX India,60m,APR_MAY_2026_EXPIRY,CRUDEOILM,RECONSTRUCTED_FROM_DAILY,See methodology_and_sources.md,9814.74,9814.74,9812.31,9812.31,0,INR,9814.74,9814.74,9812.31,9812.31,88.15,us_open,final_hour_before_mcx_close,ESTIMATED_FROM_DAILY_OHLC_USING_SESSION_HEURISTICS_NOT_REAL_INTRADAY_DATA
2026-03-31T23:30:00+0530,2026-03-31T23:30:00+0530,31-03-2026,MCX,MCX CRUDEOILM,MCX India,60m,APR_MAY_2026_EXPIRY,CRUDEOILM,RECONSTRUCTED_FROM_DAILY,See methodology_and_sources.md,9812.31,9812.31,9807,9807,0,INR,9812.31,9812.31,9807,9807,88.15,mcx_tail,none,ESTIMATED_FROM_DAILY_OHLC_USING_SESSION_HEURISTICS_NOT_REAL_INTRADAY_DATA
2026-04-01T00:30:00+0530,2026-04-01T00:30:00+0530,31-03-2026,MCX,MCX CRUDEOILM,MCX India,60m,APR_MAY_2026_EXPIRY,CRUDEOILM,RECONSTRUCTED_FROM_DAILY,See methodology_and_sources.md,9807,9807,9807,9807,0,INR,9807,9807,9807,9807,88.15,other_valid_hours,none,ESTIMATED_FROM_DAILY_OHLC_USING_SESSION_HEURISTICS_NOT_REAL_INTRADAY_DATA
2026-04-01T03:30:00+0530,2026-04-01T03:30:00+0530,01-04-2026,MCX,MCX CRUDEOILM,MCX India,60m,APR_MAY_2026_EXPIRY,CRUDEOILM,RECONSTRUCTED_FROM_DAILY,See methodology_and_sources.md,9672,9675.23,9672,9675.23,0,INR,9672,9675.23,9672,9675.23,88.2,global_reopen_pre_mcx,none,ESTIMATED_FROM_DAILY_OHLC_USING_SESSION_HEURISTICS_NOT_REAL_INTRADAY_DATA
2026-04-01T04:30:00+0530,2026-04-01T04:30:00+0530,01-04-2026,MCX,MCX CRUDEOILM,MCX India,60m,APR_MAY_2026_EXPIRY,CRUDEOILM,RECONSTRUCTED_FROM_DAILY,See methodology_and_sources.md,9675.23,9679.02,9675.23,9679.02,0,INR,9675.23,9679.02,9675.23,9679.02,88.2,global_reopen_pre_mcx,none,ESTIMATED_FROM_DAILY_OHLC_USING_SESSION_HEURISTICS_NOT_REAL_INTRADAY_DATA
2026-04-01T05:30:00+0530,2026-04-01T05:30:00+0530,01-04-2026,MCX,MCX CRUDEOILM,MCX India,60m,APR_MAY_2026_EXPIRY,CRUDEOILM,RECONSTRUCTED_FROM_DAILY,See methodology_and_sources.md,9679.02,9679.02,9677.87,9677.87,0,INR,9679.02,9679.02,9677.87,9677.87,88.2,global_reopen_pre_mcx,none,ESTIMATED_FROM_DAILY_OHLC_USING_SESSION_HEURISTICS_NOT_REAL_INTRADAY_DATA
2026-04-01T06:30:00+0530,2026-04-01T06:30:00+0530,01-04-2026,MCX,MCX CRUDEOILM,MCX India,60m,APR_MAY_2026_EXPIRY,CRUDEOILM,RECONSTRUCTED_FROM_DAILY,See methodology_and_sources.md,9677.87,9677.87,9675.37,9675.37,0,INR,9677.87,9677.87,9675.37,9675.37,88.2,global_reopen_pre_mcx,none,ESTIMATED_FROM_DAILY_OHLC_USING_SESSION_HEURISTICS_NOT_REAL_INTRADAY_DATA
2026-04-01T07:30:00+0530,2026-04-01T07:30:00+0530,01-04-2026,MCX,MCX CRUDEOILM,MCX India,60m,APR_MAY_2026_EXPIRY,CRUDEOILM,RECONSTRUCTED_FROM_DAILY,See methodology_and_sources.md,9675.37,9675.37,9674.2,9674.2,0,INR,9675.37,9675.37,9674.2,9674.2,88.2,global_reopen_pre_mcx,none,ESTIMATED_FROM_DAILY_OHLC_USING_SESSION_HEURISTICS_NOT_REAL_INTRADAY_DATA
2026-04-01T08:30:00+0530,2026-04-01T08:30:00+0530,01-04-2026,MCX,MCX CRUDEOILM,MCX India,60m,APR_MAY_2026_EXPIRY,CRUDEOILM,RECONSTRUCTED_FROM_DAILY,See methodology_and_sources.md,9674.2,9675.28,9674.2,9675.28,0,INR,9674.2,9675.28,9674.2,9675.28,88.2,global_reopen_pre_mcx,none,ESTIMATED_FROM_DAILY_OHLC_USING_SESSION_HEURISTICS_NOT_REAL_INTRADAY_DATA
2026-04-01T09:30:00+0530,2026-04-01T09:30:00+0530,01-04-2026,MCX,MCX CRUDEOILM,MCX India,60m,APR_MAY_2026_EXPIRY,CRUDEOILM,RECONSTRUCTED_FROM_DAILY,See methodology_and_sources.md,9675.28,9675.95,9675.28,9675.95,0,INR,9675.28,9675.95,9675.28,9675.95,88.2,mcx_open_drive,none,ESTIMATED_FROM_DAILY_OHLC_USING_SESSION_HEURISTICS_NOT_REAL_INTRADAY_DATA
2026-04-01T10:30:00+0530,2026-04-01T10:30:00+0530,01-04-2026,MCX,MCX CRUDEOILM,MCX India,60m,APR_MAY_2026_EXPIRY,CRUDEOILM,RECONSTRUCTED_FROM_DAILY,See methodology_and_sources.md,9675.95,9679.44,9675.95,9679.44,0,INR,9675.95,9679.44,9675.95,9679.44,88.2,india_morning,none,ESTIMATED_FROM_DAILY_OHLC_USING_SESSION_HEURISTICS_NOT_REAL_INTRADAY_DATA
2026-04-01T11:30:00+0530,2026-04-01T11:30:00+0530,01-04-2026,MCX,MCX CRUDEOILM,MCX India,60m,APR_MAY_2026_EXPIRY,CRUDEOILM,RECONSTRUCTED_FROM_DAILY,See methodology_and_sources.md,9679.44,9682.43,9679.44,9682.43,0,INR,9679.44,9682.43,9679.44,9682.43,88.2,india_morning,none,ESTIMATED_FROM_DAILY_OHLC_USING_SESSION_HEURISTICS_NOT_REAL_INTRADAY_DATA
2026-04-01T12:30:00+0530,2026-04-01T12:30:00+0530,01-04-2026,MCX,MCX CRUDEOILM,MCX India,60m,APR_MAY_2026_EXPIRY,CRUDEOILM,RECONSTRUCTED_FROM_DAILY,See methodology_and_sources.md,9682.43,9684.65,9682.43,9684.65,0,INR,9682.43,9684.65,9682.43,9684.65,88.2,india_midday,none,ESTIMATED_FROM_DAILY_OHLC_USING_SESSION_HEURISTICS_NOT_REAL_INTRADAY_DATA
2026-04-01T13:30:00+0530,2026-04-01T13:30:00+0530,01-04-2026,MCX,MCX CRUDEOILM,MCX India,60m,APR_MAY_2026_EXPIRY,CRUDEOILM,RECONSTRUCTED_FROM_DAILY,See methodology_and_sources.md,9684.65,9685.13,9684.65,9685.13,0,INR,9684.65,9685.13,9684.65,9685.13,88.2,india_midday,none,ESTIMATED_FROM_DAILY_OHLC_USING_SESSION_HEURISTICS_NOT_REAL_INTRADAY_DATA
2026-04-01T14:30:00+0530,2026-04-01T14:30:00+0530,01-04-2026,MCX,MCX CRUDEOILM,MCX India,60m,APR_MAY_2026_EXPIRY,CRUDEOILM,RECONSTRUCTED_FROM_DAILY,See methodology_and_sources.md,9685.13,9690.83,9685.13,9690.83,0,INR,9685.13,9690.83,9685.13,9690.83,88.2,india_midday,none,ESTIMATED_FROM_DAILY_OHLC_USING_SESSION_HEURISTICS_NOT_REAL_INTRADAY_DATA
2026-04-01T15:30:00+0530,2026-04-01T15:30:00+0530,01-04-2026,MCX,MCX CRUDEOILM,MCX India,60m,APR_MAY_2026_EXPIRY,CRUDEOILM,RECONSTRUCTED_FROM_DAILY,See methodology_and_sources.md,9690.83,9696.89,9690.83,9696.89,0,INR,9690.83,9696.89,9690.83,9696.89,88.2,europe_open,first_30m_after_europe_open,ESTIMATED_FROM_DAILY_OHLC_USING_SESSION_HEURISTICS_NOT_REAL_INTRADAY_DATA
2026-04-01T16:30:00+0530,2026-04-01T16:30:00+0530,01-04-2026,MCX,MCX CRUDEOILM,MCX India,60m,APR_MAY_2026_EXPIRY,CRUDEOILM,RECONSTRUCTED_FROM_DAILY,See methodology_and_sources.md,9696.89,9696.89,9696.16,9696.16,0,INR,9696.89,9696.89,9696.16,9696.16,88.2,europe_open,none,ESTIMATED_FROM_DAILY_OHLC_USING_SESSION_HEURISTICS_NOT_REAL_INTRADAY_DATA
2026-04-01T17:30:00+0530,2026-04-01T17:30:00+0530,01-04-2026,MCX,MCX CRUDEOILM,MCX India,60m,APR_MAY_2026_EXPIRY,CRUDEOILM,RECONSTRUCTED_FROM_DAILY,See methodology_and_sources.md,9696.16,9698.81,9696.16,9698.81,0,INR,9696.16,9698.81,9696.16,9698.81,88.2,europe_mid,none,ESTIMATED_FROM_DAILY_OHLC_USING_SESSION_HEURISTICS_NOT_REAL_INTRADAY_DATA
2026-04-01T18:30:00+0530,2026-04-01T18:30:00+0530,01-04-2026,MCX,MCX CRUDEOILM,MCX India,60m,APR_MAY_2026_EXPIRY,CRUDEOILM,RECONSTRUCTED_FROM_DAILY,See methodology_and_sources.md,9698.81,9700.56,9698.81,9700.56,0,INR,9698.81,9700.56,9698.81,9700.56,88.2,europe_mid,none,ESTIMATED_FROM_DAILY_OHLC_USING_SESSION_HEURISTICS_NOT_REAL_INTRADAY_DATA
2026-04-01T19:30:00+0530,2026-04-01T19:30:00+0530,01-04-2026,MCX,MCX CRUDEOILM,MCX India,60m,APR_MAY_2026_EXPIRY,CRUDEOILM,RECONSTRUCTED_FROM_DAILY,See methodology_and_sources.md,9700.56,9700.91,9700.56,9700.91,0,INR,9700.56,9700.91,9700.56,9700.91,88.2,europe_mid,none,ESTIMATED_FROM_DAILY_OHLC_USING_SESSION_HEURISTICS_NOT_REAL_INTRADAY_DATA
2026-04-01T20:30:00+0530,2026-04-01T20:30:00+0530,01-04-2026,MCX,MCX CRUDEOILM,MCX India,60m,APR_MAY_2026_EXPIRY,CRUDEOILM,RECONSTRUCTED_FROM_DAILY,See methodology_and_sources.md,9700.91,9700.91,9700.9,9700.9,0,INR,9700.91,9700.91,9700.9,9700.9,88.2,us_pre_open,none,ESTIMATED_FROM_DAILY_OHLC_USING_SESSION_HEURISTICS_NOT_REAL_INTRADAY_DATA
2026-04-01T21:30:00+0530,2026-04-01T21:30:00+0530,01-04-2026,MCX,MCX CRUDEOILM,MCX India,60m,APR_MAY_2026_EXPIRY,CRUDEOILM,RECONSTRUCTED_FROM_DAILY,See methodology_and_sources.md,9700.9,9705.01,9700.9,9705.01,0,INR,9700.9,9705.01,9700.9,9705.01,88.2,us_open,first_hour_after_us_open,ESTIMATED_FROM_DAILY_OHLC_USING_SESSION_HEURISTICS_NOT_REAL_INTRADAY_DATA
2026-04-01T22:30:00+0530,2026-04-01T22:30:00+0530,01-04-2026,MCX,MCX CRUDEOILM,MCX India,60m,APR_MAY_2026_EXPIRY,CRUDEOILM,RECONSTRUCTED_FROM_DAILY,See methodology_and_sources.md,9705.01,9707.99,9705.01,9707.99,0,INR,9705.01,9707.99,9705.01,9707.99,88.2,us_open,final_hour_before_mcx_close,ESTIMATED_FROM_DAILY_OHLC_USING_SESSION_HEURISTICS_NOT_REAL_INTRADAY_DATA
2026-04-01T23:30:00+0530,2026-04-01T23:30:00+0530,01-04-2026,MCX,MCX CRUDEOILM,MCX India,60m,APR_MAY_2026_EXPIRY,CRUDEOILM,RECONSTRUCTED_FROM_DAILY,See methodology_and_sources.md,9707.99,9707.99,9563,9563,0,INR,9707.99,9707.99,9563,9563,88.2,mcx_tail,none,ESTIMATED_FROM_DAILY_OHLC_USING_SESSION_HEURISTICS_NOT_REAL_INTRADAY_DATA
2026-04-02T00:30:00+0530,2026-04-02T00:30:00+0530,01-04-2026,MCX,MCX CRUDEOILM,MCX India,60m,APR_MAY_2026_EXPIRY,CRUDEOILM,RECONSTRUCTED_FROM_DAILY,See methodology_and_sources.md,9563,9563,9563,9563,0,INR,9563,9563,9563,9563,88.2,other_valid_hours,none,ESTIMATED_FROM_DAILY_OHLC_USING_SESSION_HEURISTICS_NOT_REAL_INTRADAY_DATA
2026-04-02T03:30:00+0530,2026-04-02T03:30:00+0530,02-04-2026,MCX,MCX CRUDEOILM,MCX India,60m,APR_MAY_2026_EXPIRY,CRUDEOILM,RECONSTRUCTED_FROM_DAILY,See methodology_and_sources.md,9626,9632.34,9626,9632.34,0,INR,9626,9632.34,9626,9632.34,88.25,global_reopen_pre_mcx,none,ESTIMATED_FROM_DAILY_OHLC_USING_SESSION_HEURISTICS_NOT_REAL_INTRADAY_DATA
2026-04-02T04:30:00+0530,2026-04-02T04:30:00+0530,02-04-2026,MCX,MCX CRUDEOILM,MCX India,60m,APR_MAY_2026_EXPIRY,CRUDEOILM,RECONSTRUCTED_FROM_DAILY,See methodology_and_sources.md,9632.34,9632.34,9629.31,9629.31,0,INR,9632.34,9632.34,9629.31,9629.31,88.25,global_reopen_pre_mcx,none,ESTIMATED_FROM_DAILY_OHLC_USING_SESSION_HEURISTICS_NOT_REAL_INTRADAY_DATA
2026-04-02T05:30:00+0530,2026-04-02T05:30:00+0530,02-04-2026,MCX,MCX CRUDEOILM,MCX India,60m,APR_MAY_2026_EXPIRY,CRUDEOILM,RECONSTRUCTED_FROM_DAILY,See methodology_and_sources.md,9629.31,9629.31,9626,9626,0,INR,9629.31,9629.31,9626,9626,88.25,global_reopen_pre_mcx,none,ESTIMATED_FROM_DAILY_OHLC_USING_SESSION_HEURISTICS_NOT_REAL_INTRADAY_DATA
2026-04-02T06:30:00+0530,2026-04-02T06:30:00+0530,02-04-2026,MCX,MCX CRUDEOILM,MCX India,60m,APR_MAY_2026_EXPIRY,CRUDEOILM,RECONSTRUCTED_FROM_DAILY,See methodology_and_sources.md,9626,9626.62,9626,9626.62,0,INR,9626,9626.62,9626,9626.62,88.25,global_reopen_pre_mcx,none,ESTIMATED_FROM_DAILY_OHLC_USING_SESSION_HEURISTICS_NOT_REAL_INTRADAY_DATA
2026-04-02T07:30:00+0530,2026-04-02T07:30:00+0530,02-04-2026,MCX,MCX CRUDEOILM,MCX India,60m,APR_MAY_2026_EXPIRY,CRUDEOILM,RECONSTRUCTED_FROM_DAILY,See methodology_and_sources.md,9626.62,9626.62,9626,9626,0,INR,9626.62,9626.62,9626,9626,88.25,global_reopen_pre_mcx,none,ESTIMATED_FROM_DAILY_OHLC_USING_SESSION_HEURISTICS_NOT_REAL_INTRADAY_DATA
2026-04-02T08:30:00+0530,2026-04-02T08:30:00+0530,02-04-2026,MCX,MCX CRUDEOILM,MCX India,60m,APR_MAY_2026_EXPIRY,CRUDEOILM,RECONSTRUCTED_FROM_DAILY,See methodology_and_sources.md,9626,9627.94,9626,9627.94,0,INR,9626,9627.94,9626,9627.94,88.25,global_reopen_pre_mcx,none,ESTIMATED_FROM_DAILY_OHLC_USING_SESSION_HEURISTICS_NOT_REAL_INTRADAY_DATA
2026-04-02T09:30:00+0530,2026-04-02T09:30:00+0530,02-04-2026,MCX,MCX CRUDEOILM,MCX India,60m,APR_MAY_2026_EXPIRY,CRUDEOILM,RECONSTRUCTED_FROM_DAILY,See methodology_and_sources.md,9627.94,9627.94,9627.3,9627.3,0,INR,9627.94,9627.94,9627.3,9627.3,88.25,mcx_open_drive,none,ESTIMATED_FROM_DAILY_OHLC_USING_SESSION_HEURISTICS_NOT_REAL_INTRADAY_DATA
2026-04-02T10:30:00+0530,2026-04-02T10:30:00+0530,02-04-2026,MCX,MCX CRUDEOILM,MCX India,60m,APR_MAY_2026_EXPIRY,CRUDEOILM,RECONSTRUCTED_FROM_DAILY,See methodology_and_sources.md,9627.3,9630.36,9627.3,9630.36,0,INR,9627.3,9630.36,9627.3,9630.36,88.25,india_morning,none,ESTIMATED_FROM_DAILY_OHLC_USING_SESSION_HEURISTICS_NOT_REAL_INTRADAY_DATA
2026-04-02T11:30:00+0530,2026-04-02T11:30:00+0530,02-04-2026,MCX,MCX CRUDEOILM,MCX India,60m,APR_MAY_2026_EXPIRY,CRUDEOILM,RECONSTRUCTED_FROM_DAILY,See methodology_and_sources.md,9630.36,9630.36,9626,9626,0,INR,9630.36,9630.36,9626,9626,88.25,india_morning,none,ESTIMATED_FROM_DAILY_OHLC_USING_SESSION_HEURISTICS_NOT_REAL_INTRADAY_DATA
2026-04-02T12:30:00+0530,2026-04-02T12:30:00+0530,02-04-2026,MCX,MCX CRUDEOILM,MCX India,60m,APR_MAY_2026_EXPIRY,CRUDEOILM,RECONSTRUCTED_FROM_DAILY,See methodology_and_sources.md,9626,9629.6,9626,9629.6,0,INR,9626,9629.6,9626,9629.6,88.25,india_midday,none,ESTIMATED_FROM_DAILY_OHLC_USING_SESSION_HEURISTICS_NOT_REAL_INTRADAY_DATA
2026-04-02T13:30:00+0530,2026-04-02T13:30:00+0530,02-04-2026,MCX,MCX CRUDEOILM,MCX India,60m,APR_MAY_2026_EXPIRY,CRUDEOILM,RECONSTRUCTED_FROM_DAILY,See methodology_and_sources.md,9629.6,9629.6,9626,9626,0,INR,9629.6,9629.6,9626,9626,88.25,india_midday,none,ESTIMATED_FROM_DAILY_OHLC_USING_SESSION_HEURISTICS_NOT_REAL_INTRADAY_DATA
2026-04-02T14:30:00+0530,2026-04-02T14:30:00+0530,02-04-2026,MCX,MCX CRUDEOILM,MCX India,60m,APR_MAY_2026_EXPIRY,CRUDEOILM,RECONSTRUCTED_FROM_DAILY,See methodology_and_sources.md,9626,9626,9626,9626,0,INR,9626,9626,9626,9626,88.25,india_midday,none,ESTIMATED_FROM_DAILY_OHLC_USING_SESSION_HEURISTICS_NOT_REAL_INTRADAY_DATA
2026-04-02T15:30:00+0530,2026-04-02T15:30:00+0530,02-04-2026,MCX,MCX CRUDEOILM,MCX India,60m,APR_MAY_2026_EXPIRY,CRUDEOILM,RECONSTRUCTED_FROM_DAILY,See methodology_and_sources.md,9626,9630.44,9626,9630.44,0,INR,9626,9630.44,9626,9630.44,88.25,europe_open,first_30m_after_europe_open,ESTIMATED_FROM_DAILY_OHLC_USING_SESSION_HEURISTICS_NOT_REAL_INTRADAY_DATA
2026-04-02T16:30:00+0530,2026-04-02T16:30:00+0530,02-04-2026,MCX,MCX CRUDEOILM,MCX India,60m,APR_MAY_2026_EXPIRY,CRUDEOILM,RECONSTRUCTED_FROM_DAILY,See methodology_and_sources.md,9630.44,9630.44,9626,9626,0,INR,9630.44,9630.44,9626,9626,88.25,europe_open,none,ESTIMATED_FROM_DAILY_OHLC_USING_SESSION_HEURISTICS_NOT_REAL_INTRADAY_DATA
2026-04-02T17:30:00+0530,2026-04-02T17:30:00+0530,02-04-2026,MCX,MCX CRUDEOILM,MCX India,60m,APR_MAY_2026_EXPIRY,CRUDEOILM,RECONSTRUCTED_FROM_DAILY,See methodology_and_sources.md,9626,9626,9626,9626,0,INR,9626,9626,9626,9626,88.25,europe_mid,none,ESTIMATED_FROM_DAILY_OHLC_USING_SESSION_HEURISTICS_NOT_REAL_INTRADAY_DATA
2026-04-02T18:30:00+0530,2026-04-02T18:30:00+0530,02-04-2026,MCX,MCX CRUDEOILM,MCX India,60m,APR_MAY_2026_EXPIRY,CRUDEOILM,RECONSTRUCTED_FROM_DAILY,See methodology_and_sources.md,9626,9632.12,9626,9632.12,0,INR,9626,9632.12,9626,9632.12,88.25,europe_mid,none,ESTIMATED_FROM_DAILY_OHLC_USING_SESSION_HEURISTICS_NOT_REAL_INTRADAY_DATA
2026-04-02T19:30:00+0530,2026-04-02T19:30:00+0530,02-04-2026,MCX,MCX CRUDEOILM,MCX India,60m,APR_MAY_2026_EXPIRY,CRUDEOILM,RECONSTRUCTED_FROM_DAILY,See methodology_and_sources.md,9632.12,9632.12,9626.49,9626.49,0,INR,9632.12,9632.12,9626.49,9626.49,88.25,europe_mid,none,ESTIMATED_FROM_DAILY_OHLC_USING_SESSION_HEURISTICS_NOT_REAL_INTRADAY_DATA
2026-04-02T20:30:00+0530,2026-04-02T20:30:00+0530,02-04-2026,MCX,MCX CRUDEOILM,MCX India,60m,APR_MAY_2026_EXPIRY,CRUDEOILM,RECONSTRUCTED_FROM_DAILY,See methodology_and_sources.md,9626.49,9626.49,9626,9626,0,INR,9626.49,9626.49,9626,9626,88.25,us_pre_open,none,ESTIMATED_FROM_DAILY_OHLC_USING_SESSION_HEURISTICS_NOT_REAL_INTRADAY_DATA
2026-04-02T21:30:00+0530,2026-04-02T21:30:00+0530,02-04-2026,MCX,MCX CRUDEOILM,MCX India,60m,APR_MAY_2026_EXPIRY,CRUDEOILM,RECONSTRUCTED_FROM_DAILY,See methodology_and_sources.md,9626,9635.29,9626,9635.29,0,INR,9626,9635.29,9626,9635.29,88.25,us_open,first_hour_after_us_open,ESTIMATED_FROM_DAILY_OHLC_USING_SESSION_HEURISTICS_NOT_REAL_INTRADAY_DATA
2026-04-02T22:30:00+0530,2026-04-02T22:30:00+0530,02-04-2026,MCX,MCX CRUDEOILM,MCX India,60m,APR_MAY_2026_EXPIRY,CRUDEOILM,RECONSTRUCTED_FROM_DAILY,See methodology_and_sources.md,9635.29,9635.29,9634.4,9634.4,0,INR,9635.29,9635.29,9634.4,9634.4,88.25,us_open,final_hour_before_mcx_close,ESTIMATED_FROM_DAILY_OHLC_USING_SESSION_HEURISTICS_NOT_REAL_INTRADAY_DATA
2026-04-02T23:30:00+0530,2026-04-02T23:30:00+0530,02-04-2026,MCX,MCX CRUDEOILM,MCX India,60m,APR_MAY_2026_EXPIRY,CRUDEOILM,RECONSTRUCTED_FROM_DAILY,See methodology_and_sources.md,9634.4,9634.4,9256,9256,0,INR,9634.4,9634.4,9256,9256,88.25,mcx_tail,none,ESTIMATED_FROM_DAILY_OHLC_USING_SESSION_HEURISTICS_NOT_REAL_INTRADAY_DATA
2026-04-03T00:30:00+0530,2026-04-03T00:30:00+0530,02-04-2026,MCX,MCX CRUDEOILM,MCX India,60m,APR_MAY_2026_EXPIRY,CRUDEOILM,RECONSTRUCTED_FROM_DAILY,See methodology_and_sources.md,9256,9256,9256,9256,0,INR,9256,9256,9256,9256,88.25,other_valid_hours,none,ESTIMATED_FROM_DAILY_OHLC_USING_SESSION_HEURISTICS_NOT_REAL_INTRADAY_DATA
2026-04-06T03:30:00+0530,2026-04-06T03:30:00+0530,06-04-2026,MCX,MCX CRUDEOILM,MCX India,60m,APR_MAY_2026_EXPIRY,CRUDEOILM,RECONSTRUCTED_FROM_DAILY,See methodology_and_sources.md,10449,10450.11,10449,10450.11,0,INR,10449,10450.11,10449,10450.11,88.4,global_reopen_pre_mcx,none,ESTIMATED_FROM_DAILY_OHLC_USING_SESSION_HEURISTICS_NOT_REAL_INTRADAY_DATA
2026-04-06T04:30:00+0530,2026-04-06T04:30:00+0530,06-04-2026,MCX,MCX CRUDEOILM,MCX India,60m,APR_MAY_2026_EXPIRY,CRUDEOILM,RECONSTRUCTED_FROM_DAILY,See methodology_and_sources.md,10450.11,10450.11,10448.76,10448.76,0,INR,10450.11,10450.11,10448.76,10448.76,88.4,global_reopen_pre_mcx,none,ESTIMATED_FROM_DAILY_OHLC_USING_SESSION_HEURISTICS_NOT_REAL_INTRADAY_DATA
2026-04-06T05:30:00+0530,2026-04-06T05:30:00+0530,06-04-2026,MCX,MCX CRUDEOILM,MCX India,60m,APR_MAY_2026_EXPIRY,CRUDEOILM,RECONSTRUCTED_FROM_DAILY,See methodology_and_sources.md,10448.76,10449.92,10448.76,10449.92,0,INR,10448.76,10449.92,10448.76,10449.92,88.4,global_reopen_pre_mcx,none,ESTIMATED_FROM_DAILY_OHLC_USING_SESSION_HEURISTICS_NOT_REAL_INTRADAY_DATA
2026-04-06T06:30:00+0530,2026-04-06T06:30:00+0530,06-04-2026,MCX,MCX CRUDEOILM,MCX India,60m,APR_MAY_2026_EXPIRY,CRUDEOILM,RECONSTRUCTED_FROM_DAILY,See methodology_and_sources.md,10449.92,10452.78,10449.92,10452.78,0,INR,10449.92,10452.78,10449.92,10452.78,88.4,global_reopen_pre_mcx,none,ESTIMATED_FROM_DAILY_OHLC_USING_SESSION_HEURISTICS_NOT_REAL_INTRADAY_DATA
2026-04-06T07:30:00+0530,2026-04-06T07:30:00+0530,06-04-2026,MCX,MCX CRUDEOILM,MCX India,60m,APR_MAY_2026_EXPIRY,CRUDEOILM,RECONSTRUCTED_FROM_DAILY,See methodology_and_sources.md,10452.78,10452.78,10452.29,10452.29,0,INR,10452.78,10452.78,10452.29,10452.29,88.4,global_reopen_pre_mcx,none,ESTIMATED_FROM_DAILY_OHLC_USING_SESSION_HEURISTICS_NOT_REAL_INTRADAY_DATA
2026-04-06T08:30:00+0530,2026-04-06T08:30:00+0530,06-04-2026,MCX,MCX CRUDEOILM,MCX India,60m,APR_MAY_2026_EXPIRY,CRUDEOILM,RECONSTRUCTED_FROM_DAILY,See methodology_and_sources.md,10452.29,10453.34,10452.29,10453.34,0,INR,10452.29,10453.34,10452.29,10453.34,88.4,global_reopen_pre_mcx,none,ESTIMATED_FROM_DAILY_OHLC_USING_SESSION_HEURISTICS_NOT_REAL_INTRADAY_DATA
2026-04-06T09:30:00+0530,2026-04-06T09:30:00+0530,06-04-2026,MCX,MCX CRUDEOILM,MCX India,60m,APR_MAY_2026_EXPIRY,CRUDEOILM,RECONSTRUCTED_FROM_DAILY,See methodology_and_sources.md,10453.34,10456.95,10453.34,10456.95,0,INR,10453.34,10456.95,10453.34,10456.95,88.4,mcx_open_drive,none,ESTIMATED_FROM_DAILY_OHLC_USING_SESSION_HEURISTICS_NOT_REAL_INTRADAY_DATA
2026-04-06T10:30:00+0530,2026-04-06T10:30:00+0530,06-04-2026,MCX,MCX CRUDEOILM,MCX India,60m,APR_MAY_2026_EXPIRY,CRUDEOILM,RECONSTRUCTED_FROM_DAILY,See methodology_and_sources.md,10456.95,10456.95,10452.31,10452.31,0,INR,10456.95,10456.95,10452.31,10452.31,88.4,india_morning,none,ESTIMATED_FROM_DAILY_OHLC_USING_SESSION_HEURISTICS_NOT_REAL_INTRADAY_DATA
2026-04-06T11:30:00+0530,2026-04-06T11:30:00+0530,06-04-2026,MCX,MCX CRUDEOILM,MCX India,60m,APR_MAY_2026_EXPIRY,CRUDEOILM,RECONSTRUCTED_FROM_DAILY,See methodology_and_sources.md,10452.31,10452.59,10452.31,10452.59,0,INR,10452.31,10452.59,10452.31,10452.59,88.4,india_morning,none,ESTIMATED_FROM_DAILY_OHLC_USING_SESSION_HEURISTICS_NOT_REAL_INTRADAY_DATA
2026-04-06T12:30:00+0530,2026-04-06T12:30:00+0530,06-04-2026,MCX,MCX CRUDEOILM,MCX India,60m,APR_MAY_2026_EXPIRY,CRUDEOILM,RECONSTRUCTED_FROM_DAILY,See methodology_and_sources.md,10452.59,10456.49,10452.59,10456.49,0,INR,10452.59,10456.49,10452.59,10456.49,88.4,india_midday,none,ESTIMATED_FROM_DAILY_OHLC_USING_SESSION_HEURISTICS_NOT_REAL_INTRADAY_DATA
2026-04-06T13:30:00+0530,2026-04-06T13:30:00+0530,06-04-2026,MCX,MCX CRUDEOILM,MCX India,60m,APR_MAY_2026_EXPIRY,CRUDEOILM,RECONSTRUCTED_FROM_DAILY,See methodology_and_sources.md,10456.49,10460.16,10456.49,10460.16,0,INR,10456.49,10460.16,10456.49,10460.16,88.4,india_midday,none,ESTIMATED_FROM_DAILY_OHLC_USING_SESSION_HEURISTICS_NOT_REAL_INTRADAY_DATA
2026-04-06T14:30:00+0530,2026-04-06T14:30:00+0530,06-04-2026,MCX,MCX CRUDEOILM,MCX India,60m,APR_MAY_2026_EXPIRY,CRUDEOILM,RECONSTRUCTED_FROM_DAILY,See methodology_and_sources.md,10460.16,10460.16,10455.41,10455.41,0,INR,10460.16,10460.16,10455.41,10455.41,88.4,india_midday,none,ESTIMATED_FROM_DAILY_OHLC_USING_SESSION_HEURISTICS_NOT_REAL_INTRADAY_DATA
2026-04-06T15:30:00+0530,2026-04-06T15:30:00+0530,06-04-2026,MCX,MCX CRUDEOILM,MCX India,60m,APR_MAY_2026_EXPIRY,CRUDEOILM,RECONSTRUCTED_FROM_DAILY,See methodology_and_sources.md,10455.41,10457.8,10455.41,10457.8,0,INR,10455.41,10457.8,10455.41,10457.8,88.4,europe_open,first_30m_after_europe_open,ESTIMATED_FROM_DAILY_OHLC_USING_SESSION_HEURISTICS_NOT_REAL_INTRADAY_DATA
2026-04-06T16:30:00+0530,2026-04-06T16:30:00+0530,06-04-2026,MCX,MCX CRUDEOILM,MCX India,60m,APR_MAY_2026_EXPIRY,CRUDEOILM,RECONSTRUCTED_FROM_DAILY,See methodology_and_sources.md,10457.8,10457.8,10456.6,10456.6,0,INR,10457.8,10457.8,10456.6,10456.6,88.4,europe_open,none,ESTIMATED_FROM_DAILY_OHLC_USING_SESSION_HEURISTICS_NOT_REAL_INTRADAY_DATA
2026-04-06T17:30:00+0530,2026-04-06T17:30:00+0530,06-04-2026,MCX,MCX CRUDEOILM,MCX India,60m,APR_MAY_2026_EXPIRY,CRUDEOILM,RECONSTRUCTED_FROM_DAILY,See methodology_and_sources.md,10456.6,10456.6,10446.15,10446.15,0,INR,10456.6,10456.6,10446.15,10446.15,88.4,europe_mid,none,ESTIMATED_FROM_DAILY_OHLC_USING_SESSION_HEURISTICS_NOT_REAL_INTRADAY_DATA
2026-04-06T18:30:00+0530,2026-04-06T18:30:00+0530,06-04-2026,MCX,MCX CRUDEOILM,MCX India,60m,APR_MAY_2026_EXPIRY,CRUDEOILM,RECONSTRUCTED_FROM_DAILY,See methodology_and_sources.md,10446.15,10446.43,10446.15,10446.43,0,INR,10446.15,10446.43,10446.15,10446.43,88.4,europe_mid,none,ESTIMATED_FROM_DAILY_OHLC_USING_SESSION_HEURISTICS_NOT_REAL_INTRADAY_DATA
2026-04-06T19:30:00+0530,2026-04-06T19:30:00+0530,06-04-2026,MCX,MCX CRUDEOILM,MCX India,60m,APR_MAY_2026_EXPIRY,CRUDEOILM,RECONSTRUCTED_FROM_DAILY,See methodology_and_sources.md,10446.43,10461.72,10446.43,10461.72,0,INR,10446.43,10461.72,10446.43,10461.72,88.4,europe_mid,none,ESTIMATED_FROM_DAILY_OHLC_USING_SESSION_HEURISTICS_NOT_REAL_INTRADAY_DATA
2026-04-06T20:30:00+0530,2026-04-06T20:30:00+0530,06-04-2026,MCX,MCX CRUDEOILM,MCX India,60m,APR_MAY_2026_EXPIRY,CRUDEOILM,RECONSTRUCTED_FROM_DAILY,See methodology_and_sources.md,10461.72,10470.79,10461.72,10470.79,0,INR,10461.72,10470.79,10461.72,10470.79,88.4,us_pre_open,none,ESTIMATED_FROM_DAILY_OHLC_USING_SESSION_HEURISTICS_NOT_REAL_INTRADAY_DATA
2026-04-06T21:30:00+0530,2026-04-06T21:30:00+0530,06-04-2026,MCX,MCX CRUDEOILM,MCX India,60m,APR_MAY_2026_EXPIRY,CRUDEOILM,RECONSTRUCTED_FROM_DAILY,See methodology_and_sources.md,10470.79,10470.79,10457.7,10457.7,0,INR,10470.79,10470.79,10457.7,10457.7,88.4,us_open,first_hour_after_us_open,ESTIMATED_FROM_DAILY_OHLC_USING_SESSION_HEURISTICS_NOT_REAL_INTRADAY_DATA
2026-04-06T22:30:00+0530,2026-04-06T22:30:00+0530,06-04-2026,MCX,MCX CRUDEOILM,MCX India,60m,APR_MAY_2026_EXPIRY,CRUDEOILM,RECONSTRUCTED_FROM_DAILY,See methodology_and_sources.md,10457.7,10466.38,10457.7,10466.38,0,INR,10457.7,10466.38,10457.7,10466.38,88.4,us_open,final_hour_before_mcx_close,ESTIMATED_FROM_DAILY_OHLC_USING_SESSION_HEURISTICS_NOT_REAL_INTRADAY_DATA
2026-04-06T23:30:00+0530,2026-04-06T23:30:00+0530,06-04-2026,MCX,MCX CRUDEOILM,MCX India,60m,APR_MAY_2026_EXPIRY,CRUDEOILM,RECONSTRUCTED_FROM_DAILY,See methodology_and_sources.md,10466.38,10466.38,10403,10403,0,INR,10466.38,10466.38,10403,10403,88.4,mcx_tail,none,ESTIMATED_FROM_DAILY_OHLC_USING_SESSION_HEURISTICS_NOT_REAL_INTRADAY_DATA
2026-04-07T00:30:00+0530,2026-04-07T00:30:00+0530,06-04-2026,MCX,MCX CRUDEOILM,MCX India,60m,APR_MAY_2026_EXPIRY,CRUDEOILM,RECONSTRUCTED_FROM_DAILY,See methodology_and_sources.md,10403,10403,10403,10403,0,INR,10403,10403,10403,10403,88.4,other_valid_hours,none,ESTIMATED_FROM_DAILY_OHLC_USING_SESSION_HEURISTICS_NOT_REAL_INTRADAY_DATA
2026-04-07T03:30:00+0530,2026-04-07T03:30:00+0530,07-04-2026,MCX,MCX CRUDEOILM,MCX India,60m,APR_MAY_2026_EXPIRY,CRUDEOILM,RECONSTRUCTED_FROM_DAILY,See methodology_and_sources.md,10723,10724.92,10723,10724.92,0,INR,10723,10724.92,10723,10724.92,88.45,global_reopen_pre_mcx,none,ESTIMATED_FROM_DAILY_OHLC_USING_SESSION_HEURISTICS_NOT_REAL_INTRADAY_DATA
2026-04-07T04:30:00+0530,2026-04-07T04:30:00+0530,07-04-2026,MCX,MCX CRUDEOILM,MCX India,60m,APR_MAY_2026_EXPIRY,CRUDEOILM,RECONSTRUCTED_FROM_DAILY,See methodology_and_sources.md,10724.92,10724.92,10723.92,10723.92,0,INR,10724.92,10724.92,10723.92,10723.92,88.45,global_reopen_pre_mcx,none,ESTIMATED_FROM_DAILY_OHLC_USING_SESSION_HEURISTICS_NOT_REAL_INTRADAY_DATA
2026-04-07T05:30:00+0530,2026-04-07T05:30:00+0530,07-04-2026,MCX,MCX CRUDEOILM,MCX India,60m,APR_MAY_2026_EXPIRY,CRUDEOILM,RECONSTRUCTED_FROM_DAILY,See methodology_and_sources.md,10723.92,10723.92,10723.21,10723.21,0,INR,10723.92,10723.92,10723.21,10723.21,88.45,global_reopen_pre_mcx,none,ESTIMATED_FROM_DAILY_OHLC_USING_SESSION_HEURISTICS_NOT_REAL_INTRADAY_DATA
2026-04-07T06:30:00+0530,2026-04-07T06:30:00+0530,07-04-2026,MCX,MCX CRUDEOILM,MCX India,60m,APR_MAY_2026_EXPIRY,CRUDEOILM,RECONSTRUCTED_FROM_DAILY,See methodology_and_sources.md,10723.21,10726.52,10723.21,10726.52,0,INR,10723.21,10726.52,10723.21,10726.52,88.45,global_reopen_pre_mcx,none,ESTIMATED_FROM_DAILY_OHLC_USING_SESSION_HEURISTICS_NOT_REAL_INTRADAY_DATA
2026-04-07T07:30:00+0530,2026-04-07T07:30:00+0530,07-04-2026,MCX,MCX CRUDEOILM,MCX India,60m,APR_MAY_2026_EXPIRY,CRUDEOILM,RECONSTRUCTED_FROM_DAILY,See methodology_and_sources.md,10726.52,10733.63,10726.52,10733.63,0,INR,10726.52,10733.63,10726.52,10733.63,88.45,global_reopen_pre_mcx,none,ESTIMATED_FROM_DAILY_OHLC_USING_SESSION_HEURISTICS_NOT_REAL_INTRADAY_DATA
2026-04-07T08:30:00+0530,2026-04-07T08:30:00+0530,07-04-2026,MCX,MCX CRUDEOILM,MCX India,60m,APR_MAY_2026_EXPIRY,CRUDEOILM,RECONSTRUCTED_FROM_DAILY,See methodology_and_sources.md,10733.63,10733.63,10733.48,10733.48,0,INR,10733.63,10733.63,10733.48,10733.48,88.45,global_reopen_pre_mcx,none,ESTIMATED_FROM_DAILY_OHLC_USING_SESSION_HEURISTICS_NOT_REAL_INTRADAY_DATA
2026-04-07T09:30:00+0530,2026-04-07T09:30:00+0530,07-04-2026,MCX,MCX CRUDEOILM,MCX India,60m,APR_MAY_2026_EXPIRY,CRUDEOILM,RECONSTRUCTED_FROM_DAILY,See methodology_and_sources.md,10733.48,10741.38,10733.48,10741.38,0,INR,10733.48,10741.38,10733.48,10741.38,88.45,mcx_open_drive,none,ESTIMATED_FROM_DAILY_OHLC_USING_SESSION_HEURISTICS_NOT_REAL_INTRADAY_DATA
2026-04-07T10:30:00+0530,2026-04-07T10:30:00+0530,07-04-2026,MCX,MCX CRUDEOILM,MCX India,60m,APR_MAY_2026_EXPIRY,CRUDEOILM,RECONSTRUCTED_FROM_DAILY,See methodology_and_sources.md,10741.38,10741.38,10738.55,10738.55,0,INR,10741.38,10741.38,10738.55,10738.55,88.45,india_morning,none,ESTIMATED_FROM_DAILY_OHLC_USING_SESSION_HEURISTICS_NOT_REAL_INTRADAY_DATA
2026-04-07T11:30:00+0530,2026-04-07T11:30:00+0530,07-04-2026,MCX,MCX CRUDEOILM,MCX India,60m,APR_MAY_2026_EXPIRY,CRUDEOILM,RECONSTRUCTED_FROM_DAILY,See methodology_and_sources.md,10738.55,10740.9,10738.55,10740.9,0,INR,10738.55,10740.9,10738.55,10740.9,88.45,india_morning,none,ESTIMATED_FROM_DAILY_OHLC_USING_SESSION_HEURISTICS_NOT_REAL_INTRADAY_DATA
2026-04-07T12:30:00+0530,2026-04-07T12:30:00+0530,07-04-2026,MCX,MCX CRUDEOILM,MCX India,60m,APR_MAY_2026_EXPIRY,CRUDEOILM,RECONSTRUCTED_FROM_DAILY,See methodology_and_sources.md,10740.9,10740.9,10737.48,10737.48,0,INR,10740.9,10740.9,10737.48,10737.48,88.45,india_midday,none,ESTIMATED_FROM_DAILY_OHLC_USING_SESSION_HEURISTICS_NOT_REAL_INTRADAY_DATA
2026-04-07T13:30:00+0530,2026-04-07T13:30:00+0530,07-04-2026,MCX,MCX CRUDEOILM,MCX India,60m,APR_MAY_2026_EXPIRY,CRUDEOILM,RECONSTRUCTED_FROM_DAILY,See methodology_and_sources.md,10737.48,10737.48,10729.55,10729.55,0,INR,10737.48,10737.48,10729.55,10729.55,88.45,india_midday,none,ESTIMATED_FROM_DAILY_OHLC_USING_SESSION_HEURISTICS_NOT_REAL_INTRADAY_DATA
2026-04-07T14:30:00+0530,2026-04-07T14:30:00+0530,07-04-2026,MCX,MCX CRUDEOILM,MCX India,60m,APR_MAY_2026_EXPIRY,CRUDEOILM,RECONSTRUCTED_FROM_DAILY,See methodology_and_sources.md,10729.55,10740.55,10729.55,10740.55,0,INR,10729.55,10740.55,10729.55,10740.55,88.45,india_midday,none,ESTIMATED_FROM_DAILY_OHLC_USING_SESSION_HEURISTICS_NOT_REAL_INTRADAY_DATA
2026-04-07T15:30:00+0530,2026-04-07T15:30:00+0530,07-04-2026,MCX,MCX CRUDEOILM,MCX India,60m,APR_MAY_2026_EXPIRY,CRUDEOILM,RECONSTRUCTED_FROM_DAILY,See methodology_and_sources.md,10740.55,10740.55,10740.53,10740.53,0,INR,10740.55,10740.55,10740.53,10740.53,88.45,europe_open,first_30m_after_europe_open,ESTIMATED_FROM_DAILY_OHLC_USING_SESSION_HEURISTICS_NOT_REAL_INTRADAY_DATA
2026-04-07T16:30:00+0530,2026-04-07T16:30:00+0530,07-04-2026,MCX,MCX CRUDEOILM,MCX India,60m,APR_MAY_2026_EXPIRY,CRUDEOILM,RECONSTRUCTED_FROM_DAILY,See methodology_and_sources.md,10740.53,10741.74,10740.53,10741.74,0,INR,10740.53,10741.74,10740.53,10741.74,88.45,europe_open,none,ESTIMATED_FROM_DAILY_OHLC_USING_SESSION_HEURISTICS_NOT_REAL_INTRADAY_DATA
2026-04-07T17:30:00+0530,2026-04-07T17:30:00+0530,07-04-2026,MCX,MCX CRUDEOILM,MCX India,60m,APR_MAY_2026_EXPIRY,CRUDEOILM,RECONSTRUCTED_FROM_DAILY,See methodology_and_sources.md,10741.74,10743.16,10741.74,10743.16,0,INR,10741.74,10743.16,10741.74,10743.16,88.45,europe_mid,none,ESTIMATED_FROM_DAILY_OHLC_USING_SESSION_HEURISTICS_NOT_REAL_INTRADAY_DATA
2026-04-07T18:30:00+0530,2026-04-07T18:30:00+0530,07-04-2026,MCX,MCX CRUDEOILM,MCX India,60m,APR_MAY_2026_EXPIRY,CRUDEOILM,RECONSTRUCTED_FROM_DAILY,See methodology_and_sources.md,10743.16,10743.16,10731.53,10731.53,0,INR,10743.16,10743.16,10731.53,10731.53,88.45,europe_mid,none,ESTIMATED_FROM_DAILY_OHLC_USING_SESSION_HEURISTICS_NOT_REAL_INTRADAY_DATA
2026-04-07T19:30:00+0530,2026-04-07T19:30:00+0530,07-04-2026,MCX,MCX CRUDEOILM,MCX India,60m,APR_MAY_2026_EXPIRY,CRUDEOILM,RECONSTRUCTED_FROM_DAILY,See methodology_and_sources.md,10731.53,10731.53,10728.39,10728.39,0,INR,10731.53,10731.53,10728.39,10728.39,88.45,europe_mid,none,ESTIMATED_FROM_DAILY_OHLC_USING_SESSION_HEURISTICS_NOT_REAL_INTRADAY_DATA
2026-04-07T20:30:00+0530,2026-04-07T20:30:00+0530,07-04-2026,MCX,MCX CRUDEOILM,MCX India,60m,APR_MAY_2026_EXPIRY,CRUDEOILM,RECONSTRUCTED_FROM_DAILY,See methodology_and_sources.md,10728.39,10738.91,10728.39,10738.91,0,INR,10728.39,10738.91,10728.39,10738.91,88.45,us_pre_open,none,ESTIMATED_FROM_DAILY_OHLC_USING_SESSION_HEURISTICS_NOT_REAL_INTRADAY_DATA
2026-04-07T21:30:00+0530,2026-04-07T21:30:00+0530,07-04-2026,MCX,MCX CRUDEOILM,MCX India,60m,APR_MAY_2026_EXPIRY,CRUDEOILM,RECONSTRUCTED_FROM_DAILY,See methodology_and_sources.md,10738.91,10738.91,10731.34,10731.34,0,INR,10738.91,10738.91,10731.34,10731.34,88.45,us_open,first_hour_after_us_open,ESTIMATED_FROM_DAILY_OHLC_USING_SESSION_HEURISTICS_NOT_REAL_INTRADAY_DATA
2026-04-07T22:30:00+0530,2026-04-07T22:30:00+0530,07-04-2026,MCX,MCX CRUDEOILM,MCX India,60m,APR_MAY_2026_EXPIRY,CRUDEOILM,RECONSTRUCTED_FROM_DAILY,See methodology_and_sources.md,10731.34,10731.63,10731.34,10731.63,0,INR,10731.34,10731.63,10731.34,10731.63,88.45,us_open,final_hour_before_mcx_close,ESTIMATED_FROM_DAILY_OHLC_USING_SESSION_HEURISTICS_NOT_REAL_INTRADAY_DATA
2026-04-07T23:30:00+0530,2026-04-07T23:30:00+0530,07-04-2026,MCX,MCX CRUDEOILM,MCX India,60m,APR_MAY_2026_EXPIRY,CRUDEOILM,RECONSTRUCTED_FROM_DAILY,See methodology_and_sources.md,10731.63,10731.63,10585,10585,0,INR,10731.63,10731.63,10585,10585,88.45,mcx_tail,none,ESTIMATED_FROM_DAILY_OHLC_USING_SESSION_HEURISTICS_NOT_REAL_INTRADAY_DATA
2026-04-08T00:30:00+0530,2026-04-08T00:30:00+0530,07-04-2026,MCX,MCX CRUDEOILM,MCX India,60m,APR_MAY_2026_EXPIRY,CRUDEOILM,RECONSTRUCTED_FROM_DAILY,See methodology_and_sources.md,10585,10585,10585,10585,0,INR,10585,10585,10585,10585,88.45,other_valid_hours,none,ESTIMATED_FROM_DAILY_OHLC_USING_SESSION_HEURISTICS_NOT_REAL_INTRADAY_DATA
2026-04-08T03:30:00+0530,2026-04-08T03:30:00+0530,08-04-2026,MCX,MCX CRUDEOILM,MCX India,60m,APR_MAY_2026_EXPIRY,CRUDEOILM,RECONSTRUCTED_FROM_DAILY,See methodology_and_sources.md,10332,10332,10332,10332,0,INR,10332,10332,10332,10332,88.5,global_reopen_pre_mcx,none,ESTIMATED_FROM_DAILY_OHLC_USING_SESSION_HEURISTICS_NOT_REAL_INTRADAY_DATA
2026-04-08T04:30:00+0530,2026-04-08T04:30:00+0530,08-04-2026,MCX,MCX CRUDEOILM,MCX India,60m,APR_MAY_2026_EXPIRY,CRUDEOILM,RECONSTRUCTED_FROM_DAILY,See methodology_and_sources.md,10332,10332,10329.28,10329.28,0,INR,10332,10332,10329.28,10329.28,88.5,global_reopen_pre_mcx,none,ESTIMATED_FROM_DAILY_OHLC_USING_SESSION_HEURISTICS_NOT_REAL_INTRADAY_DATA
2026-04-08T05:30:00+0530,2026-04-08T05:30:00+0530,08-04-2026,MCX,MCX CRUDEOILM,MCX India,60m,APR_MAY_2026_EXPIRY,CRUDEOILM,RECONSTRUCTED_FROM_DAILY,See methodology_and_sources.md,10329.28,10332,10329.28,10332,0,INR,10329.28,10332,10329.28,10332,88.5,global_reopen_pre_mcx,none,ESTIMATED_FROM_DAILY_OHLC_USING_SESSION_HEURISTICS_NOT_REAL_INTRADAY_DATA
2026-04-08T06:30:00+0530,2026-04-08T06:30:00+0530,08-04-2026,MCX,MCX CRUDEOILM,MCX India,60m,APR_MAY_2026_EXPIRY,CRUDEOILM,RECONSTRUCTED_FROM_DAILY,See methodology_and_sources.md,10332,10332,10332,10332,0,INR,10332,10332,10332,10332,88.5,global_reopen_pre_mcx,none,ESTIMATED_FROM_DAILY_OHLC_USING_SESSION_HEURISTICS_NOT_REAL_INTRADAY_DATA
2026-04-08T07:30:00+0530,2026-04-08T07:30:00+0530,08-04-2026,MCX,MCX CRUDEOILM,MCX India,60m,APR_MAY_2026_EXPIRY,CRUDEOILM,RECONSTRUCTED_FROM_DAILY,See methodology_and_sources.md,10332,10332,10332,10332,0,INR,10332,10332,10332,10332,88.5,global_reopen_pre_mcx,none,ESTIMATED_FROM_DAILY_OHLC_USING_SESSION_HEURISTICS_NOT_REAL_INTRADAY_DATA
2026-04-08T08:30:00+0530,2026-04-08T08:30:00+0530,08-04-2026,MCX,MCX CRUDEOILM,MCX India,60m,APR_MAY_2026_EXPIRY,CRUDEOILM,RECONSTRUCTED_FROM_DAILY,See methodology_and_sources.md,10332,10332,10315.92,10315.92,0,INR,10332,10332,10315.92,10315.92,88.5,global_reopen_pre_mcx,none,ESTIMATED_FROM_DAILY_OHLC_USING_SESSION_HEURISTICS_NOT_REAL_INTRADAY_DATA
2026-04-08T09:30:00+0530,2026-04-08T09:30:00+0530,08-04-2026,MCX,MCX CRUDEOILM,MCX India,60m,APR_MAY_2026_EXPIRY,CRUDEOILM,RECONSTRUCTED_FROM_DAILY,See methodology_and_sources.md,10315.92,10315.92,10313.91,10313.91,0,INR,10315.92,10315.92,10313.91,10313.91,88.5,mcx_open_drive,none,ESTIMATED_FROM_DAILY_OHLC_USING_SESSION_HEURISTICS_NOT_REAL_INTRADAY_DATA
2026-04-08T10:30:00+0530,2026-04-08T10:30:00+0530,08-04-2026,MCX,MCX CRUDEOILM,MCX India,60m,APR_MAY_2026_EXPIRY,CRUDEOILM,RECONSTRUCTED_FROM_DAILY,See methodology_and_sources.md,10313.91,10313.91,10312.04,10312.04,0,INR,10313.91,10313.91,10312.04,10312.04,88.5,india_morning,none,ESTIMATED_FROM_DAILY_OHLC_USING_SESSION_HEURISTICS_NOT_REAL_INTRADAY_DATA
2026-04-08T11:30:00+0530,2026-04-08T11:30:00+0530,08-04-2026,MCX,MCX CRUDEOILM,MCX India,60m,APR_MAY_2026_EXPIRY,CRUDEOILM,RECONSTRUCTED_FROM_DAILY,See methodology_and_sources.md,10312.04,10315.36,10312.04,10315.36,0,INR,10312.04,10315.36,10312.04,10315.36,88.5,india_morning,none,ESTIMATED_FROM_DAILY_OHLC_USING_SESSION_HEURISTICS_NOT_REAL_INTRADAY_DATA
2026-04-08T12:30:00+0530,2026-04-08T12:30:00+0530,08-04-2026,MCX,MCX CRUDEOILM,MCX India,60m,APR_MAY_2026_EXPIRY,CRUDEOILM,RECONSTRUCTED_FROM_DAILY,See methodology_and_sources.md,10315.36,10315.85,10315.36,10315.85,0,INR,10315.36,10315.85,10315.36,10315.85,88.5,india_midday,none,ESTIMATED_FROM_DAILY_OHLC_USING_SESSION_HEURISTICS_NOT_REAL_INTRADAY_DATA
2026-04-08T13:30:00+0530,2026-04-08T13:30:00+0530,08-04-2026,MCX,MCX CRUDEOILM,MCX India,60m,APR_MAY_2026_EXPIRY,CRUDEOILM,RECONSTRUCTED_FROM_DAILY,See methodology_and_sources.md,10315.85,10315.85,10315.29,10315.29,0,INR,10315.85,10315.85,10315.29,10315.29,88.5,india_midday,none,ESTIMATED_FROM_DAILY_OHLC_USING_SESSION_HEURISTICS_NOT_REAL_INTRADAY_DATA
2026-04-08T14:30:00+0530,2026-04-08T14:30:00+0530,08-04-2026,MCX,MCX CRUDEOILM,MCX India,60m,APR_MAY_2026_EXPIRY,CRUDEOILM,RECONSTRUCTED_FROM_DAILY,See methodology_and_sources.md,10315.29,10315.29,10309.44,10309.44,0,INR,10315.29,10315.29,10309.44,10309.44,88.5,india_midday,none,ESTIMATED_FROM_DAILY_OHLC_USING_SESSION_HEURISTICS_NOT_REAL_INTRADAY_DATA
2026-04-08T15:30:00+0530,2026-04-08T15:30:00+0530,08-04-2026,MCX,MCX CRUDEOILM,MCX India,60m,APR_MAY_2026_EXPIRY,CRUDEOILM,RECONSTRUCTED_FROM_DAILY,See methodology_and_sources.md,10309.44,10325.25,10309.44,10325.25,0,INR,10309.44,10325.25,10309.44,10325.25,88.5,europe_open,first_30m_after_europe_open,ESTIMATED_FROM_DAILY_OHLC_USING_SESSION_HEURISTICS_NOT_REAL_INTRADAY_DATA
2026-04-08T16:30:00+0530,2026-04-08T16:30:00+0530,08-04-2026,MCX,MCX CRUDEOILM,MCX India,60m,APR_MAY_2026_EXPIRY,CRUDEOILM,RECONSTRUCTED_FROM_DAILY,See methodology_and_sources.md,10325.25,10332,10325.25,10332,0,INR,10325.25,10332,10325.25,10332,88.5,europe_open,none,ESTIMATED_FROM_DAILY_OHLC_USING_SESSION_HEURISTICS_NOT_REAL_INTRADAY_DATA
2026-04-08T17:30:00+0530,2026-04-08T17:30:00+0530,08-04-2026,MCX,MCX CRUDEOILM,MCX India,60m,APR_MAY_2026_EXPIRY,CRUDEOILM,RECONSTRUCTED_FROM_DAILY,See methodology_and_sources.md,10332,10332,10330.06,10330.06,0,INR,10332,10332,10330.06,10330.06,88.5,europe_mid,none,ESTIMATED_FROM_DAILY_OHLC_USING_SESSION_HEURISTICS_NOT_REAL_INTRADAY_DATA
2026-04-08T18:30:00+0530,2026-04-08T18:30:00+0530,08-04-2026,MCX,MCX CRUDEOILM,MCX India,60m,APR_MAY_2026_EXPIRY,CRUDEOILM,RECONSTRUCTED_FROM_DAILY,See methodology_and_sources.md,10330.06,10330.06,10324.79,10324.79,0,INR,10330.06,10330.06,10324.79,10324.79,88.5,europe_mid,none,ESTIMATED_FROM_DAILY_OHLC_USING_SESSION_HEURISTICS_NOT_REAL_INTRADAY_DATA
2026-04-08T19:30:00+0530,2026-04-08T19:30:00+0530,08-04-2026,MCX,MCX CRUDEOILM,MCX India,60m,APR_MAY_2026_EXPIRY,CRUDEOILM,RECONSTRUCTED_FROM_DAILY,See methodology_and_sources.md,10324.79,10324.79,10321.49,10321.49,0,INR,10324.79,10324.79,10321.49,10321.49,88.5,europe_mid,none,ESTIMATED_FROM_DAILY_OHLC_USING_SESSION_HEURISTICS_NOT_REAL_INTRADAY_DATA
2026-04-08T20:30:00+0530,2026-04-08T20:30:00+0530,08-04-2026,MCX,MCX CRUDEOILM,MCX India,60m,APR_MAY_2026_EXPIRY,CRUDEOILM,RECONSTRUCTED_FROM_DAILY,See methodology_and_sources.md,10321.49,10327.84,10321.49,10327.84,0,INR,10321.49,10327.84,10321.49,10327.84,88.5,us_pre_open,none,ESTIMATED_FROM_DAILY_OHLC_USING_SESSION_HEURISTICS_NOT_REAL_INTRADAY_DATA
2026-04-08T21:30:00+0530,2026-04-08T21:30:00+0530,08-04-2026,MCX,MCX CRUDEOILM,MCX India,60m,APR_MAY_2026_EXPIRY,CRUDEOILM,RECONSTRUCTED_FROM_DAILY,See methodology_and_sources.md,10327.84,10327.84,10314.71,10314.71,0,INR,10327.84,10327.84,10314.71,10314.71,88.5,us_open,first_hour_after_us_open,ESTIMATED_FROM_DAILY_OHLC_USING_SESSION_HEURISTICS_NOT_REAL_INTRADAY_DATA
2026-04-08T22:30:00+0530,2026-04-08T22:30:00+0530,08-04-2026,MCX,MCX CRUDEOILM,MCX India,60m,APR_MAY_2026_EXPIRY,CRUDEOILM,RECONSTRUCTED_FROM_DAILY,See methodology_and_sources.md,10314.71,10314.71,10303.41,10303.41,0,INR,10314.71,10314.71,10303.41,10303.41,88.5,us_open,final_hour_before_mcx_close,ESTIMATED_FROM_DAILY_OHLC_USING_SESSION_HEURISTICS_NOT_REAL_INTRADAY_DATA
2026-04-08T23:30:00+0530,2026-04-08T23:30:00+0530,08-04-2026,MCX,MCX CRUDEOILM,MCX India,60m,APR_MAY_2026_EXPIRY,CRUDEOILM,RECONSTRUCTED_FROM_DAILY,See methodology_and_sources.md,10303.41,10303.41,8536,8536,0,INR,10303.41,10303.41,8536,8536,88.5,mcx_tail,none,ESTIMATED_FROM_DAILY_OHLC_USING_SESSION_HEURISTICS_NOT_REAL_INTRADAY_DATA
2026-04-09T00:30:00+0530,2026-04-09T00:30:00+0530,08-04-2026,MCX,MCX CRUDEOILM,MCX India,60m,APR_MAY_2026_EXPIRY,CRUDEOILM,RECONSTRUCTED_FROM_DAILY,See methodology_and_sources.md,8536,8536,8536,8536,0,INR,8536,8536,8536,8536,88.5,other_valid_hours,none,ESTIMATED_FROM_DAILY_OHLC_USING_SESSION_HEURISTICS_NOT_REAL_INTRADAY_DATA
2026-04-09T03:30:00+0530,2026-04-09T03:30:00+0530,09-04-2026,MCX,MCX CRUDEOILM,MCX India,60m,APR_MAY_2026_EXPIRY,CRUDEOILM,RECONSTRUCTED_FROM_DAILY,See methodology_and_sources.md,8977,8977,8975.39,8975.39,0,INR,8977,8977,8975.39,8975.39,88.55,global_reopen_pre_mcx,none,ESTIMATED_FROM_DAILY_OHLC_USING_SESSION_HEURISTICS_NOT_REAL_INTRADAY_DATA
2026-04-09T04:30:00+0530,2026-04-09T04:30:00+0530,09-04-2026,MCX,MCX CRUDEOILM,MCX India,60m,APR_MAY_2026_EXPIRY,CRUDEOILM,RECONSTRUCTED_FROM_DAILY,See methodology_and_sources.md,8975.39,8975.39,8971.25,8971.25,0,INR,8975.39,8975.39,8971.25,8971.25,88.55,global_reopen_pre_mcx,none,ESTIMATED_FROM_DAILY_OHLC_USING_SESSION_HEURISTICS_NOT_REAL_INTRADAY_DATA
2026-04-09T05:30:00+0530,2026-04-09T05:30:00+0530,09-04-2026,MCX,MCX CRUDEOILM,MCX India,60m,APR_MAY_2026_EXPIRY,CRUDEOILM,RECONSTRUCTED_FROM_DAILY,See methodology_and_sources.md,8971.25,8971.25,8968.59,8968.59,0,INR,8971.25,8971.25,8968.59,8968.59,88.55,global_reopen_pre_mcx,none,ESTIMATED_FROM_DAILY_OHLC_USING_SESSION_HEURISTICS_NOT_REAL_INTRADAY_DATA
2026-04-09T06:30:00+0530,2026-04-09T06:30:00+0530,09-04-2026,MCX,MCX CRUDEOILM,MCX India,60m,APR_MAY_2026_EXPIRY,CRUDEOILM,RECONSTRUCTED_FROM_DAILY,See methodology_and_sources.md,8968.59,8971.18,8968.59,8971.18,0,INR,8968.59,8971.18,8968.59,8971.18,88.55,global_reopen_pre_mcx,none,ESTIMATED_FROM_DAILY_OHLC_USING_SESSION_HEURISTICS_NOT_REAL_INTRADAY_DATA
2026-04-09T07:30:00+0530,2026-04-09T07:30:00+0530,09-04-2026,MCX,MCX CRUDEOILM,MCX India,60m,APR_MAY_2026_EXPIRY,CRUDEOILM,RECONSTRUCTED_FROM_DAILY,See methodology_and_sources.md,8971.18,8971.18,8970.39,8970.39,0,INR,8971.18,8971.18,8970.39,8970.39,88.55,global_reopen_pre_mcx,none,ESTIMATED_FROM_DAILY_OHLC_USING_SESSION_HEURISTICS_NOT_REAL_INTRADAY_DATA
2026-04-09T08:30:00+0530,2026-04-09T08:30:00+0530,09-04-2026,MCX,MCX CRUDEOILM,MCX India,60m,APR_MAY_2026_EXPIRY,CRUDEOILM,RECONSTRUCTED_FROM_DAILY,See methodology_and_sources.md,8970.39,8973.02,8970.39,8973.02,0,INR,8970.39,8973.02,8970.39,8973.02,88.55,global_reopen_pre_mcx,none,ESTIMATED_FROM_DAILY_OHLC_USING_SESSION_HEURISTICS_NOT_REAL_INTRADAY_DATA
2026-04-09T09:30:00+0530,2026-04-09T09:30:00+0530,09-04-2026,MCX,MCX CRUDEOILM,MCX India,60m,APR_MAY_2026_EXPIRY,CRUDEOILM,RECONSTRUCTED_FROM_DAILY,See methodology_and_sources.md,8973.02,8973.02,8972.02,8972.02,0,INR,8973.02,8973.02,8972.02,8972.02,88.55,mcx_open_drive,none,ESTIMATED_FROM_DAILY_OHLC_USING_SESSION_HEURISTICS_NOT_REAL_INTRADAY_DATA
2026-04-09T10:30:00+0530,2026-04-09T10:30:00+0530,09-04-2026,MCX,MCX CRUDEOILM,MCX India,60m,APR_MAY_2026_EXPIRY,CRUDEOILM,RECONSTRUCTED_FROM_DAILY,See methodology_and_sources.md,8972.02,8977.95,8972.02,8977.95,0,INR,8972.02,8977.95,8972.02,8977.95,88.55,india_morning,none,ESTIMATED_FROM_DAILY_OHLC_USING_SESSION_HEURISTICS_NOT_REAL_INTRADAY_DATA
2026-04-09T11:30:00+0530,2026-04-09T11:30:00+0530,09-04-2026,MCX,MCX CRUDEOILM,MCX India,60m,APR_MAY_2026_EXPIRY,CRUDEOILM,RECONSTRUCTED_FROM_DAILY,See methodology_and_sources.md,8977.95,8977.95,8971.72,8971.72,0,INR,8977.95,8977.95,8971.72,8971.72,88.55,india_morning,none,ESTIMATED_FROM_DAILY_OHLC_USING_SESSION_HEURISTICS_NOT_REAL_INTRADAY_DATA
2026-04-09T12:30:00+0530,2026-04-09T12:30:00+0530,09-04-2026,MCX,MCX CRUDEOILM,MCX India,60m,APR_MAY_2026_EXPIRY,CRUDEOILM,RECONSTRUCTED_FROM_DAILY,See methodology_and_sources.md,8971.72,8971.72,8965.52,8965.52,0,INR,8971.72,8971.72,8965.52,8965.52,88.55,india_midday,none,ESTIMATED_FROM_DAILY_OHLC_USING_SESSION_HEURISTICS_NOT_REAL_INTRADAY_DATA
2026-04-09T13:30:00+0530,2026-04-09T13:30:00+0530,09-04-2026,MCX,MCX CRUDEOILM,MCX India,60m,APR_MAY_2026_EXPIRY,CRUDEOILM,RECONSTRUCTED_FROM_DAILY,See methodology_and_sources.md,8965.52,8965.52,8965.07,8965.07,0,INR,8965.52,8965.52,8965.07,8965.07,88.55,india_midday,none,ESTIMATED_FROM_DAILY_OHLC_USING_SESSION_HEURISTICS_NOT_REAL_INTRADAY_DATA
2026-04-09T14:30:00+0530,2026-04-09T14:30:00+0530,09-04-2026,MCX,MCX CRUDEOILM,MCX India,60m,APR_MAY_2026_EXPIRY,CRUDEOILM,RECONSTRUCTED_FROM_DAILY,See methodology_and_sources.md,8965.07,8969.09,8965.07,8969.09,0,INR,8965.07,8969.09,8965.07,8969.09,88.55,india_midday,none,ESTIMATED_FROM_DAILY_OHLC_USING_SESSION_HEURISTICS_NOT_REAL_INTRADAY_DATA
2026-04-09T15:30:00+0530,2026-04-09T15:30:00+0530,09-04-2026,MCX,MCX CRUDEOILM,MCX India,60m,APR_MAY_2026_EXPIRY,CRUDEOILM,RECONSTRUCTED_FROM_DAILY,See methodology_and_sources.md,8969.09,8969.09,8964.96,8964.96,0,INR,8969.09,8969.09,8964.96,8964.96,88.55,europe_open,first_30m_after_europe_open,ESTIMATED_FROM_DAILY_OHLC_USING_SESSION_HEURISTICS_NOT_REAL_INTRADAY_DATA
2026-04-09T16:30:00+0530,2026-04-09T16:30:00+0530,09-04-2026,MCX,MCX CRUDEOILM,MCX India,60m,APR_MAY_2026_EXPIRY,CRUDEOILM,RECONSTRUCTED_FROM_DAILY,See methodology_and_sources.md,8964.96,8972.07,8964.96,8972.07,0,INR,8964.96,8972.07,8964.96,8972.07,88.55,europe_open,none,ESTIMATED_FROM_DAILY_OHLC_USING_SESSION_HEURISTICS_NOT_REAL_INTRADAY_DATA
2026-04-09T17:30:00+0530,2026-04-09T17:30:00+0530,09-04-2026,MCX,MCX CRUDEOILM,MCX India,60m,APR_MAY_2026_EXPIRY,CRUDEOILM,RECONSTRUCTED_FROM_DAILY,See methodology_and_sources.md,8972.07,8972.07,8971.58,8971.58,0,INR,8972.07,8972.07,8971.58,8971.58,88.55,europe_mid,none,ESTIMATED_FROM_DAILY_OHLC_USING_SESSION_HEURISTICS_NOT_REAL_INTRADAY_DATA
2026-04-09T18:30:00+0530,2026-04-09T18:30:00+0530,09-04-2026,MCX,MCX CRUDEOILM,MCX India,60m,APR_MAY_2026_EXPIRY,CRUDEOILM,RECONSTRUCTED_FROM_DAILY,See methodology_and_sources.md,8971.58,8971.58,8966.85,8966.85,0,INR,8971.58,8971.58,8966.85,8966.85,88.55,europe_mid,none,ESTIMATED_FROM_DAILY_OHLC_USING_SESSION_HEURISTICS_NOT_REAL_INTRADAY_DATA
2026-04-09T19:30:00+0530,2026-04-09T19:30:00+0530,09-04-2026,MCX,MCX CRUDEOILM,MCX India,60m,APR_MAY_2026_EXPIRY,CRUDEOILM,RECONSTRUCTED_FROM_DAILY,See methodology_and_sources.md,8966.85,8966.85,8961.45,8961.45,0,INR,8966.85,8966.85,8961.45,8961.45,88.55,europe_mid,none,ESTIMATED_FROM_DAILY_OHLC_USING_SESSION_HEURISTICS_NOT_REAL_INTRADAY_DATA
2026-04-09T20:30:00+0530,2026-04-09T20:30:00+0530,09-04-2026,MCX,MCX CRUDEOILM,MCX India,60m,APR_MAY_2026_EXPIRY,CRUDEOILM,RECONSTRUCTED_FROM_DAILY,See methodology_and_sources.md,8961.45,8961.45,8960.36,8960.36,0,INR,8961.45,8961.45,8960.36,8960.36,88.55,us_pre_open,none,ESTIMATED_FROM_DAILY_OHLC_USING_SESSION_HEURISTICS_NOT_REAL_INTRADAY_DATA
2026-04-09T21:30:00+0530,2026-04-09T21:30:00+0530,09-04-2026,MCX,MCX CRUDEOILM,MCX India,60m,APR_MAY_2026_EXPIRY,CRUDEOILM,RECONSTRUCTED_FROM_DAILY,See methodology_and_sources.md,8960.36,8963.75,8960.36,8963.75,0,INR,8960.36,8963.75,8960.36,8963.75,88.55,us_open,first_hour_after_us_open,ESTIMATED_FROM_DAILY_OHLC_USING_SESSION_HEURISTICS_NOT_REAL_INTRADAY_DATA
2026-04-09T22:30:00+0530,2026-04-09T22:30:00+0530,09-04-2026,MCX,MCX CRUDEOILM,MCX India,60m,APR_MAY_2026_EXPIRY,CRUDEOILM,RECONSTRUCTED_FROM_DAILY,See methodology_and_sources.md,8963.75,8967.9,8963.75,8967.9,0,INR,8963.75,8967.9,8963.75,8967.9,88.55,us_open,final_hour_before_mcx_close,ESTIMATED_FROM_DAILY_OHLC_USING_SESSION_HEURISTICS_NOT_REAL_INTRADAY_DATA
2026-04-09T23:30:00+0530,2026-04-09T23:30:00+0530,09-04-2026,MCX,MCX CRUDEOILM,MCX India,60m,APR_MAY_2026_EXPIRY,CRUDEOILM,RECONSTRUCTED_FROM_DAILY,See methodology_and_sources.md,8967.9,8967.9,8860,8860,0,INR,8967.9,8967.9,8860,8860,88.55,mcx_tail,none,ESTIMATED_FROM_DAILY_OHLC_USING_SESSION_HEURISTICS_NOT_REAL_INTRADAY_DATA
2026-04-10T00:30:00+0530,2026-04-10T00:30:00+0530,09-04-2026,MCX,MCX CRUDEOILM,MCX India,60m,APR_MAY_2026_EXPIRY,CRUDEOILM,RECONSTRUCTED_FROM_DAILY,See methodology_and_sources.md,8860,8860,8860,8860,0,INR,8860,8860,8860,8860,88.55,other_valid_hours,none,ESTIMATED_FROM_DAILY_OHLC_USING_SESSION_HEURISTICS_NOT_REAL_INTRADAY_DATA
2026-04-10T03:30:00+0530,2026-04-10T03:30:00+0530,10-04-2026,MCX,MCX CRUDEOILM,MCX India,60m,APR_MAY_2026_EXPIRY,CRUDEOILM,RECONSTRUCTED_FROM_DAILY,See methodology_and_sources.md,9155,9156.27,9155,9156.27,0,INR,9155,9156.27,9155,9156.27,88.6,global_reopen_pre_mcx,none,ESTIMATED_FROM_DAILY_OHLC_USING_SESSION_HEURISTICS_NOT_REAL_INTRADAY_DATA
2026-04-10T04:30:00+0530,2026-04-10T04:30:00+0530,10-04-2026,MCX,MCX CRUDEOILM,MCX India,60m,APR_MAY_2026_EXPIRY,CRUDEOILM,RECONSTRUCTED_FROM_DAILY,See methodology_and_sources.md,9156.27,9156.47,9156.27,9156.47,0,INR,9156.27,9156.47,9156.27,9156.47,88.6,global_reopen_pre_mcx,none,ESTIMATED_FROM_DAILY_OHLC_USING_SESSION_HEURISTICS_NOT_REAL_INTRADAY_DATA
2026-04-10T05:30:00+0530,2026-04-10T05:30:00+0530,10-04-2026,MCX,MCX CRUDEOILM,MCX India,60m,APR_MAY_2026_EXPIRY,CRUDEOILM,RECONSTRUCTED_FROM_DAILY,See methodology_and_sources.md,9156.47,9157.7,9156.47,9157.7,0,INR,9156.47,9157.7,9156.47,9157.7,88.6,global_reopen_pre_mcx,none,ESTIMATED_FROM_DAILY_OHLC_USING_SESSION_HEURISTICS_NOT_REAL_INTRADAY_DATA
2026-04-10T06:30:00+0530,2026-04-10T06:30:00+0530,10-04-2026,MCX,MCX CRUDEOILM,MCX India,60m,APR_MAY_2026_EXPIRY,CRUDEOILM,RECONSTRUCTED_FROM_DAILY,See methodology_and_sources.md,9157.7,9158.81,9157.7,9158.81,0,INR,9157.7,9158.81,9157.7,9158.81,88.6,global_reopen_pre_mcx,none,ESTIMATED_FROM_DAILY_OHLC_USING_SESSION_HEURISTICS_NOT_REAL_INTRADAY_DATA
2026-04-10T07:30:00+0530,2026-04-10T07:30:00+0530,10-04-2026,MCX,MCX CRUDEOILM,MCX India,60m,APR_MAY_2026_EXPIRY,CRUDEOILM,RECONSTRUCTED_FROM_DAILY,See methodology_and_sources.md,9158.81,9158.81,9158.78,9158.78,0,INR,9158.81,9158.81,9158.78,9158.78,88.6,global_reopen_pre_mcx,none,ESTIMATED_FROM_DAILY_OHLC_USING_SESSION_HEURISTICS_NOT_REAL_INTRADAY_DATA
2026-04-10T08:30:00+0530,2026-04-10T08:30:00+0530,10-04-2026,MCX,MCX CRUDEOILM,MCX India,60m,APR_MAY_2026_EXPIRY,CRUDEOILM,RECONSTRUCTED_FROM_DAILY,See methodology_and_sources.md,9158.78,9158.78,9158.38,9158.38,0,INR,9158.78,9158.78,9158.38,9158.38,88.6,global_reopen_pre_mcx,none,ESTIMATED_FROM_DAILY_OHLC_USING_SESSION_HEURISTICS_NOT_REAL_INTRADAY_DATA
2026-04-10T09:30:00+0530,2026-04-10T09:30:00+0530,10-04-2026,MCX,MCX CRUDEOILM,MCX India,60m,APR_MAY_2026_EXPIRY,CRUDEOILM,RECONSTRUCTED_FROM_DAILY,See methodology_and_sources.md,9158.38,9158.38,9157.98,9157.98,0,INR,9158.38,9158.38,9157.98,9157.98,88.6,mcx_open_drive,none,ESTIMATED_FROM_DAILY_OHLC_USING_SESSION_HEURISTICS_NOT_REAL_INTRADAY_DATA
2026-04-10T10:30:00+0530,2026-04-10T10:30:00+0530,10-04-2026,MCX,MCX CRUDEOILM,MCX India,60m,APR_MAY_2026_EXPIRY,CRUDEOILM,RECONSTRUCTED_FROM_DAILY,See methodology_and_sources.md,9157.98,9157.98,9156.48,9156.48,0,INR,9157.98,9157.98,9156.48,9156.48,88.6,india_morning,none,ESTIMATED_FROM_DAILY_OHLC_USING_SESSION_HEURISTICS_NOT_REAL_INTRADAY_DATA
2026-04-10T11:30:00+0530,2026-04-10T11:30:00+0530,10-04-2026,MCX,MCX CRUDEOILM,MCX India,60m,APR_MAY_2026_EXPIRY,CRUDEOILM,RECONSTRUCTED_FROM_DAILY,See methodology_and_sources.md,9156.48,9160.3,9156.48,9160.3,0,INR,9156.48,9160.3,9156.48,9160.3,88.6,india_morning,none,ESTIMATED_FROM_DAILY_OHLC_USING_SESSION_HEURISTICS_NOT_REAL_INTRADAY_DATA
2026-04-10T12:30:00+0530,2026-04-10T12:30:00+0530,10-04-2026,MCX,MCX CRUDEOILM,MCX India,60m,APR_MAY_2026_EXPIRY,CRUDEOILM,RECONSTRUCTED_FROM_DAILY,See methodology_and_sources.md,9160.3,9161.72,9160.3,9161.72,0,INR,9160.3,9161.72,9160.3,9161.72,88.6,india_midday,none,ESTIMATED_FROM_DAILY_OHLC_USING_SESSION_HEURISTICS_NOT_REAL_INTRADAY_DATA
2026-04-10T13:30:00+0530,2026-04-10T13:30:00+0530,10-04-2026,MCX,MCX CRUDEOILM,MCX India,60m,APR_MAY_2026_EXPIRY,CRUDEOILM,RECONSTRUCTED_FROM_DAILY,See methodology_and_sources.md,9161.72,9161.72,9161.33,9161.33,0,INR,9161.72,9161.72,9161.33,9161.33,88.6,india_midday,none,ESTIMATED_FROM_DAILY_OHLC_USING_SESSION_HEURISTICS_NOT_REAL_INTRADAY_DATA
2026-04-10T14:30:00+0530,2026-04-10T14:30:00+0530,10-04-2026,MCX,MCX CRUDEOILM,MCX India,60m,APR_MAY_2026_EXPIRY,CRUDEOILM,RECONSTRUCTED_FROM_DAILY,See methodology_and_sources.md,9161.33,9163.82,9161.33,9163.82,0,INR,9161.33,9163.82,9161.33,9163.82,88.6,india_midday,none,ESTIMATED_FROM_DAILY_OHLC_USING_SESSION_HEURISTICS_NOT_REAL_INTRADAY_DATA
2026-04-10T15:30:00+0530,2026-04-10T15:30:00+0530,10-04-2026,MCX,MCX CRUDEOILM,MCX India,60m,APR_MAY_2026_EXPIRY,CRUDEOILM,RECONSTRUCTED_FROM_DAILY,See methodology_and_sources.md,9163.82,9163.82,9162.15,9162.15,0,INR,9163.82,9163.82,9162.15,9162.15,88.6,europe_open,first_30m_after_europe_open,ESTIMATED_FROM_DAILY_OHLC_USING_SESSION_HEURISTICS_NOT_REAL_INTRADAY_DATA
2026-04-10T16:30:00+0530,2026-04-10T16:30:00+0530,10-04-2026,MCX,MCX CRUDEOILM,MCX India,60m,APR_MAY_2026_EXPIRY,CRUDEOILM,RECONSTRUCTED_FROM_DAILY,See methodology_and_sources.md,9162.15,9165.45,9162.15,9165.45,0,INR,9162.15,9165.45,9162.15,9165.45,88.6,europe_open,none,ESTIMATED_FROM_DAILY_OHLC_USING_SESSION_HEURISTICS_NOT_REAL_INTRADAY_DATA
2026-04-10T17:30:00+0530,2026-04-10T17:30:00+0530,10-04-2026,MCX,MCX CRUDEOILM,MCX India,60m,APR_MAY_2026_EXPIRY,CRUDEOILM,RECONSTRUCTED_FROM_DAILY,See methodology_and_sources.md,9165.45,9165.45,9160.73,9160.73,0,INR,9165.45,9165.45,9160.73,9160.73,88.6,europe_mid,none,ESTIMATED_FROM_DAILY_OHLC_USING_SESSION_HEURISTICS_NOT_REAL_INTRADAY_DATA
2026-04-10T18:30:00+0530,2026-04-10T18:30:00+0530,10-04-2026,MCX,MCX CRUDEOILM,MCX India,60m,APR_MAY_2026_EXPIRY,CRUDEOILM,RECONSTRUCTED_FROM_DAILY,See methodology_and_sources.md,9160.73,9160.73,9154.22,9154.22,0,INR,9160.73,9160.73,9154.22,9154.22,88.6,europe_mid,none,ESTIMATED_FROM_DAILY_OHLC_USING_SESSION_HEURISTICS_NOT_REAL_INTRADAY_DATA
2026-04-10T19:30:00+0530,2026-04-10T19:30:00+0530,10-04-2026,MCX,MCX CRUDEOILM,MCX India,60m,APR_MAY_2026_EXPIRY,CRUDEOILM,RECONSTRUCTED_FROM_DAILY,See methodology_and_sources.md,9154.22,9154.22,9153.24,9153.24,0,INR,9154.22,9154.22,9153.24,9153.24,88.6,europe_mid,none,ESTIMATED_FROM_DAILY_OHLC_USING_SESSION_HEURISTICS_NOT_REAL_INTRADAY_DATA
2026-04-10T20:30:00+0530,2026-04-10T20:30:00+0530,10-04-2026,MCX,MCX CRUDEOILM,MCX India,60m,APR_MAY_2026_EXPIRY,CRUDEOILM,RECONSTRUCTED_FROM_DAILY,See methodology_and_sources.md,9153.24,9153.24,9149.69,9149.69,0,INR,9153.24,9153.24,9149.69,9149.69,88.6,us_pre_open,none,ESTIMATED_FROM_DAILY_OHLC_USING_SESSION_HEURISTICS_NOT_REAL_INTRADAY_DATA
2026-04-10T21:30:00+0530,2026-04-10T21:30:00+0530,10-04-2026,MCX,MCX CRUDEOILM,MCX India,60m,APR_MAY_2026_EXPIRY,CRUDEOILM,RECONSTRUCTED_FROM_DAILY,See methodology_and_sources.md,9149.69,9153.55,9149.69,9153.55,0,INR,9149.69,9153.55,9149.69,9153.55,88.6,us_open,first_hour_after_us_open,ESTIMATED_FROM_DAILY_OHLC_USING_SESSION_HEURISTICS_NOT_REAL_INTRADAY_DATA
2026-04-10T22:30:00+0530,2026-04-10T22:30:00+0530,10-04-2026,MCX,MCX CRUDEOILM,MCX India,60m,APR_MAY_2026_EXPIRY,CRUDEOILM,RECONSTRUCTED_FROM_DAILY,See methodology_and_sources.md,9153.55,9159.31,9153.55,9159.31,0,INR,9153.55,9159.31,9153.55,9159.31,88.6,us_open,final_hour_before_mcx_close,ESTIMATED_FROM_DAILY_OHLC_USING_SESSION_HEURISTICS_NOT_REAL_INTRADAY_DATA
2026-04-10T23:30:00+0530,2026-04-10T23:30:00+0530,10-04-2026,MCX,MCX CRUDEOILM,MCX India,60m,APR_MAY_2026_EXPIRY,CRUDEOILM,RECONSTRUCTED_FROM_DAILY,See methodology_and_sources.md,9159.31,9159.31,8934,8934,0,INR,9159.31,9159.31,8934,8934,88.6,mcx_tail,none,ESTIMATED_FROM_DAILY_OHLC_USING_SESSION_HEURISTICS_NOT_REAL_INTRADAY_DATA
2026-04-11T00:30:00+0530,2026-04-11T00:30:00+0530,10-04-2026,MCX,MCX CRUDEOILM,MCX India,60m,APR_MAY_2026_EXPIRY,CRUDEOILM,RECONSTRUCTED_FROM_DAILY,See methodology_and_sources.md,8934,8934,8934,8934,0,INR,8934,8934,8934,8934,88.6,other_valid_hours,none,ESTIMATED_FROM_DAILY_OHLC_USING_SESSION_HEURISTICS_NOT_REAL_INTRADAY_DATA
2026-04-13T03:30:00+0530,2026-04-13T03:30:00+0530,13-04-2026,MCX,MCX CRUDEOILM,MCX India,60m,APR_MAY_2026_EXPIRY,CRUDEOILM,RECONSTRUCTED_FROM_DAILY,See methodology_and_sources.md,9354,9360.53,9354,9360.53,2088,INR,9354,9360.53,9354,9360.53,88.7,global_reopen_pre_mcx,none,ESTIMATED_FROM_DAILY_OHLC_USING_SESSION_HEURISTICS_NOT_REAL_INTRADAY_DATA
2026-04-13T04:30:00+0530,2026-04-13T04:30:00+0530,13-04-2026,MCX,MCX CRUDEOILM,MCX India,60m,APR_MAY_2026_EXPIRY,CRUDEOILM,RECONSTRUCTED_FROM_DAILY,See methodology_and_sources.md,9360.53,9360.53,9354,9354,2088,INR,9360.53,9360.53,9354,9354,88.7,global_reopen_pre_mcx,none,ESTIMATED_FROM_DAILY_OHLC_USING_SESSION_HEURISTICS_NOT_REAL_INTRADAY_DATA
2026-04-13T05:30:00+0530,2026-04-13T05:30:00+0530,13-04-2026,MCX,MCX CRUDEOILM,MCX India,60m,APR_MAY_2026_EXPIRY,CRUDEOILM,RECONSTRUCTED_FROM_DAILY,See methodology_and_sources.md,9354,9355.43,9354,9355.43,2088,INR,9354,9355.43,9354,9355.43,88.7,global_reopen_pre_mcx,none,ESTIMATED_FROM_DAILY_OHLC_USING_SESSION_HEURISTICS_NOT_REAL_INTRADAY_DATA
2026-04-13T06:30:00+0530,2026-04-13T06:30:00+0530,13-04-2026,MCX,MCX CRUDEOILM,MCX India,60m,APR_MAY_2026_EXPIRY,CRUDEOILM,RECONSTRUCTED_FROM_DAILY,See methodology_and_sources.md,9355.43,9355.43,9354,9354,2088,INR,9355.43,9355.43,9354,9354,88.7,global_reopen_pre_mcx,none,ESTIMATED_FROM_DAILY_OHLC_USING_SESSION_HEURISTICS_NOT_REAL_INTRADAY_DATA
2026-04-13T07:30:00+0530,2026-04-13T07:30:00+0530,13-04-2026,MCX,MCX CRUDEOILM,MCX India,60m,APR_MAY_2026_EXPIRY,CRUDEOILM,RECONSTRUCTED_FROM_DAILY,See methodology_and_sources.md,9354,9357.29,9354,9357.29,2088,INR,9354,9357.29,9354,9357.29,88.7,global_reopen_pre_mcx,none,ESTIMATED_FROM_DAILY_OHLC_USING_SESSION_HEURISTICS_NOT_REAL_INTRADAY_DATA
2026-04-13T08:30:00+0530,2026-04-13T08:30:00+0530,13-04-2026,MCX,MCX CRUDEOILM,MCX India,60m,APR_MAY_2026_EXPIRY,CRUDEOILM,RECONSTRUCTED_FROM_DAILY,See methodology_and_sources.md,9357.29,9362.71,9357.29,9362.71,2088,INR,9357.29,9362.71,9357.29,9362.71,88.7,global_reopen_pre_mcx,none,ESTIMATED_FROM_DAILY_OHLC_USING_SESSION_HEURISTICS_NOT_REAL_INTRADAY_DATA
2026-04-13T09:30:00+0530,2026-04-13T09:30:00+0530,13-04-2026,MCX,MCX CRUDEOILM,MCX India,60m,APR_MAY_2026_EXPIRY,CRUDEOILM,RECONSTRUCTED_FROM_DAILY,See methodology_and_sources.md,9362.71,9362.9,9362.71,9362.9,2088,INR,9362.71,9362.9,9362.71,9362.9,88.7,mcx_open_drive,none,ESTIMATED_FROM_DAILY_OHLC_USING_SESSION_HEURISTICS_NOT_REAL_INTRADAY_DATA
2026-04-13T10:30:00+0530,2026-04-13T10:30:00+0530,13-04-2026,MCX,MCX CRUDEOILM,MCX India,60m,APR_MAY_2026_EXPIRY,CRUDEOILM,RECONSTRUCTED_FROM_DAILY,See methodology_and_sources.md,9362.9,9362.9,9359.94,9359.94,2088,INR,9362.9,9362.9,9359.94,9359.94,88.7,india_morning,none,ESTIMATED_FROM_DAILY_OHLC_USING_SESSION_HEURISTICS_NOT_REAL_INTRADAY_DATA
2026-04-13T11:30:00+0530,2026-04-13T11:30:00+0530,13-04-2026,MCX,MCX CRUDEOILM,MCX India,60m,APR_MAY_2026_EXPIRY,CRUDEOILM,RECONSTRUCTED_FROM_DAILY,See methodology_and_sources.md,9359.94,9367.2,9359.94,9367.2,2088,INR,9359.94,9367.2,9359.94,9367.2,88.7,india_morning,none,ESTIMATED_FROM_DAILY_OHLC_USING_SESSION_HEURISTICS_NOT_REAL_INTRADAY_DATA
2026-04-13T12:30:00+0530,2026-04-13T12:30:00+0530,13-04-2026,MCX,MCX CRUDEOILM,MCX India,60m,APR_MAY_2026_EXPIRY,CRUDEOILM,RECONSTRUCTED_FROM_DAILY,See methodology_and_sources.md,9367.2,9367.2,9363.34,9363.34,2088,INR,9367.2,9367.2,9363.34,9363.34,88.7,india_midday,none,ESTIMATED_FROM_DAILY_OHLC_USING_SESSION_HEURISTICS_NOT_REAL_INTRADAY_DATA
2026-04-13T13:30:00+0530,2026-04-13T13:30:00+0530,13-04-2026,MCX,MCX CRUDEOILM,MCX India,60m,APR_MAY_2026_EXPIRY,CRUDEOILM,RECONSTRUCTED_FROM_DAILY,See methodology_and_sources.md,9363.34,9365.34,9363.34,9365.34,2088,INR,9363.34,9365.34,9363.34,9365.34,88.7,india_midday,none,ESTIMATED_FROM_DAILY_OHLC_USING_SESSION_HEURISTICS_NOT_REAL_INTRADAY_DATA
2026-04-13T14:30:00+0530,2026-04-13T14:30:00+0530,13-04-2026,MCX,MCX CRUDEOILM,MCX India,60m,APR_MAY_2026_EXPIRY,CRUDEOILM,RECONSTRUCTED_FROM_DAILY,See methodology_and_sources.md,9365.34,9365.34,9364.71,9364.71,2088,INR,9365.34,9365.34,9364.71,9364.71,88.7,india_midday,none,ESTIMATED_FROM_DAILY_OHLC_USING_SESSION_HEURISTICS_NOT_REAL_INTRADAY_DATA
2026-04-13T15:30:00+0530,2026-04-13T15:30:00+0530,13-04-2026,MCX,MCX CRUDEOILM,MCX India,60m,APR_MAY_2026_EXPIRY,CRUDEOILM,RECONSTRUCTED_FROM_DAILY,See methodology_and_sources.md,9364.71,9365.84,9364.71,9365.84,2088,INR,9364.71,9365.84,9364.71,9365.84,88.7,europe_open,first_30m_after_europe_open,ESTIMATED_FROM_DAILY_OHLC_USING_SESSION_HEURISTICS_NOT_REAL_INTRADAY_DATA
2026-04-13T16:30:00+0530,2026-04-13T16:30:00+0530,13-04-2026,MCX,MCX CRUDEOILM,MCX India,60m,APR_MAY_2026_EXPIRY,CRUDEOILM,RECONSTRUCTED_FROM_DAILY,See methodology_and_sources.md,9365.84,9366.24,9365.84,9366.24,2088,INR,9365.84,9366.24,9365.84,9366.24,88.7,europe_open,none,ESTIMATED_FROM_DAILY_OHLC_USING_SESSION_HEURISTICS_NOT_REAL_INTRADAY_DATA
2026-04-13T17:30:00+0530,2026-04-13T17:30:00+0530,13-04-2026,MCX,MCX CRUDEOILM,MCX India,60m,APR_MAY_2026_EXPIRY,CRUDEOILM,RECONSTRUCTED_FROM_DAILY,See methodology_and_sources.md,9366.24,9366.35,9366.24,9366.35,2088,INR,9366.24,9366.35,9366.24,9366.35,88.7,europe_mid,none,ESTIMATED_FROM_DAILY_OHLC_USING_SESSION_HEURISTICS_NOT_REAL_INTRADAY_DATA
2026-04-13T18:30:00+0530,2026-04-13T18:30:00+0530,13-04-2026,MCX,MCX CRUDEOILM,MCX India,60m,APR_MAY_2026_EXPIRY,CRUDEOILM,RECONSTRUCTED_FROM_DAILY,See methodology_and_sources.md,9366.35,9366.6,9366.35,9366.6,2088,INR,9366.35,9366.6,9366.35,9366.6,88.7,europe_mid,none,ESTIMATED_FROM_DAILY_OHLC_USING_SESSION_HEURISTICS_NOT_REAL_INTRADAY_DATA
2026-04-13T19:30:00+0530,2026-04-13T19:30:00+0530,13-04-2026,MCX,MCX CRUDEOILM,MCX India,60m,APR_MAY_2026_EXPIRY,CRUDEOILM,RECONSTRUCTED_FROM_DAILY,See methodology_and_sources.md,9366.6,9367.36,9366.6,9367.36,2088,INR,9366.6,9367.36,9366.6,9367.36,88.7,europe_mid,none,ESTIMATED_FROM_DAILY_OHLC_USING_SESSION_HEURISTICS_NOT_REAL_INTRADAY_DATA
2026-04-13T20:30:00+0530,2026-04-13T20:30:00+0530,13-04-2026,MCX,MCX CRUDEOILM,MCX India,60m,APR_MAY_2026_EXPIRY,CRUDEOILM,RECONSTRUCTED_FROM_DAILY,See methodology_and_sources.md,9367.36,9367.36,9366.72,9366.72,2088,INR,9367.36,9367.36,9366.72,9366.72,88.7,us_pre_open,none,ESTIMATED_FROM_DAILY_OHLC_USING_SESSION_HEURISTICS_NOT_REAL_INTRADAY_DATA
2026-04-13T21:30:00+0530,2026-04-13T21:30:00+0530,13-04-2026,MCX,MCX CRUDEOILM,MCX India,60m,APR_MAY_2026_EXPIRY,CRUDEOILM,RECONSTRUCTED_FROM_DAILY,See methodology_and_sources.md,9366.72,9367.94,9366.72,9367.94,2088,INR,9366.72,9367.94,9366.72,9367.94,88.7,us_open,first_hour_after_us_open,ESTIMATED_FROM_DAILY_OHLC_USING_SESSION_HEURISTICS_NOT_REAL_INTRADAY_DATA
2026-04-13T22:30:00+0530,2026-04-13T22:30:00+0530,13-04-2026,MCX,MCX CRUDEOILM,MCX India,60m,APR_MAY_2026_EXPIRY,CRUDEOILM,RECONSTRUCTED_FROM_DAILY,See methodology_and_sources.md,9367.94,9368.53,9367.94,9368.53,2088,INR,9367.94,9368.53,9367.94,9368.53,88.7,us_open,final_hour_before_mcx_close,ESTIMATED_FROM_DAILY_OHLC_USING_SESSION_HEURISTICS_NOT_REAL_INTRADAY_DATA
2026-04-13T23:30:00+0530,2026-04-13T23:30:00+0530,13-04-2026,MCX,MCX CRUDEOILM,MCX India,60m,APR_MAY_2026_EXPIRY,CRUDEOILM,RECONSTRUCTED_FROM_DAILY,See methodology_and_sources.md,9368.53,9368.53,9150,9150,2088,INR,9368.53,9368.53,9150,9150,88.7,mcx_tail,none,ESTIMATED_FROM_DAILY_OHLC_USING_SESSION_HEURISTICS_NOT_REAL_INTRADAY_DATA
2026-04-14T00:30:00+0530,2026-04-14T00:30:00+0530,13-04-2026,MCX,MCX CRUDEOILM,MCX India,60m,APR_MAY_2026_EXPIRY,CRUDEOILM,RECONSTRUCTED_FROM_DAILY,See methodology_and_sources.md,9150,9150,9150,9150,2088,INR,9150,9150,9150,9150,88.7,other_valid_hours,none,ESTIMATED_FROM_DAILY_OHLC_USING_SESSION_HEURISTICS_NOT_REAL_INTRADAY_DATA
2026-04-24T03:30:00+0530,2026-04-24T03:30:00+0530,24-04-2026,MCX,MCX CRUDEOILM,MCX India,60m,APR_MAY_2026_EXPIRY,CRUDEOILM,RECONSTRUCTED_FROM_DAILY,See methodology_and_sources.md,9192,9198.1,9192,9198.1,0,INR,9192,9198.1,9192,9198.1,89.2,global_reopen_pre_mcx,none,ESTIMATED_FROM_DAILY_OHLC_USING_SESSION_HEURISTICS_NOT_REAL_INTRADAY_DATA
2026-04-24T04:30:00+0530,2026-04-24T04:30:00+0530,24-04-2026,MCX,MCX CRUDEOILM,MCX India,60m,APR_MAY_2026_EXPIRY,CRUDEOILM,RECONSTRUCTED_FROM_DAILY,See methodology_and_sources.md,9198.1,9198.1,9193.83,9193.83,0,INR,9198.1,9198.1,9193.83,9193.83,89.2,global_reopen_pre_mcx,none,ESTIMATED_FROM_DAILY_OHLC_USING_SESSION_HEURISTICS_NOT_REAL_INTRADAY_DATA
2026-04-24T05:30:00+0530,2026-04-24T05:30:00+0530,24-04-2026,MCX,MCX CRUDEOILM,MCX India,60m,APR_MAY_2026_EXPIRY,CRUDEOILM,RECONSTRUCTED_FROM_DAILY,See methodology_and_sources.md,9193.83,9196.32,9193.83,9196.32,0,INR,9193.83,9196.32,9193.83,9196.32,89.2,global_reopen_pre_mcx,none,ESTIMATED_FROM_DAILY_OHLC_USING_SESSION_HEURISTICS_NOT_REAL_INTRADAY_DATA
2026-04-24T06:30:00+0530,2026-04-24T06:30:00+0530,24-04-2026,MCX,MCX CRUDEOILM,MCX India,60m,APR_MAY_2026_EXPIRY,CRUDEOILM,RECONSTRUCTED_FROM_DAILY,See methodology_and_sources.md,9196.32,9197.3,9196.32,9197.3,0,INR,9196.32,9197.3,9196.32,9197.3,89.2,global_reopen_pre_mcx,none,ESTIMATED_FROM_DAILY_OHLC_USING_SESSION_HEURISTICS_NOT_REAL_INTRADAY_DATA
2026-04-24T07:30:00+0530,2026-04-24T07:30:00+0530,24-04-2026,MCX,MCX CRUDEOILM,MCX India,60m,APR_MAY_2026_EXPIRY,CRUDEOILM,RECONSTRUCTED_FROM_DAILY,See methodology_and_sources.md,9197.3,9198.16,9197.3,9198.16,0,INR,9197.3,9198.16,9197.3,9198.16,89.2,global_reopen_pre_mcx,none,ESTIMATED_FROM_DAILY_OHLC_USING_SESSION_HEURISTICS_NOT_REAL_INTRADAY_DATA
2026-04-24T08:30:00+0530,2026-04-24T08:30:00+0530,24-04-2026,MCX,MCX CRUDEOILM,MCX India,60m,APR_MAY_2026_EXPIRY,CRUDEOILM,RECONSTRUCTED_FROM_DAILY,See methodology_and_sources.md,9198.16,9198.16,9197.45,9197.45,0,INR,9198.16,9198.16,9197.45,9197.45,89.2,global_reopen_pre_mcx,none,ESTIMATED_FROM_DAILY_OHLC_USING_SESSION_HEURISTICS_NOT_REAL_INTRADAY_DATA
2026-04-24T09:30:00+0530,2026-04-24T09:30:00+0530,24-04-2026,MCX,MCX CRUDEOILM,MCX India,60m,APR_MAY_2026_EXPIRY,CRUDEOILM,RECONSTRUCTED_FROM_DAILY,See methodology_and_sources.md,9197.45,9197.45,9195.1,9195.1,0,INR,9197.45,9197.45,9195.1,9195.1,89.2,mcx_open_drive,none,ESTIMATED_FROM_DAILY_OHLC_USING_SESSION_HEURISTICS_NOT_REAL_INTRADAY_DATA
2026-04-24T10:30:00+0530,2026-04-24T10:30:00+0530,24-04-2026,MCX,MCX CRUDEOILM,MCX India,60m,APR_MAY_2026_EXPIRY,CRUDEOILM,RECONSTRUCTED_FROM_DAILY,See methodology_and_sources.md,9195.1,9196.98,9195.1,9196.98,0,INR,9195.1,9196.98,9195.1,9196.98,89.2,india_morning,none,ESTIMATED_FROM_DAILY_OHLC_USING_SESSION_HEURISTICS_NOT_REAL_INTRADAY_DATA
2026-04-24T11:30:00+0530,2026-04-24T11:30:00+0530,24-04-2026,MCX,MCX CRUDEOILM,MCX India,60m,APR_MAY_2026_EXPIRY,CRUDEOILM,RECONSTRUCTED_FROM_DAILY,See methodology_and_sources.md,9196.98,9196.98,9195.79,9195.79,0,INR,9196.98,9196.98,9195.79,9195.79,89.2,india_morning,none,ESTIMATED_FROM_DAILY_OHLC_USING_SESSION_HEURISTICS_NOT_REAL_INTRADAY_DATA
2026-04-24T12:30:00+0530,2026-04-24T12:30:00+0530,24-04-2026,MCX,MCX CRUDEOILM,MCX India,60m,APR_MAY_2026_EXPIRY,CRUDEOILM,RECONSTRUCTED_FROM_DAILY,See methodology_and_sources.md,9195.79,9195.79,9194.08,9194.08,0,INR,9195.79,9195.79,9194.08,9194.08,89.2,india_midday,none,ESTIMATED_FROM_DAILY_OHLC_USING_SESSION_HEURISTICS_NOT_REAL_INTRADAY_DATA
2026-04-24T13:30:00+0530,2026-04-24T13:30:00+0530,24-04-2026,MCX,MCX CRUDEOILM,MCX India,60m,APR_MAY_2026_EXPIRY,CRUDEOILM,RECONSTRUCTED_FROM_DAILY,See methodology_and_sources.md,9194.08,9198.31,9194.08,9198.31,0,INR,9194.08,9198.31,9194.08,9198.31,89.2,india_midday,none,ESTIMATED_FROM_DAILY_OHLC_USING_SESSION_HEURISTICS_NOT_REAL_INTRADAY_DATA
2026-04-24T14:30:00+0530,2026-04-24T14:30:00+0530,24-04-2026,MCX,MCX CRUDEOILM,MCX India,60m,APR_MAY_2026_EXPIRY,CRUDEOILM,RECONSTRUCTED_FROM_DAILY,See methodology_and_sources.md,9198.31,9200.27,9198.31,9200.27,0,INR,9198.31,9200.27,9198.31,9200.27,89.2,india_midday,none,ESTIMATED_FROM_DAILY_OHLC_USING_SESSION_HEURISTICS_NOT_REAL_INTRADAY_DATA
2026-04-24T15:30:00+0530,2026-04-24T15:30:00+0530,24-04-2026,MCX,MCX CRUDEOILM,MCX India,60m,APR_MAY_2026_EXPIRY,CRUDEOILM,RECONSTRUCTED_FROM_DAILY,See methodology_and_sources.md,9200.27,9200.27,9196.79,9196.79,0,INR,9200.27,9200.27,9196.79,9196.79,89.2,europe_open,first_30m_after_europe_open,ESTIMATED_FROM_DAILY_OHLC_USING_SESSION_HEURISTICS_NOT_REAL_INTRADAY_DATA
2026-04-24T16:30:00+0530,2026-04-24T16:30:00+0530,24-04-2026,MCX,MCX CRUDEOILM,MCX India,60m,APR_MAY_2026_EXPIRY,CRUDEOILM,RECONSTRUCTED_FROM_DAILY,See methodology_and_sources.md,9196.79,9196.79,9190.29,9190.29,0,INR,9196.79,9196.79,9190.29,9190.29,89.2,europe_open,none,ESTIMATED_FROM_DAILY_OHLC_USING_SESSION_HEURISTICS_NOT_REAL_INTRADAY_DATA
2026-04-24T17:30:00+0530,2026-04-24T17:30:00+0530,24-04-2026,MCX,MCX CRUDEOILM,MCX India,60m,APR_MAY_2026_EXPIRY,CRUDEOILM,RECONSTRUCTED_FROM_DAILY,See methodology_and_sources.md,9190.29,9190.29,9186.94,9186.94,0,INR,9190.29,9190.29,9186.94,9186.94,89.2,europe_mid,none,ESTIMATED_FROM_DAILY_OHLC_USING_SESSION_HEURISTICS_NOT_REAL_INTRADAY_DATA
2026-04-24T18:30:00+0530,2026-04-24T18:30:00+0530,24-04-2026,MCX,MCX CRUDEOILM,MCX India,60m,APR_MAY_2026_EXPIRY,CRUDEOILM,RECONSTRUCTED_FROM_DAILY,See methodology_and_sources.md,9186.94,9188.35,9186.94,9188.35,0,INR,9186.94,9188.35,9186.94,9188.35,89.2,europe_mid,none,ESTIMATED_FROM_DAILY_OHLC_USING_SESSION_HEURISTICS_NOT_REAL_INTRADAY_DATA
2026-04-24T19:30:00+0530,2026-04-24T19:30:00+0530,24-04-2026,MCX,MCX CRUDEOILM,MCX India,60m,APR_MAY_2026_EXPIRY,CRUDEOILM,RECONSTRUCTED_FROM_DAILY,See methodology_and_sources.md,9188.35,9190.45,9188.35,9190.45,0,INR,9188.35,9190.45,9188.35,9190.45,89.2,europe_mid,none,ESTIMATED_FROM_DAILY_OHLC_USING_SESSION_HEURISTICS_NOT_REAL_INTRADAY_DATA
2026-04-24T20:30:00+0530,2026-04-24T20:30:00+0530,24-04-2026,MCX,MCX CRUDEOILM,MCX India,60m,APR_MAY_2026_EXPIRY,CRUDEOILM,RECONSTRUCTED_FROM_DAILY,See methodology_and_sources.md,9190.45,9190.45,9189.77,9189.77,0,INR,9190.45,9190.45,9189.77,9189.77,89.2,us_pre_open,none,ESTIMATED_FROM_DAILY_OHLC_USING_SESSION_HEURISTICS_NOT_REAL_INTRADAY_DATA
2026-04-24T21:30:00+0530,2026-04-24T21:30:00+0530,24-04-2026,MCX,MCX CRUDEOILM,MCX India,60m,APR_MAY_2026_EXPIRY,CRUDEOILM,RECONSTRUCTED_FROM_DAILY,See methodology_and_sources.md,9189.77,9189.77,9189.61,9189.61,0,INR,9189.77,9189.77,9189.61,9189.61,89.2,us_open,first_hour_after_us_open,ESTIMATED_FROM_DAILY_OHLC_USING_SESSION_HEURISTICS_NOT_REAL_INTRADAY_DATA
2026-04-24T22:30:00+0530,2026-04-24T22:30:00+0530,24-04-2026,MCX,MCX CRUDEOILM,MCX India,60m,APR_MAY_2026_EXPIRY,CRUDEOILM,RECONSTRUCTED_FROM_DAILY,See methodology_and_sources.md,9189.61,9191.59,9189.61,9191.59,0,INR,9189.61,9191.59,9189.61,9191.59,89.2,us_open,final_hour_before_mcx_close,ESTIMATED_FROM_DAILY_OHLC_USING_SESSION_HEURISTICS_NOT_REAL_INTRADAY_DATA
2026-04-24T23:30:00+0530,2026-04-24T23:30:00+0530,24-04-2026,MCX,MCX CRUDEOILM,MCX India,60m,APR_MAY_2026_EXPIRY,CRUDEOILM,RECONSTRUCTED_FROM_DAILY,See methodology_and_sources.md,9191.59,9191.59,9179,9179,0,INR,9191.59,9191.59,9179,9179,89.2,mcx_tail,none,ESTIMATED_FROM_DAILY_OHLC_USING_SESSION_HEURISTICS_NOT_REAL_INTRADAY_DATA
2026-04-25T00:30:00+0530,2026-04-25T00:30:00+0530,24-04-2026,MCX,MCX CRUDEOILM,MCX India,60m,APR_MAY_2026_EXPIRY,CRUDEOILM,RECONSTRUCTED_FROM_DAILY,See methodology_and_sources.md,9179,9179,9179,9179,0,INR,9179,9179,9179,9179,89.2,other_valid_hours,none,ESTIMATED_FROM_DAILY_OHLC_USING_SESSION_HEURISTICS_NOT_REAL_INTRADAY_DATA
2026-04-27T03:30:00+0530,2026-04-27T03:30:00+0530,27-04-2026,MCX,MCX CRUDEOILM,MCX India,60m,APR_MAY_2026_EXPIRY,CRUDEOILM,RECONSTRUCTED_FROM_DAILY,See methodology_and_sources.md,8898,8898.86,8898,8898.86,0,INR,8898,8898.86,8898,8898.86,89.3,global_reopen_pre_mcx,none,ESTIMATED_FROM_DAILY_OHLC_USING_SESSION_HEURISTICS_NOT_REAL_INTRADAY_DATA
2026-04-27T04:30:00+0530,2026-04-27T04:30:00+0530,27-04-2026,MCX,MCX CRUDEOILM,MCX India,60m,APR_MAY_2026_EXPIRY,CRUDEOILM,RECONSTRUCTED_FROM_DAILY,See methodology_and_sources.md,8898.86,8898.86,8898,8898,0,INR,8898.86,8898.86,8898,8898,89.3,global_reopen_pre_mcx,none,ESTIMATED_FROM_DAILY_OHLC_USING_SESSION_HEURISTICS_NOT_REAL_INTRADAY_DATA
2026-04-27T05:30:00+0530,2026-04-27T05:30:00+0530,27-04-2026,MCX,MCX CRUDEOILM,MCX India,60m,APR_MAY_2026_EXPIRY,CRUDEOILM,RECONSTRUCTED_FROM_DAILY,See methodology_and_sources.md,8898,8898,8898,8898,0,INR,8898,8898,8898,8898,89.3,global_reopen_pre_mcx,none,ESTIMATED_FROM_DAILY_OHLC_USING_SESSION_HEURISTICS_NOT_REAL_INTRADAY_DATA
2026-04-27T06:30:00+0530,2026-04-27T06:30:00+0530,27-04-2026,MCX,MCX CRUDEOILM,MCX India,60m,APR_MAY_2026_EXPIRY,CRUDEOILM,RECONSTRUCTED_FROM_DAILY,See methodology_and_sources.md,8898,8898,8898,8898,0,INR,8898,8898,8898,8898,89.3,global_reopen_pre_mcx,none,ESTIMATED_FROM_DAILY_OHLC_USING_SESSION_HEURISTICS_NOT_REAL_INTRADAY_DATA
2026-04-27T07:30:00+0530,2026-04-27T07:30:00+0530,27-04-2026,MCX,MCX CRUDEOILM,MCX India,60m,APR_MAY_2026_EXPIRY,CRUDEOILM,RECONSTRUCTED_FROM_DAILY,See methodology_and_sources.md,8898,8898,8898,8898,0,INR,8898,8898,8898,8898,89.3,global_reopen_pre_mcx,none,ESTIMATED_FROM_DAILY_OHLC_USING_SESSION_HEURISTICS_NOT_REAL_INTRADAY_DATA
2026-04-27T08:30:00+0530,2026-04-27T08:30:00+0530,27-04-2026,MCX,MCX CRUDEOILM,MCX India,60m,APR_MAY_2026_EXPIRY,CRUDEOILM,RECONSTRUCTED_FROM_DAILY,See methodology_and_sources.md,8898,8898.28,8898,8898.28,0,INR,8898,8898.28,8898,8898.28,89.3,global_reopen_pre_mcx,none,ESTIMATED_FROM_DAILY_OHLC_USING_SESSION_HEURISTICS_NOT_REAL_INTRADAY_DATA
2026-04-27T09:30:00+0530,2026-04-27T09:30:00+0530,27-04-2026,MCX,MCX CRUDEOILM,MCX India,60m,APR_MAY_2026_EXPIRY,CRUDEOILM,RECONSTRUCTED_FROM_DAILY,See methodology_and_sources.md,8898.28,8898.28,8898,8898,0,INR,8898.28,8898.28,8898,8898,89.3,mcx_open_drive,none,ESTIMATED_FROM_DAILY_OHLC_USING_SESSION_HEURISTICS_NOT_REAL_INTRADAY_DATA
2026-04-27T10:30:00+0530,2026-04-27T10:30:00+0530,27-04-2026,MCX,MCX CRUDEOILM,MCX India,60m,APR_MAY_2026_EXPIRY,CRUDEOILM,RECONSTRUCTED_FROM_DAILY,See methodology_and_sources.md,8898,8898,8898,8898,0,INR,8898,8898,8898,8898,89.3,india_morning,none,ESTIMATED_FROM_DAILY_OHLC_USING_SESSION_HEURISTICS_NOT_REAL_INTRADAY_DATA
2026-04-27T11:30:00+0530,2026-04-27T11:30:00+0530,27-04-2026,MCX,MCX CRUDEOILM,MCX India,60m,APR_MAY_2026_EXPIRY,CRUDEOILM,RECONSTRUCTED_FROM_DAILY,See methodology_and_sources.md,8898,8898.59,8898,8898.59,0,INR,8898,8898.59,8898,8898.59,89.3,india_morning,none,ESTIMATED_FROM_DAILY_OHLC_USING_SESSION_HEURISTICS_NOT_REAL_INTRADAY_DATA
2026-04-27T12:30:00+0530,2026-04-27T12:30:00+0530,27-04-2026,MCX,MCX CRUDEOILM,MCX India,60m,APR_MAY_2026_EXPIRY,CRUDEOILM,RECONSTRUCTED_FROM_DAILY,See methodology_and_sources.md,8898.59,8898.59,8898,8898,0,INR,8898.59,8898.59,8898,8898,89.3,india_midday,none,ESTIMATED_FROM_DAILY_OHLC_USING_SESSION_HEURISTICS_NOT_REAL_INTRADAY_DATA
2026-04-27T13:30:00+0530,2026-04-27T13:30:00+0530,27-04-2026,MCX,MCX CRUDEOILM,MCX India,60m,APR_MAY_2026_EXPIRY,CRUDEOILM,RECONSTRUCTED_FROM_DAILY,See methodology_and_sources.md,8898,8898,8898,8898,0,INR,8898,8898,8898,8898,89.3,india_midday,none,ESTIMATED_FROM_DAILY_OHLC_USING_SESSION_HEURISTICS_NOT_REAL_INTRADAY_DATA
2026-04-27T14:30:00+0530,2026-04-27T14:30:00+0530,27-04-2026,MCX,MCX CRUDEOILM,MCX India,60m,APR_MAY_2026_EXPIRY,CRUDEOILM,RECONSTRUCTED_FROM_DAILY,See methodology_and_sources.md,8898,8898,8898,8898,0,INR,8898,8898,8898,8898,89.3,india_midday,none,ESTIMATED_FROM_DAILY_OHLC_USING_SESSION_HEURISTICS_NOT_REAL_INTRADAY_DATA
2026-04-27T15:30:00+0530,2026-04-27T15:30:00+0530,27-04-2026,MCX,MCX CRUDEOILM,MCX India,60m,APR_MAY_2026_EXPIRY,CRUDEOILM,RECONSTRUCTED_FROM_DAILY,See methodology_and_sources.md,8898,8898.77,8898,8898.77,0,INR,8898,8898.77,8898,8898.77,89.3,europe_open,first_30m_after_europe_open,ESTIMATED_FROM_DAILY_OHLC_USING_SESSION_HEURISTICS_NOT_REAL_INTRADAY_DATA
2026-04-27T16:30:00+0530,2026-04-27T16:30:00+0530,27-04-2026,MCX,MCX CRUDEOILM,MCX India,60m,APR_MAY_2026_EXPIRY,CRUDEOILM,RECONSTRUCTED_FROM_DAILY,See methodology_and_sources.md,8898.77,8901.34,8898.77,8901.34,0,INR,8898.77,8901.34,8898.77,8901.34,89.3,europe_open,none,ESTIMATED_FROM_DAILY_OHLC_USING_SESSION_HEURISTICS_NOT_REAL_INTRADAY_DATA
2026-04-27T17:30:00+0530,2026-04-27T17:30:00+0530,27-04-2026,MCX,MCX CRUDEOILM,MCX India,60m,APR_MAY_2026_EXPIRY,CRUDEOILM,RECONSTRUCTED_FROM_DAILY,See methodology_and_sources.md,8901.34,8901.34,8898,8898,0,INR,8901.34,8901.34,8898,8898,89.3,europe_mid,none,ESTIMATED_FROM_DAILY_OHLC_USING_SESSION_HEURISTICS_NOT_REAL_INTRADAY_DATA
2026-04-27T18:30:00+0530,2026-04-27T18:30:00+0530,27-04-2026,MCX,MCX CRUDEOILM,MCX India,60m,APR_MAY_2026_EXPIRY,CRUDEOILM,RECONSTRUCTED_FROM_DAILY,See methodology_and_sources.md,8898,8900.52,8898,8900.52,0,INR,8898,8900.52,8898,8900.52,89.3,europe_mid,none,ESTIMATED_FROM_DAILY_OHLC_USING_SESSION_HEURISTICS_NOT_REAL_INTRADAY_DATA
2026-04-27T19:30:00+0530,2026-04-27T19:30:00+0530,27-04-2026,MCX,MCX CRUDEOILM,MCX India,60m,APR_MAY_2026_EXPIRY,CRUDEOILM,RECONSTRUCTED_FROM_DAILY,See methodology_and_sources.md,8900.52,8900.52,8900.15,8900.15,0,INR,8900.52,8900.52,8900.15,8900.15,89.3,europe_mid,none,ESTIMATED_FROM_DAILY_OHLC_USING_SESSION_HEURISTICS_NOT_REAL_INTRADAY_DATA
2026-04-27T20:30:00+0530,2026-04-27T20:30:00+0530,27-04-2026,MCX,MCX CRUDEOILM,MCX India,60m,APR_MAY_2026_EXPIRY,CRUDEOILM,RECONSTRUCTED_FROM_DAILY,See methodology_and_sources.md,8900.15,8900.15,8898.27,8898.27,0,INR,8900.15,8900.15,8898.27,8898.27,89.3,us_pre_open,none,ESTIMATED_FROM_DAILY_OHLC_USING_SESSION_HEURISTICS_NOT_REAL_INTRADAY_DATA
2026-04-27T21:30:00+0530,2026-04-27T21:30:00+0530,27-04-2026,MCX,MCX CRUDEOILM,MCX India,60m,APR_MAY_2026_EXPIRY,CRUDEOILM,RECONSTRUCTED_FROM_DAILY,See methodology_and_sources.md,8898.27,8901.06,8898.27,8901.06,0,INR,8898.27,8901.06,8898.27,8901.06,89.3,us_open,first_hour_after_us_open,ESTIMATED_FROM_DAILY_OHLC_USING_SESSION_HEURISTICS_NOT_REAL_INTRADAY_DATA
2026-04-27T22:30:00+0530,2026-04-27T22:30:00+0530,27-04-2026,MCX,MCX CRUDEOILM,MCX India,60m,APR_MAY_2026_EXPIRY,CRUDEOILM,RECONSTRUCTED_FROM_DAILY,See methodology_and_sources.md,8901.06,8902.74,8901.06,8902.74,0,INR,8901.06,8902.74,8901.06,8902.74,89.3,us_open,final_hour_before_mcx_close,ESTIMATED_FROM_DAILY_OHLC_USING_SESSION_HEURISTICS_NOT_REAL_INTRADAY_DATA
2026-04-27T23:30:00+0530,2026-04-27T23:30:00+0530,27-04-2026,MCX,MCX CRUDEOILM,MCX India,60m,APR_MAY_2026_EXPIRY,CRUDEOILM,RECONSTRUCTED_FROM_DAILY,See methodology_and_sources.md,8902.74,8902.74,8816,8816,0,INR,8902.74,8902.74,8816,8816,89.3,mcx_tail,none,ESTIMATED_FROM_DAILY_OHLC_USING_SESSION_HEURISTICS_NOT_REAL_INTRADAY_DATA
2026-04-28T00:30:00+0530,2026-04-28T00:30:00+0530,27-04-2026,MCX,MCX CRUDEOILM,MCX India,60m,APR_MAY_2026_EXPIRY,CRUDEOILM,RECONSTRUCTED_FROM_DAILY,See methodology_and_sources.md,8816,8816,8816,8816,0,INR,8816,8816,8816,8816,89.3,other_valid_hours,none,ESTIMATED_FROM_DAILY_OHLC_USING_SESSION_HEURISTICS_NOT_REAL_INTRADAY_DATA
2026-04-28T03:30:00+0530,2026-04-28T03:30:00+0530,28-04-2026,MCX,MCX CRUDEOILM,MCX India,60m,APR_MAY_2026_EXPIRY,CRUDEOILM,RECONSTRUCTED_FROM_DAILY,See methodology_and_sources.md,9182,9182.88,9182,9182.88,0,INR,9182,9182.88,9182,9182.88,89.35,global_reopen_pre_mcx,none,ESTIMATED_FROM_DAILY_OHLC_USING_SESSION_HEURISTICS_NOT_REAL_INTRADAY_DATA
2026-04-28T04:30:00+0530,2026-04-28T04:30:00+0530,28-04-2026,MCX,MCX CRUDEOILM,MCX India,60m,APR_MAY_2026_EXPIRY,CRUDEOILM,RECONSTRUCTED_FROM_DAILY,See methodology_and_sources.md,9182.88,9182.88,9182.71,9182.71,0,INR,9182.88,9182.88,9182.71,9182.71,89.35,global_reopen_pre_mcx,none,ESTIMATED_FROM_DAILY_OHLC_USING_SESSION_HEURISTICS_NOT_REAL_INTRADAY_DATA
2026-04-28T05:30:00+0530,2026-04-28T05:30:00+0530,28-04-2026,MCX,MCX CRUDEOILM,MCX India,60m,APR_MAY_2026_EXPIRY,CRUDEOILM,RECONSTRUCTED_FROM_DAILY,See methodology_and_sources.md,9182.71,9184.07,9182.71,9184.07,0,INR,9182.71,9184.07,9182.71,9184.07,89.35,global_reopen_pre_mcx,none,ESTIMATED_FROM_DAILY_OHLC_USING_SESSION_HEURISTICS_NOT_REAL_INTRADAY_DATA
2026-04-28T06:30:00+0530,2026-04-28T06:30:00+0530,28-04-2026,MCX,MCX CRUDEOILM,MCX India,60m,APR_MAY_2026_EXPIRY,CRUDEOILM,RECONSTRUCTED_FROM_DAILY,See methodology_and_sources.md,9184.07,9184.07,9180.86,9180.86,0,INR,9184.07,9184.07,9180.86,9180.86,89.35,global_reopen_pre_mcx,none,ESTIMATED_FROM_DAILY_OHLC_USING_SESSION_HEURISTICS_NOT_REAL_INTRADAY_DATA
2026-04-28T07:30:00+0530,2026-04-28T07:30:00+0530,28-04-2026,MCX,MCX CRUDEOILM,MCX India,60m,APR_MAY_2026_EXPIRY,CRUDEOILM,RECONSTRUCTED_FROM_DAILY,See methodology_and_sources.md,9180.86,9181.57,9180.86,9181.57,0,INR,9180.86,9181.57,9180.86,9181.57,89.35,global_reopen_pre_mcx,none,ESTIMATED_FROM_DAILY_OHLC_USING_SESSION_HEURISTICS_NOT_REAL_INTRADAY_DATA
2026-04-28T08:30:00+0530,2026-04-28T08:30:00+0530,28-04-2026,MCX,MCX CRUDEOILM,MCX India,60m,APR_MAY_2026_EXPIRY,CRUDEOILM,RECONSTRUCTED_FROM_DAILY,See methodology_and_sources.md,9181.57,9182.1,9181.57,9182.1,0,INR,9181.57,9182.1,9181.57,9182.1,89.35,global_reopen_pre_mcx,none,ESTIMATED_FROM_DAILY_OHLC_USING_SESSION_HEURISTICS_NOT_REAL_INTRADAY_DATA
2026-04-28T09:30:00+0530,2026-04-28T09:30:00+0530,28-04-2026,MCX,MCX CRUDEOILM,MCX India,60m,APR_MAY_2026_EXPIRY,CRUDEOILM,RECONSTRUCTED_FROM_DAILY,See methodology_and_sources.md,9182.1,9182.1,9181.65,9181.65,0,INR,9182.1,9182.1,9181.65,9181.65,89.35,mcx_open_drive,none,ESTIMATED_FROM_DAILY_OHLC_USING_SESSION_HEURISTICS_NOT_REAL_INTRADAY_DATA
2026-04-28T10:30:00+0530,2026-04-28T10:30:00+0530,28-04-2026,MCX,MCX CRUDEOILM,MCX India,60m,APR_MAY_2026_EXPIRY,CRUDEOILM,RECONSTRUCTED_FROM_DAILY,See methodology_and_sources.md,9181.65,9184.22,9181.65,9184.22,0,INR,9181.65,9184.22,9181.65,9184.22,89.35,india_morning,none,ESTIMATED_FROM_DAILY_OHLC_USING_SESSION_HEURISTICS_NOT_REAL_INTRADAY_DATA
2026-04-28T11:30:00+0530,2026-04-28T11:30:00+0530,28-04-2026,MCX,MCX CRUDEOILM,MCX India,60m,APR_MAY_2026_EXPIRY,CRUDEOILM,RECONSTRUCTED_FROM_DAILY,See methodology_and_sources.md,9184.22,9185.92,9184.22,9185.92,0,INR,9184.22,9185.92,9184.22,9185.92,89.35,india_morning,none,ESTIMATED_FROM_DAILY_OHLC_USING_SESSION_HEURISTICS_NOT_REAL_INTRADAY_DATA
2026-04-28T12:30:00+0530,2026-04-28T12:30:00+0530,28-04-2026,MCX,MCX CRUDEOILM,MCX India,60m,APR_MAY_2026_EXPIRY,CRUDEOILM,RECONSTRUCTED_FROM_DAILY,See methodology_and_sources.md,9185.92,9185.92,9181.58,9181.58,0,INR,9185.92,9185.92,9181.58,9181.58,89.35,india_midday,none,ESTIMATED_FROM_DAILY_OHLC_USING_SESSION_HEURISTICS_NOT_REAL_INTRADAY_DATA
2026-04-28T13:30:00+0530,2026-04-28T13:30:00+0530,28-04-2026,MCX,MCX CRUDEOILM,MCX India,60m,APR_MAY_2026_EXPIRY,CRUDEOILM,RECONSTRUCTED_FROM_DAILY,See methodology_and_sources.md,9181.58,9181.58,9178.65,9178.65,0,INR,9181.58,9181.58,9178.65,9178.65,89.35,india_midday,none,ESTIMATED_FROM_DAILY_OHLC_USING_SESSION_HEURISTICS_NOT_REAL_INTRADAY_DATA
2026-04-28T14:30:00+0530,2026-04-28T14:30:00+0530,28-04-2026,MCX,MCX CRUDEOILM,MCX India,60m,APR_MAY_2026_EXPIRY,CRUDEOILM,RECONSTRUCTED_FROM_DAILY,See methodology_and_sources.md,9178.65,9180.16,9178.65,9180.16,0,INR,9178.65,9180.16,9178.65,9180.16,89.35,india_midday,none,ESTIMATED_FROM_DAILY_OHLC_USING_SESSION_HEURISTICS_NOT_REAL_INTRADAY_DATA
2026-04-28T15:30:00+0530,2026-04-28T15:30:00+0530,28-04-2026,MCX,MCX CRUDEOILM,MCX India,60m,APR_MAY_2026_EXPIRY,CRUDEOILM,RECONSTRUCTED_FROM_DAILY,See methodology_and_sources.md,9180.16,9182.68,9180.16,9182.68,0,INR,9180.16,9182.68,9180.16,9182.68,89.35,europe_open,first_30m_after_europe_open,ESTIMATED_FROM_DAILY_OHLC_USING_SESSION_HEURISTICS_NOT_REAL_INTRADAY_DATA
2026-04-28T16:30:00+0530,2026-04-28T16:30:00+0530,28-04-2026,MCX,MCX CRUDEOILM,MCX India,60m,APR_MAY_2026_EXPIRY,CRUDEOILM,RECONSTRUCTED_FROM_DAILY,See methodology_and_sources.md,9182.68,9182.68,9181.03,9181.03,0,INR,9182.68,9182.68,9181.03,9181.03,89.35,europe_open,none,ESTIMATED_FROM_DAILY_OHLC_USING_SESSION_HEURISTICS_NOT_REAL_INTRADAY_DATA
2026-04-28T17:30:00+0530,2026-04-28T17:30:00+0530,28-04-2026,MCX,MCX CRUDEOILM,MCX India,60m,APR_MAY_2026_EXPIRY,CRUDEOILM,RECONSTRUCTED_FROM_DAILY,See methodology_and_sources.md,9181.03,9181.11,9181.03,9181.11,0,INR,9181.03,9181.11,9181.03,9181.11,89.35,europe_mid,none,ESTIMATED_FROM_DAILY_OHLC_USING_SESSION_HEURISTICS_NOT_REAL_INTRADAY_DATA
2026-04-28T18:30:00+0530,2026-04-28T18:30:00+0530,28-04-2026,MCX,MCX CRUDEOILM,MCX India,60m,APR_MAY_2026_EXPIRY,CRUDEOILM,RECONSTRUCTED_FROM_DAILY,See methodology_and_sources.md,9181.11,9181.11,9179.53,9179.53,0,INR,9181.11,9181.11,9179.53,9179.53,89.35,europe_mid,none,ESTIMATED_FROM_DAILY_OHLC_USING_SESSION_HEURISTICS_NOT_REAL_INTRADAY_DATA
2026-04-28T19:30:00+0530,2026-04-28T19:30:00+0530,28-04-2026,MCX,MCX CRUDEOILM,MCX India,60m,APR_MAY_2026_EXPIRY,CRUDEOILM,RECONSTRUCTED_FROM_DAILY,See methodology_and_sources.md,9179.53,9179.53,9179.14,9179.14,0,INR,9179.53,9179.53,9179.14,9179.14,89.35,europe_mid,none,ESTIMATED_FROM_DAILY_OHLC_USING_SESSION_HEURISTICS_NOT_REAL_INTRADAY_DATA
2026-04-28T20:30:00+0530,2026-04-28T20:30:00+0530,28-04-2026,MCX,MCX CRUDEOILM,MCX India,60m,APR_MAY_2026_EXPIRY,CRUDEOILM,RECONSTRUCTED_FROM_DAILY,See methodology_and_sources.md,9179.14,9183.3,9179.14,9183.3,0,INR,9179.14,9183.3,9179.14,9183.3,89.35,us_pre_open,none,ESTIMATED_FROM_DAILY_OHLC_USING_SESSION_HEURISTICS_NOT_REAL_INTRADAY_DATA
2026-04-28T21:30:00+0530,2026-04-28T21:30:00+0530,28-04-2026,MCX,MCX CRUDEOILM,MCX India,60m,APR_MAY_2026_EXPIRY,CRUDEOILM,RECONSTRUCTED_FROM_DAILY,See methodology_and_sources.md,9183.3,9184.58,9183.3,9184.58,0,INR,9183.3,9184.58,9183.3,9184.58,89.35,us_open,first_hour_after_us_open,ESTIMATED_FROM_DAILY_OHLC_USING_SESSION_HEURISTICS_NOT_REAL_INTRADAY_DATA
2026-04-28T22:30:00+0530,2026-04-28T22:30:00+0530,28-04-2026,MCX,MCX CRUDEOILM,MCX India,60m,APR_MAY_2026_EXPIRY,CRUDEOILM,RECONSTRUCTED_FROM_DAILY,See methodology_and_sources.md,9184.58,9184.58,9183.85,9183.85,0,INR,9184.58,9184.58,9183.85,9183.85,89.35,us_open,final_hour_before_mcx_close,ESTIMATED_FROM_DAILY_OHLC_USING_SESSION_HEURISTICS_NOT_REAL_INTRADAY_DATA
2026-04-28T23:30:00+0530,2026-04-28T23:30:00+0530,28-04-2026,MCX,MCX CRUDEOILM,MCX India,60m,APR_MAY_2026_EXPIRY,CRUDEOILM,RECONSTRUCTED_FROM_DAILY,See methodology_and_sources.md,9183.85,9183.85,9104,9104,0,INR,9183.85,9183.85,9104,9104,89.35,mcx_tail,none,ESTIMATED_FROM_DAILY_OHLC_USING_SESSION_HEURISTICS_NOT_REAL_INTRADAY_DATA
2026-04-29T00:30:00+0530,2026-04-29T00:30:00+0530,28-04-2026,MCX,MCX CRUDEOILM,MCX India,60m,APR_MAY_2026_EXPIRY,CRUDEOILM,RECONSTRUCTED_FROM_DAILY,See methodology_and_sources.md,9104,9104,9104,9104,0,INR,9104,9104,9104,9104,89.35,other_valid_hours,none,ESTIMATED_FROM_DAILY_OHLC_USING_SESSION_HEURISTICS_NOT_REAL_INTRADAY_DATA
2026-04-29T03:30:00+0530,2026-04-29T03:30:00+0530,29-04-2026,MCX,MCX CRUDEOILM,MCX India,60m,APR_MAY_2026_EXPIRY,CRUDEOILM,RECONSTRUCTED_FROM_DAILY,See methodology_and_sources.md,9402,9403.68,9402,9403.68,0,INR,9402,9403.68,9402,9403.68,89.4,global_reopen_pre_mcx,none,ESTIMATED_FROM_DAILY_OHLC_USING_SESSION_HEURISTICS_NOT_REAL_INTRADAY_DATA
2026-04-29T04:30:00+0530,2026-04-29T04:30:00+0530,29-04-2026,MCX,MCX CRUDEOILM,MCX India,60m,APR_MAY_2026_EXPIRY,CRUDEOILM,RECONSTRUCTED_FROM_DAILY,See methodology_and_sources.md,9403.68,9403.68,9399.08,9399.08,0,INR,9403.68,9403.68,9399.08,9399.08,89.4,global_reopen_pre_mcx,none,ESTIMATED_FROM_DAILY_OHLC_USING_SESSION_HEURISTICS_NOT_REAL_INTRADAY_DATA
2026-04-29T05:30:00+0530,2026-04-29T05:30:00+0530,29-04-2026,MCX,MCX CRUDEOILM,MCX India,60m,APR_MAY_2026_EXPIRY,CRUDEOILM,RECONSTRUCTED_FROM_DAILY,See methodology_and_sources.md,9399.08,9399.08,9398.98,9398.98,0,INR,9399.08,9399.08,9398.98,9398.98,89.4,global_reopen_pre_mcx,none,ESTIMATED_FROM_DAILY_OHLC_USING_SESSION_HEURISTICS_NOT_REAL_INTRADAY_DATA
2026-04-29T06:30:00+0530,2026-04-29T06:30:00+0530,29-04-2026,MCX,MCX CRUDEOILM,MCX India,60m,APR_MAY_2026_EXPIRY,CRUDEOILM,RECONSTRUCTED_FROM_DAILY,See methodology_and_sources.md,9398.98,9403.52,9398.98,9403.52,0,INR,9398.98,9403.52,9398.98,9403.52,89.4,global_reopen_pre_mcx,none,ESTIMATED_FROM_DAILY_OHLC_USING_SESSION_HEURISTICS_NOT_REAL_INTRADAY_DATA
2026-04-29T07:30:00+0530,2026-04-29T07:30:00+0530,29-04-2026,MCX,MCX CRUDEOILM,MCX India,60m,APR_MAY_2026_EXPIRY,CRUDEOILM,RECONSTRUCTED_FROM_DAILY,See methodology_and_sources.md,9403.52,9403.52,9401.41,9401.41,0,INR,9403.52,9403.52,9401.41,9401.41,89.4,global_reopen_pre_mcx,none,ESTIMATED_FROM_DAILY_OHLC_USING_SESSION_HEURISTICS_NOT_REAL_INTRADAY_DATA
2026-04-29T08:30:00+0530,2026-04-29T08:30:00+0530,29-04-2026,MCX,MCX CRUDEOILM,MCX India,60m,APR_MAY_2026_EXPIRY,CRUDEOILM,RECONSTRUCTED_FROM_DAILY,See methodology_and_sources.md,9401.41,9401.41,9399.89,9399.89,0,INR,9401.41,9401.41,9399.89,9399.89,89.4,global_reopen_pre_mcx,none,ESTIMATED_FROM_DAILY_OHLC_USING_SESSION_HEURISTICS_NOT_REAL_INTRADAY_DATA
2026-04-29T09:30:00+0530,2026-04-29T09:30:00+0530,29-04-2026,MCX,MCX CRUDEOILM,MCX India,60m,APR_MAY_2026_EXPIRY,CRUDEOILM,RECONSTRUCTED_FROM_DAILY,See methodology_and_sources.md,9399.89,9402.26,9399.89,9402.26,0,INR,9399.89,9402.26,9399.89,9402.26,89.4,mcx_open_drive,none,ESTIMATED_FROM_DAILY_OHLC_USING_SESSION_HEURISTICS_NOT_REAL_INTRADAY_DATA
2026-04-29T10:30:00+0530,2026-04-29T10:30:00+0530,29-04-2026,MCX,MCX CRUDEOILM,MCX India,60m,APR_MAY_2026_EXPIRY,CRUDEOILM,RECONSTRUCTED_FROM_DAILY,See methodology_and_sources.md,9402.26,9402.26,9399.95,9399.95,0,INR,9402.26,9402.26,9399.95,9399.95,89.4,india_morning,none,ESTIMATED_FROM_DAILY_OHLC_USING_SESSION_HEURISTICS_NOT_REAL_INTRADAY_DATA
2026-04-29T11:30:00+0530,2026-04-29T11:30:00+0530,29-04-2026,MCX,MCX CRUDEOILM,MCX India,60m,APR_MAY_2026_EXPIRY,CRUDEOILM,RECONSTRUCTED_FROM_DAILY,See methodology_and_sources.md,9399.95,9399.95,9397.75,9397.75,0,INR,9399.95,9399.95,9397.75,9397.75,89.4,india_morning,none,ESTIMATED_FROM_DAILY_OHLC_USING_SESSION_HEURISTICS_NOT_REAL_INTRADAY_DATA
2026-04-29T12:30:00+0530,2026-04-29T12:30:00+0530,29-04-2026,MCX,MCX CRUDEOILM,MCX India,60m,APR_MAY_2026_EXPIRY,CRUDEOILM,RECONSTRUCTED_FROM_DAILY,See methodology_and_sources.md,9397.75,9397.75,9397.11,9397.11,0,INR,9397.75,9397.75,9397.11,9397.11,89.4,india_midday,none,ESTIMATED_FROM_DAILY_OHLC_USING_SESSION_HEURISTICS_NOT_REAL_INTRADAY_DATA
2026-04-29T13:30:00+0530,2026-04-29T13:30:00+0530,29-04-2026,MCX,MCX CRUDEOILM,MCX India,60m,APR_MAY_2026_EXPIRY,CRUDEOILM,RECONSTRUCTED_FROM_DAILY,See methodology_and_sources.md,9397.11,9397.11,9393.12,9393.12,0,INR,9397.11,9397.11,9393.12,9393.12,89.4,india_midday,none,ESTIMATED_FROM_DAILY_OHLC_USING_SESSION_HEURISTICS_NOT_REAL_INTRADAY_DATA
2026-04-29T14:30:00+0530,2026-04-29T14:30:00+0530,29-04-2026,MCX,MCX CRUDEOILM,MCX India,60m,APR_MAY_2026_EXPIRY,CRUDEOILM,RECONSTRUCTED_FROM_DAILY,See methodology_and_sources.md,9393.12,9393.12,9390,9390,0,INR,9393.12,9393.12,9390,9390,89.4,india_midday,none,ESTIMATED_FROM_DAILY_OHLC_USING_SESSION_HEURISTICS_NOT_REAL_INTRADAY_DATA
2026-04-29T15:30:00+0530,2026-04-29T15:30:00+0530,29-04-2026,MCX,MCX CRUDEOILM,MCX India,60m,APR_MAY_2026_EXPIRY,CRUDEOILM,RECONSTRUCTED_FROM_DAILY,See methodology_and_sources.md,9390,9399.23,9390,9399.23,0,INR,9390,9399.23,9390,9399.23,89.4,europe_open,first_30m_after_europe_open,ESTIMATED_FROM_DAILY_OHLC_USING_SESSION_HEURISTICS_NOT_REAL_INTRADAY_DATA
2026-04-29T16:30:00+0530,2026-04-29T16:30:00+0530,29-04-2026,MCX,MCX CRUDEOILM,MCX India,60m,APR_MAY_2026_EXPIRY,CRUDEOILM,RECONSTRUCTED_FROM_DAILY,See methodology_and_sources.md,9399.23,9410.42,9399.23,9410.42,0,INR,9399.23,9410.42,9399.23,9410.42,89.4,europe_open,none,ESTIMATED_FROM_DAILY_OHLC_USING_SESSION_HEURISTICS_NOT_REAL_INTRADAY_DATA
2026-04-29T17:30:00+0530,2026-04-29T17:30:00+0530,29-04-2026,MCX,MCX CRUDEOILM,MCX India,60m,APR_MAY_2026_EXPIRY,CRUDEOILM,RECONSTRUCTED_FROM_DAILY,See methodology_and_sources.md,9410.42,9410.42,9408.23,9408.23,0,INR,9410.42,9410.42,9408.23,9408.23,89.4,europe_mid,none,ESTIMATED_FROM_DAILY_OHLC_USING_SESSION_HEURISTICS_NOT_REAL_INTRADAY_DATA
2026-04-29T18:30:00+0530,2026-04-29T18:30:00+0530,29-04-2026,MCX,MCX CRUDEOILM,MCX India,60m,APR_MAY_2026_EXPIRY,CRUDEOILM,RECONSTRUCTED_FROM_DAILY,See methodology_and_sources.md,9408.23,9413.03,9408.23,9413.03,0,INR,9408.23,9413.03,9408.23,9413.03,89.4,europe_mid,none,ESTIMATED_FROM_DAILY_OHLC_USING_SESSION_HEURISTICS_NOT_REAL_INTRADAY_DATA
2026-04-29T19:30:00+0530,2026-04-29T19:30:00+0530,29-04-2026,MCX,MCX CRUDEOILM,MCX India,60m,APR_MAY_2026_EXPIRY,CRUDEOILM,RECONSTRUCTED_FROM_DAILY,See methodology_and_sources.md,9413.03,9418.44,9413.03,9418.44,0,INR,9413.03,9418.44,9413.03,9418.44,89.4,europe_mid,none,ESTIMATED_FROM_DAILY_OHLC_USING_SESSION_HEURISTICS_NOT_REAL_INTRADAY_DATA
2026-04-29T20:30:00+0530,2026-04-29T20:30:00+0530,29-04-2026,MCX,MCX CRUDEOILM,MCX India,60m,APR_MAY_2026_EXPIRY,CRUDEOILM,RECONSTRUCTED_FROM_DAILY,See methodology_and_sources.md,9418.44,9418.44,9410.14,9410.14,0,INR,9418.44,9418.44,9410.14,9410.14,89.4,us_pre_open,none,ESTIMATED_FROM_DAILY_OHLC_USING_SESSION_HEURISTICS_NOT_REAL_INTRADAY_DATA
2026-04-29T21:30:00+0530,2026-04-29T21:30:00+0530,29-04-2026,MCX,MCX CRUDEOILM,MCX India,60m,APR_MAY_2026_EXPIRY,CRUDEOILM,RECONSTRUCTED_FROM_DAILY,See methodology_and_sources.md,9410.14,9418.48,9410.14,9418.48,0,INR,9410.14,9418.48,9410.14,9418.48,89.4,us_open,first_hour_after_us_open,ESTIMATED_FROM_DAILY_OHLC_USING_SESSION_HEURISTICS_NOT_REAL_INTRADAY_DATA
2026-04-29T22:30:00+0530,2026-04-29T22:30:00+0530,29-04-2026,MCX,MCX CRUDEOILM,MCX India,60m,APR_MAY_2026_EXPIRY,CRUDEOILM,RECONSTRUCTED_FROM_DAILY,See methodology_and_sources.md,9418.48,9424.84,9418.48,9424.84,0,INR,9418.48,9424.84,9418.48,9424.84,89.4,us_open,final_hour_before_mcx_close,ESTIMATED_FROM_DAILY_OHLC_USING_SESSION_HEURISTICS_NOT_REAL_INTRADAY_DATA
2026-04-29T23:30:00+0530,2026-04-29T23:30:00+0530,29-04-2026,MCX,MCX CRUDEOILM,MCX India,60m,APR_MAY_2026_EXPIRY,CRUDEOILM,RECONSTRUCTED_FROM_DAILY,See methodology_and_sources.md,9424.84,9484,9424.84,9484,0,INR,9424.84,9484,9424.84,9484,89.4,mcx_tail,none,ESTIMATED_FROM_DAILY_OHLC_USING_SESSION_HEURISTICS_NOT_REAL_INTRADAY_DATA
2026-04-30T00:30:00+0530,2026-04-30T00:30:00+0530,29-04-2026,MCX,MCX CRUDEOILM,MCX India,60m,APR_MAY_2026_EXPIRY,CRUDEOILM,RECONSTRUCTED_FROM_DAILY,See methodology_and_sources.md,9484,9484,9484,9484,0,INR,9484,9484,9484,9484,89.4,other_valid_hours,none,ESTIMATED_FROM_DAILY_OHLC_USING_SESSION_HEURISTICS_NOT_REAL_INTRADAY_DATA
2026-04-30T03:30:00+0530,2026-04-30T03:30:00+0530,30-04-2026,MCX,MCX CRUDEOILM,MCX India,60m,APR_MAY_2026_EXPIRY,CRUDEOILM,RECONSTRUCTED_FROM_DAILY,See methodology_and_sources.md,10211,10211,10208.68,10208.68,0,INR,10211,10211,10208.68,10208.68,89.45,global_reopen_pre_mcx,none,ESTIMATED_FROM_DAILY_OHLC_USING_SESSION_HEURISTICS_NOT_REAL_INTRADAY_DATA
2026-04-30T04:30:00+0530,2026-04-30T04:30:00+0530,30-04-2026,MCX,MCX CRUDEOILM,MCX India,60m,APR_MAY_2026_EXPIRY,CRUDEOILM,RECONSTRUCTED_FROM_DAILY,See methodology_and_sources.md,10208.68,10208.68,10203.48,10203.48,0,INR,10208.68,10208.68,10203.48,10203.48,89.45,global_reopen_pre_mcx,none,ESTIMATED_FROM_DAILY_OHLC_USING_SESSION_HEURISTICS_NOT_REAL_INTRADAY_DATA
2026-04-30T05:30:00+0530,2026-04-30T05:30:00+0530,30-04-2026,MCX,MCX CRUDEOILM,MCX India,60m,APR_MAY_2026_EXPIRY,CRUDEOILM,RECONSTRUCTED_FROM_DAILY,See methodology_and_sources.md,10203.48,10203.48,10201.62,10201.62,0,INR,10203.48,10203.48,10201.62,10201.62,89.45,global_reopen_pre_mcx,none,ESTIMATED_FROM_DAILY_OHLC_USING_SESSION_HEURISTICS_NOT_REAL_INTRADAY_DATA
2026-04-30T06:30:00+0530,2026-04-30T06:30:00+0530,30-04-2026,MCX,MCX CRUDEOILM,MCX India,60m,APR_MAY_2026_EXPIRY,CRUDEOILM,RECONSTRUCTED_FROM_DAILY,See methodology_and_sources.md,10201.62,10206.34,10201.62,10206.34,0,INR,10201.62,10206.34,10201.62,10206.34,89.45,global_reopen_pre_mcx,none,ESTIMATED_FROM_DAILY_OHLC_USING_SESSION_HEURISTICS_NOT_REAL_INTRADAY_DATA
2026-04-30T07:30:00+0530,2026-04-30T07:30:00+0530,30-04-2026,MCX,MCX CRUDEOILM,MCX India,60m,APR_MAY_2026_EXPIRY,CRUDEOILM,RECONSTRUCTED_FROM_DAILY,See methodology_and_sources.md,10206.34,10206.65,10206.34,10206.65,0,INR,10206.34,10206.65,10206.34,10206.65,89.45,global_reopen_pre_mcx,none,ESTIMATED_FROM_DAILY_OHLC_USING_SESSION_HEURISTICS_NOT_REAL_INTRADAY_DATA
2026-04-30T08:30:00+0530,2026-04-30T08:30:00+0530,30-04-2026,MCX,MCX CRUDEOILM,MCX India,60m,APR_MAY_2026_EXPIRY,CRUDEOILM,RECONSTRUCTED_FROM_DAILY,See methodology_and_sources.md,10206.65,10208.97,10206.65,10208.97,0,INR,10206.65,10208.97,10206.65,10208.97,89.45,global_reopen_pre_mcx,none,ESTIMATED_FROM_DAILY_OHLC_USING_SESSION_HEURISTICS_NOT_REAL_INTRADAY_DATA
2026-04-30T09:30:00+0530,2026-04-30T09:30:00+0530,30-04-2026,MCX,MCX CRUDEOILM,MCX India,60m,APR_MAY_2026_EXPIRY,CRUDEOILM,RECONSTRUCTED_FROM_DAILY,See methodology_and_sources.md,10208.97,10208.97,10207.31,10207.31,0,INR,10208.97,10208.97,10207.31,10207.31,89.45,mcx_open_drive,none,ESTIMATED_FROM_DAILY_OHLC_USING_SESSION_HEURISTICS_NOT_REAL_INTRADAY_DATA
2026-04-30T10:30:00+0530,2026-04-30T10:30:00+0530,30-04-2026,MCX,MCX CRUDEOILM,MCX India,60m,APR_MAY_2026_EXPIRY,CRUDEOILM,RECONSTRUCTED_FROM_DAILY,See methodology_and_sources.md,10207.31,10208.02,10207.31,10208.02,0,INR,10207.31,10208.02,10207.31,10208.02,89.45,india_morning,none,ESTIMATED_FROM_DAILY_OHLC_USING_SESSION_HEURISTICS_NOT_REAL_INTRADAY_DATA
2026-04-30T11:30:00+0530,2026-04-30T11:30:00+0530,30-04-2026,MCX,MCX CRUDEOILM,MCX India,60m,APR_MAY_2026_EXPIRY,CRUDEOILM,RECONSTRUCTED_FROM_DAILY,See methodology_and_sources.md,10208.02,10208.02,10205.86,10205.86,0,INR,10208.02,10208.02,10205.86,10205.86,89.45,india_morning,none,ESTIMATED_FROM_DAILY_OHLC_USING_SESSION_HEURISTICS_NOT_REAL_INTRADAY_DATA
2026-04-30T12:30:00+0530,2026-04-30T12:30:00+0530,30-04-2026,MCX,MCX CRUDEOILM,MCX India,60m,APR_MAY_2026_EXPIRY,CRUDEOILM,RECONSTRUCTED_FROM_DAILY,See methodology_and_sources.md,10205.86,10205.86,10201.08,10201.08,0,INR,10205.86,10205.86,10201.08,10201.08,89.45,india_midday,none,ESTIMATED_FROM_DAILY_OHLC_USING_SESSION_HEURISTICS_NOT_REAL_INTRADAY_DATA
2026-04-30T13:30:00+0530,2026-04-30T13:30:00+0530,30-04-2026,MCX,MCX CRUDEOILM,MCX India,60m,APR_MAY_2026_EXPIRY,CRUDEOILM,RECONSTRUCTED_FROM_DAILY,See methodology_and_sources.md,10201.08,10204.41,10201.08,10204.41,0,INR,10201.08,10204.41,10201.08,10204.41,89.45,india_midday,none,ESTIMATED_FROM_DAILY_OHLC_USING_SESSION_HEURISTICS_NOT_REAL_INTRADAY_DATA
2026-04-30T14:30:00+0530,2026-04-30T14:30:00+0530,30-04-2026,MCX,MCX CRUDEOILM,MCX India,60m,APR_MAY_2026_EXPIRY,CRUDEOILM,RECONSTRUCTED_FROM_DAILY,See methodology_and_sources.md,10204.41,10212.34,10204.41,10212.34,0,INR,10204.41,10212.34,10204.41,10212.34,89.45,india_midday,none,ESTIMATED_FROM_DAILY_OHLC_USING_SESSION_HEURISTICS_NOT_REAL_INTRADAY_DATA
2026-04-30T15:30:00+0530,2026-04-30T15:30:00+0530,30-04-2026,MCX,MCX CRUDEOILM,MCX India,60m,APR_MAY_2026_EXPIRY,CRUDEOILM,RECONSTRUCTED_FROM_DAILY,See methodology_and_sources.md,10212.34,10215.16,10212.34,10215.16,0,INR,10212.34,10215.16,10212.34,10215.16,89.45,europe_open,first_30m_after_europe_open,ESTIMATED_FROM_DAILY_OHLC_USING_SESSION_HEURISTICS_NOT_REAL_INTRADAY_DATA
2026-04-30T16:30:00+0530,2026-04-30T16:30:00+0530,30-04-2026,MCX,MCX CRUDEOILM,MCX India,60m,APR_MAY_2026_EXPIRY,CRUDEOILM,RECONSTRUCTED_FROM_DAILY,See methodology_and_sources.md,10215.16,10221.13,10215.16,10221.13,0,INR,10215.16,10221.13,10215.16,10221.13,89.45,europe_open,none,ESTIMATED_FROM_DAILY_OHLC_USING_SESSION_HEURISTICS_NOT_REAL_INTRADAY_DATA
2026-04-30T17:30:00+0530,2026-04-30T17:30:00+0530,30-04-2026,MCX,MCX CRUDEOILM,MCX India,60m,APR_MAY_2026_EXPIRY,CRUDEOILM,RECONSTRUCTED_FROM_DAILY,See methodology_and_sources.md,10221.13,10223,10221.13,10223,0,INR,10221.13,10223,10221.13,10223,89.45,europe_mid,none,ESTIMATED_FROM_DAILY_OHLC_USING_SESSION_HEURISTICS_NOT_REAL_INTRADAY_DATA
2026-04-30T18:30:00+0530,2026-04-30T18:30:00+0530,30-04-2026,MCX,MCX CRUDEOILM,MCX India,60m,APR_MAY_2026_EXPIRY,CRUDEOILM,RECONSTRUCTED_FROM_DAILY,See methodology_and_sources.md,10223,10232.3,10223,10232.3,0,INR,10223,10232.3,10223,10232.3,89.45,europe_mid,none,ESTIMATED_FROM_DAILY_OHLC_USING_SESSION_HEURISTICS_NOT_REAL_INTRADAY_DATA
2026-04-30T19:30:00+0530,2026-04-30T19:30:00+0530,30-04-2026,MCX,MCX CRUDEOILM,MCX India,60m,APR_MAY_2026_EXPIRY,CRUDEOILM,RECONSTRUCTED_FROM_DAILY,See methodology_and_sources.md,10232.3,10238.02,10232.3,10238.02,0,INR,10232.3,10238.02,10232.3,10238.02,89.45,europe_mid,none,ESTIMATED_FROM_DAILY_OHLC_USING_SESSION_HEURISTICS_NOT_REAL_INTRADAY_DATA
2026-04-30T20:30:00+0530,2026-04-30T20:30:00+0530,30-04-2026,MCX,MCX CRUDEOILM,MCX India,60m,APR_MAY_2026_EXPIRY,CRUDEOILM,RECONSTRUCTED_FROM_DAILY,See methodology_and_sources.md,10238.02,10238.02,10236,10236,0,INR,10238.02,10238.02,10236,10236,89.45,us_pre_open,none,ESTIMATED_FROM_DAILY_OHLC_USING_SESSION_HEURISTICS_NOT_REAL_INTRADAY_DATA
2026-04-30T21:30:00+0530,2026-04-30T21:30:00+0530,30-04-2026,MCX,MCX CRUDEOILM,MCX India,60m,APR_MAY_2026_EXPIRY,CRUDEOILM,RECONSTRUCTED_FROM_DAILY,See methodology_and_sources.md,10236,10237.66,10236,10237.66,0,INR,10236,10237.66,10236,10237.66,89.45,us_open,first_hour_after_us_open,ESTIMATED_FROM_DAILY_OHLC_USING_SESSION_HEURISTICS_NOT_REAL_INTRADAY_DATA
2026-04-30T22:30:00+0530,2026-04-30T22:30:00+0530,30-04-2026,MCX,MCX CRUDEOILM,MCX India,60m,APR_MAY_2026_EXPIRY,CRUDEOILM,RECONSTRUCTED_FROM_DAILY,See methodology_and_sources.md,10237.66,10240.27,10237.66,10240.27,0,INR,10237.66,10240.27,10237.66,10240.27,89.45,us_open,final_hour_before_mcx_close,ESTIMATED_FROM_DAILY_OHLC_USING_SESSION_HEURISTICS_NOT_REAL_INTRADAY_DATA
2026-04-30T23:30:00+0530,2026-04-30T23:30:00+0530,30-04-2026,MCX,MCX CRUDEOILM,MCX India,60m,APR_MAY_2026_EXPIRY,CRUDEOILM,RECONSTRUCTED_FROM_DAILY,See methodology_and_sources.md,10240.27,10240.27,10125,10125,0,INR,10240.27,10240.27,10125,10125,89.45,mcx_tail,none,ESTIMATED_FROM_DAILY_OHLC_USING_SESSION_HEURISTICS_NOT_REAL_INTRADAY_DATA
2026-05-01T00:30:00+0530,2026-05-01T00:30:00+0530,30-04-2026,MCX,MCX CRUDEOILM,MCX India,60m,APR_MAY_2026_EXPIRY,CRUDEOILM,RECONSTRUCTED_FROM_DAILY,See methodology_and_sources.md,10125,10125,10125,10125,0,INR,10125,10125,10125,10125,89.45,other_valid_hours,none,ESTIMATED_FROM_DAILY_OHLC_USING_SESSION_HEURISTICS_NOT_REAL_INTRADAY_DATA
2026-05-01T03:30:00+0530,2026-05-01T03:30:00+0530,01-05-2026,MCX,MCX CRUDEOILM,MCX India,60m,APR_MAY_2026_EXPIRY,CRUDEOILM,RECONSTRUCTED_FROM_DAILY,See methodology_and_sources.md,9949,9949,9947.68,9947.68,0,INR,9949,9949,9947.68,9947.68,89.5,global_reopen_pre_mcx,none,ESTIMATED_FROM_DAILY_OHLC_USING_SESSION_HEURISTICS_NOT_REAL_INTRADAY_DATA
2026-05-01T04:30:00+0530,2026-05-01T04:30:00+0530,01-05-2026,MCX,MCX CRUDEOILM,MCX India,60m,APR_MAY_2026_EXPIRY,CRUDEOILM,RECONSTRUCTED_FROM_DAILY,See methodology_and_sources.md,9947.68,9951.6,9947.68,9951.6,0,INR,9947.68,9951.6,9947.68,9951.6,89.5,global_reopen_pre_mcx,none,ESTIMATED_FROM_DAILY_OHLC_USING_SESSION_HEURISTICS_NOT_REAL_INTRADAY_DATA
2026-05-01T05:30:00+0530,2026-05-01T05:30:00+0530,01-05-2026,MCX,MCX CRUDEOILM,MCX India,60m,APR_MAY_2026_EXPIRY,CRUDEOILM,RECONSTRUCTED_FROM_DAILY,See methodology_and_sources.md,9951.6,9951.6,9951.51,9951.51,0,INR,9951.6,9951.6,9951.51,9951.51,89.5,global_reopen_pre_mcx,none,ESTIMATED_FROM_DAILY_OHLC_USING_SESSION_HEURISTICS_NOT_REAL_INTRADAY_DATA
2026-05-01T06:30:00+0530,2026-05-01T06:30:00+0530,01-05-2026,MCX,MCX CRUDEOILM,MCX India,60m,APR_MAY_2026_EXPIRY,CRUDEOILM,RECONSTRUCTED_FROM_DAILY,See methodology_and_sources.md,9951.51,9951.51,9948.69,9948.69,0,INR,9951.51,9951.51,9948.69,9948.69,89.5,global_reopen_pre_mcx,none,ESTIMATED_FROM_DAILY_OHLC_USING_SESSION_HEURISTICS_NOT_REAL_INTRADAY_DATA
2026-05-01T07:30:00+0530,2026-05-01T07:30:00+0530,01-05-2026,MCX,MCX CRUDEOILM,MCX India,60m,APR_MAY_2026_EXPIRY,CRUDEOILM,RECONSTRUCTED_FROM_DAILY,See methodology_and_sources.md,9948.69,9948.69,9944.76,9944.76,0,INR,9948.69,9948.69,9944.76,9944.76,89.5,global_reopen_pre_mcx,none,ESTIMATED_FROM_DAILY_OHLC_USING_SESSION_HEURISTICS_NOT_REAL_INTRADAY_DATA
2026-05-01T08:30:00+0530,2026-05-01T08:30:00+0530,01-05-2026,MCX,MCX CRUDEOILM,MCX India,60m,APR_MAY_2026_EXPIRY,CRUDEOILM,RECONSTRUCTED_FROM_DAILY,See methodology_and_sources.md,9944.76,9950.09,9944.76,9950.09,0,INR,9944.76,9950.09,9944.76,9950.09,89.5,global_reopen_pre_mcx,none,ESTIMATED_FROM_DAILY_OHLC_USING_SESSION_HEURISTICS_NOT_REAL_INTRADAY_DATA
2026-05-01T09:30:00+0530,2026-05-01T09:30:00+0530,01-05-2026,MCX,MCX CRUDEOILM,MCX India,60m,APR_MAY_2026_EXPIRY,CRUDEOILM,RECONSTRUCTED_FROM_DAILY,See methodology_and_sources.md,9950.09,9950.09,9944.98,9944.98,0,INR,9950.09,9950.09,9944.98,9944.98,89.5,mcx_open_drive,none,ESTIMATED_FROM_DAILY_OHLC_USING_SESSION_HEURISTICS_NOT_REAL_INTRADAY_DATA
2026-05-01T10:30:00+0530,2026-05-01T10:30:00+0530,01-05-2026,MCX,MCX CRUDEOILM,MCX India,60m,APR_MAY_2026_EXPIRY,CRUDEOILM,RECONSTRUCTED_FROM_DAILY,See methodology_and_sources.md,9944.98,9952.41,9944.98,9952.41,0,INR,9944.98,9952.41,9944.98,9952.41,89.5,india_morning,none,ESTIMATED_FROM_DAILY_OHLC_USING_SESSION_HEURISTICS_NOT_REAL_INTRADAY_DATA
2026-05-01T11:30:00+0530,2026-05-01T11:30:00+0530,01-05-2026,MCX,MCX CRUDEOILM,MCX India,60m,APR_MAY_2026_EXPIRY,CRUDEOILM,RECONSTRUCTED_FROM_DAILY,See methodology_and_sources.md,9952.41,9956.84,9952.41,9956.84,0,INR,9952.41,9956.84,9952.41,9956.84,89.5,india_morning,none,ESTIMATED_FROM_DAILY_OHLC_USING_SESSION_HEURISTICS_NOT_REAL_INTRADAY_DATA
2026-05-01T12:30:00+0530,2026-05-01T12:30:00+0530,01-05-2026,MCX,MCX CRUDEOILM,MCX India,60m,APR_MAY_2026_EXPIRY,CRUDEOILM,RECONSTRUCTED_FROM_DAILY,See methodology_and_sources.md,9956.84,9956.84,9956.02,9956.02,0,INR,9956.84,9956.84,9956.02,9956.02,89.5,india_midday,none,ESTIMATED_FROM_DAILY_OHLC_USING_SESSION_HEURISTICS_NOT_REAL_INTRADAY_DATA
2026-05-01T13:30:00+0530,2026-05-01T13:30:00+0530,01-05-2026,MCX,MCX CRUDEOILM,MCX India,60m,APR_MAY_2026_EXPIRY,CRUDEOILM,RECONSTRUCTED_FROM_DAILY,See methodology_and_sources.md,9956.02,9956.02,9949.6,9949.6,0,INR,9956.02,9956.02,9949.6,9949.6,89.5,india_midday,none,ESTIMATED_FROM_DAILY_OHLC_USING_SESSION_HEURISTICS_NOT_REAL_INTRADAY_DATA
2026-05-01T14:30:00+0530,2026-05-01T14:30:00+0530,01-05-2026,MCX,MCX CRUDEOILM,MCX India,60m,APR_MAY_2026_EXPIRY,CRUDEOILM,RECONSTRUCTED_FROM_DAILY,See methodology_and_sources.md,9949.6,9949.6,9947.59,9947.59,0,INR,9949.6,9949.6,9947.59,9947.59,89.5,india_midday,none,ESTIMATED_FROM_DAILY_OHLC_USING_SESSION_HEURISTICS_NOT_REAL_INTRADAY_DATA
2026-05-01T15:30:00+0530,2026-05-01T15:30:00+0530,01-05-2026,MCX,MCX CRUDEOILM,MCX India,60m,APR_MAY_2026_EXPIRY,CRUDEOILM,RECONSTRUCTED_FROM_DAILY,See methodology_and_sources.md,9947.59,9947.59,9943.03,9943.03,0,INR,9947.59,9947.59,9943.03,9943.03,89.5,europe_open,first_30m_after_europe_open,ESTIMATED_FROM_DAILY_OHLC_USING_SESSION_HEURISTICS_NOT_REAL_INTRADAY_DATA
2026-05-01T16:30:00+0530,2026-05-01T16:30:00+0530,01-05-2026,MCX,MCX CRUDEOILM,MCX India,60m,APR_MAY_2026_EXPIRY,CRUDEOILM,RECONSTRUCTED_FROM_DAILY,See methodology_and_sources.md,9943.03,9943.03,9940.93,9940.93,0,INR,9943.03,9943.03,9940.93,9940.93,89.5,europe_open,none,ESTIMATED_FROM_DAILY_OHLC_USING_SESSION_HEURISTICS_NOT_REAL_INTRADAY_DATA
2026-05-01T17:30:00+0530,2026-05-01T17:30:00+0530,01-05-2026,MCX,MCX CRUDEOILM,MCX India,60m,APR_MAY_2026_EXPIRY,CRUDEOILM,RECONSTRUCTED_FROM_DAILY,See methodology_and_sources.md,9940.93,9940.93,9937.1,9937.1,0,INR,9940.93,9940.93,9937.1,9937.1,89.5,europe_mid,none,ESTIMATED_FROM_DAILY_OHLC_USING_SESSION_HEURISTICS_NOT_REAL_INTRADAY_DATA
2026-05-01T18:30:00+0530,2026-05-01T18:30:00+0530,01-05-2026,MCX,MCX CRUDEOILM,MCX India,60m,APR_MAY_2026_EXPIRY,CRUDEOILM,RECONSTRUCTED_FROM_DAILY,See methodology_and_sources.md,9937.1,9938.12,9937.1,9938.12,0,INR,9937.1,9938.12,9937.1,9938.12,89.5,europe_mid,none,ESTIMATED_FROM_DAILY_OHLC_USING_SESSION_HEURISTICS_NOT_REAL_INTRADAY_DATA
2026-05-01T19:30:00+0530,2026-05-01T19:30:00+0530,01-05-2026,MCX,MCX CRUDEOILM,MCX India,60m,APR_MAY_2026_EXPIRY,CRUDEOILM,RECONSTRUCTED_FROM_DAILY,See methodology_and_sources.md,9938.12,9938.12,9934.89,9934.89,0,INR,9938.12,9938.12,9934.89,9934.89,89.5,europe_mid,none,ESTIMATED_FROM_DAILY_OHLC_USING_SESSION_HEURISTICS_NOT_REAL_INTRADAY_DATA
2026-05-01T20:30:00+0530,2026-05-01T20:30:00+0530,01-05-2026,MCX,MCX CRUDEOILM,MCX India,60m,APR_MAY_2026_EXPIRY,CRUDEOILM,RECONSTRUCTED_FROM_DAILY,See methodology_and_sources.md,9934.89,9934.89,9933.67,9933.67,0,INR,9934.89,9934.89,9933.67,9933.67,89.5,us_pre_open,none,ESTIMATED_FROM_DAILY_OHLC_USING_SESSION_HEURISTICS_NOT_REAL_INTRADAY_DATA
2026-05-01T21:30:00+0530,2026-05-01T21:30:00+0530,01-05-2026,MCX,MCX CRUDEOILM,MCX India,60m,APR_MAY_2026_EXPIRY,CRUDEOILM,RECONSTRUCTED_FROM_DAILY,See methodology_and_sources.md,9933.67,9933.67,9932.89,9932.89,0,INR,9933.67,9933.67,9932.89,9932.89,89.5,us_open,first_hour_after_us_open,ESTIMATED_FROM_DAILY_OHLC_USING_SESSION_HEURISTICS_NOT_REAL_INTRADAY_DATA
2026-05-01T22:30:00+0530,2026-05-01T22:30:00+0530,01-05-2026,MCX,MCX CRUDEOILM,MCX India,60m,APR_MAY_2026_EXPIRY,CRUDEOILM,RECONSTRUCTED_FROM_DAILY,See methodology_and_sources.md,9932.89,9932.89,9926.25,9926.25,0,INR,9932.89,9932.89,9926.25,9926.25,89.5,us_open,final_hour_before_mcx_close,ESTIMATED_FROM_DAILY_OHLC_USING_SESSION_HEURISTICS_NOT_REAL_INTRADAY_DATA
2026-05-01T23:30:00+0530,2026-05-01T23:30:00+0530,01-05-2026,MCX,MCX CRUDEOILM,MCX India,60m,APR_MAY_2026_EXPIRY,CRUDEOILM,RECONSTRUCTED_FROM_DAILY,See methodology_and_sources.md,9926.25,9926.25,9866,9866,0,INR,9926.25,9926.25,9866,9866,89.5,mcx_tail,none,ESTIMATED_FROM_DAILY_OHLC_USING_SESSION_HEURISTICS_NOT_REAL_INTRADAY_DATA
2026-05-02T00:30:00+0530,2026-05-02T00:30:00+0530,01-05-2026,MCX,MCX CRUDEOILM,MCX India,60m,APR_MAY_2026_EXPIRY,CRUDEOILM,RECONSTRUCTED_FROM_DAILY,See methodology_and_sources.md,9866,9866,9866,9866,0,INR,9866,9866,9866,9866,89.5,other_valid_hours,none,ESTIMATED_FROM_DAILY_OHLC_USING_SESSION_HEURISTICS_NOT_REAL_INTRADAY_DATA
2026-05-04T03:30:00+0530,2026-05-04T03:30:00+0530,04-05-2026,MCX,MCX CRUDEOILM,MCX India,60m,APR_MAY_2026_EXPIRY,CRUDEOILM,RECONSTRUCTED_FROM_DAILY,See methodology_and_sources.md,9665,9665.09,9665,9665.09,0,INR,9665,9665.09,9665,9665.09,89.6,global_reopen_pre_mcx,none,ESTIMATED_FROM_DAILY_OHLC_USING_SESSION_HEURISTICS_NOT_REAL_INTRADAY_DATA
2026-05-04T04:30:00+0530,2026-05-04T04:30:00+0530,04-05-2026,MCX,MCX CRUDEOILM,MCX India,60m,APR_MAY_2026_EXPIRY,CRUDEOILM,RECONSTRUCTED_FROM_DAILY,See methodology_and_sources.md,9665.09,9670.51,9665.09,9670.51,0,INR,9665.09,9670.51,9665.09,9670.51,89.6,global_reopen_pre_mcx,none,ESTIMATED_FROM_DAILY_OHLC_USING_SESSION_HEURISTICS_NOT_REAL_INTRADAY_DATA
2026-05-04T05:30:00+0530,2026-05-04T05:30:00+0530,04-05-2026,MCX,MCX CRUDEOILM,MCX India,60m,APR_MAY_2026_EXPIRY,CRUDEOILM,RECONSTRUCTED_FROM_DAILY,See methodology_and_sources.md,9670.51,9670.51,9670.01,9670.01,0,INR,9670.51,9670.51,9670.01,9670.01,89.6,global_reopen_pre_mcx,none,ESTIMATED_FROM_DAILY_OHLC_USING_SESSION_HEURISTICS_NOT_REAL_INTRADAY_DATA
2026-05-04T06:30:00+0530,2026-05-04T06:30:00+0530,04-05-2026,MCX,MCX CRUDEOILM,MCX India,60m,APR_MAY_2026_EXPIRY,CRUDEOILM,RECONSTRUCTED_FROM_DAILY,See methodology_and_sources.md,9670.01,9670.01,9666.12,9666.12,0,INR,9670.01,9670.01,9666.12,9666.12,89.6,global_reopen_pre_mcx,none,ESTIMATED_FROM_DAILY_OHLC_USING_SESSION_HEURISTICS_NOT_REAL_INTRADAY_DATA
2026-05-04T07:30:00+0530,2026-05-04T07:30:00+0530,04-05-2026,MCX,MCX CRUDEOILM,MCX India,60m,APR_MAY_2026_EXPIRY,CRUDEOILM,RECONSTRUCTED_FROM_DAILY,See methodology_and_sources.md,9666.12,9667.5,9666.12,9667.5,0,INR,9666.12,9667.5,9666.12,9667.5,89.6,global_reopen_pre_mcx,none,ESTIMATED_FROM_DAILY_OHLC_USING_SESSION_HEURISTICS_NOT_REAL_INTRADAY_DATA
2026-05-04T08:30:00+0530,2026-05-04T08:30:00+0530,04-05-2026,MCX,MCX CRUDEOILM,MCX India,60m,APR_MAY_2026_EXPIRY,CRUDEOILM,RECONSTRUCTED_FROM_DAILY,See methodology_and_sources.md,9667.5,9667.5,9666.16,9666.16,0,INR,9667.5,9667.5,9666.16,9666.16,89.6,global_reopen_pre_mcx,none,ESTIMATED_FROM_DAILY_OHLC_USING_SESSION_HEURISTICS_NOT_REAL_INTRADAY_DATA
2026-05-04T09:30:00+0530,2026-05-04T09:30:00+0530,04-05-2026,MCX,MCX CRUDEOILM,MCX India,60m,APR_MAY_2026_EXPIRY,CRUDEOILM,RECONSTRUCTED_FROM_DAILY,See methodology_and_sources.md,9666.16,9666.16,9664.05,9664.05,0,INR,9666.16,9666.16,9664.05,9664.05,89.6,mcx_open_drive,none,ESTIMATED_FROM_DAILY_OHLC_USING_SESSION_HEURISTICS_NOT_REAL_INTRADAY_DATA
2026-05-04T10:30:00+0530,2026-05-04T10:30:00+0530,04-05-2026,MCX,MCX CRUDEOILM,MCX India,60m,APR_MAY_2026_EXPIRY,CRUDEOILM,RECONSTRUCTED_FROM_DAILY,See methodology_and_sources.md,9664.05,9666.07,9664.05,9666.07,0,INR,9664.05,9666.07,9664.05,9666.07,89.6,india_morning,none,ESTIMATED_FROM_DAILY_OHLC_USING_SESSION_HEURISTICS_NOT_REAL_INTRADAY_DATA
2026-05-04T11:30:00+0530,2026-05-04T11:30:00+0530,04-05-2026,MCX,MCX CRUDEOILM,MCX India,60m,APR_MAY_2026_EXPIRY,CRUDEOILM,RECONSTRUCTED_FROM_DAILY,See methodology_and_sources.md,9666.07,9666.07,9663.21,9663.21,0,INR,9666.07,9666.07,9663.21,9663.21,89.6,india_morning,none,ESTIMATED_FROM_DAILY_OHLC_USING_SESSION_HEURISTICS_NOT_REAL_INTRADAY_DATA
2026-05-04T12:30:00+0530,2026-05-04T12:30:00+0530,04-05-2026,MCX,MCX CRUDEOILM,MCX India,60m,APR_MAY_2026_EXPIRY,CRUDEOILM,RECONSTRUCTED_FROM_DAILY,See methodology_and_sources.md,9663.21,9664.33,9663.21,9664.33,0,INR,9663.21,9664.33,9663.21,9664.33,89.6,india_midday,none,ESTIMATED_FROM_DAILY_OHLC_USING_SESSION_HEURISTICS_NOT_REAL_INTRADAY_DATA
2026-05-04T13:30:00+0530,2026-05-04T13:30:00+0530,04-05-2026,MCX,MCX CRUDEOILM,MCX India,60m,APR_MAY_2026_EXPIRY,CRUDEOILM,RECONSTRUCTED_FROM_DAILY,See methodology_and_sources.md,9664.33,9664.33,9657.2,9657.2,0,INR,9664.33,9664.33,9657.2,9657.2,89.6,india_midday,none,ESTIMATED_FROM_DAILY_OHLC_USING_SESSION_HEURISTICS_NOT_REAL_INTRADAY_DATA
2026-05-04T14:30:00+0530,2026-05-04T14:30:00+0530,04-05-2026,MCX,MCX CRUDEOILM,MCX India,60m,APR_MAY_2026_EXPIRY,CRUDEOILM,RECONSTRUCTED_FROM_DAILY,See methodology_and_sources.md,9657.2,9657.63,9657.2,9657.63,0,INR,9657.2,9657.63,9657.2,9657.63,89.6,india_midday,none,ESTIMATED_FROM_DAILY_OHLC_USING_SESSION_HEURISTICS_NOT_REAL_INTRADAY_DATA
2026-05-04T15:30:00+0530,2026-05-04T15:30:00+0530,04-05-2026,MCX,MCX CRUDEOILM,MCX India,60m,APR_MAY_2026_EXPIRY,CRUDEOILM,RECONSTRUCTED_FROM_DAILY,See methodology_and_sources.md,9657.63,9658.21,9657.63,9658.21,0,INR,9657.63,9658.21,9657.63,9658.21,89.6,europe_open,first_30m_after_europe_open,ESTIMATED_FROM_DAILY_OHLC_USING_SESSION_HEURISTICS_NOT_REAL_INTRADAY_DATA
2026-05-04T16:30:00+0530,2026-05-04T16:30:00+0530,04-05-2026,MCX,MCX CRUDEOILM,MCX India,60m,APR_MAY_2026_EXPIRY,CRUDEOILM,RECONSTRUCTED_FROM_DAILY,See methodology_and_sources.md,9658.21,9664.67,9658.21,9664.67,0,INR,9658.21,9664.67,9658.21,9664.67,89.6,europe_open,none,ESTIMATED_FROM_DAILY_OHLC_USING_SESSION_HEURISTICS_NOT_REAL_INTRADAY_DATA
2026-05-04T17:30:00+0530,2026-05-04T17:30:00+0530,04-05-2026,MCX,MCX CRUDEOILM,MCX India,60m,APR_MAY_2026_EXPIRY,CRUDEOILM,RECONSTRUCTED_FROM_DAILY,See methodology_and_sources.md,9664.67,9669.41,9664.67,9669.41,0,INR,9664.67,9669.41,9664.67,9669.41,89.6,europe_mid,none,ESTIMATED_FROM_DAILY_OHLC_USING_SESSION_HEURISTICS_NOT_REAL_INTRADAY_DATA
2026-05-04T18:30:00+0530,2026-05-04T18:30:00+0530,04-05-2026,MCX,MCX CRUDEOILM,MCX India,60m,APR_MAY_2026_EXPIRY,CRUDEOILM,RECONSTRUCTED_FROM_DAILY,See methodology_and_sources.md,9669.41,9669.41,9668.38,9668.38,0,INR,9669.41,9669.41,9668.38,9668.38,89.6,europe_mid,none,ESTIMATED_FROM_DAILY_OHLC_USING_SESSION_HEURISTICS_NOT_REAL_INTRADAY_DATA
2026-05-04T19:30:00+0530,2026-05-04T19:30:00+0530,04-05-2026,MCX,MCX CRUDEOILM,MCX India,60m,APR_MAY_2026_EXPIRY,CRUDEOILM,RECONSTRUCTED_FROM_DAILY,See methodology_and_sources.md,9668.38,9676.47,9668.38,9676.47,0,INR,9668.38,9676.47,9668.38,9676.47,89.6,europe_mid,none,ESTIMATED_FROM_DAILY_OHLC_USING_SESSION_HEURISTICS_NOT_REAL_INTRADAY_DATA
2026-05-04T20:30:00+0530,2026-05-04T20:30:00+0530,04-05-2026,MCX,MCX CRUDEOILM,MCX India,60m,APR_MAY_2026_EXPIRY,CRUDEOILM,RECONSTRUCTED_FROM_DAILY,See methodology_and_sources.md,9676.47,9685.94,9676.47,9685.94,0,INR,9676.47,9685.94,9676.47,9685.94,89.6,us_pre_open,none,ESTIMATED_FROM_DAILY_OHLC_USING_SESSION_HEURISTICS_NOT_REAL_INTRADAY_DATA
2026-05-04T21:30:00+0530,2026-05-04T21:30:00+0530,04-05-2026,MCX,MCX CRUDEOILM,MCX India,60m,APR_MAY_2026_EXPIRY,CRUDEOILM,RECONSTRUCTED_FROM_DAILY,See methodology_and_sources.md,9685.94,9685.94,9683.67,9683.67,0,INR,9685.94,9685.94,9683.67,9683.67,89.6,us_open,first_hour_after_us_open,ESTIMATED_FROM_DAILY_OHLC_USING_SESSION_HEURISTICS_NOT_REAL_INTRADAY_DATA
2026-05-04T22:30:00+0530,2026-05-04T22:30:00+0530,04-05-2026,MCX,MCX CRUDEOILM,MCX India,60m,APR_MAY_2026_EXPIRY,CRUDEOILM,RECONSTRUCTED_FROM_DAILY,See methodology_and_sources.md,9683.67,9683.67,9683.12,9683.12,0,INR,9683.67,9683.67,9683.12,9683.12,89.6,us_open,final_hour_before_mcx_close,ESTIMATED_FROM_DAILY_OHLC_USING_SESSION_HEURISTICS_NOT_REAL_INTRADAY_DATA
2026-05-04T23:30:00+0530,2026-05-04T23:30:00+0530,04-05-2026,MCX,MCX CRUDEOILM,MCX India,60m,APR_MAY_2026_EXPIRY,CRUDEOILM,RECONSTRUCTED_FROM_DAILY,See methodology_and_sources.md,9683.12,9683.12,9665,9665,0,INR,9683.12,9683.12,9665,9665,89.6,mcx_tail,none,ESTIMATED_FROM_DAILY_OHLC_USING_SESSION_HEURISTICS_NOT_REAL_INTRADAY_DATA
2026-05-05T00:30:00+0530,2026-05-05T00:30:00+0530,04-05-2026,MCX,MCX CRUDEOILM,MCX India,60m,APR_MAY_2026_EXPIRY,CRUDEOILM,RECONSTRUCTED_FROM_DAILY,See methodology_and_sources.md,9665,9665,9665,9665,0,INR,9665,9665,9665,9665,89.6,other_valid_hours,none,ESTIMATED_FROM_DAILY_OHLC_USING_SESSION_HEURISTICS_NOT_REAL_INTRADAY_DATA
2026-05-05T03:30:00+0530,2026-05-05T03:30:00+0530,05-05-2026,MCX,MCX CRUDEOILM,MCX India,60m,APR_MAY_2026_EXPIRY,CRUDEOILM,RECONSTRUCTED_FROM_DAILY,See methodology_and_sources.md,9978,9981.39,9978,9981.39,0,INR,9978,9981.39,9978,9981.39,89.65,global_reopen_pre_mcx,none,ESTIMATED_FROM_DAILY_OHLC_USING_SESSION_HEURISTICS_NOT_REAL_INTRADAY_DATA
2026-05-05T04:30:00+0530,2026-05-05T04:30:00+0530,05-05-2026,MCX,MCX CRUDEOILM,MCX India,60m,APR_MAY_2026_EXPIRY,CRUDEOILM,RECONSTRUCTED_FROM_DAILY,See methodology_and_sources.md,9981.39,9982.18,9981.39,9982.18,0,INR,9981.39,9982.18,9981.39,9982.18,89.65,global_reopen_pre_mcx,none,ESTIMATED_FROM_DAILY_OHLC_USING_SESSION_HEURISTICS_NOT_REAL_INTRADAY_DATA
2026-05-05T05:30:00+0530,2026-05-05T05:30:00+0530,05-05-2026,MCX,MCX CRUDEOILM,MCX India,60m,APR_MAY_2026_EXPIRY,CRUDEOILM,RECONSTRUCTED_FROM_DAILY,See methodology_and_sources.md,9982.18,9986.72,9982.18,9986.72,0,INR,9982.18,9986.72,9982.18,9986.72,89.65,global_reopen_pre_mcx,none,ESTIMATED_FROM_DAILY_OHLC_USING_SESSION_HEURISTICS_NOT_REAL_INTRADAY_DATA
2026-05-05T06:30:00+0530,2026-05-05T06:30:00+0530,05-05-2026,MCX,MCX CRUDEOILM,MCX India,60m,APR_MAY_2026_EXPIRY,CRUDEOILM,RECONSTRUCTED_FROM_DAILY,See methodology_and_sources.md,9986.72,9990.49,9986.72,9990.49,0,INR,9986.72,9990.49,9986.72,9990.49,89.65,global_reopen_pre_mcx,none,ESTIMATED_FROM_DAILY_OHLC_USING_SESSION_HEURISTICS_NOT_REAL_INTRADAY_DATA
2026-05-05T07:30:00+0530,2026-05-05T07:30:00+0530,05-05-2026,MCX,MCX CRUDEOILM,MCX India,60m,APR_MAY_2026_EXPIRY,CRUDEOILM,RECONSTRUCTED_FROM_DAILY,See methodology_and_sources.md,9990.49,9992.3,9990.49,9992.3,0,INR,9990.49,9992.3,9990.49,9992.3,89.65,global_reopen_pre_mcx,none,ESTIMATED_FROM_DAILY_OHLC_USING_SESSION_HEURISTICS_NOT_REAL_INTRADAY_DATA
2026-05-05T08:30:00+0530,2026-05-05T08:30:00+0530,05-05-2026,MCX,MCX CRUDEOILM,MCX India,60m,APR_MAY_2026_EXPIRY,CRUDEOILM,RECONSTRUCTED_FROM_DAILY,See methodology_and_sources.md,9992.3,9992.3,9988.46,9988.46,0,INR,9992.3,9992.3,9988.46,9988.46,89.65,global_reopen_pre_mcx,none,ESTIMATED_FROM_DAILY_OHLC_USING_SESSION_HEURISTICS_NOT_REAL_INTRADAY_DATA
2026-05-05T09:30:00+0530,2026-05-05T09:30:00+0530,05-05-2026,MCX,MCX CRUDEOILM,MCX India,60m,APR_MAY_2026_EXPIRY,CRUDEOILM,RECONSTRUCTED_FROM_DAILY,See methodology_and_sources.md,9988.46,9990.3,9988.46,9990.3,0,INR,9988.46,9990.3,9988.46,9990.3,89.65,mcx_open_drive,none,ESTIMATED_FROM_DAILY_OHLC_USING_SESSION_HEURISTICS_NOT_REAL_INTRADAY_DATA
2026-05-05T10:30:00+0530,2026-05-05T10:30:00+0530,05-05-2026,MCX,MCX CRUDEOILM,MCX India,60m,APR_MAY_2026_EXPIRY,CRUDEOILM,RECONSTRUCTED_FROM_DAILY,See methodology_and_sources.md,9990.3,9992.21,9990.3,9992.21,0,INR,9990.3,9992.21,9990.3,9992.21,89.65,india_morning,none,ESTIMATED_FROM_DAILY_OHLC_USING_SESSION_HEURISTICS_NOT_REAL_INTRADAY_DATA
2026-05-05T11:30:00+0530,2026-05-05T11:30:00+0530,05-05-2026,MCX,MCX CRUDEOILM,MCX India,60m,APR_MAY_2026_EXPIRY,CRUDEOILM,RECONSTRUCTED_FROM_DAILY,See methodology_and_sources.md,9992.21,9993.67,9992.21,9993.67,0,INR,9992.21,9993.67,9992.21,9993.67,89.65,india_morning,none,ESTIMATED_FROM_DAILY_OHLC_USING_SESSION_HEURISTICS_NOT_REAL_INTRADAY_DATA
2026-05-05T12:30:00+0530,2026-05-05T12:30:00+0530,05-05-2026,MCX,MCX CRUDEOILM,MCX India,60m,APR_MAY_2026_EXPIRY,CRUDEOILM,RECONSTRUCTED_FROM_DAILY,See methodology_and_sources.md,9993.67,9993.67,9992.08,9992.08,0,INR,9993.67,9993.67,9992.08,9992.08,89.65,india_midday,none,ESTIMATED_FROM_DAILY_OHLC_USING_SESSION_HEURISTICS_NOT_REAL_INTRADAY_DATA
2026-05-05T13:30:00+0530,2026-05-05T13:30:00+0530,05-05-2026,MCX,MCX CRUDEOILM,MCX India,60m,APR_MAY_2026_EXPIRY,CRUDEOILM,RECONSTRUCTED_FROM_DAILY,See methodology_and_sources.md,9992.08,9992.08,9988.82,9988.82,0,INR,9992.08,9992.08,9988.82,9988.82,89.65,india_midday,none,ESTIMATED_FROM_DAILY_OHLC_USING_SESSION_HEURISTICS_NOT_REAL_INTRADAY_DATA
2026-05-05T14:30:00+0530,2026-05-05T14:30:00+0530,05-05-2026,MCX,MCX CRUDEOILM,MCX India,60m,APR_MAY_2026_EXPIRY,CRUDEOILM,RECONSTRUCTED_FROM_DAILY,See methodology_and_sources.md,9988.82,9988.82,9987.86,9987.86,0,INR,9988.82,9988.82,9987.86,9987.86,89.65,india_midday,none,ESTIMATED_FROM_DAILY_OHLC_USING_SESSION_HEURISTICS_NOT_REAL_INTRADAY_DATA
2026-05-05T15:30:00+0530,2026-05-05T15:30:00+0530,05-05-2026,MCX,MCX CRUDEOILM,MCX India,60m,APR_MAY_2026_EXPIRY,CRUDEOILM,RECONSTRUCTED_FROM_DAILY,See methodology_and_sources.md,9987.86,9987.86,9982.26,9982.26,0,INR,9987.86,9987.86,9982.26,9982.26,89.65,europe_open,first_30m_after_europe_open,ESTIMATED_FROM_DAILY_OHLC_USING_SESSION_HEURISTICS_NOT_REAL_INTRADAY_DATA
2026-05-05T16:30:00+0530,2026-05-05T16:30:00+0530,05-05-2026,MCX,MCX CRUDEOILM,MCX India,60m,APR_MAY_2026_EXPIRY,CRUDEOILM,RECONSTRUCTED_FROM_DAILY,See methodology_and_sources.md,9982.26,9985.34,9982.26,9985.34,0,INR,9982.26,9985.34,9982.26,9985.34,89.65,europe_open,none,ESTIMATED_FROM_DAILY_OHLC_USING_SESSION_HEURISTICS_NOT_REAL_INTRADAY_DATA
2026-05-05T17:30:00+0530,2026-05-05T17:30:00+0530,05-05-2026,MCX,MCX CRUDEOILM,MCX India,60m,APR_MAY_2026_EXPIRY,CRUDEOILM,RECONSTRUCTED_FROM_DAILY,See methodology_and_sources.md,9985.34,9988.52,9985.34,9988.52,0,INR,9985.34,9988.52,9985.34,9988.52,89.65,europe_mid,none,ESTIMATED_FROM_DAILY_OHLC_USING_SESSION_HEURISTICS_NOT_REAL_INTRADAY_DATA
2026-05-05T18:30:00+0530,2026-05-05T18:30:00+0530,05-05-2026,MCX,MCX CRUDEOILM,MCX India,60m,APR_MAY_2026_EXPIRY,CRUDEOILM,RECONSTRUCTED_FROM_DAILY,See methodology_and_sources.md,9988.52,9989.87,9988.52,9989.87,0,INR,9988.52,9989.87,9988.52,9989.87,89.65,europe_mid,none,ESTIMATED_FROM_DAILY_OHLC_USING_SESSION_HEURISTICS_NOT_REAL_INTRADAY_DATA
2026-05-05T19:30:00+0530,2026-05-05T19:30:00+0530,05-05-2026,MCX,MCX CRUDEOILM,MCX India,60m,APR_MAY_2026_EXPIRY,CRUDEOILM,RECONSTRUCTED_FROM_DAILY,See methodology_and_sources.md,9989.87,9992.11,9989.87,9992.11,0,INR,9989.87,9992.11,9989.87,9992.11,89.65,europe_mid,none,ESTIMATED_FROM_DAILY_OHLC_USING_SESSION_HEURISTICS_NOT_REAL_INTRADAY_DATA
2026-05-05T20:30:00+0530,2026-05-05T20:30:00+0530,05-05-2026,MCX,MCX CRUDEOILM,MCX India,60m,APR_MAY_2026_EXPIRY,CRUDEOILM,RECONSTRUCTED_FROM_DAILY,See methodology_and_sources.md,9992.11,9992.11,9987.28,9987.28,0,INR,9992.11,9992.11,9987.28,9987.28,89.65,us_pre_open,none,ESTIMATED_FROM_DAILY_OHLC_USING_SESSION_HEURISTICS_NOT_REAL_INTRADAY_DATA
2026-05-05T21:30:00+0530,2026-05-05T21:30:00+0530,05-05-2026,MCX,MCX CRUDEOILM,MCX India,60m,APR_MAY_2026_EXPIRY,CRUDEOILM,RECONSTRUCTED_FROM_DAILY,See methodology_and_sources.md,9987.28,9987.28,9983.65,9983.65,0,INR,9987.28,9987.28,9983.65,9983.65,89.65,us_open,first_hour_after_us_open,ESTIMATED_FROM_DAILY_OHLC_USING_SESSION_HEURISTICS_NOT_REAL_INTRADAY_DATA
2026-05-05T22:30:00+0530,2026-05-05T22:30:00+0530,05-05-2026,MCX,MCX CRUDEOILM,MCX India,60m,APR_MAY_2026_EXPIRY,CRUDEOILM,RECONSTRUCTED_FROM_DAILY,See methodology_and_sources.md,9983.65,9983.65,9979.84,9979.84,0,INR,9983.65,9983.65,9979.84,9979.84,89.65,us_open,final_hour_before_mcx_close,ESTIMATED_FROM_DAILY_OHLC_USING_SESSION_HEURISTICS_NOT_REAL_INTRADAY_DATA
2026-05-05T23:30:00+0530,2026-05-05T23:30:00+0530,05-05-2026,MCX,MCX CRUDEOILM,MCX India,60m,APR_MAY_2026_EXPIRY,CRUDEOILM,RECONSTRUCTED_FROM_DAILY,See methodology_and_sources.md,9979.84,10061,9979.84,10061,0,INR,9979.84,10061,9979.84,10061,89.65,mcx_tail,none,ESTIMATED_FROM_DAILY_OHLC_USING_SESSION_HEURISTICS_NOT_REAL_INTRADAY_DATA
2026-05-06T00:30:00+0530,2026-05-06T00:30:00+0530,05-05-2026,MCX,MCX CRUDEOILM,MCX India,60m,APR_MAY_2026_EXPIRY,CRUDEOILM,RECONSTRUCTED_FROM_DAILY,See methodology_and_sources.md,10061,10061,10061,10061,0,INR,10061,10061,10061,10061,89.65,other_valid_hours,none,ESTIMATED_FROM_DAILY_OHLC_USING_SESSION_HEURISTICS_NOT_REAL_INTRADAY_DATA
2026-05-06T03:30:00+0530,2026-05-06T03:30:00+0530,06-05-2026,MCX,MCX CRUDEOILM,MCX India,60m,APR_MAY_2026_EXPIRY,CRUDEOILM,RECONSTRUCTED_FROM_DAILY,See methodology_and_sources.md,9686,9686,9675.61,9675.61,0,INR,9686,9686,9675.61,9675.61,89.7,global_reopen_pre_mcx,none,ESTIMATED_FROM_DAILY_OHLC_USING_SESSION_HEURISTICS_NOT_REAL_INTRADAY_DATA
2026-05-06T04:30:00+0530,2026-05-06T04:30:00+0530,06-05-2026,MCX,MCX CRUDEOILM,MCX India,60m,APR_MAY_2026_EXPIRY,CRUDEOILM,RECONSTRUCTED_FROM_DAILY,See methodology_and_sources.md,9675.61,9675.61,9673.91,9673.91,0,INR,9675.61,9675.61,9673.91,9673.91,89.7,global_reopen_pre_mcx,none,ESTIMATED_FROM_DAILY_OHLC_USING_SESSION_HEURISTICS_NOT_REAL_INTRADAY_DATA
2026-05-06T05:30:00+0530,2026-05-06T05:30:00+0530,06-05-2026,MCX,MCX CRUDEOILM,MCX India,60m,APR_MAY_2026_EXPIRY,CRUDEOILM,RECONSTRUCTED_FROM_DAILY,See methodology_and_sources.md,9673.91,9681.19,9673.91,9681.19,0,INR,9673.91,9681.19,9673.91,9681.19,89.7,global_reopen_pre_mcx,none,ESTIMATED_FROM_DAILY_OHLC_USING_SESSION_HEURISTICS_NOT_REAL_INTRADAY_DATA
2026-05-06T06:30:00+0530,2026-05-06T06:30:00+0530,06-05-2026,MCX,MCX CRUDEOILM,MCX India,60m,APR_MAY_2026_EXPIRY,CRUDEOILM,RECONSTRUCTED_FROM_DAILY,See methodology_and_sources.md,9681.19,9686,9681.19,9686,0,INR,9681.19,9686,9681.19,9686,89.7,global_reopen_pre_mcx,none,ESTIMATED_FROM_DAILY_OHLC_USING_SESSION_HEURISTICS_NOT_REAL_INTRADAY_DATA
2026-05-06T07:30:00+0530,2026-05-06T07:30:00+0530,06-05-2026,MCX,MCX CRUDEOILM,MCX India,60m,APR_MAY_2026_EXPIRY,CRUDEOILM,RECONSTRUCTED_FROM_DAILY,See methodology_and_sources.md,9686,9686,9686,9686,0,INR,9686,9686,9686,9686,89.7,global_reopen_pre_mcx,none,ESTIMATED_FROM_DAILY_OHLC_USING_SESSION_HEURISTICS_NOT_REAL_INTRADAY_DATA
2026-05-06T08:30:00+0530,2026-05-06T08:30:00+0530,06-05-2026,MCX,MCX CRUDEOILM,MCX India,60m,APR_MAY_2026_EXPIRY,CRUDEOILM,RECONSTRUCTED_FROM_DAILY,See methodology_and_sources.md,9686,9686,9686,9686,0,INR,9686,9686,9686,9686,89.7,global_reopen_pre_mcx,none,ESTIMATED_FROM_DAILY_OHLC_USING_SESSION_HEURISTICS_NOT_REAL_INTRADAY_DATA
2026-05-06T09:30:00+0530,2026-05-06T09:30:00+0530,06-05-2026,MCX,MCX CRUDEOILM,MCX India,60m,APR_MAY_2026_EXPIRY,CRUDEOILM,RECONSTRUCTED_FROM_DAILY,See methodology_and_sources.md,9686,9686,9686,9686,0,INR,9686,9686,9686,9686,89.7,mcx_open_drive,none,ESTIMATED_FROM_DAILY_OHLC_USING_SESSION_HEURISTICS_NOT_REAL_INTRADAY_DATA
2026-05-06T10:30:00+0530,2026-05-06T10:30:00+0530,06-05-2026,MCX,MCX CRUDEOILM,MCX India,60m,APR_MAY_2026_EXPIRY,CRUDEOILM,RECONSTRUCTED_FROM_DAILY,See methodology_and_sources.md,9686,9686,9682.43,9682.43,0,INR,9686,9686,9682.43,9682.43,89.7,india_morning,none,ESTIMATED_FROM_DAILY_OHLC_USING_SESSION_HEURISTICS_NOT_REAL_INTRADAY_DATA
2026-05-06T11:30:00+0530,2026-05-06T11:30:00+0530,06-05-2026,MCX,MCX CRUDEOILM,MCX India,60m,APR_MAY_2026_EXPIRY,CRUDEOILM,RECONSTRUCTED_FROM_DAILY,See methodology_and_sources.md,9682.43,9682.43,9675.01,9675.01,0,INR,9682.43,9682.43,9675.01,9675.01,89.7,india_morning,none,ESTIMATED_FROM_DAILY_OHLC_USING_SESSION_HEURISTICS_NOT_REAL_INTRADAY_DATA
2026-05-06T12:30:00+0530,2026-05-06T12:30:00+0530,06-05-2026,MCX,MCX CRUDEOILM,MCX India,60m,APR_MAY_2026_EXPIRY,CRUDEOILM,RECONSTRUCTED_FROM_DAILY,See methodology_and_sources.md,9675.01,9685.34,9675.01,9685.34,0,INR,9675.01,9685.34,9675.01,9685.34,89.7,india_midday,none,ESTIMATED_FROM_DAILY_OHLC_USING_SESSION_HEURISTICS_NOT_REAL_INTRADAY_DATA
2026-05-06T13:30:00+0530,2026-05-06T13:30:00+0530,06-05-2026,MCX,MCX CRUDEOILM,MCX India,60m,APR_MAY_2026_EXPIRY,CRUDEOILM,RECONSTRUCTED_FROM_DAILY,See methodology_and_sources.md,9685.34,9685.34,9684.72,9684.72,0,INR,9685.34,9685.34,9684.72,9684.72,89.7,india_midday,none,ESTIMATED_FROM_DAILY_OHLC_USING_SESSION_HEURISTICS_NOT_REAL_INTRADAY_DATA
2026-05-06T14:30:00+0530,2026-05-06T14:30:00+0530,06-05-2026,MCX,MCX CRUDEOILM,MCX India,60m,APR_MAY_2026_EXPIRY,CRUDEOILM,RECONSTRUCTED_FROM_DAILY,See methodology_and_sources.md,9684.72,9684.72,9675.09,9675.09,0,INR,9684.72,9684.72,9675.09,9675.09,89.7,india_midday,none,ESTIMATED_FROM_DAILY_OHLC_USING_SESSION_HEURISTICS_NOT_REAL_INTRADAY_DATA
2026-05-06T15:30:00+0530,2026-05-06T15:30:00+0530,06-05-2026,MCX,MCX CRUDEOILM,MCX India,60m,APR_MAY_2026_EXPIRY,CRUDEOILM,RECONSTRUCTED_FROM_DAILY,See methodology_and_sources.md,9675.09,9675.09,9667.35,9667.35,0,INR,9675.09,9675.09,9667.35,9667.35,89.7,europe_open,first_30m_after_europe_open,ESTIMATED_FROM_DAILY_OHLC_USING_SESSION_HEURISTICS_NOT_REAL_INTRADAY_DATA
2026-05-06T16:30:00+0530,2026-05-06T16:30:00+0530,06-05-2026,MCX,MCX CRUDEOILM,MCX India,60m,APR_MAY_2026_EXPIRY,CRUDEOILM,RECONSTRUCTED_FROM_DAILY,See methodology_and_sources.md,9667.35,9667.35,9665.42,9665.42,0,INR,9667.35,9667.35,9665.42,9665.42,89.7,europe_open,none,ESTIMATED_FROM_DAILY_OHLC_USING_SESSION_HEURISTICS_NOT_REAL_INTRADAY_DATA
2026-05-06T17:30:00+0530,2026-05-06T17:30:00+0530,06-05-2026,MCX,MCX CRUDEOILM,MCX India,60m,APR_MAY_2026_EXPIRY,CRUDEOILM,RECONSTRUCTED_FROM_DAILY,See methodology_and_sources.md,9665.42,9670.69,9665.42,9670.69,0,INR,9665.42,9670.69,9665.42,9670.69,89.7,europe_mid,none,ESTIMATED_FROM_DAILY_OHLC_USING_SESSION_HEURISTICS_NOT_REAL_INTRADAY_DATA
2026-05-06T18:30:00+0530,2026-05-06T18:30:00+0530,06-05-2026,MCX,MCX CRUDEOILM,MCX India,60m,APR_MAY_2026_EXPIRY,CRUDEOILM,RECONSTRUCTED_FROM_DAILY,See methodology_and_sources.md,9670.69,9673.84,9670.69,9673.84,0,INR,9670.69,9673.84,9670.69,9673.84,89.7,europe_mid,none,ESTIMATED_FROM_DAILY_OHLC_USING_SESSION_HEURISTICS_NOT_REAL_INTRADAY_DATA
2026-05-06T19:30:00+0530,2026-05-06T19:30:00+0530,06-05-2026,MCX,MCX CRUDEOILM,MCX India,60m,APR_MAY_2026_EXPIRY,CRUDEOILM,RECONSTRUCTED_FROM_DAILY,See methodology_and_sources.md,9673.84,9673.84,9673.52,9673.52,0,INR,9673.84,9673.84,9673.52,9673.52,89.7,europe_mid,none,ESTIMATED_FROM_DAILY_OHLC_USING_SESSION_HEURISTICS_NOT_REAL_INTRADAY_DATA
2026-05-06T20:30:00+0530,2026-05-06T20:30:00+0530,06-05-2026,MCX,MCX CRUDEOILM,MCX India,60m,APR_MAY_2026_EXPIRY,CRUDEOILM,RECONSTRUCTED_FROM_DAILY,See methodology_and_sources.md,9673.52,9686,9673.52,9686,0,INR,9673.52,9686,9673.52,9686,89.7,us_pre_open,none,ESTIMATED_FROM_DAILY_OHLC_USING_SESSION_HEURISTICS_NOT_REAL_INTRADAY_DATA
2026-05-06T21:30:00+0530,2026-05-06T21:30:00+0530,06-05-2026,MCX,MCX CRUDEOILM,MCX India,60m,APR_MAY_2026_EXPIRY,CRUDEOILM,RECONSTRUCTED_FROM_DAILY,See methodology_and_sources.md,9686,9686,9681.79,9681.79,0,INR,9686,9686,9681.79,9681.79,89.7,us_open,first_hour_after_us_open,ESTIMATED_FROM_DAILY_OHLC_USING_SESSION_HEURISTICS_NOT_REAL_INTRADAY_DATA
2026-05-06T22:30:00+0530,2026-05-06T22:30:00+0530,06-05-2026,MCX,MCX CRUDEOILM,MCX India,60m,APR_MAY_2026_EXPIRY,CRUDEOILM,RECONSTRUCTED_FROM_DAILY,See methodology_and_sources.md,9681.79,9682.66,9681.79,9682.66,0,INR,9681.79,9682.66,9681.79,9682.66,89.7,us_open,final_hour_before_mcx_close,ESTIMATED_FROM_DAILY_OHLC_USING_SESSION_HEURISTICS_NOT_REAL_INTRADAY_DATA
2026-05-06T23:30:00+0530,2026-05-06T23:30:00+0530,06-05-2026,MCX,MCX CRUDEOILM,MCX India,60m,APR_MAY_2026_EXPIRY,CRUDEOILM,RECONSTRUCTED_FROM_DAILY,See methodology_and_sources.md,9682.66,9699,9682.66,9699,0,INR,9682.66,9699,9682.66,9699,89.7,mcx_tail,none,ESTIMATED_FROM_DAILY_OHLC_USING_SESSION_HEURISTICS_NOT_REAL_INTRADAY_DATA
2026-05-07T00:30:00+0530,2026-05-07T00:30:00+0530,06-05-2026,MCX,MCX CRUDEOILM,MCX India,60m,APR_MAY_2026_EXPIRY,CRUDEOILM,RECONSTRUCTED_FROM_DAILY,See methodology_and_sources.md,9699,9699,9699,9699,0,INR,9699,9699,9699,9699,89.7,other_valid_hours,none,ESTIMATED_FROM_DAILY_OHLC_USING_SESSION_HEURISTICS_NOT_REAL_INTRADAY_DATA
2026-05-07T03:30:00+0530,2026-05-07T03:30:00+0530,07-05-2026,MCX,MCX CRUDEOILM,MCX India,60m,APR_MAY_2026_EXPIRY,CRUDEOILM,RECONSTRUCTED_FROM_DAILY,See methodology_and_sources.md,9069,9069,9065.9,9065.9,7203,INR,9069,9069,9065.9,9065.9,89.75,global_reopen_pre_mcx,none,ESTIMATED_FROM_DAILY_OHLC_USING_SESSION_HEURISTICS_NOT_REAL_INTRADAY_DATA
2026-05-07T04:30:00+0530,2026-05-07T04:30:00+0530,07-05-2026,MCX,MCX CRUDEOILM,MCX India,60m,APR_MAY_2026_EXPIRY,CRUDEOILM,RECONSTRUCTED_FROM_DAILY,See methodology_and_sources.md,9065.9,9066.61,9065.9,9066.61,7203,INR,9065.9,9066.61,9065.9,9066.61,89.75,global_reopen_pre_mcx,none,ESTIMATED_FROM_DAILY_OHLC_USING_SESSION_HEURISTICS_NOT_REAL_INTRADAY_DATA
2026-05-07T05:30:00+0530,2026-05-07T05:30:00+0530,07-05-2026,MCX,MCX CRUDEOILM,MCX India,60m,APR_MAY_2026_EXPIRY,CRUDEOILM,RECONSTRUCTED_FROM_DAILY,See methodology_and_sources.md,9066.61,9067.23,9066.61,9067.23,7203,INR,9066.61,9067.23,9066.61,9067.23,89.75,global_reopen_pre_mcx,none,ESTIMATED_FROM_DAILY_OHLC_USING_SESSION_HEURISTICS_NOT_REAL_INTRADAY_DATA
2026-05-07T06:30:00+0530,2026-05-07T06:30:00+0530,07-05-2026,MCX,MCX CRUDEOILM,MCX India,60m,APR_MAY_2026_EXPIRY,CRUDEOILM,RECONSTRUCTED_FROM_DAILY,See methodology_and_sources.md,9067.23,9067.23,9061.98,9061.98,7203,INR,9067.23,9067.23,9061.98,9061.98,89.75,global_reopen_pre_mcx,none,ESTIMATED_FROM_DAILY_OHLC_USING_SESSION_HEURISTICS_NOT_REAL_INTRADAY_DATA
2026-05-07T07:30:00+0530,2026-05-07T07:30:00+0530,07-05-2026,MCX,MCX CRUDEOILM,MCX India,60m,APR_MAY_2026_EXPIRY,CRUDEOILM,RECONSTRUCTED_FROM_DAILY,See methodology_and_sources.md,9061.98,9062.53,9061.98,9062.53,7203,INR,9061.98,9062.53,9061.98,9062.53,89.75,global_reopen_pre_mcx,none,ESTIMATED_FROM_DAILY_OHLC_USING_SESSION_HEURISTICS_NOT_REAL_INTRADAY_DATA
2026-05-07T08:30:00+0530,2026-05-07T08:30:00+0530,07-05-2026,MCX,MCX CRUDEOILM,MCX India,60m,APR_MAY_2026_EXPIRY,CRUDEOILM,RECONSTRUCTED_FROM_DAILY,See methodology_and_sources.md,9062.53,9066.86,9062.53,9066.86,7203,INR,9062.53,9066.86,9062.53,9066.86,89.75,global_reopen_pre_mcx,none,ESTIMATED_FROM_DAILY_OHLC_USING_SESSION_HEURISTICS_NOT_REAL_INTRADAY_DATA
2026-05-07T09:30:00+0530,2026-05-07T09:30:00+0530,07-05-2026,MCX,MCX CRUDEOILM,MCX India,60m,APR_MAY_2026_EXPIRY,CRUDEOILM,RECONSTRUCTED_FROM_DAILY,See methodology_and_sources.md,9066.86,9070.55,9066.86,9070.55,7203,INR,9066.86,9070.55,9066.86,9070.55,89.75,mcx_open_drive,none,ESTIMATED_FROM_DAILY_OHLC_USING_SESSION_HEURISTICS_NOT_REAL_INTRADAY_DATA
2026-05-07T10:30:00+0530,2026-05-07T10:30:00+0530,07-05-2026,MCX,MCX CRUDEOILM,MCX India,60m,APR_MAY_2026_EXPIRY,CRUDEOILM,RECONSTRUCTED_FROM_DAILY,See methodology_and_sources.md,9070.55,9070.55,9068.21,9068.21,7203,INR,9070.55,9070.55,9068.21,9068.21,89.75,india_morning,none,ESTIMATED_FROM_DAILY_OHLC_USING_SESSION_HEURISTICS_NOT_REAL_INTRADAY_DATA
2026-05-07T11:30:00+0530,2026-05-07T11:30:00+0530,07-05-2026,MCX,MCX CRUDEOILM,MCX India,60m,APR_MAY_2026_EXPIRY,CRUDEOILM,RECONSTRUCTED_FROM_DAILY,See methodology_and_sources.md,9068.21,9068.21,9067.61,9067.61,7203,INR,9068.21,9068.21,9067.61,9067.61,89.75,india_morning,none,ESTIMATED_FROM_DAILY_OHLC_USING_SESSION_HEURISTICS_NOT_REAL_INTRADAY_DATA
2026-05-07T12:30:00+0530,2026-05-07T12:30:00+0530,07-05-2026,MCX,MCX CRUDEOILM,MCX India,60m,APR_MAY_2026_EXPIRY,CRUDEOILM,RECONSTRUCTED_FROM_DAILY,See methodology_and_sources.md,9067.61,9075.52,9067.61,9075.52,7203,INR,9067.61,9075.52,9067.61,9075.52,89.75,india_midday,none,ESTIMATED_FROM_DAILY_OHLC_USING_SESSION_HEURISTICS_NOT_REAL_INTRADAY_DATA
2026-05-07T13:30:00+0530,2026-05-07T13:30:00+0530,07-05-2026,MCX,MCX CRUDEOILM,MCX India,60m,APR_MAY_2026_EXPIRY,CRUDEOILM,RECONSTRUCTED_FROM_DAILY,See methodology_and_sources.md,9075.52,9075.52,9074.52,9074.52,7203,INR,9075.52,9075.52,9074.52,9074.52,89.75,india_midday,none,ESTIMATED_FROM_DAILY_OHLC_USING_SESSION_HEURISTICS_NOT_REAL_INTRADAY_DATA
2026-05-07T14:30:00+0530,2026-05-07T14:30:00+0530,07-05-2026,MCX,MCX CRUDEOILM,MCX India,60m,APR_MAY_2026_EXPIRY,CRUDEOILM,RECONSTRUCTED_FROM_DAILY,See methodology_and_sources.md,9074.52,9076.34,9074.52,9076.34,7203,INR,9074.52,9076.34,9074.52,9076.34,89.75,india_midday,none,ESTIMATED_FROM_DAILY_OHLC_USING_SESSION_HEURISTICS_NOT_REAL_INTRADAY_DATA
2026-05-07T15:30:00+0530,2026-05-07T15:30:00+0530,07-05-2026,MCX,MCX CRUDEOILM,MCX India,60m,APR_MAY_2026_EXPIRY,CRUDEOILM,RECONSTRUCTED_FROM_DAILY,See methodology_and_sources.md,9076.34,9079.35,9076.34,9079.35,7203,INR,9076.34,9079.35,9076.34,9079.35,89.75,europe_open,first_30m_after_europe_open,ESTIMATED_FROM_DAILY_OHLC_USING_SESSION_HEURISTICS_NOT_REAL_INTRADAY_DATA
2026-05-07T16:30:00+0530,2026-05-07T16:30:00+0530,07-05-2026,MCX,MCX CRUDEOILM,MCX India,60m,APR_MAY_2026_EXPIRY,CRUDEOILM,RECONSTRUCTED_FROM_DAILY,See methodology_and_sources.md,9079.35,9084.27,9079.35,9084.27,7203,INR,9079.35,9084.27,9079.35,9084.27,89.75,europe_open,none,ESTIMATED_FROM_DAILY_OHLC_USING_SESSION_HEURISTICS_NOT_REAL_INTRADAY_DATA
2026-05-07T17:30:00+0530,2026-05-07T17:30:00+0530,07-05-2026,MCX,MCX CRUDEOILM,MCX India,60m,APR_MAY_2026_EXPIRY,CRUDEOILM,RECONSTRUCTED_FROM_DAILY,See methodology_and_sources.md,9084.27,9084.27,9080.61,9080.61,7203,INR,9084.27,9084.27,9080.61,9080.61,89.75,europe_mid,none,ESTIMATED_FROM_DAILY_OHLC_USING_SESSION_HEURISTICS_NOT_REAL_INTRADAY_DATA
2026-05-07T18:30:00+0530,2026-05-07T18:30:00+0530,07-05-2026,MCX,MCX CRUDEOILM,MCX India,60m,APR_MAY_2026_EXPIRY,CRUDEOILM,RECONSTRUCTED_FROM_DAILY,See methodology_and_sources.md,9080.61,9080.61,9078.47,9078.47,7203,INR,9080.61,9080.61,9078.47,9078.47,89.75,europe_mid,none,ESTIMATED_FROM_DAILY_OHLC_USING_SESSION_HEURISTICS_NOT_REAL_INTRADAY_DATA
2026-05-07T19:30:00+0530,2026-05-07T19:30:00+0530,07-05-2026,MCX,MCX CRUDEOILM,MCX India,60m,APR_MAY_2026_EXPIRY,CRUDEOILM,RECONSTRUCTED_FROM_DAILY,See methodology_and_sources.md,9078.47,9081.04,9078.47,9081.04,7203,INR,9078.47,9081.04,9078.47,9081.04,89.75,europe_mid,none,ESTIMATED_FROM_DAILY_OHLC_USING_SESSION_HEURISTICS_NOT_REAL_INTRADAY_DATA
2026-05-07T20:30:00+0530,2026-05-07T20:30:00+0530,07-05-2026,MCX,MCX CRUDEOILM,MCX India,60m,APR_MAY_2026_EXPIRY,CRUDEOILM,RECONSTRUCTED_FROM_DAILY,See methodology_and_sources.md,9081.04,9081.04,9077.3,9077.3,7203,INR,9081.04,9081.04,9077.3,9077.3,89.75,us_pre_open,none,ESTIMATED_FROM_DAILY_OHLC_USING_SESSION_HEURISTICS_NOT_REAL_INTRADAY_DATA
2026-05-07T21:30:00+0530,2026-05-07T21:30:00+0530,07-05-2026,MCX,MCX CRUDEOILM,MCX India,60m,APR_MAY_2026_EXPIRY,CRUDEOILM,RECONSTRUCTED_FROM_DAILY,See methodology_and_sources.md,9077.3,9077.3,9076.68,9076.68,7203,INR,9077.3,9077.3,9076.68,9076.68,89.75,us_open,first_hour_after_us_open,ESTIMATED_FROM_DAILY_OHLC_USING_SESSION_HEURISTICS_NOT_REAL_INTRADAY_DATA
2026-05-07T22:30:00+0530,2026-05-07T22:30:00+0530,07-05-2026,MCX,MCX CRUDEOILM,MCX India,60m,APR_MAY_2026_EXPIRY,CRUDEOILM,RECONSTRUCTED_FROM_DAILY,See methodology_and_sources.md,9076.68,9076.68,9072.25,9072.25,7203,INR,9076.68,9076.68,9072.25,9072.25,89.75,us_open,final_hour_before_mcx_close,ESTIMATED_FROM_DAILY_OHLC_USING_SESSION_HEURISTICS_NOT_REAL_INTRADAY_DATA
2026-05-07T23:30:00+0530,2026-05-07T23:30:00+0530,07-05-2026,MCX,MCX CRUDEOILM,MCX India,60m,APR_MAY_2026_EXPIRY,CRUDEOILM,RECONSTRUCTED_FROM_DAILY,See methodology_and_sources.md,9072.25,9072.25,9022,9022,7203,INR,9072.25,9072.25,9022,9022,89.75,mcx_tail,none,ESTIMATED_FROM_DAILY_OHLC_USING_SESSION_HEURISTICS_NOT_REAL_INTRADAY_DATA
2026-05-08T00:30:00+0530,2026-05-08T00:30:00+0530,07-05-2026,MCX,MCX CRUDEOILM,MCX India,60m,APR_MAY_2026_EXPIRY,CRUDEOILM,RECONSTRUCTED_FROM_DAILY,See methodology_and_sources.md,9022,9022,9022,9022,7203,INR,9022,9022,9022,9022,89.75,other_valid_hours,none,ESTIMATED_FROM_DAILY_OHLC_USING_SESSION_HEURISTICS_NOT_REAL_INTRADAY_DATA
