timestamp_original,timestamp_ist,trade_date_ist,symbol,instrument_name,market,timeframe,contract_logic,contract_symbol,source_name,source_url,open_native,high_native,low_native,close_native,volume,currency_native,open_inr,high_inr,low_inr,close_inr,fx_rate_used,session_window_ist,sub_window_label,notes_data_quality,
2026-03-02T03:30:00+0530,2026-03-02T03:30:00+0530,02-03-2026,WTI,WTI Crude Oil Futures,NYMEX/CME,60m,FRONT_MONTH_CONTINUOUS,CL1!,RECONSTRUCTED_FROM_DAILY,See methodology_and_sources.md,74.5,74.5,74.49,74.49,0,USD,6470.32,6470.32,6469.09,6469.09,86.85,global_reopen_pre_mcx,none,ESTIMATED_FROM_DAILY_OHLC_USING_SESSION_HEURISTICS_NOT_REAL_INTRADAY_DATA,
2026-03-02T04:30:00+0530,2026-03-02T04:30:00+0530,02-03-2026,WTI,WTI Crude Oil Futures,NYMEX/CME,60m,FRONT_MONTH_CONTINUOUS,CL1!,RECONSTRUCTED_FROM_DAILY,See methodology_and_sources.md,74.49,74.5,74.49,74.5,0,USD,6469.09,6470.55,6469.09,6470.55,86.85,global_reopen_pre_mcx,none,ESTIMATED_FROM_DAILY_OHLC_USING_SESSION_HEURISTICS_NOT_REAL_INTRADAY_DATA,
2026-03-02T05:30:00+0530,2026-03-02T05:30:00+0530,02-03-2026,WTI,WTI Crude Oil Futures,NYMEX/CME,60m,FRONT_MONTH_CONTINUOUS,CL1!,RECONSTRUCTED_FROM_DAILY,See methodology_and_sources.md,74.5,74.5,74.49,74.49,0,USD,6470.55,6470.55,6469.56,6469.56,86.85,global_reopen_pre_mcx,none,ESTIMATED_FROM_DAILY_OHLC_USING_SESSION_HEURISTICS_NOT_REAL_INTRADAY_DATA,
2026-03-02T06:30:00+0530,2026-03-02T06:30:00+0530,02-03-2026,WTI,WTI Crude Oil Futures,NYMEX/CME,60m,FRONT_MONTH_CONTINUOUS,CL1!,RECONSTRUCTED_FROM_DAILY,See methodology_and_sources.md,74.49,74.5,74.49,74.5,0,USD,6469.56,6470.01,6469.56,6470.01,86.85,global_reopen_pre_mcx,none,ESTIMATED_FROM_DAILY_OHLC_USING_SESSION_HEURISTICS_NOT_REAL_INTRADAY_DATA,
2026-03-02T07:30:00+0530,2026-03-02T07:30:00+0530,02-03-2026,WTI,WTI Crude Oil Futures,NYMEX/CME,60m,FRONT_MONTH_CONTINUOUS,CL1!,RECONSTRUCTED_FROM_DAILY,See methodology_and_sources.md,74.5,74.51,74.5,74.51,0,USD,6470.01,6470.97,6470.01,6470.97,86.85,global_reopen_pre_mcx,none,ESTIMATED_FROM_DAILY_OHLC_USING_SESSION_HEURISTICS_NOT_REAL_INTRADAY_DATA,
2026-03-02T08:30:00+0530,2026-03-02T08:30:00+0530,02-03-2026,WTI,WTI Crude Oil Futures,NYMEX/CME,60m,FRONT_MONTH_CONTINUOUS,CL1!,RECONSTRUCTED_FROM_DAILY,See methodology_and_sources.md,74.51,74.51,74.49,74.49,0,USD,6470.97,6470.97,6469.57,6469.57,86.85,global_reopen_pre_mcx,none,ESTIMATED_FROM_DAILY_OHLC_USING_SESSION_HEURISTICS_NOT_REAL_INTRADAY_DATA,
2026-03-02T09:30:00+0530,2026-03-02T09:30:00+0530,02-03-2026,WTI,WTI Crude Oil Futures,NYMEX/CME,60m,FRONT_MONTH_CONTINUOUS,CL1!,RECONSTRUCTED_FROM_DAILY,See methodology_and_sources.md,74.49,74.51,74.49,74.51,0,USD,6469.57,6470.86,6469.57,6470.86,86.85,mcx_open_drive,none,ESTIMATED_FROM_DAILY_OHLC_USING_SESSION_HEURISTICS_NOT_REAL_INTRADAY_DATA,
2026-03-02T10:30:00+0530,2026-03-02T10:30:00+0530,02-03-2026,WTI,WTI Crude Oil Futures,NYMEX/CME,60m,FRONT_MONTH_CONTINUOUS,CL1!,RECONSTRUCTED_FROM_DAILY,See methodology_and_sources.md,74.51,74.51,74.49,74.49,0,USD,6470.86,6470.86,6469.24,6469.24,86.85,india_morning,none,ESTIMATED_FROM_DAILY_OHLC_USING_SESSION_HEURISTICS_NOT_REAL_INTRADAY_DATA,
2026-03-02T11:30:00+0530,2026-03-02T11:30:00+0530,02-03-2026,WTI,WTI Crude Oil Futures,NYMEX/CME,60m,FRONT_MONTH_CONTINUOUS,CL1!,RECONSTRUCTED_FROM_DAILY,See methodology_and_sources.md,74.49,74.49,74.49,74.49,0,USD,6469.24,6469.24,6469.14,6469.14,86.85,india_morning,none,ESTIMATED_FROM_DAILY_OHLC_USING_SESSION_HEURISTICS_NOT_REAL_INTRADAY_DATA,
2026-03-02T12:30:00+0530,2026-03-02T12:30:00+0530,02-03-2026,WTI,WTI Crude Oil Futures,NYMEX/CME,60m,FRONT_MONTH_CONTINUOUS,CL1!,RECONSTRUCTED_FROM_DAILY,See methodology_and_sources.md,74.49,74.52,74.49,74.52,0,USD,6469.14,6472.42,6469.14,6472.42,86.85,india_midday,none,ESTIMATED_FROM_DAILY_OHLC_USING_SESSION_HEURISTICS_NOT_REAL_INTRADAY_DATA,
2026-03-02T13:30:00+0530,2026-03-02T13:30:00+0530,02-03-2026,WTI,WTI Crude Oil Futures,NYMEX/CME,60m,FRONT_MONTH_CONTINUOUS,CL1!,RECONSTRUCTED_FROM_DAILY,See methodology_and_sources.md,74.52,74.52,74.51,74.51,0,USD,6472.42,6472.42,6471.2,6471.2,86.85,india_midday,none,ESTIMATED_FROM_DAILY_OHLC_USING_SESSION_HEURISTICS_NOT_REAL_INTRADAY_DATA,
2026-03-02T14:30:00+0530,2026-03-02T14:30:00+0530,02-03-2026,WTI,WTI Crude Oil Futures,NYMEX/CME,60m,FRONT_MONTH_CONTINUOUS,CL1!,RECONSTRUCTED_FROM_DAILY,See methodology_and_sources.md,74.51,74.51,74.49,74.49,0,USD,6471.2,6471.2,6469.11,6469.11,86.85,india_midday,none,ESTIMATED_FROM_DAILY_OHLC_USING_SESSION_HEURISTICS_NOT_REAL_INTRADAY_DATA,
2026-03-02T15:30:00+0530,2026-03-02T15:30:00+0530,02-03-2026,WTI,WTI Crude Oil Futures,NYMEX/CME,60m,FRONT_MONTH_CONTINUOUS,CL1!,RECONSTRUCTED_FROM_DAILY,See methodology_and_sources.md,74.49,74.53,74.49,74.53,0,USD,6469.11,6473.1,6469.11,6473.1,86.85,europe_open,first_30m_after_europe_open,ESTIMATED_FROM_DAILY_OHLC_USING_SESSION_HEURISTICS_NOT_REAL_INTRADAY_DATA,
2026-03-02T16:30:00+0530,2026-03-02T16:30:00+0530,02-03-2026,WTI,WTI Crude Oil Futures,NYMEX/CME,60m,FRONT_MONTH_CONTINUOUS,CL1!,RECONSTRUCTED_FROM_DAILY,See methodology_and_sources.md,74.53,74.56,74.53,74.56,0,USD,6473.1,6475.47,6473.1,6475.47,86.85,europe_open,none,ESTIMATED_FROM_DAILY_OHLC_USING_SESSION_HEURISTICS_NOT_REAL_INTRADAY_DATA,
2026-03-02T17:30:00+0530,2026-03-02T17:30:00+0530,02-03-2026,WTI,WTI Crude Oil Futures,NYMEX/CME,60m,FRONT_MONTH_CONTINUOUS,CL1!,RECONSTRUCTED_FROM_DAILY,See methodology_and_sources.md,74.56,74.57,74.56,74.57,0,USD,6475.47,6476.41,6475.47,6476.41,86.85,europe_mid,none,ESTIMATED_FROM_DAILY_OHLC_USING_SESSION_HEURISTICS_NOT_REAL_INTRADAY_DATA,
2026-03-02T18:30:00+0530,2026-03-02T18:30:00+0530,02-03-2026,WTI,WTI Crude Oil Futures,NYMEX/CME,60m,FRONT_MONTH_CONTINUOUS,CL1!,RECONSTRUCTED_FROM_DAILY,See methodology_and_sources.md,74.57,74.57,74.53,74.53,0,USD,6476.41,6476.41,6472.93,6472.93,86.85,europe_mid,none,ESTIMATED_FROM_DAILY_OHLC_USING_SESSION_HEURISTICS_NOT_REAL_INTRADAY_DATA,
2026-03-02T19:30:00+0530,2026-03-02T19:30:00+0530,02-03-2026,WTI,WTI Crude Oil Futures,NYMEX/CME,60m,FRONT_MONTH_CONTINUOUS,CL1!,RECONSTRUCTED_FROM_DAILY,See methodology_and_sources.md,74.53,74.56,74.53,74.56,0,USD,6472.93,6475.43,6472.93,6475.43,86.85,europe_mid,none,ESTIMATED_FROM_DAILY_OHLC_USING_SESSION_HEURISTICS_NOT_REAL_INTRADAY_DATA,
2026-03-02T20:30:00+0530,2026-03-02T20:30:00+0530,02-03-2026,WTI,WTI Crude Oil Futures,NYMEX/CME,60m,FRONT_MONTH_CONTINUOUS,CL1!,RECONSTRUCTED_FROM_DAILY,See methodology_and_sources.md,74.56,74.58,74.56,74.58,0,USD,6475.43,6476.96,6475.43,6476.96,86.85,us_pre_open,none,ESTIMATED_FROM_DAILY_OHLC_USING_SESSION_HEURISTICS_NOT_REAL_INTRADAY_DATA,
2026-03-02T21:30:00+0530,2026-03-02T21:30:00+0530,02-03-2026,WTI,WTI Crude Oil Futures,NYMEX/CME,60m,FRONT_MONTH_CONTINUOUS,CL1!,RECONSTRUCTED_FROM_DAILY,See methodology_and_sources.md,74.58,74.58,74.55,74.55,0,USD,6476.96,6476.96,6474.77,6474.77,86.85,us_open,first_hour_after_us_open,ESTIMATED_FROM_DAILY_OHLC_USING_SESSION_HEURISTICS_NOT_REAL_INTRADAY_DATA,
2026-03-02T22:30:00+0530,2026-03-02T22:30:00+0530,02-03-2026,WTI,WTI Crude Oil Futures,NYMEX/CME,60m,FRONT_MONTH_CONTINUOUS,CL1!,RECONSTRUCTED_FROM_DAILY,See methodology_and_sources.md,74.55,74.55,74.55,74.55,0,USD,6474.77,6474.99,6474.77,6474.99,86.85,us_open,final_hour_before_mcx_close,ESTIMATED_FROM_DAILY_OHLC_USING_SESSION_HEURISTICS_NOT_REAL_INTRADAY_DATA,
2026-03-02T23:30:00+0530,2026-03-02T23:30:00+0530,02-03-2026,WTI,WTI Crude Oil Futures,NYMEX/CME,60m,FRONT_MONTH_CONTINUOUS,CL1!,RECONSTRUCTED_FROM_DAILY,See methodology_and_sources.md,74.55,76,74.55,76,0,USD,6474.99,6600.6,6474.99,6600.6,86.85,mcx_tail,none,ESTIMATED_FROM_DAILY_OHLC_USING_SESSION_HEURISTICS_NOT_REAL_INTRADAY_DATA,
2026-03-03T00:30:00+0530,2026-03-03T00:30:00+0530,02-03-2026,WTI,WTI Crude Oil Futures,NYMEX/CME,60m,FRONT_MONTH_CONTINUOUS,CL1!,RECONSTRUCTED_FROM_DAILY,See methodology_and_sources.md,76,76,76,76,0,USD,6600.6,6600.6,6600.6,6600.6,86.85,other_valid_hours,none,ESTIMATED_FROM_DAILY_OHLC_USING_SESSION_HEURISTICS_NOT_REAL_INTRADAY_DATA,
2026-03-03T03:30:00+0530,2026-03-03T03:30:00+0530,03-03-2026,WTI,WTI Crude Oil Futures,NYMEX/CME,60m,FRONT_MONTH_CONTINUOUS,CL1!,RECONSTRUCTED_FROM_DAILY,See methodology_and_sources.md,76,76,75.99,75.99,0,USD,6604.4,6604.4,6603.4,6603.4,86.9,global_reopen_pre_mcx,none,ESTIMATED_FROM_DAILY_OHLC_USING_SESSION_HEURISTICS_NOT_REAL_INTRADAY_DATA,
2026-03-03T04:30:00+0530,2026-03-03T04:30:00+0530,03-03-2026,WTI,WTI Crude Oil Futures,NYMEX/CME,60m,FRONT_MONTH_CONTINUOUS,CL1!,RECONSTRUCTED_FROM_DAILY,See methodology_and_sources.md,75.99,75.99,75.98,75.98,0,USD,6603.4,6603.4,6602.98,6602.98,86.9,global_reopen_pre_mcx,none,ESTIMATED_FROM_DAILY_OHLC_USING_SESSION_HEURISTICS_NOT_REAL_INTRADAY_DATA,
2026-03-03T05:30:00+0530,2026-03-03T05:30:00+0530,03-03-2026,WTI,WTI Crude Oil Futures,NYMEX/CME,60m,FRONT_MONTH_CONTINUOUS,CL1!,RECONSTRUCTED_FROM_DAILY,See methodology_and_sources.md,75.98,76.01,75.98,76.01,0,USD,6602.98,6605.65,6602.98,6605.65,86.9,global_reopen_pre_mcx,none,ESTIMATED_FROM_DAILY_OHLC_USING_SESSION_HEURISTICS_NOT_REAL_INTRADAY_DATA,
2026-03-03T06:30:00+0530,2026-03-03T06:30:00+0530,03-03-2026,WTI,WTI Crude Oil Futures,NYMEX/CME,60m,FRONT_MONTH_CONTINUOUS,CL1!,RECONSTRUCTED_FROM_DAILY,See methodology_and_sources.md,76.01,76.01,75.98,75.98,0,USD,6605.65,6605.65,6602.89,6602.89,86.9,global_reopen_pre_mcx,none,ESTIMATED_FROM_DAILY_OHLC_USING_SESSION_HEURISTICS_NOT_REAL_INTRADAY_DATA,
2026-03-03T07:30:00+0530,2026-03-03T07:30:00+0530,03-03-2026,WTI,WTI Crude Oil Futures,NYMEX/CME,60m,FRONT_MONTH_CONTINUOUS,CL1!,RECONSTRUCTED_FROM_DAILY,See methodology_and_sources.md,75.98,75.99,75.98,75.99,0,USD,6602.89,6603.51,6602.89,6603.51,86.9,global_reopen_pre_mcx,none,ESTIMATED_FROM_DAILY_OHLC_USING_SESSION_HEURISTICS_NOT_REAL_INTRADAY_DATA,
2026-03-03T08:30:00+0530,2026-03-03T08:30:00+0530,03-03-2026,WTI,WTI Crude Oil Futures,NYMEX/CME,60m,FRONT_MONTH_CONTINUOUS,CL1!,RECONSTRUCTED_FROM_DAILY,See methodology_and_sources.md,75.99,75.99,75.94,75.94,0,USD,6603.51,6603.51,6599.23,6599.23,86.9,global_reopen_pre_mcx,none,ESTIMATED_FROM_DAILY_OHLC_USING_SESSION_HEURISTICS_NOT_REAL_INTRADAY_DATA,
2026-03-03T09:30:00+0530,2026-03-03T09:30:00+0530,03-03-2026,WTI,WTI Crude Oil Futures,NYMEX/CME,60m,FRONT_MONTH_CONTINUOUS,CL1!,RECONSTRUCTED_FROM_DAILY,See methodology_and_sources.md,75.94,75.94,75.93,75.93,0,USD,6599.23,6599.23,6598.66,6598.66,86.9,mcx_open_drive,none,ESTIMATED_FROM_DAILY_OHLC_USING_SESSION_HEURISTICS_NOT_REAL_INTRADAY_DATA,
2026-03-03T10:30:00+0530,2026-03-03T10:30:00+0530,03-03-2026,WTI,WTI Crude Oil Futures,NYMEX/CME,60m,FRONT_MONTH_CONTINUOUS,CL1!,RECONSTRUCTED_FROM_DAILY,See methodology_and_sources.md,75.93,75.93,75.93,75.93,0,USD,6598.66,6598.66,6598.02,6598.02,86.9,india_morning,none,ESTIMATED_FROM_DAILY_OHLC_USING_SESSION_HEURISTICS_NOT_REAL_INTRADAY_DATA,
2026-03-03T11:30:00+0530,2026-03-03T11:30:00+0530,03-03-2026,WTI,WTI Crude Oil Futures,NYMEX/CME,60m,FRONT_MONTH_CONTINUOUS,CL1!,RECONSTRUCTED_FROM_DAILY,See methodology_and_sources.md,75.93,75.93,75.89,75.89,0,USD,6598.02,6598.02,6595.25,6595.25,86.9,india_morning,none,ESTIMATED_FROM_DAILY_OHLC_USING_SESSION_HEURISTICS_NOT_REAL_INTRADAY_DATA,
2026-03-03T12:30:00+0530,2026-03-03T12:30:00+0530,03-03-2026,WTI,WTI Crude Oil Futures,NYMEX/CME,60m,FRONT_MONTH_CONTINUOUS,CL1!,RECONSTRUCTED_FROM_DAILY,See methodology_and_sources.md,75.89,75.89,75.89,75.89,0,USD,6595.25,6595.25,6594.76,6594.76,86.9,india_midday,none,ESTIMATED_FROM_DAILY_OHLC_USING_SESSION_HEURISTICS_NOT_REAL_INTRADAY_DATA,
2026-03-03T13:30:00+0530,2026-03-03T13:30:00+0530,03-03-2026,WTI,WTI Crude Oil Futures,NYMEX/CME,60m,FRONT_MONTH_CONTINUOUS,CL1!,RECONSTRUCTED_FROM_DAILY,See methodology_and_sources.md,75.89,75.89,75.89,75.89,0,USD,6594.76,6595.21,6594.76,6595.21,86.9,india_midday,none,ESTIMATED_FROM_DAILY_OHLC_USING_SESSION_HEURISTICS_NOT_REAL_INTRADAY_DATA,
2026-03-03T14:30:00+0530,2026-03-03T14:30:00+0530,03-03-2026,WTI,WTI Crude Oil Futures,NYMEX/CME,60m,FRONT_MONTH_CONTINUOUS,CL1!,RECONSTRUCTED_FROM_DAILY,See methodology_and_sources.md,75.89,75.89,75.88,75.88,0,USD,6595.21,6595.21,6594.36,6594.36,86.9,india_midday,none,ESTIMATED_FROM_DAILY_OHLC_USING_SESSION_HEURISTICS_NOT_REAL_INTRADAY_DATA,
2026-03-03T15:30:00+0530,2026-03-03T15:30:00+0530,03-03-2026,WTI,WTI Crude Oil Futures,NYMEX/CME,60m,FRONT_MONTH_CONTINUOUS,CL1!,RECONSTRUCTED_FROM_DAILY,See methodology_and_sources.md,75.88,75.88,75.85,75.85,0,USD,6594.36,6594.36,6591.75,6591.75,86.9,europe_open,first_30m_after_europe_open,ESTIMATED_FROM_DAILY_OHLC_USING_SESSION_HEURISTICS_NOT_REAL_INTRADAY_DATA,
2026-03-03T16:30:00+0530,2026-03-03T16:30:00+0530,03-03-2026,WTI,WTI Crude Oil Futures,NYMEX/CME,60m,FRONT_MONTH_CONTINUOUS,CL1!,RECONSTRUCTED_FROM_DAILY,See methodology_and_sources.md,75.85,75.86,75.85,75.86,0,USD,6591.75,6591.96,6591.75,6591.96,86.9,europe_open,none,ESTIMATED_FROM_DAILY_OHLC_USING_SESSION_HEURISTICS_NOT_REAL_INTRADAY_DATA,
2026-03-03T17:30:00+0530,2026-03-03T17:30:00+0530,03-03-2026,WTI,WTI Crude Oil Futures,NYMEX/CME,60m,FRONT_MONTH_CONTINUOUS,CL1!,RECONSTRUCTED_FROM_DAILY,See methodology_and_sources.md,75.86,75.86,75.84,75.84,0,USD,6591.96,6591.96,6590.67,6590.67,86.9,europe_mid,none,ESTIMATED_FROM_DAILY_OHLC_USING_SESSION_HEURISTICS_NOT_REAL_INTRADAY_DATA,
2026-03-03T18:30:00+0530,2026-03-03T18:30:00+0530,03-03-2026,WTI,WTI Crude Oil Futures,NYMEX/CME,60m,FRONT_MONTH_CONTINUOUS,CL1!,RECONSTRUCTED_FROM_DAILY,See methodology_and_sources.md,75.84,75.85,75.84,75.85,0,USD,6590.67,6591.49,6590.67,6591.49,86.9,europe_mid,none,ESTIMATED_FROM_DAILY_OHLC_USING_SESSION_HEURISTICS_NOT_REAL_INTRADAY_DATA,
2026-03-03T19:30:00+0530,2026-03-03T19:30:00+0530,03-03-2026,WTI,WTI Crude Oil Futures,NYMEX/CME,60m,FRONT_MONTH_CONTINUOUS,CL1!,RECONSTRUCTED_FROM_DAILY,See methodology_and_sources.md,75.85,75.86,75.85,75.86,0,USD,6591.49,6592.54,6591.49,6592.54,86.9,europe_mid,none,ESTIMATED_FROM_DAILY_OHLC_USING_SESSION_HEURISTICS_NOT_REAL_INTRADAY_DATA,
2026-03-03T20:30:00+0530,2026-03-03T20:30:00+0530,03-03-2026,WTI,WTI Crude Oil Futures,NYMEX/CME,60m,FRONT_MONTH_CONTINUOUS,CL1!,RECONSTRUCTED_FROM_DAILY,See methodology_and_sources.md,75.86,75.87,75.86,75.87,0,USD,6592.54,6593.2,6592.54,6593.2,86.9,us_pre_open,none,ESTIMATED_FROM_DAILY_OHLC_USING_SESSION_HEURISTICS_NOT_REAL_INTRADAY_DATA,
2026-03-03T21:30:00+0530,2026-03-03T21:30:00+0530,03-03-2026,WTI,WTI Crude Oil Futures,NYMEX/CME,60m,FRONT_MONTH_CONTINUOUS,CL1!,RECONSTRUCTED_FROM_DAILY,See methodology_and_sources.md,75.87,75.9,75.87,75.9,0,USD,6593.2,6595.58,6593.2,6595.58,86.9,us_open,first_hour_after_us_open,ESTIMATED_FROM_DAILY_OHLC_USING_SESSION_HEURISTICS_NOT_REAL_INTRADAY_DATA,
2026-03-03T22:30:00+0530,2026-03-03T22:30:00+0530,03-03-2026,WTI,WTI Crude Oil Futures,NYMEX/CME,60m,FRONT_MONTH_CONTINUOUS,CL1!,RECONSTRUCTED_FROM_DAILY,See methodology_and_sources.md,75.9,75.9,75.88,75.88,0,USD,6595.58,6595.58,6594.38,6594.38,86.9,us_open,final_hour_before_mcx_close,ESTIMATED_FROM_DAILY_OHLC_USING_SESSION_HEURISTICS_NOT_REAL_INTRADAY_DATA,
2026-03-03T23:30:00+0530,2026-03-03T23:30:00+0530,03-03-2026,WTI,WTI Crude Oil Futures,NYMEX/CME,60m,FRONT_MONTH_CONTINUOUS,CL1!,RECONSTRUCTED_FROM_DAILY,See methodology_and_sources.md,75.88,76,75.88,76,0,USD,6594.38,6604.4,6594.38,6604.4,86.9,mcx_tail,none,ESTIMATED_FROM_DAILY_OHLC_USING_SESSION_HEURISTICS_NOT_REAL_INTRADAY_DATA,
2026-03-04T00:30:00+0530,2026-03-04T00:30:00+0530,03-03-2026,WTI,WTI Crude Oil Futures,NYMEX/CME,60m,FRONT_MONTH_CONTINUOUS,CL1!,RECONSTRUCTED_FROM_DAILY,See methodology_and_sources.md,76,76,76,76,0,USD,6604.4,6604.4,6604.4,6604.4,86.9,other_valid_hours,none,ESTIMATED_FROM_DAILY_OHLC_USING_SESSION_HEURISTICS_NOT_REAL_INTRADAY_DATA,
2026-03-04T03:30:00+0530,2026-03-04T03:30:00+0530,04-03-2026,WTI,WTI Crude Oil Futures,NYMEX/CME,60m,FRONT_MONTH_CONTINUOUS,CL1!,RECONSTRUCTED_FROM_DAILY,See methodology_and_sources.md,76.5,76.5,76.49,76.49,0,USD,6646.32,6646.32,6645.51,6645.51,86.88,global_reopen_pre_mcx,none,ESTIMATED_FROM_DAILY_OHLC_USING_SESSION_HEURISTICS_NOT_REAL_INTRADAY_DATA,
2026-03-04T04:30:00+0530,2026-03-04T04:30:00+0530,04-03-2026,WTI,WTI Crude Oil Futures,NYMEX/CME,60m,FRONT_MONTH_CONTINUOUS,CL1!,RECONSTRUCTED_FROM_DAILY,See methodology_and_sources.md,76.49,76.5,76.49,76.5,0,USD,6645.51,6645.98,6645.51,6645.98,86.88,global_reopen_pre_mcx,none,ESTIMATED_FROM_DAILY_OHLC_USING_SESSION_HEURISTICS_NOT_REAL_INTRADAY_DATA,
2026-03-04T05:30:00+0530,2026-03-04T05:30:00+0530,04-03-2026,WTI,WTI Crude Oil Futures,NYMEX/CME,60m,FRONT_MONTH_CONTINUOUS,CL1!,RECONSTRUCTED_FROM_DAILY,See methodology_and_sources.md,76.5,76.52,76.5,76.52,0,USD,6645.98,6647.85,6645.98,6647.85,86.88,global_reopen_pre_mcx,none,ESTIMATED_FROM_DAILY_OHLC_USING_SESSION_HEURISTICS_NOT_REAL_INTRADAY_DATA,
2026-03-04T06:30:00+0530,2026-03-04T06:30:00+0530,04-03-2026,WTI,WTI Crude Oil Futures,NYMEX/CME,60m,FRONT_MONTH_CONTINUOUS,CL1!,RECONSTRUCTED_FROM_DAILY,See methodology_and_sources.md,76.52,76.52,76.52,76.52,0,USD,6647.85,6648.42,6647.85,6648.42,86.88,global_reopen_pre_mcx,none,ESTIMATED_FROM_DAILY_OHLC_USING_SESSION_HEURISTICS_NOT_REAL_INTRADAY_DATA,
2026-03-04T07:30:00+0530,2026-03-04T07:30:00+0530,04-03-2026,WTI,WTI Crude Oil Futures,NYMEX/CME,60m,FRONT_MONTH_CONTINUOUS,CL1!,RECONSTRUCTED_FROM_DAILY,See methodology_and_sources.md,76.52,76.54,76.52,76.54,0,USD,6648.42,6649.42,6648.42,6649.42,86.88,global_reopen_pre_mcx,none,ESTIMATED_FROM_DAILY_OHLC_USING_SESSION_HEURISTICS_NOT_REAL_INTRADAY_DATA,
2026-03-04T08:30:00+0530,2026-03-04T08:30:00+0530,04-03-2026,WTI,WTI Crude Oil Futures,NYMEX/CME,60m,FRONT_MONTH_CONTINUOUS,CL1!,RECONSTRUCTED_FROM_DAILY,See methodology_and_sources.md,76.54,76.54,76.54,76.54,0,USD,6649.42,6649.68,6649.42,6649.68,86.88,global_reopen_pre_mcx,none,ESTIMATED_FROM_DAILY_OHLC_USING_SESSION_HEURISTICS_NOT_REAL_INTRADAY_DATA,
2026-03-04T09:30:00+0530,2026-03-04T09:30:00+0530,04-03-2026,WTI,WTI Crude Oil Futures,NYMEX/CME,60m,FRONT_MONTH_CONTINUOUS,CL1!,RECONSTRUCTED_FROM_DAILY,See methodology_and_sources.md,76.54,76.54,76.53,76.53,0,USD,6649.68,6649.68,6648.84,6648.84,86.88,mcx_open_drive,none,ESTIMATED_FROM_DAILY_OHLC_USING_SESSION_HEURISTICS_NOT_REAL_INTRADAY_DATA,
2026-03-04T10:30:00+0530,2026-03-04T10:30:00+0530,04-03-2026,WTI,WTI Crude Oil Futures,NYMEX/CME,60m,FRONT_MONTH_CONTINUOUS,CL1!,RECONSTRUCTED_FROM_DAILY,See methodology_and_sources.md,76.53,76.53,76.52,76.52,0,USD,6648.84,6648.84,6647.84,6647.84,86.88,india_morning,none,ESTIMATED_FROM_DAILY_OHLC_USING_SESSION_HEURISTICS_NOT_REAL_INTRADAY_DATA,
2026-03-04T11:30:00+0530,2026-03-04T11:30:00+0530,04-03-2026,WTI,WTI Crude Oil Futures,NYMEX/CME,60m,FRONT_MONTH_CONTINUOUS,CL1!,RECONSTRUCTED_FROM_DAILY,See methodology_and_sources.md,76.52,76.52,76.52,76.52,0,USD,6647.84,6648.31,6647.84,6648.31,86.88,india_morning,none,ESTIMATED_FROM_DAILY_OHLC_USING_SESSION_HEURISTICS_NOT_REAL_INTRADAY_DATA,
2026-03-04T12:30:00+0530,2026-03-04T12:30:00+0530,04-03-2026,WTI,WTI Crude Oil Futures,NYMEX/CME,60m,FRONT_MONTH_CONTINUOUS,CL1!,RECONSTRUCTED_FROM_DAILY,See methodology_and_sources.md,76.52,76.57,76.52,76.57,0,USD,6648.31,6652.2,6648.31,6652.2,86.88,india_midday,none,ESTIMATED_FROM_DAILY_OHLC_USING_SESSION_HEURISTICS_NOT_REAL_INTRADAY_DATA,
2026-03-04T13:30:00+0530,2026-03-04T13:30:00+0530,04-03-2026,WTI,WTI Crude Oil Futures,NYMEX/CME,60m,FRONT_MONTH_CONTINUOUS,CL1!,RECONSTRUCTED_FROM_DAILY,See methodology_and_sources.md,76.57,76.57,76.55,76.55,0,USD,6652.2,6652.2,6650.96,6650.96,86.88,india_midday,none,ESTIMATED_FROM_DAILY_OHLC_USING_SESSION_HEURISTICS_NOT_REAL_INTRADAY_DATA,
2026-03-04T14:30:00+0530,2026-03-04T14:30:00+0530,04-03-2026,WTI,WTI Crude Oil Futures,NYMEX/CME,60m,FRONT_MONTH_CONTINUOUS,CL1!,RECONSTRUCTED_FROM_DAILY,See methodology_and_sources.md,76.55,76.57,76.55,76.57,0,USD,6650.96,6652.68,6650.96,6652.68,86.88,india_midday,none,ESTIMATED_FROM_DAILY_OHLC_USING_SESSION_HEURISTICS_NOT_REAL_INTRADAY_DATA,
2026-03-04T15:30:00+0530,2026-03-04T15:30:00+0530,04-03-2026,WTI,WTI Crude Oil Futures,NYMEX/CME,60m,FRONT_MONTH_CONTINUOUS,CL1!,RECONSTRUCTED_FROM_DAILY,See methodology_and_sources.md,76.57,76.58,76.57,76.58,0,USD,6652.68,6652.84,6652.68,6652.84,86.88,europe_open,first_30m_after_europe_open,ESTIMATED_FROM_DAILY_OHLC_USING_SESSION_HEURISTICS_NOT_REAL_INTRADAY_DATA,
2026-03-04T16:30:00+0530,2026-03-04T16:30:00+0530,04-03-2026,WTI,WTI Crude Oil Futures,NYMEX/CME,60m,FRONT_MONTH_CONTINUOUS,CL1!,RECONSTRUCTED_FROM_DAILY,See methodology_and_sources.md,76.58,76.58,76.56,76.56,0,USD,6652.84,6652.84,6651.76,6651.76,86.88,europe_open,none,ESTIMATED_FROM_DAILY_OHLC_USING_SESSION_HEURISTICS_NOT_REAL_INTRADAY_DATA,
2026-03-04T17:30:00+0530,2026-03-04T17:30:00+0530,04-03-2026,WTI,WTI Crude Oil Futures,NYMEX/CME,60m,FRONT_MONTH_CONTINUOUS,CL1!,RECONSTRUCTED_FROM_DAILY,See methodology_and_sources.md,76.56,76.56,76.55,76.55,0,USD,6651.76,6651.76,6650.46,6650.46,86.88,europe_mid,none,ESTIMATED_FROM_DAILY_OHLC_USING_SESSION_HEURISTICS_NOT_REAL_INTRADAY_DATA,
2026-03-04T18:30:00+0530,2026-03-04T18:30:00+0530,04-03-2026,WTI,WTI Crude Oil Futures,NYMEX/CME,60m,FRONT_MONTH_CONTINUOUS,CL1!,RECONSTRUCTED_FROM_DAILY,See methodology_and_sources.md,76.55,76.55,76.55,76.55,0,USD,6650.46,6650.72,6650.46,6650.72,86.88,europe_mid,none,ESTIMATED_FROM_DAILY_OHLC_USING_SESSION_HEURISTICS_NOT_REAL_INTRADAY_DATA,
2026-03-04T19:30:00+0530,2026-03-04T19:30:00+0530,04-03-2026,WTI,WTI Crude Oil Futures,NYMEX/CME,60m,FRONT_MONTH_CONTINUOUS,CL1!,RECONSTRUCTED_FROM_DAILY,See methodology_and_sources.md,76.55,76.55,76.53,76.53,0,USD,6650.72,6650.72,6649.17,6649.17,86.88,europe_mid,none,ESTIMATED_FROM_DAILY_OHLC_USING_SESSION_HEURISTICS_NOT_REAL_INTRADAY_DATA,
2026-03-04T20:30:00+0530,2026-03-04T20:30:00+0530,04-03-2026,WTI,WTI Crude Oil Futures,NYMEX/CME,60m,FRONT_MONTH_CONTINUOUS,CL1!,RECONSTRUCTED_FROM_DAILY,See methodology_and_sources.md,76.53,76.53,76.53,76.53,0,USD,6649.17,6649.17,6648.55,6648.55,86.88,us_pre_open,none,ESTIMATED_FROM_DAILY_OHLC_USING_SESSION_HEURISTICS_NOT_REAL_INTRADAY_DATA,
2026-03-04T21:30:00+0530,2026-03-04T21:30:00+0530,04-03-2026,WTI,WTI Crude Oil Futures,NYMEX/CME,60m,FRONT_MONTH_CONTINUOUS,CL1!,RECONSTRUCTED_FROM_DAILY,See methodology_and_sources.md,76.53,76.53,76.5,76.5,0,USD,6648.55,6648.55,6646.03,6646.03,86.88,us_open,first_hour_after_us_open,ESTIMATED_FROM_DAILY_OHLC_USING_SESSION_HEURISTICS_NOT_REAL_INTRADAY_DATA,
2026-03-04T22:30:00+0530,2026-03-04T22:30:00+0530,04-03-2026,WTI,WTI Crude Oil Futures,NYMEX/CME,60m,FRONT_MONTH_CONTINUOUS,CL1!,RECONSTRUCTED_FROM_DAILY,See methodology_and_sources.md,76.5,76.5,76.45,76.45,0,USD,6646.03,6646.03,6642.25,6642.25,86.88,us_open,final_hour_before_mcx_close,ESTIMATED_FROM_DAILY_OHLC_USING_SESSION_HEURISTICS_NOT_REAL_INTRADAY_DATA,
2026-03-04T23:30:00+0530,2026-03-04T23:30:00+0530,04-03-2026,WTI,WTI Crude Oil Futures,NYMEX/CME,60m,FRONT_MONTH_CONTINUOUS,CL1!,RECONSTRUCTED_FROM_DAILY,See methodology_and_sources.md,76.45,78,76.45,78,0,USD,6642.25,6776.64,6642.25,6776.64,86.88,mcx_tail,none,ESTIMATED_FROM_DAILY_OHLC_USING_SESSION_HEURISTICS_NOT_REAL_INTRADAY_DATA,
2026-03-05T00:30:00+0530,2026-03-05T00:30:00+0530,04-03-2026,WTI,WTI Crude Oil Futures,NYMEX/CME,60m,FRONT_MONTH_CONTINUOUS,CL1!,RECONSTRUCTED_FROM_DAILY,See methodology_and_sources.md,78,78,78,78,0,USD,6776.64,6776.64,6776.64,6776.64,86.88,other_valid_hours,none,ESTIMATED_FROM_DAILY_OHLC_USING_SESSION_HEURISTICS_NOT_REAL_INTRADAY_DATA,
2026-03-05T03:30:00+0530,2026-03-05T03:30:00+0530,05-03-2026,WTI,WTI Crude Oil Futures,NYMEX/CME,60m,FRONT_MONTH_CONTINUOUS,CL1!,RECONSTRUCTED_FROM_DAILY,See methodology_and_sources.md,78,78.04,78,78.04,0,USD,6779.76,6783.11,6779.76,6783.11,86.92,global_reopen_pre_mcx,none,ESTIMATED_FROM_DAILY_OHLC_USING_SESSION_HEURISTICS_NOT_REAL_INTRADAY_DATA,
2026-03-05T04:30:00+0530,2026-03-05T04:30:00+0530,05-03-2026,WTI,WTI Crude Oil Futures,NYMEX/CME,60m,FRONT_MONTH_CONTINUOUS,CL1!,RECONSTRUCTED_FROM_DAILY,See methodology_and_sources.md,78.04,78.04,78.02,78.02,0,USD,6783.11,6783.11,6781.32,6781.32,86.92,global_reopen_pre_mcx,none,ESTIMATED_FROM_DAILY_OHLC_USING_SESSION_HEURISTICS_NOT_REAL_INTRADAY_DATA,
2026-03-05T05:30:00+0530,2026-03-05T05:30:00+0530,05-03-2026,WTI,WTI Crude Oil Futures,NYMEX/CME,60m,FRONT_MONTH_CONTINUOUS,CL1!,RECONSTRUCTED_FROM_DAILY,See methodology_and_sources.md,78.02,78.02,78.02,78.02,0,USD,6781.32,6781.65,6781.32,6781.65,86.92,global_reopen_pre_mcx,none,ESTIMATED_FROM_DAILY_OHLC_USING_SESSION_HEURISTICS_NOT_REAL_INTRADAY_DATA,
2026-03-05T06:30:00+0530,2026-03-05T06:30:00+0530,05-03-2026,WTI,WTI Crude Oil Futures,NYMEX/CME,60m,FRONT_MONTH_CONTINUOUS,CL1!,RECONSTRUCTED_FROM_DAILY,See methodology_and_sources.md,78.02,78.02,78.02,78.02,0,USD,6781.65,6781.65,6781.23,6781.23,86.92,global_reopen_pre_mcx,none,ESTIMATED_FROM_DAILY_OHLC_USING_SESSION_HEURISTICS_NOT_REAL_INTRADAY_DATA,
2026-03-05T07:30:00+0530,2026-03-05T07:30:00+0530,05-03-2026,WTI,WTI Crude Oil Futures,NYMEX/CME,60m,FRONT_MONTH_CONTINUOUS,CL1!,RECONSTRUCTED_FROM_DAILY,See methodology_and_sources.md,78.02,78.02,78.02,78.02,0,USD,6781.23,6781.23,6781.11,6781.11,86.92,global_reopen_pre_mcx,none,ESTIMATED_FROM_DAILY_OHLC_USING_SESSION_HEURISTICS_NOT_REAL_INTRADAY_DATA,
2026-03-05T08:30:00+0530,2026-03-05T08:30:00+0530,05-03-2026,WTI,WTI Crude Oil Futures,NYMEX/CME,60m,FRONT_MONTH_CONTINUOUS,CL1!,RECONSTRUCTED_FROM_DAILY,See methodology_and_sources.md,78.02,78.06,78.02,78.06,0,USD,6781.11,6784.62,6781.11,6784.62,86.92,global_reopen_pre_mcx,none,ESTIMATED_FROM_DAILY_OHLC_USING_SESSION_HEURISTICS_NOT_REAL_INTRADAY_DATA,
2026-03-05T09:30:00+0530,2026-03-05T09:30:00+0530,05-03-2026,WTI,WTI Crude Oil Futures,NYMEX/CME,60m,FRONT_MONTH_CONTINUOUS,CL1!,RECONSTRUCTED_FROM_DAILY,See methodology_and_sources.md,78.06,78.06,78.05,78.05,0,USD,6784.62,6784.62,6784.14,6784.14,86.92,mcx_open_drive,none,ESTIMATED_FROM_DAILY_OHLC_USING_SESSION_HEURISTICS_NOT_REAL_INTRADAY_DATA,
2026-03-05T10:30:00+0530,2026-03-05T10:30:00+0530,05-03-2026,WTI,WTI Crude Oil Futures,NYMEX/CME,60m,FRONT_MONTH_CONTINUOUS,CL1!,RECONSTRUCTED_FROM_DAILY,See methodology_and_sources.md,78.05,78.06,78.05,78.06,0,USD,6784.14,6784.56,6784.14,6784.56,86.92,india_morning,none,ESTIMATED_FROM_DAILY_OHLC_USING_SESSION_HEURISTICS_NOT_REAL_INTRADAY_DATA,
2026-03-05T11:30:00+0530,2026-03-05T11:30:00+0530,05-03-2026,WTI,WTI Crude Oil Futures,NYMEX/CME,60m,FRONT_MONTH_CONTINUOUS,CL1!,RECONSTRUCTED_FROM_DAILY,See methodology_and_sources.md,78.06,78.06,78.04,78.04,0,USD,6784.56,6784.56,6783.48,6783.48,86.92,india_morning,none,ESTIMATED_FROM_DAILY_OHLC_USING_SESSION_HEURISTICS_NOT_REAL_INTRADAY_DATA,
2026-03-05T12:30:00+0530,2026-03-05T12:30:00+0530,05-03-2026,WTI,WTI Crude Oil Futures,NYMEX/CME,60m,FRONT_MONTH_CONTINUOUS,CL1!,RECONSTRUCTED_FROM_DAILY,See methodology_and_sources.md,78.04,78.06,78.04,78.06,0,USD,6783.48,6784.78,6783.48,6784.78,86.92,india_midday,none,ESTIMATED_FROM_DAILY_OHLC_USING_SESSION_HEURISTICS_NOT_REAL_INTRADAY_DATA,
2026-03-05T13:30:00+0530,2026-03-05T13:30:00+0530,05-03-2026,WTI,WTI Crude Oil Futures,NYMEX/CME,60m,FRONT_MONTH_CONTINUOUS,CL1!,RECONSTRUCTED_FROM_DAILY,See methodology_and_sources.md,78.06,78.08,78.06,78.08,0,USD,6784.78,6786.98,6784.78,6786.98,86.92,india_midday,none,ESTIMATED_FROM_DAILY_OHLC_USING_SESSION_HEURISTICS_NOT_REAL_INTRADAY_DATA,
2026-03-05T14:30:00+0530,2026-03-05T14:30:00+0530,05-03-2026,WTI,WTI Crude Oil Futures,NYMEX/CME,60m,FRONT_MONTH_CONTINUOUS,CL1!,RECONSTRUCTED_FROM_DAILY,See methodology_and_sources.md,78.08,78.09,78.08,78.09,0,USD,6786.98,6787.85,6786.98,6787.85,86.92,india_midday,none,ESTIMATED_FROM_DAILY_OHLC_USING_SESSION_HEURISTICS_NOT_REAL_INTRADAY_DATA,
2026-03-05T15:30:00+0530,2026-03-05T15:30:00+0530,05-03-2026,WTI,WTI Crude Oil Futures,NYMEX/CME,60m,FRONT_MONTH_CONTINUOUS,CL1!,RECONSTRUCTED_FROM_DAILY,See methodology_and_sources.md,78.09,78.09,78.09,78.09,0,USD,6787.85,6787.85,6787.31,6787.31,86.92,europe_open,first_30m_after_europe_open,ESTIMATED_FROM_DAILY_OHLC_USING_SESSION_HEURISTICS_NOT_REAL_INTRADAY_DATA,
2026-03-05T16:30:00+0530,2026-03-05T16:30:00+0530,05-03-2026,WTI,WTI Crude Oil Futures,NYMEX/CME,60m,FRONT_MONTH_CONTINUOUS,CL1!,RECONSTRUCTED_FROM_DAILY,See methodology_and_sources.md,78.09,78.1,78.09,78.1,0,USD,6787.31,6788.69,6787.31,6788.69,86.92,europe_open,none,ESTIMATED_FROM_DAILY_OHLC_USING_SESSION_HEURISTICS_NOT_REAL_INTRADAY_DATA,
2026-03-05T17:30:00+0530,2026-03-05T17:30:00+0530,05-03-2026,WTI,WTI Crude Oil Futures,NYMEX/CME,60m,FRONT_MONTH_CONTINUOUS,CL1!,RECONSTRUCTED_FROM_DAILY,See methodology_and_sources.md,78.1,78.12,78.1,78.12,0,USD,6788.69,6790.16,6788.69,6790.16,86.92,europe_mid,none,ESTIMATED_FROM_DAILY_OHLC_USING_SESSION_HEURISTICS_NOT_REAL_INTRADAY_DATA,
2026-03-05T18:30:00+0530,2026-03-05T18:30:00+0530,05-03-2026,WTI,WTI Crude Oil Futures,NYMEX/CME,60m,FRONT_MONTH_CONTINUOUS,CL1!,RECONSTRUCTED_FROM_DAILY,See methodology_and_sources.md,78.12,78.12,78.11,78.11,0,USD,6790.16,6790.16,6789.33,6789.33,86.92,europe_mid,none,ESTIMATED_FROM_DAILY_OHLC_USING_SESSION_HEURISTICS_NOT_REAL_INTRADAY_DATA,
2026-03-05T19:30:00+0530,2026-03-05T19:30:00+0530,05-03-2026,WTI,WTI Crude Oil Futures,NYMEX/CME,60m,FRONT_MONTH_CONTINUOUS,CL1!,RECONSTRUCTED_FROM_DAILY,See methodology_and_sources.md,78.11,78.11,78.1,78.1,0,USD,6789.33,6789.33,6788.7,6788.7,86.92,europe_mid,none,ESTIMATED_FROM_DAILY_OHLC_USING_SESSION_HEURISTICS_NOT_REAL_INTRADAY_DATA,
2026-03-05T20:30:00+0530,2026-03-05T20:30:00+0530,05-03-2026,WTI,WTI Crude Oil Futures,NYMEX/CME,60m,FRONT_MONTH_CONTINUOUS,CL1!,RECONSTRUCTED_FROM_DAILY,See methodology_and_sources.md,78.1,78.13,78.1,78.13,0,USD,6788.7,6791.21,6788.7,6791.21,86.92,us_pre_open,none,ESTIMATED_FROM_DAILY_OHLC_USING_SESSION_HEURISTICS_NOT_REAL_INTRADAY_DATA,
2026-03-05T21:30:00+0530,2026-03-05T21:30:00+0530,05-03-2026,WTI,WTI Crude Oil Futures,NYMEX/CME,60m,FRONT_MONTH_CONTINUOUS,CL1!,RECONSTRUCTED_FROM_DAILY,See methodology_and_sources.md,78.13,78.15,78.13,78.15,0,USD,6791.21,6792.46,6791.21,6792.46,86.92,us_open,first_hour_after_us_open,ESTIMATED_FROM_DAILY_OHLC_USING_SESSION_HEURISTICS_NOT_REAL_INTRADAY_DATA,
2026-03-05T22:30:00+0530,2026-03-05T22:30:00+0530,05-03-2026,WTI,WTI Crude Oil Futures,NYMEX/CME,60m,FRONT_MONTH_CONTINUOUS,CL1!,RECONSTRUCTED_FROM_DAILY,See methodology_and_sources.md,78.15,78.15,78.14,78.14,0,USD,6792.46,6792.46,6792.27,6792.27,86.92,us_open,final_hour_before_mcx_close,ESTIMATED_FROM_DAILY_OHLC_USING_SESSION_HEURISTICS_NOT_REAL_INTRADAY_DATA,
2026-03-05T23:30:00+0530,2026-03-05T23:30:00+0530,05-03-2026,WTI,WTI Crude Oil Futures,NYMEX/CME,60m,FRONT_MONTH_CONTINUOUS,CL1!,RECONSTRUCTED_FROM_DAILY,See methodology_and_sources.md,78.14,78.14,76,76,0,USD,6792.27,6792.27,6605.92,6605.92,86.92,mcx_tail,none,ESTIMATED_FROM_DAILY_OHLC_USING_SESSION_HEURISTICS_NOT_REAL_INTRADAY_DATA,
2026-03-06T00:30:00+0530,2026-03-06T00:30:00+0530,05-03-2026,WTI,WTI Crude Oil Futures,NYMEX/CME,60m,FRONT_MONTH_CONTINUOUS,CL1!,RECONSTRUCTED_FROM_DAILY,See methodology_and_sources.md,76,76,76,76,0,USD,6605.92,6605.92,6605.92,6605.92,86.92,other_valid_hours,none,ESTIMATED_FROM_DAILY_OHLC_USING_SESSION_HEURISTICS_NOT_REAL_INTRADAY_DATA,
2026-03-06T03:30:00+0530,2026-03-06T03:30:00+0530,06-03-2026,WTI,WTI Crude Oil Futures,NYMEX/CME,60m,FRONT_MONTH_CONTINUOUS,CL1!,RECONSTRUCTED_FROM_DAILY,See methodology_and_sources.md,76,76.03,76,76.03,0,USD,6608.2,6610.51,6608.2,6610.51,86.95,global_reopen_pre_mcx,none,ESTIMATED_FROM_DAILY_OHLC_USING_SESSION_HEURISTICS_NOT_REAL_INTRADAY_DATA,
2026-03-06T04:30:00+0530,2026-03-06T04:30:00+0530,06-03-2026,WTI,WTI Crude Oil Futures,NYMEX/CME,60m,FRONT_MONTH_CONTINUOUS,CL1!,RECONSTRUCTED_FROM_DAILY,See methodology_and_sources.md,76.03,76.04,76.03,76.04,0,USD,6610.51,6611.32,6610.51,6611.32,86.95,global_reopen_pre_mcx,none,ESTIMATED_FROM_DAILY_OHLC_USING_SESSION_HEURISTICS_NOT_REAL_INTRADAY_DATA,
2026-03-06T05:30:00+0530,2026-03-06T05:30:00+0530,06-03-2026,WTI,WTI Crude Oil Futures,NYMEX/CME,60m,FRONT_MONTH_CONTINUOUS,CL1!,RECONSTRUCTED_FROM_DAILY,See methodology_and_sources.md,76.04,76.04,76.03,76.03,0,USD,6611.32,6611.32,6611.05,6611.05,86.95,global_reopen_pre_mcx,none,ESTIMATED_FROM_DAILY_OHLC_USING_SESSION_HEURISTICS_NOT_REAL_INTRADAY_DATA,
2026-03-06T06:30:00+0530,2026-03-06T06:30:00+0530,06-03-2026,WTI,WTI Crude Oil Futures,NYMEX/CME,60m,FRONT_MONTH_CONTINUOUS,CL1!,RECONSTRUCTED_FROM_DAILY,See methodology_and_sources.md,76.03,76.03,76.02,76.02,0,USD,6611.05,6611.05,6609.66,6609.66,86.95,global_reopen_pre_mcx,none,ESTIMATED_FROM_DAILY_OHLC_USING_SESSION_HEURISTICS_NOT_REAL_INTRADAY_DATA,
2026-03-06T07:30:00+0530,2026-03-06T07:30:00+0530,06-03-2026,WTI,WTI Crude Oil Futures,NYMEX/CME,60m,FRONT_MONTH_CONTINUOUS,CL1!,RECONSTRUCTED_FROM_DAILY,See methodology_and_sources.md,76.02,76.02,76.02,76.02,0,USD,6609.66,6610.36,6609.66,6610.36,86.95,global_reopen_pre_mcx,none,ESTIMATED_FROM_DAILY_OHLC_USING_SESSION_HEURISTICS_NOT_REAL_INTRADAY_DATA,
2026-03-06T08:30:00+0530,2026-03-06T08:30:00+0530,06-03-2026,WTI,WTI Crude Oil Futures,NYMEX/CME,60m,FRONT_MONTH_CONTINUOUS,CL1!,RECONSTRUCTED_FROM_DAILY,See methodology_and_sources.md,76.02,76.04,76.02,76.04,0,USD,6610.36,6611.39,6610.36,6611.39,86.95,global_reopen_pre_mcx,none,ESTIMATED_FROM_DAILY_OHLC_USING_SESSION_HEURISTICS_NOT_REAL_INTRADAY_DATA,
2026-03-06T09:30:00+0530,2026-03-06T09:30:00+0530,06-03-2026,WTI,WTI Crude Oil Futures,NYMEX/CME,60m,FRONT_MONTH_CONTINUOUS,CL1!,RECONSTRUCTED_FROM_DAILY,See methodology_and_sources.md,76.04,76.04,76.03,76.03,0,USD,6611.39,6611.39,6610.71,6610.71,86.95,mcx_open_drive,none,ESTIMATED_FROM_DAILY_OHLC_USING_SESSION_HEURISTICS_NOT_REAL_INTRADAY_DATA,
2026-03-06T10:30:00+0530,2026-03-06T10:30:00+0530,06-03-2026,WTI,WTI Crude Oil Futures,NYMEX/CME,60m,FRONT_MONTH_CONTINUOUS,CL1!,RECONSTRUCTED_FROM_DAILY,See methodology_and_sources.md,76.03,76.04,76.03,76.04,0,USD,6610.71,6612.06,6610.71,6612.06,86.95,india_morning,none,ESTIMATED_FROM_DAILY_OHLC_USING_SESSION_HEURISTICS_NOT_REAL_INTRADAY_DATA,
2026-03-06T11:30:00+0530,2026-03-06T11:30:00+0530,06-03-2026,WTI,WTI Crude Oil Futures,NYMEX/CME,60m,FRONT_MONTH_CONTINUOUS,CL1!,RECONSTRUCTED_FROM_DAILY,See methodology_and_sources.md,76.04,76.05,76.04,76.05,0,USD,6612.06,6612.42,6612.06,6612.42,86.95,india_morning,none,ESTIMATED_FROM_DAILY_OHLC_USING_SESSION_HEURISTICS_NOT_REAL_INTRADAY_DATA,
2026-03-06T12:30:00+0530,2026-03-06T12:30:00+0530,06-03-2026,WTI,WTI Crude Oil Futures,NYMEX/CME,60m,FRONT_MONTH_CONTINUOUS,CL1!,RECONSTRUCTED_FROM_DAILY,See methodology_and_sources.md,76.05,76.07,76.05,76.07,0,USD,6612.42,6614.36,6612.42,6614.36,86.95,india_midday,none,ESTIMATED_FROM_DAILY_OHLC_USING_SESSION_HEURISTICS_NOT_REAL_INTRADAY_DATA,
2026-03-06T13:30:00+0530,2026-03-06T13:30:00+0530,06-03-2026,WTI,WTI Crude Oil Futures,NYMEX/CME,60m,FRONT_MONTH_CONTINUOUS,CL1!,RECONSTRUCTED_FROM_DAILY,See methodology_and_sources.md,76.07,76.07,76.07,76.07,0,USD,6614.36,6614.62,6614.36,6614.62,86.95,india_midday,none,ESTIMATED_FROM_DAILY_OHLC_USING_SESSION_HEURISTICS_NOT_REAL_INTRADAY_DATA,
2026-03-06T14:30:00+0530,2026-03-06T14:30:00+0530,06-03-2026,WTI,WTI Crude Oil Futures,NYMEX/CME,60m,FRONT_MONTH_CONTINUOUS,CL1!,RECONSTRUCTED_FROM_DAILY,See methodology_and_sources.md,76.07,76.07,76.06,76.06,0,USD,6614.62,6614.62,6613.24,6613.24,86.95,india_midday,none,ESTIMATED_FROM_DAILY_OHLC_USING_SESSION_HEURISTICS_NOT_REAL_INTRADAY_DATA,
2026-03-06T15:30:00+0530,2026-03-06T15:30:00+0530,06-03-2026,WTI,WTI Crude Oil Futures,NYMEX/CME,60m,FRONT_MONTH_CONTINUOUS,CL1!,RECONSTRUCTED_FROM_DAILY,See methodology_and_sources.md,76.06,76.07,76.06,76.07,0,USD,6613.24,6614.48,6613.24,6614.48,86.95,europe_open,first_30m_after_europe_open,ESTIMATED_FROM_DAILY_OHLC_USING_SESSION_HEURISTICS_NOT_REAL_INTRADAY_DATA,
2026-03-06T16:30:00+0530,2026-03-06T16:30:00+0530,06-03-2026,WTI,WTI Crude Oil Futures,NYMEX/CME,60m,FRONT_MONTH_CONTINUOUS,CL1!,RECONSTRUCTED_FROM_DAILY,See methodology_and_sources.md,76.07,76.07,76.05,76.05,0,USD,6614.48,6614.48,6612.28,6612.28,86.95,europe_open,none,ESTIMATED_FROM_DAILY_OHLC_USING_SESSION_HEURISTICS_NOT_REAL_INTRADAY_DATA,
2026-03-06T17:30:00+0530,2026-03-06T17:30:00+0530,06-03-2026,WTI,WTI Crude Oil Futures,NYMEX/CME,60m,FRONT_MONTH_CONTINUOUS,CL1!,RECONSTRUCTED_FROM_DAILY,See methodology_and_sources.md,76.05,76.06,76.05,76.06,0,USD,6612.28,6613.55,6612.28,6613.55,86.95,europe_mid,none,ESTIMATED_FROM_DAILY_OHLC_USING_SESSION_HEURISTICS_NOT_REAL_INTRADAY_DATA,
2026-03-06T18:30:00+0530,2026-03-06T18:30:00+0530,06-03-2026,WTI,WTI Crude Oil Futures,NYMEX/CME,60m,FRONT_MONTH_CONTINUOUS,CL1!,RECONSTRUCTED_FROM_DAILY,See methodology_and_sources.md,76.06,76.08,76.06,76.08,0,USD,6613.55,6614.81,6613.55,6614.81,86.95,europe_mid,none,ESTIMATED_FROM_DAILY_OHLC_USING_SESSION_HEURISTICS_NOT_REAL_INTRADAY_DATA,
2026-03-06T19:30:00+0530,2026-03-06T19:30:00+0530,06-03-2026,WTI,WTI Crude Oil Futures,NYMEX/CME,60m,FRONT_MONTH_CONTINUOUS,CL1!,RECONSTRUCTED_FROM_DAILY,See methodology_and_sources.md,76.08,76.08,76.05,76.05,0,USD,6614.81,6614.81,6612.92,6612.92,86.95,europe_mid,none,ESTIMATED_FROM_DAILY_OHLC_USING_SESSION_HEURISTICS_NOT_REAL_INTRADAY_DATA,
2026-03-06T20:30:00+0530,2026-03-06T20:30:00+0530,06-03-2026,WTI,WTI Crude Oil Futures,NYMEX/CME,60m,FRONT_MONTH_CONTINUOUS,CL1!,RECONSTRUCTED_FROM_DAILY,See methodology_and_sources.md,76.05,76.05,76.04,76.04,0,USD,6612.92,6612.92,6612.09,6612.09,86.95,us_pre_open,none,ESTIMATED_FROM_DAILY_OHLC_USING_SESSION_HEURISTICS_NOT_REAL_INTRADAY_DATA,
2026-03-06T21:30:00+0530,2026-03-06T21:30:00+0530,06-03-2026,WTI,WTI Crude Oil Futures,NYMEX/CME,60m,FRONT_MONTH_CONTINUOUS,CL1!,RECONSTRUCTED_FROM_DAILY,See methodology_and_sources.md,76.04,76.04,76.04,76.04,0,USD,6612.09,6612.09,6611.62,6611.62,86.95,us_open,first_hour_after_us_open,ESTIMATED_FROM_DAILY_OHLC_USING_SESSION_HEURISTICS_NOT_REAL_INTRADAY_DATA,
2026-03-06T22:30:00+0530,2026-03-06T22:30:00+0530,06-03-2026,WTI,WTI Crude Oil Futures,NYMEX/CME,60m,FRONT_MONTH_CONTINUOUS,CL1!,RECONSTRUCTED_FROM_DAILY,See methodology_and_sources.md,76.04,76.06,76.04,76.06,0,USD,6611.62,6613.21,6611.62,6613.21,86.95,us_open,final_hour_before_mcx_close,ESTIMATED_FROM_DAILY_OHLC_USING_SESSION_HEURISTICS_NOT_REAL_INTRADAY_DATA,
2026-03-06T23:30:00+0530,2026-03-06T23:30:00+0530,06-03-2026,WTI,WTI Crude Oil Futures,NYMEX/CME,60m,FRONT_MONTH_CONTINUOUS,CL1!,RECONSTRUCTED_FROM_DAILY,See methodology_and_sources.md,76.06,77,76.06,77,0,USD,6613.21,6695.15,6613.21,6695.15,86.95,mcx_tail,none,ESTIMATED_FROM_DAILY_OHLC_USING_SESSION_HEURISTICS_NOT_REAL_INTRADAY_DATA,
2026-03-07T00:30:00+0530,2026-03-07T00:30:00+0530,06-03-2026,WTI,WTI Crude Oil Futures,NYMEX/CME,60m,FRONT_MONTH_CONTINUOUS,CL1!,RECONSTRUCTED_FROM_DAILY,See methodology_and_sources.md,77,77,77,77,0,USD,6695.15,6695.15,6695.15,6695.15,86.95,other_valid_hours,none,ESTIMATED_FROM_DAILY_OHLC_USING_SESSION_HEURISTICS_NOT_REAL_INTRADAY_DATA,
2026-03-09T03:30:00+0530,2026-03-09T03:30:00+0530,09-03-2026,WTI,WTI Crude Oil Futures,NYMEX/CME,60m,FRONT_MONTH_CONTINUOUS,CL1!,RECONSTRUCTED_FROM_DAILY,See methodology_and_sources.md,82,82,81.97,81.97,0,USD,7142.2,7142.2,7139.16,7139.16,87.1,global_reopen_pre_mcx,none,ESTIMATED_FROM_DAILY_OHLC_USING_SESSION_HEURISTICS_NOT_REAL_INTRADAY_DATA,
2026-03-09T04:30:00+0530,2026-03-09T04:30:00+0530,09-03-2026,WTI,WTI Crude Oil Futures,NYMEX/CME,60m,FRONT_MONTH_CONTINUOUS,CL1!,RECONSTRUCTED_FROM_DAILY,See methodology_and_sources.md,81.97,82.11,81.97,82.11,0,USD,7139.16,7151.9,7139.16,7151.9,87.1,global_reopen_pre_mcx,none,ESTIMATED_FROM_DAILY_OHLC_USING_SESSION_HEURISTICS_NOT_REAL_INTRADAY_DATA,
2026-03-09T05:30:00+0530,2026-03-09T05:30:00+0530,09-03-2026,WTI,WTI Crude Oil Futures,NYMEX/CME,60m,FRONT_MONTH_CONTINUOUS,CL1!,RECONSTRUCTED_FROM_DAILY,See methodology_and_sources.md,82.11,82.16,82.11,82.16,0,USD,7151.9,7155.8,7151.9,7155.8,87.1,global_reopen_pre_mcx,none,ESTIMATED_FROM_DAILY_OHLC_USING_SESSION_HEURISTICS_NOT_REAL_INTRADAY_DATA,
2026-03-09T06:30:00+0530,2026-03-09T06:30:00+0530,09-03-2026,WTI,WTI Crude Oil Futures,NYMEX/CME,60m,FRONT_MONTH_CONTINUOUS,CL1!,RECONSTRUCTED_FROM_DAILY,See methodology_and_sources.md,82.16,82.16,82.12,82.12,0,USD,7155.8,7155.8,7152.53,7152.53,87.1,global_reopen_pre_mcx,none,ESTIMATED_FROM_DAILY_OHLC_USING_SESSION_HEURISTICS_NOT_REAL_INTRADAY_DATA,
2026-03-09T07:30:00+0530,2026-03-09T07:30:00+0530,09-03-2026,WTI,WTI Crude Oil Futures,NYMEX/CME,60m,FRONT_MONTH_CONTINUOUS,CL1!,RECONSTRUCTED_FROM_DAILY,See methodology_and_sources.md,82.12,82.12,82.02,82.02,0,USD,7152.53,7152.53,7143.99,7143.99,87.1,global_reopen_pre_mcx,none,ESTIMATED_FROM_DAILY_OHLC_USING_SESSION_HEURISTICS_NOT_REAL_INTRADAY_DATA,
2026-03-09T08:30:00+0530,2026-03-09T08:30:00+0530,09-03-2026,WTI,WTI Crude Oil Futures,NYMEX/CME,60m,FRONT_MONTH_CONTINUOUS,CL1!,RECONSTRUCTED_FROM_DAILY,See methodology_and_sources.md,82.02,82.02,81.99,81.99,0,USD,7143.99,7143.99,7141.51,7141.51,87.1,global_reopen_pre_mcx,none,ESTIMATED_FROM_DAILY_OHLC_USING_SESSION_HEURISTICS_NOT_REAL_INTRADAY_DATA,
2026-03-09T09:30:00+0530,2026-03-09T09:30:00+0530,09-03-2026,WTI,WTI Crude Oil Futures,NYMEX/CME,60m,FRONT_MONTH_CONTINUOUS,CL1!,RECONSTRUCTED_FROM_DAILY,See methodology_and_sources.md,81.99,81.99,81.95,81.95,0,USD,7141.51,7141.51,7137.55,7137.55,87.1,mcx_open_drive,none,ESTIMATED_FROM_DAILY_OHLC_USING_SESSION_HEURISTICS_NOT_REAL_INTRADAY_DATA,
2026-03-09T10:30:00+0530,2026-03-09T10:30:00+0530,09-03-2026,WTI,WTI Crude Oil Futures,NYMEX/CME,60m,FRONT_MONTH_CONTINUOUS,CL1!,RECONSTRUCTED_FROM_DAILY,See methodology_and_sources.md,81.95,81.95,81.94,81.94,0,USD,7137.55,7137.55,7136.98,7136.98,87.1,india_morning,none,ESTIMATED_FROM_DAILY_OHLC_USING_SESSION_HEURISTICS_NOT_REAL_INTRADAY_DATA,
2026-03-09T11:30:00+0530,2026-03-09T11:30:00+0530,09-03-2026,WTI,WTI Crude Oil Futures,NYMEX/CME,60m,FRONT_MONTH_CONTINUOUS,CL1!,RECONSTRUCTED_FROM_DAILY,See methodology_and_sources.md,81.94,81.94,81.91,81.91,0,USD,7136.98,7136.98,7134.71,7134.71,87.1,india_morning,none,ESTIMATED_FROM_DAILY_OHLC_USING_SESSION_HEURISTICS_NOT_REAL_INTRADAY_DATA,
2026-03-09T12:30:00+0530,2026-03-09T12:30:00+0530,09-03-2026,WTI,WTI Crude Oil Futures,NYMEX/CME,60m,FRONT_MONTH_CONTINUOUS,CL1!,RECONSTRUCTED_FROM_DAILY,See methodology_and_sources.md,81.91,81.98,81.91,81.98,0,USD,7134.71,7140.09,7134.71,7140.09,87.1,india_midday,none,ESTIMATED_FROM_DAILY_OHLC_USING_SESSION_HEURISTICS_NOT_REAL_INTRADAY_DATA,
2026-03-09T13:30:00+0530,2026-03-09T13:30:00+0530,09-03-2026,WTI,WTI Crude Oil Futures,NYMEX/CME,60m,FRONT_MONTH_CONTINUOUS,CL1!,RECONSTRUCTED_FROM_DAILY,See methodology_and_sources.md,81.98,81.98,81.96,81.96,0,USD,7140.09,7140.09,7138.53,7138.53,87.1,india_midday,none,ESTIMATED_FROM_DAILY_OHLC_USING_SESSION_HEURISTICS_NOT_REAL_INTRADAY_DATA,
2026-03-09T14:30:00+0530,2026-03-09T14:30:00+0530,09-03-2026,WTI,WTI Crude Oil Futures,NYMEX/CME,60m,FRONT_MONTH_CONTINUOUS,CL1!,RECONSTRUCTED_FROM_DAILY,See methodology_and_sources.md,81.96,81.96,81.92,81.92,0,USD,7138.53,7138.53,7135.01,7135.01,87.1,india_midday,none,ESTIMATED_FROM_DAILY_OHLC_USING_SESSION_HEURISTICS_NOT_REAL_INTRADAY_DATA,
2026-03-09T15:30:00+0530,2026-03-09T15:30:00+0530,09-03-2026,WTI,WTI Crude Oil Futures,NYMEX/CME,60m,FRONT_MONTH_CONTINUOUS,CL1!,RECONSTRUCTED_FROM_DAILY,See methodology_and_sources.md,81.92,81.92,81.86,81.86,0,USD,7135.01,7135.01,7129.63,7129.63,87.1,europe_open,first_30m_after_europe_open,ESTIMATED_FROM_DAILY_OHLC_USING_SESSION_HEURISTICS_NOT_REAL_INTRADAY_DATA,
2026-03-09T16:30:00+0530,2026-03-09T16:30:00+0530,09-03-2026,WTI,WTI Crude Oil Futures,NYMEX/CME,60m,FRONT_MONTH_CONTINUOUS,CL1!,RECONSTRUCTED_FROM_DAILY,See methodology_and_sources.md,81.86,81.87,81.86,81.87,0,USD,7129.63,7131.27,7129.63,7131.27,87.1,europe_open,none,ESTIMATED_FROM_DAILY_OHLC_USING_SESSION_HEURISTICS_NOT_REAL_INTRADAY_DATA,
2026-03-09T17:30:00+0530,2026-03-09T17:30:00+0530,09-03-2026,WTI,WTI Crude Oil Futures,NYMEX/CME,60m,FRONT_MONTH_CONTINUOUS,CL1!,RECONSTRUCTED_FROM_DAILY,See methodology_and_sources.md,81.87,81.9,81.87,81.9,0,USD,7131.27,7133.31,7131.27,7133.31,87.1,europe_mid,none,ESTIMATED_FROM_DAILY_OHLC_USING_SESSION_HEURISTICS_NOT_REAL_INTRADAY_DATA,
2026-03-09T18:30:00+0530,2026-03-09T18:30:00+0530,09-03-2026,WTI,WTI Crude Oil Futures,NYMEX/CME,60m,FRONT_MONTH_CONTINUOUS,CL1!,RECONSTRUCTED_FROM_DAILY,See methodology_and_sources.md,81.9,81.9,81.89,81.89,0,USD,7133.31,7133.31,7132.61,7132.61,87.1,europe_mid,none,ESTIMATED_FROM_DAILY_OHLC_USING_SESSION_HEURISTICS_NOT_REAL_INTRADAY_DATA,
2026-03-09T19:30:00+0530,2026-03-09T19:30:00+0530,09-03-2026,WTI,WTI Crude Oil Futures,NYMEX/CME,60m,FRONT_MONTH_CONTINUOUS,CL1!,RECONSTRUCTED_FROM_DAILY,See methodology_and_sources.md,81.89,81.89,81.88,81.88,0,USD,7132.61,7132.61,7132.09,7132.09,87.1,europe_mid,none,ESTIMATED_FROM_DAILY_OHLC_USING_SESSION_HEURISTICS_NOT_REAL_INTRADAY_DATA,
2026-03-09T20:30:00+0530,2026-03-09T20:30:00+0530,09-03-2026,WTI,WTI Crude Oil Futures,NYMEX/CME,60m,FRONT_MONTH_CONTINUOUS,CL1!,RECONSTRUCTED_FROM_DAILY,See methodology_and_sources.md,81.88,81.89,81.88,81.89,0,USD,7132.09,7132.76,7132.09,7132.76,87.1,us_pre_open,none,ESTIMATED_FROM_DAILY_OHLC_USING_SESSION_HEURISTICS_NOT_REAL_INTRADAY_DATA,
2026-03-09T21:30:00+0530,2026-03-09T21:30:00+0530,09-03-2026,WTI,WTI Crude Oil Futures,NYMEX/CME,60m,FRONT_MONTH_CONTINUOUS,CL1!,RECONSTRUCTED_FROM_DAILY,See methodology_and_sources.md,81.89,81.89,81.88,81.88,0,USD,7132.76,7132.76,7132.1,7132.1,87.1,us_open,first_hour_after_us_open,ESTIMATED_FROM_DAILY_OHLC_USING_SESSION_HEURISTICS_NOT_REAL_INTRADAY_DATA,
2026-03-09T22:30:00+0530,2026-03-09T22:30:00+0530,09-03-2026,WTI,WTI Crude Oil Futures,NYMEX/CME,60m,FRONT_MONTH_CONTINUOUS,CL1!,RECONSTRUCTED_FROM_DAILY,See methodology_and_sources.md,81.88,81.88,81.88,81.88,0,USD,7132.1,7132.1,7131.47,7131.47,87.1,us_open,final_hour_before_mcx_close,ESTIMATED_FROM_DAILY_OHLC_USING_SESSION_HEURISTICS_NOT_REAL_INTRADAY_DATA,
2026-03-09T23:30:00+0530,2026-03-09T23:30:00+0530,09-03-2026,WTI,WTI Crude Oil Futures,NYMEX/CME,60m,FRONT_MONTH_CONTINUOUS,CL1!,RECONSTRUCTED_FROM_DAILY,See methodology_and_sources.md,81.88,88,81.88,88,0,USD,7131.47,7664.8,7131.47,7664.8,87.1,mcx_tail,none,ESTIMATED_FROM_DAILY_OHLC_USING_SESSION_HEURISTICS_NOT_REAL_INTRADAY_DATA,
2026-03-10T00:30:00+0530,2026-03-10T00:30:00+0530,09-03-2026,WTI,WTI Crude Oil Futures,NYMEX/CME,60m,FRONT_MONTH_CONTINUOUS,CL1!,RECONSTRUCTED_FROM_DAILY,See methodology_and_sources.md,88,88,88,88,0,USD,7664.8,7664.8,7664.8,7664.8,87.1,other_valid_hours,none,ESTIMATED_FROM_DAILY_OHLC_USING_SESSION_HEURISTICS_NOT_REAL_INTRADAY_DATA,
2026-03-10T03:30:00+0530,2026-03-10T03:30:00+0530,10-03-2026,WTI,WTI Crude Oil Futures,NYMEX/CME,60m,FRONT_MONTH_CONTINUOUS,CL1!,RECONSTRUCTED_FROM_DAILY,See methodology_and_sources.md,88,88.02,88,88.02,0,USD,7678,7679.62,7678,7679.62,87.25,global_reopen_pre_mcx,none,ESTIMATED_FROM_DAILY_OHLC_USING_SESSION_HEURISTICS_NOT_REAL_INTRADAY_DATA,
2026-03-10T04:30:00+0530,2026-03-10T04:30:00+0530,10-03-2026,WTI,WTI Crude Oil Futures,NYMEX/CME,60m,FRONT_MONTH_CONTINUOUS,CL1!,RECONSTRUCTED_FROM_DAILY,See methodology_and_sources.md,88.02,88.02,87.99,87.99,0,USD,7679.62,7679.62,7677.08,7677.08,87.25,global_reopen_pre_mcx,none,ESTIMATED_FROM_DAILY_OHLC_USING_SESSION_HEURISTICS_NOT_REAL_INTRADAY_DATA,
2026-03-10T05:30:00+0530,2026-03-10T05:30:00+0530,10-03-2026,WTI,WTI Crude Oil Futures,NYMEX/CME,60m,FRONT_MONTH_CONTINUOUS,CL1!,RECONSTRUCTED_FROM_DAILY,See methodology_and_sources.md,87.99,87.99,87.96,87.96,0,USD,7677.08,7677.08,7674.78,7674.78,87.25,global_reopen_pre_mcx,none,ESTIMATED_FROM_DAILY_OHLC_USING_SESSION_HEURISTICS_NOT_REAL_INTRADAY_DATA,
2026-03-10T06:30:00+0530,2026-03-10T06:30:00+0530,10-03-2026,WTI,WTI Crude Oil Futures,NYMEX/CME,60m,FRONT_MONTH_CONTINUOUS,CL1!,RECONSTRUCTED_FROM_DAILY,See methodology_and_sources.md,87.96,87.97,87.96,87.97,0,USD,7674.78,7675.14,7674.78,7675.14,87.25,global_reopen_pre_mcx,none,ESTIMATED_FROM_DAILY_OHLC_USING_SESSION_HEURISTICS_NOT_REAL_INTRADAY_DATA,
2026-03-10T07:30:00+0530,2026-03-10T07:30:00+0530,10-03-2026,WTI,WTI Crude Oil Futures,NYMEX/CME,60m,FRONT_MONTH_CONTINUOUS,CL1!,RECONSTRUCTED_FROM_DAILY,See methodology_and_sources.md,87.97,87.97,87.95,87.95,0,USD,7675.14,7675.14,7673.55,7673.55,87.25,global_reopen_pre_mcx,none,ESTIMATED_FROM_DAILY_OHLC_USING_SESSION_HEURISTICS_NOT_REAL_INTRADAY_DATA,
2026-03-10T08:30:00+0530,2026-03-10T08:30:00+0530,10-03-2026,WTI,WTI Crude Oil Futures,NYMEX/CME,60m,FRONT_MONTH_CONTINUOUS,CL1!,RECONSTRUCTED_FROM_DAILY,See methodology_and_sources.md,87.95,87.98,87.95,87.98,0,USD,7673.55,7676.33,7673.55,7676.33,87.25,global_reopen_pre_mcx,none,ESTIMATED_FROM_DAILY_OHLC_USING_SESSION_HEURISTICS_NOT_REAL_INTRADAY_DATA,
2026-03-10T09:30:00+0530,2026-03-10T09:30:00+0530,10-03-2026,WTI,WTI Crude Oil Futures,NYMEX/CME,60m,FRONT_MONTH_CONTINUOUS,CL1!,RECONSTRUCTED_FROM_DAILY,See methodology_and_sources.md,87.98,87.98,87.96,87.96,0,USD,7676.33,7676.33,7674.61,7674.61,87.25,mcx_open_drive,none,ESTIMATED_FROM_DAILY_OHLC_USING_SESSION_HEURISTICS_NOT_REAL_INTRADAY_DATA,
2026-03-10T10:30:00+0530,2026-03-10T10:30:00+0530,10-03-2026,WTI,WTI Crude Oil Futures,NYMEX/CME,60m,FRONT_MONTH_CONTINUOUS,CL1!,RECONSTRUCTED_FROM_DAILY,See methodology_and_sources.md,87.96,87.96,87.91,87.91,0,USD,7674.61,7674.61,7669.79,7669.79,87.25,india_morning,none,ESTIMATED_FROM_DAILY_OHLC_USING_SESSION_HEURISTICS_NOT_REAL_INTRADAY_DATA,
2026-03-10T11:30:00+0530,2026-03-10T11:30:00+0530,10-03-2026,WTI,WTI Crude Oil Futures,NYMEX/CME,60m,FRONT_MONTH_CONTINUOUS,CL1!,RECONSTRUCTED_FROM_DAILY,See methodology_and_sources.md,87.91,87.92,87.91,87.92,0,USD,7669.79,7670.64,7669.79,7670.64,87.25,india_morning,none,ESTIMATED_FROM_DAILY_OHLC_USING_SESSION_HEURISTICS_NOT_REAL_INTRADAY_DATA,
2026-03-10T12:30:00+0530,2026-03-10T12:30:00+0530,10-03-2026,WTI,WTI Crude Oil Futures,NYMEX/CME,60m,FRONT_MONTH_CONTINUOUS,CL1!,RECONSTRUCTED_FROM_DAILY,See methodology_and_sources.md,87.92,87.92,87.92,87.92,0,USD,7670.64,7670.66,7670.64,7670.66,87.25,india_midday,none,ESTIMATED_FROM_DAILY_OHLC_USING_SESSION_HEURISTICS_NOT_REAL_INTRADAY_DATA,
2026-03-10T13:30:00+0530,2026-03-10T13:30:00+0530,10-03-2026,WTI,WTI Crude Oil Futures,NYMEX/CME,60m,FRONT_MONTH_CONTINUOUS,CL1!,RECONSTRUCTED_FROM_DAILY,See methodology_and_sources.md,87.92,87.96,87.92,87.96,0,USD,7670.66,7674.83,7670.66,7674.83,87.25,india_midday,none,ESTIMATED_FROM_DAILY_OHLC_USING_SESSION_HEURISTICS_NOT_REAL_INTRADAY_DATA,
2026-03-10T14:30:00+0530,2026-03-10T14:30:00+0530,10-03-2026,WTI,WTI Crude Oil Futures,NYMEX/CME,60m,FRONT_MONTH_CONTINUOUS,CL1!,RECONSTRUCTED_FROM_DAILY,See methodology_and_sources.md,87.96,87.96,87.92,87.92,0,USD,7674.83,7674.83,7671.12,7671.12,87.25,india_midday,none,ESTIMATED_FROM_DAILY_OHLC_USING_SESSION_HEURISTICS_NOT_REAL_INTRADAY_DATA,
2026-03-10T15:30:00+0530,2026-03-10T15:30:00+0530,10-03-2026,WTI,WTI Crude Oil Futures,NYMEX/CME,60m,FRONT_MONTH_CONTINUOUS,CL1!,RECONSTRUCTED_FROM_DAILY,See methodology_and_sources.md,87.92,87.93,87.92,87.93,0,USD,7671.12,7671.77,7671.12,7671.77,87.25,europe_open,first_30m_after_europe_open,ESTIMATED_FROM_DAILY_OHLC_USING_SESSION_HEURISTICS_NOT_REAL_INTRADAY_DATA,
2026-03-10T16:30:00+0530,2026-03-10T16:30:00+0530,10-03-2026,WTI,WTI Crude Oil Futures,NYMEX/CME,60m,FRONT_MONTH_CONTINUOUS,CL1!,RECONSTRUCTED_FROM_DAILY,See methodology_and_sources.md,87.93,87.99,87.93,87.99,0,USD,7671.77,7676.77,7671.77,7676.77,87.25,europe_open,none,ESTIMATED_FROM_DAILY_OHLC_USING_SESSION_HEURISTICS_NOT_REAL_INTRADAY_DATA,
2026-03-10T17:30:00+0530,2026-03-10T17:30:00+0530,10-03-2026,WTI,WTI Crude Oil Futures,NYMEX/CME,60m,FRONT_MONTH_CONTINUOUS,CL1!,RECONSTRUCTED_FROM_DAILY,See methodology_and_sources.md,87.99,87.99,87.99,87.99,0,USD,7676.77,7677.26,7676.77,7677.26,87.25,europe_mid,none,ESTIMATED_FROM_DAILY_OHLC_USING_SESSION_HEURISTICS_NOT_REAL_INTRADAY_DATA,
2026-03-10T18:30:00+0530,2026-03-10T18:30:00+0530,10-03-2026,WTI,WTI Crude Oil Futures,NYMEX/CME,60m,FRONT_MONTH_CONTINUOUS,CL1!,RECONSTRUCTED_FROM_DAILY,See methodology_and_sources.md,87.99,88.11,87.99,88.11,0,USD,7677.26,7687.71,7677.26,7687.71,87.25,europe_mid,none,ESTIMATED_FROM_DAILY_OHLC_USING_SESSION_HEURISTICS_NOT_REAL_INTRADAY_DATA,
2026-03-10T19:30:00+0530,2026-03-10T19:30:00+0530,10-03-2026,WTI,WTI Crude Oil Futures,NYMEX/CME,60m,FRONT_MONTH_CONTINUOUS,CL1!,RECONSTRUCTED_FROM_DAILY,See methodology_and_sources.md,88.11,88.14,88.11,88.14,0,USD,7687.71,7690.64,7687.71,7690.64,87.25,europe_mid,none,ESTIMATED_FROM_DAILY_OHLC_USING_SESSION_HEURISTICS_NOT_REAL_INTRADAY_DATA,
2026-03-10T20:30:00+0530,2026-03-10T20:30:00+0530,10-03-2026,WTI,WTI Crude Oil Futures,NYMEX/CME,60m,FRONT_MONTH_CONTINUOUS,CL1!,RECONSTRUCTED_FROM_DAILY,See methodology_and_sources.md,88.14,88.16,88.14,88.16,0,USD,7690.64,7691.57,7690.64,7691.57,87.25,us_pre_open,none,ESTIMATED_FROM_DAILY_OHLC_USING_SESSION_HEURISTICS_NOT_REAL_INTRADAY_DATA,
2026-03-10T21:30:00+0530,2026-03-10T21:30:00+0530,10-03-2026,WTI,WTI Crude Oil Futures,NYMEX/CME,60m,FRONT_MONTH_CONTINUOUS,CL1!,RECONSTRUCTED_FROM_DAILY,See methodology_and_sources.md,88.16,88.17,88.16,88.17,0,USD,7691.57,7692.58,7691.57,7692.58,87.25,us_open,first_hour_after_us_open,ESTIMATED_FROM_DAILY_OHLC_USING_SESSION_HEURISTICS_NOT_REAL_INTRADAY_DATA,
2026-03-10T22:30:00+0530,2026-03-10T22:30:00+0530,10-03-2026,WTI,WTI Crude Oil Futures,NYMEX/CME,60m,FRONT_MONTH_CONTINUOUS,CL1!,RECONSTRUCTED_FROM_DAILY,See methodology_and_sources.md,88.17,88.17,88.13,88.13,0,USD,7692.58,7692.58,7688.91,7688.91,87.25,us_open,final_hour_before_mcx_close,ESTIMATED_FROM_DAILY_OHLC_USING_SESSION_HEURISTICS_NOT_REAL_INTRADAY_DATA,
2026-03-10T23:30:00+0530,2026-03-10T23:30:00+0530,10-03-2026,WTI,WTI Crude Oil Futures,NYMEX/CME,60m,FRONT_MONTH_CONTINUOUS,CL1!,RECONSTRUCTED_FROM_DAILY,See methodology_and_sources.md,88.13,92,88.13,92,0,USD,7688.91,8027,7688.91,8027,87.25,mcx_tail,none,ESTIMATED_FROM_DAILY_OHLC_USING_SESSION_HEURISTICS_NOT_REAL_INTRADAY_DATA,
2026-03-11T00:30:00+0530,2026-03-11T00:30:00+0530,10-03-2026,WTI,WTI Crude Oil Futures,NYMEX/CME,60m,FRONT_MONTH_CONTINUOUS,CL1!,RECONSTRUCTED_FROM_DAILY,See methodology_and_sources.md,92,92,92,92,0,USD,8027,8027,8027,8027,87.25,other_valid_hours,none,ESTIMATED_FROM_DAILY_OHLC_USING_SESSION_HEURISTICS_NOT_REAL_INTRADAY_DATA,
2026-03-11T03:30:00+0530,2026-03-11T03:30:00+0530,11-03-2026,WTI,WTI Crude Oil Futures,NYMEX/CME,60m,FRONT_MONTH_CONTINUOUS,CL1!,RECONSTRUCTED_FROM_DAILY,See methodology_and_sources.md,90,90,89.99,89.99,0,USD,7857,7857,7856.13,7856.13,87.3,global_reopen_pre_mcx,none,ESTIMATED_FROM_DAILY_OHLC_USING_SESSION_HEURISTICS_NOT_REAL_INTRADAY_DATA,
2026-03-11T04:30:00+0530,2026-03-11T04:30:00+0530,11-03-2026,WTI,WTI Crude Oil Futures,NYMEX/CME,60m,FRONT_MONTH_CONTINUOUS,CL1!,RECONSTRUCTED_FROM_DAILY,See methodology_and_sources.md,89.99,90.04,89.99,90.04,0,USD,7856.13,7860.66,7856.13,7860.66,87.3,global_reopen_pre_mcx,none,ESTIMATED_FROM_DAILY_OHLC_USING_SESSION_HEURISTICS_NOT_REAL_INTRADAY_DATA,
2026-03-11T05:30:00+0530,2026-03-11T05:30:00+0530,11-03-2026,WTI,WTI Crude Oil Futures,NYMEX/CME,60m,FRONT_MONTH_CONTINUOUS,CL1!,RECONSTRUCTED_FROM_DAILY,See methodology_and_sources.md,90.04,90.04,90.03,90.03,0,USD,7860.66,7860.66,7860.04,7860.04,87.3,global_reopen_pre_mcx,none,ESTIMATED_FROM_DAILY_OHLC_USING_SESSION_HEURISTICS_NOT_REAL_INTRADAY_DATA,
2026-03-11T06:30:00+0530,2026-03-11T06:30:00+0530,11-03-2026,WTI,WTI Crude Oil Futures,NYMEX/CME,60m,FRONT_MONTH_CONTINUOUS,CL1!,RECONSTRUCTED_FROM_DAILY,See methodology_and_sources.md,90.03,90.05,90.03,90.05,0,USD,7860.04,7861.09,7860.04,7861.09,87.3,global_reopen_pre_mcx,none,ESTIMATED_FROM_DAILY_OHLC_USING_SESSION_HEURISTICS_NOT_REAL_INTRADAY_DATA,
2026-03-11T07:30:00+0530,2026-03-11T07:30:00+0530,11-03-2026,WTI,WTI Crude Oil Futures,NYMEX/CME,60m,FRONT_MONTH_CONTINUOUS,CL1!,RECONSTRUCTED_FROM_DAILY,See methodology_and_sources.md,90.05,90.05,90.02,90.02,0,USD,7861.09,7861.09,7858.73,7858.73,87.3,global_reopen_pre_mcx,none,ESTIMATED_FROM_DAILY_OHLC_USING_SESSION_HEURISTICS_NOT_REAL_INTRADAY_DATA,
2026-03-11T08:30:00+0530,2026-03-11T08:30:00+0530,11-03-2026,WTI,WTI Crude Oil Futures,NYMEX/CME,60m,FRONT_MONTH_CONTINUOUS,CL1!,RECONSTRUCTED_FROM_DAILY,See methodology_and_sources.md,90.02,90.02,90.02,90.02,0,USD,7858.73,7859.09,7858.73,7859.09,87.3,global_reopen_pre_mcx,none,ESTIMATED_FROM_DAILY_OHLC_USING_SESSION_HEURISTICS_NOT_REAL_INTRADAY_DATA,
2026-03-11T09:30:00+0530,2026-03-11T09:30:00+0530,11-03-2026,WTI,WTI Crude Oil Futures,NYMEX/CME,60m,FRONT_MONTH_CONTINUOUS,CL1!,RECONSTRUCTED_FROM_DAILY,See methodology_and_sources.md,90.02,90.05,90.02,90.05,0,USD,7859.09,7861.48,7859.09,7861.48,87.3,mcx_open_drive,none,ESTIMATED_FROM_DAILY_OHLC_USING_SESSION_HEURISTICS_NOT_REAL_INTRADAY_DATA,
2026-03-11T10:30:00+0530,2026-03-11T10:30:00+0530,11-03-2026,WTI,WTI Crude Oil Futures,NYMEX/CME,60m,FRONT_MONTH_CONTINUOUS,CL1!,RECONSTRUCTED_FROM_DAILY,See methodology_and_sources.md,90.05,90.05,90.04,90.04,0,USD,7861.48,7861.48,7860.58,7860.58,87.3,india_morning,none,ESTIMATED_FROM_DAILY_OHLC_USING_SESSION_HEURISTICS_NOT_REAL_INTRADAY_DATA,
2026-03-11T11:30:00+0530,2026-03-11T11:30:00+0530,11-03-2026,WTI,WTI Crude Oil Futures,NYMEX/CME,60m,FRONT_MONTH_CONTINUOUS,CL1!,RECONSTRUCTED_FROM_DAILY,See methodology_and_sources.md,90.04,90.07,90.04,90.07,0,USD,7860.58,7863.29,7860.58,7863.29,87.3,india_morning,none,ESTIMATED_FROM_DAILY_OHLC_USING_SESSION_HEURISTICS_NOT_REAL_INTRADAY_DATA,
2026-03-11T12:30:00+0530,2026-03-11T12:30:00+0530,11-03-2026,WTI,WTI Crude Oil Futures,NYMEX/CME,60m,FRONT_MONTH_CONTINUOUS,CL1!,RECONSTRUCTED_FROM_DAILY,See methodology_and_sources.md,90.07,90.08,90.07,90.08,0,USD,7863.29,7864.15,7863.29,7864.15,87.3,india_midday,none,ESTIMATED_FROM_DAILY_OHLC_USING_SESSION_HEURISTICS_NOT_REAL_INTRADAY_DATA,
2026-03-11T13:30:00+0530,2026-03-11T13:30:00+0530,11-03-2026,WTI,WTI Crude Oil Futures,NYMEX/CME,60m,FRONT_MONTH_CONTINUOUS,CL1!,RECONSTRUCTED_FROM_DAILY,See methodology_and_sources.md,90.08,90.08,90.05,90.05,0,USD,7864.15,7864.15,7861.79,7861.79,87.3,india_midday,none,ESTIMATED_FROM_DAILY_OHLC_USING_SESSION_HEURISTICS_NOT_REAL_INTRADAY_DATA,
2026-03-11T14:30:00+0530,2026-03-11T14:30:00+0530,11-03-2026,WTI,WTI Crude Oil Futures,NYMEX/CME,60m,FRONT_MONTH_CONTINUOUS,CL1!,RECONSTRUCTED_FROM_DAILY,See methodology_and_sources.md,90.05,90.15,90.05,90.15,0,USD,7861.79,7869.88,7861.79,7869.88,87.3,india_midday,none,ESTIMATED_FROM_DAILY_OHLC_USING_SESSION_HEURISTICS_NOT_REAL_INTRADAY_DATA,
2026-03-11T15:30:00+0530,2026-03-11T15:30:00+0530,11-03-2026,WTI,WTI Crude Oil Futures,NYMEX/CME,60m,FRONT_MONTH_CONTINUOUS,CL1!,RECONSTRUCTED_FROM_DAILY,See methodology_and_sources.md,90.15,90.21,90.15,90.21,0,USD,7869.88,7875.51,7869.88,7875.51,87.3,europe_open,first_30m_after_europe_open,ESTIMATED_FROM_DAILY_OHLC_USING_SESSION_HEURISTICS_NOT_REAL_INTRADAY_DATA,
2026-03-11T16:30:00+0530,2026-03-11T16:30:00+0530,11-03-2026,WTI,WTI Crude Oil Futures,NYMEX/CME,60m,FRONT_MONTH_CONTINUOUS,CL1!,RECONSTRUCTED_FROM_DAILY,See methodology_and_sources.md,90.21,90.29,90.21,90.29,0,USD,7875.51,7882.02,7875.51,7882.02,87.3,europe_open,none,ESTIMATED_FROM_DAILY_OHLC_USING_SESSION_HEURISTICS_NOT_REAL_INTRADAY_DATA,
2026-03-11T17:30:00+0530,2026-03-11T17:30:00+0530,11-03-2026,WTI,WTI Crude Oil Futures,NYMEX/CME,60m,FRONT_MONTH_CONTINUOUS,CL1!,RECONSTRUCTED_FROM_DAILY,See methodology_and_sources.md,90.29,90.29,90.26,90.26,0,USD,7882.02,7882.02,7879.32,7879.32,87.3,europe_mid,none,ESTIMATED_FROM_DAILY_OHLC_USING_SESSION_HEURISTICS_NOT_REAL_INTRADAY_DATA,
2026-03-11T18:30:00+0530,2026-03-11T18:30:00+0530,11-03-2026,WTI,WTI Crude Oil Futures,NYMEX/CME,60m,FRONT_MONTH_CONTINUOUS,CL1!,RECONSTRUCTED_FROM_DAILY,See methodology_and_sources.md,90.26,90.26,90.24,90.24,0,USD,7879.32,7879.32,7878.18,7878.18,87.3,europe_mid,none,ESTIMATED_FROM_DAILY_OHLC_USING_SESSION_HEURISTICS_NOT_REAL_INTRADAY_DATA,
2026-03-11T19:30:00+0530,2026-03-11T19:30:00+0530,11-03-2026,WTI,WTI Crude Oil Futures,NYMEX/CME,60m,FRONT_MONTH_CONTINUOUS,CL1!,RECONSTRUCTED_FROM_DAILY,See methodology_and_sources.md,90.24,90.24,90.23,90.23,0,USD,7878.18,7878.18,7877.01,7877.01,87.3,europe_mid,none,ESTIMATED_FROM_DAILY_OHLC_USING_SESSION_HEURISTICS_NOT_REAL_INTRADAY_DATA,
2026-03-11T20:30:00+0530,2026-03-11T20:30:00+0530,11-03-2026,WTI,WTI Crude Oil Futures,NYMEX/CME,60m,FRONT_MONTH_CONTINUOUS,CL1!,RECONSTRUCTED_FROM_DAILY,See methodology_and_sources.md,90.23,90.23,90.22,90.22,0,USD,7877.01,7877.01,7876,7876,87.3,us_pre_open,none,ESTIMATED_FROM_DAILY_OHLC_USING_SESSION_HEURISTICS_NOT_REAL_INTRADAY_DATA,
2026-03-11T21:30:00+0530,2026-03-11T21:30:00+0530,11-03-2026,WTI,WTI Crude Oil Futures,NYMEX/CME,60m,FRONT_MONTH_CONTINUOUS,CL1!,RECONSTRUCTED_FROM_DAILY,See methodology_and_sources.md,90.22,90.22,90.22,90.22,0,USD,7876,7876,7875.95,7875.95,87.3,us_open,first_hour_after_us_open,ESTIMATED_FROM_DAILY_OHLC_USING_SESSION_HEURISTICS_NOT_REAL_INTRADAY_DATA,
2026-03-11T22:30:00+0530,2026-03-11T22:30:00+0530,11-03-2026,WTI,WTI Crude Oil Futures,NYMEX/CME,60m,FRONT_MONTH_CONTINUOUS,CL1!,RECONSTRUCTED_FROM_DAILY,See methodology_and_sources.md,90.22,90.22,90.22,90.22,0,USD,7875.95,7876.01,7875.95,7876.01,87.3,us_open,final_hour_before_mcx_close,ESTIMATED_FROM_DAILY_OHLC_USING_SESSION_HEURISTICS_NOT_REAL_INTRADAY_DATA,
2026-03-11T23:30:00+0530,2026-03-11T23:30:00+0530,11-03-2026,WTI,WTI Crude Oil Futures,NYMEX/CME,60m,FRONT_MONTH_CONTINUOUS,CL1!,RECONSTRUCTED_FROM_DAILY,See methodology_and_sources.md,90.22,90.22,89.5,89.5,0,USD,7876.01,7876.01,7813.35,7813.35,87.3,mcx_tail,none,ESTIMATED_FROM_DAILY_OHLC_USING_SESSION_HEURISTICS_NOT_REAL_INTRADAY_DATA,
2026-03-12T00:30:00+0530,2026-03-12T00:30:00+0530,11-03-2026,WTI,WTI Crude Oil Futures,NYMEX/CME,60m,FRONT_MONTH_CONTINUOUS,CL1!,RECONSTRUCTED_FROM_DAILY,See methodology_and_sources.md,89.5,89.5,89.5,89.5,0,USD,7813.35,7813.35,7813.35,7813.35,87.3,other_valid_hours,none,ESTIMATED_FROM_DAILY_OHLC_USING_SESSION_HEURISTICS_NOT_REAL_INTRADAY_DATA,
2026-03-12T03:30:00+0530,2026-03-12T03:30:00+0530,12-03-2026,WTI,WTI Crude Oil Futures,NYMEX/CME,60m,FRONT_MONTH_CONTINUOUS,CL1!,RECONSTRUCTED_FROM_DAILY,See methodology_and_sources.md,90,90.01,90,90.01,0,USD,7861.5,7861.97,7861.5,7861.97,87.35,global_reopen_pre_mcx,none,ESTIMATED_FROM_DAILY_OHLC_USING_SESSION_HEURISTICS_NOT_REAL_INTRADAY_DATA,
2026-03-12T04:30:00+0530,2026-03-12T04:30:00+0530,12-03-2026,WTI,WTI Crude Oil Futures,NYMEX/CME,60m,FRONT_MONTH_CONTINUOUS,CL1!,RECONSTRUCTED_FROM_DAILY,See methodology_and_sources.md,90.01,90.04,90.01,90.04,0,USD,7861.97,7864.7,7861.97,7864.7,87.35,global_reopen_pre_mcx,none,ESTIMATED_FROM_DAILY_OHLC_USING_SESSION_HEURISTICS_NOT_REAL_INTRADAY_DATA,
2026-03-12T05:30:00+0530,2026-03-12T05:30:00+0530,12-03-2026,WTI,WTI Crude Oil Futures,NYMEX/CME,60m,FRONT_MONTH_CONTINUOUS,CL1!,RECONSTRUCTED_FROM_DAILY,See methodology_and_sources.md,90.04,90.04,90.03,90.03,0,USD,7864.7,7864.7,7864.26,7864.26,87.35,global_reopen_pre_mcx,none,ESTIMATED_FROM_DAILY_OHLC_USING_SESSION_HEURISTICS_NOT_REAL_INTRADAY_DATA,
2026-03-12T06:30:00+0530,2026-03-12T06:30:00+0530,12-03-2026,WTI,WTI Crude Oil Futures,NYMEX/CME,60m,FRONT_MONTH_CONTINUOUS,CL1!,RECONSTRUCTED_FROM_DAILY,See methodology_and_sources.md,90.03,90.04,90.03,90.04,0,USD,7864.26,7864.62,7864.26,7864.62,87.35,global_reopen_pre_mcx,none,ESTIMATED_FROM_DAILY_OHLC_USING_SESSION_HEURISTICS_NOT_REAL_INTRADAY_DATA,
2026-03-12T07:30:00+0530,2026-03-12T07:30:00+0530,12-03-2026,WTI,WTI Crude Oil Futures,NYMEX/CME,60m,FRONT_MONTH_CONTINUOUS,CL1!,RECONSTRUCTED_FROM_DAILY,See methodology_and_sources.md,90.04,90.05,90.04,90.05,0,USD,7864.62,7866.26,7864.62,7866.26,87.35,global_reopen_pre_mcx,none,ESTIMATED_FROM_DAILY_OHLC_USING_SESSION_HEURISTICS_NOT_REAL_INTRADAY_DATA,
2026-03-12T08:30:00+0530,2026-03-12T08:30:00+0530,12-03-2026,WTI,WTI Crude Oil Futures,NYMEX/CME,60m,FRONT_MONTH_CONTINUOUS,CL1!,RECONSTRUCTED_FROM_DAILY,See methodology_and_sources.md,90.05,90.05,90.03,90.03,0,USD,7866.26,7866.26,7864.26,7864.26,87.35,global_reopen_pre_mcx,none,ESTIMATED_FROM_DAILY_OHLC_USING_SESSION_HEURISTICS_NOT_REAL_INTRADAY_DATA,
2026-03-12T09:30:00+0530,2026-03-12T09:30:00+0530,12-03-2026,WTI,WTI Crude Oil Futures,NYMEX/CME,60m,FRONT_MONTH_CONTINUOUS,CL1!,RECONSTRUCTED_FROM_DAILY,See methodology_and_sources.md,90.03,90.07,90.03,90.07,0,USD,7864.26,7867.59,7864.26,7867.59,87.35,mcx_open_drive,none,ESTIMATED_FROM_DAILY_OHLC_USING_SESSION_HEURISTICS_NOT_REAL_INTRADAY_DATA,
2026-03-12T10:30:00+0530,2026-03-12T10:30:00+0530,12-03-2026,WTI,WTI Crude Oil Futures,NYMEX/CME,60m,FRONT_MONTH_CONTINUOUS,CL1!,RECONSTRUCTED_FROM_DAILY,See methodology_and_sources.md,90.07,90.07,90.06,90.06,0,USD,7867.59,7867.59,7867,7867,87.35,india_morning,none,ESTIMATED_FROM_DAILY_OHLC_USING_SESSION_HEURISTICS_NOT_REAL_INTRADAY_DATA,
2026-03-12T11:30:00+0530,2026-03-12T11:30:00+0530,12-03-2026,WTI,WTI Crude Oil Futures,NYMEX/CME,60m,FRONT_MONTH_CONTINUOUS,CL1!,RECONSTRUCTED_FROM_DAILY,See methodology_and_sources.md,90.06,90.08,90.06,90.08,0,USD,7867,7868.26,7867,7868.26,87.35,india_morning,none,ESTIMATED_FROM_DAILY_OHLC_USING_SESSION_HEURISTICS_NOT_REAL_INTRADAY_DATA,
2026-03-12T12:30:00+0530,2026-03-12T12:30:00+0530,12-03-2026,WTI,WTI Crude Oil Futures,NYMEX/CME,60m,FRONT_MONTH_CONTINUOUS,CL1!,RECONSTRUCTED_FROM_DAILY,See methodology_and_sources.md,90.08,90.08,90.05,90.05,0,USD,7868.26,7868.26,7866.06,7866.06,87.35,india_midday,none,ESTIMATED_FROM_DAILY_OHLC_USING_SESSION_HEURISTICS_NOT_REAL_INTRADAY_DATA,
2026-03-12T13:30:00+0530,2026-03-12T13:30:00+0530,12-03-2026,WTI,WTI Crude Oil Futures,NYMEX/CME,60m,FRONT_MONTH_CONTINUOUS,CL1!,RECONSTRUCTED_FROM_DAILY,See methodology_and_sources.md,90.05,90.05,90.02,90.02,0,USD,7866.06,7866.06,7863.59,7863.59,87.35,india_midday,none,ESTIMATED_FROM_DAILY_OHLC_USING_SESSION_HEURISTICS_NOT_REAL_INTRADAY_DATA,
2026-03-12T14:30:00+0530,2026-03-12T14:30:00+0530,12-03-2026,WTI,WTI Crude Oil Futures,NYMEX/CME,60m,FRONT_MONTH_CONTINUOUS,CL1!,RECONSTRUCTED_FROM_DAILY,See methodology_and_sources.md,90.02,90.02,89.98,89.98,0,USD,7863.59,7863.59,7859.53,7859.53,87.35,india_midday,none,ESTIMATED_FROM_DAILY_OHLC_USING_SESSION_HEURISTICS_NOT_REAL_INTRADAY_DATA,
2026-03-12T15:30:00+0530,2026-03-12T15:30:00+0530,12-03-2026,WTI,WTI Crude Oil Futures,NYMEX/CME,60m,FRONT_MONTH_CONTINUOUS,CL1!,RECONSTRUCTED_FROM_DAILY,See methodology_and_sources.md,89.98,90.02,89.98,90.02,0,USD,7859.53,7862.95,7859.53,7862.95,87.35,europe_open,first_30m_after_europe_open,ESTIMATED_FROM_DAILY_OHLC_USING_SESSION_HEURISTICS_NOT_REAL_INTRADAY_DATA,
2026-03-12T16:30:00+0530,2026-03-12T16:30:00+0530,12-03-2026,WTI,WTI Crude Oil Futures,NYMEX/CME,60m,FRONT_MONTH_CONTINUOUS,CL1!,RECONSTRUCTED_FROM_DAILY,See methodology_and_sources.md,90.02,90.07,90.02,90.07,0,USD,7862.95,7867.24,7862.95,7867.24,87.35,europe_open,none,ESTIMATED_FROM_DAILY_OHLC_USING_SESSION_HEURISTICS_NOT_REAL_INTRADAY_DATA,
2026-03-12T17:30:00+0530,2026-03-12T17:30:00+0530,12-03-2026,WTI,WTI Crude Oil Futures,NYMEX/CME,60m,FRONT_MONTH_CONTINUOUS,CL1!,RECONSTRUCTED_FROM_DAILY,See methodology_and_sources.md,90.07,90.07,90.07,90.07,0,USD,7867.24,7867.92,7867.24,7867.92,87.35,europe_mid,none,ESTIMATED_FROM_DAILY_OHLC_USING_SESSION_HEURISTICS_NOT_REAL_INTRADAY_DATA,
2026-03-12T18:30:00+0530,2026-03-12T18:30:00+0530,12-03-2026,WTI,WTI Crude Oil Futures,NYMEX/CME,60m,FRONT_MONTH_CONTINUOUS,CL1!,RECONSTRUCTED_FROM_DAILY,See methodology_and_sources.md,90.07,90.07,90.01,90.01,0,USD,7867.92,7867.92,7862.24,7862.24,87.35,europe_mid,none,ESTIMATED_FROM_DAILY_OHLC_USING_SESSION_HEURISTICS_NOT_REAL_INTRADAY_DATA,
2026-03-12T19:30:00+0530,2026-03-12T19:30:00+0530,12-03-2026,WTI,WTI Crude Oil Futures,NYMEX/CME,60m,FRONT_MONTH_CONTINUOUS,CL1!,RECONSTRUCTED_FROM_DAILY,See methodology_and_sources.md,90.01,90.04,90.01,90.04,0,USD,7862.24,7865.42,7862.24,7865.42,87.35,europe_mid,none,ESTIMATED_FROM_DAILY_OHLC_USING_SESSION_HEURISTICS_NOT_REAL_INTRADAY_DATA,
2026-03-12T20:30:00+0530,2026-03-12T20:30:00+0530,12-03-2026,WTI,WTI Crude Oil Futures,NYMEX/CME,60m,FRONT_MONTH_CONTINUOUS,CL1!,RECONSTRUCTED_FROM_DAILY,See methodology_and_sources.md,90.04,90.07,90.04,90.07,0,USD,7865.42,7867.83,7865.42,7867.83,87.35,us_pre_open,none,ESTIMATED_FROM_DAILY_OHLC_USING_SESSION_HEURISTICS_NOT_REAL_INTRADAY_DATA,
2026-03-12T21:30:00+0530,2026-03-12T21:30:00+0530,12-03-2026,WTI,WTI Crude Oil Futures,NYMEX/CME,60m,FRONT_MONTH_CONTINUOUS,CL1!,RECONSTRUCTED_FROM_DAILY,See methodology_and_sources.md,90.07,90.07,90.05,90.05,0,USD,7867.83,7867.83,7865.7,7865.7,87.35,us_open,first_hour_after_us_open,ESTIMATED_FROM_DAILY_OHLC_USING_SESSION_HEURISTICS_NOT_REAL_INTRADAY_DATA,
2026-03-12T22:30:00+0530,2026-03-12T22:30:00+0530,12-03-2026,WTI,WTI Crude Oil Futures,NYMEX/CME,60m,FRONT_MONTH_CONTINUOUS,CL1!,RECONSTRUCTED_FROM_DAILY,See methodology_and_sources.md,90.05,90.11,90.05,90.11,0,USD,7865.7,7870.86,7865.7,7870.86,87.35,us_open,final_hour_before_mcx_close,ESTIMATED_FROM_DAILY_OHLC_USING_SESSION_HEURISTICS_NOT_REAL_INTRADAY_DATA,
2026-03-12T23:30:00+0530,2026-03-12T23:30:00+0530,12-03-2026,WTI,WTI Crude Oil Futures,NYMEX/CME,60m,FRONT_MONTH_CONTINUOUS,CL1!,RECONSTRUCTED_FROM_DAILY,See methodology_and_sources.md,90.11,93,90.11,93,0,USD,7870.86,8123.55,7870.86,8123.55,87.35,mcx_tail,none,ESTIMATED_FROM_DAILY_OHLC_USING_SESSION_HEURISTICS_NOT_REAL_INTRADAY_DATA,
2026-03-13T00:30:00+0530,2026-03-13T00:30:00+0530,12-03-2026,WTI,WTI Crude Oil Futures,NYMEX/CME,60m,FRONT_MONTH_CONTINUOUS,CL1!,RECONSTRUCTED_FROM_DAILY,See methodology_and_sources.md,93,93,93,93,0,USD,8123.55,8123.55,8123.55,8123.55,87.35,other_valid_hours,none,ESTIMATED_FROM_DAILY_OHLC_USING_SESSION_HEURISTICS_NOT_REAL_INTRADAY_DATA,
2026-03-13T03:30:00+0530,2026-03-13T03:30:00+0530,13-03-2026,WTI,WTI Crude Oil Futures,NYMEX/CME,60m,FRONT_MONTH_CONTINUOUS,CL1!,RECONSTRUCTED_FROM_DAILY,See methodology_and_sources.md,93,93,92.91,92.91,0,USD,8128.2,8128.2,8120.35,8120.35,87.4,global_reopen_pre_mcx,none,ESTIMATED_FROM_DAILY_OHLC_USING_SESSION_HEURISTICS_NOT_REAL_INTRADAY_DATA,
2026-03-13T04:30:00+0530,2026-03-13T04:30:00+0530,13-03-2026,WTI,WTI Crude Oil Futures,NYMEX/CME,60m,FRONT_MONTH_CONTINUOUS,CL1!,RECONSTRUCTED_FROM_DAILY,See methodology_and_sources.md,92.91,92.94,92.91,92.94,0,USD,8120.35,8122.77,8120.35,8122.77,87.4,global_reopen_pre_mcx,none,ESTIMATED_FROM_DAILY_OHLC_USING_SESSION_HEURISTICS_NOT_REAL_INTRADAY_DATA,
2026-03-13T05:30:00+0530,2026-03-13T05:30:00+0530,13-03-2026,WTI,WTI Crude Oil Futures,NYMEX/CME,60m,FRONT_MONTH_CONTINUOUS,CL1!,RECONSTRUCTED_FROM_DAILY,See methodology_and_sources.md,92.94,92.98,92.94,92.98,0,USD,8122.77,8126.55,8122.77,8126.55,87.4,global_reopen_pre_mcx,none,ESTIMATED_FROM_DAILY_OHLC_USING_SESSION_HEURISTICS_NOT_REAL_INTRADAY_DATA,
2026-03-13T06:30:00+0530,2026-03-13T06:30:00+0530,13-03-2026,WTI,WTI Crude Oil Futures,NYMEX/CME,60m,FRONT_MONTH_CONTINUOUS,CL1!,RECONSTRUCTED_FROM_DAILY,See methodology_and_sources.md,92.98,93,92.98,93,0,USD,8126.55,8128.46,8126.55,8128.46,87.4,global_reopen_pre_mcx,none,ESTIMATED_FROM_DAILY_OHLC_USING_SESSION_HEURISTICS_NOT_REAL_INTRADAY_DATA,
2026-03-13T07:30:00+0530,2026-03-13T07:30:00+0530,13-03-2026,WTI,WTI Crude Oil Futures,NYMEX/CME,60m,FRONT_MONTH_CONTINUOUS,CL1!,RECONSTRUCTED_FROM_DAILY,See methodology_and_sources.md,93,93,92.99,92.99,0,USD,8128.46,8128.46,8127.04,8127.04,87.4,global_reopen_pre_mcx,none,ESTIMATED_FROM_DAILY_OHLC_USING_SESSION_HEURISTICS_NOT_REAL_INTRADAY_DATA,
2026-03-13T08:30:00+0530,2026-03-13T08:30:00+0530,13-03-2026,WTI,WTI Crude Oil Futures,NYMEX/CME,60m,FRONT_MONTH_CONTINUOUS,CL1!,RECONSTRUCTED_FROM_DAILY,See methodology_and_sources.md,92.99,92.99,92.98,92.98,0,USD,8127.04,8127.04,8126.14,8126.14,87.4,global_reopen_pre_mcx,none,ESTIMATED_FROM_DAILY_OHLC_USING_SESSION_HEURISTICS_NOT_REAL_INTRADAY_DATA,
2026-03-13T09:30:00+0530,2026-03-13T09:30:00+0530,13-03-2026,WTI,WTI Crude Oil Futures,NYMEX/CME,60m,FRONT_MONTH_CONTINUOUS,CL1!,RECONSTRUCTED_FROM_DAILY,See methodology_and_sources.md,92.98,92.98,92.94,92.94,0,USD,8126.14,8126.14,8122.73,8122.73,87.4,mcx_open_drive,none,ESTIMATED_FROM_DAILY_OHLC_USING_SESSION_HEURISTICS_NOT_REAL_INTRADAY_DATA,
2026-03-13T10:30:00+0530,2026-03-13T10:30:00+0530,13-03-2026,WTI,WTI Crude Oil Futures,NYMEX/CME,60m,FRONT_MONTH_CONTINUOUS,CL1!,RECONSTRUCTED_FROM_DAILY,See methodology_and_sources.md,92.94,92.94,92.94,92.94,0,USD,8122.73,8122.94,8122.73,8122.94,87.4,india_morning,none,ESTIMATED_FROM_DAILY_OHLC_USING_SESSION_HEURISTICS_NOT_REAL_INTRADAY_DATA,
2026-03-13T11:30:00+0530,2026-03-13T11:30:00+0530,13-03-2026,WTI,WTI Crude Oil Futures,NYMEX/CME,60m,FRONT_MONTH_CONTINUOUS,CL1!,RECONSTRUCTED_FROM_DAILY,See methodology_and_sources.md,92.94,92.94,92.93,92.93,0,USD,8122.94,8122.94,8121.71,8121.71,87.4,india_morning,none,ESTIMATED_FROM_DAILY_OHLC_USING_SESSION_HEURISTICS_NOT_REAL_INTRADAY_DATA,
2026-03-13T12:30:00+0530,2026-03-13T12:30:00+0530,13-03-2026,WTI,WTI Crude Oil Futures,NYMEX/CME,60m,FRONT_MONTH_CONTINUOUS,CL1!,RECONSTRUCTED_FROM_DAILY,See methodology_and_sources.md,92.93,92.93,92.91,92.91,0,USD,8121.71,8121.71,8120.45,8120.45,87.4,india_midday,none,ESTIMATED_FROM_DAILY_OHLC_USING_SESSION_HEURISTICS_NOT_REAL_INTRADAY_DATA,
2026-03-13T13:30:00+0530,2026-03-13T13:30:00+0530,13-03-2026,WTI,WTI Crude Oil Futures,NYMEX/CME,60m,FRONT_MONTH_CONTINUOUS,CL1!,RECONSTRUCTED_FROM_DAILY,See methodology_and_sources.md,92.91,92.91,92.91,92.91,0,USD,8120.45,8120.45,8119.98,8119.98,87.4,india_midday,none,ESTIMATED_FROM_DAILY_OHLC_USING_SESSION_HEURISTICS_NOT_REAL_INTRADAY_DATA,
2026-03-13T14:30:00+0530,2026-03-13T14:30:00+0530,13-03-2026,WTI,WTI Crude Oil Futures,NYMEX/CME,60m,FRONT_MONTH_CONTINUOUS,CL1!,RECONSTRUCTED_FROM_DAILY,See methodology_and_sources.md,92.91,92.94,92.91,92.94,0,USD,8119.98,8123.24,8119.98,8123.24,87.4,india_midday,none,ESTIMATED_FROM_DAILY_OHLC_USING_SESSION_HEURISTICS_NOT_REAL_INTRADAY_DATA,
2026-03-13T15:30:00+0530,2026-03-13T15:30:00+0530,13-03-2026,WTI,WTI Crude Oil Futures,NYMEX/CME,60m,FRONT_MONTH_CONTINUOUS,CL1!,RECONSTRUCTED_FROM_DAILY,See methodology_and_sources.md,92.94,93.01,92.94,93.01,0,USD,8123.24,8129.09,8123.24,8129.09,87.4,europe_open,first_30m_after_europe_open,ESTIMATED_FROM_DAILY_OHLC_USING_SESSION_HEURISTICS_NOT_REAL_INTRADAY_DATA,
2026-03-13T16:30:00+0530,2026-03-13T16:30:00+0530,13-03-2026,WTI,WTI Crude Oil Futures,NYMEX/CME,60m,FRONT_MONTH_CONTINUOUS,CL1!,RECONSTRUCTED_FROM_DAILY,See methodology_and_sources.md,93.01,93.01,92.99,92.99,0,USD,8129.09,8129.09,8127.7,8127.7,87.4,europe_open,none,ESTIMATED_FROM_DAILY_OHLC_USING_SESSION_HEURISTICS_NOT_REAL_INTRADAY_DATA,
2026-03-13T17:30:00+0530,2026-03-13T17:30:00+0530,13-03-2026,WTI,WTI Crude Oil Futures,NYMEX/CME,60m,FRONT_MONTH_CONTINUOUS,CL1!,RECONSTRUCTED_FROM_DAILY,See methodology_and_sources.md,92.99,93.02,92.99,93.02,0,USD,8127.7,8129.81,8127.7,8129.81,87.4,europe_mid,none,ESTIMATED_FROM_DAILY_OHLC_USING_SESSION_HEURISTICS_NOT_REAL_INTRADAY_DATA,
2026-03-13T18:30:00+0530,2026-03-13T18:30:00+0530,13-03-2026,WTI,WTI Crude Oil Futures,NYMEX/CME,60m,FRONT_MONTH_CONTINUOUS,CL1!,RECONSTRUCTED_FROM_DAILY,See methodology_and_sources.md,93.02,93.03,93.02,93.03,0,USD,8129.81,8130.56,8129.81,8130.56,87.4,europe_mid,none,ESTIMATED_FROM_DAILY_OHLC_USING_SESSION_HEURISTICS_NOT_REAL_INTRADAY_DATA,
2026-03-13T19:30:00+0530,2026-03-13T19:30:00+0530,13-03-2026,WTI,WTI Crude Oil Futures,NYMEX/CME,60m,FRONT_MONTH_CONTINUOUS,CL1!,RECONSTRUCTED_FROM_DAILY,See methodology_and_sources.md,93.03,93.03,93.02,93.02,0,USD,8130.56,8130.56,8130.24,8130.24,87.4,europe_mid,none,ESTIMATED_FROM_DAILY_OHLC_USING_SESSION_HEURISTICS_NOT_REAL_INTRADAY_DATA,
2026-03-13T20:30:00+0530,2026-03-13T20:30:00+0530,13-03-2026,WTI,WTI Crude Oil Futures,NYMEX/CME,60m,FRONT_MONTH_CONTINUOUS,CL1!,RECONSTRUCTED_FROM_DAILY,See methodology_and_sources.md,93.02,93.02,92.98,92.98,0,USD,8130.24,8130.24,8126.28,8126.28,87.4,us_pre_open,none,ESTIMATED_FROM_DAILY_OHLC_USING_SESSION_HEURISTICS_NOT_REAL_INTRADAY_DATA,
2026-03-13T21:30:00+0530,2026-03-13T21:30:00+0530,13-03-2026,WTI,WTI Crude Oil Futures,NYMEX/CME,60m,FRONT_MONTH_CONTINUOUS,CL1!,RECONSTRUCTED_FROM_DAILY,See methodology_and_sources.md,92.98,92.98,92.97,92.97,0,USD,8126.28,8126.28,8125.42,8125.42,87.4,us_open,first_hour_after_us_open,ESTIMATED_FROM_DAILY_OHLC_USING_SESSION_HEURISTICS_NOT_REAL_INTRADAY_DATA,
2026-03-13T22:30:00+0530,2026-03-13T22:30:00+0530,13-03-2026,WTI,WTI Crude Oil Futures,NYMEX/CME,60m,FRONT_MONTH_CONTINUOUS,CL1!,RECONSTRUCTED_FROM_DAILY,See methodology_and_sources.md,92.97,92.99,92.97,92.99,0,USD,8125.42,8127.38,8125.42,8127.38,87.4,us_open,final_hour_before_mcx_close,ESTIMATED_FROM_DAILY_OHLC_USING_SESSION_HEURISTICS_NOT_REAL_INTRADAY_DATA,
2026-03-13T23:30:00+0530,2026-03-13T23:30:00+0530,13-03-2026,WTI,WTI Crude Oil Futures,NYMEX/CME,60m,FRONT_MONTH_CONTINUOUS,CL1!,RECONSTRUCTED_FROM_DAILY,See methodology_and_sources.md,92.99,92.99,91.5,91.5,0,USD,8127.38,8127.38,7997.1,7997.1,87.4,mcx_tail,none,ESTIMATED_FROM_DAILY_OHLC_USING_SESSION_HEURISTICS_NOT_REAL_INTRADAY_DATA,
2026-03-14T00:30:00+0530,2026-03-14T00:30:00+0530,13-03-2026,WTI,WTI Crude Oil Futures,NYMEX/CME,60m,FRONT_MONTH_CONTINUOUS,CL1!,RECONSTRUCTED_FROM_DAILY,See methodology_and_sources.md,91.5,91.5,91.5,91.5,0,USD,7997.1,7997.1,7997.1,7997.1,87.4,other_valid_hours,none,ESTIMATED_FROM_DAILY_OHLC_USING_SESSION_HEURISTICS_NOT_REAL_INTRADAY_DATA,
2026-03-16T03:30:00+0530,2026-03-16T03:30:00+0530,16-03-2026,WTI,WTI Crude Oil Futures,NYMEX/CME,60m,FRONT_MONTH_CONTINUOUS,CL1!,RECONSTRUCTED_FROM_DAILY,See methodology_and_sources.md,92,92,92,92,0,USD,8050,8050,8050,8050,87.5,global_reopen_pre_mcx,none,ESTIMATED_FROM_DAILY_OHLC_USING_SESSION_HEURISTICS_NOT_REAL_INTRADAY_DATA,
2026-03-16T04:30:00+0530,2026-03-16T04:30:00+0530,16-03-2026,WTI,WTI Crude Oil Futures,NYMEX/CME,60m,FRONT_MONTH_CONTINUOUS,CL1!,RECONSTRUCTED_FROM_DAILY,See methodology_and_sources.md,92,92,92,92,0,USD,8050,8050.04,8050,8050.04,87.5,global_reopen_pre_mcx,none,ESTIMATED_FROM_DAILY_OHLC_USING_SESSION_HEURISTICS_NOT_REAL_INTRADAY_DATA,
2026-03-16T05:30:00+0530,2026-03-16T05:30:00+0530,16-03-2026,WTI,WTI Crude Oil Futures,NYMEX/CME,60m,FRONT_MONTH_CONTINUOUS,CL1!,RECONSTRUCTED_FROM_DAILY,See methodology_and_sources.md,92,92,92,92,0,USD,8050.04,8050.04,8050,8050,87.5,global_reopen_pre_mcx,none,ESTIMATED_FROM_DAILY_OHLC_USING_SESSION_HEURISTICS_NOT_REAL_INTRADAY_DATA,
2026-03-16T06:30:00+0530,2026-03-16T06:30:00+0530,16-03-2026,WTI,WTI Crude Oil Futures,NYMEX/CME,60m,FRONT_MONTH_CONTINUOUS,CL1!,RECONSTRUCTED_FROM_DAILY,See methodology_and_sources.md,92,92,92,92,0,USD,8050,8050,8050,8050,87.5,global_reopen_pre_mcx,none,ESTIMATED_FROM_DAILY_OHLC_USING_SESSION_HEURISTICS_NOT_REAL_INTRADAY_DATA,
2026-03-16T07:30:00+0530,2026-03-16T07:30:00+0530,16-03-2026,WTI,WTI Crude Oil Futures,NYMEX/CME,60m,FRONT_MONTH_CONTINUOUS,CL1!,RECONSTRUCTED_FROM_DAILY,See methodology_and_sources.md,92,92.04,92,92.04,0,USD,8050,8053.65,8050,8053.65,87.5,global_reopen_pre_mcx,none,ESTIMATED_FROM_DAILY_OHLC_USING_SESSION_HEURISTICS_NOT_REAL_INTRADAY_DATA,
2026-03-16T08:30:00+0530,2026-03-16T08:30:00+0530,16-03-2026,WTI,WTI Crude Oil Futures,NYMEX/CME,60m,FRONT_MONTH_CONTINUOUS,CL1!,RECONSTRUCTED_FROM_DAILY,See methodology_and_sources.md,92.04,92.05,92.04,92.05,0,USD,8053.65,8054.76,8053.65,8054.76,87.5,global_reopen_pre_mcx,none,ESTIMATED_FROM_DAILY_OHLC_USING_SESSION_HEURISTICS_NOT_REAL_INTRADAY_DATA,
2026-03-16T09:30:00+0530,2026-03-16T09:30:00+0530,16-03-2026,WTI,WTI Crude Oil Futures,NYMEX/CME,60m,FRONT_MONTH_CONTINUOUS,CL1!,RECONSTRUCTED_FROM_DAILY,See methodology_and_sources.md,92.05,92.09,92.05,92.09,0,USD,8054.76,8057.8,8054.76,8057.8,87.5,mcx_open_drive,none,ESTIMATED_FROM_DAILY_OHLC_USING_SESSION_HEURISTICS_NOT_REAL_INTRADAY_DATA,
2026-03-16T10:30:00+0530,2026-03-16T10:30:00+0530,16-03-2026,WTI,WTI Crude Oil Futures,NYMEX/CME,60m,FRONT_MONTH_CONTINUOUS,CL1!,RECONSTRUCTED_FROM_DAILY,See methodology_and_sources.md,92.09,92.09,92.08,92.08,0,USD,8057.8,8057.8,8056.89,8056.89,87.5,india_morning,none,ESTIMATED_FROM_DAILY_OHLC_USING_SESSION_HEURISTICS_NOT_REAL_INTRADAY_DATA,
2026-03-16T11:30:00+0530,2026-03-16T11:30:00+0530,16-03-2026,WTI,WTI Crude Oil Futures,NYMEX/CME,60m,FRONT_MONTH_CONTINUOUS,CL1!,RECONSTRUCTED_FROM_DAILY,See methodology_and_sources.md,92.08,92.13,92.08,92.13,0,USD,8056.89,8061.47,8056.89,8061.47,87.5,india_morning,none,ESTIMATED_FROM_DAILY_OHLC_USING_SESSION_HEURISTICS_NOT_REAL_INTRADAY_DATA,
2026-03-16T12:30:00+0530,2026-03-16T12:30:00+0530,16-03-2026,WTI,WTI Crude Oil Futures,NYMEX/CME,60m,FRONT_MONTH_CONTINUOUS,CL1!,RECONSTRUCTED_FROM_DAILY,See methodology_and_sources.md,92.13,92.14,92.13,92.14,0,USD,8061.47,8061.9,8061.47,8061.9,87.5,india_midday,none,ESTIMATED_FROM_DAILY_OHLC_USING_SESSION_HEURISTICS_NOT_REAL_INTRADAY_DATA,
2026-03-16T13:30:00+0530,2026-03-16T13:30:00+0530,16-03-2026,WTI,WTI Crude Oil Futures,NYMEX/CME,60m,FRONT_MONTH_CONTINUOUS,CL1!,RECONSTRUCTED_FROM_DAILY,See methodology_and_sources.md,92.14,92.15,92.14,92.15,0,USD,8061.9,8062.69,8061.9,8062.69,87.5,india_midday,none,ESTIMATED_FROM_DAILY_OHLC_USING_SESSION_HEURISTICS_NOT_REAL_INTRADAY_DATA,
2026-03-16T14:30:00+0530,2026-03-16T14:30:00+0530,16-03-2026,WTI,WTI Crude Oil Futures,NYMEX/CME,60m,FRONT_MONTH_CONTINUOUS,CL1!,RECONSTRUCTED_FROM_DAILY,See methodology_and_sources.md,92.15,92.18,92.15,92.18,0,USD,8062.69,8065.93,8062.69,8065.93,87.5,india_midday,none,ESTIMATED_FROM_DAILY_OHLC_USING_SESSION_HEURISTICS_NOT_REAL_INTRADAY_DATA,
2026-03-16T15:30:00+0530,2026-03-16T15:30:00+0530,16-03-2026,WTI,WTI Crude Oil Futures,NYMEX/CME,60m,FRONT_MONTH_CONTINUOUS,CL1!,RECONSTRUCTED_FROM_DAILY,See methodology_and_sources.md,92.18,92.2,92.18,92.2,0,USD,8065.93,8067.11,8065.93,8067.11,87.5,europe_open,first_30m_after_europe_open,ESTIMATED_FROM_DAILY_OHLC_USING_SESSION_HEURISTICS_NOT_REAL_INTRADAY_DATA,
2026-03-16T16:30:00+0530,2026-03-16T16:30:00+0530,16-03-2026,WTI,WTI Crude Oil Futures,NYMEX/CME,60m,FRONT_MONTH_CONTINUOUS,CL1!,RECONSTRUCTED_FROM_DAILY,See methodology_and_sources.md,92.2,92.2,92.19,92.19,0,USD,8067.11,8067.11,8066.75,8066.75,87.5,europe_open,none,ESTIMATED_FROM_DAILY_OHLC_USING_SESSION_HEURISTICS_NOT_REAL_INTRADAY_DATA,
2026-03-16T17:30:00+0530,2026-03-16T17:30:00+0530,16-03-2026,WTI,WTI Crude Oil Futures,NYMEX/CME,60m,FRONT_MONTH_CONTINUOUS,CL1!,RECONSTRUCTED_FROM_DAILY,See methodology_and_sources.md,92.19,92.21,92.19,92.21,0,USD,8066.75,8068.3,8066.75,8068.3,87.5,europe_mid,none,ESTIMATED_FROM_DAILY_OHLC_USING_SESSION_HEURISTICS_NOT_REAL_INTRADAY_DATA,
2026-03-16T18:30:00+0530,2026-03-16T18:30:00+0530,16-03-2026,WTI,WTI Crude Oil Futures,NYMEX/CME,60m,FRONT_MONTH_CONTINUOUS,CL1!,RECONSTRUCTED_FROM_DAILY,See methodology_and_sources.md,92.21,92.27,92.21,92.27,0,USD,8068.3,8073.4,8068.3,8073.4,87.5,europe_mid,none,ESTIMATED_FROM_DAILY_OHLC_USING_SESSION_HEURISTICS_NOT_REAL_INTRADAY_DATA,
2026-03-16T19:30:00+0530,2026-03-16T19:30:00+0530,16-03-2026,WTI,WTI Crude Oil Futures,NYMEX/CME,60m,FRONT_MONTH_CONTINUOUS,CL1!,RECONSTRUCTED_FROM_DAILY,See methodology_and_sources.md,92.27,92.32,92.27,92.32,0,USD,8073.4,8078.32,8073.4,8078.32,87.5,europe_mid,none,ESTIMATED_FROM_DAILY_OHLC_USING_SESSION_HEURISTICS_NOT_REAL_INTRADAY_DATA,
2026-03-16T20:30:00+0530,2026-03-16T20:30:00+0530,16-03-2026,WTI,WTI Crude Oil Futures,NYMEX/CME,60m,FRONT_MONTH_CONTINUOUS,CL1!,RECONSTRUCTED_FROM_DAILY,See methodology_and_sources.md,92.32,92.32,92.29,92.29,0,USD,8078.32,8078.32,8075.4,8075.4,87.5,us_pre_open,none,ESTIMATED_FROM_DAILY_OHLC_USING_SESSION_HEURISTICS_NOT_REAL_INTRADAY_DATA,
2026-03-16T21:30:00+0530,2026-03-16T21:30:00+0530,16-03-2026,WTI,WTI Crude Oil Futures,NYMEX/CME,60m,FRONT_MONTH_CONTINUOUS,CL1!,RECONSTRUCTED_FROM_DAILY,See methodology_and_sources.md,92.29,92.29,92.26,92.26,0,USD,8075.4,8075.4,8072.97,8072.97,87.5,us_open,first_hour_after_us_open,ESTIMATED_FROM_DAILY_OHLC_USING_SESSION_HEURISTICS_NOT_REAL_INTRADAY_DATA,
2026-03-16T22:30:00+0530,2026-03-16T22:30:00+0530,16-03-2026,WTI,WTI Crude Oil Futures,NYMEX/CME,60m,FRONT_MONTH_CONTINUOUS,CL1!,RECONSTRUCTED_FROM_DAILY,See methodology_and_sources.md,92.26,92.26,92.24,92.24,0,USD,8072.97,8072.97,8071.03,8071.03,87.5,us_open,final_hour_before_mcx_close,ESTIMATED_FROM_DAILY_OHLC_USING_SESSION_HEURISTICS_NOT_REAL_INTRADAY_DATA,
2026-03-16T23:30:00+0530,2026-03-16T23:30:00+0530,16-03-2026,WTI,WTI Crude Oil Futures,NYMEX/CME,60m,FRONT_MONTH_CONTINUOUS,CL1!,RECONSTRUCTED_FROM_DAILY,See methodology_and_sources.md,92.24,96,92.24,96,0,USD,8071.03,8400,8071.03,8400,87.5,mcx_tail,none,ESTIMATED_FROM_DAILY_OHLC_USING_SESSION_HEURISTICS_NOT_REAL_INTRADAY_DATA,
2026-03-17T00:30:00+0530,2026-03-17T00:30:00+0530,16-03-2026,WTI,WTI Crude Oil Futures,NYMEX/CME,60m,FRONT_MONTH_CONTINUOUS,CL1!,RECONSTRUCTED_FROM_DAILY,See methodology_and_sources.md,96,96,96,96,0,USD,8400,8400,8400,8400,87.5,other_valid_hours,none,ESTIMATED_FROM_DAILY_OHLC_USING_SESSION_HEURISTICS_NOT_REAL_INTRADAY_DATA,
2026-03-17T03:30:00+0530,2026-03-17T03:30:00+0530,17-03-2026,WTI,WTI Crude Oil Futures,NYMEX/CME,60m,FRONT_MONTH_CONTINUOUS,CL1!,RECONSTRUCTED_FROM_DAILY,See methodology_and_sources.md,95,95,94.96,94.96,0,USD,8317.25,8317.25,8313.33,8313.33,87.55,global_reopen_pre_mcx,none,ESTIMATED_FROM_DAILY_OHLC_USING_SESSION_HEURISTICS_NOT_REAL_INTRADAY_DATA,
2026-03-17T04:30:00+0530,2026-03-17T04:30:00+0530,17-03-2026,WTI,WTI Crude Oil Futures,NYMEX/CME,60m,FRONT_MONTH_CONTINUOUS,CL1!,RECONSTRUCTED_FROM_DAILY,See methodology_and_sources.md,94.96,94.99,94.96,94.99,0,USD,8313.33,8316.1,8313.33,8316.1,87.55,global_reopen_pre_mcx,none,ESTIMATED_FROM_DAILY_OHLC_USING_SESSION_HEURISTICS_NOT_REAL_INTRADAY_DATA,
2026-03-17T05:30:00+0530,2026-03-17T05:30:00+0530,17-03-2026,WTI,WTI Crude Oil Futures,NYMEX/CME,60m,FRONT_MONTH_CONTINUOUS,CL1!,RECONSTRUCTED_FROM_DAILY,See methodology_and_sources.md,94.99,95,94.99,95,0,USD,8316.1,8317.58,8316.1,8317.58,87.55,global_reopen_pre_mcx,none,ESTIMATED_FROM_DAILY_OHLC_USING_SESSION_HEURISTICS_NOT_REAL_INTRADAY_DATA,
2026-03-17T06:30:00+0530,2026-03-17T06:30:00+0530,17-03-2026,WTI,WTI Crude Oil Futures,NYMEX/CME,60m,FRONT_MONTH_CONTINUOUS,CL1!,RECONSTRUCTED_FROM_DAILY,See methodology_and_sources.md,95,95,94.98,94.98,0,USD,8317.58,8317.58,8315.57,8315.57,87.55,global_reopen_pre_mcx,none,ESTIMATED_FROM_DAILY_OHLC_USING_SESSION_HEURISTICS_NOT_REAL_INTRADAY_DATA,
2026-03-17T07:30:00+0530,2026-03-17T07:30:00+0530,17-03-2026,WTI,WTI Crude Oil Futures,NYMEX/CME,60m,FRONT_MONTH_CONTINUOUS,CL1!,RECONSTRUCTED_FROM_DAILY,See methodology_and_sources.md,94.98,95.02,94.98,95.02,0,USD,8315.57,8319.3,8315.57,8319.3,87.55,global_reopen_pre_mcx,none,ESTIMATED_FROM_DAILY_OHLC_USING_SESSION_HEURISTICS_NOT_REAL_INTRADAY_DATA,
2026-03-17T08:30:00+0530,2026-03-17T08:30:00+0530,17-03-2026,WTI,WTI Crude Oil Futures,NYMEX/CME,60m,FRONT_MONTH_CONTINUOUS,CL1!,RECONSTRUCTED_FROM_DAILY,See methodology_and_sources.md,95.02,95.03,95.02,95.03,0,USD,8319.3,8319.8,8319.3,8319.8,87.55,global_reopen_pre_mcx,none,ESTIMATED_FROM_DAILY_OHLC_USING_SESSION_HEURISTICS_NOT_REAL_INTRADAY_DATA,
2026-03-17T09:30:00+0530,2026-03-17T09:30:00+0530,17-03-2026,WTI,WTI Crude Oil Futures,NYMEX/CME,60m,FRONT_MONTH_CONTINUOUS,CL1!,RECONSTRUCTED_FROM_DAILY,See methodology_and_sources.md,95.03,95.04,95.03,95.04,0,USD,8319.8,8321.12,8319.8,8321.12,87.55,mcx_open_drive,none,ESTIMATED_FROM_DAILY_OHLC_USING_SESSION_HEURISTICS_NOT_REAL_INTRADAY_DATA,
2026-03-17T10:30:00+0530,2026-03-17T10:30:00+0530,17-03-2026,WTI,WTI Crude Oil Futures,NYMEX/CME,60m,FRONT_MONTH_CONTINUOUS,CL1!,RECONSTRUCTED_FROM_DAILY,See methodology_and_sources.md,95.04,95.08,95.04,95.08,0,USD,8321.12,8323.97,8321.12,8323.97,87.55,india_morning,none,ESTIMATED_FROM_DAILY_OHLC_USING_SESSION_HEURISTICS_NOT_REAL_INTRADAY_DATA,
2026-03-17T11:30:00+0530,2026-03-17T11:30:00+0530,17-03-2026,WTI,WTI Crude Oil Futures,NYMEX/CME,60m,FRONT_MONTH_CONTINUOUS,CL1!,RECONSTRUCTED_FROM_DAILY,See methodology_and_sources.md,95.08,95.08,95.07,95.07,0,USD,8323.97,8323.97,8323.55,8323.55,87.55,india_morning,none,ESTIMATED_FROM_DAILY_OHLC_USING_SESSION_HEURISTICS_NOT_REAL_INTRADAY_DATA,
2026-03-17T12:30:00+0530,2026-03-17T12:30:00+0530,17-03-2026,WTI,WTI Crude Oil Futures,NYMEX/CME,60m,FRONT_MONTH_CONTINUOUS,CL1!,RECONSTRUCTED_FROM_DAILY,See methodology_and_sources.md,95.07,95.08,95.07,95.08,0,USD,8323.55,8324,8323.55,8324,87.55,india_midday,none,ESTIMATED_FROM_DAILY_OHLC_USING_SESSION_HEURISTICS_NOT_REAL_INTRADAY_DATA,
2026-03-17T13:30:00+0530,2026-03-17T13:30:00+0530,17-03-2026,WTI,WTI Crude Oil Futures,NYMEX/CME,60m,FRONT_MONTH_CONTINUOUS,CL1!,RECONSTRUCTED_FROM_DAILY,See methodology_and_sources.md,95.08,95.08,95.08,95.08,0,USD,8324,8324.62,8324,8324.62,87.55,india_midday,none,ESTIMATED_FROM_DAILY_OHLC_USING_SESSION_HEURISTICS_NOT_REAL_INTRADAY_DATA,
2026-03-17T14:30:00+0530,2026-03-17T14:30:00+0530,17-03-2026,WTI,WTI Crude Oil Futures,NYMEX/CME,60m,FRONT_MONTH_CONTINUOUS,CL1!,RECONSTRUCTED_FROM_DAILY,See methodology_and_sources.md,95.08,95.08,95.02,95.02,0,USD,8324.62,8324.62,8318.59,8318.59,87.55,india_midday,none,ESTIMATED_FROM_DAILY_OHLC_USING_SESSION_HEURISTICS_NOT_REAL_INTRADAY_DATA,
2026-03-17T15:30:00+0530,2026-03-17T15:30:00+0530,17-03-2026,WTI,WTI Crude Oil Futures,NYMEX/CME,60m,FRONT_MONTH_CONTINUOUS,CL1!,RECONSTRUCTED_FROM_DAILY,See methodology_and_sources.md,95.02,95.04,95.02,95.04,0,USD,8318.59,8320.86,8318.59,8320.86,87.55,europe_open,first_30m_after_europe_open,ESTIMATED_FROM_DAILY_OHLC_USING_SESSION_HEURISTICS_NOT_REAL_INTRADAY_DATA,
2026-03-17T16:30:00+0530,2026-03-17T16:30:00+0530,17-03-2026,WTI,WTI Crude Oil Futures,NYMEX/CME,60m,FRONT_MONTH_CONTINUOUS,CL1!,RECONSTRUCTED_FROM_DAILY,See methodology_and_sources.md,95.04,95.04,95,95,0,USD,8320.86,8320.86,8317.42,8317.42,87.55,europe_open,none,ESTIMATED_FROM_DAILY_OHLC_USING_SESSION_HEURISTICS_NOT_REAL_INTRADAY_DATA,
2026-03-17T17:30:00+0530,2026-03-17T17:30:00+0530,17-03-2026,WTI,WTI Crude Oil Futures,NYMEX/CME,60m,FRONT_MONTH_CONTINUOUS,CL1!,RECONSTRUCTED_FROM_DAILY,See methodology_and_sources.md,95,95.05,95,95.05,0,USD,8317.42,8322.05,8317.42,8322.05,87.55,europe_mid,none,ESTIMATED_FROM_DAILY_OHLC_USING_SESSION_HEURISTICS_NOT_REAL_INTRADAY_DATA,
2026-03-17T18:30:00+0530,2026-03-17T18:30:00+0530,17-03-2026,WTI,WTI Crude Oil Futures,NYMEX/CME,60m,FRONT_MONTH_CONTINUOUS,CL1!,RECONSTRUCTED_FROM_DAILY,See methodology_and_sources.md,95.05,95.09,95.05,95.09,0,USD,8322.05,8324.86,8322.05,8324.86,87.55,europe_mid,none,ESTIMATED_FROM_DAILY_OHLC_USING_SESSION_HEURISTICS_NOT_REAL_INTRADAY_DATA,
2026-03-17T19:30:00+0530,2026-03-17T19:30:00+0530,17-03-2026,WTI,WTI Crude Oil Futures,NYMEX/CME,60m,FRONT_MONTH_CONTINUOUS,CL1!,RECONSTRUCTED_FROM_DAILY,See methodology_and_sources.md,95.09,95.09,95.09,95.09,0,USD,8324.86,8324.89,8324.86,8324.89,87.55,europe_mid,none,ESTIMATED_FROM_DAILY_OHLC_USING_SESSION_HEURISTICS_NOT_REAL_INTRADAY_DATA,
2026-03-17T20:30:00+0530,2026-03-17T20:30:00+0530,17-03-2026,WTI,WTI Crude Oil Futures,NYMEX/CME,60m,FRONT_MONTH_CONTINUOUS,CL1!,RECONSTRUCTED_FROM_DAILY,See methodology_and_sources.md,95.09,95.09,95.09,95.09,0,USD,8324.89,8324.89,8324.83,8324.83,87.55,us_pre_open,none,ESTIMATED_FROM_DAILY_OHLC_USING_SESSION_HEURISTICS_NOT_REAL_INTRADAY_DATA,
2026-03-17T21:30:00+0530,2026-03-17T21:30:00+0530,17-03-2026,WTI,WTI Crude Oil Futures,NYMEX/CME,60m,FRONT_MONTH_CONTINUOUS,CL1!,RECONSTRUCTED_FROM_DAILY,See methodology_and_sources.md,95.09,95.09,95.06,95.06,0,USD,8324.83,8324.83,8322.66,8322.66,87.55,us_open,first_hour_after_us_open,ESTIMATED_FROM_DAILY_OHLC_USING_SESSION_HEURISTICS_NOT_REAL_INTRADAY_DATA,
2026-03-17T22:30:00+0530,2026-03-17T22:30:00+0530,17-03-2026,WTI,WTI Crude Oil Futures,NYMEX/CME,60m,FRONT_MONTH_CONTINUOUS,CL1!,RECONSTRUCTED_FROM_DAILY,See methodology_and_sources.md,95.06,95.06,95.05,95.05,0,USD,8322.66,8322.66,8322.04,8322.04,87.55,us_open,final_hour_before_mcx_close,ESTIMATED_FROM_DAILY_OHLC_USING_SESSION_HEURISTICS_NOT_REAL_INTRADAY_DATA,
2026-03-17T23:30:00+0530,2026-03-17T23:30:00+0530,17-03-2026,WTI,WTI Crude Oil Futures,NYMEX/CME,60m,FRONT_MONTH_CONTINUOUS,CL1!,RECONSTRUCTED_FROM_DAILY,See methodology_and_sources.md,95.05,95.05,95,95,0,USD,8322.04,8322.04,8317.25,8317.25,87.55,mcx_tail,none,ESTIMATED_FROM_DAILY_OHLC_USING_SESSION_HEURISTICS_NOT_REAL_INTRADAY_DATA,
2026-03-18T00:30:00+0530,2026-03-18T00:30:00+0530,17-03-2026,WTI,WTI Crude Oil Futures,NYMEX/CME,60m,FRONT_MONTH_CONTINUOUS,CL1!,RECONSTRUCTED_FROM_DAILY,See methodology_and_sources.md,95,95,95,95,0,USD,8317.25,8317.25,8317.25,8317.25,87.55,other_valid_hours,none,ESTIMATED_FROM_DAILY_OHLC_USING_SESSION_HEURISTICS_NOT_REAL_INTRADAY_DATA,
2026-03-18T03:30:00+0530,2026-03-18T03:30:00+0530,18-03-2026,WTI,WTI Crude Oil Futures,NYMEX/CME,60m,FRONT_MONTH_CONTINUOUS,CL1!,RECONSTRUCTED_FROM_DAILY,See methodology_and_sources.md,95,95.03,95,95.03,0,USD,8322,8324.94,8322,8324.94,87.6,global_reopen_pre_mcx,none,ESTIMATED_FROM_DAILY_OHLC_USING_SESSION_HEURISTICS_NOT_REAL_INTRADAY_DATA,
2026-03-18T04:30:00+0530,2026-03-18T04:30:00+0530,18-03-2026,WTI,WTI Crude Oil Futures,NYMEX/CME,60m,FRONT_MONTH_CONTINUOUS,CL1!,RECONSTRUCTED_FROM_DAILY,See methodology_and_sources.md,95.03,95.03,95.02,95.02,0,USD,8324.94,8324.94,8323.34,8323.34,87.6,global_reopen_pre_mcx,none,ESTIMATED_FROM_DAILY_OHLC_USING_SESSION_HEURISTICS_NOT_REAL_INTRADAY_DATA,
2026-03-18T05:30:00+0530,2026-03-18T05:30:00+0530,18-03-2026,WTI,WTI Crude Oil Futures,NYMEX/CME,60m,FRONT_MONTH_CONTINUOUS,CL1!,RECONSTRUCTED_FROM_DAILY,See methodology_and_sources.md,95.02,95.02,95.01,95.01,0,USD,8323.34,8323.34,8323.31,8323.31,87.6,global_reopen_pre_mcx,none,ESTIMATED_FROM_DAILY_OHLC_USING_SESSION_HEURISTICS_NOT_REAL_INTRADAY_DATA,
2026-03-18T06:30:00+0530,2026-03-18T06:30:00+0530,18-03-2026,WTI,WTI Crude Oil Futures,NYMEX/CME,60m,FRONT_MONTH_CONTINUOUS,CL1!,RECONSTRUCTED_FROM_DAILY,See methodology_and_sources.md,95.01,95.01,95,95,0,USD,8323.31,8323.31,8322,8322,87.6,global_reopen_pre_mcx,none,ESTIMATED_FROM_DAILY_OHLC_USING_SESSION_HEURISTICS_NOT_REAL_INTRADAY_DATA,
2026-03-18T07:30:00+0530,2026-03-18T07:30:00+0530,18-03-2026,WTI,WTI Crude Oil Futures,NYMEX/CME,60m,FRONT_MONTH_CONTINUOUS,CL1!,RECONSTRUCTED_FROM_DAILY,See methodology_and_sources.md,95,95,95,95,0,USD,8322,8322,8322,8322,87.6,global_reopen_pre_mcx,none,ESTIMATED_FROM_DAILY_OHLC_USING_SESSION_HEURISTICS_NOT_REAL_INTRADAY_DATA,
2026-03-18T08:30:00+0530,2026-03-18T08:30:00+0530,18-03-2026,WTI,WTI Crude Oil Futures,NYMEX/CME,60m,FRONT_MONTH_CONTINUOUS,CL1!,RECONSTRUCTED_FROM_DAILY,See methodology_and_sources.md,95,95,95,95,0,USD,8322,8322,8322,8322,87.6,global_reopen_pre_mcx,none,ESTIMATED_FROM_DAILY_OHLC_USING_SESSION_HEURISTICS_NOT_REAL_INTRADAY_DATA,
2026-03-18T09:30:00+0530,2026-03-18T09:30:00+0530,18-03-2026,WTI,WTI Crude Oil Futures,NYMEX/CME,60m,FRONT_MONTH_CONTINUOUS,CL1!,RECONSTRUCTED_FROM_DAILY,See methodology_and_sources.md,95,95,95,95,0,USD,8322,8322,8322,8322,87.6,mcx_open_drive,none,ESTIMATED_FROM_DAILY_OHLC_USING_SESSION_HEURISTICS_NOT_REAL_INTRADAY_DATA,
2026-03-18T10:30:00+0530,2026-03-18T10:30:00+0530,18-03-2026,WTI,WTI Crude Oil Futures,NYMEX/CME,60m,FRONT_MONTH_CONTINUOUS,CL1!,RECONSTRUCTED_FROM_DAILY,See methodology_and_sources.md,95,95.01,95,95.01,0,USD,8322,8322.77,8322,8322.77,87.6,india_morning,none,ESTIMATED_FROM_DAILY_OHLC_USING_SESSION_HEURISTICS_NOT_REAL_INTRADAY_DATA,
2026-03-18T11:30:00+0530,2026-03-18T11:30:00+0530,18-03-2026,WTI,WTI Crude Oil Futures,NYMEX/CME,60m,FRONT_MONTH_CONTINUOUS,CL1!,RECONSTRUCTED_FROM_DAILY,See methodology_and_sources.md,95.01,95.02,95.01,95.02,0,USD,8322.77,8323.63,8322.77,8323.63,87.6,india_morning,none,ESTIMATED_FROM_DAILY_OHLC_USING_SESSION_HEURISTICS_NOT_REAL_INTRADAY_DATA,
2026-03-18T12:30:00+0530,2026-03-18T12:30:00+0530,18-03-2026,WTI,WTI Crude Oil Futures,NYMEX/CME,60m,FRONT_MONTH_CONTINUOUS,CL1!,RECONSTRUCTED_FROM_DAILY,See methodology_and_sources.md,95.02,95.02,95,95,0,USD,8323.63,8323.63,8322,8322,87.6,india_midday,none,ESTIMATED_FROM_DAILY_OHLC_USING_SESSION_HEURISTICS_NOT_REAL_INTRADAY_DATA,
2026-03-18T13:30:00+0530,2026-03-18T13:30:00+0530,18-03-2026,WTI,WTI Crude Oil Futures,NYMEX/CME,60m,FRONT_MONTH_CONTINUOUS,CL1!,RECONSTRUCTED_FROM_DAILY,See methodology_and_sources.md,95,95,95,95,0,USD,8322,8322.18,8322,8322.18,87.6,india_midday,none,ESTIMATED_FROM_DAILY_OHLC_USING_SESSION_HEURISTICS_NOT_REAL_INTRADAY_DATA,
2026-03-18T14:30:00+0530,2026-03-18T14:30:00+0530,18-03-2026,WTI,WTI Crude Oil Futures,NYMEX/CME,60m,FRONT_MONTH_CONTINUOUS,CL1!,RECONSTRUCTED_FROM_DAILY,See methodology_and_sources.md,95,95.09,95,95.09,0,USD,8322.18,8330.15,8322.18,8330.15,87.6,india_midday,none,ESTIMATED_FROM_DAILY_OHLC_USING_SESSION_HEURISTICS_NOT_REAL_INTRADAY_DATA,
2026-03-18T15:30:00+0530,2026-03-18T15:30:00+0530,18-03-2026,WTI,WTI Crude Oil Futures,NYMEX/CME,60m,FRONT_MONTH_CONTINUOUS,CL1!,RECONSTRUCTED_FROM_DAILY,See methodology_and_sources.md,95.09,95.09,95.08,95.08,0,USD,8330.15,8330.15,8328.86,8328.86,87.6,europe_open,first_30m_after_europe_open,ESTIMATED_FROM_DAILY_OHLC_USING_SESSION_HEURISTICS_NOT_REAL_INTRADAY_DATA,
2026-03-18T16:30:00+0530,2026-03-18T16:30:00+0530,18-03-2026,WTI,WTI Crude Oil Futures,NYMEX/CME,60m,FRONT_MONTH_CONTINUOUS,CL1!,RECONSTRUCTED_FROM_DAILY,See methodology_and_sources.md,95.08,95.08,95.06,95.06,0,USD,8328.86,8328.86,8327.06,8327.06,87.6,europe_open,none,ESTIMATED_FROM_DAILY_OHLC_USING_SESSION_HEURISTICS_NOT_REAL_INTRADAY_DATA,
2026-03-18T17:30:00+0530,2026-03-18T17:30:00+0530,18-03-2026,WTI,WTI Crude Oil Futures,NYMEX/CME,60m,FRONT_MONTH_CONTINUOUS,CL1!,RECONSTRUCTED_FROM_DAILY,See methodology_and_sources.md,95.06,95.09,95.06,95.09,0,USD,8327.06,8329.59,8327.06,8329.59,87.6,europe_mid,none,ESTIMATED_FROM_DAILY_OHLC_USING_SESSION_HEURISTICS_NOT_REAL_INTRADAY_DATA,
2026-03-18T18:30:00+0530,2026-03-18T18:30:00+0530,18-03-2026,WTI,WTI Crude Oil Futures,NYMEX/CME,60m,FRONT_MONTH_CONTINUOUS,CL1!,RECONSTRUCTED_FROM_DAILY,See methodology_and_sources.md,95.09,95.09,95.01,95.01,0,USD,8329.59,8329.59,8323.22,8323.22,87.6,europe_mid,none,ESTIMATED_FROM_DAILY_OHLC_USING_SESSION_HEURISTICS_NOT_REAL_INTRADAY_DATA,
2026-03-18T19:30:00+0530,2026-03-18T19:30:00+0530,18-03-2026,WTI,WTI Crude Oil Futures,NYMEX/CME,60m,FRONT_MONTH_CONTINUOUS,CL1!,RECONSTRUCTED_FROM_DAILY,See methodology_and_sources.md,95.01,95.01,95,95,0,USD,8323.22,8323.22,8322,8322,87.6,europe_mid,none,ESTIMATED_FROM_DAILY_OHLC_USING_SESSION_HEURISTICS_NOT_REAL_INTRADAY_DATA,
2026-03-18T20:30:00+0530,2026-03-18T20:30:00+0530,18-03-2026,WTI,WTI Crude Oil Futures,NYMEX/CME,60m,FRONT_MONTH_CONTINUOUS,CL1!,RECONSTRUCTED_FROM_DAILY,See methodology_and_sources.md,95,95.04,95,95.04,0,USD,8322,8325.1,8322,8325.1,87.6,us_pre_open,none,ESTIMATED_FROM_DAILY_OHLC_USING_SESSION_HEURISTICS_NOT_REAL_INTRADAY_DATA,
2026-03-18T21:30:00+0530,2026-03-18T21:30:00+0530,18-03-2026,WTI,WTI Crude Oil Futures,NYMEX/CME,60m,FRONT_MONTH_CONTINUOUS,CL1!,RECONSTRUCTED_FROM_DAILY,See methodology_and_sources.md,95.04,95.04,95.03,95.03,0,USD,8325.1,8325.1,8324.35,8324.35,87.6,us_open,first_hour_after_us_open,ESTIMATED_FROM_DAILY_OHLC_USING_SESSION_HEURISTICS_NOT_REAL_INTRADAY_DATA,
2026-03-18T22:30:00+0530,2026-03-18T22:30:00+0530,18-03-2026,WTI,WTI Crude Oil Futures,NYMEX/CME,60m,FRONT_MONTH_CONTINUOUS,CL1!,RECONSTRUCTED_FROM_DAILY,See methodology_and_sources.md,95.03,95.03,95,95,0,USD,8324.35,8324.35,8322.18,8322.18,87.6,us_open,final_hour_before_mcx_close,ESTIMATED_FROM_DAILY_OHLC_USING_SESSION_HEURISTICS_NOT_REAL_INTRADAY_DATA,
2026-03-18T23:30:00+0530,2026-03-18T23:30:00+0530,18-03-2026,WTI,WTI Crude Oil Futures,NYMEX/CME,60m,FRONT_MONTH_CONTINUOUS,CL1!,RECONSTRUCTED_FROM_DAILY,See methodology_and_sources.md,95,100,95,100,0,USD,8322.18,8760,8322.18,8760,87.6,mcx_tail,none,ESTIMATED_FROM_DAILY_OHLC_USING_SESSION_HEURISTICS_NOT_REAL_INTRADAY_DATA,
2026-03-19T00:30:00+0530,2026-03-19T00:30:00+0530,18-03-2026,WTI,WTI Crude Oil Futures,NYMEX/CME,60m,FRONT_MONTH_CONTINUOUS,CL1!,RECONSTRUCTED_FROM_DAILY,See methodology_and_sources.md,100,100,100,100,0,USD,8760,8760,8760,8760,87.6,other_valid_hours,none,ESTIMATED_FROM_DAILY_OHLC_USING_SESSION_HEURISTICS_NOT_REAL_INTRADAY_DATA,
2026-03-19T03:30:00+0530,2026-03-19T03:30:00+0530,19-03-2026,WTI,WTI Crude Oil Futures,NYMEX/CME,60m,FRONT_MONTH_CONTINUOUS,CL1!,RECONSTRUCTED_FROM_DAILY,See methodology_and_sources.md,100,100,99.97,99.97,0,USD,8765,8765,8762.07,8762.07,87.65,global_reopen_pre_mcx,none,ESTIMATED_FROM_DAILY_OHLC_USING_SESSION_HEURISTICS_NOT_REAL_INTRADAY_DATA,
2026-03-19T04:30:00+0530,2026-03-19T04:30:00+0530,19-03-2026,WTI,WTI Crude Oil Futures,NYMEX/CME,60m,FRONT_MONTH_CONTINUOUS,CL1!,RECONSTRUCTED_FROM_DAILY,See methodology_and_sources.md,99.97,99.97,99.96,99.96,0,USD,8762.07,8762.07,8761.74,8761.74,87.65,global_reopen_pre_mcx,none,ESTIMATED_FROM_DAILY_OHLC_USING_SESSION_HEURISTICS_NOT_REAL_INTRADAY_DATA,
2026-03-19T05:30:00+0530,2026-03-19T05:30:00+0530,19-03-2026,WTI,WTI Crude Oil Futures,NYMEX/CME,60m,FRONT_MONTH_CONTINUOUS,CL1!,RECONSTRUCTED_FROM_DAILY,See methodology_and_sources.md,99.96,99.98,99.96,99.98,0,USD,8761.74,8762.93,8761.74,8762.93,87.65,global_reopen_pre_mcx,none,ESTIMATED_FROM_DAILY_OHLC_USING_SESSION_HEURISTICS_NOT_REAL_INTRADAY_DATA,
2026-03-19T06:30:00+0530,2026-03-19T06:30:00+0530,19-03-2026,WTI,WTI Crude Oil Futures,NYMEX/CME,60m,FRONT_MONTH_CONTINUOUS,CL1!,RECONSTRUCTED_FROM_DAILY,See methodology_and_sources.md,99.98,99.98,99.95,99.95,0,USD,8762.93,8762.93,8760.69,8760.69,87.65,global_reopen_pre_mcx,none,ESTIMATED_FROM_DAILY_OHLC_USING_SESSION_HEURISTICS_NOT_REAL_INTRADAY_DATA,
2026-03-19T07:30:00+0530,2026-03-19T07:30:00+0530,19-03-2026,WTI,WTI Crude Oil Futures,NYMEX/CME,60m,FRONT_MONTH_CONTINUOUS,CL1!,RECONSTRUCTED_FROM_DAILY,See methodology_and_sources.md,99.95,99.95,99.88,99.88,0,USD,8760.69,8760.69,8754.83,8754.83,87.65,global_reopen_pre_mcx,none,ESTIMATED_FROM_DAILY_OHLC_USING_SESSION_HEURISTICS_NOT_REAL_INTRADAY_DATA,
2026-03-19T08:30:00+0530,2026-03-19T08:30:00+0530,19-03-2026,WTI,WTI Crude Oil Futures,NYMEX/CME,60m,FRONT_MONTH_CONTINUOUS,CL1!,RECONSTRUCTED_FROM_DAILY,See methodology_and_sources.md,99.88,99.91,99.88,99.91,0,USD,8754.83,8756.87,8754.83,8756.87,87.65,global_reopen_pre_mcx,none,ESTIMATED_FROM_DAILY_OHLC_USING_SESSION_HEURISTICS_NOT_REAL_INTRADAY_DATA,
2026-03-19T09:30:00+0530,2026-03-19T09:30:00+0530,19-03-2026,WTI,WTI Crude Oil Futures,NYMEX/CME,60m,FRONT_MONTH_CONTINUOUS,CL1!,RECONSTRUCTED_FROM_DAILY,See methodology_and_sources.md,99.91,99.91,99.8,99.8,0,USD,8756.87,8756.87,8747.43,8747.43,87.65,mcx_open_drive,none,ESTIMATED_FROM_DAILY_OHLC_USING_SESSION_HEURISTICS_NOT_REAL_INTRADAY_DATA,
2026-03-19T10:30:00+0530,2026-03-19T10:30:00+0530,19-03-2026,WTI,WTI Crude Oil Futures,NYMEX/CME,60m,FRONT_MONTH_CONTINUOUS,CL1!,RECONSTRUCTED_FROM_DAILY,See methodology_and_sources.md,99.8,99.86,99.8,99.86,0,USD,8747.43,8752.54,8747.43,8752.54,87.65,india_morning,none,ESTIMATED_FROM_DAILY_OHLC_USING_SESSION_HEURISTICS_NOT_REAL_INTRADAY_DATA,
2026-03-19T11:30:00+0530,2026-03-19T11:30:00+0530,19-03-2026,WTI,WTI Crude Oil Futures,NYMEX/CME,60m,FRONT_MONTH_CONTINUOUS,CL1!,RECONSTRUCTED_FROM_DAILY,See methodology_and_sources.md,99.86,99.89,99.86,99.89,0,USD,8752.54,8755.6,8752.54,8755.6,87.65,india_morning,none,ESTIMATED_FROM_DAILY_OHLC_USING_SESSION_HEURISTICS_NOT_REAL_INTRADAY_DATA,
2026-03-19T12:30:00+0530,2026-03-19T12:30:00+0530,19-03-2026,WTI,WTI Crude Oil Futures,NYMEX/CME,60m,FRONT_MONTH_CONTINUOUS,CL1!,RECONSTRUCTED_FROM_DAILY,See methodology_and_sources.md,99.89,99.89,99.85,99.85,0,USD,8755.6,8755.6,8752,8752,87.65,india_midday,none,ESTIMATED_FROM_DAILY_OHLC_USING_SESSION_HEURISTICS_NOT_REAL_INTRADAY_DATA,
2026-03-19T13:30:00+0530,2026-03-19T13:30:00+0530,19-03-2026,WTI,WTI Crude Oil Futures,NYMEX/CME,60m,FRONT_MONTH_CONTINUOUS,CL1!,RECONSTRUCTED_FROM_DAILY,See methodology_and_sources.md,99.85,99.85,99.85,99.85,0,USD,8752,8752.15,8752,8752.15,87.65,india_midday,none,ESTIMATED_FROM_DAILY_OHLC_USING_SESSION_HEURISTICS_NOT_REAL_INTRADAY_DATA,
2026-03-19T14:30:00+0530,2026-03-19T14:30:00+0530,19-03-2026,WTI,WTI Crude Oil Futures,NYMEX/CME,60m,FRONT_MONTH_CONTINUOUS,CL1!,RECONSTRUCTED_FROM_DAILY,See methodology_and_sources.md,99.85,99.86,99.85,99.86,0,USD,8752.15,8752.43,8752.15,8752.43,87.65,india_midday,none,ESTIMATED_FROM_DAILY_OHLC_USING_SESSION_HEURISTICS_NOT_REAL_INTRADAY_DATA,
2026-03-19T15:30:00+0530,2026-03-19T15:30:00+0530,19-03-2026,WTI,WTI Crude Oil Futures,NYMEX/CME,60m,FRONT_MONTH_CONTINUOUS,CL1!,RECONSTRUCTED_FROM_DAILY,See methodology_and_sources.md,99.86,99.91,99.86,99.91,0,USD,8752.43,8757.49,8752.43,8757.49,87.65,europe_open,first_30m_after_europe_open,ESTIMATED_FROM_DAILY_OHLC_USING_SESSION_HEURISTICS_NOT_REAL_INTRADAY_DATA,
2026-03-19T16:30:00+0530,2026-03-19T16:30:00+0530,19-03-2026,WTI,WTI Crude Oil Futures,NYMEX/CME,60m,FRONT_MONTH_CONTINUOUS,CL1!,RECONSTRUCTED_FROM_DAILY,See methodology_and_sources.md,99.91,99.91,99.9,99.9,0,USD,8757.49,8757.49,8755.98,8755.98,87.65,europe_open,none,ESTIMATED_FROM_DAILY_OHLC_USING_SESSION_HEURISTICS_NOT_REAL_INTRADAY_DATA,
2026-03-19T17:30:00+0530,2026-03-19T17:30:00+0530,19-03-2026,WTI,WTI Crude Oil Futures,NYMEX/CME,60m,FRONT_MONTH_CONTINUOUS,CL1!,RECONSTRUCTED_FROM_DAILY,See methodology_and_sources.md,99.9,99.93,99.9,99.93,0,USD,8755.98,8758.76,8755.98,8758.76,87.65,europe_mid,none,ESTIMATED_FROM_DAILY_OHLC_USING_SESSION_HEURISTICS_NOT_REAL_INTRADAY_DATA,
2026-03-19T18:30:00+0530,2026-03-19T18:30:00+0530,19-03-2026,WTI,WTI Crude Oil Futures,NYMEX/CME,60m,FRONT_MONTH_CONTINUOUS,CL1!,RECONSTRUCTED_FROM_DAILY,See methodology_and_sources.md,99.93,99.95,99.93,99.95,0,USD,8758.76,8760.25,8758.76,8760.25,87.65,europe_mid,none,ESTIMATED_FROM_DAILY_OHLC_USING_SESSION_HEURISTICS_NOT_REAL_INTRADAY_DATA,
2026-03-19T19:30:00+0530,2026-03-19T19:30:00+0530,19-03-2026,WTI,WTI Crude Oil Futures,NYMEX/CME,60m,FRONT_MONTH_CONTINUOUS,CL1!,RECONSTRUCTED_FROM_DAILY,See methodology_and_sources.md,99.95,100.01,99.95,100.01,0,USD,8760.25,8765.6,8760.25,8765.6,87.65,europe_mid,none,ESTIMATED_FROM_DAILY_OHLC_USING_SESSION_HEURISTICS_NOT_REAL_INTRADAY_DATA,
2026-03-19T20:30:00+0530,2026-03-19T20:30:00+0530,19-03-2026,WTI,WTI Crude Oil Futures,NYMEX/CME,60m,FRONT_MONTH_CONTINUOUS,CL1!,RECONSTRUCTED_FROM_DAILY,See methodology_and_sources.md,100.01,100.01,99.98,99.98,0,USD,8765.6,8765.6,8763.22,8763.22,87.65,us_pre_open,none,ESTIMATED_FROM_DAILY_OHLC_USING_SESSION_HEURISTICS_NOT_REAL_INTRADAY_DATA,
2026-03-19T21:30:00+0530,2026-03-19T21:30:00+0530,19-03-2026,WTI,WTI Crude Oil Futures,NYMEX/CME,60m,FRONT_MONTH_CONTINUOUS,CL1!,RECONSTRUCTED_FROM_DAILY,See methodology_and_sources.md,99.98,99.98,99.96,99.96,0,USD,8763.22,8763.22,8761.08,8761.08,87.65,us_open,first_hour_after_us_open,ESTIMATED_FROM_DAILY_OHLC_USING_SESSION_HEURISTICS_NOT_REAL_INTRADAY_DATA,
2026-03-19T22:30:00+0530,2026-03-19T22:30:00+0530,19-03-2026,WTI,WTI Crude Oil Futures,NYMEX/CME,60m,FRONT_MONTH_CONTINUOUS,CL1!,RECONSTRUCTED_FROM_DAILY,See methodology_and_sources.md,99.96,99.97,99.96,99.97,0,USD,8761.08,8762.15,8761.08,8762.15,87.65,us_open,final_hour_before_mcx_close,ESTIMATED_FROM_DAILY_OHLC_USING_SESSION_HEURISTICS_NOT_REAL_INTRADAY_DATA,
2026-03-19T23:30:00+0530,2026-03-19T23:30:00+0530,19-03-2026,WTI,WTI Crude Oil Futures,NYMEX/CME,60m,FRONT_MONTH_CONTINUOUS,CL1!,RECONSTRUCTED_FROM_DAILY,See methodology_and_sources.md,99.97,99.97,98,98,0,USD,8762.15,8762.15,8589.7,8589.7,87.65,mcx_tail,none,ESTIMATED_FROM_DAILY_OHLC_USING_SESSION_HEURISTICS_NOT_REAL_INTRADAY_DATA,
2026-03-20T00:30:00+0530,2026-03-20T00:30:00+0530,19-03-2026,WTI,WTI Crude Oil Futures,NYMEX/CME,60m,FRONT_MONTH_CONTINUOUS,CL1!,RECONSTRUCTED_FROM_DAILY,See methodology_and_sources.md,98,98,98,98,0,USD,8589.7,8589.7,8589.7,8589.7,87.65,other_valid_hours,none,ESTIMATED_FROM_DAILY_OHLC_USING_SESSION_HEURISTICS_NOT_REAL_INTRADAY_DATA,
2026-03-20T03:30:00+0530,2026-03-20T03:30:00+0530,20-03-2026,WTI,WTI Crude Oil Futures,NYMEX/CME,60m,FRONT_MONTH_CONTINUOUS,CL1!,RECONSTRUCTED_FROM_DAILY,See methodology_and_sources.md,97,97.05,97,97.05,0,USD,8506.9,8511.68,8506.9,8511.68,87.7,global_reopen_pre_mcx,none,ESTIMATED_FROM_DAILY_OHLC_USING_SESSION_HEURISTICS_NOT_REAL_INTRADAY_DATA,
2026-03-20T04:30:00+0530,2026-03-20T04:30:00+0530,20-03-2026,WTI,WTI Crude Oil Futures,NYMEX/CME,60m,FRONT_MONTH_CONTINUOUS,CL1!,RECONSTRUCTED_FROM_DAILY,See methodology_and_sources.md,97.05,97.05,96.94,96.94,0,USD,8511.68,8511.68,8502.04,8502.04,87.7,global_reopen_pre_mcx,none,ESTIMATED_FROM_DAILY_OHLC_USING_SESSION_HEURISTICS_NOT_REAL_INTRADAY_DATA,
2026-03-20T05:30:00+0530,2026-03-20T05:30:00+0530,20-03-2026,WTI,WTI Crude Oil Futures,NYMEX/CME,60m,FRONT_MONTH_CONTINUOUS,CL1!,RECONSTRUCTED_FROM_DAILY,See methodology_and_sources.md,96.94,96.94,96.94,96.94,0,USD,8502.04,8502.04,8501.5,8501.5,87.7,global_reopen_pre_mcx,none,ESTIMATED_FROM_DAILY_OHLC_USING_SESSION_HEURISTICS_NOT_REAL_INTRADAY_DATA,
2026-03-20T06:30:00+0530,2026-03-20T06:30:00+0530,20-03-2026,WTI,WTI Crude Oil Futures,NYMEX/CME,60m,FRONT_MONTH_CONTINUOUS,CL1!,RECONSTRUCTED_FROM_DAILY,See methodology_and_sources.md,96.94,96.99,96.94,96.99,0,USD,8501.5,8506.4,8501.5,8506.4,87.7,global_reopen_pre_mcx,none,ESTIMATED_FROM_DAILY_OHLC_USING_SESSION_HEURISTICS_NOT_REAL_INTRADAY_DATA,
2026-03-20T07:30:00+0530,2026-03-20T07:30:00+0530,20-03-2026,WTI,WTI Crude Oil Futures,NYMEX/CME,60m,FRONT_MONTH_CONTINUOUS,CL1!,RECONSTRUCTED_FROM_DAILY,See methodology_and_sources.md,96.99,97.1,96.99,97.1,0,USD,8506.4,8515.24,8506.4,8515.24,87.7,global_reopen_pre_mcx,none,ESTIMATED_FROM_DAILY_OHLC_USING_SESSION_HEURISTICS_NOT_REAL_INTRADAY_DATA,
2026-03-20T08:30:00+0530,2026-03-20T08:30:00+0530,20-03-2026,WTI,WTI Crude Oil Futures,NYMEX/CME,60m,FRONT_MONTH_CONTINUOUS,CL1!,RECONSTRUCTED_FROM_DAILY,See methodology_and_sources.md,97.1,97.1,97.05,97.05,0,USD,8515.24,8515.24,8511.33,8511.33,87.7,global_reopen_pre_mcx,none,ESTIMATED_FROM_DAILY_OHLC_USING_SESSION_HEURISTICS_NOT_REAL_INTRADAY_DATA,
2026-03-20T09:30:00+0530,2026-03-20T09:30:00+0530,20-03-2026,WTI,WTI Crude Oil Futures,NYMEX/CME,60m,FRONT_MONTH_CONTINUOUS,CL1!,RECONSTRUCTED_FROM_DAILY,See methodology_and_sources.md,97.05,97.05,97.04,97.04,0,USD,8511.33,8511.33,8510.34,8510.34,87.7,mcx_open_drive,none,ESTIMATED_FROM_DAILY_OHLC_USING_SESSION_HEURISTICS_NOT_REAL_INTRADAY_DATA,
2026-03-20T10:30:00+0530,2026-03-20T10:30:00+0530,20-03-2026,WTI,WTI Crude Oil Futures,NYMEX/CME,60m,FRONT_MONTH_CONTINUOUS,CL1!,RECONSTRUCTED_FROM_DAILY,See methodology_and_sources.md,97.04,97.06,97.04,97.06,0,USD,8510.34,8511.85,8510.34,8511.85,87.7,india_morning,none,ESTIMATED_FROM_DAILY_OHLC_USING_SESSION_HEURISTICS_NOT_REAL_INTRADAY_DATA,
2026-03-20T11:30:00+0530,2026-03-20T11:30:00+0530,20-03-2026,WTI,WTI Crude Oil Futures,NYMEX/CME,60m,FRONT_MONTH_CONTINUOUS,CL1!,RECONSTRUCTED_FROM_DAILY,See methodology_and_sources.md,97.06,97.06,97.04,97.04,0,USD,8511.85,8511.85,8510.31,8510.31,87.7,india_morning,none,ESTIMATED_FROM_DAILY_OHLC_USING_SESSION_HEURISTICS_NOT_REAL_INTRADAY_DATA,
2026-03-20T12:30:00+0530,2026-03-20T12:30:00+0530,20-03-2026,WTI,WTI Crude Oil Futures,NYMEX/CME,60m,FRONT_MONTH_CONTINUOUS,CL1!,RECONSTRUCTED_FROM_DAILY,See methodology_and_sources.md,97.04,97.04,97,97,0,USD,8510.31,8510.31,8507.12,8507.12,87.7,india_midday,none,ESTIMATED_FROM_DAILY_OHLC_USING_SESSION_HEURISTICS_NOT_REAL_INTRADAY_DATA,
2026-03-20T13:30:00+0530,2026-03-20T13:30:00+0530,20-03-2026,WTI,WTI Crude Oil Futures,NYMEX/CME,60m,FRONT_MONTH_CONTINUOUS,CL1!,RECONSTRUCTED_FROM_DAILY,See methodology_and_sources.md,97,97.03,97,97.03,0,USD,8507.12,8509.57,8507.12,8509.57,87.7,india_midday,none,ESTIMATED_FROM_DAILY_OHLC_USING_SESSION_HEURISTICS_NOT_REAL_INTRADAY_DATA,
2026-03-20T14:30:00+0530,2026-03-20T14:30:00+0530,20-03-2026,WTI,WTI Crude Oil Futures,NYMEX/CME,60m,FRONT_MONTH_CONTINUOUS,CL1!,RECONSTRUCTED_FROM_DAILY,See methodology_and_sources.md,97.03,97.03,96.95,96.95,0,USD,8509.57,8509.57,8502.84,8502.84,87.7,india_midday,none,ESTIMATED_FROM_DAILY_OHLC_USING_SESSION_HEURISTICS_NOT_REAL_INTRADAY_DATA,
2026-03-20T15:30:00+0530,2026-03-20T15:30:00+0530,20-03-2026,WTI,WTI Crude Oil Futures,NYMEX/CME,60m,FRONT_MONTH_CONTINUOUS,CL1!,RECONSTRUCTED_FROM_DAILY,See methodology_and_sources.md,96.95,97.06,96.95,97.06,0,USD,8502.84,8512.09,8502.84,8512.09,87.7,europe_open,first_30m_after_europe_open,ESTIMATED_FROM_DAILY_OHLC_USING_SESSION_HEURISTICS_NOT_REAL_INTRADAY_DATA,
2026-03-20T16:30:00+0530,2026-03-20T16:30:00+0530,20-03-2026,WTI,WTI Crude Oil Futures,NYMEX/CME,60m,FRONT_MONTH_CONTINUOUS,CL1!,RECONSTRUCTED_FROM_DAILY,See methodology_and_sources.md,97.06,97.06,96.99,96.99,0,USD,8512.09,8512.09,8505.87,8505.87,87.7,europe_open,none,ESTIMATED_FROM_DAILY_OHLC_USING_SESSION_HEURISTICS_NOT_REAL_INTRADAY_DATA,
2026-03-20T17:30:00+0530,2026-03-20T17:30:00+0530,20-03-2026,WTI,WTI Crude Oil Futures,NYMEX/CME,60m,FRONT_MONTH_CONTINUOUS,CL1!,RECONSTRUCTED_FROM_DAILY,See methodology_and_sources.md,96.99,96.99,96.89,96.89,0,USD,8505.87,8505.87,8497.65,8497.65,87.7,europe_mid,none,ESTIMATED_FROM_DAILY_OHLC_USING_SESSION_HEURISTICS_NOT_REAL_INTRADAY_DATA,
2026-03-20T18:30:00+0530,2026-03-20T18:30:00+0530,20-03-2026,WTI,WTI Crude Oil Futures,NYMEX/CME,60m,FRONT_MONTH_CONTINUOUS,CL1!,RECONSTRUCTED_FROM_DAILY,See methodology_and_sources.md,96.89,97.04,96.89,97.04,0,USD,8497.65,8510.56,8497.65,8510.56,87.7,europe_mid,none,ESTIMATED_FROM_DAILY_OHLC_USING_SESSION_HEURISTICS_NOT_REAL_INTRADAY_DATA,
2026-03-20T19:30:00+0530,2026-03-20T19:30:00+0530,20-03-2026,WTI,WTI Crude Oil Futures,NYMEX/CME,60m,FRONT_MONTH_CONTINUOUS,CL1!,RECONSTRUCTED_FROM_DAILY,See methodology_and_sources.md,97.04,97.06,97.04,97.06,0,USD,8510.56,8512.37,8510.56,8512.37,87.7,europe_mid,none,ESTIMATED_FROM_DAILY_OHLC_USING_SESSION_HEURISTICS_NOT_REAL_INTRADAY_DATA,
2026-03-20T20:30:00+0530,2026-03-20T20:30:00+0530,20-03-2026,WTI,WTI Crude Oil Futures,NYMEX/CME,60m,FRONT_MONTH_CONTINUOUS,CL1!,RECONSTRUCTED_FROM_DAILY,See methodology_and_sources.md,97.06,97.1,97.06,97.1,0,USD,8512.37,8516,8512.37,8516,87.7,us_pre_open,none,ESTIMATED_FROM_DAILY_OHLC_USING_SESSION_HEURISTICS_NOT_REAL_INTRADAY_DATA,
2026-03-20T21:30:00+0530,2026-03-20T21:30:00+0530,20-03-2026,WTI,WTI Crude Oil Futures,NYMEX/CME,60m,FRONT_MONTH_CONTINUOUS,CL1!,RECONSTRUCTED_FROM_DAILY,See methodology_and_sources.md,97.1,97.12,97.1,97.12,0,USD,8516,8517.22,8516,8517.22,87.7,us_open,first_hour_after_us_open,ESTIMATED_FROM_DAILY_OHLC_USING_SESSION_HEURISTICS_NOT_REAL_INTRADAY_DATA,
2026-03-20T22:30:00+0530,2026-03-20T22:30:00+0530,20-03-2026,WTI,WTI Crude Oil Futures,NYMEX/CME,60m,FRONT_MONTH_CONTINUOUS,CL1!,RECONSTRUCTED_FROM_DAILY,See methodology_and_sources.md,97.12,97.12,97.1,97.1,0,USD,8517.22,8517.22,8516.06,8516.06,87.7,us_open,final_hour_before_mcx_close,ESTIMATED_FROM_DAILY_OHLC_USING_SESSION_HEURISTICS_NOT_REAL_INTRADAY_DATA,
2026-03-20T23:30:00+0530,2026-03-20T23:30:00+0530,20-03-2026,WTI,WTI Crude Oil Futures,NYMEX/CME,60m,FRONT_MONTH_CONTINUOUS,CL1!,RECONSTRUCTED_FROM_DAILY,See methodology_and_sources.md,97.1,97.1,97,97,0,USD,8516.06,8516.06,8506.9,8506.9,87.7,mcx_tail,none,ESTIMATED_FROM_DAILY_OHLC_USING_SESSION_HEURISTICS_NOT_REAL_INTRADAY_DATA,
2026-03-21T00:30:00+0530,2026-03-21T00:30:00+0530,20-03-2026,WTI,WTI Crude Oil Futures,NYMEX/CME,60m,FRONT_MONTH_CONTINUOUS,CL1!,RECONSTRUCTED_FROM_DAILY,See methodology_and_sources.md,97,97,97,97,0,USD,8506.9,8506.9,8506.9,8506.9,87.7,other_valid_hours,none,ESTIMATED_FROM_DAILY_OHLC_USING_SESSION_HEURISTICS_NOT_REAL_INTRADAY_DATA,
2026-03-23T03:30:00+0530,2026-03-23T03:30:00+0530,23-03-2026,WTI,WTI Crude Oil Futures,NYMEX/CME,60m,FRONT_MONTH_CONTINUOUS,CL1!,RECONSTRUCTED_FROM_DAILY,See methodology_and_sources.md,99,99,99,99,0,USD,8692.2,8692.2,8692.2,8692.2,87.8,global_reopen_pre_mcx,none,ESTIMATED_FROM_DAILY_OHLC_USING_SESSION_HEURISTICS_NOT_REAL_INTRADAY_DATA,
2026-03-23T04:30:00+0530,2026-03-23T04:30:00+0530,23-03-2026,WTI,WTI Crude Oil Futures,NYMEX/CME,60m,FRONT_MONTH_CONTINUOUS,CL1!,RECONSTRUCTED_FROM_DAILY,See methodology_and_sources.md,99,99.01,99,99.01,0,USD,8692.2,8693.15,8692.2,8693.15,87.8,global_reopen_pre_mcx,none,ESTIMATED_FROM_DAILY_OHLC_USING_SESSION_HEURISTICS_NOT_REAL_INTRADAY_DATA,
2026-03-23T05:30:00+0530,2026-03-23T05:30:00+0530,23-03-2026,WTI,WTI Crude Oil Futures,NYMEX/CME,60m,FRONT_MONTH_CONTINUOUS,CL1!,RECONSTRUCTED_FROM_DAILY,See methodology_and_sources.md,99.01,99.01,99,99,0,USD,8693.15,8693.15,8692.2,8692.2,87.8,global_reopen_pre_mcx,none,ESTIMATED_FROM_DAILY_OHLC_USING_SESSION_HEURISTICS_NOT_REAL_INTRADAY_DATA,
2026-03-23T06:30:00+0530,2026-03-23T06:30:00+0530,23-03-2026,WTI,WTI Crude Oil Futures,NYMEX/CME,60m,FRONT_MONTH_CONTINUOUS,CL1!,RECONSTRUCTED_FROM_DAILY,See methodology_and_sources.md,99,99,99,99,0,USD,8692.2,8692.2,8692.2,8692.2,87.8,global_reopen_pre_mcx,none,ESTIMATED_FROM_DAILY_OHLC_USING_SESSION_HEURISTICS_NOT_REAL_INTRADAY_DATA,
2026-03-23T07:30:00+0530,2026-03-23T07:30:00+0530,23-03-2026,WTI,WTI Crude Oil Futures,NYMEX/CME,60m,FRONT_MONTH_CONTINUOUS,CL1!,RECONSTRUCTED_FROM_DAILY,See methodology_and_sources.md,99,99,99,99,0,USD,8692.2,8692.2,8692.2,8692.2,87.8,global_reopen_pre_mcx,none,ESTIMATED_FROM_DAILY_OHLC_USING_SESSION_HEURISTICS_NOT_REAL_INTRADAY_DATA,
2026-03-23T08:30:00+0530,2026-03-23T08:30:00+0530,23-03-2026,WTI,WTI Crude Oil Futures,NYMEX/CME,60m,FRONT_MONTH_CONTINUOUS,CL1!,RECONSTRUCTED_FROM_DAILY,See methodology_and_sources.md,99,99,99,99,0,USD,8692.2,8692.2,8692.2,8692.2,87.8,global_reopen_pre_mcx,none,ESTIMATED_FROM_DAILY_OHLC_USING_SESSION_HEURISTICS_NOT_REAL_INTRADAY_DATA,
2026-03-23T09:30:00+0530,2026-03-23T09:30:00+0530,23-03-2026,WTI,WTI Crude Oil Futures,NYMEX/CME,60m,FRONT_MONTH_CONTINUOUS,CL1!,RECONSTRUCTED_FROM_DAILY,See methodology_and_sources.md,99,99.02,99,99.02,0,USD,8692.2,8694.07,8692.2,8694.07,87.8,mcx_open_drive,none,ESTIMATED_FROM_DAILY_OHLC_USING_SESSION_HEURISTICS_NOT_REAL_INTRADAY_DATA,
2026-03-23T10:30:00+0530,2026-03-23T10:30:00+0530,23-03-2026,WTI,WTI Crude Oil Futures,NYMEX/CME,60m,FRONT_MONTH_CONTINUOUS,CL1!,RECONSTRUCTED_FROM_DAILY,See methodology_and_sources.md,99.02,99.02,99,99,0,USD,8694.07,8694.07,8692.2,8692.2,87.8,india_morning,none,ESTIMATED_FROM_DAILY_OHLC_USING_SESSION_HEURISTICS_NOT_REAL_INTRADAY_DATA,
2026-03-23T11:30:00+0530,2026-03-23T11:30:00+0530,23-03-2026,WTI,WTI Crude Oil Futures,NYMEX/CME,60m,FRONT_MONTH_CONTINUOUS,CL1!,RECONSTRUCTED_FROM_DAILY,See methodology_and_sources.md,99,99.04,99,99.04,0,USD,8692.2,8695.72,8692.2,8695.72,87.8,india_morning,none,ESTIMATED_FROM_DAILY_OHLC_USING_SESSION_HEURISTICS_NOT_REAL_INTRADAY_DATA,
2026-03-23T12:30:00+0530,2026-03-23T12:30:00+0530,23-03-2026,WTI,WTI Crude Oil Futures,NYMEX/CME,60m,FRONT_MONTH_CONTINUOUS,CL1!,RECONSTRUCTED_FROM_DAILY,See methodology_and_sources.md,99.04,99.04,99.02,99.02,0,USD,8695.72,8695.72,8694.35,8694.35,87.8,india_midday,none,ESTIMATED_FROM_DAILY_OHLC_USING_SESSION_HEURISTICS_NOT_REAL_INTRADAY_DATA,
2026-03-23T13:30:00+0530,2026-03-23T13:30:00+0530,23-03-2026,WTI,WTI Crude Oil Futures,NYMEX/CME,60m,FRONT_MONTH_CONTINUOUS,CL1!,RECONSTRUCTED_FROM_DAILY,See methodology_and_sources.md,99.02,99.03,99.02,99.03,0,USD,8694.35,8694.75,8694.35,8694.75,87.8,india_midday,none,ESTIMATED_FROM_DAILY_OHLC_USING_SESSION_HEURISTICS_NOT_REAL_INTRADAY_DATA,
2026-03-23T14:30:00+0530,2026-03-23T14:30:00+0530,23-03-2026,WTI,WTI Crude Oil Futures,NYMEX/CME,60m,FRONT_MONTH_CONTINUOUS,CL1!,RECONSTRUCTED_FROM_DAILY,See methodology_and_sources.md,99.03,99.03,99.01,99.01,0,USD,8694.75,8694.75,8693.27,8693.27,87.8,india_midday,none,ESTIMATED_FROM_DAILY_OHLC_USING_SESSION_HEURISTICS_NOT_REAL_INTRADAY_DATA,
2026-03-23T15:30:00+0530,2026-03-23T15:30:00+0530,23-03-2026,WTI,WTI Crude Oil Futures,NYMEX/CME,60m,FRONT_MONTH_CONTINUOUS,CL1!,RECONSTRUCTED_FROM_DAILY,See methodology_and_sources.md,99.01,99.01,99,99,0,USD,8693.27,8693.27,8692.2,8692.2,87.8,europe_open,first_30m_after_europe_open,ESTIMATED_FROM_DAILY_OHLC_USING_SESSION_HEURISTICS_NOT_REAL_INTRADAY_DATA,
2026-03-23T16:30:00+0530,2026-03-23T16:30:00+0530,23-03-2026,WTI,WTI Crude Oil Futures,NYMEX/CME,60m,FRONT_MONTH_CONTINUOUS,CL1!,RECONSTRUCTED_FROM_DAILY,See methodology_and_sources.md,99,99,99,99,0,USD,8692.2,8692.2,8692.2,8692.2,87.8,europe_open,none,ESTIMATED_FROM_DAILY_OHLC_USING_SESSION_HEURISTICS_NOT_REAL_INTRADAY_DATA,
2026-03-23T17:30:00+0530,2026-03-23T17:30:00+0530,23-03-2026,WTI,WTI Crude Oil Futures,NYMEX/CME,60m,FRONT_MONTH_CONTINUOUS,CL1!,RECONSTRUCTED_FROM_DAILY,See methodology_and_sources.md,99,99.07,99,99.07,0,USD,8692.2,8698.49,8692.2,8698.49,87.8,europe_mid,none,ESTIMATED_FROM_DAILY_OHLC_USING_SESSION_HEURISTICS_NOT_REAL_INTRADAY_DATA,
2026-03-23T18:30:00+0530,2026-03-23T18:30:00+0530,23-03-2026,WTI,WTI Crude Oil Futures,NYMEX/CME,60m,FRONT_MONTH_CONTINUOUS,CL1!,RECONSTRUCTED_FROM_DAILY,See methodology_and_sources.md,99.07,99.07,99.02,99.02,0,USD,8698.49,8698.49,8693.64,8693.64,87.8,europe_mid,none,ESTIMATED_FROM_DAILY_OHLC_USING_SESSION_HEURISTICS_NOT_REAL_INTRADAY_DATA,
2026-03-23T19:30:00+0530,2026-03-23T19:30:00+0530,23-03-2026,WTI,WTI Crude Oil Futures,NYMEX/CME,60m,FRONT_MONTH_CONTINUOUS,CL1!,RECONSTRUCTED_FROM_DAILY,See methodology_and_sources.md,99.02,99.02,99.02,99.02,0,USD,8693.64,8693.81,8693.64,8693.81,87.8,europe_mid,none,ESTIMATED_FROM_DAILY_OHLC_USING_SESSION_HEURISTICS_NOT_REAL_INTRADAY_DATA,
2026-03-23T20:30:00+0530,2026-03-23T20:30:00+0530,23-03-2026,WTI,WTI Crude Oil Futures,NYMEX/CME,60m,FRONT_MONTH_CONTINUOUS,CL1!,RECONSTRUCTED_FROM_DAILY,See methodology_and_sources.md,99.02,99.16,99.02,99.16,0,USD,8693.81,8706.46,8693.81,8706.46,87.8,us_pre_open,none,ESTIMATED_FROM_DAILY_OHLC_USING_SESSION_HEURISTICS_NOT_REAL_INTRADAY_DATA,
2026-03-23T21:30:00+0530,2026-03-23T21:30:00+0530,23-03-2026,WTI,WTI Crude Oil Futures,NYMEX/CME,60m,FRONT_MONTH_CONTINUOUS,CL1!,RECONSTRUCTED_FROM_DAILY,See methodology_and_sources.md,99.16,99.16,99.11,99.11,0,USD,8706.46,8706.46,8701.73,8701.73,87.8,us_open,first_hour_after_us_open,ESTIMATED_FROM_DAILY_OHLC_USING_SESSION_HEURISTICS_NOT_REAL_INTRADAY_DATA,
2026-03-23T22:30:00+0530,2026-03-23T22:30:00+0530,23-03-2026,WTI,WTI Crude Oil Futures,NYMEX/CME,60m,FRONT_MONTH_CONTINUOUS,CL1!,RECONSTRUCTED_FROM_DAILY,See methodology_and_sources.md,99.11,99.11,99.1,99.1,0,USD,8701.73,8701.73,8700.62,8700.62,87.8,us_open,final_hour_before_mcx_close,ESTIMATED_FROM_DAILY_OHLC_USING_SESSION_HEURISTICS_NOT_REAL_INTRADAY_DATA,
2026-03-23T23:30:00+0530,2026-03-23T23:30:00+0530,23-03-2026,WTI,WTI Crude Oil Futures,NYMEX/CME,60m,FRONT_MONTH_CONTINUOUS,CL1!,RECONSTRUCTED_FROM_DAILY,See methodology_and_sources.md,99.1,102,99.1,102,0,USD,8700.62,8955.6,8700.62,8955.6,87.8,mcx_tail,none,ESTIMATED_FROM_DAILY_OHLC_USING_SESSION_HEURISTICS_NOT_REAL_INTRADAY_DATA,
2026-03-24T00:30:00+0530,2026-03-24T00:30:00+0530,23-03-2026,WTI,WTI Crude Oil Futures,NYMEX/CME,60m,FRONT_MONTH_CONTINUOUS,CL1!,RECONSTRUCTED_FROM_DAILY,See methodology_and_sources.md,102,102,102,102,0,USD,8955.6,8955.6,8955.6,8955.6,87.8,other_valid_hours,none,ESTIMATED_FROM_DAILY_OHLC_USING_SESSION_HEURISTICS_NOT_REAL_INTRADAY_DATA,
2026-03-24T03:30:00+0530,2026-03-24T03:30:00+0530,24-03-2026,WTI,WTI Crude Oil Futures,NYMEX/CME,60m,FRONT_MONTH_CONTINUOUS,CL1!,RECONSTRUCTED_FROM_DAILY,See methodology_and_sources.md,102,102.04,102,102.04,0,USD,8960.7,8963.99,8960.7,8963.99,87.85,global_reopen_pre_mcx,none,ESTIMATED_FROM_DAILY_OHLC_USING_SESSION_HEURISTICS_NOT_REAL_INTRADAY_DATA,
2026-03-24T04:30:00+0530,2026-03-24T04:30:00+0530,24-03-2026,WTI,WTI Crude Oil Futures,NYMEX/CME,60m,FRONT_MONTH_CONTINUOUS,CL1!,RECONSTRUCTED_FROM_DAILY,See methodology_and_sources.md,102.04,102.14,102.04,102.14,0,USD,8963.99,8973.05,8963.99,8973.05,87.85,global_reopen_pre_mcx,none,ESTIMATED_FROM_DAILY_OHLC_USING_SESSION_HEURISTICS_NOT_REAL_INTRADAY_DATA,
2026-03-24T05:30:00+0530,2026-03-24T05:30:00+0530,24-03-2026,WTI,WTI Crude Oil Futures,NYMEX/CME,60m,FRONT_MONTH_CONTINUOUS,CL1!,RECONSTRUCTED_FROM_DAILY,See methodology_and_sources.md,102.14,102.14,102.12,102.12,0,USD,8973.05,8973.05,8971.11,8971.11,87.85,global_reopen_pre_mcx,none,ESTIMATED_FROM_DAILY_OHLC_USING_SESSION_HEURISTICS_NOT_REAL_INTRADAY_DATA,
2026-03-24T06:30:00+0530,2026-03-24T06:30:00+0530,24-03-2026,WTI,WTI Crude Oil Futures,NYMEX/CME,60m,FRONT_MONTH_CONTINUOUS,CL1!,RECONSTRUCTED_FROM_DAILY,See methodology_and_sources.md,102.12,102.17,102.12,102.17,0,USD,8971.11,8975.76,8971.11,8975.76,87.85,global_reopen_pre_mcx,none,ESTIMATED_FROM_DAILY_OHLC_USING_SESSION_HEURISTICS_NOT_REAL_INTRADAY_DATA,
2026-03-24T07:30:00+0530,2026-03-24T07:30:00+0530,24-03-2026,WTI,WTI Crude Oil Futures,NYMEX/CME,60m,FRONT_MONTH_CONTINUOUS,CL1!,RECONSTRUCTED_FROM_DAILY,See methodology_and_sources.md,102.17,102.17,102.13,102.13,0,USD,8975.76,8975.76,8972.22,8972.22,87.85,global_reopen_pre_mcx,none,ESTIMATED_FROM_DAILY_OHLC_USING_SESSION_HEURISTICS_NOT_REAL_INTRADAY_DATA,
2026-03-24T08:30:00+0530,2026-03-24T08:30:00+0530,24-03-2026,WTI,WTI Crude Oil Futures,NYMEX/CME,60m,FRONT_MONTH_CONTINUOUS,CL1!,RECONSTRUCTED_FROM_DAILY,See methodology_and_sources.md,102.13,102.13,102.12,102.12,0,USD,8972.22,8972.22,8971.56,8971.56,87.85,global_reopen_pre_mcx,none,ESTIMATED_FROM_DAILY_OHLC_USING_SESSION_HEURISTICS_NOT_REAL_INTRADAY_DATA,
2026-03-24T09:30:00+0530,2026-03-24T09:30:00+0530,24-03-2026,WTI,WTI Crude Oil Futures,NYMEX/CME,60m,FRONT_MONTH_CONTINUOUS,CL1!,RECONSTRUCTED_FROM_DAILY,See methodology_and_sources.md,102.12,102.12,102.09,102.09,0,USD,8971.56,8971.56,8968.3,8968.3,87.85,mcx_open_drive,none,ESTIMATED_FROM_DAILY_OHLC_USING_SESSION_HEURISTICS_NOT_REAL_INTRADAY_DATA,
2026-03-24T10:30:00+0530,2026-03-24T10:30:00+0530,24-03-2026,WTI,WTI Crude Oil Futures,NYMEX/CME,60m,FRONT_MONTH_CONTINUOUS,CL1!,RECONSTRUCTED_FROM_DAILY,See methodology_and_sources.md,102.09,102.09,102.09,102.09,0,USD,8968.3,8968.65,8968.3,8968.65,87.85,india_morning,none,ESTIMATED_FROM_DAILY_OHLC_USING_SESSION_HEURISTICS_NOT_REAL_INTRADAY_DATA,
2026-03-24T11:30:00+0530,2026-03-24T11:30:00+0530,24-03-2026,WTI,WTI Crude Oil Futures,NYMEX/CME,60m,FRONT_MONTH_CONTINUOUS,CL1!,RECONSTRUCTED_FROM_DAILY,See methodology_and_sources.md,102.09,102.1,102.09,102.1,0,USD,8968.65,8969.86,8968.65,8969.86,87.85,india_morning,none,ESTIMATED_FROM_DAILY_OHLC_USING_SESSION_HEURISTICS_NOT_REAL_INTRADAY_DATA,
2026-03-24T12:30:00+0530,2026-03-24T12:30:00+0530,24-03-2026,WTI,WTI Crude Oil Futures,NYMEX/CME,60m,FRONT_MONTH_CONTINUOUS,CL1!,RECONSTRUCTED_FROM_DAILY,See methodology_and_sources.md,102.1,102.15,102.1,102.15,0,USD,8969.86,8973.46,8969.86,8973.46,87.85,india_midday,none,ESTIMATED_FROM_DAILY_OHLC_USING_SESSION_HEURISTICS_NOT_REAL_INTRADAY_DATA,
2026-03-24T13:30:00+0530,2026-03-24T13:30:00+0530,24-03-2026,WTI,WTI Crude Oil Futures,NYMEX/CME,60m,FRONT_MONTH_CONTINUOUS,CL1!,RECONSTRUCTED_FROM_DAILY,See methodology_and_sources.md,102.15,102.15,102.13,102.13,0,USD,8973.46,8973.46,8971.85,8971.85,87.85,india_midday,none,ESTIMATED_FROM_DAILY_OHLC_USING_SESSION_HEURISTICS_NOT_REAL_INTRADAY_DATA,
2026-03-24T14:30:00+0530,2026-03-24T14:30:00+0530,24-03-2026,WTI,WTI Crude Oil Futures,NYMEX/CME,60m,FRONT_MONTH_CONTINUOUS,CL1!,RECONSTRUCTED_FROM_DAILY,See methodology_and_sources.md,102.13,102.13,102.11,102.11,0,USD,8971.85,8971.85,8970.44,8970.44,87.85,india_midday,none,ESTIMATED_FROM_DAILY_OHLC_USING_SESSION_HEURISTICS_NOT_REAL_INTRADAY_DATA,
2026-03-24T15:30:00+0530,2026-03-24T15:30:00+0530,24-03-2026,WTI,WTI Crude Oil Futures,NYMEX/CME,60m,FRONT_MONTH_CONTINUOUS,CL1!,RECONSTRUCTED_FROM_DAILY,See methodology_and_sources.md,102.11,102.13,102.11,102.13,0,USD,8970.44,8972.47,8970.44,8972.47,87.85,europe_open,first_30m_after_europe_open,ESTIMATED_FROM_DAILY_OHLC_USING_SESSION_HEURISTICS_NOT_REAL_INTRADAY_DATA,
2026-03-24T16:30:00+0530,2026-03-24T16:30:00+0530,24-03-2026,WTI,WTI Crude Oil Futures,NYMEX/CME,60m,FRONT_MONTH_CONTINUOUS,CL1!,RECONSTRUCTED_FROM_DAILY,See methodology_and_sources.md,102.13,102.16,102.13,102.16,0,USD,8972.47,8974.56,8972.47,8974.56,87.85,europe_open,none,ESTIMATED_FROM_DAILY_OHLC_USING_SESSION_HEURISTICS_NOT_REAL_INTRADAY_DATA,
2026-03-24T17:30:00+0530,2026-03-24T17:30:00+0530,24-03-2026,WTI,WTI Crude Oil Futures,NYMEX/CME,60m,FRONT_MONTH_CONTINUOUS,CL1!,RECONSTRUCTED_FROM_DAILY,See methodology_and_sources.md,102.16,102.16,102.13,102.13,0,USD,8974.56,8974.56,8972.37,8972.37,87.85,europe_mid,none,ESTIMATED_FROM_DAILY_OHLC_USING_SESSION_HEURISTICS_NOT_REAL_INTRADAY_DATA,
2026-03-24T18:30:00+0530,2026-03-24T18:30:00+0530,24-03-2026,WTI,WTI Crude Oil Futures,NYMEX/CME,60m,FRONT_MONTH_CONTINUOUS,CL1!,RECONSTRUCTED_FROM_DAILY,See methodology_and_sources.md,102.13,102.13,102.11,102.11,0,USD,8972.37,8972.37,8969.98,8969.98,87.85,europe_mid,none,ESTIMATED_FROM_DAILY_OHLC_USING_SESSION_HEURISTICS_NOT_REAL_INTRADAY_DATA,
2026-03-24T19:30:00+0530,2026-03-24T19:30:00+0530,24-03-2026,WTI,WTI Crude Oil Futures,NYMEX/CME,60m,FRONT_MONTH_CONTINUOUS,CL1!,RECONSTRUCTED_FROM_DAILY,See methodology_and_sources.md,102.11,102.11,102.08,102.08,0,USD,8969.98,8969.98,8967.44,8967.44,87.85,europe_mid,none,ESTIMATED_FROM_DAILY_OHLC_USING_SESSION_HEURISTICS_NOT_REAL_INTRADAY_DATA,
2026-03-24T20:30:00+0530,2026-03-24T20:30:00+0530,24-03-2026,WTI,WTI Crude Oil Futures,NYMEX/CME,60m,FRONT_MONTH_CONTINUOUS,CL1!,RECONSTRUCTED_FROM_DAILY,See methodology_and_sources.md,102.08,102.08,102.04,102.04,0,USD,8967.44,8967.44,8964.63,8964.63,87.85,us_pre_open,none,ESTIMATED_FROM_DAILY_OHLC_USING_SESSION_HEURISTICS_NOT_REAL_INTRADAY_DATA,
2026-03-24T21:30:00+0530,2026-03-24T21:30:00+0530,24-03-2026,WTI,WTI Crude Oil Futures,NYMEX/CME,60m,FRONT_MONTH_CONTINUOUS,CL1!,RECONSTRUCTED_FROM_DAILY,See methodology_and_sources.md,102.04,102.08,102.04,102.08,0,USD,8964.63,8967.55,8964.63,8967.55,87.85,us_open,first_hour_after_us_open,ESTIMATED_FROM_DAILY_OHLC_USING_SESSION_HEURISTICS_NOT_REAL_INTRADAY_DATA,
2026-03-24T22:30:00+0530,2026-03-24T22:30:00+0530,24-03-2026,WTI,WTI Crude Oil Futures,NYMEX/CME,60m,FRONT_MONTH_CONTINUOUS,CL1!,RECONSTRUCTED_FROM_DAILY,See methodology_and_sources.md,102.08,102.11,102.08,102.11,0,USD,8967.55,8970.25,8967.55,8970.25,87.85,us_open,final_hour_before_mcx_close,ESTIMATED_FROM_DAILY_OHLC_USING_SESSION_HEURISTICS_NOT_REAL_INTRADAY_DATA,
2026-03-24T23:30:00+0530,2026-03-24T23:30:00+0530,24-03-2026,WTI,WTI Crude Oil Futures,NYMEX/CME,60m,FRONT_MONTH_CONTINUOUS,CL1!,RECONSTRUCTED_FROM_DAILY,See methodology_and_sources.md,102.11,102.11,101,101,0,USD,8970.25,8970.25,8872.85,8872.85,87.85,mcx_tail,none,ESTIMATED_FROM_DAILY_OHLC_USING_SESSION_HEURISTICS_NOT_REAL_INTRADAY_DATA,
2026-03-25T00:30:00+0530,2026-03-25T00:30:00+0530,24-03-2026,WTI,WTI Crude Oil Futures,NYMEX/CME,60m,FRONT_MONTH_CONTINUOUS,CL1!,RECONSTRUCTED_FROM_DAILY,See methodology_and_sources.md,101,101,101,101,0,USD,8872.85,8872.85,8872.85,8872.85,87.85,other_valid_hours,none,ESTIMATED_FROM_DAILY_OHLC_USING_SESSION_HEURISTICS_NOT_REAL_INTRADAY_DATA,
2026-03-25T03:30:00+0530,2026-03-25T03:30:00+0530,25-03-2026,WTI,WTI Crude Oil Futures,NYMEX/CME,60m,FRONT_MONTH_CONTINUOUS,CL1!,RECONSTRUCTED_FROM_DAILY,See methodology_and_sources.md,100,100.01,100,100.01,0,USD,8790,8790.83,8790,8790.83,87.9,global_reopen_pre_mcx,none,ESTIMATED_FROM_DAILY_OHLC_USING_SESSION_HEURISTICS_NOT_REAL_INTRADAY_DATA,
2026-03-25T04:30:00+0530,2026-03-25T04:30:00+0530,25-03-2026,WTI,WTI Crude Oil Futures,NYMEX/CME,60m,FRONT_MONTH_CONTINUOUS,CL1!,RECONSTRUCTED_FROM_DAILY,See methodology_and_sources.md,100.01,100.02,100.01,100.02,0,USD,8790.83,8791.56,8790.83,8791.56,87.9,global_reopen_pre_mcx,none,ESTIMATED_FROM_DAILY_OHLC_USING_SESSION_HEURISTICS_NOT_REAL_INTRADAY_DATA,
2026-03-25T05:30:00+0530,2026-03-25T05:30:00+0530,25-03-2026,WTI,WTI Crude Oil Futures,NYMEX/CME,60m,FRONT_MONTH_CONTINUOUS,CL1!,RECONSTRUCTED_FROM_DAILY,See methodology_and_sources.md,100.02,100.02,100.02,100.02,0,USD,8791.56,8791.8,8791.56,8791.8,87.9,global_reopen_pre_mcx,none,ESTIMATED_FROM_DAILY_OHLC_USING_SESSION_HEURISTICS_NOT_REAL_INTRADAY_DATA,
2026-03-25T06:30:00+0530,2026-03-25T06:30:00+0530,25-03-2026,WTI,WTI Crude Oil Futures,NYMEX/CME,60m,FRONT_MONTH_CONTINUOUS,CL1!,RECONSTRUCTED_FROM_DAILY,See methodology_and_sources.md,100.02,100.02,100.01,100.01,0,USD,8791.8,8791.8,8790.99,8790.99,87.9,global_reopen_pre_mcx,none,ESTIMATED_FROM_DAILY_OHLC_USING_SESSION_HEURISTICS_NOT_REAL_INTRADAY_DATA,
2026-03-25T07:30:00+0530,2026-03-25T07:30:00+0530,25-03-2026,WTI,WTI Crude Oil Futures,NYMEX/CME,60m,FRONT_MONTH_CONTINUOUS,CL1!,RECONSTRUCTED_FROM_DAILY,See methodology_and_sources.md,100.01,100.01,100,100,0,USD,8790.99,8790.99,8790,8790,87.9,global_reopen_pre_mcx,none,ESTIMATED_FROM_DAILY_OHLC_USING_SESSION_HEURISTICS_NOT_REAL_INTRADAY_DATA,
2026-03-25T08:30:00+0530,2026-03-25T08:30:00+0530,25-03-2026,WTI,WTI Crude Oil Futures,NYMEX/CME,60m,FRONT_MONTH_CONTINUOUS,CL1!,RECONSTRUCTED_FROM_DAILY,See methodology_and_sources.md,100,100,100,100,0,USD,8790,8790,8790,8790,87.9,global_reopen_pre_mcx,none,ESTIMATED_FROM_DAILY_OHLC_USING_SESSION_HEURISTICS_NOT_REAL_INTRADAY_DATA,
2026-03-25T09:30:00+0530,2026-03-25T09:30:00+0530,25-03-2026,WTI,WTI Crude Oil Futures,NYMEX/CME,60m,FRONT_MONTH_CONTINUOUS,CL1!,RECONSTRUCTED_FROM_DAILY,See methodology_and_sources.md,100,100.02,100,100.02,0,USD,8790,8791.67,8790,8791.67,87.9,mcx_open_drive,none,ESTIMATED_FROM_DAILY_OHLC_USING_SESSION_HEURISTICS_NOT_REAL_INTRADAY_DATA,
2026-03-25T10:30:00+0530,2026-03-25T10:30:00+0530,25-03-2026,WTI,WTI Crude Oil Futures,NYMEX/CME,60m,FRONT_MONTH_CONTINUOUS,CL1!,RECONSTRUCTED_FROM_DAILY,See methodology_and_sources.md,100.02,100.02,100,100,0,USD,8791.67,8791.67,8790,8790,87.9,india_morning,none,ESTIMATED_FROM_DAILY_OHLC_USING_SESSION_HEURISTICS_NOT_REAL_INTRADAY_DATA,
2026-03-25T11:30:00+0530,2026-03-25T11:30:00+0530,25-03-2026,WTI,WTI Crude Oil Futures,NYMEX/CME,60m,FRONT_MONTH_CONTINUOUS,CL1!,RECONSTRUCTED_FROM_DAILY,See methodology_and_sources.md,100,100,100,100,0,USD,8790,8790,8790,8790,87.9,india_morning,none,ESTIMATED_FROM_DAILY_OHLC_USING_SESSION_HEURISTICS_NOT_REAL_INTRADAY_DATA,
2026-03-25T12:30:00+0530,2026-03-25T12:30:00+0530,25-03-2026,WTI,WTI Crude Oil Futures,NYMEX/CME,60m,FRONT_MONTH_CONTINUOUS,CL1!,RECONSTRUCTED_FROM_DAILY,See methodology_and_sources.md,100,100,100,100,0,USD,8790,8790,8790,8790,87.9,india_midday,none,ESTIMATED_FROM_DAILY_OHLC_USING_SESSION_HEURISTICS_NOT_REAL_INTRADAY_DATA,
2026-03-25T13:30:00+0530,2026-03-25T13:30:00+0530,25-03-2026,WTI,WTI Crude Oil Futures,NYMEX/CME,60m,FRONT_MONTH_CONTINUOUS,CL1!,RECONSTRUCTED_FROM_DAILY,See methodology_and_sources.md,100,100,100,100,0,USD,8790,8790,8790,8790,87.9,india_midday,none,ESTIMATED_FROM_DAILY_OHLC_USING_SESSION_HEURISTICS_NOT_REAL_INTRADAY_DATA,
2026-03-25T14:30:00+0530,2026-03-25T14:30:00+0530,25-03-2026,WTI,WTI Crude Oil Futures,NYMEX/CME,60m,FRONT_MONTH_CONTINUOUS,CL1!,RECONSTRUCTED_FROM_DAILY,See methodology_and_sources.md,100,100,100,100,0,USD,8790,8790,8790,8790,87.9,india_midday,none,ESTIMATED_FROM_DAILY_OHLC_USING_SESSION_HEURISTICS_NOT_REAL_INTRADAY_DATA,
2026-03-25T15:30:00+0530,2026-03-25T15:30:00+0530,25-03-2026,WTI,WTI Crude Oil Futures,NYMEX/CME,60m,FRONT_MONTH_CONTINUOUS,CL1!,RECONSTRUCTED_FROM_DAILY,See methodology_and_sources.md,100,100,100,100,0,USD,8790,8790,8790,8790,87.9,europe_open,first_30m_after_europe_open,ESTIMATED_FROM_DAILY_OHLC_USING_SESSION_HEURISTICS_NOT_REAL_INTRADAY_DATA,
2026-03-25T16:30:00+0530,2026-03-25T16:30:00+0530,25-03-2026,WTI,WTI Crude Oil Futures,NYMEX/CME,60m,FRONT_MONTH_CONTINUOUS,CL1!,RECONSTRUCTED_FROM_DAILY,See methodology_and_sources.md,100,100,100,100,0,USD,8790,8790,8790,8790,87.9,europe_open,none,ESTIMATED_FROM_DAILY_OHLC_USING_SESSION_HEURISTICS_NOT_REAL_INTRADAY_DATA,
2026-03-25T17:30:00+0530,2026-03-25T17:30:00+0530,25-03-2026,WTI,WTI Crude Oil Futures,NYMEX/CME,60m,FRONT_MONTH_CONTINUOUS,CL1!,RECONSTRUCTED_FROM_DAILY,See methodology_and_sources.md,100,100.02,100,100.02,0,USD,8790,8791.35,8790,8791.35,87.9,europe_mid,none,ESTIMATED_FROM_DAILY_OHLC_USING_SESSION_HEURISTICS_NOT_REAL_INTRADAY_DATA,
2026-03-25T18:30:00+0530,2026-03-25T18:30:00+0530,25-03-2026,WTI,WTI Crude Oil Futures,NYMEX/CME,60m,FRONT_MONTH_CONTINUOUS,CL1!,RECONSTRUCTED_FROM_DAILY,See methodology_and_sources.md,100.02,100.02,100,100,0,USD,8791.35,8791.35,8790,8790,87.9,europe_mid,none,ESTIMATED_FROM_DAILY_OHLC_USING_SESSION_HEURISTICS_NOT_REAL_INTRADAY_DATA,
2026-03-25T19:30:00+0530,2026-03-25T19:30:00+0530,25-03-2026,WTI,WTI Crude Oil Futures,NYMEX/CME,60m,FRONT_MONTH_CONTINUOUS,CL1!,RECONSTRUCTED_FROM_DAILY,See methodology_and_sources.md,100,100.01,100,100.01,0,USD,8790,8790.8,8790,8790.8,87.9,europe_mid,none,ESTIMATED_FROM_DAILY_OHLC_USING_SESSION_HEURISTICS_NOT_REAL_INTRADAY_DATA,
2026-03-25T20:30:00+0530,2026-03-25T20:30:00+0530,25-03-2026,WTI,WTI Crude Oil Futures,NYMEX/CME,60m,FRONT_MONTH_CONTINUOUS,CL1!,RECONSTRUCTED_FROM_DAILY,See methodology_and_sources.md,100.01,100.01,100,100,0,USD,8790.8,8790.8,8790,8790,87.9,us_pre_open,none,ESTIMATED_FROM_DAILY_OHLC_USING_SESSION_HEURISTICS_NOT_REAL_INTRADAY_DATA,
2026-03-25T21:30:00+0530,2026-03-25T21:30:00+0530,25-03-2026,WTI,WTI Crude Oil Futures,NYMEX/CME,60m,FRONT_MONTH_CONTINUOUS,CL1!,RECONSTRUCTED_FROM_DAILY,See methodology_and_sources.md,100,100,100,100,0,USD,8790,8790,8790,8790,87.9,us_open,first_hour_after_us_open,ESTIMATED_FROM_DAILY_OHLC_USING_SESSION_HEURISTICS_NOT_REAL_INTRADAY_DATA,
2026-03-25T22:30:00+0530,2026-03-25T22:30:00+0530,25-03-2026,WTI,WTI Crude Oil Futures,NYMEX/CME,60m,FRONT_MONTH_CONTINUOUS,CL1!,RECONSTRUCTED_FROM_DAILY,See methodology_and_sources.md,100,100,100,100,0,USD,8790,8790,8790,8790,87.9,us_open,final_hour_before_mcx_close,ESTIMATED_FROM_DAILY_OHLC_USING_SESSION_HEURISTICS_NOT_REAL_INTRADAY_DATA,
2026-03-25T23:30:00+0530,2026-03-25T23:30:00+0530,25-03-2026,WTI,WTI Crude Oil Futures,NYMEX/CME,60m,FRONT_MONTH_CONTINUOUS,CL1!,RECONSTRUCTED_FROM_DAILY,See methodology_and_sources.md,100,105,100,105,0,USD,8790,9229.5,8790,9229.5,87.9,mcx_tail,none,ESTIMATED_FROM_DAILY_OHLC_USING_SESSION_HEURISTICS_NOT_REAL_INTRADAY_DATA,
2026-03-26T00:30:00+0530,2026-03-26T00:30:00+0530,25-03-2026,WTI,WTI Crude Oil Futures,NYMEX/CME,60m,FRONT_MONTH_CONTINUOUS,CL1!,RECONSTRUCTED_FROM_DAILY,See methodology_and_sources.md,105,105,105,105,0,USD,9229.5,9229.5,9229.5,9229.5,87.9,other_valid_hours,none,ESTIMATED_FROM_DAILY_OHLC_USING_SESSION_HEURISTICS_NOT_REAL_INTRADAY_DATA,
2026-03-26T03:30:00+0530,2026-03-26T03:30:00+0530,26-03-2026,WTI,WTI Crude Oil Futures,NYMEX/CME,60m,FRONT_MONTH_CONTINUOUS,CL1!,RECONSTRUCTED_FROM_DAILY,See methodology_and_sources.md,103,103.01,103,103.01,0,USD,9058.85,9059.37,9058.85,9059.37,87.95,global_reopen_pre_mcx,none,ESTIMATED_FROM_DAILY_OHLC_USING_SESSION_HEURISTICS_NOT_REAL_INTRADAY_DATA,
2026-03-26T04:30:00+0530,2026-03-26T04:30:00+0530,26-03-2026,WTI,WTI Crude Oil Futures,NYMEX/CME,60m,FRONT_MONTH_CONTINUOUS,CL1!,RECONSTRUCTED_FROM_DAILY,See methodology_and_sources.md,103.01,103.01,103,103,0,USD,9059.37,9059.37,9058.85,9058.85,87.95,global_reopen_pre_mcx,none,ESTIMATED_FROM_DAILY_OHLC_USING_SESSION_HEURISTICS_NOT_REAL_INTRADAY_DATA,
2026-03-26T05:30:00+0530,2026-03-26T05:30:00+0530,26-03-2026,WTI,WTI Crude Oil Futures,NYMEX/CME,60m,FRONT_MONTH_CONTINUOUS,CL1!,RECONSTRUCTED_FROM_DAILY,See methodology_and_sources.md,103,103,103,103,0,USD,9058.85,9058.85,9058.85,9058.85,87.95,global_reopen_pre_mcx,none,ESTIMATED_FROM_DAILY_OHLC_USING_SESSION_HEURISTICS_NOT_REAL_INTRADAY_DATA,
2026-03-26T06:30:00+0530,2026-03-26T06:30:00+0530,26-03-2026,WTI,WTI Crude Oil Futures,NYMEX/CME,60m,FRONT_MONTH_CONTINUOUS,CL1!,RECONSTRUCTED_FROM_DAILY,See methodology_and_sources.md,103,103.01,103,103.01,0,USD,9058.85,9059.65,9058.85,9059.65,87.95,global_reopen_pre_mcx,none,ESTIMATED_FROM_DAILY_OHLC_USING_SESSION_HEURISTICS_NOT_REAL_INTRADAY_DATA,
2026-03-26T07:30:00+0530,2026-03-26T07:30:00+0530,26-03-2026,WTI,WTI Crude Oil Futures,NYMEX/CME,60m,FRONT_MONTH_CONTINUOUS,CL1!,RECONSTRUCTED_FROM_DAILY,See methodology_and_sources.md,103.01,103.02,103.01,103.02,0,USD,9059.65,9060.99,9059.65,9060.99,87.95,global_reopen_pre_mcx,none,ESTIMATED_FROM_DAILY_OHLC_USING_SESSION_HEURISTICS_NOT_REAL_INTRADAY_DATA,
2026-03-26T08:30:00+0530,2026-03-26T08:30:00+0530,26-03-2026,WTI,WTI Crude Oil Futures,NYMEX/CME,60m,FRONT_MONTH_CONTINUOUS,CL1!,RECONSTRUCTED_FROM_DAILY,See methodology_and_sources.md,103.02,103.02,103.02,103.02,0,USD,9060.99,9061.02,9060.99,9061.02,87.95,global_reopen_pre_mcx,none,ESTIMATED_FROM_DAILY_OHLC_USING_SESSION_HEURISTICS_NOT_REAL_INTRADAY_DATA,
2026-03-26T09:30:00+0530,2026-03-26T09:30:00+0530,26-03-2026,WTI,WTI Crude Oil Futures,NYMEX/CME,60m,FRONT_MONTH_CONTINUOUS,CL1!,RECONSTRUCTED_FROM_DAILY,See methodology_and_sources.md,103.02,103.1,103.02,103.1,0,USD,9061.02,9067.3,9061.02,9067.3,87.95,mcx_open_drive,none,ESTIMATED_FROM_DAILY_OHLC_USING_SESSION_HEURISTICS_NOT_REAL_INTRADAY_DATA,
2026-03-26T10:30:00+0530,2026-03-26T10:30:00+0530,26-03-2026,WTI,WTI Crude Oil Futures,NYMEX/CME,60m,FRONT_MONTH_CONTINUOUS,CL1!,RECONSTRUCTED_FROM_DAILY,See methodology_and_sources.md,103.1,103.1,103.05,103.05,0,USD,9067.3,9067.3,9063.51,9063.51,87.95,india_morning,none,ESTIMATED_FROM_DAILY_OHLC_USING_SESSION_HEURISTICS_NOT_REAL_INTRADAY_DATA,
2026-03-26T11:30:00+0530,2026-03-26T11:30:00+0530,26-03-2026,WTI,WTI Crude Oil Futures,NYMEX/CME,60m,FRONT_MONTH_CONTINUOUS,CL1!,RECONSTRUCTED_FROM_DAILY,See methodology_and_sources.md,103.05,103.05,103,103,0,USD,9063.51,9063.51,9058.85,9058.85,87.95,india_morning,none,ESTIMATED_FROM_DAILY_OHLC_USING_SESSION_HEURISTICS_NOT_REAL_INTRADAY_DATA,
2026-03-26T12:30:00+0530,2026-03-26T12:30:00+0530,26-03-2026,WTI,WTI Crude Oil Futures,NYMEX/CME,60m,FRONT_MONTH_CONTINUOUS,CL1!,RECONSTRUCTED_FROM_DAILY,See methodology_and_sources.md,103,103,103,103,0,USD,9058.85,9058.85,9058.85,9058.85,87.95,india_midday,none,ESTIMATED_FROM_DAILY_OHLC_USING_SESSION_HEURISTICS_NOT_REAL_INTRADAY_DATA,
2026-03-26T13:30:00+0530,2026-03-26T13:30:00+0530,26-03-2026,WTI,WTI Crude Oil Futures,NYMEX/CME,60m,FRONT_MONTH_CONTINUOUS,CL1!,RECONSTRUCTED_FROM_DAILY,See methodology_and_sources.md,103,103.05,103,103.05,0,USD,9058.85,9063.03,9058.85,9063.03,87.95,india_midday,none,ESTIMATED_FROM_DAILY_OHLC_USING_SESSION_HEURISTICS_NOT_REAL_INTRADAY_DATA,
2026-03-26T14:30:00+0530,2026-03-26T14:30:00+0530,26-03-2026,WTI,WTI Crude Oil Futures,NYMEX/CME,60m,FRONT_MONTH_CONTINUOUS,CL1!,RECONSTRUCTED_FROM_DAILY,See methodology_and_sources.md,103.05,103.09,103.05,103.09,0,USD,9063.03,9066.44,9063.03,9066.44,87.95,india_midday,none,ESTIMATED_FROM_DAILY_OHLC_USING_SESSION_HEURISTICS_NOT_REAL_INTRADAY_DATA,
2026-03-26T15:30:00+0530,2026-03-26T15:30:00+0530,26-03-2026,WTI,WTI Crude Oil Futures,NYMEX/CME,60m,FRONT_MONTH_CONTINUOUS,CL1!,RECONSTRUCTED_FROM_DAILY,See methodology_and_sources.md,103.09,103.17,103.09,103.17,0,USD,9066.44,9073.69,9066.44,9073.69,87.95,europe_open,first_30m_after_europe_open,ESTIMATED_FROM_DAILY_OHLC_USING_SESSION_HEURISTICS_NOT_REAL_INTRADAY_DATA,
2026-03-26T16:30:00+0530,2026-03-26T16:30:00+0530,26-03-2026,WTI,WTI Crude Oil Futures,NYMEX/CME,60m,FRONT_MONTH_CONTINUOUS,CL1!,RECONSTRUCTED_FROM_DAILY,See methodology_and_sources.md,103.17,103.17,103.09,103.09,0,USD,9073.69,9073.69,9066.78,9066.78,87.95,europe_open,none,ESTIMATED_FROM_DAILY_OHLC_USING_SESSION_HEURISTICS_NOT_REAL_INTRADAY_DATA,
2026-03-26T17:30:00+0530,2026-03-26T17:30:00+0530,26-03-2026,WTI,WTI Crude Oil Futures,NYMEX/CME,60m,FRONT_MONTH_CONTINUOUS,CL1!,RECONSTRUCTED_FROM_DAILY,See methodology_and_sources.md,103.09,103.09,103.06,103.06,0,USD,9066.78,9066.78,9063.88,9063.88,87.95,europe_mid,none,ESTIMATED_FROM_DAILY_OHLC_USING_SESSION_HEURISTICS_NOT_REAL_INTRADAY_DATA,
2026-03-26T18:30:00+0530,2026-03-26T18:30:00+0530,26-03-2026,WTI,WTI Crude Oil Futures,NYMEX/CME,60m,FRONT_MONTH_CONTINUOUS,CL1!,RECONSTRUCTED_FROM_DAILY,See methodology_and_sources.md,103.06,103.11,103.06,103.11,0,USD,9063.88,9068.82,9063.88,9068.82,87.95,europe_mid,none,ESTIMATED_FROM_DAILY_OHLC_USING_SESSION_HEURISTICS_NOT_REAL_INTRADAY_DATA,
2026-03-26T19:30:00+0530,2026-03-26T19:30:00+0530,26-03-2026,WTI,WTI Crude Oil Futures,NYMEX/CME,60m,FRONT_MONTH_CONTINUOUS,CL1!,RECONSTRUCTED_FROM_DAILY,See methodology_and_sources.md,103.11,103.18,103.11,103.18,0,USD,9068.82,9074.88,9068.82,9074.88,87.95,europe_mid,none,ESTIMATED_FROM_DAILY_OHLC_USING_SESSION_HEURISTICS_NOT_REAL_INTRADAY_DATA,
2026-03-26T20:30:00+0530,2026-03-26T20:30:00+0530,26-03-2026,WTI,WTI Crude Oil Futures,NYMEX/CME,60m,FRONT_MONTH_CONTINUOUS,CL1!,RECONSTRUCTED_FROM_DAILY,See methodology_and_sources.md,103.18,103.2,103.18,103.2,0,USD,9074.88,9076.83,9074.88,9076.83,87.95,us_pre_open,none,ESTIMATED_FROM_DAILY_OHLC_USING_SESSION_HEURISTICS_NOT_REAL_INTRADAY_DATA,
2026-03-26T21:30:00+0530,2026-03-26T21:30:00+0530,26-03-2026,WTI,WTI Crude Oil Futures,NYMEX/CME,60m,FRONT_MONTH_CONTINUOUS,CL1!,RECONSTRUCTED_FROM_DAILY,See methodology_and_sources.md,103.2,103.23,103.2,103.23,0,USD,9076.83,9078.76,9076.83,9078.76,87.95,us_open,first_hour_after_us_open,ESTIMATED_FROM_DAILY_OHLC_USING_SESSION_HEURISTICS_NOT_REAL_INTRADAY_DATA,
2026-03-26T22:30:00+0530,2026-03-26T22:30:00+0530,26-03-2026,WTI,WTI Crude Oil Futures,NYMEX/CME,60m,FRONT_MONTH_CONTINUOUS,CL1!,RECONSTRUCTED_FROM_DAILY,See methodology_and_sources.md,103.23,103.23,103.08,103.08,0,USD,9078.76,9078.76,9066.32,9066.32,87.95,us_open,final_hour_before_mcx_close,ESTIMATED_FROM_DAILY_OHLC_USING_SESSION_HEURISTICS_NOT_REAL_INTRADAY_DATA,
2026-03-26T23:30:00+0530,2026-03-26T23:30:00+0530,26-03-2026,WTI,WTI Crude Oil Futures,NYMEX/CME,60m,FRONT_MONTH_CONTINUOUS,CL1!,RECONSTRUCTED_FROM_DAILY,See methodology_and_sources.md,103.08,109,103.08,109,0,USD,9066.32,9586.55,9066.32,9586.55,87.95,mcx_tail,none,ESTIMATED_FROM_DAILY_OHLC_USING_SESSION_HEURISTICS_NOT_REAL_INTRADAY_DATA,
2026-03-27T00:30:00+0530,2026-03-27T00:30:00+0530,26-03-2026,WTI,WTI Crude Oil Futures,NYMEX/CME,60m,FRONT_MONTH_CONTINUOUS,CL1!,RECONSTRUCTED_FROM_DAILY,See methodology_and_sources.md,109,109,109,109,0,USD,9586.55,9586.55,9586.55,9586.55,87.95,other_valid_hours,none,ESTIMATED_FROM_DAILY_OHLC_USING_SESSION_HEURISTICS_NOT_REAL_INTRADAY_DATA,
2026-03-27T03:30:00+0530,2026-03-27T03:30:00+0530,27-03-2026,WTI,WTI Crude Oil Futures,NYMEX/CME,60m,FRONT_MONTH_CONTINUOUS,CL1!,RECONSTRUCTED_FROM_DAILY,See methodology_and_sources.md,108,108,108,108,0,USD,9504,9504,9504,9504,88,global_reopen_pre_mcx,none,ESTIMATED_FROM_DAILY_OHLC_USING_SESSION_HEURISTICS_NOT_REAL_INTRADAY_DATA,
2026-03-27T04:30:00+0530,2026-03-27T04:30:00+0530,27-03-2026,WTI,WTI Crude Oil Futures,NYMEX/CME,60m,FRONT_MONTH_CONTINUOUS,CL1!,RECONSTRUCTED_FROM_DAILY,See methodology_and_sources.md,108,108.01,108,108.01,0,USD,9504,9504.83,9504,9504.83,88,global_reopen_pre_mcx,none,ESTIMATED_FROM_DAILY_OHLC_USING_SESSION_HEURISTICS_NOT_REAL_INTRADAY_DATA,
2026-03-27T05:30:00+0530,2026-03-27T05:30:00+0530,27-03-2026,WTI,WTI Crude Oil Futures,NYMEX/CME,60m,FRONT_MONTH_CONTINUOUS,CL1!,RECONSTRUCTED_FROM_DAILY,See methodology_and_sources.md,108.01,108.01,108,108,0,USD,9504.83,9504.83,9504,9504,88,global_reopen_pre_mcx,none,ESTIMATED_FROM_DAILY_OHLC_USING_SESSION_HEURISTICS_NOT_REAL_INTRADAY_DATA,
2026-03-27T06:30:00+0530,2026-03-27T06:30:00+0530,27-03-2026,WTI,WTI Crude Oil Futures,NYMEX/CME,60m,FRONT_MONTH_CONTINUOUS,CL1!,RECONSTRUCTED_FROM_DAILY,See methodology_and_sources.md,108,108,108,108,0,USD,9504,9504,9504,9504,88,global_reopen_pre_mcx,none,ESTIMATED_FROM_DAILY_OHLC_USING_SESSION_HEURISTICS_NOT_REAL_INTRADAY_DATA,
2026-03-27T07:30:00+0530,2026-03-27T07:30:00+0530,27-03-2026,WTI,WTI Crude Oil Futures,NYMEX/CME,60m,FRONT_MONTH_CONTINUOUS,CL1!,RECONSTRUCTED_FROM_DAILY,See methodology_and_sources.md,108,108,108,108,0,USD,9504,9504,9504,9504,88,global_reopen_pre_mcx,none,ESTIMATED_FROM_DAILY_OHLC_USING_SESSION_HEURISTICS_NOT_REAL_INTRADAY_DATA,
2026-03-27T08:30:00+0530,2026-03-27T08:30:00+0530,27-03-2026,WTI,WTI Crude Oil Futures,NYMEX/CME,60m,FRONT_MONTH_CONTINUOUS,CL1!,RECONSTRUCTED_FROM_DAILY,See methodology_and_sources.md,108,108.06,108,108.06,0,USD,9504,9509.56,9504,9509.56,88,global_reopen_pre_mcx,none,ESTIMATED_FROM_DAILY_OHLC_USING_SESSION_HEURISTICS_NOT_REAL_INTRADAY_DATA,
2026-03-27T09:30:00+0530,2026-03-27T09:30:00+0530,27-03-2026,WTI,WTI Crude Oil Futures,NYMEX/CME,60m,FRONT_MONTH_CONTINUOUS,CL1!,RECONSTRUCTED_FROM_DAILY,See methodology_and_sources.md,108.06,108.06,108.01,108.01,0,USD,9509.56,9509.56,9504.66,9504.66,88,mcx_open_drive,none,ESTIMATED_FROM_DAILY_OHLC_USING_SESSION_HEURISTICS_NOT_REAL_INTRADAY_DATA,
2026-03-27T10:30:00+0530,2026-03-27T10:30:00+0530,27-03-2026,WTI,WTI Crude Oil Futures,NYMEX/CME,60m,FRONT_MONTH_CONTINUOUS,CL1!,RECONSTRUCTED_FROM_DAILY,See methodology_and_sources.md,108.01,108.01,108,108,0,USD,9504.66,9504.66,9504,9504,88,india_morning,none,ESTIMATED_FROM_DAILY_OHLC_USING_SESSION_HEURISTICS_NOT_REAL_INTRADAY_DATA,
2026-03-27T11:30:00+0530,2026-03-27T11:30:00+0530,27-03-2026,WTI,WTI Crude Oil Futures,NYMEX/CME,60m,FRONT_MONTH_CONTINUOUS,CL1!,RECONSTRUCTED_FROM_DAILY,See methodology_and_sources.md,108,108,108,108,0,USD,9504,9504.1,9504,9504.1,88,india_morning,none,ESTIMATED_FROM_DAILY_OHLC_USING_SESSION_HEURISTICS_NOT_REAL_INTRADAY_DATA,
2026-03-27T12:30:00+0530,2026-03-27T12:30:00+0530,27-03-2026,WTI,WTI Crude Oil Futures,NYMEX/CME,60m,FRONT_MONTH_CONTINUOUS,CL1!,RECONSTRUCTED_FROM_DAILY,See methodology_and_sources.md,108,108.02,108,108.02,0,USD,9504.1,9505.79,9504.1,9505.79,88,india_midday,none,ESTIMATED_FROM_DAILY_OHLC_USING_SESSION_HEURISTICS_NOT_REAL_INTRADAY_DATA,
2026-03-27T13:30:00+0530,2026-03-27T13:30:00+0530,27-03-2026,WTI,WTI Crude Oil Futures,NYMEX/CME,60m,FRONT_MONTH_CONTINUOUS,CL1!,RECONSTRUCTED_FROM_DAILY,See methodology_and_sources.md,108.02,108.16,108.02,108.16,0,USD,9505.79,9517.97,9505.79,9517.97,88,india_midday,none,ESTIMATED_FROM_DAILY_OHLC_USING_SESSION_HEURISTICS_NOT_REAL_INTRADAY_DATA,
2026-03-27T14:30:00+0530,2026-03-27T14:30:00+0530,27-03-2026,WTI,WTI Crude Oil Futures,NYMEX/CME,60m,FRONT_MONTH_CONTINUOUS,CL1!,RECONSTRUCTED_FROM_DAILY,See methodology_and_sources.md,108.16,108.21,108.16,108.21,0,USD,9517.97,9522.68,9517.97,9522.68,88,india_midday,none,ESTIMATED_FROM_DAILY_OHLC_USING_SESSION_HEURISTICS_NOT_REAL_INTRADAY_DATA,
2026-03-27T15:30:00+0530,2026-03-27T15:30:00+0530,27-03-2026,WTI,WTI Crude Oil Futures,NYMEX/CME,60m,FRONT_MONTH_CONTINUOUS,CL1!,RECONSTRUCTED_FROM_DAILY,See methodology_and_sources.md,108.21,108.24,108.21,108.24,0,USD,9522.68,9525.53,9522.68,9525.53,88,europe_open,first_30m_after_europe_open,ESTIMATED_FROM_DAILY_OHLC_USING_SESSION_HEURISTICS_NOT_REAL_INTRADAY_DATA,
2026-03-27T16:30:00+0530,2026-03-27T16:30:00+0530,27-03-2026,WTI,WTI Crude Oil Futures,NYMEX/CME,60m,FRONT_MONTH_CONTINUOUS,CL1!,RECONSTRUCTED_FROM_DAILY,See methodology_and_sources.md,108.24,108.24,108.16,108.16,0,USD,9525.53,9525.53,9518.27,9518.27,88,europe_open,none,ESTIMATED_FROM_DAILY_OHLC_USING_SESSION_HEURISTICS_NOT_REAL_INTRADAY_DATA,
2026-03-27T17:30:00+0530,2026-03-27T17:30:00+0530,27-03-2026,WTI,WTI Crude Oil Futures,NYMEX/CME,60m,FRONT_MONTH_CONTINUOUS,CL1!,RECONSTRUCTED_FROM_DAILY,See methodology_and_sources.md,108.16,108.16,108.11,108.11,0,USD,9518.27,9518.27,9513.56,9513.56,88,europe_mid,none,ESTIMATED_FROM_DAILY_OHLC_USING_SESSION_HEURISTICS_NOT_REAL_INTRADAY_DATA,
2026-03-27T18:30:00+0530,2026-03-27T18:30:00+0530,27-03-2026,WTI,WTI Crude Oil Futures,NYMEX/CME,60m,FRONT_MONTH_CONTINUOUS,CL1!,RECONSTRUCTED_FROM_DAILY,See methodology_and_sources.md,108.11,108.14,108.11,108.14,0,USD,9513.56,9516.72,9513.56,9516.72,88,europe_mid,none,ESTIMATED_FROM_DAILY_OHLC_USING_SESSION_HEURISTICS_NOT_REAL_INTRADAY_DATA,
2026-03-27T19:30:00+0530,2026-03-27T19:30:00+0530,27-03-2026,WTI,WTI Crude Oil Futures,NYMEX/CME,60m,FRONT_MONTH_CONTINUOUS,CL1!,RECONSTRUCTED_FROM_DAILY,See methodology_and_sources.md,108.14,108.19,108.14,108.19,0,USD,9516.72,9520.73,9516.72,9520.73,88,europe_mid,none,ESTIMATED_FROM_DAILY_OHLC_USING_SESSION_HEURISTICS_NOT_REAL_INTRADAY_DATA,
2026-03-27T20:30:00+0530,2026-03-27T20:30:00+0530,27-03-2026,WTI,WTI Crude Oil Futures,NYMEX/CME,60m,FRONT_MONTH_CONTINUOUS,CL1!,RECONSTRUCTED_FROM_DAILY,See methodology_and_sources.md,108.19,108.22,108.19,108.22,0,USD,9520.73,9523.31,9520.73,9523.31,88,us_pre_open,none,ESTIMATED_FROM_DAILY_OHLC_USING_SESSION_HEURISTICS_NOT_REAL_INTRADAY_DATA,
2026-03-27T21:30:00+0530,2026-03-27T21:30:00+0530,27-03-2026,WTI,WTI Crude Oil Futures,NYMEX/CME,60m,FRONT_MONTH_CONTINUOUS,CL1!,RECONSTRUCTED_FROM_DAILY,See methodology_and_sources.md,108.22,108.22,108.13,108.13,0,USD,9523.31,9523.31,9515.84,9515.84,88,us_open,first_hour_after_us_open,ESTIMATED_FROM_DAILY_OHLC_USING_SESSION_HEURISTICS_NOT_REAL_INTRADAY_DATA,
2026-03-27T22:30:00+0530,2026-03-27T22:30:00+0530,27-03-2026,WTI,WTI Crude Oil Futures,NYMEX/CME,60m,FRONT_MONTH_CONTINUOUS,CL1!,RECONSTRUCTED_FROM_DAILY,See methodology_and_sources.md,108.13,108.24,108.13,108.24,0,USD,9515.84,9524.72,9515.84,9524.72,88,us_open,final_hour_before_mcx_close,ESTIMATED_FROM_DAILY_OHLC_USING_SESSION_HEURISTICS_NOT_REAL_INTRADAY_DATA,
2026-03-27T23:30:00+0530,2026-03-27T23:30:00+0530,27-03-2026,WTI,WTI Crude Oil Futures,NYMEX/CME,60m,FRONT_MONTH_CONTINUOUS,CL1!,RECONSTRUCTED_FROM_DAILY,See methodology_and_sources.md,108.24,112,108.24,112,0,USD,9524.72,9856,9524.72,9856,88,mcx_tail,none,ESTIMATED_FROM_DAILY_OHLC_USING_SESSION_HEURISTICS_NOT_REAL_INTRADAY_DATA,
2026-03-28T00:30:00+0530,2026-03-28T00:30:00+0530,27-03-2026,WTI,WTI Crude Oil Futures,NYMEX/CME,60m,FRONT_MONTH_CONTINUOUS,CL1!,RECONSTRUCTED_FROM_DAILY,See methodology_and_sources.md,112,112,112,112,0,USD,9856,9856,9856,9856,88,other_valid_hours,none,ESTIMATED_FROM_DAILY_OHLC_USING_SESSION_HEURISTICS_NOT_REAL_INTRADAY_DATA,
2026-03-30T03:30:00+0530,2026-03-30T03:30:00+0530,30-03-2026,WTI,WTI Crude Oil Futures,NYMEX/CME,60m,FRONT_MONTH_CONTINUOUS,CL1!,RECONSTRUCTED_FROM_DAILY,See methodology_and_sources.md,108,108,108,108,0,USD,9514.8,9514.8,9514.8,9514.8,88.1,global_reopen_pre_mcx,none,ESTIMATED_FROM_DAILY_OHLC_USING_SESSION_HEURISTICS_NOT_REAL_INTRADAY_DATA,
2026-03-30T04:30:00+0530,2026-03-30T04:30:00+0530,30-03-2026,WTI,WTI Crude Oil Futures,NYMEX/CME,60m,FRONT_MONTH_CONTINUOUS,CL1!,RECONSTRUCTED_FROM_DAILY,See methodology_and_sources.md,108,108.03,108,108.03,0,USD,9514.8,9517.08,9514.8,9517.08,88.1,global_reopen_pre_mcx,none,ESTIMATED_FROM_DAILY_OHLC_USING_SESSION_HEURISTICS_NOT_REAL_INTRADAY_DATA,
2026-03-30T05:30:00+0530,2026-03-30T05:30:00+0530,30-03-2026,WTI,WTI Crude Oil Futures,NYMEX/CME,60m,FRONT_MONTH_CONTINUOUS,CL1!,RECONSTRUCTED_FROM_DAILY,See methodology_and_sources.md,108.03,108.03,108,108,0,USD,9517.08,9517.08,9514.8,9514.8,88.1,global_reopen_pre_mcx,none,ESTIMATED_FROM_DAILY_OHLC_USING_SESSION_HEURISTICS_NOT_REAL_INTRADAY_DATA,
2026-03-30T06:30:00+0530,2026-03-30T06:30:00+0530,30-03-2026,WTI,WTI Crude Oil Futures,NYMEX/CME,60m,FRONT_MONTH_CONTINUOUS,CL1!,RECONSTRUCTED_FROM_DAILY,See methodology_and_sources.md,108,108,108,108,0,USD,9514.8,9514.8,9514.8,9514.8,88.1,global_reopen_pre_mcx,none,ESTIMATED_FROM_DAILY_OHLC_USING_SESSION_HEURISTICS_NOT_REAL_INTRADAY_DATA,
2026-03-30T07:30:00+0530,2026-03-30T07:30:00+0530,30-03-2026,WTI,WTI Crude Oil Futures,NYMEX/CME,60m,FRONT_MONTH_CONTINUOUS,CL1!,RECONSTRUCTED_FROM_DAILY,See methodology_and_sources.md,108,108,108,108,0,USD,9514.8,9514.8,9514.8,9514.8,88.1,global_reopen_pre_mcx,none,ESTIMATED_FROM_DAILY_OHLC_USING_SESSION_HEURISTICS_NOT_REAL_INTRADAY_DATA,
2026-03-30T08:30:00+0530,2026-03-30T08:30:00+0530,30-03-2026,WTI,WTI Crude Oil Futures,NYMEX/CME,60m,FRONT_MONTH_CONTINUOUS,CL1!,RECONSTRUCTED_FROM_DAILY,See methodology_and_sources.md,108,108.08,108,108.08,0,USD,9514.8,9522.24,9514.8,9522.24,88.1,global_reopen_pre_mcx,none,ESTIMATED_FROM_DAILY_OHLC_USING_SESSION_HEURISTICS_NOT_REAL_INTRADAY_DATA,
2026-03-30T09:30:00+0530,2026-03-30T09:30:00+0530,30-03-2026,WTI,WTI Crude Oil Futures,NYMEX/CME,60m,FRONT_MONTH_CONTINUOUS,CL1!,RECONSTRUCTED_FROM_DAILY,See methodology_and_sources.md,108.08,108.1,108.08,108.1,0,USD,9522.24,9523.41,9522.24,9523.41,88.1,mcx_open_drive,none,ESTIMATED_FROM_DAILY_OHLC_USING_SESSION_HEURISTICS_NOT_REAL_INTRADAY_DATA,
2026-03-30T10:30:00+0530,2026-03-30T10:30:00+0530,30-03-2026,WTI,WTI Crude Oil Futures,NYMEX/CME,60m,FRONT_MONTH_CONTINUOUS,CL1!,RECONSTRUCTED_FROM_DAILY,See methodology_and_sources.md,108.1,108.1,108.08,108.08,0,USD,9523.41,9523.41,9522.17,9522.17,88.1,india_morning,none,ESTIMATED_FROM_DAILY_OHLC_USING_SESSION_HEURISTICS_NOT_REAL_INTRADAY_DATA,
2026-03-30T11:30:00+0530,2026-03-30T11:30:00+0530,30-03-2026,WTI,WTI Crude Oil Futures,NYMEX/CME,60m,FRONT_MONTH_CONTINUOUS,CL1!,RECONSTRUCTED_FROM_DAILY,See methodology_and_sources.md,108.08,108.12,108.08,108.12,0,USD,9522.17,9525.23,9522.17,9525.23,88.1,india_morning,none,ESTIMATED_FROM_DAILY_OHLC_USING_SESSION_HEURISTICS_NOT_REAL_INTRADAY_DATA,
2026-03-30T12:30:00+0530,2026-03-30T12:30:00+0530,30-03-2026,WTI,WTI Crude Oil Futures,NYMEX/CME,60m,FRONT_MONTH_CONTINUOUS,CL1!,RECONSTRUCTED_FROM_DAILY,See methodology_and_sources.md,108.12,108.12,108.08,108.08,0,USD,9525.23,9525.23,9522.12,9522.12,88.1,india_midday,none,ESTIMATED_FROM_DAILY_OHLC_USING_SESSION_HEURISTICS_NOT_REAL_INTRADAY_DATA,
2026-03-30T13:30:00+0530,2026-03-30T13:30:00+0530,30-03-2026,WTI,WTI Crude Oil Futures,NYMEX/CME,60m,FRONT_MONTH_CONTINUOUS,CL1!,RECONSTRUCTED_FROM_DAILY,See methodology_and_sources.md,108.08,108.08,108.07,108.07,0,USD,9522.12,9522.12,9520.7,9520.7,88.1,india_midday,none,ESTIMATED_FROM_DAILY_OHLC_USING_SESSION_HEURISTICS_NOT_REAL_INTRADAY_DATA,
2026-03-30T14:30:00+0530,2026-03-30T14:30:00+0530,30-03-2026,WTI,WTI Crude Oil Futures,NYMEX/CME,60m,FRONT_MONTH_CONTINUOUS,CL1!,RECONSTRUCTED_FROM_DAILY,See methodology_and_sources.md,108.07,108.12,108.07,108.12,0,USD,9520.7,9525.37,9520.7,9525.37,88.1,india_midday,none,ESTIMATED_FROM_DAILY_OHLC_USING_SESSION_HEURISTICS_NOT_REAL_INTRADAY_DATA,
2026-03-30T15:30:00+0530,2026-03-30T15:30:00+0530,30-03-2026,WTI,WTI Crude Oil Futures,NYMEX/CME,60m,FRONT_MONTH_CONTINUOUS,CL1!,RECONSTRUCTED_FROM_DAILY,See methodology_and_sources.md,108.12,108.19,108.12,108.19,0,USD,9525.37,9531.63,9525.37,9531.63,88.1,europe_open,first_30m_after_europe_open,ESTIMATED_FROM_DAILY_OHLC_USING_SESSION_HEURISTICS_NOT_REAL_INTRADAY_DATA,
2026-03-30T16:30:00+0530,2026-03-30T16:30:00+0530,30-03-2026,WTI,WTI Crude Oil Futures,NYMEX/CME,60m,FRONT_MONTH_CONTINUOUS,CL1!,RECONSTRUCTED_FROM_DAILY,See methodology_and_sources.md,108.19,108.19,108.13,108.13,0,USD,9531.63,9531.63,9526.16,9526.16,88.1,europe_open,none,ESTIMATED_FROM_DAILY_OHLC_USING_SESSION_HEURISTICS_NOT_REAL_INTRADAY_DATA,
2026-03-30T17:30:00+0530,2026-03-30T17:30:00+0530,30-03-2026,WTI,WTI Crude Oil Futures,NYMEX/CME,60m,FRONT_MONTH_CONTINUOUS,CL1!,RECONSTRUCTED_FROM_DAILY,See methodology_and_sources.md,108.13,108.13,108.11,108.11,0,USD,9526.16,9526.16,9524.39,9524.39,88.1,europe_mid,none,ESTIMATED_FROM_DAILY_OHLC_USING_SESSION_HEURISTICS_NOT_REAL_INTRADAY_DATA,
2026-03-30T18:30:00+0530,2026-03-30T18:30:00+0530,30-03-2026,WTI,WTI Crude Oil Futures,NYMEX/CME,60m,FRONT_MONTH_CONTINUOUS,CL1!,RECONSTRUCTED_FROM_DAILY,See methodology_and_sources.md,108.11,108.17,108.11,108.17,0,USD,9524.39,9529.43,9524.39,9529.43,88.1,europe_mid,none,ESTIMATED_FROM_DAILY_OHLC_USING_SESSION_HEURISTICS_NOT_REAL_INTRADAY_DATA,
2026-03-30T19:30:00+0530,2026-03-30T19:30:00+0530,30-03-2026,WTI,WTI Crude Oil Futures,NYMEX/CME,60m,FRONT_MONTH_CONTINUOUS,CL1!,RECONSTRUCTED_FROM_DAILY,See methodology_and_sources.md,108.17,108.2,108.17,108.2,0,USD,9529.43,9532.07,9529.43,9532.07,88.1,europe_mid,none,ESTIMATED_FROM_DAILY_OHLC_USING_SESSION_HEURISTICS_NOT_REAL_INTRADAY_DATA,
2026-03-30T20:30:00+0530,2026-03-30T20:30:00+0530,30-03-2026,WTI,WTI Crude Oil Futures,NYMEX/CME,60m,FRONT_MONTH_CONTINUOUS,CL1!,RECONSTRUCTED_FROM_DAILY,See methodology_and_sources.md,108.2,108.2,108.15,108.15,0,USD,9532.07,9532.07,9528.25,9528.25,88.1,us_pre_open,none,ESTIMATED_FROM_DAILY_OHLC_USING_SESSION_HEURISTICS_NOT_REAL_INTRADAY_DATA,
2026-03-30T21:30:00+0530,2026-03-30T21:30:00+0530,30-03-2026,WTI,WTI Crude Oil Futures,NYMEX/CME,60m,FRONT_MONTH_CONTINUOUS,CL1!,RECONSTRUCTED_FROM_DAILY,See methodology_and_sources.md,108.15,108.17,108.15,108.17,0,USD,9528.25,9529.97,9528.25,9529.97,88.1,us_open,first_hour_after_us_open,ESTIMATED_FROM_DAILY_OHLC_USING_SESSION_HEURISTICS_NOT_REAL_INTRADAY_DATA,
2026-03-30T22:30:00+0530,2026-03-30T22:30:00+0530,30-03-2026,WTI,WTI Crude Oil Futures,NYMEX/CME,60m,FRONT_MONTH_CONTINUOUS,CL1!,RECONSTRUCTED_FROM_DAILY,See methodology_and_sources.md,108.17,108.17,108.15,108.15,0,USD,9529.97,9529.97,9528.08,9528.08,88.1,us_open,final_hour_before_mcx_close,ESTIMATED_FROM_DAILY_OHLC_USING_SESSION_HEURISTICS_NOT_REAL_INTRADAY_DATA,
2026-03-30T23:30:00+0530,2026-03-30T23:30:00+0530,30-03-2026,WTI,WTI Crude Oil Futures,NYMEX/CME,60m,FRONT_MONTH_CONTINUOUS,CL1!,RECONSTRUCTED_FROM_DAILY,See methodology_and_sources.md,108.15,110,108.15,110,0,USD,9528.08,9691,9528.08,9691,88.1,mcx_tail,none,ESTIMATED_FROM_DAILY_OHLC_USING_SESSION_HEURISTICS_NOT_REAL_INTRADAY_DATA,
2026-03-31T00:30:00+0530,2026-03-31T00:30:00+0530,30-03-2026,WTI,WTI Crude Oil Futures,NYMEX/CME,60m,FRONT_MONTH_CONTINUOUS,CL1!,RECONSTRUCTED_FROM_DAILY,See methodology_and_sources.md,110,110,110,110,0,USD,9691,9691,9691,9691,88.1,other_valid_hours,none,ESTIMATED_FROM_DAILY_OHLC_USING_SESSION_HEURISTICS_NOT_REAL_INTRADAY_DATA,
2026-03-31T03:30:00+0530,2026-03-31T03:30:00+0530,31-03-2026,WTI,WTI Crude Oil Futures,NYMEX/CME,60m,FRONT_MONTH_CONTINUOUS,CL1!,RECONSTRUCTED_FROM_DAILY,See methodology_and_sources.md,108,108,108,108,0,USD,9520.2,9520.2,9520.2,9520.2,88.15,global_reopen_pre_mcx,none,ESTIMATED_FROM_DAILY_OHLC_USING_SESSION_HEURISTICS_NOT_REAL_INTRADAY_DATA,
2026-03-31T04:30:00+0530,2026-03-31T04:30:00+0530,31-03-2026,WTI,WTI Crude Oil Futures,NYMEX/CME,60m,FRONT_MONTH_CONTINUOUS,CL1!,RECONSTRUCTED_FROM_DAILY,See methodology_and_sources.md,108,108,108,108,0,USD,9520.2,9520.2,9520.2,9520.2,88.15,global_reopen_pre_mcx,none,ESTIMATED_FROM_DAILY_OHLC_USING_SESSION_HEURISTICS_NOT_REAL_INTRADAY_DATA,
2026-03-31T05:30:00+0530,2026-03-31T05:30:00+0530,31-03-2026,WTI,WTI Crude Oil Futures,NYMEX/CME,60m,FRONT_MONTH_CONTINUOUS,CL1!,RECONSTRUCTED_FROM_DAILY,See methodology_and_sources.md,108,108,108,108,0,USD,9520.2,9520.2,9520.2,9520.2,88.15,global_reopen_pre_mcx,none,ESTIMATED_FROM_DAILY_OHLC_USING_SESSION_HEURISTICS_NOT_REAL_INTRADAY_DATA,
2026-03-31T06:30:00+0530,2026-03-31T06:30:00+0530,31-03-2026,WTI,WTI Crude Oil Futures,NYMEX/CME,60m,FRONT_MONTH_CONTINUOUS,CL1!,RECONSTRUCTED_FROM_DAILY,See methodology_and_sources.md,108,108,108,108,0,USD,9520.2,9520.2,9520.2,9520.2,88.15,global_reopen_pre_mcx,none,ESTIMATED_FROM_DAILY_OHLC_USING_SESSION_HEURISTICS_NOT_REAL_INTRADAY_DATA,
2026-03-31T07:30:00+0530,2026-03-31T07:30:00+0530,31-03-2026,WTI,WTI Crude Oil Futures,NYMEX/CME,60m,FRONT_MONTH_CONTINUOUS,CL1!,RECONSTRUCTED_FROM_DAILY,See methodology_and_sources.md,108,108,108,108,0,USD,9520.2,9520.2,9520.2,9520.2,88.15,global_reopen_pre_mcx,none,ESTIMATED_FROM_DAILY_OHLC_USING_SESSION_HEURISTICS_NOT_REAL_INTRADAY_DATA,
2026-03-31T08:30:00+0530,2026-03-31T08:30:00+0530,31-03-2026,WTI,WTI Crude Oil Futures,NYMEX/CME,60m,FRONT_MONTH_CONTINUOUS,CL1!,RECONSTRUCTED_FROM_DAILY,See methodology_and_sources.md,108,108,108,108,0,USD,9520.2,9520.2,9520.2,9520.2,88.15,global_reopen_pre_mcx,none,ESTIMATED_FROM_DAILY_OHLC_USING_SESSION_HEURISTICS_NOT_REAL_INTRADAY_DATA,
2026-03-31T09:30:00+0530,2026-03-31T09:30:00+0530,31-03-2026,WTI,WTI Crude Oil Futures,NYMEX/CME,60m,FRONT_MONTH_CONTINUOUS,CL1!,RECONSTRUCTED_FROM_DAILY,See methodology_and_sources.md,108,108,108,108,0,USD,9520.2,9520.63,9520.2,9520.63,88.15,mcx_open_drive,none,ESTIMATED_FROM_DAILY_OHLC_USING_SESSION_HEURISTICS_NOT_REAL_INTRADAY_DATA,
2026-03-31T10:30:00+0530,2026-03-31T10:30:00+0530,31-03-2026,WTI,WTI Crude Oil Futures,NYMEX/CME,60m,FRONT_MONTH_CONTINUOUS,CL1!,RECONSTRUCTED_FROM_DAILY,See methodology_and_sources.md,108,108,108,108,0,USD,9520.63,9520.63,9520.2,9520.2,88.15,india_morning,none,ESTIMATED_FROM_DAILY_OHLC_USING_SESSION_HEURISTICS_NOT_REAL_INTRADAY_DATA,
2026-03-31T11:30:00+0530,2026-03-31T11:30:00+0530,31-03-2026,WTI,WTI Crude Oil Futures,NYMEX/CME,60m,FRONT_MONTH_CONTINUOUS,CL1!,RECONSTRUCTED_FROM_DAILY,See methodology_and_sources.md,108,108,108,108,0,USD,9520.2,9520.2,9520.2,9520.2,88.15,india_morning,none,ESTIMATED_FROM_DAILY_OHLC_USING_SESSION_HEURISTICS_NOT_REAL_INTRADAY_DATA,
2026-03-31T12:30:00+0530,2026-03-31T12:30:00+0530,31-03-2026,WTI,WTI Crude Oil Futures,NYMEX/CME,60m,FRONT_MONTH_CONTINUOUS,CL1!,RECONSTRUCTED_FROM_DAILY,See methodology_and_sources.md,108,108,108,108,0,USD,9520.2,9520.2,9520.2,9520.2,88.15,india_midday,none,ESTIMATED_FROM_DAILY_OHLC_USING_SESSION_HEURISTICS_NOT_REAL_INTRADAY_DATA,
2026-03-31T13:30:00+0530,2026-03-31T13:30:00+0530,31-03-2026,WTI,WTI Crude Oil Futures,NYMEX/CME,60m,FRONT_MONTH_CONTINUOUS,CL1!,RECONSTRUCTED_FROM_DAILY,See methodology_and_sources.md,108,108.02,108,108.02,0,USD,9520.2,9521.98,9520.2,9521.98,88.15,india_midday,none,ESTIMATED_FROM_DAILY_OHLC_USING_SESSION_HEURISTICS_NOT_REAL_INTRADAY_DATA,
2026-03-31T14:30:00+0530,2026-03-31T14:30:00+0530,31-03-2026,WTI,WTI Crude Oil Futures,NYMEX/CME,60m,FRONT_MONTH_CONTINUOUS,CL1!,RECONSTRUCTED_FROM_DAILY,See methodology_and_sources.md,108.02,108.02,108,108,0,USD,9521.98,9521.98,9520.2,9520.2,88.15,india_midday,none,ESTIMATED_FROM_DAILY_OHLC_USING_SESSION_HEURISTICS_NOT_REAL_INTRADAY_DATA,
2026-03-31T15:30:00+0530,2026-03-31T15:30:00+0530,31-03-2026,WTI,WTI Crude Oil Futures,NYMEX/CME,60m,FRONT_MONTH_CONTINUOUS,CL1!,RECONSTRUCTED_FROM_DAILY,See methodology_and_sources.md,108,108.02,108,108.02,0,USD,9520.2,9522.05,9520.2,9522.05,88.15,europe_open,first_30m_after_europe_open,ESTIMATED_FROM_DAILY_OHLC_USING_SESSION_HEURISTICS_NOT_REAL_INTRADAY_DATA,
2026-03-31T16:30:00+0530,2026-03-31T16:30:00+0530,31-03-2026,WTI,WTI Crude Oil Futures,NYMEX/CME,60m,FRONT_MONTH_CONTINUOUS,CL1!,RECONSTRUCTED_FROM_DAILY,See methodology_and_sources.md,108.02,108.02,108.02,108.02,0,USD,9522.05,9522.05,9521.67,9521.67,88.15,europe_open,none,ESTIMATED_FROM_DAILY_OHLC_USING_SESSION_HEURISTICS_NOT_REAL_INTRADAY_DATA,
2026-03-31T17:30:00+0530,2026-03-31T17:30:00+0530,31-03-2026,WTI,WTI Crude Oil Futures,NYMEX/CME,60m,FRONT_MONTH_CONTINUOUS,CL1!,RECONSTRUCTED_FROM_DAILY,See methodology_and_sources.md,108.02,108.03,108.02,108.03,0,USD,9521.67,9523.14,9521.67,9523.14,88.15,europe_mid,none,ESTIMATED_FROM_DAILY_OHLC_USING_SESSION_HEURISTICS_NOT_REAL_INTRADAY_DATA,
2026-03-31T18:30:00+0530,2026-03-31T18:30:00+0530,31-03-2026,WTI,WTI Crude Oil Futures,NYMEX/CME,60m,FRONT_MONTH_CONTINUOUS,CL1!,RECONSTRUCTED_FROM_DAILY,See methodology_and_sources.md,108.03,108.03,108,108,0,USD,9523.14,9523.14,9520.2,9520.2,88.15,europe_mid,none,ESTIMATED_FROM_DAILY_OHLC_USING_SESSION_HEURISTICS_NOT_REAL_INTRADAY_DATA,
2026-03-31T19:30:00+0530,2026-03-31T19:30:00+0530,31-03-2026,WTI,WTI Crude Oil Futures,NYMEX/CME,60m,FRONT_MONTH_CONTINUOUS,CL1!,RECONSTRUCTED_FROM_DAILY,See methodology_and_sources.md,108,108,108,108,0,USD,9520.2,9520.2,9520.2,9520.2,88.15,europe_mid,none,ESTIMATED_FROM_DAILY_OHLC_USING_SESSION_HEURISTICS_NOT_REAL_INTRADAY_DATA,
2026-03-31T20:30:00+0530,2026-03-31T20:30:00+0530,31-03-2026,WTI,WTI Crude Oil Futures,NYMEX/CME,60m,FRONT_MONTH_CONTINUOUS,CL1!,RECONSTRUCTED_FROM_DAILY,See methodology_and_sources.md,108,108.04,108,108.04,0,USD,9520.2,9523.6,9520.2,9523.6,88.15,us_pre_open,none,ESTIMATED_FROM_DAILY_OHLC_USING_SESSION_HEURISTICS_NOT_REAL_INTRADAY_DATA,
2026-03-31T21:30:00+0530,2026-03-31T21:30:00+0530,31-03-2026,WTI,WTI Crude Oil Futures,NYMEX/CME,60m,FRONT_MONTH_CONTINUOUS,CL1!,RECONSTRUCTED_FROM_DAILY,See methodology_and_sources.md,108.04,108.09,108.04,108.09,0,USD,9523.6,9527.8,9523.6,9527.8,88.15,us_open,first_hour_after_us_open,ESTIMATED_FROM_DAILY_OHLC_USING_SESSION_HEURISTICS_NOT_REAL_INTRADAY_DATA,
2026-03-31T22:30:00+0530,2026-03-31T22:30:00+0530,31-03-2026,WTI,WTI Crude Oil Futures,NYMEX/CME,60m,FRONT_MONTH_CONTINUOUS,CL1!,RECONSTRUCTED_FROM_DAILY,See methodology_and_sources.md,108.09,108.09,108.04,108.04,0,USD,9527.8,9527.8,9524.16,9524.16,88.15,us_open,final_hour_before_mcx_close,ESTIMATED_FROM_DAILY_OHLC_USING_SESSION_HEURISTICS_NOT_REAL_INTRADAY_DATA,
2026-03-31T23:30:00+0530,2026-03-31T23:30:00+0530,31-03-2026,WTI,WTI Crude Oil Futures,NYMEX/CME,60m,FRONT_MONTH_CONTINUOUS,CL1!,RECONSTRUCTED_FROM_DAILY,See methodology_and_sources.md,108.04,108.04,108,108,0,USD,9524.16,9524.16,9520.2,9520.2,88.15,mcx_tail,none,ESTIMATED_FROM_DAILY_OHLC_USING_SESSION_HEURISTICS_NOT_REAL_INTRADAY_DATA,
2026-04-01T00:30:00+0530,2026-04-01T00:30:00+0530,31-03-2026,WTI,WTI Crude Oil Futures,NYMEX/CME,60m,FRONT_MONTH_CONTINUOUS,CL1!,RECONSTRUCTED_FROM_DAILY,See methodology_and_sources.md,108,108,108,108,0,USD,9520.2,9520.2,9520.2,9520.2,88.15,other_valid_hours,none,ESTIMATED_FROM_DAILY_OHLC_USING_SESSION_HEURISTICS_NOT_REAL_INTRADAY_DATA,
2026-04-01T03:30:00+0530,2026-04-01T03:30:00+0530,01-04-2026,WTI,WTI Crude Oil Futures,NYMEX/CME,60m,FRONT_MONTH_CONTINUOUS,CL1!,RECONSTRUCTED_FROM_DAILY,See methodology_and_sources.md,105,105.04,105,105.04,0,USD,9261,9264.35,9261,9264.35,88.2,global_reopen_pre_mcx,none,ESTIMATED_FROM_DAILY_OHLC_USING_SESSION_HEURISTICS_NOT_REAL_INTRADAY_DATA,
2026-04-01T04:30:00+0530,2026-04-01T04:30:00+0530,01-04-2026,WTI,WTI Crude Oil Futures,NYMEX/CME,60m,FRONT_MONTH_CONTINUOUS,CL1!,RECONSTRUCTED_FROM_DAILY,See methodology_and_sources.md,105.04,105.08,105.04,105.08,0,USD,9264.35,9268.28,9264.35,9268.28,88.2,global_reopen_pre_mcx,none,ESTIMATED_FROM_DAILY_OHLC_USING_SESSION_HEURISTICS_NOT_REAL_INTRADAY_DATA,
2026-04-01T05:30:00+0530,2026-04-01T05:30:00+0530,01-04-2026,WTI,WTI Crude Oil Futures,NYMEX/CME,60m,FRONT_MONTH_CONTINUOUS,CL1!,RECONSTRUCTED_FROM_DAILY,See methodology_and_sources.md,105.08,105.08,105.07,105.07,0,USD,9268.28,9268.28,9267.09,9267.09,88.2,global_reopen_pre_mcx,none,ESTIMATED_FROM_DAILY_OHLC_USING_SESSION_HEURISTICS_NOT_REAL_INTRADAY_DATA,
2026-04-01T06:30:00+0530,2026-04-01T06:30:00+0530,01-04-2026,WTI,WTI Crude Oil Futures,NYMEX/CME,60m,FRONT_MONTH_CONTINUOUS,CL1!,RECONSTRUCTED_FROM_DAILY,See methodology_and_sources.md,105.07,105.07,105.04,105.04,0,USD,9267.09,9267.09,9264.5,9264.5,88.2,global_reopen_pre_mcx,none,ESTIMATED_FROM_DAILY_OHLC_USING_SESSION_HEURISTICS_NOT_REAL_INTRADAY_DATA,
2026-04-01T07:30:00+0530,2026-04-01T07:30:00+0530,01-04-2026,WTI,WTI Crude Oil Futures,NYMEX/CME,60m,FRONT_MONTH_CONTINUOUS,CL1!,RECONSTRUCTED_FROM_DAILY,See methodology_and_sources.md,105.04,105.04,105.03,105.03,0,USD,9264.5,9264.5,9263.28,9263.28,88.2,global_reopen_pre_mcx,none,ESTIMATED_FROM_DAILY_OHLC_USING_SESSION_HEURISTICS_NOT_REAL_INTRADAY_DATA,
2026-04-01T08:30:00+0530,2026-04-01T08:30:00+0530,01-04-2026,WTI,WTI Crude Oil Futures,NYMEX/CME,60m,FRONT_MONTH_CONTINUOUS,CL1!,RECONSTRUCTED_FROM_DAILY,See methodology_and_sources.md,105.03,105.04,105.03,105.04,0,USD,9263.28,9264.4,9263.28,9264.4,88.2,global_reopen_pre_mcx,none,ESTIMATED_FROM_DAILY_OHLC_USING_SESSION_HEURISTICS_NOT_REAL_INTRADAY_DATA,
2026-04-01T09:30:00+0530,2026-04-01T09:30:00+0530,01-04-2026,WTI,WTI Crude Oil Futures,NYMEX/CME,60m,FRONT_MONTH_CONTINUOUS,CL1!,RECONSTRUCTED_FROM_DAILY,See methodology_and_sources.md,105.04,105.05,105.04,105.05,0,USD,9264.4,9265.09,9264.4,9265.09,88.2,mcx_open_drive,none,ESTIMATED_FROM_DAILY_OHLC_USING_SESSION_HEURISTICS_NOT_REAL_INTRADAY_DATA,
2026-04-01T10:30:00+0530,2026-04-01T10:30:00+0530,01-04-2026,WTI,WTI Crude Oil Futures,NYMEX/CME,60m,FRONT_MONTH_CONTINUOUS,CL1!,RECONSTRUCTED_FROM_DAILY,See methodology_and_sources.md,105.05,105.09,105.05,105.09,0,USD,9265.09,9268.72,9265.09,9268.72,88.2,india_morning,none,ESTIMATED_FROM_DAILY_OHLC_USING_SESSION_HEURISTICS_NOT_REAL_INTRADAY_DATA,
2026-04-01T11:30:00+0530,2026-04-01T11:30:00+0530,01-04-2026,WTI,WTI Crude Oil Futures,NYMEX/CME,60m,FRONT_MONTH_CONTINUOUS,CL1!,RECONSTRUCTED_FROM_DAILY,See methodology_and_sources.md,105.09,105.12,105.09,105.12,0,USD,9268.72,9271.82,9268.72,9271.82,88.2,india_morning,none,ESTIMATED_FROM_DAILY_OHLC_USING_SESSION_HEURISTICS_NOT_REAL_INTRADAY_DATA,
2026-04-01T12:30:00+0530,2026-04-01T12:30:00+0530,01-04-2026,WTI,WTI Crude Oil Futures,NYMEX/CME,60m,FRONT_MONTH_CONTINUOUS,CL1!,RECONSTRUCTED_FROM_DAILY,See methodology_and_sources.md,105.12,105.15,105.12,105.15,0,USD,9271.82,9274.12,9271.82,9274.12,88.2,india_midday,none,ESTIMATED_FROM_DAILY_OHLC_USING_SESSION_HEURISTICS_NOT_REAL_INTRADAY_DATA,
2026-04-01T13:30:00+0530,2026-04-01T13:30:00+0530,01-04-2026,WTI,WTI Crude Oil Futures,NYMEX/CME,60m,FRONT_MONTH_CONTINUOUS,CL1!,RECONSTRUCTED_FROM_DAILY,See methodology_and_sources.md,105.15,105.15,105.15,105.15,0,USD,9274.12,9274.62,9274.12,9274.62,88.2,india_midday,none,ESTIMATED_FROM_DAILY_OHLC_USING_SESSION_HEURISTICS_NOT_REAL_INTRADAY_DATA,
2026-04-01T14:30:00+0530,2026-04-01T14:30:00+0530,01-04-2026,WTI,WTI Crude Oil Futures,NYMEX/CME,60m,FRONT_MONTH_CONTINUOUS,CL1!,RECONSTRUCTED_FROM_DAILY,See methodology_and_sources.md,105.15,105.22,105.15,105.22,0,USD,9274.62,9280.54,9274.62,9280.54,88.2,india_midday,none,ESTIMATED_FROM_DAILY_OHLC_USING_SESSION_HEURISTICS_NOT_REAL_INTRADAY_DATA,
2026-04-01T15:30:00+0530,2026-04-01T15:30:00+0530,01-04-2026,WTI,WTI Crude Oil Futures,NYMEX/CME,60m,FRONT_MONTH_CONTINUOUS,CL1!,RECONSTRUCTED_FROM_DAILY,See methodology_and_sources.md,105.22,105.29,105.22,105.29,0,USD,9280.54,9286.82,9280.54,9286.82,88.2,europe_open,first_30m_after_europe_open,ESTIMATED_FROM_DAILY_OHLC_USING_SESSION_HEURISTICS_NOT_REAL_INTRADAY_DATA,
2026-04-01T16:30:00+0530,2026-04-01T16:30:00+0530,01-04-2026,WTI,WTI Crude Oil Futures,NYMEX/CME,60m,FRONT_MONTH_CONTINUOUS,CL1!,RECONSTRUCTED_FROM_DAILY,See methodology_and_sources.md,105.29,105.29,105.28,105.28,0,USD,9286.82,9286.82,9286.07,9286.07,88.2,europe_open,none,ESTIMATED_FROM_DAILY_OHLC_USING_SESSION_HEURISTICS_NOT_REAL_INTRADAY_DATA,
2026-04-01T17:30:00+0530,2026-04-01T17:30:00+0530,01-04-2026,WTI,WTI Crude Oil Futures,NYMEX/CME,60m,FRONT_MONTH_CONTINUOUS,CL1!,RECONSTRUCTED_FROM_DAILY,See methodology_and_sources.md,105.28,105.32,105.28,105.32,0,USD,9286.07,9288.82,9286.07,9288.82,88.2,europe_mid,none,ESTIMATED_FROM_DAILY_OHLC_USING_SESSION_HEURISTICS_NOT_REAL_INTRADAY_DATA,
2026-04-01T18:30:00+0530,2026-04-01T18:30:00+0530,01-04-2026,WTI,WTI Crude Oil Futures,NYMEX/CME,60m,FRONT_MONTH_CONTINUOUS,CL1!,RECONSTRUCTED_FROM_DAILY,See methodology_and_sources.md,105.32,105.34,105.32,105.34,0,USD,9288.82,9290.63,9288.82,9290.63,88.2,europe_mid,none,ESTIMATED_FROM_DAILY_OHLC_USING_SESSION_HEURISTICS_NOT_REAL_INTRADAY_DATA,
2026-04-01T19:30:00+0530,2026-04-01T19:30:00+0530,01-04-2026,WTI,WTI Crude Oil Futures,NYMEX/CME,60m,FRONT_MONTH_CONTINUOUS,CL1!,RECONSTRUCTED_FROM_DAILY,See methodology_and_sources.md,105.34,105.34,105.34,105.34,0,USD,9290.63,9291,9290.63,9291,88.2,europe_mid,none,ESTIMATED_FROM_DAILY_OHLC_USING_SESSION_HEURISTICS_NOT_REAL_INTRADAY_DATA,
2026-04-01T20:30:00+0530,2026-04-01T20:30:00+0530,01-04-2026,WTI,WTI Crude Oil Futures,NYMEX/CME,60m,FRONT_MONTH_CONTINUOUS,CL1!,RECONSTRUCTED_FROM_DAILY,See methodology_and_sources.md,105.34,105.34,105.34,105.34,0,USD,9291,9291,9290.99,9290.99,88.2,us_pre_open,none,ESTIMATED_FROM_DAILY_OHLC_USING_SESSION_HEURISTICS_NOT_REAL_INTRADAY_DATA,
2026-04-01T21:30:00+0530,2026-04-01T21:30:00+0530,01-04-2026,WTI,WTI Crude Oil Futures,NYMEX/CME,60m,FRONT_MONTH_CONTINUOUS,CL1!,RECONSTRUCTED_FROM_DAILY,See methodology_and_sources.md,105.34,105.39,105.34,105.39,0,USD,9290.99,9295.26,9290.99,9295.26,88.2,us_open,first_hour_after_us_open,ESTIMATED_FROM_DAILY_OHLC_USING_SESSION_HEURISTICS_NOT_REAL_INTRADAY_DATA,
2026-04-01T22:30:00+0530,2026-04-01T22:30:00+0530,01-04-2026,WTI,WTI Crude Oil Futures,NYMEX/CME,60m,FRONT_MONTH_CONTINUOUS,CL1!,RECONSTRUCTED_FROM_DAILY,See methodology_and_sources.md,105.39,105.42,105.39,105.42,0,USD,9295.26,9298.34,9295.26,9298.34,88.2,us_open,final_hour_before_mcx_close,ESTIMATED_FROM_DAILY_OHLC_USING_SESSION_HEURISTICS_NOT_REAL_INTRADAY_DATA,
2026-04-01T23:30:00+0530,2026-04-01T23:30:00+0530,01-04-2026,WTI,WTI Crude Oil Futures,NYMEX/CME,60m,FRONT_MONTH_CONTINUOUS,CL1!,RECONSTRUCTED_FROM_DAILY,See methodology_and_sources.md,105.42,105.42,105,105,0,USD,9298.34,9298.34,9261,9261,88.2,mcx_tail,none,ESTIMATED_FROM_DAILY_OHLC_USING_SESSION_HEURISTICS_NOT_REAL_INTRADAY_DATA,
2026-04-02T00:30:00+0530,2026-04-02T00:30:00+0530,01-04-2026,WTI,WTI Crude Oil Futures,NYMEX/CME,60m,FRONT_MONTH_CONTINUOUS,CL1!,RECONSTRUCTED_FROM_DAILY,See methodology_and_sources.md,105,105,105,105,0,USD,9261,9261,9261,9261,88.2,other_valid_hours,none,ESTIMATED_FROM_DAILY_OHLC_USING_SESSION_HEURISTICS_NOT_REAL_INTRADAY_DATA,
2026-04-02T03:30:00+0530,2026-04-02T03:30:00+0530,02-04-2026,WTI,WTI Crude Oil Futures,NYMEX/CME,60m,FRONT_MONTH_CONTINUOUS,CL1!,RECONSTRUCTED_FROM_DAILY,See methodology_and_sources.md,108,108.06,108,108.06,0,USD,9531,9535.95,9531,9535.95,88.25,global_reopen_pre_mcx,none,ESTIMATED_FROM_DAILY_OHLC_USING_SESSION_HEURISTICS_NOT_REAL_INTRADAY_DATA,
2026-04-02T04:30:00+0530,2026-04-02T04:30:00+0530,02-04-2026,WTI,WTI Crude Oil Futures,NYMEX/CME,60m,FRONT_MONTH_CONTINUOUS,CL1!,RECONSTRUCTED_FROM_DAILY,See methodology_and_sources.md,108.06,108.06,108.03,108.03,0,USD,9535.95,9535.95,9533.58,9533.58,88.25,global_reopen_pre_mcx,none,ESTIMATED_FROM_DAILY_OHLC_USING_SESSION_HEURISTICS_NOT_REAL_INTRADAY_DATA,
2026-04-02T05:30:00+0530,2026-04-02T05:30:00+0530,02-04-2026,WTI,WTI Crude Oil Futures,NYMEX/CME,60m,FRONT_MONTH_CONTINUOUS,CL1!,RECONSTRUCTED_FROM_DAILY,See methodology_and_sources.md,108.03,108.03,108,108,0,USD,9533.58,9533.58,9531,9531,88.25,global_reopen_pre_mcx,none,ESTIMATED_FROM_DAILY_OHLC_USING_SESSION_HEURISTICS_NOT_REAL_INTRADAY_DATA,
2026-04-02T06:30:00+0530,2026-04-02T06:30:00+0530,02-04-2026,WTI,WTI Crude Oil Futures,NYMEX/CME,60m,FRONT_MONTH_CONTINUOUS,CL1!,RECONSTRUCTED_FROM_DAILY,See methodology_and_sources.md,108,108.01,108,108.01,0,USD,9531,9531.49,9531,9531.49,88.25,global_reopen_pre_mcx,none,ESTIMATED_FROM_DAILY_OHLC_USING_SESSION_HEURISTICS_NOT_REAL_INTRADAY_DATA,
2026-04-02T07:30:00+0530,2026-04-02T07:30:00+0530,02-04-2026,WTI,WTI Crude Oil Futures,NYMEX/CME,60m,FRONT_MONTH_CONTINUOUS,CL1!,RECONSTRUCTED_FROM_DAILY,See methodology_and_sources.md,108.01,108.01,108,108,0,USD,9531.49,9531.49,9531,9531,88.25,global_reopen_pre_mcx,none,ESTIMATED_FROM_DAILY_OHLC_USING_SESSION_HEURISTICS_NOT_REAL_INTRADAY_DATA,
2026-04-02T08:30:00+0530,2026-04-02T08:30:00+0530,02-04-2026,WTI,WTI Crude Oil Futures,NYMEX/CME,60m,FRONT_MONTH_CONTINUOUS,CL1!,RECONSTRUCTED_FROM_DAILY,See methodology_and_sources.md,108,108.02,108,108.02,0,USD,9531,9532.51,9531,9532.51,88.25,global_reopen_pre_mcx,none,ESTIMATED_FROM_DAILY_OHLC_USING_SESSION_HEURISTICS_NOT_REAL_INTRADAY_DATA,
2026-04-02T09:30:00+0530,2026-04-02T09:30:00+0530,02-04-2026,WTI,WTI Crude Oil Futures,NYMEX/CME,60m,FRONT_MONTH_CONTINUOUS,CL1!,RECONSTRUCTED_FROM_DAILY,See methodology_and_sources.md,108.02,108.02,108.01,108.01,0,USD,9532.51,9532.51,9532.02,9532.02,88.25,mcx_open_drive,none,ESTIMATED_FROM_DAILY_OHLC_USING_SESSION_HEURISTICS_NOT_REAL_INTRADAY_DATA,
2026-04-02T10:30:00+0530,2026-04-02T10:30:00+0530,02-04-2026,WTI,WTI Crude Oil Futures,NYMEX/CME,60m,FRONT_MONTH_CONTINUOUS,CL1!,RECONSTRUCTED_FROM_DAILY,See methodology_and_sources.md,108.01,108.04,108.01,108.04,0,USD,9532.02,9534.4,9532.02,9534.4,88.25,india_morning,none,ESTIMATED_FROM_DAILY_OHLC_USING_SESSION_HEURISTICS_NOT_REAL_INTRADAY_DATA,
2026-04-02T11:30:00+0530,2026-04-02T11:30:00+0530,02-04-2026,WTI,WTI Crude Oil Futures,NYMEX/CME,60m,FRONT_MONTH_CONTINUOUS,CL1!,RECONSTRUCTED_FROM_DAILY,See methodology_and_sources.md,108.04,108.04,108,108,0,USD,9534.4,9534.4,9531,9531,88.25,india_morning,none,ESTIMATED_FROM_DAILY_OHLC_USING_SESSION_HEURISTICS_NOT_REAL_INTRADAY_DATA,
2026-04-02T12:30:00+0530,2026-04-02T12:30:00+0530,02-04-2026,WTI,WTI Crude Oil Futures,NYMEX/CME,60m,FRONT_MONTH_CONTINUOUS,CL1!,RECONSTRUCTED_FROM_DAILY,See methodology_and_sources.md,108,108.03,108,108.03,0,USD,9531,9533.8,9531,9533.8,88.25,india_midday,none,ESTIMATED_FROM_DAILY_OHLC_USING_SESSION_HEURISTICS_NOT_REAL_INTRADAY_DATA,
2026-04-02T13:30:00+0530,2026-04-02T13:30:00+0530,02-04-2026,WTI,WTI Crude Oil Futures,NYMEX/CME,60m,FRONT_MONTH_CONTINUOUS,CL1!,RECONSTRUCTED_FROM_DAILY,See methodology_and_sources.md,108.03,108.03,108,108,0,USD,9533.8,9533.8,9531,9531,88.25,india_midday,none,ESTIMATED_FROM_DAILY_OHLC_USING_SESSION_HEURISTICS_NOT_REAL_INTRADAY_DATA,
2026-04-02T14:30:00+0530,2026-04-02T14:30:00+0530,02-04-2026,WTI,WTI Crude Oil Futures,NYMEX/CME,60m,FRONT_MONTH_CONTINUOUS,CL1!,RECONSTRUCTED_FROM_DAILY,See methodology_and_sources.md,108,108,108,108,0,USD,9531,9531,9531,9531,88.25,india_midday,none,ESTIMATED_FROM_DAILY_OHLC_USING_SESSION_HEURISTICS_NOT_REAL_INTRADAY_DATA,
2026-04-02T15:30:00+0530,2026-04-02T15:30:00+0530,02-04-2026,WTI,WTI Crude Oil Futures,NYMEX/CME,60m,FRONT_MONTH_CONTINUOUS,CL1!,RECONSTRUCTED_FROM_DAILY,See methodology_and_sources.md,108,108.04,108,108.04,0,USD,9531,9534.46,9531,9534.46,88.25,europe_open,first_30m_after_europe_open,ESTIMATED_FROM_DAILY_OHLC_USING_SESSION_HEURISTICS_NOT_REAL_INTRADAY_DATA,
2026-04-02T16:30:00+0530,2026-04-02T16:30:00+0530,02-04-2026,WTI,WTI Crude Oil Futures,NYMEX/CME,60m,FRONT_MONTH_CONTINUOUS,CL1!,RECONSTRUCTED_FROM_DAILY,See methodology_and_sources.md,108.04,108.04,108,108,0,USD,9534.46,9534.46,9531,9531,88.25,europe_open,none,ESTIMATED_FROM_DAILY_OHLC_USING_SESSION_HEURISTICS_NOT_REAL_INTRADAY_DATA,
2026-04-02T17:30:00+0530,2026-04-02T17:30:00+0530,02-04-2026,WTI,WTI Crude Oil Futures,NYMEX/CME,60m,FRONT_MONTH_CONTINUOUS,CL1!,RECONSTRUCTED_FROM_DAILY,See methodology_and_sources.md,108,108,108,108,0,USD,9531,9531,9531,9531,88.25,europe_mid,none,ESTIMATED_FROM_DAILY_OHLC_USING_SESSION_HEURISTICS_NOT_REAL_INTRADAY_DATA,
2026-04-02T18:30:00+0530,2026-04-02T18:30:00+0530,02-04-2026,WTI,WTI Crude Oil Futures,NYMEX/CME,60m,FRONT_MONTH_CONTINUOUS,CL1!,RECONSTRUCTED_FROM_DAILY,See methodology_and_sources.md,108,108.05,108,108.05,0,USD,9531,9535.78,9531,9535.78,88.25,europe_mid,none,ESTIMATED_FROM_DAILY_OHLC_USING_SESSION_HEURISTICS_NOT_REAL_INTRADAY_DATA,
2026-04-02T19:30:00+0530,2026-04-02T19:30:00+0530,02-04-2026,WTI,WTI Crude Oil Futures,NYMEX/CME,60m,FRONT_MONTH_CONTINUOUS,CL1!,RECONSTRUCTED_FROM_DAILY,See methodology_and_sources.md,108.05,108.05,108,108,0,USD,9535.78,9535.78,9531.38,9531.38,88.25,europe_mid,none,ESTIMATED_FROM_DAILY_OHLC_USING_SESSION_HEURISTICS_NOT_REAL_INTRADAY_DATA,
2026-04-02T20:30:00+0530,2026-04-02T20:30:00+0530,02-04-2026,WTI,WTI Crude Oil Futures,NYMEX/CME,60m,FRONT_MONTH_CONTINUOUS,CL1!,RECONSTRUCTED_FROM_DAILY,See methodology_and_sources.md,108,108,108,108,0,USD,9531.38,9531.38,9531,9531,88.25,us_pre_open,none,ESTIMATED_FROM_DAILY_OHLC_USING_SESSION_HEURISTICS_NOT_REAL_INTRADAY_DATA,
2026-04-02T21:30:00+0530,2026-04-02T21:30:00+0530,02-04-2026,WTI,WTI Crude Oil Futures,NYMEX/CME,60m,FRONT_MONTH_CONTINUOUS,CL1!,RECONSTRUCTED_FROM_DAILY,See methodology_and_sources.md,108,108.08,108,108.08,0,USD,9531,9538.25,9531,9538.25,88.25,us_open,first_hour_after_us_open,ESTIMATED_FROM_DAILY_OHLC_USING_SESSION_HEURISTICS_NOT_REAL_INTRADAY_DATA,
2026-04-02T22:30:00+0530,2026-04-02T22:30:00+0530,02-04-2026,WTI,WTI Crude Oil Futures,NYMEX/CME,60m,FRONT_MONTH_CONTINUOUS,CL1!,RECONSTRUCTED_FROM_DAILY,See methodology_and_sources.md,108.08,108.08,108.07,108.07,0,USD,9538.25,9538.25,9537.56,9537.56,88.25,us_open,final_hour_before_mcx_close,ESTIMATED_FROM_DAILY_OHLC_USING_SESSION_HEURISTICS_NOT_REAL_INTRADAY_DATA,
2026-04-02T23:30:00+0530,2026-04-02T23:30:00+0530,02-04-2026,WTI,WTI Crude Oil Futures,NYMEX/CME,60m,FRONT_MONTH_CONTINUOUS,CL1!,RECONSTRUCTED_FROM_DAILY,See methodology_and_sources.md,108.07,112,108.07,112,0,USD,9537.56,9884,9537.56,9884,88.25,mcx_tail,none,ESTIMATED_FROM_DAILY_OHLC_USING_SESSION_HEURISTICS_NOT_REAL_INTRADAY_DATA,
2026-04-03T00:30:00+0530,2026-04-03T00:30:00+0530,02-04-2026,WTI,WTI Crude Oil Futures,NYMEX/CME,60m,FRONT_MONTH_CONTINUOUS,CL1!,RECONSTRUCTED_FROM_DAILY,See methodology_and_sources.md,112,112,112,112,0,USD,9884,9884,9884,9884,88.25,other_valid_hours,none,ESTIMATED_FROM_DAILY_OHLC_USING_SESSION_HEURISTICS_NOT_REAL_INTRADAY_DATA,
2026-04-03T03:30:00+0530,2026-04-03T03:30:00+0530,03-04-2026,WTI,WTI Crude Oil Futures,NYMEX/CME,60m,FRONT_MONTH_CONTINUOUS,CL1!,RECONSTRUCTED_FROM_DAILY,See methodology_and_sources.md,112,112,111.99,111.99,0,USD,9889.6,9889.6,9888.82,9888.82,88.3,global_reopen_pre_mcx,none,ESTIMATED_FROM_DAILY_OHLC_USING_SESSION_HEURISTICS_NOT_REAL_INTRADAY_DATA,
2026-04-03T04:30:00+0530,2026-04-03T04:30:00+0530,03-04-2026,WTI,WTI Crude Oil Futures,NYMEX/CME,60m,FRONT_MONTH_CONTINUOUS,CL1!,RECONSTRUCTED_FROM_DAILY,See methodology_and_sources.md,111.99,111.99,111.94,111.94,0,USD,9888.82,9888.82,9884.6,9884.6,88.3,global_reopen_pre_mcx,none,ESTIMATED_FROM_DAILY_OHLC_USING_SESSION_HEURISTICS_NOT_REAL_INTRADAY_DATA,
2026-04-03T05:30:00+0530,2026-04-03T05:30:00+0530,03-04-2026,WTI,WTI Crude Oil Futures,NYMEX/CME,60m,FRONT_MONTH_CONTINUOUS,CL1!,RECONSTRUCTED_FROM_DAILY,See methodology_and_sources.md,111.94,112.01,111.94,112.01,0,USD,9884.6,9890.08,9884.6,9890.08,88.3,global_reopen_pre_mcx,none,ESTIMATED_FROM_DAILY_OHLC_USING_SESSION_HEURISTICS_NOT_REAL_INTRADAY_DATA,
2026-04-03T06:30:00+0530,2026-04-03T06:30:00+0530,03-04-2026,WTI,WTI Crude Oil Futures,NYMEX/CME,60m,FRONT_MONTH_CONTINUOUS,CL1!,RECONSTRUCTED_FROM_DAILY,See methodology_and_sources.md,112.01,112.01,111.98,111.98,0,USD,9890.08,9890.08,9887.55,9887.55,88.3,global_reopen_pre_mcx,none,ESTIMATED_FROM_DAILY_OHLC_USING_SESSION_HEURISTICS_NOT_REAL_INTRADAY_DATA,
2026-04-03T07:30:00+0530,2026-04-03T07:30:00+0530,03-04-2026,WTI,WTI Crude Oil Futures,NYMEX/CME,60m,FRONT_MONTH_CONTINUOUS,CL1!,RECONSTRUCTED_FROM_DAILY,See methodology_and_sources.md,111.98,112.01,111.98,112.01,0,USD,9887.55,9890.79,9887.55,9890.79,88.3,global_reopen_pre_mcx,none,ESTIMATED_FROM_DAILY_OHLC_USING_SESSION_HEURISTICS_NOT_REAL_INTRADAY_DATA,
2026-04-03T08:30:00+0530,2026-04-03T08:30:00+0530,03-04-2026,WTI,WTI Crude Oil Futures,NYMEX/CME,60m,FRONT_MONTH_CONTINUOUS,CL1!,RECONSTRUCTED_FROM_DAILY,See methodology_and_sources.md,112.01,112.04,112.01,112.04,0,USD,9890.79,9893.16,9890.79,9893.16,88.3,global_reopen_pre_mcx,none,ESTIMATED_FROM_DAILY_OHLC_USING_SESSION_HEURISTICS_NOT_REAL_INTRADAY_DATA,
2026-04-03T09:30:00+0530,2026-04-03T09:30:00+0530,03-04-2026,WTI,WTI Crude Oil Futures,NYMEX/CME,60m,FRONT_MONTH_CONTINUOUS,CL1!,RECONSTRUCTED_FROM_DAILY,See methodology_and_sources.md,112.04,112.04,112.01,112.01,0,USD,9893.16,9893.16,9890.29,9890.29,88.3,mcx_open_drive,none,ESTIMATED_FROM_DAILY_OHLC_USING_SESSION_HEURISTICS_NOT_REAL_INTRADAY_DATA,
2026-04-03T10:30:00+0530,2026-04-03T10:30:00+0530,03-04-2026,WTI,WTI Crude Oil Futures,NYMEX/CME,60m,FRONT_MONTH_CONTINUOUS,CL1!,RECONSTRUCTED_FROM_DAILY,See methodology_and_sources.md,112.01,112.01,111.89,111.89,0,USD,9890.29,9890.29,9880.16,9880.16,88.3,india_morning,none,ESTIMATED_FROM_DAILY_OHLC_USING_SESSION_HEURISTICS_NOT_REAL_INTRADAY_DATA,
2026-04-03T11:30:00+0530,2026-04-03T11:30:00+0530,03-04-2026,WTI,WTI Crude Oil Futures,NYMEX/CME,60m,FRONT_MONTH_CONTINUOUS,CL1!,RECONSTRUCTED_FROM_DAILY,See methodology_and_sources.md,111.89,111.89,111.87,111.87,0,USD,9880.16,9880.16,9877.91,9877.91,88.3,india_morning,none,ESTIMATED_FROM_DAILY_OHLC_USING_SESSION_HEURISTICS_NOT_REAL_INTRADAY_DATA,
2026-04-03T12:30:00+0530,2026-04-03T12:30:00+0530,03-04-2026,WTI,WTI Crude Oil Futures,NYMEX/CME,60m,FRONT_MONTH_CONTINUOUS,CL1!,RECONSTRUCTED_FROM_DAILY,See methodology_and_sources.md,111.87,111.93,111.87,111.93,0,USD,9877.91,9883.5,9877.91,9883.5,88.3,india_midday,none,ESTIMATED_FROM_DAILY_OHLC_USING_SESSION_HEURISTICS_NOT_REAL_INTRADAY_DATA,
2026-04-03T13:30:00+0530,2026-04-03T13:30:00+0530,03-04-2026,WTI,WTI Crude Oil Futures,NYMEX/CME,60m,FRONT_MONTH_CONTINUOUS,CL1!,RECONSTRUCTED_FROM_DAILY,See methodology_and_sources.md,111.93,111.93,111.9,111.9,0,USD,9883.5,9883.5,9881.2,9881.2,88.3,india_midday,none,ESTIMATED_FROM_DAILY_OHLC_USING_SESSION_HEURISTICS_NOT_REAL_INTRADAY_DATA,
2026-04-03T14:30:00+0530,2026-04-03T14:30:00+0530,03-04-2026,WTI,WTI Crude Oil Futures,NYMEX/CME,60m,FRONT_MONTH_CONTINUOUS,CL1!,RECONSTRUCTED_FROM_DAILY,See methodology_and_sources.md,111.9,111.9,111.87,111.87,0,USD,9881.2,9881.2,9877.88,9877.88,88.3,india_midday,none,ESTIMATED_FROM_DAILY_OHLC_USING_SESSION_HEURISTICS_NOT_REAL_INTRADAY_DATA,
2026-04-03T15:30:00+0530,2026-04-03T15:30:00+0530,03-04-2026,WTI,WTI Crude Oil Futures,NYMEX/CME,60m,FRONT_MONTH_CONTINUOUS,CL1!,RECONSTRUCTED_FROM_DAILY,See methodology_and_sources.md,111.87,111.9,111.87,111.9,0,USD,9877.88,9880.8,9877.88,9880.8,88.3,europe_open,first_30m_after_europe_open,ESTIMATED_FROM_DAILY_OHLC_USING_SESSION_HEURISTICS_NOT_REAL_INTRADAY_DATA,
2026-04-03T16:30:00+0530,2026-04-03T16:30:00+0530,03-04-2026,WTI,WTI Crude Oil Futures,NYMEX/CME,60m,FRONT_MONTH_CONTINUOUS,CL1!,RECONSTRUCTED_FROM_DAILY,See methodology_and_sources.md,111.9,111.9,111.86,111.86,0,USD,9880.8,9880.8,9877.52,9877.52,88.3,europe_open,none,ESTIMATED_FROM_DAILY_OHLC_USING_SESSION_HEURISTICS_NOT_REAL_INTRADAY_DATA,
2026-04-03T17:30:00+0530,2026-04-03T17:30:00+0530,03-04-2026,WTI,WTI Crude Oil Futures,NYMEX/CME,60m,FRONT_MONTH_CONTINUOUS,CL1!,RECONSTRUCTED_FROM_DAILY,See methodology_and_sources.md,111.86,111.86,111.84,111.84,0,USD,9877.52,9877.52,9875.33,9875.33,88.3,europe_mid,none,ESTIMATED_FROM_DAILY_OHLC_USING_SESSION_HEURISTICS_NOT_REAL_INTRADAY_DATA,
2026-04-03T18:30:00+0530,2026-04-03T18:30:00+0530,03-04-2026,WTI,WTI Crude Oil Futures,NYMEX/CME,60m,FRONT_MONTH_CONTINUOUS,CL1!,RECONSTRUCTED_FROM_DAILY,See methodology_and_sources.md,111.84,111.84,111.83,111.83,0,USD,9875.33,9875.33,9874.87,9874.87,88.3,europe_mid,none,ESTIMATED_FROM_DAILY_OHLC_USING_SESSION_HEURISTICS_NOT_REAL_INTRADAY_DATA,
2026-04-03T19:30:00+0530,2026-04-03T19:30:00+0530,03-04-2026,WTI,WTI Crude Oil Futures,NYMEX/CME,60m,FRONT_MONTH_CONTINUOUS,CL1!,RECONSTRUCTED_FROM_DAILY,See methodology_and_sources.md,111.83,111.83,111.83,111.83,0,USD,9874.87,9874.87,9874.39,9874.39,88.3,europe_mid,none,ESTIMATED_FROM_DAILY_OHLC_USING_SESSION_HEURISTICS_NOT_REAL_INTRADAY_DATA,
2026-04-03T20:30:00+0530,2026-04-03T20:30:00+0530,03-04-2026,WTI,WTI Crude Oil Futures,NYMEX/CME,60m,FRONT_MONTH_CONTINUOUS,CL1!,RECONSTRUCTED_FROM_DAILY,See methodology_and_sources.md,111.83,111.83,111.81,111.81,0,USD,9874.39,9874.39,9872.53,9872.53,88.3,us_pre_open,none,ESTIMATED_FROM_DAILY_OHLC_USING_SESSION_HEURISTICS_NOT_REAL_INTRADAY_DATA,
2026-04-03T21:30:00+0530,2026-04-03T21:30:00+0530,03-04-2026,WTI,WTI Crude Oil Futures,NYMEX/CME,60m,FRONT_MONTH_CONTINUOUS,CL1!,RECONSTRUCTED_FROM_DAILY,See methodology_and_sources.md,111.81,111.81,111.8,111.8,0,USD,9872.53,9872.53,9871.92,9871.92,88.3,us_open,first_hour_after_us_open,ESTIMATED_FROM_DAILY_OHLC_USING_SESSION_HEURISTICS_NOT_REAL_INTRADAY_DATA,
2026-04-03T22:30:00+0530,2026-04-03T22:30:00+0530,03-04-2026,WTI,WTI Crude Oil Futures,NYMEX/CME,60m,FRONT_MONTH_CONTINUOUS,CL1!,RECONSTRUCTED_FROM_DAILY,See methodology_and_sources.md,111.8,111.83,111.8,111.83,0,USD,9871.92,9874.96,9871.92,9874.96,88.3,us_open,final_hour_before_mcx_close,ESTIMATED_FROM_DAILY_OHLC_USING_SESSION_HEURISTICS_NOT_REAL_INTRADAY_DATA,
2026-04-03T23:30:00+0530,2026-04-03T23:30:00+0530,03-04-2026,WTI,WTI Crude Oil Futures,NYMEX/CME,60m,FRONT_MONTH_CONTINUOUS,CL1!,RECONSTRUCTED_FROM_DAILY,See methodology_and_sources.md,111.83,111.83,108,108,0,USD,9874.96,9874.96,9536.4,9536.4,88.3,mcx_tail,none,ESTIMATED_FROM_DAILY_OHLC_USING_SESSION_HEURISTICS_NOT_REAL_INTRADAY_DATA,
2026-04-04T00:30:00+0530,2026-04-04T00:30:00+0530,03-04-2026,WTI,WTI Crude Oil Futures,NYMEX/CME,60m,FRONT_MONTH_CONTINUOUS,CL1!,RECONSTRUCTED_FROM_DAILY,See methodology_and_sources.md,108,108,108,108,0,USD,9536.4,9536.4,9536.4,9536.4,88.3,other_valid_hours,none,ESTIMATED_FROM_DAILY_OHLC_USING_SESSION_HEURISTICS_NOT_REAL_INTRADAY_DATA,
2026-04-06T03:30:00+0530,2026-04-06T03:30:00+0530,06-04-2026,WTI,WTI Crude Oil Futures,NYMEX/CME,60m,FRONT_MONTH_CONTINUOUS,CL1!,RECONSTRUCTED_FROM_DAILY,See methodology_and_sources.md,108,108.01,108,108.01,0,USD,9547.2,9548.25,9547.2,9548.25,88.4,global_reopen_pre_mcx,none,ESTIMATED_FROM_DAILY_OHLC_USING_SESSION_HEURISTICS_NOT_REAL_INTRADAY_DATA,
2026-04-06T04:30:00+0530,2026-04-06T04:30:00+0530,06-04-2026,WTI,WTI Crude Oil Futures,NYMEX/CME,60m,FRONT_MONTH_CONTINUOUS,CL1!,RECONSTRUCTED_FROM_DAILY,See methodology_and_sources.md,108.01,108.01,108,108,0,USD,9548.25,9548.25,9547.2,9547.2,88.4,global_reopen_pre_mcx,none,ESTIMATED_FROM_DAILY_OHLC_USING_SESSION_HEURISTICS_NOT_REAL_INTRADAY_DATA,
2026-04-06T05:30:00+0530,2026-04-06T05:30:00+0530,06-04-2026,WTI,WTI Crude Oil Futures,NYMEX/CME,60m,FRONT_MONTH_CONTINUOUS,CL1!,RECONSTRUCTED_FROM_DAILY,See methodology_and_sources.md,108,108.01,108,108.01,0,USD,9547.2,9548.29,9547.2,9548.29,88.4,global_reopen_pre_mcx,none,ESTIMATED_FROM_DAILY_OHLC_USING_SESSION_HEURISTICS_NOT_REAL_INTRADAY_DATA,
2026-04-06T06:30:00+0530,2026-04-06T06:30:00+0530,06-04-2026,WTI,WTI Crude Oil Futures,NYMEX/CME,60m,FRONT_MONTH_CONTINUOUS,CL1!,RECONSTRUCTED_FROM_DAILY,See methodology_and_sources.md,108.01,108.04,108.01,108.04,0,USD,9548.29,9550.98,9548.29,9550.98,88.4,global_reopen_pre_mcx,none,ESTIMATED_FROM_DAILY_OHLC_USING_SESSION_HEURISTICS_NOT_REAL_INTRADAY_DATA,
2026-04-06T07:30:00+0530,2026-04-06T07:30:00+0530,06-04-2026,WTI,WTI Crude Oil Futures,NYMEX/CME,60m,FRONT_MONTH_CONTINUOUS,CL1!,RECONSTRUCTED_FROM_DAILY,See methodology_and_sources.md,108.04,108.04,108.04,108.04,0,USD,9550.98,9550.98,9550.51,9550.51,88.4,global_reopen_pre_mcx,none,ESTIMATED_FROM_DAILY_OHLC_USING_SESSION_HEURISTICS_NOT_REAL_INTRADAY_DATA,
2026-04-06T08:30:00+0530,2026-04-06T08:30:00+0530,06-04-2026,WTI,WTI Crude Oil Futures,NYMEX/CME,60m,FRONT_MONTH_CONTINUOUS,CL1!,RECONSTRUCTED_FROM_DAILY,See methodology_and_sources.md,108.04,108.05,108.04,108.05,0,USD,9550.51,9551.51,9550.51,9551.51,88.4,global_reopen_pre_mcx,none,ESTIMATED_FROM_DAILY_OHLC_USING_SESSION_HEURISTICS_NOT_REAL_INTRADAY_DATA,
2026-04-06T09:30:00+0530,2026-04-06T09:30:00+0530,06-04-2026,WTI,WTI Crude Oil Futures,NYMEX/CME,60m,FRONT_MONTH_CONTINUOUS,CL1!,RECONSTRUCTED_FROM_DAILY,See methodology_and_sources.md,108.05,108.09,108.05,108.09,0,USD,9551.51,9554.9,9551.51,9554.9,88.4,mcx_open_drive,none,ESTIMATED_FROM_DAILY_OHLC_USING_SESSION_HEURISTICS_NOT_REAL_INTRADAY_DATA,
2026-04-06T10:30:00+0530,2026-04-06T10:30:00+0530,06-04-2026,WTI,WTI Crude Oil Futures,NYMEX/CME,60m,FRONT_MONTH_CONTINUOUS,CL1!,RECONSTRUCTED_FROM_DAILY,See methodology_and_sources.md,108.09,108.09,108.04,108.04,0,USD,9554.9,9554.9,9550.53,9550.53,88.4,india_morning,none,ESTIMATED_FROM_DAILY_OHLC_USING_SESSION_HEURISTICS_NOT_REAL_INTRADAY_DATA,
2026-04-06T11:30:00+0530,2026-04-06T11:30:00+0530,06-04-2026,WTI,WTI Crude Oil Futures,NYMEX/CME,60m,FRONT_MONTH_CONTINUOUS,CL1!,RECONSTRUCTED_FROM_DAILY,See methodology_and_sources.md,108.04,108.04,108.04,108.04,0,USD,9550.53,9550.8,9550.53,9550.8,88.4,india_morning,none,ESTIMATED_FROM_DAILY_OHLC_USING_SESSION_HEURISTICS_NOT_REAL_INTRADAY_DATA,
2026-04-06T12:30:00+0530,2026-04-06T12:30:00+0530,06-04-2026,WTI,WTI Crude Oil Futures,NYMEX/CME,60m,FRONT_MONTH_CONTINUOUS,CL1!,RECONSTRUCTED_FROM_DAILY,See methodology_and_sources.md,108.04,108.08,108.04,108.08,0,USD,9550.8,9554.47,9550.8,9554.47,88.4,india_midday,none,ESTIMATED_FROM_DAILY_OHLC_USING_SESSION_HEURISTICS_NOT_REAL_INTRADAY_DATA,
2026-04-06T13:30:00+0530,2026-04-06T13:30:00+0530,06-04-2026,WTI,WTI Crude Oil Futures,NYMEX/CME,60m,FRONT_MONTH_CONTINUOUS,CL1!,RECONSTRUCTED_FROM_DAILY,See methodology_and_sources.md,108.08,108.12,108.08,108.12,0,USD,9554.47,9557.92,9554.47,9557.92,88.4,india_midday,none,ESTIMATED_FROM_DAILY_OHLC_USING_SESSION_HEURISTICS_NOT_REAL_INTRADAY_DATA,
2026-04-06T14:30:00+0530,2026-04-06T14:30:00+0530,06-04-2026,WTI,WTI Crude Oil Futures,NYMEX/CME,60m,FRONT_MONTH_CONTINUOUS,CL1!,RECONSTRUCTED_FROM_DAILY,See methodology_and_sources.md,108.12,108.12,108.07,108.07,0,USD,9557.92,9557.92,9553.46,9553.46,88.4,india_midday,none,ESTIMATED_FROM_DAILY_OHLC_USING_SESSION_HEURISTICS_NOT_REAL_INTRADAY_DATA,
2026-04-06T15:30:00+0530,2026-04-06T15:30:00+0530,06-04-2026,WTI,WTI Crude Oil Futures,NYMEX/CME,60m,FRONT_MONTH_CONTINUOUS,CL1!,RECONSTRUCTED_FROM_DAILY,See methodology_and_sources.md,108.07,108.1,108.07,108.1,0,USD,9553.46,9555.7,9553.46,9555.7,88.4,europe_open,first_30m_after_europe_open,ESTIMATED_FROM_DAILY_OHLC_USING_SESSION_HEURISTICS_NOT_REAL_INTRADAY_DATA,
2026-04-06T16:30:00+0530,2026-04-06T16:30:00+0530,06-04-2026,WTI,WTI Crude Oil Futures,NYMEX/CME,60m,FRONT_MONTH_CONTINUOUS,CL1!,RECONSTRUCTED_FROM_DAILY,See methodology_and_sources.md,108.1,108.1,108.08,108.08,0,USD,9555.7,9555.7,9554.57,9554.57,88.4,europe_open,none,ESTIMATED_FROM_DAILY_OHLC_USING_SESSION_HEURISTICS_NOT_REAL_INTRADAY_DATA,
2026-04-06T17:30:00+0530,2026-04-06T17:30:00+0530,06-04-2026,WTI,WTI Crude Oil Futures,NYMEX/CME,60m,FRONT_MONTH_CONTINUOUS,CL1!,RECONSTRUCTED_FROM_DAILY,See methodology_and_sources.md,108.08,108.08,108,108,0,USD,9554.57,9554.57,9547.2,9547.2,88.4,europe_mid,none,ESTIMATED_FROM_DAILY_OHLC_USING_SESSION_HEURISTICS_NOT_REAL_INTRADAY_DATA,
2026-04-06T18:30:00+0530,2026-04-06T18:30:00+0530,06-04-2026,WTI,WTI Crude Oil Futures,NYMEX/CME,60m,FRONT_MONTH_CONTINUOUS,CL1!,RECONSTRUCTED_FROM_DAILY,See methodology_and_sources.md,108,108,108,108,0,USD,9547.2,9547.46,9547.2,9547.46,88.4,europe_mid,none,ESTIMATED_FROM_DAILY_OHLC_USING_SESSION_HEURISTICS_NOT_REAL_INTRADAY_DATA,
2026-04-06T19:30:00+0530,2026-04-06T19:30:00+0530,06-04-2026,WTI,WTI Crude Oil Futures,NYMEX/CME,60m,FRONT_MONTH_CONTINUOUS,CL1!,RECONSTRUCTED_FROM_DAILY,See methodology_and_sources.md,108,108.17,108,108.17,0,USD,9547.46,9561.84,9547.46,9561.84,88.4,europe_mid,none,ESTIMATED_FROM_DAILY_OHLC_USING_SESSION_HEURISTICS_NOT_REAL_INTRADAY_DATA,
2026-04-06T20:30:00+0530,2026-04-06T20:30:00+0530,06-04-2026,WTI,WTI Crude Oil Futures,NYMEX/CME,60m,FRONT_MONTH_CONTINUOUS,CL1!,RECONSTRUCTED_FROM_DAILY,See methodology_and_sources.md,108.17,108.26,108.17,108.26,0,USD,9561.84,9570.37,9561.84,9570.37,88.4,us_pre_open,none,ESTIMATED_FROM_DAILY_OHLC_USING_SESSION_HEURISTICS_NOT_REAL_INTRADAY_DATA,
2026-04-06T21:30:00+0530,2026-04-06T21:30:00+0530,06-04-2026,WTI,WTI Crude Oil Futures,NYMEX/CME,60m,FRONT_MONTH_CONTINUOUS,CL1!,RECONSTRUCTED_FROM_DAILY,See methodology_and_sources.md,108.26,108.26,108.12,108.12,0,USD,9570.37,9570.37,9558.06,9558.06,88.4,us_open,first_hour_after_us_open,ESTIMATED_FROM_DAILY_OHLC_USING_SESSION_HEURISTICS_NOT_REAL_INTRADAY_DATA,
2026-04-06T22:30:00+0530,2026-04-06T22:30:00+0530,06-04-2026,WTI,WTI Crude Oil Futures,NYMEX/CME,60m,FRONT_MONTH_CONTINUOUS,CL1!,RECONSTRUCTED_FROM_DAILY,See methodology_and_sources.md,108.12,108.22,108.12,108.22,0,USD,9558.06,9566.23,9558.06,9566.23,88.4,us_open,final_hour_before_mcx_close,ESTIMATED_FROM_DAILY_OHLC_USING_SESSION_HEURISTICS_NOT_REAL_INTRADAY_DATA,
2026-04-06T23:30:00+0530,2026-04-06T23:30:00+0530,06-04-2026,WTI,WTI Crude Oil Futures,NYMEX/CME,60m,FRONT_MONTH_CONTINUOUS,CL1!,RECONSTRUCTED_FROM_DAILY,See methodology_and_sources.md,108.22,110,108.22,110,0,USD,9566.23,9724,9566.23,9724,88.4,mcx_tail,none,ESTIMATED_FROM_DAILY_OHLC_USING_SESSION_HEURISTICS_NOT_REAL_INTRADAY_DATA,
2026-04-07T00:30:00+0530,2026-04-07T00:30:00+0530,06-04-2026,WTI,WTI Crude Oil Futures,NYMEX/CME,60m,FRONT_MONTH_CONTINUOUS,CL1!,RECONSTRUCTED_FROM_DAILY,See methodology_and_sources.md,110,110,110,110,0,USD,9724,9724,9724,9724,88.4,other_valid_hours,none,ESTIMATED_FROM_DAILY_OHLC_USING_SESSION_HEURISTICS_NOT_REAL_INTRADAY_DATA,
2026-04-07T03:30:00+0530,2026-04-07T03:30:00+0530,07-04-2026,WTI,WTI Crude Oil Futures,NYMEX/CME,60m,FRONT_MONTH_CONTINUOUS,CL1!,RECONSTRUCTED_FROM_DAILY,See methodology_and_sources.md,110,110.02,110,110.02,0,USD,9729.5,9731.2,9729.5,9731.2,88.45,global_reopen_pre_mcx,none,ESTIMATED_FROM_DAILY_OHLC_USING_SESSION_HEURISTICS_NOT_REAL_INTRADAY_DATA,
2026-04-07T04:30:00+0530,2026-04-07T04:30:00+0530,07-04-2026,WTI,WTI Crude Oil Futures,NYMEX/CME,60m,FRONT_MONTH_CONTINUOUS,CL1!,RECONSTRUCTED_FROM_DAILY,See methodology_and_sources.md,110.02,110.02,110.01,110.01,0,USD,9731.2,9731.2,9730.31,9730.31,88.45,global_reopen_pre_mcx,none,ESTIMATED_FROM_DAILY_OHLC_USING_SESSION_HEURISTICS_NOT_REAL_INTRADAY_DATA,
2026-04-07T05:30:00+0530,2026-04-07T05:30:00+0530,07-04-2026,WTI,WTI Crude Oil Futures,NYMEX/CME,60m,FRONT_MONTH_CONTINUOUS,CL1!,RECONSTRUCTED_FROM_DAILY,See methodology_and_sources.md,110.01,110.01,110,110,0,USD,9730.31,9730.31,9729.69,9729.69,88.45,global_reopen_pre_mcx,none,ESTIMATED_FROM_DAILY_OHLC_USING_SESSION_HEURISTICS_NOT_REAL_INTRADAY_DATA,
2026-04-07T06:30:00+0530,2026-04-07T06:30:00+0530,07-04-2026,WTI,WTI Crude Oil Futures,NYMEX/CME,60m,FRONT_MONTH_CONTINUOUS,CL1!,RECONSTRUCTED_FROM_DAILY,See methodology_and_sources.md,110,110.04,110,110.04,0,USD,9729.69,9732.62,9729.69,9732.62,88.45,global_reopen_pre_mcx,none,ESTIMATED_FROM_DAILY_OHLC_USING_SESSION_HEURISTICS_NOT_REAL_INTRADAY_DATA,
2026-04-07T07:30:00+0530,2026-04-07T07:30:00+0530,07-04-2026,WTI,WTI Crude Oil Futures,NYMEX/CME,60m,FRONT_MONTH_CONTINUOUS,CL1!,RECONSTRUCTED_FROM_DAILY,See methodology_and_sources.md,110.04,110.11,110.04,110.11,0,USD,9732.62,9738.9,9732.62,9738.9,88.45,global_reopen_pre_mcx,none,ESTIMATED_FROM_DAILY_OHLC_USING_SESSION_HEURISTICS_NOT_REAL_INTRADAY_DATA,
2026-04-07T08:30:00+0530,2026-04-07T08:30:00+0530,07-04-2026,WTI,WTI Crude Oil Futures,NYMEX/CME,60m,FRONT_MONTH_CONTINUOUS,CL1!,RECONSTRUCTED_FROM_DAILY,See methodology_and_sources.md,110.11,110.11,110.1,110.1,0,USD,9738.9,9738.9,9738.77,9738.77,88.45,global_reopen_pre_mcx,none,ESTIMATED_FROM_DAILY_OHLC_USING_SESSION_HEURISTICS_NOT_REAL_INTRADAY_DATA,
2026-04-07T09:30:00+0530,2026-04-07T09:30:00+0530,07-04-2026,WTI,WTI Crude Oil Futures,NYMEX/CME,60m,FRONT_MONTH_CONTINUOUS,CL1!,RECONSTRUCTED_FROM_DAILY,See methodology_and_sources.md,110.1,110.18,110.1,110.18,0,USD,9738.77,9745.75,9738.77,9745.75,88.45,mcx_open_drive,none,ESTIMATED_FROM_DAILY_OHLC_USING_SESSION_HEURISTICS_NOT_REAL_INTRADAY_DATA,
2026-04-07T10:30:00+0530,2026-04-07T10:30:00+0530,07-04-2026,WTI,WTI Crude Oil Futures,NYMEX/CME,60m,FRONT_MONTH_CONTINUOUS,CL1!,RECONSTRUCTED_FROM_DAILY,See methodology_and_sources.md,110.18,110.18,110.16,110.16,0,USD,9745.75,9745.75,9743.25,9743.25,88.45,india_morning,none,ESTIMATED_FROM_DAILY_OHLC_USING_SESSION_HEURISTICS_NOT_REAL_INTRADAY_DATA,
2026-04-07T11:30:00+0530,2026-04-07T11:30:00+0530,07-04-2026,WTI,WTI Crude Oil Futures,NYMEX/CME,60m,FRONT_MONTH_CONTINUOUS,CL1!,RECONSTRUCTED_FROM_DAILY,See methodology_and_sources.md,110.16,110.18,110.16,110.18,0,USD,9743.25,9745.33,9743.25,9745.33,88.45,india_morning,none,ESTIMATED_FROM_DAILY_OHLC_USING_SESSION_HEURISTICS_NOT_REAL_INTRADAY_DATA,
2026-04-07T12:30:00+0530,2026-04-07T12:30:00+0530,07-04-2026,WTI,WTI Crude Oil Futures,NYMEX/CME,60m,FRONT_MONTH_CONTINUOUS,CL1!,RECONSTRUCTED_FROM_DAILY,See methodology_and_sources.md,110.18,110.18,110.14,110.14,0,USD,9745.33,9745.33,9742.31,9742.31,88.45,india_midday,none,ESTIMATED_FROM_DAILY_OHLC_USING_SESSION_HEURISTICS_NOT_REAL_INTRADAY_DATA,
2026-04-07T13:30:00+0530,2026-04-07T13:30:00+0530,07-04-2026,WTI,WTI Crude Oil Futures,NYMEX/CME,60m,FRONT_MONTH_CONTINUOUS,CL1!,RECONSTRUCTED_FROM_DAILY,See methodology_and_sources.md,110.14,110.14,110.07,110.07,0,USD,9742.31,9742.31,9735.29,9735.29,88.45,india_midday,none,ESTIMATED_FROM_DAILY_OHLC_USING_SESSION_HEURISTICS_NOT_REAL_INTRADAY_DATA,
2026-04-07T14:30:00+0530,2026-04-07T14:30:00+0530,07-04-2026,WTI,WTI Crude Oil Futures,NYMEX/CME,60m,FRONT_MONTH_CONTINUOUS,CL1!,RECONSTRUCTED_FROM_DAILY,See methodology_and_sources.md,110.07,110.18,110.07,110.18,0,USD,9735.29,9745.02,9735.29,9745.02,88.45,india_midday,none,ESTIMATED_FROM_DAILY_OHLC_USING_SESSION_HEURISTICS_NOT_REAL_INTRADAY_DATA,
2026-04-07T15:30:00+0530,2026-04-07T15:30:00+0530,07-04-2026,WTI,WTI Crude Oil Futures,NYMEX/CME,60m,FRONT_MONTH_CONTINUOUS,CL1!,RECONSTRUCTED_FROM_DAILY,See methodology_and_sources.md,110.18,110.18,110.18,110.18,0,USD,9745.02,9745.02,9745.01,9745.01,88.45,europe_open,first_30m_after_europe_open,ESTIMATED_FROM_DAILY_OHLC_USING_SESSION_HEURISTICS_NOT_REAL_INTRADAY_DATA,
2026-04-07T16:30:00+0530,2026-04-07T16:30:00+0530,07-04-2026,WTI,WTI Crude Oil Futures,NYMEX/CME,60m,FRONT_MONTH_CONTINUOUS,CL1!,RECONSTRUCTED_FROM_DAILY,See methodology_and_sources.md,110.18,110.19,110.18,110.19,0,USD,9745.01,9746.07,9745.01,9746.07,88.45,europe_open,none,ESTIMATED_FROM_DAILY_OHLC_USING_SESSION_HEURISTICS_NOT_REAL_INTRADAY_DATA,
2026-04-07T17:30:00+0530,2026-04-07T17:30:00+0530,07-04-2026,WTI,WTI Crude Oil Futures,NYMEX/CME,60m,FRONT_MONTH_CONTINUOUS,CL1!,RECONSTRUCTED_FROM_DAILY,See methodology_and_sources.md,110.19,110.2,110.19,110.2,0,USD,9746.07,9747.33,9746.07,9747.33,88.45,europe_mid,none,ESTIMATED_FROM_DAILY_OHLC_USING_SESSION_HEURISTICS_NOT_REAL_INTRADAY_DATA,
2026-04-07T18:30:00+0530,2026-04-07T18:30:00+0530,07-04-2026,WTI,WTI Crude Oil Futures,NYMEX/CME,60m,FRONT_MONTH_CONTINUOUS,CL1!,RECONSTRUCTED_FROM_DAILY,See methodology_and_sources.md,110.2,110.2,110.09,110.09,0,USD,9747.33,9747.33,9737.05,9737.05,88.45,europe_mid,none,ESTIMATED_FROM_DAILY_OHLC_USING_SESSION_HEURISTICS_NOT_REAL_INTRADAY_DATA,
2026-04-07T19:30:00+0530,2026-04-07T19:30:00+0530,07-04-2026,WTI,WTI Crude Oil Futures,NYMEX/CME,60m,FRONT_MONTH_CONTINUOUS,CL1!,RECONSTRUCTED_FROM_DAILY,See methodology_and_sources.md,110.09,110.09,110.05,110.05,0,USD,9737.05,9737.05,9734.26,9734.26,88.45,europe_mid,none,ESTIMATED_FROM_DAILY_OHLC_USING_SESSION_HEURISTICS_NOT_REAL_INTRADAY_DATA,
2026-04-07T20:30:00+0530,2026-04-07T20:30:00+0530,07-04-2026,WTI,WTI Crude Oil Futures,NYMEX/CME,60m,FRONT_MONTH_CONTINUOUS,CL1!,RECONSTRUCTED_FROM_DAILY,See methodology_and_sources.md,110.05,110.16,110.05,110.16,0,USD,9734.26,9743.57,9734.26,9743.57,88.45,us_pre_open,none,ESTIMATED_FROM_DAILY_OHLC_USING_SESSION_HEURISTICS_NOT_REAL_INTRADAY_DATA,
2026-04-07T21:30:00+0530,2026-04-07T21:30:00+0530,07-04-2026,WTI,WTI Crude Oil Futures,NYMEX/CME,60m,FRONT_MONTH_CONTINUOUS,CL1!,RECONSTRUCTED_FROM_DAILY,See methodology_and_sources.md,110.16,110.16,110.08,110.08,0,USD,9743.57,9743.57,9736.87,9736.87,88.45,us_open,first_hour_after_us_open,ESTIMATED_FROM_DAILY_OHLC_USING_SESSION_HEURISTICS_NOT_REAL_INTRADAY_DATA,
2026-04-07T22:30:00+0530,2026-04-07T22:30:00+0530,07-04-2026,WTI,WTI Crude Oil Futures,NYMEX/CME,60m,FRONT_MONTH_CONTINUOUS,CL1!,RECONSTRUCTED_FROM_DAILY,See methodology_and_sources.md,110.08,110.09,110.08,110.09,0,USD,9736.87,9737.13,9736.87,9737.13,88.45,us_open,final_hour_before_mcx_close,ESTIMATED_FROM_DAILY_OHLC_USING_SESSION_HEURISTICS_NOT_REAL_INTRADAY_DATA,
2026-04-07T23:30:00+0530,2026-04-07T23:30:00+0530,07-04-2026,WTI,WTI Crude Oil Futures,NYMEX/CME,60m,FRONT_MONTH_CONTINUOUS,CL1!,RECONSTRUCTED_FROM_DAILY,See methodology_and_sources.md,110.09,112,110.09,112,0,USD,9737.13,9906.4,9737.13,9906.4,88.45,mcx_tail,none,ESTIMATED_FROM_DAILY_OHLC_USING_SESSION_HEURISTICS_NOT_REAL_INTRADAY_DATA,
2026-04-08T00:30:00+0530,2026-04-08T00:30:00+0530,07-04-2026,WTI,WTI Crude Oil Futures,NYMEX/CME,60m,FRONT_MONTH_CONTINUOUS,CL1!,RECONSTRUCTED_FROM_DAILY,See methodology_and_sources.md,112,112,112,112,0,USD,9906.4,9906.4,9906.4,9906.4,88.45,other_valid_hours,none,ESTIMATED_FROM_DAILY_OHLC_USING_SESSION_HEURISTICS_NOT_REAL_INTRADAY_DATA,
2026-04-08T03:30:00+0530,2026-04-08T03:30:00+0530,08-04-2026,WTI,WTI Crude Oil Futures,NYMEX/CME,60m,FRONT_MONTH_CONTINUOUS,CL1!,RECONSTRUCTED_FROM_DAILY,See methodology_and_sources.md,112,112,112,112,0,USD,9912,9912,9912,9912,88.5,global_reopen_pre_mcx,none,ESTIMATED_FROM_DAILY_OHLC_USING_SESSION_HEURISTICS_NOT_REAL_INTRADAY_DATA,
2026-04-08T04:30:00+0530,2026-04-08T04:30:00+0530,08-04-2026,WTI,WTI Crude Oil Futures,NYMEX/CME,60m,FRONT_MONTH_CONTINUOUS,CL1!,RECONSTRUCTED_FROM_DAILY,See methodology_and_sources.md,112,112,111.97,111.97,0,USD,9912,9912,9909.64,9909.64,88.5,global_reopen_pre_mcx,none,ESTIMATED_FROM_DAILY_OHLC_USING_SESSION_HEURISTICS_NOT_REAL_INTRADAY_DATA,
2026-04-08T05:30:00+0530,2026-04-08T05:30:00+0530,08-04-2026,WTI,WTI Crude Oil Futures,NYMEX/CME,60m,FRONT_MONTH_CONTINUOUS,CL1!,RECONSTRUCTED_FROM_DAILY,See methodology_and_sources.md,111.97,112,111.97,112,0,USD,9909.64,9912,9909.64,9912,88.5,global_reopen_pre_mcx,none,ESTIMATED_FROM_DAILY_OHLC_USING_SESSION_HEURISTICS_NOT_REAL_INTRADAY_DATA,
2026-04-08T06:30:00+0530,2026-04-08T06:30:00+0530,08-04-2026,WTI,WTI Crude Oil Futures,NYMEX/CME,60m,FRONT_MONTH_CONTINUOUS,CL1!,RECONSTRUCTED_FROM_DAILY,See methodology_and_sources.md,112,112,112,112,0,USD,9912,9912,9912,9912,88.5,global_reopen_pre_mcx,none,ESTIMATED_FROM_DAILY_OHLC_USING_SESSION_HEURISTICS_NOT_REAL_INTRADAY_DATA,
2026-04-08T07:30:00+0530,2026-04-08T07:30:00+0530,08-04-2026,WTI,WTI Crude Oil Futures,NYMEX/CME,60m,FRONT_MONTH_CONTINUOUS,CL1!,RECONSTRUCTED_FROM_DAILY,See methodology_and_sources.md,112,112,112,112,0,USD,9912,9912,9912,9912,88.5,global_reopen_pre_mcx,none,ESTIMATED_FROM_DAILY_OHLC_USING_SESSION_HEURISTICS_NOT_REAL_INTRADAY_DATA,
2026-04-08T08:30:00+0530,2026-04-08T08:30:00+0530,08-04-2026,WTI,WTI Crude Oil Futures,NYMEX/CME,60m,FRONT_MONTH_CONTINUOUS,CL1!,RECONSTRUCTED_FROM_DAILY,See methodology_and_sources.md,112,112,111.84,111.84,0,USD,9912,9912,9898.06,9898.06,88.5,global_reopen_pre_mcx,none,ESTIMATED_FROM_DAILY_OHLC_USING_SESSION_HEURISTICS_NOT_REAL_INTRADAY_DATA,
2026-04-08T09:30:00+0530,2026-04-08T09:30:00+0530,08-04-2026,WTI,WTI Crude Oil Futures,NYMEX/CME,60m,FRONT_MONTH_CONTINUOUS,CL1!,RECONSTRUCTED_FROM_DAILY,See methodology_and_sources.md,111.84,111.84,111.82,111.82,0,USD,9898.06,9898.06,9896.32,9896.32,88.5,mcx_open_drive,none,ESTIMATED_FROM_DAILY_OHLC_USING_SESSION_HEURISTICS_NOT_REAL_INTRADAY_DATA,
2026-04-08T10:30:00+0530,2026-04-08T10:30:00+0530,08-04-2026,WTI,WTI Crude Oil Futures,NYMEX/CME,60m,FRONT_MONTH_CONTINUOUS,CL1!,RECONSTRUCTED_FROM_DAILY,See methodology_and_sources.md,111.82,111.82,111.8,111.8,0,USD,9896.32,9896.32,9894.7,9894.7,88.5,india_morning,none,ESTIMATED_FROM_DAILY_OHLC_USING_SESSION_HEURISTICS_NOT_REAL_INTRADAY_DATA,
2026-04-08T11:30:00+0530,2026-04-08T11:30:00+0530,08-04-2026,WTI,WTI Crude Oil Futures,NYMEX/CME,60m,FRONT_MONTH_CONTINUOUS,CL1!,RECONSTRUCTED_FROM_DAILY,See methodology_and_sources.md,111.8,111.84,111.8,111.84,0,USD,9894.7,9897.58,9894.7,9897.58,88.5,india_morning,none,ESTIMATED_FROM_DAILY_OHLC_USING_SESSION_HEURISTICS_NOT_REAL_INTRADAY_DATA,
2026-04-08T12:30:00+0530,2026-04-08T12:30:00+0530,08-04-2026,WTI,WTI Crude Oil Futures,NYMEX/CME,60m,FRONT_MONTH_CONTINUOUS,CL1!,RECONSTRUCTED_FROM_DAILY,See methodology_and_sources.md,111.84,111.84,111.84,111.84,0,USD,9897.58,9898,9897.58,9898,88.5,india_midday,none,ESTIMATED_FROM_DAILY_OHLC_USING_SESSION_HEURISTICS_NOT_REAL_INTRADAY_DATA,
2026-04-08T13:30:00+0530,2026-04-08T13:30:00+0530,08-04-2026,WTI,WTI Crude Oil Futures,NYMEX/CME,60m,FRONT_MONTH_CONTINUOUS,CL1!,RECONSTRUCTED_FROM_DAILY,See methodology_and_sources.md,111.84,111.84,111.84,111.84,0,USD,9898,9898,9897.52,9897.52,88.5,india_midday,none,ESTIMATED_FROM_DAILY_OHLC_USING_SESSION_HEURISTICS_NOT_REAL_INTRADAY_DATA,
2026-04-08T14:30:00+0530,2026-04-08T14:30:00+0530,08-04-2026,WTI,WTI Crude Oil Futures,NYMEX/CME,60m,FRONT_MONTH_CONTINUOUS,CL1!,RECONSTRUCTED_FROM_DAILY,See methodology_and_sources.md,111.84,111.84,111.78,111.78,0,USD,9897.52,9897.52,9892.45,9892.45,88.5,india_midday,none,ESTIMATED_FROM_DAILY_OHLC_USING_SESSION_HEURISTICS_NOT_REAL_INTRADAY_DATA,
2026-04-08T15:30:00+0530,2026-04-08T15:30:00+0530,08-04-2026,WTI,WTI Crude Oil Futures,NYMEX/CME,60m,FRONT_MONTH_CONTINUOUS,CL1!,RECONSTRUCTED_FROM_DAILY,See methodology_and_sources.md,111.78,111.93,111.78,111.93,0,USD,9892.45,9906.15,9892.45,9906.15,88.5,europe_open,first_30m_after_europe_open,ESTIMATED_FROM_DAILY_OHLC_USING_SESSION_HEURISTICS_NOT_REAL_INTRADAY_DATA,
2026-04-08T16:30:00+0530,2026-04-08T16:30:00+0530,08-04-2026,WTI,WTI Crude Oil Futures,NYMEX/CME,60m,FRONT_MONTH_CONTINUOUS,CL1!,RECONSTRUCTED_FROM_DAILY,See methodology_and_sources.md,111.93,112,111.93,112,0,USD,9906.15,9912,9906.15,9912,88.5,europe_open,none,ESTIMATED_FROM_DAILY_OHLC_USING_SESSION_HEURISTICS_NOT_REAL_INTRADAY_DATA,
2026-04-08T17:30:00+0530,2026-04-08T17:30:00+0530,08-04-2026,WTI,WTI Crude Oil Futures,NYMEX/CME,60m,FRONT_MONTH_CONTINUOUS,CL1!,RECONSTRUCTED_FROM_DAILY,See methodology_and_sources.md,112,112,111.98,111.98,0,USD,9912,9912,9910.32,9910.32,88.5,europe_mid,none,ESTIMATED_FROM_DAILY_OHLC_USING_SESSION_HEURISTICS_NOT_REAL_INTRADAY_DATA,
2026-04-08T18:30:00+0530,2026-04-08T18:30:00+0530,08-04-2026,WTI,WTI Crude Oil Futures,NYMEX/CME,60m,FRONT_MONTH_CONTINUOUS,CL1!,RECONSTRUCTED_FROM_DAILY,See methodology_and_sources.md,111.98,111.98,111.93,111.93,0,USD,9910.32,9910.32,9905.75,9905.75,88.5,europe_mid,none,ESTIMATED_FROM_DAILY_OHLC_USING_SESSION_HEURISTICS_NOT_REAL_INTRADAY_DATA,
2026-04-08T19:30:00+0530,2026-04-08T19:30:00+0530,08-04-2026,WTI,WTI Crude Oil Futures,NYMEX/CME,60m,FRONT_MONTH_CONTINUOUS,CL1!,RECONSTRUCTED_FROM_DAILY,See methodology_and_sources.md,111.93,111.93,111.9,111.9,0,USD,9905.75,9905.75,9902.89,9902.89,88.5,europe_mid,none,ESTIMATED_FROM_DAILY_OHLC_USING_SESSION_HEURISTICS_NOT_REAL_INTRADAY_DATA,
2026-04-08T20:30:00+0530,2026-04-08T20:30:00+0530,08-04-2026,WTI,WTI Crude Oil Futures,NYMEX/CME,60m,FRONT_MONTH_CONTINUOUS,CL1!,RECONSTRUCTED_FROM_DAILY,See methodology_and_sources.md,111.9,111.96,111.9,111.96,0,USD,9902.89,9908.39,9902.89,9908.39,88.5,us_pre_open,none,ESTIMATED_FROM_DAILY_OHLC_USING_SESSION_HEURISTICS_NOT_REAL_INTRADAY_DATA,
2026-04-08T21:30:00+0530,2026-04-08T21:30:00+0530,08-04-2026,WTI,WTI Crude Oil Futures,NYMEX/CME,60m,FRONT_MONTH_CONTINUOUS,CL1!,RECONSTRUCTED_FROM_DAILY,See methodology_and_sources.md,111.96,111.96,111.83,111.83,0,USD,9908.39,9908.39,9897.01,9897.01,88.5,us_open,first_hour_after_us_open,ESTIMATED_FROM_DAILY_OHLC_USING_SESSION_HEURISTICS_NOT_REAL_INTRADAY_DATA,
2026-04-08T22:30:00+0530,2026-04-08T22:30:00+0530,08-04-2026,WTI,WTI Crude Oil Futures,NYMEX/CME,60m,FRONT_MONTH_CONTINUOUS,CL1!,RECONSTRUCTED_FROM_DAILY,See methodology_and_sources.md,111.83,111.83,111.72,111.72,0,USD,9897.01,9897.01,9887.22,9887.22,88.5,us_open,final_hour_before_mcx_close,ESTIMATED_FROM_DAILY_OHLC_USING_SESSION_HEURISTICS_NOT_REAL_INTRADAY_DATA,
2026-04-08T23:30:00+0530,2026-04-08T23:30:00+0530,08-04-2026,WTI,WTI Crude Oil Futures,NYMEX/CME,60m,FRONT_MONTH_CONTINUOUS,CL1!,RECONSTRUCTED_FROM_DAILY,See methodology_and_sources.md,111.72,111.72,94.41,94.41,0,USD,9887.22,9887.22,8355.28,8355.28,88.5,mcx_tail,none,ESTIMATED_FROM_DAILY_OHLC_USING_SESSION_HEURISTICS_NOT_REAL_INTRADAY_DATA,
2026-04-09T00:30:00+0530,2026-04-09T00:30:00+0530,08-04-2026,WTI,WTI Crude Oil Futures,NYMEX/CME,60m,FRONT_MONTH_CONTINUOUS,CL1!,RECONSTRUCTED_FROM_DAILY,See methodology_and_sources.md,94.41,94.41,94.41,94.41,0,USD,8355.28,8355.28,8355.28,8355.28,88.5,other_valid_hours,none,ESTIMATED_FROM_DAILY_OHLC_USING_SESSION_HEURISTICS_NOT_REAL_INTRADAY_DATA,
2026-04-09T03:30:00+0530,2026-04-09T03:30:00+0530,09-04-2026,WTI,WTI Crude Oil Futures,NYMEX/CME,60m,FRONT_MONTH_CONTINUOUS,CL1!,RECONSTRUCTED_FROM_DAILY,See methodology_and_sources.md,94,94,93.99,93.99,0,USD,8323.7,8323.7,8322.69,8322.69,88.55,global_reopen_pre_mcx,none,ESTIMATED_FROM_DAILY_OHLC_USING_SESSION_HEURISTICS_NOT_REAL_INTRADAY_DATA,
2026-04-09T04:30:00+0530,2026-04-09T04:30:00+0530,09-04-2026,WTI,WTI Crude Oil Futures,NYMEX/CME,60m,FRONT_MONTH_CONTINUOUS,CL1!,RECONSTRUCTED_FROM_DAILY,See methodology_and_sources.md,93.99,93.99,93.96,93.96,0,USD,8322.69,8322.69,8320.09,8320.09,88.55,global_reopen_pre_mcx,none,ESTIMATED_FROM_DAILY_OHLC_USING_SESSION_HEURISTICS_NOT_REAL_INTRADAY_DATA,
2026-04-09T05:30:00+0530,2026-04-09T05:30:00+0530,09-04-2026,WTI,WTI Crude Oil Futures,NYMEX/CME,60m,FRONT_MONTH_CONTINUOUS,CL1!,RECONSTRUCTED_FROM_DAILY,See methodology_and_sources.md,93.96,93.96,93.94,93.94,0,USD,8320.09,8320.09,8318.41,8318.41,88.55,global_reopen_pre_mcx,none,ESTIMATED_FROM_DAILY_OHLC_USING_SESSION_HEURISTICS_NOT_REAL_INTRADAY_DATA,
2026-04-09T06:30:00+0530,2026-04-09T06:30:00+0530,09-04-2026,WTI,WTI Crude Oil Futures,NYMEX/CME,60m,FRONT_MONTH_CONTINUOUS,CL1!,RECONSTRUCTED_FROM_DAILY,See methodology_and_sources.md,93.94,93.96,93.94,93.96,0,USD,8318.41,8320.04,8318.41,8320.04,88.55,global_reopen_pre_mcx,none,ESTIMATED_FROM_DAILY_OHLC_USING_SESSION_HEURISTICS_NOT_REAL_INTRADAY_DATA,
2026-04-09T07:30:00+0530,2026-04-09T07:30:00+0530,09-04-2026,WTI,WTI Crude Oil Futures,NYMEX/CME,60m,FRONT_MONTH_CONTINUOUS,CL1!,RECONSTRUCTED_FROM_DAILY,See methodology_and_sources.md,93.96,93.96,93.95,93.95,0,USD,8320.04,8320.04,8319.54,8319.54,88.55,global_reopen_pre_mcx,none,ESTIMATED_FROM_DAILY_OHLC_USING_SESSION_HEURISTICS_NOT_REAL_INTRADAY_DATA,
2026-04-09T08:30:00+0530,2026-04-09T08:30:00+0530,09-04-2026,WTI,WTI Crude Oil Futures,NYMEX/CME,60m,FRONT_MONTH_CONTINUOUS,CL1!,RECONSTRUCTED_FROM_DAILY,See methodology_and_sources.md,93.95,93.97,93.95,93.97,0,USD,8319.54,8321.2,8319.54,8321.2,88.55,global_reopen_pre_mcx,none,ESTIMATED_FROM_DAILY_OHLC_USING_SESSION_HEURISTICS_NOT_REAL_INTRADAY_DATA,
2026-04-09T09:30:00+0530,2026-04-09T09:30:00+0530,09-04-2026,WTI,WTI Crude Oil Futures,NYMEX/CME,60m,FRONT_MONTH_CONTINUOUS,CL1!,RECONSTRUCTED_FROM_DAILY,See methodology_and_sources.md,93.97,93.97,93.96,93.96,0,USD,8321.2,8321.2,8320.57,8320.57,88.55,mcx_open_drive,none,ESTIMATED_FROM_DAILY_OHLC_USING_SESSION_HEURISTICS_NOT_REAL_INTRADAY_DATA,
2026-04-09T10:30:00+0530,2026-04-09T10:30:00+0530,09-04-2026,WTI,WTI Crude Oil Futures,NYMEX/CME,60m,FRONT_MONTH_CONTINUOUS,CL1!,RECONSTRUCTED_FROM_DAILY,See methodology_and_sources.md,93.96,94.01,93.96,94.01,0,USD,8320.57,8324.3,8320.57,8324.3,88.55,india_morning,none,ESTIMATED_FROM_DAILY_OHLC_USING_SESSION_HEURISTICS_NOT_REAL_INTRADAY_DATA,
2026-04-09T11:30:00+0530,2026-04-09T11:30:00+0530,09-04-2026,WTI,WTI Crude Oil Futures,NYMEX/CME,60m,FRONT_MONTH_CONTINUOUS,CL1!,RECONSTRUCTED_FROM_DAILY,See methodology_and_sources.md,94.01,94.01,93.96,93.96,0,USD,8324.3,8324.3,8320.38,8320.38,88.55,india_morning,none,ESTIMATED_FROM_DAILY_OHLC_USING_SESSION_HEURISTICS_NOT_REAL_INTRADAY_DATA,
2026-04-09T12:30:00+0530,2026-04-09T12:30:00+0530,09-04-2026,WTI,WTI Crude Oil Futures,NYMEX/CME,60m,FRONT_MONTH_CONTINUOUS,CL1!,RECONSTRUCTED_FROM_DAILY,See methodology_and_sources.md,93.96,93.96,93.92,93.92,0,USD,8320.38,8320.38,8316.48,8316.48,88.55,india_midday,none,ESTIMATED_FROM_DAILY_OHLC_USING_SESSION_HEURISTICS_NOT_REAL_INTRADAY_DATA,
2026-04-09T13:30:00+0530,2026-04-09T13:30:00+0530,09-04-2026,WTI,WTI Crude Oil Futures,NYMEX/CME,60m,FRONT_MONTH_CONTINUOUS,CL1!,RECONSTRUCTED_FROM_DAILY,See methodology_and_sources.md,93.92,93.92,93.92,93.92,0,USD,8316.48,8316.48,8316.2,8316.2,88.55,india_midday,none,ESTIMATED_FROM_DAILY_OHLC_USING_SESSION_HEURISTICS_NOT_REAL_INTRADAY_DATA,
2026-04-09T14:30:00+0530,2026-04-09T14:30:00+0530,09-04-2026,WTI,WTI Crude Oil Futures,NYMEX/CME,60m,FRONT_MONTH_CONTINUOUS,CL1!,RECONSTRUCTED_FROM_DAILY,See methodology_and_sources.md,93.92,93.94,93.92,93.94,0,USD,8316.2,8318.72,8316.2,8318.72,88.55,india_midday,none,ESTIMATED_FROM_DAILY_OHLC_USING_SESSION_HEURISTICS_NOT_REAL_INTRADAY_DATA,
2026-04-09T15:30:00+0530,2026-04-09T15:30:00+0530,09-04-2026,WTI,WTI Crude Oil Futures,NYMEX/CME,60m,FRONT_MONTH_CONTINUOUS,CL1!,RECONSTRUCTED_FROM_DAILY,See methodology_and_sources.md,93.94,93.94,93.91,93.91,0,USD,8318.72,8318.72,8316.13,8316.13,88.55,europe_open,first_30m_after_europe_open,ESTIMATED_FROM_DAILY_OHLC_USING_SESSION_HEURISTICS_NOT_REAL_INTRADAY_DATA,
2026-04-09T16:30:00+0530,2026-04-09T16:30:00+0530,09-04-2026,WTI,WTI Crude Oil Futures,NYMEX/CME,60m,FRONT_MONTH_CONTINUOUS,CL1!,RECONSTRUCTED_FROM_DAILY,See methodology_and_sources.md,93.91,93.97,93.91,93.97,0,USD,8316.13,8320.6,8316.13,8320.6,88.55,europe_open,none,ESTIMATED_FROM_DAILY_OHLC_USING_SESSION_HEURISTICS_NOT_REAL_INTRADAY_DATA,
2026-04-09T17:30:00+0530,2026-04-09T17:30:00+0530,09-04-2026,WTI,WTI Crude Oil Futures,NYMEX/CME,60m,FRONT_MONTH_CONTINUOUS,CL1!,RECONSTRUCTED_FROM_DAILY,See methodology_and_sources.md,93.97,93.97,93.96,93.96,0,USD,8320.6,8320.6,8320.29,8320.29,88.55,europe_mid,none,ESTIMATED_FROM_DAILY_OHLC_USING_SESSION_HEURISTICS_NOT_REAL_INTRADAY_DATA,
2026-04-09T18:30:00+0530,2026-04-09T18:30:00+0530,09-04-2026,WTI,WTI Crude Oil Futures,NYMEX/CME,60m,FRONT_MONTH_CONTINUOUS,CL1!,RECONSTRUCTED_FROM_DAILY,See methodology_and_sources.md,93.96,93.96,93.93,93.93,0,USD,8320.29,8320.29,8317.32,8317.32,88.55,europe_mid,none,ESTIMATED_FROM_DAILY_OHLC_USING_SESSION_HEURISTICS_NOT_REAL_INTRADAY_DATA,
2026-04-09T19:30:00+0530,2026-04-09T19:30:00+0530,09-04-2026,WTI,WTI Crude Oil Futures,NYMEX/CME,60m,FRONT_MONTH_CONTINUOUS,CL1!,RECONSTRUCTED_FROM_DAILY,See methodology_and_sources.md,93.93,93.93,93.89,93.89,0,USD,8317.32,8317.32,8313.92,8313.92,88.55,europe_mid,none,ESTIMATED_FROM_DAILY_OHLC_USING_SESSION_HEURISTICS_NOT_REAL_INTRADAY_DATA,
2026-04-09T20:30:00+0530,2026-04-09T20:30:00+0530,09-04-2026,WTI,WTI Crude Oil Futures,NYMEX/CME,60m,FRONT_MONTH_CONTINUOUS,CL1!,RECONSTRUCTED_FROM_DAILY,See methodology_and_sources.md,93.89,93.89,93.88,93.88,0,USD,8313.92,8313.92,8313.24,8313.24,88.55,us_pre_open,none,ESTIMATED_FROM_DAILY_OHLC_USING_SESSION_HEURISTICS_NOT_REAL_INTRADAY_DATA,
2026-04-09T21:30:00+0530,2026-04-09T21:30:00+0530,09-04-2026,WTI,WTI Crude Oil Futures,NYMEX/CME,60m,FRONT_MONTH_CONTINUOUS,CL1!,RECONSTRUCTED_FROM_DAILY,See methodology_and_sources.md,93.88,93.91,93.88,93.91,0,USD,8313.24,8315.37,8313.24,8315.37,88.55,us_open,first_hour_after_us_open,ESTIMATED_FROM_DAILY_OHLC_USING_SESSION_HEURISTICS_NOT_REAL_INTRADAY_DATA,
2026-04-09T22:30:00+0530,2026-04-09T22:30:00+0530,09-04-2026,WTI,WTI Crude Oil Futures,NYMEX/CME,60m,FRONT_MONTH_CONTINUOUS,CL1!,RECONSTRUCTED_FROM_DAILY,See methodology_and_sources.md,93.91,93.94,93.91,93.94,0,USD,8315.37,8317.98,8315.37,8317.98,88.55,us_open,final_hour_before_mcx_close,ESTIMATED_FROM_DAILY_OHLC_USING_SESSION_HEURISTICS_NOT_REAL_INTRADAY_DATA,
2026-04-09T23:30:00+0530,2026-04-09T23:30:00+0530,09-04-2026,WTI,WTI Crude Oil Futures,NYMEX/CME,60m,FRONT_MONTH_CONTINUOUS,CL1!,RECONSTRUCTED_FROM_DAILY,See methodology_and_sources.md,93.94,97,93.94,97,0,USD,8317.98,8589.35,8317.98,8589.35,88.55,mcx_tail,none,ESTIMATED_FROM_DAILY_OHLC_USING_SESSION_HEURISTICS_NOT_REAL_INTRADAY_DATA,
2026-04-10T00:30:00+0530,2026-04-10T00:30:00+0530,09-04-2026,WTI,WTI Crude Oil Futures,NYMEX/CME,60m,FRONT_MONTH_CONTINUOUS,CL1!,RECONSTRUCTED_FROM_DAILY,See methodology_and_sources.md,97,97,97,97,0,USD,8589.35,8589.35,8589.35,8589.35,88.55,other_valid_hours,none,ESTIMATED_FROM_DAILY_OHLC_USING_SESSION_HEURISTICS_NOT_REAL_INTRADAY_DATA,
2026-04-10T03:30:00+0530,2026-04-10T03:30:00+0530,10-04-2026,WTI,WTI Crude Oil Futures,NYMEX/CME,60m,FRONT_MONTH_CONTINUOUS,CL1!,RECONSTRUCTED_FROM_DAILY,See methodology_and_sources.md,97,97.03,97,97.03,0,USD,8594.2,8596.71,8594.2,8596.71,88.6,global_reopen_pre_mcx,none,ESTIMATED_FROM_DAILY_OHLC_USING_SESSION_HEURISTICS_NOT_REAL_INTRADAY_DATA,
2026-04-10T04:30:00+0530,2026-04-10T04:30:00+0530,10-04-2026,WTI,WTI Crude Oil Futures,NYMEX/CME,60m,FRONT_MONTH_CONTINUOUS,CL1!,RECONSTRUCTED_FROM_DAILY,See methodology_and_sources.md,97.03,97.03,97.03,97.03,0,USD,8596.71,8597.11,8596.71,8597.11,88.6,global_reopen_pre_mcx,none,ESTIMATED_FROM_DAILY_OHLC_USING_SESSION_HEURISTICS_NOT_REAL_INTRADAY_DATA,
2026-04-10T05:30:00+0530,2026-04-10T05:30:00+0530,10-04-2026,WTI,WTI Crude Oil Futures,NYMEX/CME,60m,FRONT_MONTH_CONTINUOUS,CL1!,RECONSTRUCTED_FROM_DAILY,See methodology_and_sources.md,97.03,97.06,97.03,97.06,0,USD,8597.11,8599.54,8597.11,8599.54,88.6,global_reopen_pre_mcx,none,ESTIMATED_FROM_DAILY_OHLC_USING_SESSION_HEURISTICS_NOT_REAL_INTRADAY_DATA,
2026-04-10T06:30:00+0530,2026-04-10T06:30:00+0530,10-04-2026,WTI,WTI Crude Oil Futures,NYMEX/CME,60m,FRONT_MONTH_CONTINUOUS,CL1!,RECONSTRUCTED_FROM_DAILY,See methodology_and_sources.md,97.06,97.08,97.06,97.08,0,USD,8599.54,8601.72,8599.54,8601.72,88.6,global_reopen_pre_mcx,none,ESTIMATED_FROM_DAILY_OHLC_USING_SESSION_HEURISTICS_NOT_REAL_INTRADAY_DATA,
2026-04-10T07:30:00+0530,2026-04-10T07:30:00+0530,10-04-2026,WTI,WTI Crude Oil Futures,NYMEX/CME,60m,FRONT_MONTH_CONTINUOUS,CL1!,RECONSTRUCTED_FROM_DAILY,See methodology_and_sources.md,97.08,97.08,97.08,97.08,0,USD,8601.72,8601.72,8601.67,8601.67,88.6,global_reopen_pre_mcx,none,ESTIMATED_FROM_DAILY_OHLC_USING_SESSION_HEURISTICS_NOT_REAL_INTRADAY_DATA,
2026-04-10T08:30:00+0530,2026-04-10T08:30:00+0530,10-04-2026,WTI,WTI Crude Oil Futures,NYMEX/CME,60m,FRONT_MONTH_CONTINUOUS,CL1!,RECONSTRUCTED_FROM_DAILY,See methodology_and_sources.md,97.08,97.08,97.08,97.08,0,USD,8601.67,8601.67,8600.87,8600.87,88.6,global_reopen_pre_mcx,none,ESTIMATED_FROM_DAILY_OHLC_USING_SESSION_HEURISTICS_NOT_REAL_INTRADAY_DATA,
2026-04-10T09:30:00+0530,2026-04-10T09:30:00+0530,10-04-2026,WTI,WTI Crude Oil Futures,NYMEX/CME,60m,FRONT_MONTH_CONTINUOUS,CL1!,RECONSTRUCTED_FROM_DAILY,See methodology_and_sources.md,97.08,97.08,97.07,97.07,0,USD,8600.87,8600.87,8600.08,8600.08,88.6,mcx_open_drive,none,ESTIMATED_FROM_DAILY_OHLC_USING_SESSION_HEURISTICS_NOT_REAL_INTRADAY_DATA,
2026-04-10T10:30:00+0530,2026-04-10T10:30:00+0530,10-04-2026,WTI,WTI Crude Oil Futures,NYMEX/CME,60m,FRONT_MONTH_CONTINUOUS,CL1!,RECONSTRUCTED_FROM_DAILY,See methodology_and_sources.md,97.07,97.07,97.03,97.03,0,USD,8600.08,8600.08,8597.12,8597.12,88.6,india_morning,none,ESTIMATED_FROM_DAILY_OHLC_USING_SESSION_HEURISTICS_NOT_REAL_INTRADAY_DATA,
2026-04-10T11:30:00+0530,2026-04-10T11:30:00+0530,10-04-2026,WTI,WTI Crude Oil Futures,NYMEX/CME,60m,FRONT_MONTH_CONTINUOUS,CL1!,RECONSTRUCTED_FROM_DAILY,See methodology_and_sources.md,97.03,97.12,97.03,97.12,0,USD,8597.12,8604.68,8597.12,8604.68,88.6,india_morning,none,ESTIMATED_FROM_DAILY_OHLC_USING_SESSION_HEURISTICS_NOT_REAL_INTRADAY_DATA,
2026-04-10T12:30:00+0530,2026-04-10T12:30:00+0530,10-04-2026,WTI,WTI Crude Oil Futures,NYMEX/CME,60m,FRONT_MONTH_CONTINUOUS,CL1!,RECONSTRUCTED_FROM_DAILY,See methodology_and_sources.md,97.12,97.15,97.12,97.15,0,USD,8604.68,8607.48,8604.68,8607.48,88.6,india_midday,none,ESTIMATED_FROM_DAILY_OHLC_USING_SESSION_HEURISTICS_NOT_REAL_INTRADAY_DATA,
2026-04-10T13:30:00+0530,2026-04-10T13:30:00+0530,10-04-2026,WTI,WTI Crude Oil Futures,NYMEX/CME,60m,FRONT_MONTH_CONTINUOUS,CL1!,RECONSTRUCTED_FROM_DAILY,See methodology_and_sources.md,97.15,97.15,97.14,97.14,0,USD,8607.48,8607.48,8606.7,8606.7,88.6,india_midday,none,ESTIMATED_FROM_DAILY_OHLC_USING_SESSION_HEURISTICS_NOT_REAL_INTRADAY_DATA,
2026-04-10T14:30:00+0530,2026-04-10T14:30:00+0530,10-04-2026,WTI,WTI Crude Oil Futures,NYMEX/CME,60m,FRONT_MONTH_CONTINUOUS,CL1!,RECONSTRUCTED_FROM_DAILY,See methodology_and_sources.md,97.14,97.2,97.14,97.2,0,USD,8606.7,8611.61,8606.7,8611.61,88.6,india_midday,none,ESTIMATED_FROM_DAILY_OHLC_USING_SESSION_HEURISTICS_NOT_REAL_INTRADAY_DATA,
2026-04-10T15:30:00+0530,2026-04-10T15:30:00+0530,10-04-2026,WTI,WTI Crude Oil Futures,NYMEX/CME,60m,FRONT_MONTH_CONTINUOUS,CL1!,RECONSTRUCTED_FROM_DAILY,See methodology_and_sources.md,97.2,97.2,97.16,97.16,0,USD,8611.61,8611.61,8608.32,8608.32,88.6,europe_open,first_30m_after_europe_open,ESTIMATED_FROM_DAILY_OHLC_USING_SESSION_HEURISTICS_NOT_REAL_INTRADAY_DATA,
2026-04-10T16:30:00+0530,2026-04-10T16:30:00+0530,10-04-2026,WTI,WTI Crude Oil Futures,NYMEX/CME,60m,FRONT_MONTH_CONTINUOUS,CL1!,RECONSTRUCTED_FROM_DAILY,See methodology_and_sources.md,97.16,97.23,97.16,97.23,0,USD,8608.32,8614.84,8608.32,8614.84,88.6,europe_open,none,ESTIMATED_FROM_DAILY_OHLC_USING_SESSION_HEURISTICS_NOT_REAL_INTRADAY_DATA,
2026-04-10T17:30:00+0530,2026-04-10T17:30:00+0530,10-04-2026,WTI,WTI Crude Oil Futures,NYMEX/CME,60m,FRONT_MONTH_CONTINUOUS,CL1!,RECONSTRUCTED_FROM_DAILY,See methodology_and_sources.md,97.23,97.23,97.13,97.13,0,USD,8614.84,8614.84,8605.52,8605.52,88.6,europe_mid,none,ESTIMATED_FROM_DAILY_OHLC_USING_SESSION_HEURISTICS_NOT_REAL_INTRADAY_DATA,
2026-04-10T18:30:00+0530,2026-04-10T18:30:00+0530,10-04-2026,WTI,WTI Crude Oil Futures,NYMEX/CME,60m,FRONT_MONTH_CONTINUOUS,CL1!,RECONSTRUCTED_FROM_DAILY,See methodology_and_sources.md,97.13,97.13,96.98,96.98,0,USD,8605.52,8605.52,8592.65,8592.65,88.6,europe_mid,none,ESTIMATED_FROM_DAILY_OHLC_USING_SESSION_HEURISTICS_NOT_REAL_INTRADAY_DATA,
2026-04-10T19:30:00+0530,2026-04-10T19:30:00+0530,10-04-2026,WTI,WTI Crude Oil Futures,NYMEX/CME,60m,FRONT_MONTH_CONTINUOUS,CL1!,RECONSTRUCTED_FROM_DAILY,See methodology_and_sources.md,96.98,96.98,96.96,96.96,0,USD,8592.65,8592.65,8590.72,8590.72,88.6,europe_mid,none,ESTIMATED_FROM_DAILY_OHLC_USING_SESSION_HEURISTICS_NOT_REAL_INTRADAY_DATA,
2026-04-10T20:30:00+0530,2026-04-10T20:30:00+0530,10-04-2026,WTI,WTI Crude Oil Futures,NYMEX/CME,60m,FRONT_MONTH_CONTINUOUS,CL1!,RECONSTRUCTED_FROM_DAILY,See methodology_and_sources.md,96.96,96.96,96.88,96.88,0,USD,8590.72,8590.72,8583.71,8583.71,88.6,us_pre_open,none,ESTIMATED_FROM_DAILY_OHLC_USING_SESSION_HEURISTICS_NOT_REAL_INTRADAY_DATA,
2026-04-10T21:30:00+0530,2026-04-10T21:30:00+0530,10-04-2026,WTI,WTI Crude Oil Futures,NYMEX/CME,60m,FRONT_MONTH_CONTINUOUS,CL1!,RECONSTRUCTED_FROM_DAILY,See methodology_and_sources.md,96.88,96.97,96.88,96.97,0,USD,8583.71,8591.34,8583.71,8591.34,88.6,us_open,first_hour_after_us_open,ESTIMATED_FROM_DAILY_OHLC_USING_SESSION_HEURISTICS_NOT_REAL_INTRADAY_DATA,
2026-04-10T22:30:00+0530,2026-04-10T22:30:00+0530,10-04-2026,WTI,WTI Crude Oil Futures,NYMEX/CME,60m,FRONT_MONTH_CONTINUOUS,CL1!,RECONSTRUCTED_FROM_DAILY,See methodology_and_sources.md,96.97,97.1,96.97,97.1,0,USD,8591.34,8602.71,8591.34,8602.71,88.6,us_open,final_hour_before_mcx_close,ESTIMATED_FROM_DAILY_OHLC_USING_SESSION_HEURISTICS_NOT_REAL_INTRADAY_DATA,
2026-04-10T23:30:00+0530,2026-04-10T23:30:00+0530,10-04-2026,WTI,WTI Crude Oil Futures,NYMEX/CME,60m,FRONT_MONTH_CONTINUOUS,CL1!,RECONSTRUCTED_FROM_DAILY,See methodology_and_sources.md,97.1,99,97.1,99,0,USD,8602.71,8771.4,8602.71,8771.4,88.6,mcx_tail,none,ESTIMATED_FROM_DAILY_OHLC_USING_SESSION_HEURISTICS_NOT_REAL_INTRADAY_DATA,
2026-04-11T00:30:00+0530,2026-04-11T00:30:00+0530,10-04-2026,WTI,WTI Crude Oil Futures,NYMEX/CME,60m,FRONT_MONTH_CONTINUOUS,CL1!,RECONSTRUCTED_FROM_DAILY,See methodology_and_sources.md,99,99,99,99,0,USD,8771.4,8771.4,8771.4,8771.4,88.6,other_valid_hours,none,ESTIMATED_FROM_DAILY_OHLC_USING_SESSION_HEURISTICS_NOT_REAL_INTRADAY_DATA,
2026-04-13T03:30:00+0530,2026-04-13T03:30:00+0530,13-04-2026,WTI,WTI Crude Oil Futures,NYMEX/CME,60m,FRONT_MONTH_CONTINUOUS,CL1!,RECONSTRUCTED_FROM_DAILY,See methodology_and_sources.md,102,102.19,102,102.19,0,USD,9047.4,9064.52,9047.4,9064.52,88.7,global_reopen_pre_mcx,none,ESTIMATED_FROM_DAILY_OHLC_USING_SESSION_HEURISTICS_NOT_REAL_INTRADAY_DATA,
2026-04-13T04:30:00+0530,2026-04-13T04:30:00+0530,13-04-2026,WTI,WTI Crude Oil Futures,NYMEX/CME,60m,FRONT_MONTH_CONTINUOUS,CL1!,RECONSTRUCTED_FROM_DAILY,See methodology_and_sources.md,102.19,102.19,101.82,101.82,0,USD,9064.52,9064.52,9031.56,9031.56,88.7,global_reopen_pre_mcx,none,ESTIMATED_FROM_DAILY_OHLC_USING_SESSION_HEURISTICS_NOT_REAL_INTRADAY_DATA,
2026-04-13T05:30:00+0530,2026-04-13T05:30:00+0530,13-04-2026,WTI,WTI Crude Oil Futures,NYMEX/CME,60m,FRONT_MONTH_CONTINUOUS,CL1!,RECONSTRUCTED_FROM_DAILY,See methodology_and_sources.md,101.82,101.86,101.82,101.86,0,USD,9031.56,9035.31,9031.56,9035.31,88.7,global_reopen_pre_mcx,none,ESTIMATED_FROM_DAILY_OHLC_USING_SESSION_HEURISTICS_NOT_REAL_INTRADAY_DATA,
2026-04-13T06:30:00+0530,2026-04-13T06:30:00+0530,13-04-2026,WTI,WTI Crude Oil Futures,NYMEX/CME,60m,FRONT_MONTH_CONTINUOUS,CL1!,RECONSTRUCTED_FROM_DAILY,See methodology_and_sources.md,101.86,101.86,101.79,101.79,0,USD,9035.31,9035.31,9028.51,9028.51,88.7,global_reopen_pre_mcx,none,ESTIMATED_FROM_DAILY_OHLC_USING_SESSION_HEURISTICS_NOT_REAL_INTRADAY_DATA,
2026-04-13T07:30:00+0530,2026-04-13T07:30:00+0530,13-04-2026,WTI,WTI Crude Oil Futures,NYMEX/CME,60m,FRONT_MONTH_CONTINUOUS,CL1!,RECONSTRUCTED_FROM_DAILY,See methodology_and_sources.md,101.79,101.88,101.79,101.88,0,USD,9028.51,9037.14,9028.51,9037.14,88.7,global_reopen_pre_mcx,none,ESTIMATED_FROM_DAILY_OHLC_USING_SESSION_HEURISTICS_NOT_REAL_INTRADAY_DATA,
2026-04-13T08:30:00+0530,2026-04-13T08:30:00+0530,13-04-2026,WTI,WTI Crude Oil Futures,NYMEX/CME,60m,FRONT_MONTH_CONTINUOUS,CL1!,RECONSTRUCTED_FROM_DAILY,See methodology_and_sources.md,101.88,102.04,101.88,102.04,0,USD,9037.14,9051.32,9037.14,9051.32,88.7,global_reopen_pre_mcx,none,ESTIMATED_FROM_DAILY_OHLC_USING_SESSION_HEURISTICS_NOT_REAL_INTRADAY_DATA,
2026-04-13T09:30:00+0530,2026-04-13T09:30:00+0530,13-04-2026,WTI,WTI Crude Oil Futures,NYMEX/CME,60m,FRONT_MONTH_CONTINUOUS,CL1!,RECONSTRUCTED_FROM_DAILY,See methodology_and_sources.md,102.04,102.05,102.04,102.05,0,USD,9051.32,9051.83,9051.32,9051.83,88.7,mcx_open_drive,none,ESTIMATED_FROM_DAILY_OHLC_USING_SESSION_HEURISTICS_NOT_REAL_INTRADAY_DATA,
2026-04-13T10:30:00+0530,2026-04-13T10:30:00+0530,13-04-2026,WTI,WTI Crude Oil Futures,NYMEX/CME,60m,FRONT_MONTH_CONTINUOUS,CL1!,RECONSTRUCTED_FROM_DAILY,See methodology_and_sources.md,102.05,102.05,101.96,101.96,0,USD,9051.83,9051.83,9044.08,9044.08,88.7,india_morning,none,ESTIMATED_FROM_DAILY_OHLC_USING_SESSION_HEURISTICS_NOT_REAL_INTRADAY_DATA,
2026-04-13T11:30:00+0530,2026-04-13T11:30:00+0530,13-04-2026,WTI,WTI Crude Oil Futures,NYMEX/CME,60m,FRONT_MONTH_CONTINUOUS,CL1!,RECONSTRUCTED_FROM_DAILY,See methodology_and_sources.md,101.96,102.18,101.96,102.18,0,USD,9044.08,9063.09,9044.08,9063.09,88.7,india_morning,none,ESTIMATED_FROM_DAILY_OHLC_USING_SESSION_HEURISTICS_NOT_REAL_INTRADAY_DATA,
2026-04-13T12:30:00+0530,2026-04-13T12:30:00+0530,13-04-2026,WTI,WTI Crude Oil Futures,NYMEX/CME,60m,FRONT_MONTH_CONTINUOUS,CL1!,RECONSTRUCTED_FROM_DAILY,See methodology_and_sources.md,102.18,102.18,102.06,102.06,0,USD,9063.09,9063.09,9052.98,9052.98,88.7,india_midday,none,ESTIMATED_FROM_DAILY_OHLC_USING_SESSION_HEURISTICS_NOT_REAL_INTRADAY_DATA,
2026-04-13T13:30:00+0530,2026-04-13T13:30:00+0530,13-04-2026,WTI,WTI Crude Oil Futures,NYMEX/CME,60m,FRONT_MONTH_CONTINUOUS,CL1!,RECONSTRUCTED_FROM_DAILY,See methodology_and_sources.md,102.06,102.12,102.06,102.12,0,USD,9052.98,9058.21,9052.98,9058.21,88.7,india_midday,none,ESTIMATED_FROM_DAILY_OHLC_USING_SESSION_HEURISTICS_NOT_REAL_INTRADAY_DATA,
2026-04-13T14:30:00+0530,2026-04-13T14:30:00+0530,13-04-2026,WTI,WTI Crude Oil Futures,NYMEX/CME,60m,FRONT_MONTH_CONTINUOUS,CL1!,RECONSTRUCTED_FROM_DAILY,See methodology_and_sources.md,102.12,102.12,102.1,102.1,0,USD,9058.21,9058.21,9056.56,9056.56,88.7,india_midday,none,ESTIMATED_FROM_DAILY_OHLC_USING_SESSION_HEURISTICS_NOT_REAL_INTRADAY_DATA,
2026-04-13T15:30:00+0530,2026-04-13T15:30:00+0530,13-04-2026,WTI,WTI Crude Oil Futures,NYMEX/CME,60m,FRONT_MONTH_CONTINUOUS,CL1!,RECONSTRUCTED_FROM_DAILY,See methodology_and_sources.md,102.1,102.14,102.1,102.14,0,USD,9056.56,9059.52,9056.56,9059.52,88.7,europe_open,first_30m_after_europe_open,ESTIMATED_FROM_DAILY_OHLC_USING_SESSION_HEURISTICS_NOT_REAL_INTRADAY_DATA,
2026-04-13T16:30:00+0530,2026-04-13T16:30:00+0530,13-04-2026,WTI,WTI Crude Oil Futures,NYMEX/CME,60m,FRONT_MONTH_CONTINUOUS,CL1!,RECONSTRUCTED_FROM_DAILY,See methodology_and_sources.md,102.14,102.15,102.14,102.15,0,USD,9059.52,9060.58,9059.52,9060.58,88.7,europe_open,none,ESTIMATED_FROM_DAILY_OHLC_USING_SESSION_HEURISTICS_NOT_REAL_INTRADAY_DATA,
2026-04-13T17:30:00+0530,2026-04-13T17:30:00+0530,13-04-2026,WTI,WTI Crude Oil Futures,NYMEX/CME,60m,FRONT_MONTH_CONTINUOUS,CL1!,RECONSTRUCTED_FROM_DAILY,See methodology_and_sources.md,102.15,102.15,102.15,102.15,0,USD,9060.58,9060.87,9060.58,9060.87,88.7,europe_mid,none,ESTIMATED_FROM_DAILY_OHLC_USING_SESSION_HEURISTICS_NOT_REAL_INTRADAY_DATA,
2026-04-13T18:30:00+0530,2026-04-13T18:30:00+0530,13-04-2026,WTI,WTI Crude Oil Futures,NYMEX/CME,60m,FRONT_MONTH_CONTINUOUS,CL1!,RECONSTRUCTED_FROM_DAILY,See methodology_and_sources.md,102.15,102.16,102.15,102.16,0,USD,9060.87,9061.52,9060.87,9061.52,88.7,europe_mid,none,ESTIMATED_FROM_DAILY_OHLC_USING_SESSION_HEURISTICS_NOT_REAL_INTRADAY_DATA,
2026-04-13T19:30:00+0530,2026-04-13T19:30:00+0530,13-04-2026,WTI,WTI Crude Oil Futures,NYMEX/CME,60m,FRONT_MONTH_CONTINUOUS,CL1!,RECONSTRUCTED_FROM_DAILY,See methodology_and_sources.md,102.16,102.18,102.16,102.18,0,USD,9061.52,9063.52,9061.52,9063.52,88.7,europe_mid,none,ESTIMATED_FROM_DAILY_OHLC_USING_SESSION_HEURISTICS_NOT_REAL_INTRADAY_DATA,
2026-04-13T20:30:00+0530,2026-04-13T20:30:00+0530,13-04-2026,WTI,WTI Crude Oil Futures,NYMEX/CME,60m,FRONT_MONTH_CONTINUOUS,CL1!,RECONSTRUCTED_FROM_DAILY,See methodology_and_sources.md,102.18,102.18,102.16,102.16,0,USD,9063.52,9063.52,9061.83,9061.83,88.7,us_pre_open,none,ESTIMATED_FROM_DAILY_OHLC_USING_SESSION_HEURISTICS_NOT_REAL_INTRADAY_DATA,
2026-04-13T21:30:00+0530,2026-04-13T21:30:00+0530,13-04-2026,WTI,WTI Crude Oil Futures,NYMEX/CME,60m,FRONT_MONTH_CONTINUOUS,CL1!,RECONSTRUCTED_FROM_DAILY,See methodology_and_sources.md,102.16,102.2,102.16,102.2,0,USD,9061.83,9065.03,9061.83,9065.03,88.7,us_open,first_hour_after_us_open,ESTIMATED_FROM_DAILY_OHLC_USING_SESSION_HEURISTICS_NOT_REAL_INTRADAY_DATA,
2026-04-13T22:30:00+0530,2026-04-13T22:30:00+0530,13-04-2026,WTI,WTI Crude Oil Futures,NYMEX/CME,60m,FRONT_MONTH_CONTINUOUS,CL1!,RECONSTRUCTED_FROM_DAILY,See methodology_and_sources.md,102.2,102.22,102.2,102.22,0,USD,9065.03,9066.58,9065.03,9066.58,88.7,us_open,final_hour_before_mcx_close,ESTIMATED_FROM_DAILY_OHLC_USING_SESSION_HEURISTICS_NOT_REAL_INTRADAY_DATA,
2026-04-13T23:30:00+0530,2026-04-13T23:30:00+0530,13-04-2026,WTI,WTI Crude Oil Futures,NYMEX/CME,60m,FRONT_MONTH_CONTINUOUS,CL1!,RECONSTRUCTED_FROM_DAILY,See methodology_and_sources.md,102.22,102.22,94.55,94.55,0,USD,9066.58,9066.58,8386.58,8386.58,88.7,mcx_tail,none,ESTIMATED_FROM_DAILY_OHLC_USING_SESSION_HEURISTICS_NOT_REAL_INTRADAY_DATA,
2026-04-14T00:30:00+0530,2026-04-14T00:30:00+0530,13-04-2026,WTI,WTI Crude Oil Futures,NYMEX/CME,60m,FRONT_MONTH_CONTINUOUS,CL1!,RECONSTRUCTED_FROM_DAILY,See methodology_and_sources.md,94.55,94.55,94.55,94.55,0,USD,8386.58,8386.58,8386.58,8386.58,88.7,other_valid_hours,none,ESTIMATED_FROM_DAILY_OHLC_USING_SESSION_HEURISTICS_NOT_REAL_INTRADAY_DATA,
2026-04-14T03:30:00+0530,2026-04-14T03:30:00+0530,14-04-2026,WTI,WTI Crude Oil Futures,NYMEX/CME,60m,FRONT_MONTH_CONTINUOUS,CL1!,RECONSTRUCTED_FROM_DAILY,See methodology_and_sources.md,94,94,93.96,93.96,0,USD,8342.5,8342.5,8338.83,8338.83,88.75,global_reopen_pre_mcx,none,ESTIMATED_FROM_DAILY_OHLC_USING_SESSION_HEURISTICS_NOT_REAL_INTRADAY_DATA,
2026-04-14T04:30:00+0530,2026-04-14T04:30:00+0530,14-04-2026,WTI,WTI Crude Oil Futures,NYMEX/CME,60m,FRONT_MONTH_CONTINUOUS,CL1!,RECONSTRUCTED_FROM_DAILY,See methodology_and_sources.md,93.96,94.09,93.96,94.09,0,USD,8338.83,8350.18,8338.83,8350.18,88.75,global_reopen_pre_mcx,none,ESTIMATED_FROM_DAILY_OHLC_USING_SESSION_HEURISTICS_NOT_REAL_INTRADAY_DATA,
2026-04-14T05:30:00+0530,2026-04-14T05:30:00+0530,14-04-2026,WTI,WTI Crude Oil Futures,NYMEX/CME,60m,FRONT_MONTH_CONTINUOUS,CL1!,RECONSTRUCTED_FROM_DAILY,See methodology_and_sources.md,94.09,94.13,94.09,94.13,0,USD,8350.18,8354.37,8350.18,8354.37,88.75,global_reopen_pre_mcx,none,ESTIMATED_FROM_DAILY_OHLC_USING_SESSION_HEURISTICS_NOT_REAL_INTRADAY_DATA,
2026-04-14T06:30:00+0530,2026-04-14T06:30:00+0530,14-04-2026,WTI,WTI Crude Oil Futures,NYMEX/CME,60m,FRONT_MONTH_CONTINUOUS,CL1!,RECONSTRUCTED_FROM_DAILY,See methodology_and_sources.md,94.13,94.13,94.03,94.03,0,USD,8354.37,8354.37,8345,8345,88.75,global_reopen_pre_mcx,none,ESTIMATED_FROM_DAILY_OHLC_USING_SESSION_HEURISTICS_NOT_REAL_INTRADAY_DATA,
2026-04-14T07:30:00+0530,2026-04-14T07:30:00+0530,14-04-2026,WTI,WTI Crude Oil Futures,NYMEX/CME,60m,FRONT_MONTH_CONTINUOUS,CL1!,RECONSTRUCTED_FROM_DAILY,See methodology_and_sources.md,94.03,94.03,93.91,93.91,0,USD,8345,8345,8334.83,8334.83,88.75,global_reopen_pre_mcx,none,ESTIMATED_FROM_DAILY_OHLC_USING_SESSION_HEURISTICS_NOT_REAL_INTRADAY_DATA,
2026-04-14T08:30:00+0530,2026-04-14T08:30:00+0530,14-04-2026,WTI,WTI Crude Oil Futures,NYMEX/CME,60m,FRONT_MONTH_CONTINUOUS,CL1!,RECONSTRUCTED_FROM_DAILY,See methodology_and_sources.md,93.91,93.93,93.91,93.93,0,USD,8334.83,8335.94,8334.83,8335.94,88.75,global_reopen_pre_mcx,none,ESTIMATED_FROM_DAILY_OHLC_USING_SESSION_HEURISTICS_NOT_REAL_INTRADAY_DATA,
2026-04-14T09:30:00+0530,2026-04-14T09:30:00+0530,14-04-2026,WTI,WTI Crude Oil Futures,NYMEX/CME,60m,FRONT_MONTH_CONTINUOUS,CL1!,RECONSTRUCTED_FROM_DAILY,See methodology_and_sources.md,93.93,93.93,93.9,93.9,0,USD,8335.94,8335.94,8333.71,8333.71,88.75,mcx_open_drive,none,ESTIMATED_FROM_DAILY_OHLC_USING_SESSION_HEURISTICS_NOT_REAL_INTRADAY_DATA,
2026-04-14T10:30:00+0530,2026-04-14T10:30:00+0530,14-04-2026,WTI,WTI Crude Oil Futures,NYMEX/CME,60m,FRONT_MONTH_CONTINUOUS,CL1!,RECONSTRUCTED_FROM_DAILY,See methodology_and_sources.md,93.9,93.9,93.9,93.9,0,USD,8333.71,8333.71,8333.29,8333.29,88.75,india_morning,none,ESTIMATED_FROM_DAILY_OHLC_USING_SESSION_HEURISTICS_NOT_REAL_INTRADAY_DATA,
2026-04-14T11:30:00+0530,2026-04-14T11:30:00+0530,14-04-2026,WTI,WTI Crude Oil Futures,NYMEX/CME,60m,FRONT_MONTH_CONTINUOUS,CL1!,RECONSTRUCTED_FROM_DAILY,See methodology_and_sources.md,93.9,93.92,93.9,93.92,0,USD,8333.29,8335.39,8333.29,8335.39,88.75,india_morning,none,ESTIMATED_FROM_DAILY_OHLC_USING_SESSION_HEURISTICS_NOT_REAL_INTRADAY_DATA,
2026-04-14T12:30:00+0530,2026-04-14T12:30:00+0530,14-04-2026,WTI,WTI Crude Oil Futures,NYMEX/CME,60m,FRONT_MONTH_CONTINUOUS,CL1!,RECONSTRUCTED_FROM_DAILY,See methodology_and_sources.md,93.92,93.99,93.92,93.99,0,USD,8335.39,8341.68,8335.39,8341.68,88.75,india_midday,none,ESTIMATED_FROM_DAILY_OHLC_USING_SESSION_HEURISTICS_NOT_REAL_INTRADAY_DATA,
2026-04-14T13:30:00+0530,2026-04-14T13:30:00+0530,14-04-2026,WTI,WTI Crude Oil Futures,NYMEX/CME,60m,FRONT_MONTH_CONTINUOUS,CL1!,RECONSTRUCTED_FROM_DAILY,See methodology_and_sources.md,93.99,94.06,93.99,94.06,0,USD,8341.68,8348.15,8341.68,8348.15,88.75,india_midday,none,ESTIMATED_FROM_DAILY_OHLC_USING_SESSION_HEURISTICS_NOT_REAL_INTRADAY_DATA,
2026-04-14T14:30:00+0530,2026-04-14T14:30:00+0530,14-04-2026,WTI,WTI Crude Oil Futures,NYMEX/CME,60m,FRONT_MONTH_CONTINUOUS,CL1!,RECONSTRUCTED_FROM_DAILY,See methodology_and_sources.md,94.06,94.13,94.06,94.13,0,USD,8348.15,8354.35,8348.15,8354.35,88.75,india_midday,none,ESTIMATED_FROM_DAILY_OHLC_USING_SESSION_HEURISTICS_NOT_REAL_INTRADAY_DATA,
2026-04-14T15:30:00+0530,2026-04-14T15:30:00+0530,14-04-2026,WTI,WTI Crude Oil Futures,NYMEX/CME,60m,FRONT_MONTH_CONTINUOUS,CL1!,RECONSTRUCTED_FROM_DAILY,See methodology_and_sources.md,94.13,94.17,94.13,94.17,0,USD,8354.35,8357.68,8354.35,8357.68,88.75,europe_open,first_30m_after_europe_open,ESTIMATED_FROM_DAILY_OHLC_USING_SESSION_HEURISTICS_NOT_REAL_INTRADAY_DATA,
2026-04-14T16:30:00+0530,2026-04-14T16:30:00+0530,14-04-2026,WTI,WTI Crude Oil Futures,NYMEX/CME,60m,FRONT_MONTH_CONTINUOUS,CL1!,RECONSTRUCTED_FROM_DAILY,See methodology_and_sources.md,94.17,94.3,94.17,94.3,0,USD,8357.68,8368.94,8357.68,8368.94,88.75,europe_open,none,ESTIMATED_FROM_DAILY_OHLC_USING_SESSION_HEURISTICS_NOT_REAL_INTRADAY_DATA,
2026-04-14T17:30:00+0530,2026-04-14T17:30:00+0530,14-04-2026,WTI,WTI Crude Oil Futures,NYMEX/CME,60m,FRONT_MONTH_CONTINUOUS,CL1!,RECONSTRUCTED_FROM_DAILY,See methodology_and_sources.md,94.3,94.37,94.3,94.37,0,USD,8368.94,8375.49,8368.94,8375.49,88.75,europe_mid,none,ESTIMATED_FROM_DAILY_OHLC_USING_SESSION_HEURISTICS_NOT_REAL_INTRADAY_DATA,
2026-04-14T18:30:00+0530,2026-04-14T18:30:00+0530,14-04-2026,WTI,WTI Crude Oil Futures,NYMEX/CME,60m,FRONT_MONTH_CONTINUOUS,CL1!,RECONSTRUCTED_FROM_DAILY,See methodology_and_sources.md,94.37,94.37,94.3,94.3,0,USD,8375.49,8375.49,8368.77,8368.77,88.75,europe_mid,none,ESTIMATED_FROM_DAILY_OHLC_USING_SESSION_HEURISTICS_NOT_REAL_INTRADAY_DATA,
2026-04-14T19:30:00+0530,2026-04-14T19:30:00+0530,14-04-2026,WTI,WTI Crude Oil Futures,NYMEX/CME,60m,FRONT_MONTH_CONTINUOUS,CL1!,RECONSTRUCTED_FROM_DAILY,See methodology_and_sources.md,94.3,94.36,94.3,94.36,0,USD,8368.77,8374.07,8368.77,8374.07,88.75,europe_mid,none,ESTIMATED_FROM_DAILY_OHLC_USING_SESSION_HEURISTICS_NOT_REAL_INTRADAY_DATA,
2026-04-14T20:30:00+0530,2026-04-14T20:30:00+0530,14-04-2026,WTI,WTI Crude Oil Futures,NYMEX/CME,60m,FRONT_MONTH_CONTINUOUS,CL1!,RECONSTRUCTED_FROM_DAILY,See methodology_and_sources.md,94.36,94.36,94.33,94.33,0,USD,8374.07,8374.07,8371.45,8371.45,88.75,us_pre_open,none,ESTIMATED_FROM_DAILY_OHLC_USING_SESSION_HEURISTICS_NOT_REAL_INTRADAY_DATA,
2026-04-14T21:30:00+0530,2026-04-14T21:30:00+0530,14-04-2026,WTI,WTI Crude Oil Futures,NYMEX/CME,60m,FRONT_MONTH_CONTINUOUS,CL1!,RECONSTRUCTED_FROM_DAILY,See methodology_and_sources.md,94.33,94.33,94.33,94.33,0,USD,8371.45,8371.69,8371.45,8371.69,88.75,us_open,first_hour_after_us_open,ESTIMATED_FROM_DAILY_OHLC_USING_SESSION_HEURISTICS_NOT_REAL_INTRADAY_DATA,
2026-04-14T22:30:00+0530,2026-04-14T22:30:00+0530,14-04-2026,WTI,WTI Crude Oil Futures,NYMEX/CME,60m,FRONT_MONTH_CONTINUOUS,CL1!,RECONSTRUCTED_FROM_DAILY,See methodology_and_sources.md,94.33,94.33,94.25,94.25,0,USD,8371.69,8371.69,8364.86,8364.86,88.75,us_open,final_hour_before_mcx_close,ESTIMATED_FROM_DAILY_OHLC_USING_SESSION_HEURISTICS_NOT_REAL_INTRADAY_DATA,
2026-04-14T23:30:00+0530,2026-04-14T23:30:00+0530,14-04-2026,WTI,WTI Crude Oil Futures,NYMEX/CME,60m,FRONT_MONTH_CONTINUOUS,CL1!,RECONSTRUCTED_FROM_DAILY,See methodology_and_sources.md,94.25,94.25,92,92,0,USD,8364.86,8364.86,8165,8165,88.75,mcx_tail,none,ESTIMATED_FROM_DAILY_OHLC_USING_SESSION_HEURISTICS_NOT_REAL_INTRADAY_DATA,
2026-04-15T00:30:00+0530,2026-04-15T00:30:00+0530,14-04-2026,WTI,WTI Crude Oil Futures,NYMEX/CME,60m,FRONT_MONTH_CONTINUOUS,CL1!,RECONSTRUCTED_FROM_DAILY,See methodology_and_sources.md,92,92,92,92,0,USD,8165,8165,8165,8165,88.75,other_valid_hours,none,ESTIMATED_FROM_DAILY_OHLC_USING_SESSION_HEURISTICS_NOT_REAL_INTRADAY_DATA,
2026-04-15T03:30:00+0530,2026-04-15T03:30:00+0530,15-04-2026,WTI,WTI Crude Oil Futures,NYMEX/CME,60m,FRONT_MONTH_CONTINUOUS,CL1!,RECONSTRUCTED_FROM_DAILY,See methodology_and_sources.md,87.5,87.54,87.5,87.54,0,USD,7770,7773.92,7770,7773.92,88.8,global_reopen_pre_mcx,none,ESTIMATED_FROM_DAILY_OHLC_USING_SESSION_HEURISTICS_NOT_REAL_INTRADAY_DATA,
2026-04-15T04:30:00+0530,2026-04-15T04:30:00+0530,15-04-2026,WTI,WTI Crude Oil Futures,NYMEX/CME,60m,FRONT_MONTH_CONTINUOUS,CL1!,RECONSTRUCTED_FROM_DAILY,See methodology_and_sources.md,87.54,87.54,87.53,87.53,0,USD,7773.92,7773.92,7772.87,7772.87,88.8,global_reopen_pre_mcx,none,ESTIMATED_FROM_DAILY_OHLC_USING_SESSION_HEURISTICS_NOT_REAL_INTRADAY_DATA,
2026-04-15T05:30:00+0530,2026-04-15T05:30:00+0530,15-04-2026,WTI,WTI Crude Oil Futures,NYMEX/CME,60m,FRONT_MONTH_CONTINUOUS,CL1!,RECONSTRUCTED_FROM_DAILY,See methodology_and_sources.md,87.53,87.53,87.5,87.5,0,USD,7772.87,7772.87,7770.19,7770.19,88.8,global_reopen_pre_mcx,none,ESTIMATED_FROM_DAILY_OHLC_USING_SESSION_HEURISTICS_NOT_REAL_INTRADAY_DATA,
2026-04-15T06:30:00+0530,2026-04-15T06:30:00+0530,15-04-2026,WTI,WTI Crude Oil Futures,NYMEX/CME,60m,FRONT_MONTH_CONTINUOUS,CL1!,RECONSTRUCTED_FROM_DAILY,See methodology_and_sources.md,87.5,87.5,87.5,87.5,0,USD,7770.19,7770.32,7770.19,7770.32,88.8,global_reopen_pre_mcx,none,ESTIMATED_FROM_DAILY_OHLC_USING_SESSION_HEURISTICS_NOT_REAL_INTRADAY_DATA,
2026-04-15T07:30:00+0530,2026-04-15T07:30:00+0530,15-04-2026,WTI,WTI Crude Oil Futures,NYMEX/CME,60m,FRONT_MONTH_CONTINUOUS,CL1!,RECONSTRUCTED_FROM_DAILY,See methodology_and_sources.md,87.5,87.62,87.5,87.62,0,USD,7770.32,7780.58,7770.32,7780.58,88.8,global_reopen_pre_mcx,none,ESTIMATED_FROM_DAILY_OHLC_USING_SESSION_HEURISTICS_NOT_REAL_INTRADAY_DATA,
2026-04-15T08:30:00+0530,2026-04-15T08:30:00+0530,15-04-2026,WTI,WTI Crude Oil Futures,NYMEX/CME,60m,FRONT_MONTH_CONTINUOUS,CL1!,RECONSTRUCTED_FROM_DAILY,See methodology_and_sources.md,87.62,87.62,87.55,87.55,0,USD,7780.58,7780.58,7774.32,7774.32,88.8,global_reopen_pre_mcx,none,ESTIMATED_FROM_DAILY_OHLC_USING_SESSION_HEURISTICS_NOT_REAL_INTRADAY_DATA,
2026-04-15T09:30:00+0530,2026-04-15T09:30:00+0530,15-04-2026,WTI,WTI Crude Oil Futures,NYMEX/CME,60m,FRONT_MONTH_CONTINUOUS,CL1!,RECONSTRUCTED_FROM_DAILY,See methodology_and_sources.md,87.55,87.55,87.54,87.54,0,USD,7774.32,7774.32,7773.11,7773.11,88.8,mcx_open_drive,none,ESTIMATED_FROM_DAILY_OHLC_USING_SESSION_HEURISTICS_NOT_REAL_INTRADAY_DATA,
2026-04-15T10:30:00+0530,2026-04-15T10:30:00+0530,15-04-2026,WTI,WTI Crude Oil Futures,NYMEX/CME,60m,FRONT_MONTH_CONTINUOUS,CL1!,RECONSTRUCTED_FROM_DAILY,See methodology_and_sources.md,87.54,87.54,87.54,87.54,0,USD,7773.11,7773.96,7773.11,7773.96,88.8,india_morning,none,ESTIMATED_FROM_DAILY_OHLC_USING_SESSION_HEURISTICS_NOT_REAL_INTRADAY_DATA,
2026-04-15T11:30:00+0530,2026-04-15T11:30:00+0530,15-04-2026,WTI,WTI Crude Oil Futures,NYMEX/CME,60m,FRONT_MONTH_CONTINUOUS,CL1!,RECONSTRUCTED_FROM_DAILY,See methodology_and_sources.md,87.54,87.55,87.54,87.55,0,USD,7773.96,7774.23,7773.96,7774.23,88.8,india_morning,none,ESTIMATED_FROM_DAILY_OHLC_USING_SESSION_HEURISTICS_NOT_REAL_INTRADAY_DATA,
2026-04-15T12:30:00+0530,2026-04-15T12:30:00+0530,15-04-2026,WTI,WTI Crude Oil Futures,NYMEX/CME,60m,FRONT_MONTH_CONTINUOUS,CL1!,RECONSTRUCTED_FROM_DAILY,See methodology_and_sources.md,87.55,87.55,87.46,87.46,0,USD,7774.23,7774.23,7766.77,7766.77,88.8,india_midday,none,ESTIMATED_FROM_DAILY_OHLC_USING_SESSION_HEURISTICS_NOT_REAL_INTRADAY_DATA,
2026-04-15T13:30:00+0530,2026-04-15T13:30:00+0530,15-04-2026,WTI,WTI Crude Oil Futures,NYMEX/CME,60m,FRONT_MONTH_CONTINUOUS,CL1!,RECONSTRUCTED_FROM_DAILY,See methodology_and_sources.md,87.46,87.49,87.46,87.49,0,USD,7766.77,7768.75,7766.77,7768.75,88.8,india_midday,none,ESTIMATED_FROM_DAILY_OHLC_USING_SESSION_HEURISTICS_NOT_REAL_INTRADAY_DATA,
2026-04-15T14:30:00+0530,2026-04-15T14:30:00+0530,15-04-2026,WTI,WTI Crude Oil Futures,NYMEX/CME,60m,FRONT_MONTH_CONTINUOUS,CL1!,RECONSTRUCTED_FROM_DAILY,See methodology_and_sources.md,87.49,87.49,87.47,87.47,0,USD,7768.75,7768.75,7767.07,7767.07,88.8,india_midday,none,ESTIMATED_FROM_DAILY_OHLC_USING_SESSION_HEURISTICS_NOT_REAL_INTRADAY_DATA,
2026-04-15T15:30:00+0530,2026-04-15T15:30:00+0530,15-04-2026,WTI,WTI Crude Oil Futures,NYMEX/CME,60m,FRONT_MONTH_CONTINUOUS,CL1!,RECONSTRUCTED_FROM_DAILY,See methodology_and_sources.md,87.47,87.52,87.47,87.52,0,USD,7767.07,7771.59,7767.07,7771.59,88.8,europe_open,first_30m_after_europe_open,ESTIMATED_FROM_DAILY_OHLC_USING_SESSION_HEURISTICS_NOT_REAL_INTRADAY_DATA,
2026-04-15T16:30:00+0530,2026-04-15T16:30:00+0530,15-04-2026,WTI,WTI Crude Oil Futures,NYMEX/CME,60m,FRONT_MONTH_CONTINUOUS,CL1!,RECONSTRUCTED_FROM_DAILY,See methodology_and_sources.md,87.52,87.53,87.52,87.53,0,USD,7771.59,7772.51,7771.59,7772.51,88.8,europe_open,none,ESTIMATED_FROM_DAILY_OHLC_USING_SESSION_HEURISTICS_NOT_REAL_INTRADAY_DATA,
2026-04-15T17:30:00+0530,2026-04-15T17:30:00+0530,15-04-2026,WTI,WTI Crude Oil Futures,NYMEX/CME,60m,FRONT_MONTH_CONTINUOUS,CL1!,RECONSTRUCTED_FROM_DAILY,See methodology_and_sources.md,87.53,87.56,87.53,87.56,0,USD,7772.51,7775.39,7772.51,7775.39,88.8,europe_mid,none,ESTIMATED_FROM_DAILY_OHLC_USING_SESSION_HEURISTICS_NOT_REAL_INTRADAY_DATA,
2026-04-15T18:30:00+0530,2026-04-15T18:30:00+0530,15-04-2026,WTI,WTI Crude Oil Futures,NYMEX/CME,60m,FRONT_MONTH_CONTINUOUS,CL1!,RECONSTRUCTED_FROM_DAILY,See methodology_and_sources.md,87.56,87.66,87.56,87.66,0,USD,7775.39,7784.15,7775.39,7784.15,88.8,europe_mid,none,ESTIMATED_FROM_DAILY_OHLC_USING_SESSION_HEURISTICS_NOT_REAL_INTRADAY_DATA,
2026-04-15T19:30:00+0530,2026-04-15T19:30:00+0530,15-04-2026,WTI,WTI Crude Oil Futures,NYMEX/CME,60m,FRONT_MONTH_CONTINUOUS,CL1!,RECONSTRUCTED_FROM_DAILY,See methodology_and_sources.md,87.66,87.66,87.65,87.65,0,USD,7784.15,7784.15,7783.61,7783.61,88.8,europe_mid,none,ESTIMATED_FROM_DAILY_OHLC_USING_SESSION_HEURISTICS_NOT_REAL_INTRADAY_DATA,
2026-04-15T20:30:00+0530,2026-04-15T20:30:00+0530,15-04-2026,WTI,WTI Crude Oil Futures,NYMEX/CME,60m,FRONT_MONTH_CONTINUOUS,CL1!,RECONSTRUCTED_FROM_DAILY,See methodology_and_sources.md,87.65,87.67,87.65,87.67,0,USD,7783.61,7785.27,7783.61,7785.27,88.8,us_pre_open,none,ESTIMATED_FROM_DAILY_OHLC_USING_SESSION_HEURISTICS_NOT_REAL_INTRADAY_DATA,
2026-04-15T21:30:00+0530,2026-04-15T21:30:00+0530,15-04-2026,WTI,WTI Crude Oil Futures,NYMEX/CME,60m,FRONT_MONTH_CONTINUOUS,CL1!,RECONSTRUCTED_FROM_DAILY,See methodology_and_sources.md,87.67,87.72,87.67,87.72,0,USD,7785.27,7789.42,7785.27,7789.42,88.8,us_open,first_hour_after_us_open,ESTIMATED_FROM_DAILY_OHLC_USING_SESSION_HEURISTICS_NOT_REAL_INTRADAY_DATA,
2026-04-15T22:30:00+0530,2026-04-15T22:30:00+0530,15-04-2026,WTI,WTI Crude Oil Futures,NYMEX/CME,60m,FRONT_MONTH_CONTINUOUS,CL1!,RECONSTRUCTED_FROM_DAILY,See methodology_and_sources.md,87.72,87.72,87.69,87.69,0,USD,7789.42,7789.42,7786.97,7786.97,88.8,us_open,final_hour_before_mcx_close,ESTIMATED_FROM_DAILY_OHLC_USING_SESSION_HEURISTICS_NOT_REAL_INTRADAY_DATA,
2026-04-15T23:30:00+0530,2026-04-15T23:30:00+0530,15-04-2026,WTI,WTI Crude Oil Futures,NYMEX/CME,60m,FRONT_MONTH_CONTINUOUS,CL1!,RECONSTRUCTED_FROM_DAILY,See methodology_and_sources.md,87.69,91,87.69,91,0,USD,7786.97,8080.8,7786.97,8080.8,88.8,mcx_tail,none,ESTIMATED_FROM_DAILY_OHLC_USING_SESSION_HEURISTICS_NOT_REAL_INTRADAY_DATA,
2026-04-16T00:30:00+0530,2026-04-16T00:30:00+0530,15-04-2026,WTI,WTI Crude Oil Futures,NYMEX/CME,60m,FRONT_MONTH_CONTINUOUS,CL1!,RECONSTRUCTED_FROM_DAILY,See methodology_and_sources.md,91,91,91,91,0,USD,8080.8,8080.8,8080.8,8080.8,88.8,other_valid_hours,none,ESTIMATED_FROM_DAILY_OHLC_USING_SESSION_HEURISTICS_NOT_REAL_INTRADAY_DATA,
2026-04-16T03:30:00+0530,2026-04-16T03:30:00+0530,16-04-2026,WTI,WTI Crude Oil Futures,NYMEX/CME,60m,FRONT_MONTH_CONTINUOUS,CL1!,RECONSTRUCTED_FROM_DAILY,See methodology_and_sources.md,92,92,91.98,91.98,0,USD,8174.2,8174.2,8172.79,8172.79,88.85,global_reopen_pre_mcx,none,ESTIMATED_FROM_DAILY_OHLC_USING_SESSION_HEURISTICS_NOT_REAL_INTRADAY_DATA,
2026-04-16T04:30:00+0530,2026-04-16T04:30:00+0530,16-04-2026,WTI,WTI Crude Oil Futures,NYMEX/CME,60m,FRONT_MONTH_CONTINUOUS,CL1!,RECONSTRUCTED_FROM_DAILY,See methodology_and_sources.md,91.98,92.03,91.98,92.03,0,USD,8172.79,8176.78,8172.79,8176.78,88.85,global_reopen_pre_mcx,none,ESTIMATED_FROM_DAILY_OHLC_USING_SESSION_HEURISTICS_NOT_REAL_INTRADAY_DATA,
2026-04-16T05:30:00+0530,2026-04-16T05:30:00+0530,16-04-2026,WTI,WTI Crude Oil Futures,NYMEX/CME,60m,FRONT_MONTH_CONTINUOUS,CL1!,RECONSTRUCTED_FROM_DAILY,See methodology_and_sources.md,92.03,92.06,92.03,92.06,0,USD,8176.78,8179.61,8176.78,8179.61,88.85,global_reopen_pre_mcx,none,ESTIMATED_FROM_DAILY_OHLC_USING_SESSION_HEURISTICS_NOT_REAL_INTRADAY_DATA,
2026-04-16T06:30:00+0530,2026-04-16T06:30:00+0530,16-04-2026,WTI,WTI Crude Oil Futures,NYMEX/CME,60m,FRONT_MONTH_CONTINUOUS,CL1!,RECONSTRUCTED_FROM_DAILY,See methodology_and_sources.md,92.06,92.06,92.01,92.01,0,USD,8179.61,8179.61,8175.49,8175.49,88.85,global_reopen_pre_mcx,none,ESTIMATED_FROM_DAILY_OHLC_USING_SESSION_HEURISTICS_NOT_REAL_INTRADAY_DATA,
2026-04-16T07:30:00+0530,2026-04-16T07:30:00+0530,16-04-2026,WTI,WTI Crude Oil Futures,NYMEX/CME,60m,FRONT_MONTH_CONTINUOUS,CL1!,RECONSTRUCTED_FROM_DAILY,See methodology_and_sources.md,92.01,92.04,92.01,92.04,0,USD,8175.49,8177.44,8175.49,8177.44,88.85,global_reopen_pre_mcx,none,ESTIMATED_FROM_DAILY_OHLC_USING_SESSION_HEURISTICS_NOT_REAL_INTRADAY_DATA,
2026-04-16T08:30:00+0530,2026-04-16T08:30:00+0530,16-04-2026,WTI,WTI Crude Oil Futures,NYMEX/CME,60m,FRONT_MONTH_CONTINUOUS,CL1!,RECONSTRUCTED_FROM_DAILY,See methodology_and_sources.md,92.04,92.05,92.04,92.05,0,USD,8177.44,8179.05,8177.44,8179.05,88.85,global_reopen_pre_mcx,none,ESTIMATED_FROM_DAILY_OHLC_USING_SESSION_HEURISTICS_NOT_REAL_INTRADAY_DATA,
2026-04-16T09:30:00+0530,2026-04-16T09:30:00+0530,16-04-2026,WTI,WTI Crude Oil Futures,NYMEX/CME,60m,FRONT_MONTH_CONTINUOUS,CL1!,RECONSTRUCTED_FROM_DAILY,See methodology_and_sources.md,92.05,92.05,92.04,92.04,0,USD,8179.05,8179.05,8178.11,8178.11,88.85,mcx_open_drive,none,ESTIMATED_FROM_DAILY_OHLC_USING_SESSION_HEURISTICS_NOT_REAL_INTRADAY_DATA,
2026-04-16T10:30:00+0530,2026-04-16T10:30:00+0530,16-04-2026,WTI,WTI Crude Oil Futures,NYMEX/CME,60m,FRONT_MONTH_CONTINUOUS,CL1!,RECONSTRUCTED_FROM_DAILY,See methodology_and_sources.md,92.04,92.08,92.04,92.08,0,USD,8178.11,8181.05,8178.11,8181.05,88.85,india_morning,none,ESTIMATED_FROM_DAILY_OHLC_USING_SESSION_HEURISTICS_NOT_REAL_INTRADAY_DATA,
2026-04-16T11:30:00+0530,2026-04-16T11:30:00+0530,16-04-2026,WTI,WTI Crude Oil Futures,NYMEX/CME,60m,FRONT_MONTH_CONTINUOUS,CL1!,RECONSTRUCTED_FROM_DAILY,See methodology_and_sources.md,92.08,92.08,92.08,92.08,0,USD,8181.05,8181.3,8181.05,8181.3,88.85,india_morning,none,ESTIMATED_FROM_DAILY_OHLC_USING_SESSION_HEURISTICS_NOT_REAL_INTRADAY_DATA,
2026-04-16T12:30:00+0530,2026-04-16T12:30:00+0530,16-04-2026,WTI,WTI Crude Oil Futures,NYMEX/CME,60m,FRONT_MONTH_CONTINUOUS,CL1!,RECONSTRUCTED_FROM_DAILY,See methodology_and_sources.md,92.08,92.08,92.05,92.05,0,USD,8181.3,8181.3,8178.39,8178.39,88.85,india_midday,none,ESTIMATED_FROM_DAILY_OHLC_USING_SESSION_HEURISTICS_NOT_REAL_INTRADAY_DATA,
2026-04-16T13:30:00+0530,2026-04-16T13:30:00+0530,16-04-2026,WTI,WTI Crude Oil Futures,NYMEX/CME,60m,FRONT_MONTH_CONTINUOUS,CL1!,RECONSTRUCTED_FROM_DAILY,See methodology_and_sources.md,92.05,92.05,91.98,91.98,0,USD,8178.39,8178.39,8172.33,8172.33,88.85,india_midday,none,ESTIMATED_FROM_DAILY_OHLC_USING_SESSION_HEURISTICS_NOT_REAL_INTRADAY_DATA,
2026-04-16T14:30:00+0530,2026-04-16T14:30:00+0530,16-04-2026,WTI,WTI Crude Oil Futures,NYMEX/CME,60m,FRONT_MONTH_CONTINUOUS,CL1!,RECONSTRUCTED_FROM_DAILY,See methodology_and_sources.md,91.98,91.98,91.94,91.94,0,USD,8172.33,8172.33,8168.74,8168.74,88.85,india_midday,none,ESTIMATED_FROM_DAILY_OHLC_USING_SESSION_HEURISTICS_NOT_REAL_INTRADAY_DATA,
2026-04-16T15:30:00+0530,2026-04-16T15:30:00+0530,16-04-2026,WTI,WTI Crude Oil Futures,NYMEX/CME,60m,FRONT_MONTH_CONTINUOUS,CL1!,RECONSTRUCTED_FROM_DAILY,See methodology_and_sources.md,91.94,91.94,91.94,91.94,0,USD,8168.74,8169.24,8168.74,8169.24,88.85,europe_open,first_30m_after_europe_open,ESTIMATED_FROM_DAILY_OHLC_USING_SESSION_HEURISTICS_NOT_REAL_INTRADAY_DATA,
2026-04-16T16:30:00+0530,2026-04-16T16:30:00+0530,16-04-2026,WTI,WTI Crude Oil Futures,NYMEX/CME,60m,FRONT_MONTH_CONTINUOUS,CL1!,RECONSTRUCTED_FROM_DAILY,See methodology_and_sources.md,91.94,91.94,91.85,91.85,0,USD,8169.24,8169.24,8161.14,8161.14,88.85,europe_open,none,ESTIMATED_FROM_DAILY_OHLC_USING_SESSION_HEURISTICS_NOT_REAL_INTRADAY_DATA,
2026-04-16T17:30:00+0530,2026-04-16T17:30:00+0530,16-04-2026,WTI,WTI Crude Oil Futures,NYMEX/CME,60m,FRONT_MONTH_CONTINUOUS,CL1!,RECONSTRUCTED_FROM_DAILY,See methodology_and_sources.md,91.85,91.91,91.85,91.91,0,USD,8161.14,8166.18,8161.14,8166.18,88.85,europe_mid,none,ESTIMATED_FROM_DAILY_OHLC_USING_SESSION_HEURISTICS_NOT_REAL_INTRADAY_DATA,
2026-04-16T18:30:00+0530,2026-04-16T18:30:00+0530,16-04-2026,WTI,WTI Crude Oil Futures,NYMEX/CME,60m,FRONT_MONTH_CONTINUOUS,CL1!,RECONSTRUCTED_FROM_DAILY,See methodology_and_sources.md,91.91,91.91,91.89,91.89,0,USD,8166.18,8166.18,8164.27,8164.27,88.85,europe_mid,none,ESTIMATED_FROM_DAILY_OHLC_USING_SESSION_HEURISTICS_NOT_REAL_INTRADAY_DATA,
2026-04-16T19:30:00+0530,2026-04-16T19:30:00+0530,16-04-2026,WTI,WTI Crude Oil Futures,NYMEX/CME,60m,FRONT_MONTH_CONTINUOUS,CL1!,RECONSTRUCTED_FROM_DAILY,See methodology_and_sources.md,91.89,91.89,91.86,91.86,0,USD,8164.27,8164.27,8161.89,8161.89,88.85,europe_mid,none,ESTIMATED_FROM_DAILY_OHLC_USING_SESSION_HEURISTICS_NOT_REAL_INTRADAY_DATA,
2026-04-16T20:30:00+0530,2026-04-16T20:30:00+0530,16-04-2026,WTI,WTI Crude Oil Futures,NYMEX/CME,60m,FRONT_MONTH_CONTINUOUS,CL1!,RECONSTRUCTED_FROM_DAILY,See methodology_and_sources.md,91.86,91.88,91.86,91.88,0,USD,8161.89,8163.12,8161.89,8163.12,88.85,us_pre_open,none,ESTIMATED_FROM_DAILY_OHLC_USING_SESSION_HEURISTICS_NOT_REAL_INTRADAY_DATA,
2026-04-16T21:30:00+0530,2026-04-16T21:30:00+0530,16-04-2026,WTI,WTI Crude Oil Futures,NYMEX/CME,60m,FRONT_MONTH_CONTINUOUS,CL1!,RECONSTRUCTED_FROM_DAILY,See methodology_and_sources.md,91.88,91.88,91.88,91.88,0,USD,8163.12,8163.2,8163.12,8163.2,88.85,us_open,first_hour_after_us_open,ESTIMATED_FROM_DAILY_OHLC_USING_SESSION_HEURISTICS_NOT_REAL_INTRADAY_DATA,
2026-04-16T22:30:00+0530,2026-04-16T22:30:00+0530,16-04-2026,WTI,WTI Crude Oil Futures,NYMEX/CME,60m,FRONT_MONTH_CONTINUOUS,CL1!,RECONSTRUCTED_FROM_DAILY,See methodology_and_sources.md,91.88,91.88,91.86,91.86,0,USD,8163.2,8163.2,8161.67,8161.67,88.85,us_open,final_hour_before_mcx_close,ESTIMATED_FROM_DAILY_OHLC_USING_SESSION_HEURISTICS_NOT_REAL_INTRADAY_DATA,
2026-04-16T23:30:00+0530,2026-04-16T23:30:00+0530,16-04-2026,WTI,WTI Crude Oil Futures,NYMEX/CME,60m,FRONT_MONTH_CONTINUOUS,CL1!,RECONSTRUCTED_FROM_DAILY,See methodology_and_sources.md,91.86,92,91.86,92,0,USD,8161.67,8174.2,8161.67,8174.2,88.85,mcx_tail,none,ESTIMATED_FROM_DAILY_OHLC_USING_SESSION_HEURISTICS_NOT_REAL_INTRADAY_DATA,
2026-04-17T00:30:00+0530,2026-04-17T00:30:00+0530,16-04-2026,WTI,WTI Crude Oil Futures,NYMEX/CME,60m,FRONT_MONTH_CONTINUOUS,CL1!,RECONSTRUCTED_FROM_DAILY,See methodology_and_sources.md,92,92,92,92,0,USD,8174.2,8174.2,8174.2,8174.2,88.85,other_valid_hours,none,ESTIMATED_FROM_DAILY_OHLC_USING_SESSION_HEURISTICS_NOT_REAL_INTRADAY_DATA,
2026-04-17T03:30:00+0530,2026-04-17T03:30:00+0530,17-04-2026,WTI,WTI Crude Oil Futures,NYMEX/CME,60m,FRONT_MONTH_CONTINUOUS,CL1!,RECONSTRUCTED_FROM_DAILY,See methodology_and_sources.md,92,92,91.94,91.94,0,USD,8178.8,8178.8,8173.79,8173.79,88.9,global_reopen_pre_mcx,none,ESTIMATED_FROM_DAILY_OHLC_USING_SESSION_HEURISTICS_NOT_REAL_INTRADAY_DATA,
2026-04-17T04:30:00+0530,2026-04-17T04:30:00+0530,17-04-2026,WTI,WTI Crude Oil Futures,NYMEX/CME,60m,FRONT_MONTH_CONTINUOUS,CL1!,RECONSTRUCTED_FROM_DAILY,See methodology_and_sources.md,91.94,91.94,91.93,91.93,0,USD,8173.79,8173.79,8172.84,8172.84,88.9,global_reopen_pre_mcx,none,ESTIMATED_FROM_DAILY_OHLC_USING_SESSION_HEURISTICS_NOT_REAL_INTRADAY_DATA,
2026-04-17T05:30:00+0530,2026-04-17T05:30:00+0530,17-04-2026,WTI,WTI Crude Oil Futures,NYMEX/CME,60m,FRONT_MONTH_CONTINUOUS,CL1!,RECONSTRUCTED_FROM_DAILY,See methodology_and_sources.md,91.93,91.96,91.93,91.96,0,USD,8172.84,8175.28,8172.84,8175.28,88.9,global_reopen_pre_mcx,none,ESTIMATED_FROM_DAILY_OHLC_USING_SESSION_HEURISTICS_NOT_REAL_INTRADAY_DATA,
2026-04-17T06:30:00+0530,2026-04-17T06:30:00+0530,17-04-2026,WTI,WTI Crude Oil Futures,NYMEX/CME,60m,FRONT_MONTH_CONTINUOUS,CL1!,RECONSTRUCTED_FROM_DAILY,See methodology_and_sources.md,91.96,91.96,91.93,91.93,0,USD,8175.28,8175.28,8172.36,8172.36,88.9,global_reopen_pre_mcx,none,ESTIMATED_FROM_DAILY_OHLC_USING_SESSION_HEURISTICS_NOT_REAL_INTRADAY_DATA,
2026-04-17T07:30:00+0530,2026-04-17T07:30:00+0530,17-04-2026,WTI,WTI Crude Oil Futures,NYMEX/CME,60m,FRONT_MONTH_CONTINUOUS,CL1!,RECONSTRUCTED_FROM_DAILY,See methodology_and_sources.md,91.93,91.93,91.74,91.74,0,USD,8172.36,8172.36,8155.69,8155.69,88.9,global_reopen_pre_mcx,none,ESTIMATED_FROM_DAILY_OHLC_USING_SESSION_HEURISTICS_NOT_REAL_INTRADAY_DATA,
2026-04-17T08:30:00+0530,2026-04-17T08:30:00+0530,17-04-2026,WTI,WTI Crude Oil Futures,NYMEX/CME,60m,FRONT_MONTH_CONTINUOUS,CL1!,RECONSTRUCTED_FROM_DAILY,See methodology_and_sources.md,91.74,91.74,91.74,91.74,0,USD,8155.69,8155.69,8155.27,8155.27,88.9,global_reopen_pre_mcx,none,ESTIMATED_FROM_DAILY_OHLC_USING_SESSION_HEURISTICS_NOT_REAL_INTRADAY_DATA,
2026-04-17T09:30:00+0530,2026-04-17T09:30:00+0530,17-04-2026,WTI,WTI Crude Oil Futures,NYMEX/CME,60m,FRONT_MONTH_CONTINUOUS,CL1!,RECONSTRUCTED_FROM_DAILY,See methodology_and_sources.md,91.74,91.83,91.74,91.83,0,USD,8155.27,8163.62,8155.27,8163.62,88.9,mcx_open_drive,none,ESTIMATED_FROM_DAILY_OHLC_USING_SESSION_HEURISTICS_NOT_REAL_INTRADAY_DATA,
2026-04-17T10:30:00+0530,2026-04-17T10:30:00+0530,17-04-2026,WTI,WTI Crude Oil Futures,NYMEX/CME,60m,FRONT_MONTH_CONTINUOUS,CL1!,RECONSTRUCTED_FROM_DAILY,See methodology_and_sources.md,91.83,91.83,91.75,91.75,0,USD,8163.62,8163.62,8156.14,8156.14,88.9,india_morning,none,ESTIMATED_FROM_DAILY_OHLC_USING_SESSION_HEURISTICS_NOT_REAL_INTRADAY_DATA,
2026-04-17T11:30:00+0530,2026-04-17T11:30:00+0530,17-04-2026,WTI,WTI Crude Oil Futures,NYMEX/CME,60m,FRONT_MONTH_CONTINUOUS,CL1!,RECONSTRUCTED_FROM_DAILY,See methodology_and_sources.md,91.75,91.75,91.75,91.75,0,USD,8156.14,8156.86,8156.14,8156.86,88.9,india_morning,none,ESTIMATED_FROM_DAILY_OHLC_USING_SESSION_HEURISTICS_NOT_REAL_INTRADAY_DATA,
2026-04-17T12:30:00+0530,2026-04-17T12:30:00+0530,17-04-2026,WTI,WTI Crude Oil Futures,NYMEX/CME,60m,FRONT_MONTH_CONTINUOUS,CL1!,RECONSTRUCTED_FROM_DAILY,See methodology_and_sources.md,91.75,91.8,91.75,91.8,0,USD,8156.86,8160.65,8156.86,8160.65,88.9,india_midday,none,ESTIMATED_FROM_DAILY_OHLC_USING_SESSION_HEURISTICS_NOT_REAL_INTRADAY_DATA,
2026-04-17T13:30:00+0530,2026-04-17T13:30:00+0530,17-04-2026,WTI,WTI Crude Oil Futures,NYMEX/CME,60m,FRONT_MONTH_CONTINUOUS,CL1!,RECONSTRUCTED_FROM_DAILY,See methodology_and_sources.md,91.8,91.8,91.76,91.76,0,USD,8160.65,8160.65,8157.69,8157.69,88.9,india_midday,none,ESTIMATED_FROM_DAILY_OHLC_USING_SESSION_HEURISTICS_NOT_REAL_INTRADAY_DATA,
2026-04-17T14:30:00+0530,2026-04-17T14:30:00+0530,17-04-2026,WTI,WTI Crude Oil Futures,NYMEX/CME,60m,FRONT_MONTH_CONTINUOUS,CL1!,RECONSTRUCTED_FROM_DAILY,See methodology_and_sources.md,91.76,91.76,91.76,91.76,0,USD,8157.69,8157.69,8157.43,8157.43,88.9,india_midday,none,ESTIMATED_FROM_DAILY_OHLC_USING_SESSION_HEURISTICS_NOT_REAL_INTRADAY_DATA,
2026-04-17T15:30:00+0530,2026-04-17T15:30:00+0530,17-04-2026,WTI,WTI Crude Oil Futures,NYMEX/CME,60m,FRONT_MONTH_CONTINUOUS,CL1!,RECONSTRUCTED_FROM_DAILY,See methodology_and_sources.md,91.76,91.76,91.61,91.61,0,USD,8157.43,8157.43,8143.7,8143.7,88.9,europe_open,first_30m_after_europe_open,ESTIMATED_FROM_DAILY_OHLC_USING_SESSION_HEURISTICS_NOT_REAL_INTRADAY_DATA,
2026-04-17T16:30:00+0530,2026-04-17T16:30:00+0530,17-04-2026,WTI,WTI Crude Oil Futures,NYMEX/CME,60m,FRONT_MONTH_CONTINUOUS,CL1!,RECONSTRUCTED_FROM_DAILY,See methodology_and_sources.md,91.61,91.63,91.61,91.63,0,USD,8143.7,8145.54,8143.7,8145.54,88.9,europe_open,none,ESTIMATED_FROM_DAILY_OHLC_USING_SESSION_HEURISTICS_NOT_REAL_INTRADAY_DATA,
2026-04-17T17:30:00+0530,2026-04-17T17:30:00+0530,17-04-2026,WTI,WTI Crude Oil Futures,NYMEX/CME,60m,FRONT_MONTH_CONTINUOUS,CL1!,RECONSTRUCTED_FROM_DAILY,See methodology_and_sources.md,91.63,91.65,91.63,91.65,0,USD,8145.54,8147.5,8145.54,8147.5,88.9,europe_mid,none,ESTIMATED_FROM_DAILY_OHLC_USING_SESSION_HEURISTICS_NOT_REAL_INTRADAY_DATA,
2026-04-17T18:30:00+0530,2026-04-17T18:30:00+0530,17-04-2026,WTI,WTI Crude Oil Futures,NYMEX/CME,60m,FRONT_MONTH_CONTINUOUS,CL1!,RECONSTRUCTED_FROM_DAILY,See methodology_and_sources.md,91.65,91.71,91.65,91.71,0,USD,8147.5,8153.19,8147.5,8153.19,88.9,europe_mid,none,ESTIMATED_FROM_DAILY_OHLC_USING_SESSION_HEURISTICS_NOT_REAL_INTRADAY_DATA,
2026-04-17T19:30:00+0530,2026-04-17T19:30:00+0530,17-04-2026,WTI,WTI Crude Oil Futures,NYMEX/CME,60m,FRONT_MONTH_CONTINUOUS,CL1!,RECONSTRUCTED_FROM_DAILY,See methodology_and_sources.md,91.71,91.78,91.71,91.78,0,USD,8153.19,8159.29,8153.19,8159.29,88.9,europe_mid,none,ESTIMATED_FROM_DAILY_OHLC_USING_SESSION_HEURISTICS_NOT_REAL_INTRADAY_DATA,
2026-04-17T20:30:00+0530,2026-04-17T20:30:00+0530,17-04-2026,WTI,WTI Crude Oil Futures,NYMEX/CME,60m,FRONT_MONTH_CONTINUOUS,CL1!,RECONSTRUCTED_FROM_DAILY,See methodology_and_sources.md,91.78,91.79,91.78,91.79,0,USD,8159.29,8160.12,8159.29,8160.12,88.9,us_pre_open,none,ESTIMATED_FROM_DAILY_OHLC_USING_SESSION_HEURISTICS_NOT_REAL_INTRADAY_DATA,
2026-04-17T21:30:00+0530,2026-04-17T21:30:00+0530,17-04-2026,WTI,WTI Crude Oil Futures,NYMEX/CME,60m,FRONT_MONTH_CONTINUOUS,CL1!,RECONSTRUCTED_FROM_DAILY,See methodology_and_sources.md,91.79,91.81,91.79,91.81,0,USD,8160.12,8161.59,8160.12,8161.59,88.9,us_open,first_hour_after_us_open,ESTIMATED_FROM_DAILY_OHLC_USING_SESSION_HEURISTICS_NOT_REAL_INTRADAY_DATA,
2026-04-17T22:30:00+0530,2026-04-17T22:30:00+0530,17-04-2026,WTI,WTI Crude Oil Futures,NYMEX/CME,60m,FRONT_MONTH_CONTINUOUS,CL1!,RECONSTRUCTED_FROM_DAILY,See methodology_and_sources.md,91.81,91.84,91.81,91.84,0,USD,8161.59,8164.21,8161.59,8164.21,88.9,us_open,final_hour_before_mcx_close,ESTIMATED_FROM_DAILY_OHLC_USING_SESSION_HEURISTICS_NOT_REAL_INTRADAY_DATA,
2026-04-17T23:30:00+0530,2026-04-17T23:30:00+0530,17-04-2026,WTI,WTI Crude Oil Futures,NYMEX/CME,60m,FRONT_MONTH_CONTINUOUS,CL1!,RECONSTRUCTED_FROM_DAILY,See methodology_and_sources.md,91.84,91.84,84,84,0,USD,8164.21,8164.21,7467.6,7467.6,88.9,mcx_tail,none,ESTIMATED_FROM_DAILY_OHLC_USING_SESSION_HEURISTICS_NOT_REAL_INTRADAY_DATA,
2026-04-18T00:30:00+0530,2026-04-18T00:30:00+0530,17-04-2026,WTI,WTI Crude Oil Futures,NYMEX/CME,60m,FRONT_MONTH_CONTINUOUS,CL1!,RECONSTRUCTED_FROM_DAILY,See methodology_and_sources.md,84,84,84,84,0,USD,7467.6,7467.6,7467.6,7467.6,88.9,other_valid_hours,none,ESTIMATED_FROM_DAILY_OHLC_USING_SESSION_HEURISTICS_NOT_REAL_INTRADAY_DATA,
2026-04-20T03:30:00+0530,2026-04-20T03:30:00+0530,20-04-2026,WTI,WTI Crude Oil Futures,NYMEX/CME,60m,FRONT_MONTH_CONTINUOUS,CL1!,RECONSTRUCTED_FROM_DAILY,See methodology_and_sources.md,84,84.02,84,84.02,0,USD,7476,7477.84,7476,7477.84,89,global_reopen_pre_mcx,none,ESTIMATED_FROM_DAILY_OHLC_USING_SESSION_HEURISTICS_NOT_REAL_INTRADAY_DATA,
2026-04-20T04:30:00+0530,2026-04-20T04:30:00+0530,20-04-2026,WTI,WTI Crude Oil Futures,NYMEX/CME,60m,FRONT_MONTH_CONTINUOUS,CL1!,RECONSTRUCTED_FROM_DAILY,See methodology_and_sources.md,84.02,84.02,84.02,84.02,0,USD,7477.84,7477.84,7477.73,7477.73,89,global_reopen_pre_mcx,none,ESTIMATED_FROM_DAILY_OHLC_USING_SESSION_HEURISTICS_NOT_REAL_INTRADAY_DATA,
2026-04-20T05:30:00+0530,2026-04-20T05:30:00+0530,20-04-2026,WTI,WTI Crude Oil Futures,NYMEX/CME,60m,FRONT_MONTH_CONTINUOUS,CL1!,RECONSTRUCTED_FROM_DAILY,See methodology_and_sources.md,84.02,84.04,84.02,84.04,0,USD,7477.73,7479.36,7477.73,7479.36,89,global_reopen_pre_mcx,none,ESTIMATED_FROM_DAILY_OHLC_USING_SESSION_HEURISTICS_NOT_REAL_INTRADAY_DATA,
2026-04-20T06:30:00+0530,2026-04-20T06:30:00+0530,20-04-2026,WTI,WTI Crude Oil Futures,NYMEX/CME,60m,FRONT_MONTH_CONTINUOUS,CL1!,RECONSTRUCTED_FROM_DAILY,See methodology_and_sources.md,84.04,84.06,84.04,84.06,0,USD,7479.36,7481.25,7479.36,7481.25,89,global_reopen_pre_mcx,none,ESTIMATED_FROM_DAILY_OHLC_USING_SESSION_HEURISTICS_NOT_REAL_INTRADAY_DATA,
2026-04-20T07:30:00+0530,2026-04-20T07:30:00+0530,20-04-2026,WTI,WTI Crude Oil Futures,NYMEX/CME,60m,FRONT_MONTH_CONTINUOUS,CL1!,RECONSTRUCTED_FROM_DAILY,See methodology_and_sources.md,84.06,84.07,84.06,84.07,0,USD,7481.25,7482.54,7481.25,7482.54,89,global_reopen_pre_mcx,none,ESTIMATED_FROM_DAILY_OHLC_USING_SESSION_HEURISTICS_NOT_REAL_INTRADAY_DATA,
2026-04-20T08:30:00+0530,2026-04-20T08:30:00+0530,20-04-2026,WTI,WTI Crude Oil Futures,NYMEX/CME,60m,FRONT_MONTH_CONTINUOUS,CL1!,RECONSTRUCTED_FROM_DAILY,See methodology_and_sources.md,84.07,84.11,84.07,84.11,0,USD,7482.54,7485.99,7482.54,7485.99,89,global_reopen_pre_mcx,none,ESTIMATED_FROM_DAILY_OHLC_USING_SESSION_HEURISTICS_NOT_REAL_INTRADAY_DATA,
2026-04-20T09:30:00+0530,2026-04-20T09:30:00+0530,20-04-2026,WTI,WTI Crude Oil Futures,NYMEX/CME,60m,FRONT_MONTH_CONTINUOUS,CL1!,RECONSTRUCTED_FROM_DAILY,See methodology_and_sources.md,84.11,84.13,84.11,84.13,0,USD,7485.99,7487.58,7485.99,7487.58,89,mcx_open_drive,none,ESTIMATED_FROM_DAILY_OHLC_USING_SESSION_HEURISTICS_NOT_REAL_INTRADAY_DATA,
2026-04-20T10:30:00+0530,2026-04-20T10:30:00+0530,20-04-2026,WTI,WTI Crude Oil Futures,NYMEX/CME,60m,FRONT_MONTH_CONTINUOUS,CL1!,RECONSTRUCTED_FROM_DAILY,See methodology_and_sources.md,84.13,84.13,84.13,84.13,0,USD,7487.58,7487.58,7487.16,7487.16,89,india_morning,none,ESTIMATED_FROM_DAILY_OHLC_USING_SESSION_HEURISTICS_NOT_REAL_INTRADAY_DATA,
2026-04-20T11:30:00+0530,2026-04-20T11:30:00+0530,20-04-2026,WTI,WTI Crude Oil Futures,NYMEX/CME,60m,FRONT_MONTH_CONTINUOUS,CL1!,RECONSTRUCTED_FROM_DAILY,See methodology_and_sources.md,84.13,84.13,84.08,84.08,0,USD,7487.16,7487.16,7482.72,7482.72,89,india_morning,none,ESTIMATED_FROM_DAILY_OHLC_USING_SESSION_HEURISTICS_NOT_REAL_INTRADAY_DATA,
2026-04-20T12:30:00+0530,2026-04-20T12:30:00+0530,20-04-2026,WTI,WTI Crude Oil Futures,NYMEX/CME,60m,FRONT_MONTH_CONTINUOUS,CL1!,RECONSTRUCTED_FROM_DAILY,See methodology_and_sources.md,84.08,84.08,84.06,84.06,0,USD,7482.72,7482.72,7480.97,7480.97,89,india_midday,none,ESTIMATED_FROM_DAILY_OHLC_USING_SESSION_HEURISTICS_NOT_REAL_INTRADAY_DATA,
2026-04-20T13:30:00+0530,2026-04-20T13:30:00+0530,20-04-2026,WTI,WTI Crude Oil Futures,NYMEX/CME,60m,FRONT_MONTH_CONTINUOUS,CL1!,RECONSTRUCTED_FROM_DAILY,See methodology_and_sources.md,84.06,84.07,84.06,84.07,0,USD,7480.97,7482.52,7480.97,7482.52,89,india_midday,none,ESTIMATED_FROM_DAILY_OHLC_USING_SESSION_HEURISTICS_NOT_REAL_INTRADAY_DATA,
2026-04-20T14:30:00+0530,2026-04-20T14:30:00+0530,20-04-2026,WTI,WTI Crude Oil Futures,NYMEX/CME,60m,FRONT_MONTH_CONTINUOUS,CL1!,RECONSTRUCTED_FROM_DAILY,See methodology_and_sources.md,84.07,84.07,84.06,84.06,0,USD,7482.52,7482.52,7481.02,7481.02,89,india_midday,none,ESTIMATED_FROM_DAILY_OHLC_USING_SESSION_HEURISTICS_NOT_REAL_INTRADAY_DATA,
2026-04-20T15:30:00+0530,2026-04-20T15:30:00+0530,20-04-2026,WTI,WTI Crude Oil Futures,NYMEX/CME,60m,FRONT_MONTH_CONTINUOUS,CL1!,RECONSTRUCTED_FROM_DAILY,See methodology_and_sources.md,84.06,84.08,84.06,84.08,0,USD,7481.02,7482.94,7481.02,7482.94,89,europe_open,first_30m_after_europe_open,ESTIMATED_FROM_DAILY_OHLC_USING_SESSION_HEURISTICS_NOT_REAL_INTRADAY_DATA,
2026-04-20T16:30:00+0530,2026-04-20T16:30:00+0530,20-04-2026,WTI,WTI Crude Oil Futures,NYMEX/CME,60m,FRONT_MONTH_CONTINUOUS,CL1!,RECONSTRUCTED_FROM_DAILY,See methodology_and_sources.md,84.08,84.08,84.03,84.03,0,USD,7482.94,7482.94,7479.02,7479.02,89,europe_open,none,ESTIMATED_FROM_DAILY_OHLC_USING_SESSION_HEURISTICS_NOT_REAL_INTRADAY_DATA,
2026-04-20T17:30:00+0530,2026-04-20T17:30:00+0530,20-04-2026,WTI,WTI Crude Oil Futures,NYMEX/CME,60m,FRONT_MONTH_CONTINUOUS,CL1!,RECONSTRUCTED_FROM_DAILY,See methodology_and_sources.md,84.03,84.05,84.03,84.05,0,USD,7479.02,7480.61,7479.02,7480.61,89,europe_mid,none,ESTIMATED_FROM_DAILY_OHLC_USING_SESSION_HEURISTICS_NOT_REAL_INTRADAY_DATA,
2026-04-20T18:30:00+0530,2026-04-20T18:30:00+0530,20-04-2026,WTI,WTI Crude Oil Futures,NYMEX/CME,60m,FRONT_MONTH_CONTINUOUS,CL1!,RECONSTRUCTED_FROM_DAILY,See methodology_and_sources.md,84.05,84.08,84.05,84.08,0,USD,7480.61,7483.08,7480.61,7483.08,89,europe_mid,none,ESTIMATED_FROM_DAILY_OHLC_USING_SESSION_HEURISTICS_NOT_REAL_INTRADAY_DATA,
2026-04-20T19:30:00+0530,2026-04-20T19:30:00+0530,20-04-2026,WTI,WTI Crude Oil Futures,NYMEX/CME,60m,FRONT_MONTH_CONTINUOUS,CL1!,RECONSTRUCTED_FROM_DAILY,See methodology_and_sources.md,84.08,84.08,84.04,84.04,0,USD,7483.08,7483.08,7479.91,7479.91,89,europe_mid,none,ESTIMATED_FROM_DAILY_OHLC_USING_SESSION_HEURISTICS_NOT_REAL_INTRADAY_DATA,
2026-04-20T20:30:00+0530,2026-04-20T20:30:00+0530,20-04-2026,WTI,WTI Crude Oil Futures,NYMEX/CME,60m,FRONT_MONTH_CONTINUOUS,CL1!,RECONSTRUCTED_FROM_DAILY,See methodology_and_sources.md,84.04,84.14,84.04,84.14,0,USD,7479.91,7488.45,7479.91,7488.45,89,us_pre_open,none,ESTIMATED_FROM_DAILY_OHLC_USING_SESSION_HEURISTICS_NOT_REAL_INTRADAY_DATA,
2026-04-20T21:30:00+0530,2026-04-20T21:30:00+0530,20-04-2026,WTI,WTI Crude Oil Futures,NYMEX/CME,60m,FRONT_MONTH_CONTINUOUS,CL1!,RECONSTRUCTED_FROM_DAILY,See methodology_and_sources.md,84.14,84.14,84.13,84.13,0,USD,7488.45,7488.45,7487.83,7487.83,89,us_open,first_hour_after_us_open,ESTIMATED_FROM_DAILY_OHLC_USING_SESSION_HEURISTICS_NOT_REAL_INTRADAY_DATA,
2026-04-20T22:30:00+0530,2026-04-20T22:30:00+0530,20-04-2026,WTI,WTI Crude Oil Futures,NYMEX/CME,60m,FRONT_MONTH_CONTINUOUS,CL1!,RECONSTRUCTED_FROM_DAILY,See methodology_and_sources.md,84.13,84.13,84.09,84.09,0,USD,7487.83,7487.83,7483.72,7483.72,89,us_open,final_hour_before_mcx_close,ESTIMATED_FROM_DAILY_OHLC_USING_SESSION_HEURISTICS_NOT_REAL_INTRADAY_DATA,
2026-04-20T23:30:00+0530,2026-04-20T23:30:00+0530,20-04-2026,WTI,WTI Crude Oil Futures,NYMEX/CME,60m,FRONT_MONTH_CONTINUOUS,CL1!,RECONSTRUCTED_FROM_DAILY,See methodology_and_sources.md,84.09,87,84.09,87,0,USD,7483.72,7743,7483.72,7743,89,mcx_tail,none,ESTIMATED_FROM_DAILY_OHLC_USING_SESSION_HEURISTICS_NOT_REAL_INTRADAY_DATA,
2026-04-21T00:30:00+0530,2026-04-21T00:30:00+0530,20-04-2026,WTI,WTI Crude Oil Futures,NYMEX/CME,60m,FRONT_MONTH_CONTINUOUS,CL1!,RECONSTRUCTED_FROM_DAILY,See methodology_and_sources.md,87,87,87,87,0,USD,7743,7743,7743,7743,89,other_valid_hours,none,ESTIMATED_FROM_DAILY_OHLC_USING_SESSION_HEURISTICS_NOT_REAL_INTRADAY_DATA,
2026-04-21T03:30:00+0530,2026-04-21T03:30:00+0530,21-04-2026,WTI,WTI Crude Oil Futures,NYMEX/CME,60m,FRONT_MONTH_CONTINUOUS,CL1!,RECONSTRUCTED_FROM_DAILY,See methodology_and_sources.md,87,87,86.98,86.98,0,USD,7747.35,7747.35,7745.63,7745.63,89.05,global_reopen_pre_mcx,none,ESTIMATED_FROM_DAILY_OHLC_USING_SESSION_HEURISTICS_NOT_REAL_INTRADAY_DATA,
2026-04-21T04:30:00+0530,2026-04-21T04:30:00+0530,21-04-2026,WTI,WTI Crude Oil Futures,NYMEX/CME,60m,FRONT_MONTH_CONTINUOUS,CL1!,RECONSTRUCTED_FROM_DAILY,See methodology_and_sources.md,86.98,86.98,86.98,86.98,0,USD,7745.63,7745.63,7745.37,7745.37,89.05,global_reopen_pre_mcx,none,ESTIMATED_FROM_DAILY_OHLC_USING_SESSION_HEURISTICS_NOT_REAL_INTRADAY_DATA,
2026-04-21T05:30:00+0530,2026-04-21T05:30:00+0530,21-04-2026,WTI,WTI Crude Oil Futures,NYMEX/CME,60m,FRONT_MONTH_CONTINUOUS,CL1!,RECONSTRUCTED_FROM_DAILY,See methodology_and_sources.md,86.98,87,86.98,87,0,USD,7745.37,7746.91,7745.37,7746.91,89.05,global_reopen_pre_mcx,none,ESTIMATED_FROM_DAILY_OHLC_USING_SESSION_HEURISTICS_NOT_REAL_INTRADAY_DATA,
2026-04-21T06:30:00+0530,2026-04-21T06:30:00+0530,21-04-2026,WTI,WTI Crude Oil Futures,NYMEX/CME,60m,FRONT_MONTH_CONTINUOUS,CL1!,RECONSTRUCTED_FROM_DAILY,See methodology_and_sources.md,87,87,86.99,86.99,0,USD,7746.91,7746.91,7746.03,7746.03,89.05,global_reopen_pre_mcx,none,ESTIMATED_FROM_DAILY_OHLC_USING_SESSION_HEURISTICS_NOT_REAL_INTRADAY_DATA,
2026-04-21T07:30:00+0530,2026-04-21T07:30:00+0530,21-04-2026,WTI,WTI Crude Oil Futures,NYMEX/CME,60m,FRONT_MONTH_CONTINUOUS,CL1!,RECONSTRUCTED_FROM_DAILY,See methodology_and_sources.md,86.99,86.99,86.99,86.99,0,USD,7746.03,7746.34,7746.03,7746.34,89.05,global_reopen_pre_mcx,none,ESTIMATED_FROM_DAILY_OHLC_USING_SESSION_HEURISTICS_NOT_REAL_INTRADAY_DATA,
2026-04-21T08:30:00+0530,2026-04-21T08:30:00+0530,21-04-2026,WTI,WTI Crude Oil Futures,NYMEX/CME,60m,FRONT_MONTH_CONTINUOUS,CL1!,RECONSTRUCTED_FROM_DAILY,See methodology_and_sources.md,86.99,86.99,86.94,86.94,0,USD,7746.34,7746.34,7741.79,7741.79,89.05,global_reopen_pre_mcx,none,ESTIMATED_FROM_DAILY_OHLC_USING_SESSION_HEURISTICS_NOT_REAL_INTRADAY_DATA,
2026-04-21T09:30:00+0530,2026-04-21T09:30:00+0530,21-04-2026,WTI,WTI Crude Oil Futures,NYMEX/CME,60m,FRONT_MONTH_CONTINUOUS,CL1!,RECONSTRUCTED_FROM_DAILY,See methodology_and_sources.md,86.94,86.94,86.92,86.92,0,USD,7741.79,7741.79,7740.29,7740.29,89.05,mcx_open_drive,none,ESTIMATED_FROM_DAILY_OHLC_USING_SESSION_HEURISTICS_NOT_REAL_INTRADAY_DATA,
2026-04-21T10:30:00+0530,2026-04-21T10:30:00+0530,21-04-2026,WTI,WTI Crude Oil Futures,NYMEX/CME,60m,FRONT_MONTH_CONTINUOUS,CL1!,RECONSTRUCTED_FROM_DAILY,See methodology_and_sources.md,86.92,86.95,86.92,86.95,0,USD,7740.29,7743.05,7740.29,7743.05,89.05,india_morning,none,ESTIMATED_FROM_DAILY_OHLC_USING_SESSION_HEURISTICS_NOT_REAL_INTRADAY_DATA,
2026-04-21T11:30:00+0530,2026-04-21T11:30:00+0530,21-04-2026,WTI,WTI Crude Oil Futures,NYMEX/CME,60m,FRONT_MONTH_CONTINUOUS,CL1!,RECONSTRUCTED_FROM_DAILY,See methodology_and_sources.md,86.95,86.97,86.95,86.97,0,USD,7743.05,7744.48,7743.05,7744.48,89.05,india_morning,none,ESTIMATED_FROM_DAILY_OHLC_USING_SESSION_HEURISTICS_NOT_REAL_INTRADAY_DATA,
2026-04-21T12:30:00+0530,2026-04-21T12:30:00+0530,21-04-2026,WTI,WTI Crude Oil Futures,NYMEX/CME,60m,FRONT_MONTH_CONTINUOUS,CL1!,RECONSTRUCTED_FROM_DAILY,See methodology_and_sources.md,86.97,86.99,86.97,86.99,0,USD,7744.48,7746.75,7744.48,7746.75,89.05,india_midday,none,ESTIMATED_FROM_DAILY_OHLC_USING_SESSION_HEURISTICS_NOT_REAL_INTRADAY_DATA,
2026-04-21T13:30:00+0530,2026-04-21T13:30:00+0530,21-04-2026,WTI,WTI Crude Oil Futures,NYMEX/CME,60m,FRONT_MONTH_CONTINUOUS,CL1!,RECONSTRUCTED_FROM_DAILY,See methodology_and_sources.md,86.99,86.99,86.94,86.94,0,USD,7746.75,7746.75,7742.13,7742.13,89.05,india_midday,none,ESTIMATED_FROM_DAILY_OHLC_USING_SESSION_HEURISTICS_NOT_REAL_INTRADAY_DATA,
2026-04-21T14:30:00+0530,2026-04-21T14:30:00+0530,21-04-2026,WTI,WTI Crude Oil Futures,NYMEX/CME,60m,FRONT_MONTH_CONTINUOUS,CL1!,RECONSTRUCTED_FROM_DAILY,See methodology_and_sources.md,86.94,86.97,86.94,86.97,0,USD,7742.13,7744.92,7742.13,7744.92,89.05,india_midday,none,ESTIMATED_FROM_DAILY_OHLC_USING_SESSION_HEURISTICS_NOT_REAL_INTRADAY_DATA,
2026-04-21T15:30:00+0530,2026-04-21T15:30:00+0530,21-04-2026,WTI,WTI Crude Oil Futures,NYMEX/CME,60m,FRONT_MONTH_CONTINUOUS,CL1!,RECONSTRUCTED_FROM_DAILY,See methodology_and_sources.md,86.97,86.97,86.97,86.97,0,USD,7744.92,7745,7744.92,7745,89.05,europe_open,first_30m_after_europe_open,ESTIMATED_FROM_DAILY_OHLC_USING_SESSION_HEURISTICS_NOT_REAL_INTRADAY_DATA,
2026-04-21T16:30:00+0530,2026-04-21T16:30:00+0530,21-04-2026,WTI,WTI Crude Oil Futures,NYMEX/CME,60m,FRONT_MONTH_CONTINUOUS,CL1!,RECONSTRUCTED_FROM_DAILY,See methodology_and_sources.md,86.97,86.97,86.93,86.93,0,USD,7745,7745,7741.48,7741.48,89.05,europe_open,none,ESTIMATED_FROM_DAILY_OHLC_USING_SESSION_HEURISTICS_NOT_REAL_INTRADAY_DATA,
2026-04-21T17:30:00+0530,2026-04-21T17:30:00+0530,21-04-2026,WTI,WTI Crude Oil Futures,NYMEX/CME,60m,FRONT_MONTH_CONTINUOUS,CL1!,RECONSTRUCTED_FROM_DAILY,See methodology_and_sources.md,86.93,86.96,86.93,86.96,0,USD,7741.48,7743.5,7741.48,7743.5,89.05,europe_mid,none,ESTIMATED_FROM_DAILY_OHLC_USING_SESSION_HEURISTICS_NOT_REAL_INTRADAY_DATA,
2026-04-21T18:30:00+0530,2026-04-21T18:30:00+0530,21-04-2026,WTI,WTI Crude Oil Futures,NYMEX/CME,60m,FRONT_MONTH_CONTINUOUS,CL1!,RECONSTRUCTED_FROM_DAILY,See methodology_and_sources.md,86.96,86.96,86.92,86.92,0,USD,7743.5,7743.5,7739.95,7739.95,89.05,europe_mid,none,ESTIMATED_FROM_DAILY_OHLC_USING_SESSION_HEURISTICS_NOT_REAL_INTRADAY_DATA,
2026-04-21T19:30:00+0530,2026-04-21T19:30:00+0530,21-04-2026,WTI,WTI Crude Oil Futures,NYMEX/CME,60m,FRONT_MONTH_CONTINUOUS,CL1!,RECONSTRUCTED_FROM_DAILY,See methodology_and_sources.md,86.92,86.92,86.92,86.92,0,USD,7739.95,7740.17,7739.95,7740.17,89.05,europe_mid,none,ESTIMATED_FROM_DAILY_OHLC_USING_SESSION_HEURISTICS_NOT_REAL_INTRADAY_DATA,
2026-04-21T20:30:00+0530,2026-04-21T20:30:00+0530,21-04-2026,WTI,WTI Crude Oil Futures,NYMEX/CME,60m,FRONT_MONTH_CONTINUOUS,CL1!,RECONSTRUCTED_FROM_DAILY,See methodology_and_sources.md,86.92,86.92,86.89,86.89,0,USD,7740.17,7740.17,7737.33,7737.33,89.05,us_pre_open,none,ESTIMATED_FROM_DAILY_OHLC_USING_SESSION_HEURISTICS_NOT_REAL_INTRADAY_DATA,
2026-04-21T21:30:00+0530,2026-04-21T21:30:00+0530,21-04-2026,WTI,WTI Crude Oil Futures,NYMEX/CME,60m,FRONT_MONTH_CONTINUOUS,CL1!,RECONSTRUCTED_FROM_DAILY,See methodology_and_sources.md,86.89,86.89,86.86,86.86,0,USD,7737.33,7737.33,7734.58,7734.58,89.05,us_open,first_hour_after_us_open,ESTIMATED_FROM_DAILY_OHLC_USING_SESSION_HEURISTICS_NOT_REAL_INTRADAY_DATA,
2026-04-21T22:30:00+0530,2026-04-21T22:30:00+0530,21-04-2026,WTI,WTI Crude Oil Futures,NYMEX/CME,60m,FRONT_MONTH_CONTINUOUS,CL1!,RECONSTRUCTED_FROM_DAILY,See methodology_and_sources.md,86.86,86.86,86.84,86.84,0,USD,7734.58,7734.58,7732.7,7732.7,89.05,us_open,final_hour_before_mcx_close,ESTIMATED_FROM_DAILY_OHLC_USING_SESSION_HEURISTICS_NOT_REAL_INTRADAY_DATA,
2026-04-21T23:30:00+0530,2026-04-21T23:30:00+0530,21-04-2026,WTI,WTI Crude Oil Futures,NYMEX/CME,60m,FRONT_MONTH_CONTINUOUS,CL1!,RECONSTRUCTED_FROM_DAILY,See methodology_and_sources.md,86.84,89,86.84,89,0,USD,7732.7,7925.45,7732.7,7925.45,89.05,mcx_tail,none,ESTIMATED_FROM_DAILY_OHLC_USING_SESSION_HEURISTICS_NOT_REAL_INTRADAY_DATA,
2026-04-22T00:30:00+0530,2026-04-22T00:30:00+0530,21-04-2026,WTI,WTI Crude Oil Futures,NYMEX/CME,60m,FRONT_MONTH_CONTINUOUS,CL1!,RECONSTRUCTED_FROM_DAILY,See methodology_and_sources.md,89,89,89,89,0,USD,7925.45,7925.45,7925.45,7925.45,89.05,other_valid_hours,none,ESTIMATED_FROM_DAILY_OHLC_USING_SESSION_HEURISTICS_NOT_REAL_INTRADAY_DATA,
2026-04-22T03:30:00+0530,2026-04-22T03:30:00+0530,22-04-2026,WTI,WTI Crude Oil Futures,NYMEX/CME,60m,FRONT_MONTH_CONTINUOUS,CL1!,RECONSTRUCTED_FROM_DAILY,See methodology_and_sources.md,89,89,88.99,88.99,0,USD,7929.9,7929.9,7928.9,7928.9,89.1,global_reopen_pre_mcx,none,ESTIMATED_FROM_DAILY_OHLC_USING_SESSION_HEURISTICS_NOT_REAL_INTRADAY_DATA,
2026-04-22T04:30:00+0530,2026-04-22T04:30:00+0530,22-04-2026,WTI,WTI Crude Oil Futures,NYMEX/CME,60m,FRONT_MONTH_CONTINUOUS,CL1!,RECONSTRUCTED_FROM_DAILY,See methodology_and_sources.md,88.99,88.99,88.99,88.99,0,USD,7928.9,7928.9,7928.72,7928.72,89.1,global_reopen_pre_mcx,none,ESTIMATED_FROM_DAILY_OHLC_USING_SESSION_HEURISTICS_NOT_REAL_INTRADAY_DATA,
2026-04-22T05:30:00+0530,2026-04-22T05:30:00+0530,22-04-2026,WTI,WTI Crude Oil Futures,NYMEX/CME,60m,FRONT_MONTH_CONTINUOUS,CL1!,RECONSTRUCTED_FROM_DAILY,See methodology_and_sources.md,88.99,88.99,88.99,88.99,0,USD,7928.72,7928.72,7928.6,7928.6,89.1,global_reopen_pre_mcx,none,ESTIMATED_FROM_DAILY_OHLC_USING_SESSION_HEURISTICS_NOT_REAL_INTRADAY_DATA,
2026-04-22T06:30:00+0530,2026-04-22T06:30:00+0530,22-04-2026,WTI,WTI Crude Oil Futures,NYMEX/CME,60m,FRONT_MONTH_CONTINUOUS,CL1!,RECONSTRUCTED_FROM_DAILY,See methodology_and_sources.md,88.99,88.99,88.98,88.98,0,USD,7928.6,7928.6,7927.82,7927.82,89.1,global_reopen_pre_mcx,none,ESTIMATED_FROM_DAILY_OHLC_USING_SESSION_HEURISTICS_NOT_REAL_INTRADAY_DATA,
2026-04-22T07:30:00+0530,2026-04-22T07:30:00+0530,22-04-2026,WTI,WTI Crude Oil Futures,NYMEX/CME,60m,FRONT_MONTH_CONTINUOUS,CL1!,RECONSTRUCTED_FROM_DAILY,See methodology_and_sources.md,88.98,88.98,88.98,88.98,0,USD,7927.82,7928.29,7927.82,7928.29,89.1,global_reopen_pre_mcx,none,ESTIMATED_FROM_DAILY_OHLC_USING_SESSION_HEURISTICS_NOT_REAL_INTRADAY_DATA,
2026-04-22T08:30:00+0530,2026-04-22T08:30:00+0530,22-04-2026,WTI,WTI Crude Oil Futures,NYMEX/CME,60m,FRONT_MONTH_CONTINUOUS,CL1!,RECONSTRUCTED_FROM_DAILY,See methodology_and_sources.md,88.98,88.98,88.95,88.95,0,USD,7928.29,7928.29,7925.66,7925.66,89.1,global_reopen_pre_mcx,none,ESTIMATED_FROM_DAILY_OHLC_USING_SESSION_HEURISTICS_NOT_REAL_INTRADAY_DATA,
2026-04-22T09:30:00+0530,2026-04-22T09:30:00+0530,22-04-2026,WTI,WTI Crude Oil Futures,NYMEX/CME,60m,FRONT_MONTH_CONTINUOUS,CL1!,RECONSTRUCTED_FROM_DAILY,See methodology_and_sources.md,88.95,89.02,88.95,89.02,0,USD,7925.66,7931.97,7925.66,7931.97,89.1,mcx_open_drive,none,ESTIMATED_FROM_DAILY_OHLC_USING_SESSION_HEURISTICS_NOT_REAL_INTRADAY_DATA,
2026-04-22T10:30:00+0530,2026-04-22T10:30:00+0530,22-04-2026,WTI,WTI Crude Oil Futures,NYMEX/CME,60m,FRONT_MONTH_CONTINUOUS,CL1!,RECONSTRUCTED_FROM_DAILY,See methodology_and_sources.md,89.02,89.03,89.02,89.03,0,USD,7931.97,7932.44,7931.97,7932.44,89.1,india_morning,none,ESTIMATED_FROM_DAILY_OHLC_USING_SESSION_HEURISTICS_NOT_REAL_INTRADAY_DATA,
2026-04-22T11:30:00+0530,2026-04-22T11:30:00+0530,22-04-2026,WTI,WTI Crude Oil Futures,NYMEX/CME,60m,FRONT_MONTH_CONTINUOUS,CL1!,RECONSTRUCTED_FROM_DAILY,See methodology_and_sources.md,89.03,89.03,88.99,88.99,0,USD,7932.44,7932.44,7928.61,7928.61,89.1,india_morning,none,ESTIMATED_FROM_DAILY_OHLC_USING_SESSION_HEURISTICS_NOT_REAL_INTRADAY_DATA,
2026-04-22T12:30:00+0530,2026-04-22T12:30:00+0530,22-04-2026,WTI,WTI Crude Oil Futures,NYMEX/CME,60m,FRONT_MONTH_CONTINUOUS,CL1!,RECONSTRUCTED_FROM_DAILY,See methodology_and_sources.md,88.99,88.99,88.94,88.94,0,USD,7928.61,7928.61,7924.46,7924.46,89.1,india_midday,none,ESTIMATED_FROM_DAILY_OHLC_USING_SESSION_HEURISTICS_NOT_REAL_INTRADAY_DATA,
2026-04-22T13:30:00+0530,2026-04-22T13:30:00+0530,22-04-2026,WTI,WTI Crude Oil Futures,NYMEX/CME,60m,FRONT_MONTH_CONTINUOUS,CL1!,RECONSTRUCTED_FROM_DAILY,See methodology_and_sources.md,88.94,88.94,88.92,88.92,0,USD,7924.46,7924.46,7923.17,7923.17,89.1,india_midday,none,ESTIMATED_FROM_DAILY_OHLC_USING_SESSION_HEURISTICS_NOT_REAL_INTRADAY_DATA,
2026-04-22T14:30:00+0530,2026-04-22T14:30:00+0530,22-04-2026,WTI,WTI Crude Oil Futures,NYMEX/CME,60m,FRONT_MONTH_CONTINUOUS,CL1!,RECONSTRUCTED_FROM_DAILY,See methodology_and_sources.md,88.92,88.93,88.92,88.93,0,USD,7923.17,7924.04,7923.17,7924.04,89.1,india_midday,none,ESTIMATED_FROM_DAILY_OHLC_USING_SESSION_HEURISTICS_NOT_REAL_INTRADAY_DATA,
2026-04-22T15:30:00+0530,2026-04-22T15:30:00+0530,22-04-2026,WTI,WTI Crude Oil Futures,NYMEX/CME,60m,FRONT_MONTH_CONTINUOUS,CL1!,RECONSTRUCTED_FROM_DAILY,See methodology_and_sources.md,88.93,88.93,88.93,88.93,0,USD,7924.04,7924.04,7923.62,7923.62,89.1,europe_open,first_30m_after_europe_open,ESTIMATED_FROM_DAILY_OHLC_USING_SESSION_HEURISTICS_NOT_REAL_INTRADAY_DATA,
2026-04-22T16:30:00+0530,2026-04-22T16:30:00+0530,22-04-2026,WTI,WTI Crude Oil Futures,NYMEX/CME,60m,FRONT_MONTH_CONTINUOUS,CL1!,RECONSTRUCTED_FROM_DAILY,See methodology_and_sources.md,88.93,88.97,88.93,88.97,0,USD,7923.62,7927.2,7923.62,7927.2,89.1,europe_open,none,ESTIMATED_FROM_DAILY_OHLC_USING_SESSION_HEURISTICS_NOT_REAL_INTRADAY_DATA,
2026-04-22T17:30:00+0530,2026-04-22T17:30:00+0530,22-04-2026,WTI,WTI Crude Oil Futures,NYMEX/CME,60m,FRONT_MONTH_CONTINUOUS,CL1!,RECONSTRUCTED_FROM_DAILY,See methodology_and_sources.md,88.97,88.97,88.93,88.93,0,USD,7927.2,7927.2,7923.95,7923.95,89.1,europe_mid,none,ESTIMATED_FROM_DAILY_OHLC_USING_SESSION_HEURISTICS_NOT_REAL_INTRADAY_DATA,
2026-04-22T18:30:00+0530,2026-04-22T18:30:00+0530,22-04-2026,WTI,WTI Crude Oil Futures,NYMEX/CME,60m,FRONT_MONTH_CONTINUOUS,CL1!,RECONSTRUCTED_FROM_DAILY,See methodology_and_sources.md,88.93,88.95,88.93,88.95,0,USD,7923.95,7925.89,7923.95,7925.89,89.1,europe_mid,none,ESTIMATED_FROM_DAILY_OHLC_USING_SESSION_HEURISTICS_NOT_REAL_INTRADAY_DATA,
2026-04-22T19:30:00+0530,2026-04-22T19:30:00+0530,22-04-2026,WTI,WTI Crude Oil Futures,NYMEX/CME,60m,FRONT_MONTH_CONTINUOUS,CL1!,RECONSTRUCTED_FROM_DAILY,See methodology_and_sources.md,88.95,88.97,88.95,88.97,0,USD,7925.89,7926.88,7925.89,7926.88,89.1,europe_mid,none,ESTIMATED_FROM_DAILY_OHLC_USING_SESSION_HEURISTICS_NOT_REAL_INTRADAY_DATA,
2026-04-22T20:30:00+0530,2026-04-22T20:30:00+0530,22-04-2026,WTI,WTI Crude Oil Futures,NYMEX/CME,60m,FRONT_MONTH_CONTINUOUS,CL1!,RECONSTRUCTED_FROM_DAILY,See methodology_and_sources.md,88.97,88.97,88.91,88.91,0,USD,7926.88,7926.88,7921.86,7921.86,89.1,us_pre_open,none,ESTIMATED_FROM_DAILY_OHLC_USING_SESSION_HEURISTICS_NOT_REAL_INTRADAY_DATA,
2026-04-22T21:30:00+0530,2026-04-22T21:30:00+0530,22-04-2026,WTI,WTI Crude Oil Futures,NYMEX/CME,60m,FRONT_MONTH_CONTINUOUS,CL1!,RECONSTRUCTED_FROM_DAILY,See methodology_and_sources.md,88.91,88.91,88.82,88.82,0,USD,7921.86,7921.86,7914.28,7914.28,89.1,us_open,first_hour_after_us_open,ESTIMATED_FROM_DAILY_OHLC_USING_SESSION_HEURISTICS_NOT_REAL_INTRADAY_DATA,
2026-04-22T22:30:00+0530,2026-04-22T22:30:00+0530,22-04-2026,WTI,WTI Crude Oil Futures,NYMEX/CME,60m,FRONT_MONTH_CONTINUOUS,CL1!,RECONSTRUCTED_FROM_DAILY,See methodology_and_sources.md,88.82,88.82,88.8,88.8,0,USD,7914.28,7914.28,7912.23,7912.23,89.1,us_open,final_hour_before_mcx_close,ESTIMATED_FROM_DAILY_OHLC_USING_SESSION_HEURISTICS_NOT_REAL_INTRADAY_DATA,
2026-04-22T23:30:00+0530,2026-04-22T23:30:00+0530,22-04-2026,WTI,WTI Crude Oil Futures,NYMEX/CME,60m,FRONT_MONTH_CONTINUOUS,CL1!,RECONSTRUCTED_FROM_DAILY,See methodology_and_sources.md,88.8,93,88.8,93,0,USD,7912.23,8286.3,7912.23,8286.3,89.1,mcx_tail,none,ESTIMATED_FROM_DAILY_OHLC_USING_SESSION_HEURISTICS_NOT_REAL_INTRADAY_DATA,
2026-04-23T00:30:00+0530,2026-04-23T00:30:00+0530,22-04-2026,WTI,WTI Crude Oil Futures,NYMEX/CME,60m,FRONT_MONTH_CONTINUOUS,CL1!,RECONSTRUCTED_FROM_DAILY,See methodology_and_sources.md,93,93,93,93,0,USD,8286.3,8286.3,8286.3,8286.3,89.1,other_valid_hours,none,ESTIMATED_FROM_DAILY_OHLC_USING_SESSION_HEURISTICS_NOT_REAL_INTRADAY_DATA,
2026-04-23T03:30:00+0530,2026-04-23T03:30:00+0530,23-04-2026,WTI,WTI Crude Oil Futures,NYMEX/CME,60m,FRONT_MONTH_CONTINUOUS,CL1!,RECONSTRUCTED_FROM_DAILY,See methodology_and_sources.md,93,93,93,93,0,USD,8290.95,8290.95,8290.95,8290.95,89.15,global_reopen_pre_mcx,none,ESTIMATED_FROM_DAILY_OHLC_USING_SESSION_HEURISTICS_NOT_REAL_INTRADAY_DATA,
2026-04-23T04:30:00+0530,2026-04-23T04:30:00+0530,23-04-2026,WTI,WTI Crude Oil Futures,NYMEX/CME,60m,FRONT_MONTH_CONTINUOUS,CL1!,RECONSTRUCTED_FROM_DAILY,See methodology_and_sources.md,93,93,92.97,92.97,0,USD,8290.95,8290.95,8288.61,8288.61,89.15,global_reopen_pre_mcx,none,ESTIMATED_FROM_DAILY_OHLC_USING_SESSION_HEURISTICS_NOT_REAL_INTRADAY_DATA,
2026-04-23T05:30:00+0530,2026-04-23T05:30:00+0530,23-04-2026,WTI,WTI Crude Oil Futures,NYMEX/CME,60m,FRONT_MONTH_CONTINUOUS,CL1!,RECONSTRUCTED_FROM_DAILY,See methodology_and_sources.md,92.97,92.97,92.96,92.96,0,USD,8288.61,8288.61,8287.42,8287.42,89.15,global_reopen_pre_mcx,none,ESTIMATED_FROM_DAILY_OHLC_USING_SESSION_HEURISTICS_NOT_REAL_INTRADAY_DATA,
2026-04-23T06:30:00+0530,2026-04-23T06:30:00+0530,23-04-2026,WTI,WTI Crude Oil Futures,NYMEX/CME,60m,FRONT_MONTH_CONTINUOUS,CL1!,RECONSTRUCTED_FROM_DAILY,See methodology_and_sources.md,92.96,92.97,92.96,92.97,0,USD,8287.42,8287.96,8287.42,8287.96,89.15,global_reopen_pre_mcx,none,ESTIMATED_FROM_DAILY_OHLC_USING_SESSION_HEURISTICS_NOT_REAL_INTRADAY_DATA,
2026-04-23T07:30:00+0530,2026-04-23T07:30:00+0530,23-04-2026,WTI,WTI Crude Oil Futures,NYMEX/CME,60m,FRONT_MONTH_CONTINUOUS,CL1!,RECONSTRUCTED_FROM_DAILY,See methodology_and_sources.md,92.97,92.97,92.91,92.91,0,USD,8287.96,8287.96,8282.53,8282.53,89.15,global_reopen_pre_mcx,none,ESTIMATED_FROM_DAILY_OHLC_USING_SESSION_HEURISTICS_NOT_REAL_INTRADAY_DATA,
2026-04-23T08:30:00+0530,2026-04-23T08:30:00+0530,23-04-2026,WTI,WTI Crude Oil Futures,NYMEX/CME,60m,FRONT_MONTH_CONTINUOUS,CL1!,RECONSTRUCTED_FROM_DAILY,See methodology_and_sources.md,92.91,92.91,92.89,92.89,0,USD,8282.53,8282.53,8280.92,8280.92,89.15,global_reopen_pre_mcx,none,ESTIMATED_FROM_DAILY_OHLC_USING_SESSION_HEURISTICS_NOT_REAL_INTRADAY_DATA,
2026-04-23T09:30:00+0530,2026-04-23T09:30:00+0530,23-04-2026,WTI,WTI Crude Oil Futures,NYMEX/CME,60m,FRONT_MONTH_CONTINUOUS,CL1!,RECONSTRUCTED_FROM_DAILY,See methodology_and_sources.md,92.89,92.89,92.87,92.87,0,USD,8280.92,8280.92,8279.64,8279.64,89.15,mcx_open_drive,none,ESTIMATED_FROM_DAILY_OHLC_USING_SESSION_HEURISTICS_NOT_REAL_INTRADAY_DATA,
2026-04-23T10:30:00+0530,2026-04-23T10:30:00+0530,23-04-2026,WTI,WTI Crude Oil Futures,NYMEX/CME,60m,FRONT_MONTH_CONTINUOUS,CL1!,RECONSTRUCTED_FROM_DAILY,See methodology_and_sources.md,92.87,92.87,92.85,92.85,0,USD,8279.64,8279.64,8277.51,8277.51,89.15,india_morning,none,ESTIMATED_FROM_DAILY_OHLC_USING_SESSION_HEURISTICS_NOT_REAL_INTRADAY_DATA,
2026-04-23T11:30:00+0530,2026-04-23T11:30:00+0530,23-04-2026,WTI,WTI Crude Oil Futures,NYMEX/CME,60m,FRONT_MONTH_CONTINUOUS,CL1!,RECONSTRUCTED_FROM_DAILY,See methodology_and_sources.md,92.85,92.85,92.85,92.85,0,USD,8277.51,8277.51,8277.14,8277.14,89.15,india_morning,none,ESTIMATED_FROM_DAILY_OHLC_USING_SESSION_HEURISTICS_NOT_REAL_INTRADAY_DATA,
2026-04-23T12:30:00+0530,2026-04-23T12:30:00+0530,23-04-2026,WTI,WTI Crude Oil Futures,NYMEX/CME,60m,FRONT_MONTH_CONTINUOUS,CL1!,RECONSTRUCTED_FROM_DAILY,See methodology_and_sources.md,92.85,92.85,92.8,92.8,0,USD,8277.14,8277.14,8273.48,8273.48,89.15,india_midday,none,ESTIMATED_FROM_DAILY_OHLC_USING_SESSION_HEURISTICS_NOT_REAL_INTRADAY_DATA,
2026-04-23T13:30:00+0530,2026-04-23T13:30:00+0530,23-04-2026,WTI,WTI Crude Oil Futures,NYMEX/CME,60m,FRONT_MONTH_CONTINUOUS,CL1!,RECONSTRUCTED_FROM_DAILY,See methodology_and_sources.md,92.8,92.83,92.8,92.83,0,USD,8273.48,8275.99,8273.48,8275.99,89.15,india_midday,none,ESTIMATED_FROM_DAILY_OHLC_USING_SESSION_HEURISTICS_NOT_REAL_INTRADAY_DATA,
2026-04-23T14:30:00+0530,2026-04-23T14:30:00+0530,23-04-2026,WTI,WTI Crude Oil Futures,NYMEX/CME,60m,FRONT_MONTH_CONTINUOUS,CL1!,RECONSTRUCTED_FROM_DAILY,See methodology_and_sources.md,92.83,92.83,92.82,92.82,0,USD,8275.99,8275.99,8274.56,8274.56,89.15,india_midday,none,ESTIMATED_FROM_DAILY_OHLC_USING_SESSION_HEURISTICS_NOT_REAL_INTRADAY_DATA,
2026-04-23T15:30:00+0530,2026-04-23T15:30:00+0530,23-04-2026,WTI,WTI Crude Oil Futures,NYMEX/CME,60m,FRONT_MONTH_CONTINUOUS,CL1!,RECONSTRUCTED_FROM_DAILY,See methodology_and_sources.md,92.82,92.82,92.8,92.8,0,USD,8274.56,8274.56,8273.53,8273.53,89.15,europe_open,first_30m_after_europe_open,ESTIMATED_FROM_DAILY_OHLC_USING_SESSION_HEURISTICS_NOT_REAL_INTRADAY_DATA,
2026-04-23T16:30:00+0530,2026-04-23T16:30:00+0530,23-04-2026,WTI,WTI Crude Oil Futures,NYMEX/CME,60m,FRONT_MONTH_CONTINUOUS,CL1!,RECONSTRUCTED_FROM_DAILY,See methodology_and_sources.md,92.8,92.85,92.8,92.85,0,USD,8273.53,8277.17,8273.53,8277.17,89.15,europe_open,none,ESTIMATED_FROM_DAILY_OHLC_USING_SESSION_HEURISTICS_NOT_REAL_INTRADAY_DATA,
2026-04-23T17:30:00+0530,2026-04-23T17:30:00+0530,23-04-2026,WTI,WTI Crude Oil Futures,NYMEX/CME,60m,FRONT_MONTH_CONTINUOUS,CL1!,RECONSTRUCTED_FROM_DAILY,See methodology_and_sources.md,92.85,92.85,92.84,92.84,0,USD,8277.17,8277.17,8276.47,8276.47,89.15,europe_mid,none,ESTIMATED_FROM_DAILY_OHLC_USING_SESSION_HEURISTICS_NOT_REAL_INTRADAY_DATA,
2026-04-23T18:30:00+0530,2026-04-23T18:30:00+0530,23-04-2026,WTI,WTI Crude Oil Futures,NYMEX/CME,60m,FRONT_MONTH_CONTINUOUS,CL1!,RECONSTRUCTED_FROM_DAILY,See methodology_and_sources.md,92.84,92.84,92.81,92.81,0,USD,8276.47,8276.47,8273.82,8273.82,89.15,europe_mid,none,ESTIMATED_FROM_DAILY_OHLC_USING_SESSION_HEURISTICS_NOT_REAL_INTRADAY_DATA,
2026-04-23T19:30:00+0530,2026-04-23T19:30:00+0530,23-04-2026,WTI,WTI Crude Oil Futures,NYMEX/CME,60m,FRONT_MONTH_CONTINUOUS,CL1!,RECONSTRUCTED_FROM_DAILY,See methodology_and_sources.md,92.81,92.81,92.8,92.8,0,USD,8273.82,8273.82,8272.91,8272.91,89.15,europe_mid,none,ESTIMATED_FROM_DAILY_OHLC_USING_SESSION_HEURISTICS_NOT_REAL_INTRADAY_DATA,
2026-04-23T20:30:00+0530,2026-04-23T20:30:00+0530,23-04-2026,WTI,WTI Crude Oil Futures,NYMEX/CME,60m,FRONT_MONTH_CONTINUOUS,CL1!,RECONSTRUCTED_FROM_DAILY,See methodology_and_sources.md,92.8,92.82,92.8,92.82,0,USD,8272.91,8274.52,8272.91,8274.52,89.15,us_pre_open,none,ESTIMATED_FROM_DAILY_OHLC_USING_SESSION_HEURISTICS_NOT_REAL_INTRADAY_DATA,
2026-04-23T21:30:00+0530,2026-04-23T21:30:00+0530,23-04-2026,WTI,WTI Crude Oil Futures,NYMEX/CME,60m,FRONT_MONTH_CONTINUOUS,CL1!,RECONSTRUCTED_FROM_DAILY,See methodology_and_sources.md,92.82,92.82,92.8,92.8,0,USD,8274.52,8274.52,8272.96,8272.96,89.15,us_open,first_hour_after_us_open,ESTIMATED_FROM_DAILY_OHLC_USING_SESSION_HEURISTICS_NOT_REAL_INTRADAY_DATA,
2026-04-23T22:30:00+0530,2026-04-23T22:30:00+0530,23-04-2026,WTI,WTI Crude Oil Futures,NYMEX/CME,60m,FRONT_MONTH_CONTINUOUS,CL1!,RECONSTRUCTED_FROM_DAILY,See methodology_and_sources.md,92.8,92.82,92.8,92.82,0,USD,8272.96,8274.78,8272.96,8274.78,89.15,us_open,final_hour_before_mcx_close,ESTIMATED_FROM_DAILY_OHLC_USING_SESSION_HEURISTICS_NOT_REAL_INTRADAY_DATA,
2026-04-23T23:30:00+0530,2026-04-23T23:30:00+0530,23-04-2026,WTI,WTI Crude Oil Futures,NYMEX/CME,60m,FRONT_MONTH_CONTINUOUS,CL1!,RECONSTRUCTED_FROM_DAILY,See methodology_and_sources.md,92.82,95,92.82,95,0,USD,8274.78,8469.25,8274.78,8469.25,89.15,mcx_tail,none,ESTIMATED_FROM_DAILY_OHLC_USING_SESSION_HEURISTICS_NOT_REAL_INTRADAY_DATA,
2026-04-24T00:30:00+0530,2026-04-24T00:30:00+0530,23-04-2026,WTI,WTI Crude Oil Futures,NYMEX/CME,60m,FRONT_MONTH_CONTINUOUS,CL1!,RECONSTRUCTED_FROM_DAILY,See methodology_and_sources.md,95,95,95,95,0,USD,8469.25,8469.25,8469.25,8469.25,89.15,other_valid_hours,none,ESTIMATED_FROM_DAILY_OHLC_USING_SESSION_HEURISTICS_NOT_REAL_INTRADAY_DATA,
2026-04-24T03:30:00+0530,2026-04-24T03:30:00+0530,24-04-2026,WTI,WTI Crude Oil Futures,NYMEX/CME,60m,FRONT_MONTH_CONTINUOUS,CL1!,RECONSTRUCTED_FROM_DAILY,See methodology_and_sources.md,95,95.06,95,95.06,0,USD,8474,8479.47,8474,8479.47,89.2,global_reopen_pre_mcx,none,ESTIMATED_FROM_DAILY_OHLC_USING_SESSION_HEURISTICS_NOT_REAL_INTRADAY_DATA,
2026-04-24T04:30:00+0530,2026-04-24T04:30:00+0530,24-04-2026,WTI,WTI Crude Oil Futures,NYMEX/CME,60m,FRONT_MONTH_CONTINUOUS,CL1!,RECONSTRUCTED_FROM_DAILY,See methodology_and_sources.md,95.06,95.06,95.02,95.02,0,USD,8479.47,8479.47,8475.64,8475.64,89.2,global_reopen_pre_mcx,none,ESTIMATED_FROM_DAILY_OHLC_USING_SESSION_HEURISTICS_NOT_REAL_INTRADAY_DATA,
2026-04-24T05:30:00+0530,2026-04-24T05:30:00+0530,24-04-2026,WTI,WTI Crude Oil Futures,NYMEX/CME,60m,FRONT_MONTH_CONTINUOUS,CL1!,RECONSTRUCTED_FROM_DAILY,See methodology_and_sources.md,95.02,95.04,95.02,95.04,0,USD,8475.64,8477.87,8475.64,8477.87,89.2,global_reopen_pre_mcx,none,ESTIMATED_FROM_DAILY_OHLC_USING_SESSION_HEURISTICS_NOT_REAL_INTRADAY_DATA,
2026-04-24T06:30:00+0530,2026-04-24T06:30:00+0530,24-04-2026,WTI,WTI Crude Oil Futures,NYMEX/CME,60m,FRONT_MONTH_CONTINUOUS,CL1!,RECONSTRUCTED_FROM_DAILY,See methodology_and_sources.md,95.04,95.05,95.04,95.05,0,USD,8477.87,8478.75,8477.87,8478.75,89.2,global_reopen_pre_mcx,none,ESTIMATED_FROM_DAILY_OHLC_USING_SESSION_HEURISTICS_NOT_REAL_INTRADAY_DATA,
2026-04-24T07:30:00+0530,2026-04-24T07:30:00+0530,24-04-2026,WTI,WTI Crude Oil Futures,NYMEX/CME,60m,FRONT_MONTH_CONTINUOUS,CL1!,RECONSTRUCTED_FROM_DAILY,See methodology_and_sources.md,95.05,95.06,95.05,95.06,0,USD,8478.75,8479.53,8478.75,8479.53,89.2,global_reopen_pre_mcx,none,ESTIMATED_FROM_DAILY_OHLC_USING_SESSION_HEURISTICS_NOT_REAL_INTRADAY_DATA,
2026-04-24T08:30:00+0530,2026-04-24T08:30:00+0530,24-04-2026,WTI,WTI Crude Oil Futures,NYMEX/CME,60m,FRONT_MONTH_CONTINUOUS,CL1!,RECONSTRUCTED_FROM_DAILY,See methodology_and_sources.md,95.06,95.06,95.05,95.05,0,USD,8479.53,8479.53,8478.89,8478.89,89.2,global_reopen_pre_mcx,none,ESTIMATED_FROM_DAILY_OHLC_USING_SESSION_HEURISTICS_NOT_REAL_INTRADAY_DATA,
2026-04-24T09:30:00+0530,2026-04-24T09:30:00+0530,24-04-2026,WTI,WTI Crude Oil Futures,NYMEX/CME,60m,FRONT_MONTH_CONTINUOUS,CL1!,RECONSTRUCTED_FROM_DAILY,See methodology_and_sources.md,95.05,95.05,95.03,95.03,0,USD,8478.89,8478.89,8476.78,8476.78,89.2,mcx_open_drive,none,ESTIMATED_FROM_DAILY_OHLC_USING_SESSION_HEURISTICS_NOT_REAL_INTRADAY_DATA,
2026-04-24T10:30:00+0530,2026-04-24T10:30:00+0530,24-04-2026,WTI,WTI Crude Oil Futures,NYMEX/CME,60m,FRONT_MONTH_CONTINUOUS,CL1!,RECONSTRUCTED_FROM_DAILY,See methodology_and_sources.md,95.03,95.05,95.03,95.05,0,USD,8476.78,8478.47,8476.78,8478.47,89.2,india_morning,none,ESTIMATED_FROM_DAILY_OHLC_USING_SESSION_HEURISTICS_NOT_REAL_INTRADAY_DATA,
2026-04-24T11:30:00+0530,2026-04-24T11:30:00+0530,24-04-2026,WTI,WTI Crude Oil Futures,NYMEX/CME,60m,FRONT_MONTH_CONTINUOUS,CL1!,RECONSTRUCTED_FROM_DAILY,See methodology_and_sources.md,95.05,95.05,95.04,95.04,0,USD,8478.47,8478.47,8477.4,8477.4,89.2,india_morning,none,ESTIMATED_FROM_DAILY_OHLC_USING_SESSION_HEURISTICS_NOT_REAL_INTRADAY_DATA,
2026-04-24T12:30:00+0530,2026-04-24T12:30:00+0530,24-04-2026,WTI,WTI Crude Oil Futures,NYMEX/CME,60m,FRONT_MONTH_CONTINUOUS,CL1!,RECONSTRUCTED_FROM_DAILY,See methodology_and_sources.md,95.04,95.04,95.02,95.02,0,USD,8477.4,8477.4,8475.87,8475.87,89.2,india_midday,none,ESTIMATED_FROM_DAILY_OHLC_USING_SESSION_HEURISTICS_NOT_REAL_INTRADAY_DATA,
2026-04-24T13:30:00+0530,2026-04-24T13:30:00+0530,24-04-2026,WTI,WTI Crude Oil Futures,NYMEX/CME,60m,FRONT_MONTH_CONTINUOUS,CL1!,RECONSTRUCTED_FROM_DAILY,See methodology_and_sources.md,95.02,95.06,95.02,95.06,0,USD,8475.87,8479.67,8475.87,8479.67,89.2,india_midday,none,ESTIMATED_FROM_DAILY_OHLC_USING_SESSION_HEURISTICS_NOT_REAL_INTRADAY_DATA,
2026-04-24T14:30:00+0530,2026-04-24T14:30:00+0530,24-04-2026,WTI,WTI Crude Oil Futures,NYMEX/CME,60m,FRONT_MONTH_CONTINUOUS,CL1!,RECONSTRUCTED_FROM_DAILY,See methodology_and_sources.md,95.06,95.08,95.06,95.08,0,USD,8479.67,8481.42,8479.67,8481.42,89.2,india_midday,none,ESTIMATED_FROM_DAILY_OHLC_USING_SESSION_HEURISTICS_NOT_REAL_INTRADAY_DATA,
2026-04-24T15:30:00+0530,2026-04-24T15:30:00+0530,24-04-2026,WTI,WTI Crude Oil Futures,NYMEX/CME,60m,FRONT_MONTH_CONTINUOUS,CL1!,RECONSTRUCTED_FROM_DAILY,See methodology_and_sources.md,95.08,95.08,95.05,95.05,0,USD,8481.42,8481.42,8478.3,8478.3,89.2,europe_open,first_30m_after_europe_open,ESTIMATED_FROM_DAILY_OHLC_USING_SESSION_HEURISTICS_NOT_REAL_INTRADAY_DATA,
2026-04-24T16:30:00+0530,2026-04-24T16:30:00+0530,24-04-2026,WTI,WTI Crude Oil Futures,NYMEX/CME,60m,FRONT_MONTH_CONTINUOUS,CL1!,RECONSTRUCTED_FROM_DAILY,See methodology_and_sources.md,95.05,95.05,94.98,94.98,0,USD,8478.3,8478.3,8472.47,8472.47,89.2,europe_open,none,ESTIMATED_FROM_DAILY_OHLC_USING_SESSION_HEURISTICS_NOT_REAL_INTRADAY_DATA,
2026-04-24T17:30:00+0530,2026-04-24T17:30:00+0530,24-04-2026,WTI,WTI Crude Oil Futures,NYMEX/CME,60m,FRONT_MONTH_CONTINUOUS,CL1!,RECONSTRUCTED_FROM_DAILY,See methodology_and_sources.md,94.98,94.98,94.95,94.95,0,USD,8472.47,8472.47,8469.46,8469.46,89.2,europe_mid,none,ESTIMATED_FROM_DAILY_OHLC_USING_SESSION_HEURISTICS_NOT_REAL_INTRADAY_DATA,
2026-04-24T18:30:00+0530,2026-04-24T18:30:00+0530,24-04-2026,WTI,WTI Crude Oil Futures,NYMEX/CME,60m,FRONT_MONTH_CONTINUOUS,CL1!,RECONSTRUCTED_FROM_DAILY,See methodology_and_sources.md,94.95,94.96,94.95,94.96,0,USD,8469.46,8470.73,8469.46,8470.73,89.2,europe_mid,none,ESTIMATED_FROM_DAILY_OHLC_USING_SESSION_HEURISTICS_NOT_REAL_INTRADAY_DATA,
2026-04-24T19:30:00+0530,2026-04-24T19:30:00+0530,24-04-2026,WTI,WTI Crude Oil Futures,NYMEX/CME,60m,FRONT_MONTH_CONTINUOUS,CL1!,RECONSTRUCTED_FROM_DAILY,See methodology_and_sources.md,94.96,94.98,94.96,94.98,0,USD,8470.73,8472.61,8470.73,8472.61,89.2,europe_mid,none,ESTIMATED_FROM_DAILY_OHLC_USING_SESSION_HEURISTICS_NOT_REAL_INTRADAY_DATA,
2026-04-24T20:30:00+0530,2026-04-24T20:30:00+0530,24-04-2026,WTI,WTI Crude Oil Futures,NYMEX/CME,60m,FRONT_MONTH_CONTINUOUS,CL1!,RECONSTRUCTED_FROM_DAILY,See methodology_and_sources.md,94.98,94.98,94.98,94.98,0,USD,8472.61,8472.61,8472,8472,89.2,us_pre_open,none,ESTIMATED_FROM_DAILY_OHLC_USING_SESSION_HEURISTICS_NOT_REAL_INTRADAY_DATA,
2026-04-24T21:30:00+0530,2026-04-24T21:30:00+0530,24-04-2026,WTI,WTI Crude Oil Futures,NYMEX/CME,60m,FRONT_MONTH_CONTINUOUS,CL1!,RECONSTRUCTED_FROM_DAILY,See methodology_and_sources.md,94.98,94.98,94.98,94.98,0,USD,8472,8472,8471.86,8471.86,89.2,us_open,first_hour_after_us_open,ESTIMATED_FROM_DAILY_OHLC_USING_SESSION_HEURISTICS_NOT_REAL_INTRADAY_DATA,
2026-04-24T22:30:00+0530,2026-04-24T22:30:00+0530,24-04-2026,WTI,WTI Crude Oil Futures,NYMEX/CME,60m,FRONT_MONTH_CONTINUOUS,CL1!,RECONSTRUCTED_FROM_DAILY,See methodology_and_sources.md,94.98,95,94.98,95,0,USD,8471.86,8473.63,8471.86,8473.63,89.2,us_open,final_hour_before_mcx_close,ESTIMATED_FROM_DAILY_OHLC_USING_SESSION_HEURISTICS_NOT_REAL_INTRADAY_DATA,
2026-04-24T23:30:00+0530,2026-04-24T23:30:00+0530,24-04-2026,WTI,WTI Crude Oil Futures,NYMEX/CME,60m,FRONT_MONTH_CONTINUOUS,CL1!,RECONSTRUCTED_FROM_DAILY,See methodology_and_sources.md,95,96,95,96,0,USD,8473.63,8563.2,8473.63,8563.2,89.2,mcx_tail,none,ESTIMATED_FROM_DAILY_OHLC_USING_SESSION_HEURISTICS_NOT_REAL_INTRADAY_DATA,
2026-04-25T00:30:00+0530,2026-04-25T00:30:00+0530,24-04-2026,WTI,WTI Crude Oil Futures,NYMEX/CME,60m,FRONT_MONTH_CONTINUOUS,CL1!,RECONSTRUCTED_FROM_DAILY,See methodology_and_sources.md,96,96,96,96,0,USD,8563.2,8563.2,8563.2,8563.2,89.2,other_valid_hours,none,ESTIMATED_FROM_DAILY_OHLC_USING_SESSION_HEURISTICS_NOT_REAL_INTRADAY_DATA,
2026-04-27T03:30:00+0530,2026-04-27T03:30:00+0530,27-04-2026,WTI,WTI Crude Oil Futures,NYMEX/CME,60m,FRONT_MONTH_CONTINUOUS,CL1!,RECONSTRUCTED_FROM_DAILY,See methodology_and_sources.md,96,96.01,96,96.01,0,USD,8572.8,8573.8,8572.8,8573.8,89.3,global_reopen_pre_mcx,none,ESTIMATED_FROM_DAILY_OHLC_USING_SESSION_HEURISTICS_NOT_REAL_INTRADAY_DATA,
2026-04-27T04:30:00+0530,2026-04-27T04:30:00+0530,27-04-2026,WTI,WTI Crude Oil Futures,NYMEX/CME,60m,FRONT_MONTH_CONTINUOUS,CL1!,RECONSTRUCTED_FROM_DAILY,See methodology_and_sources.md,96.01,96.01,95.97,95.97,0,USD,8573.8,8573.8,8570.14,8570.14,89.3,global_reopen_pre_mcx,none,ESTIMATED_FROM_DAILY_OHLC_USING_SESSION_HEURISTICS_NOT_REAL_INTRADAY_DATA,
2026-04-27T05:30:00+0530,2026-04-27T05:30:00+0530,27-04-2026,WTI,WTI Crude Oil Futures,NYMEX/CME,60m,FRONT_MONTH_CONTINUOUS,CL1!,RECONSTRUCTED_FROM_DAILY,See methodology_and_sources.md,95.97,95.97,95.96,95.96,0,USD,8570.14,8570.14,8568.83,8568.83,89.3,global_reopen_pre_mcx,none,ESTIMATED_FROM_DAILY_OHLC_USING_SESSION_HEURISTICS_NOT_REAL_INTRADAY_DATA,
2026-04-27T06:30:00+0530,2026-04-27T06:30:00+0530,27-04-2026,WTI,WTI Crude Oil Futures,NYMEX/CME,60m,FRONT_MONTH_CONTINUOUS,CL1!,RECONSTRUCTED_FROM_DAILY,See methodology_and_sources.md,95.96,95.96,95.95,95.95,0,USD,8568.83,8568.83,8568.17,8568.17,89.3,global_reopen_pre_mcx,none,ESTIMATED_FROM_DAILY_OHLC_USING_SESSION_HEURISTICS_NOT_REAL_INTRADAY_DATA,
2026-04-27T07:30:00+0530,2026-04-27T07:30:00+0530,27-04-2026,WTI,WTI Crude Oil Futures,NYMEX/CME,60m,FRONT_MONTH_CONTINUOUS,CL1!,RECONSTRUCTED_FROM_DAILY,See methodology_and_sources.md,95.95,95.95,95.94,95.94,0,USD,8568.17,8568.17,8567.34,8567.34,89.3,global_reopen_pre_mcx,none,ESTIMATED_FROM_DAILY_OHLC_USING_SESSION_HEURISTICS_NOT_REAL_INTRADAY_DATA,
2026-04-27T08:30:00+0530,2026-04-27T08:30:00+0530,27-04-2026,WTI,WTI Crude Oil Futures,NYMEX/CME,60m,FRONT_MONTH_CONTINUOUS,CL1!,RECONSTRUCTED_FROM_DAILY,See methodology_and_sources.md,95.94,95.94,95.94,95.94,0,USD,8567.34,8567.66,8567.34,8567.66,89.3,global_reopen_pre_mcx,none,ESTIMATED_FROM_DAILY_OHLC_USING_SESSION_HEURISTICS_NOT_REAL_INTRADAY_DATA,
2026-04-27T09:30:00+0530,2026-04-27T09:30:00+0530,27-04-2026,WTI,WTI Crude Oil Futures,NYMEX/CME,60m,FRONT_MONTH_CONTINUOUS,CL1!,RECONSTRUCTED_FROM_DAILY,See methodology_and_sources.md,95.94,95.94,95.86,95.86,0,USD,8567.66,8567.66,8560.71,8560.71,89.3,mcx_open_drive,none,ESTIMATED_FROM_DAILY_OHLC_USING_SESSION_HEURISTICS_NOT_REAL_INTRADAY_DATA,
2026-04-27T10:30:00+0530,2026-04-27T10:30:00+0530,27-04-2026,WTI,WTI Crude Oil Futures,NYMEX/CME,60m,FRONT_MONTH_CONTINUOUS,CL1!,RECONSTRUCTED_FROM_DAILY,See methodology_and_sources.md,95.86,95.86,95.84,95.84,0,USD,8560.71,8560.71,8558.74,8558.74,89.3,india_morning,none,ESTIMATED_FROM_DAILY_OHLC_USING_SESSION_HEURISTICS_NOT_REAL_INTRADAY_DATA,
2026-04-27T11:30:00+0530,2026-04-27T11:30:00+0530,27-04-2026,WTI,WTI Crude Oil Futures,NYMEX/CME,60m,FRONT_MONTH_CONTINUOUS,CL1!,RECONSTRUCTED_FROM_DAILY,See methodology_and_sources.md,95.84,95.85,95.84,95.85,0,USD,8558.74,8559.42,8558.74,8559.42,89.3,india_morning,none,ESTIMATED_FROM_DAILY_OHLC_USING_SESSION_HEURISTICS_NOT_REAL_INTRADAY_DATA,
2026-04-27T12:30:00+0530,2026-04-27T12:30:00+0530,27-04-2026,WTI,WTI Crude Oil Futures,NYMEX/CME,60m,FRONT_MONTH_CONTINUOUS,CL1!,RECONSTRUCTED_FROM_DAILY,See methodology_and_sources.md,95.85,95.85,95.82,95.82,0,USD,8559.42,8559.42,8556.46,8556.46,89.3,india_midday,none,ESTIMATED_FROM_DAILY_OHLC_USING_SESSION_HEURISTICS_NOT_REAL_INTRADAY_DATA,
2026-04-27T13:30:00+0530,2026-04-27T13:30:00+0530,27-04-2026,WTI,WTI Crude Oil Futures,NYMEX/CME,60m,FRONT_MONTH_CONTINUOUS,CL1!,RECONSTRUCTED_FROM_DAILY,See methodology_and_sources.md,95.82,95.82,95.77,95.77,0,USD,8556.46,8556.46,8552.55,8552.55,89.3,india_midday,none,ESTIMATED_FROM_DAILY_OHLC_USING_SESSION_HEURISTICS_NOT_REAL_INTRADAY_DATA,
2026-04-27T14:30:00+0530,2026-04-27T14:30:00+0530,27-04-2026,WTI,WTI Crude Oil Futures,NYMEX/CME,60m,FRONT_MONTH_CONTINUOUS,CL1!,RECONSTRUCTED_FROM_DAILY,See methodology_and_sources.md,95.77,95.77,95.76,95.76,0,USD,8552.55,8552.55,8551.31,8551.31,89.3,india_midday,none,ESTIMATED_FROM_DAILY_OHLC_USING_SESSION_HEURISTICS_NOT_REAL_INTRADAY_DATA,
2026-04-27T15:30:00+0530,2026-04-27T15:30:00+0530,27-04-2026,WTI,WTI Crude Oil Futures,NYMEX/CME,60m,FRONT_MONTH_CONTINUOUS,CL1!,RECONSTRUCTED_FROM_DAILY,See methodology_and_sources.md,95.76,95.77,95.76,95.77,0,USD,8551.31,8552.21,8551.31,8552.21,89.3,europe_open,first_30m_after_europe_open,ESTIMATED_FROM_DAILY_OHLC_USING_SESSION_HEURISTICS_NOT_REAL_INTRADAY_DATA,
2026-04-27T16:30:00+0530,2026-04-27T16:30:00+0530,27-04-2026,WTI,WTI Crude Oil Futures,NYMEX/CME,60m,FRONT_MONTH_CONTINUOUS,CL1!,RECONSTRUCTED_FROM_DAILY,See methodology_and_sources.md,95.77,95.8,95.77,95.8,0,USD,8552.21,8555.2,8552.21,8555.2,89.3,europe_open,none,ESTIMATED_FROM_DAILY_OHLC_USING_SESSION_HEURISTICS_NOT_REAL_INTRADAY_DATA,
2026-04-27T17:30:00+0530,2026-04-27T17:30:00+0530,27-04-2026,WTI,WTI Crude Oil Futures,NYMEX/CME,60m,FRONT_MONTH_CONTINUOUS,CL1!,RECONSTRUCTED_FROM_DAILY,See methodology_and_sources.md,95.8,95.8,95.73,95.73,0,USD,8555.2,8555.2,8548.8,8548.8,89.3,europe_mid,none,ESTIMATED_FROM_DAILY_OHLC_USING_SESSION_HEURISTICS_NOT_REAL_INTRADAY_DATA,
2026-04-27T18:30:00+0530,2026-04-27T18:30:00+0530,27-04-2026,WTI,WTI Crude Oil Futures,NYMEX/CME,60m,FRONT_MONTH_CONTINUOUS,CL1!,RECONSTRUCTED_FROM_DAILY,See methodology_and_sources.md,95.73,95.76,95.73,95.76,0,USD,8548.8,8551.73,8548.8,8551.73,89.3,europe_mid,none,ESTIMATED_FROM_DAILY_OHLC_USING_SESSION_HEURISTICS_NOT_REAL_INTRADAY_DATA,
2026-04-27T19:30:00+0530,2026-04-27T19:30:00+0530,27-04-2026,WTI,WTI Crude Oil Futures,NYMEX/CME,60m,FRONT_MONTH_CONTINUOUS,CL1!,RECONSTRUCTED_FROM_DAILY,See methodology_and_sources.md,95.76,95.76,95.76,95.76,0,USD,8551.73,8551.73,8551.3,8551.3,89.3,europe_mid,none,ESTIMATED_FROM_DAILY_OHLC_USING_SESSION_HEURISTICS_NOT_REAL_INTRADAY_DATA,
2026-04-27T20:30:00+0530,2026-04-27T20:30:00+0530,27-04-2026,WTI,WTI Crude Oil Futures,NYMEX/CME,60m,FRONT_MONTH_CONTINUOUS,CL1!,RECONSTRUCTED_FROM_DAILY,See methodology_and_sources.md,95.76,95.76,95.73,95.73,0,USD,8551.3,8551.3,8549.11,8549.11,89.3,us_pre_open,none,ESTIMATED_FROM_DAILY_OHLC_USING_SESSION_HEURISTICS_NOT_REAL_INTRADAY_DATA,
2026-04-27T21:30:00+0530,2026-04-27T21:30:00+0530,27-04-2026,WTI,WTI Crude Oil Futures,NYMEX/CME,60m,FRONT_MONTH_CONTINUOUS,CL1!,RECONSTRUCTED_FROM_DAILY,See methodology_and_sources.md,95.73,95.77,95.73,95.77,0,USD,8549.11,8552.36,8549.11,8552.36,89.3,us_open,first_hour_after_us_open,ESTIMATED_FROM_DAILY_OHLC_USING_SESSION_HEURISTICS_NOT_REAL_INTRADAY_DATA,
2026-04-27T22:30:00+0530,2026-04-27T22:30:00+0530,27-04-2026,WTI,WTI Crude Oil Futures,NYMEX/CME,60m,FRONT_MONTH_CONTINUOUS,CL1!,RECONSTRUCTED_FROM_DAILY,See methodology_and_sources.md,95.77,95.79,95.77,95.79,0,USD,8552.36,8554.32,8552.36,8554.32,89.3,us_open,final_hour_before_mcx_close,ESTIMATED_FROM_DAILY_OHLC_USING_SESSION_HEURISTICS_NOT_REAL_INTRADAY_DATA,
2026-04-27T23:30:00+0530,2026-04-27T23:30:00+0530,27-04-2026,WTI,WTI Crude Oil Futures,NYMEX/CME,60m,FRONT_MONTH_CONTINUOUS,CL1!,RECONSTRUCTED_FROM_DAILY,See methodology_and_sources.md,95.79,95.79,94,94,0,USD,8554.32,8554.32,8394.2,8394.2,89.3,mcx_tail,none,ESTIMATED_FROM_DAILY_OHLC_USING_SESSION_HEURISTICS_NOT_REAL_INTRADAY_DATA,
2026-04-28T00:30:00+0530,2026-04-28T00:30:00+0530,27-04-2026,WTI,WTI Crude Oil Futures,NYMEX/CME,60m,FRONT_MONTH_CONTINUOUS,CL1!,RECONSTRUCTED_FROM_DAILY,See methodology_and_sources.md,94,94,94,94,0,USD,8394.2,8394.2,8394.2,8394.2,89.3,other_valid_hours,none,ESTIMATED_FROM_DAILY_OHLC_USING_SESSION_HEURISTICS_NOT_REAL_INTRADAY_DATA,
2026-04-28T03:30:00+0530,2026-04-28T03:30:00+0530,28-04-2026,WTI,WTI Crude Oil Futures,NYMEX/CME,60m,FRONT_MONTH_CONTINUOUS,CL1!,RECONSTRUCTED_FROM_DAILY,See methodology_and_sources.md,94,94.01,94,94.01,0,USD,8398.9,8399.54,8398.9,8399.54,89.35,global_reopen_pre_mcx,none,ESTIMATED_FROM_DAILY_OHLC_USING_SESSION_HEURISTICS_NOT_REAL_INTRADAY_DATA,
2026-04-28T04:30:00+0530,2026-04-28T04:30:00+0530,28-04-2026,WTI,WTI Crude Oil Futures,NYMEX/CME,60m,FRONT_MONTH_CONTINUOUS,CL1!,RECONSTRUCTED_FROM_DAILY,See methodology_and_sources.md,94.01,94.01,94.01,94.01,0,USD,8399.54,8399.54,8399.42,8399.42,89.35,global_reopen_pre_mcx,none,ESTIMATED_FROM_DAILY_OHLC_USING_SESSION_HEURISTICS_NOT_REAL_INTRADAY_DATA,
2026-04-28T05:30:00+0530,2026-04-28T05:30:00+0530,28-04-2026,WTI,WTI Crude Oil Futures,NYMEX/CME,60m,FRONT_MONTH_CONTINUOUS,CL1!,RECONSTRUCTED_FROM_DAILY,See methodology_and_sources.md,94.01,94.02,94.01,94.02,0,USD,8399.42,8400.41,8399.42,8400.41,89.35,global_reopen_pre_mcx,none,ESTIMATED_FROM_DAILY_OHLC_USING_SESSION_HEURISTICS_NOT_REAL_INTRADAY_DATA,
2026-04-28T06:30:00+0530,2026-04-28T06:30:00+0530,28-04-2026,WTI,WTI Crude Oil Futures,NYMEX/CME,60m,FRONT_MONTH_CONTINUOUS,CL1!,RECONSTRUCTED_FROM_DAILY,See methodology_and_sources.md,94.02,94.02,93.99,93.99,0,USD,8400.41,8400.41,8398.07,8398.07,89.35,global_reopen_pre_mcx,none,ESTIMATED_FROM_DAILY_OHLC_USING_SESSION_HEURISTICS_NOT_REAL_INTRADAY_DATA,
2026-04-28T07:30:00+0530,2026-04-28T07:30:00+0530,28-04-2026,WTI,WTI Crude Oil Futures,NYMEX/CME,60m,FRONT_MONTH_CONTINUOUS,CL1!,RECONSTRUCTED_FROM_DAILY,See methodology_and_sources.md,93.99,94,93.99,94,0,USD,8398.07,8398.59,8398.07,8398.59,89.35,global_reopen_pre_mcx,none,ESTIMATED_FROM_DAILY_OHLC_USING_SESSION_HEURISTICS_NOT_REAL_INTRADAY_DATA,
2026-04-28T08:30:00+0530,2026-04-28T08:30:00+0530,28-04-2026,WTI,WTI Crude Oil Futures,NYMEX/CME,60m,FRONT_MONTH_CONTINUOUS,CL1!,RECONSTRUCTED_FROM_DAILY,See methodology_and_sources.md,94,94,94,94,0,USD,8398.59,8398.98,8398.59,8398.98,89.35,global_reopen_pre_mcx,none,ESTIMATED_FROM_DAILY_OHLC_USING_SESSION_HEURISTICS_NOT_REAL_INTRADAY_DATA,
2026-04-28T09:30:00+0530,2026-04-28T09:30:00+0530,28-04-2026,WTI,WTI Crude Oil Futures,NYMEX/CME,60m,FRONT_MONTH_CONTINUOUS,CL1!,RECONSTRUCTED_FROM_DAILY,See methodology_and_sources.md,94,94,94,94,0,USD,8398.98,8398.98,8398.64,8398.64,89.35,mcx_open_drive,none,ESTIMATED_FROM_DAILY_OHLC_USING_SESSION_HEURISTICS_NOT_REAL_INTRADAY_DATA,
2026-04-28T10:30:00+0530,2026-04-28T10:30:00+0530,28-04-2026,WTI,WTI Crude Oil Futures,NYMEX/CME,60m,FRONT_MONTH_CONTINUOUS,CL1!,RECONSTRUCTED_FROM_DAILY,See methodology_and_sources.md,94,94.02,94,94.02,0,USD,8398.64,8400.52,8398.64,8400.52,89.35,india_morning,none,ESTIMATED_FROM_DAILY_OHLC_USING_SESSION_HEURISTICS_NOT_REAL_INTRADAY_DATA,
2026-04-28T11:30:00+0530,2026-04-28T11:30:00+0530,28-04-2026,WTI,WTI Crude Oil Futures,NYMEX/CME,60m,FRONT_MONTH_CONTINUOUS,CL1!,RECONSTRUCTED_FROM_DAILY,See methodology_and_sources.md,94.02,94.03,94.02,94.03,0,USD,8400.52,8401.75,8400.52,8401.75,89.35,india_morning,none,ESTIMATED_FROM_DAILY_OHLC_USING_SESSION_HEURISTICS_NOT_REAL_INTRADAY_DATA,
2026-04-28T12:30:00+0530,2026-04-28T12:30:00+0530,28-04-2026,WTI,WTI Crude Oil Futures,NYMEX/CME,60m,FRONT_MONTH_CONTINUOUS,CL1!,RECONSTRUCTED_FROM_DAILY,See methodology_and_sources.md,94.03,94.03,94,94,0,USD,8401.75,8401.75,8398.59,8398.59,89.35,india_midday,none,ESTIMATED_FROM_DAILY_OHLC_USING_SESSION_HEURISTICS_NOT_REAL_INTRADAY_DATA,
2026-04-28T13:30:00+0530,2026-04-28T13:30:00+0530,28-04-2026,WTI,WTI Crude Oil Futures,NYMEX/CME,60m,FRONT_MONTH_CONTINUOUS,CL1!,RECONSTRUCTED_FROM_DAILY,See methodology_and_sources.md,94,94,93.97,93.97,0,USD,8398.59,8398.59,8396.46,8396.46,89.35,india_midday,none,ESTIMATED_FROM_DAILY_OHLC_USING_SESSION_HEURISTICS_NOT_REAL_INTRADAY_DATA,
2026-04-28T14:30:00+0530,2026-04-28T14:30:00+0530,28-04-2026,WTI,WTI Crude Oil Futures,NYMEX/CME,60m,FRONT_MONTH_CONTINUOUS,CL1!,RECONSTRUCTED_FROM_DAILY,See methodology_and_sources.md,93.97,93.99,93.97,93.99,0,USD,8396.46,8397.56,8396.46,8397.56,89.35,india_midday,none,ESTIMATED_FROM_DAILY_OHLC_USING_SESSION_HEURISTICS_NOT_REAL_INTRADAY_DATA,
2026-04-28T15:30:00+0530,2026-04-28T15:30:00+0530,28-04-2026,WTI,WTI Crude Oil Futures,NYMEX/CME,60m,FRONT_MONTH_CONTINUOUS,CL1!,RECONSTRUCTED_FROM_DAILY,See methodology_and_sources.md,93.99,94.01,93.99,94.01,0,USD,8397.56,8399.4,8397.56,8399.4,89.35,europe_open,first_30m_after_europe_open,ESTIMATED_FROM_DAILY_OHLC_USING_SESSION_HEURISTICS_NOT_REAL_INTRADAY_DATA,
2026-04-28T16:30:00+0530,2026-04-28T16:30:00+0530,28-04-2026,WTI,WTI Crude Oil Futures,NYMEX/CME,60m,FRONT_MONTH_CONTINUOUS,CL1!,RECONSTRUCTED_FROM_DAILY,See methodology_and_sources.md,94.01,94.01,93.99,93.99,0,USD,8399.4,8399.4,8398.19,8398.19,89.35,europe_open,none,ESTIMATED_FROM_DAILY_OHLC_USING_SESSION_HEURISTICS_NOT_REAL_INTRADAY_DATA,
2026-04-28T17:30:00+0530,2026-04-28T17:30:00+0530,28-04-2026,WTI,WTI Crude Oil Futures,NYMEX/CME,60m,FRONT_MONTH_CONTINUOUS,CL1!,RECONSTRUCTED_FROM_DAILY,See methodology_and_sources.md,93.99,93.99,93.99,93.99,0,USD,8398.19,8398.25,8398.19,8398.25,89.35,europe_mid,none,ESTIMATED_FROM_DAILY_OHLC_USING_SESSION_HEURISTICS_NOT_REAL_INTRADAY_DATA,
2026-04-28T18:30:00+0530,2026-04-28T18:30:00+0530,28-04-2026,WTI,WTI Crude Oil Futures,NYMEX/CME,60m,FRONT_MONTH_CONTINUOUS,CL1!,RECONSTRUCTED_FROM_DAILY,See methodology_and_sources.md,93.99,93.99,93.98,93.98,0,USD,8398.25,8398.25,8397.1,8397.1,89.35,europe_mid,none,ESTIMATED_FROM_DAILY_OHLC_USING_SESSION_HEURISTICS_NOT_REAL_INTRADAY_DATA,
2026-04-28T19:30:00+0530,2026-04-28T19:30:00+0530,28-04-2026,WTI,WTI Crude Oil Futures,NYMEX/CME,60m,FRONT_MONTH_CONTINUOUS,CL1!,RECONSTRUCTED_FROM_DAILY,See methodology_and_sources.md,93.98,93.98,93.98,93.98,0,USD,8397.1,8397.1,8396.82,8396.82,89.35,europe_mid,none,ESTIMATED_FROM_DAILY_OHLC_USING_SESSION_HEURISTICS_NOT_REAL_INTRADAY_DATA,
2026-04-28T20:30:00+0530,2026-04-28T20:30:00+0530,28-04-2026,WTI,WTI Crude Oil Futures,NYMEX/CME,60m,FRONT_MONTH_CONTINUOUS,CL1!,RECONSTRUCTED_FROM_DAILY,See methodology_and_sources.md,93.98,94.01,93.98,94.01,0,USD,8396.82,8399.85,8396.82,8399.85,89.35,us_pre_open,none,ESTIMATED_FROM_DAILY_OHLC_USING_SESSION_HEURISTICS_NOT_REAL_INTRADAY_DATA,
2026-04-28T21:30:00+0530,2026-04-28T21:30:00+0530,28-04-2026,WTI,WTI Crude Oil Futures,NYMEX/CME,60m,FRONT_MONTH_CONTINUOUS,CL1!,RECONSTRUCTED_FROM_DAILY,See methodology_and_sources.md,94.01,94.02,94.01,94.02,0,USD,8399.85,8400.78,8399.85,8400.78,89.35,us_open,first_hour_after_us_open,ESTIMATED_FROM_DAILY_OHLC_USING_SESSION_HEURISTICS_NOT_REAL_INTRADAY_DATA,
2026-04-28T22:30:00+0530,2026-04-28T22:30:00+0530,28-04-2026,WTI,WTI Crude Oil Futures,NYMEX/CME,60m,FRONT_MONTH_CONTINUOUS,CL1!,RECONSTRUCTED_FROM_DAILY,See methodology_and_sources.md,94.02,94.02,94.02,94.02,0,USD,8400.78,8400.78,8400.24,8400.24,89.35,us_open,final_hour_before_mcx_close,ESTIMATED_FROM_DAILY_OHLC_USING_SESSION_HEURISTICS_NOT_REAL_INTRADAY_DATA,
2026-04-28T23:30:00+0530,2026-04-28T23:30:00+0530,28-04-2026,WTI,WTI Crude Oil Futures,NYMEX/CME,60m,FRONT_MONTH_CONTINUOUS,CL1!,RECONSTRUCTED_FROM_DAILY,See methodology_and_sources.md,94.02,96,94.02,96,0,USD,8400.24,8577.6,8400.24,8577.6,89.35,mcx_tail,none,ESTIMATED_FROM_DAILY_OHLC_USING_SESSION_HEURISTICS_NOT_REAL_INTRADAY_DATA,
2026-04-29T00:30:00+0530,2026-04-29T00:30:00+0530,28-04-2026,WTI,WTI Crude Oil Futures,NYMEX/CME,60m,FRONT_MONTH_CONTINUOUS,CL1!,RECONSTRUCTED_FROM_DAILY,See methodology_and_sources.md,96,96,96,96,0,USD,8577.6,8577.6,8577.6,8577.6,89.35,other_valid_hours,none,ESTIMATED_FROM_DAILY_OHLC_USING_SESSION_HEURISTICS_NOT_REAL_INTRADAY_DATA,
2026-04-29T03:30:00+0530,2026-04-29T03:30:00+0530,29-04-2026,WTI,WTI Crude Oil Futures,NYMEX/CME,60m,FRONT_MONTH_CONTINUOUS,CL1!,RECONSTRUCTED_FROM_DAILY,See methodology_and_sources.md,96,96.01,96,96.01,0,USD,8582.4,8583.31,8582.4,8583.31,89.4,global_reopen_pre_mcx,none,ESTIMATED_FROM_DAILY_OHLC_USING_SESSION_HEURISTICS_NOT_REAL_INTRADAY_DATA,
2026-04-29T04:30:00+0530,2026-04-29T04:30:00+0530,29-04-2026,WTI,WTI Crude Oil Futures,NYMEX/CME,60m,FRONT_MONTH_CONTINUOUS,CL1!,RECONSTRUCTED_FROM_DAILY,See methodology_and_sources.md,96.01,96.01,95.98,95.98,0,USD,8583.31,8583.31,8580.82,8580.82,89.4,global_reopen_pre_mcx,none,ESTIMATED_FROM_DAILY_OHLC_USING_SESSION_HEURISTICS_NOT_REAL_INTRADAY_DATA,
2026-04-29T05:30:00+0530,2026-04-29T05:30:00+0530,29-04-2026,WTI,WTI Crude Oil Futures,NYMEX/CME,60m,FRONT_MONTH_CONTINUOUS,CL1!,RECONSTRUCTED_FROM_DAILY,See methodology_and_sources.md,95.98,95.98,95.98,95.98,0,USD,8580.82,8580.82,8580.77,8580.77,89.4,global_reopen_pre_mcx,none,ESTIMATED_FROM_DAILY_OHLC_USING_SESSION_HEURISTICS_NOT_REAL_INTRADAY_DATA,
2026-04-29T06:30:00+0530,2026-04-29T06:30:00+0530,29-04-2026,WTI,WTI Crude Oil Futures,NYMEX/CME,60m,FRONT_MONTH_CONTINUOUS,CL1!,RECONSTRUCTED_FROM_DAILY,See methodology_and_sources.md,95.98,96.01,95.98,96.01,0,USD,8580.77,8583.22,8580.77,8583.22,89.4,global_reopen_pre_mcx,none,ESTIMATED_FROM_DAILY_OHLC_USING_SESSION_HEURISTICS_NOT_REAL_INTRADAY_DATA,
2026-04-29T07:30:00+0530,2026-04-29T07:30:00+0530,29-04-2026,WTI,WTI Crude Oil Futures,NYMEX/CME,60m,FRONT_MONTH_CONTINUOUS,CL1!,RECONSTRUCTED_FROM_DAILY,See methodology_and_sources.md,96.01,96.01,96,96,0,USD,8583.22,8583.22,8582.08,8582.08,89.4,global_reopen_pre_mcx,none,ESTIMATED_FROM_DAILY_OHLC_USING_SESSION_HEURISTICS_NOT_REAL_INTRADAY_DATA,
2026-04-29T08:30:00+0530,2026-04-29T08:30:00+0530,29-04-2026,WTI,WTI Crude Oil Futures,NYMEX/CME,60m,FRONT_MONTH_CONTINUOUS,CL1!,RECONSTRUCTED_FROM_DAILY,See methodology_and_sources.md,96,96,95.99,95.99,0,USD,8582.08,8582.08,8581.26,8581.26,89.4,global_reopen_pre_mcx,none,ESTIMATED_FROM_DAILY_OHLC_USING_SESSION_HEURISTICS_NOT_REAL_INTRADAY_DATA,
2026-04-29T09:30:00+0530,2026-04-29T09:30:00+0530,29-04-2026,WTI,WTI Crude Oil Futures,NYMEX/CME,60m,FRONT_MONTH_CONTINUOUS,CL1!,RECONSTRUCTED_FROM_DAILY,See methodology_and_sources.md,95.99,96,95.99,96,0,USD,8581.26,8582.54,8581.26,8582.54,89.4,mcx_open_drive,none,ESTIMATED_FROM_DAILY_OHLC_USING_SESSION_HEURISTICS_NOT_REAL_INTRADAY_DATA,
2026-04-29T10:30:00+0530,2026-04-29T10:30:00+0530,29-04-2026,WTI,WTI Crude Oil Futures,NYMEX/CME,60m,FRONT_MONTH_CONTINUOUS,CL1!,RECONSTRUCTED_FROM_DAILY,See methodology_and_sources.md,96,96,95.99,95.99,0,USD,8582.54,8582.54,8581.29,8581.29,89.4,india_morning,none,ESTIMATED_FROM_DAILY_OHLC_USING_SESSION_HEURISTICS_NOT_REAL_INTRADAY_DATA,
2026-04-29T11:30:00+0530,2026-04-29T11:30:00+0530,29-04-2026,WTI,WTI Crude Oil Futures,NYMEX/CME,60m,FRONT_MONTH_CONTINUOUS,CL1!,RECONSTRUCTED_FROM_DAILY,See methodology_and_sources.md,95.99,95.99,95.97,95.97,0,USD,8581.29,8581.29,8580.11,8580.11,89.4,india_morning,none,ESTIMATED_FROM_DAILY_OHLC_USING_SESSION_HEURISTICS_NOT_REAL_INTRADAY_DATA,
2026-04-29T12:30:00+0530,2026-04-29T12:30:00+0530,29-04-2026,WTI,WTI Crude Oil Futures,NYMEX/CME,60m,FRONT_MONTH_CONTINUOUS,CL1!,RECONSTRUCTED_FROM_DAILY,See methodology_and_sources.md,95.97,95.97,95.97,95.97,0,USD,8580.11,8580.11,8579.76,8579.76,89.4,india_midday,none,ESTIMATED_FROM_DAILY_OHLC_USING_SESSION_HEURISTICS_NOT_REAL_INTRADAY_DATA,
2026-04-29T13:30:00+0530,2026-04-29T13:30:00+0530,29-04-2026,WTI,WTI Crude Oil Futures,NYMEX/CME,60m,FRONT_MONTH_CONTINUOUS,CL1!,RECONSTRUCTED_FROM_DAILY,See methodology_and_sources.md,95.97,95.97,95.95,95.95,0,USD,8579.76,8579.76,8577.61,8577.61,89.4,india_midday,none,ESTIMATED_FROM_DAILY_OHLC_USING_SESSION_HEURISTICS_NOT_REAL_INTRADAY_DATA,
2026-04-29T14:30:00+0530,2026-04-29T14:30:00+0530,29-04-2026,WTI,WTI Crude Oil Futures,NYMEX/CME,60m,FRONT_MONTH_CONTINUOUS,CL1!,RECONSTRUCTED_FROM_DAILY,See methodology_and_sources.md,95.95,95.95,95.91,95.91,0,USD,8577.61,8577.61,8574.29,8574.29,89.4,india_midday,none,ESTIMATED_FROM_DAILY_OHLC_USING_SESSION_HEURISTICS_NOT_REAL_INTRADAY_DATA,
2026-04-29T15:30:00+0530,2026-04-29T15:30:00+0530,29-04-2026,WTI,WTI Crude Oil Futures,NYMEX/CME,60m,FRONT_MONTH_CONTINUOUS,CL1!,RECONSTRUCTED_FROM_DAILY,See methodology_and_sources.md,95.91,95.97,95.91,95.97,0,USD,8574.29,8579.27,8574.29,8579.27,89.4,europe_open,first_30m_after_europe_open,ESTIMATED_FROM_DAILY_OHLC_USING_SESSION_HEURISTICS_NOT_REAL_INTRADAY_DATA,
2026-04-29T16:30:00+0530,2026-04-29T16:30:00+0530,29-04-2026,WTI,WTI Crude Oil Futures,NYMEX/CME,60m,FRONT_MONTH_CONTINUOUS,CL1!,RECONSTRUCTED_FROM_DAILY,See methodology_and_sources.md,95.97,96.03,95.97,96.03,0,USD,8579.27,8585.3,8579.27,8585.3,89.4,europe_open,none,ESTIMATED_FROM_DAILY_OHLC_USING_SESSION_HEURISTICS_NOT_REAL_INTRADAY_DATA,
2026-04-29T17:30:00+0530,2026-04-29T17:30:00+0530,29-04-2026,WTI,WTI Crude Oil Futures,NYMEX/CME,60m,FRONT_MONTH_CONTINUOUS,CL1!,RECONSTRUCTED_FROM_DAILY,See methodology_and_sources.md,96.03,96.03,96.02,96.02,0,USD,8585.3,8585.3,8584.13,8584.13,89.4,europe_mid,none,ESTIMATED_FROM_DAILY_OHLC_USING_SESSION_HEURISTICS_NOT_REAL_INTRADAY_DATA,
2026-04-29T18:30:00+0530,2026-04-29T18:30:00+0530,29-04-2026,WTI,WTI Crude Oil Futures,NYMEX/CME,60m,FRONT_MONTH_CONTINUOUS,CL1!,RECONSTRUCTED_FROM_DAILY,See methodology_and_sources.md,96.02,96.05,96.02,96.05,0,USD,8584.13,8586.71,8584.13,8586.71,89.4,europe_mid,none,ESTIMATED_FROM_DAILY_OHLC_USING_SESSION_HEURISTICS_NOT_REAL_INTRADAY_DATA,
2026-04-29T19:30:00+0530,2026-04-29T19:30:00+0530,29-04-2026,WTI,WTI Crude Oil Futures,NYMEX/CME,60m,FRONT_MONTH_CONTINUOUS,CL1!,RECONSTRUCTED_FROM_DAILY,See methodology_and_sources.md,96.05,96.08,96.05,96.08,0,USD,8586.71,8589.63,8586.71,8589.63,89.4,europe_mid,none,ESTIMATED_FROM_DAILY_OHLC_USING_SESSION_HEURISTICS_NOT_REAL_INTRADAY_DATA,
2026-04-29T20:30:00+0530,2026-04-29T20:30:00+0530,29-04-2026,WTI,WTI Crude Oil Futures,NYMEX/CME,60m,FRONT_MONTH_CONTINUOUS,CL1!,RECONSTRUCTED_FROM_DAILY,See methodology_and_sources.md,96.08,96.08,96.03,96.03,0,USD,8589.63,8589.63,8585.15,8585.15,89.4,us_pre_open,none,ESTIMATED_FROM_DAILY_OHLC_USING_SESSION_HEURISTICS_NOT_REAL_INTRADAY_DATA,
2026-04-29T21:30:00+0530,2026-04-29T21:30:00+0530,29-04-2026,WTI,WTI Crude Oil Futures,NYMEX/CME,60m,FRONT_MONTH_CONTINUOUS,CL1!,RECONSTRUCTED_FROM_DAILY,See methodology_and_sources.md,96.03,96.08,96.03,96.08,0,USD,8585.15,8589.65,8585.15,8589.65,89.4,us_open,first_hour_after_us_open,ESTIMATED_FROM_DAILY_OHLC_USING_SESSION_HEURISTICS_NOT_REAL_INTRADAY_DATA,
2026-04-29T22:30:00+0530,2026-04-29T22:30:00+0530,29-04-2026,WTI,WTI Crude Oil Futures,NYMEX/CME,60m,FRONT_MONTH_CONTINUOUS,CL1!,RECONSTRUCTED_FROM_DAILY,See methodology_and_sources.md,96.08,96.12,96.08,96.12,0,USD,8589.65,8593.08,8589.65,8593.08,89.4,us_open,final_hour_before_mcx_close,ESTIMATED_FROM_DAILY_OHLC_USING_SESSION_HEURISTICS_NOT_REAL_INTRADAY_DATA,
2026-04-29T23:30:00+0530,2026-04-29T23:30:00+0530,29-04-2026,WTI,WTI Crude Oil Futures,NYMEX/CME,60m,FRONT_MONTH_CONTINUOUS,CL1!,RECONSTRUCTED_FROM_DAILY,See methodology_and_sources.md,96.12,99,96.12,99,0,USD,8593.08,8850.6,8593.08,8850.6,89.4,mcx_tail,none,ESTIMATED_FROM_DAILY_OHLC_USING_SESSION_HEURISTICS_NOT_REAL_INTRADAY_DATA,
2026-04-30T00:30:00+0530,2026-04-30T00:30:00+0530,29-04-2026,WTI,WTI Crude Oil Futures,NYMEX/CME,60m,FRONT_MONTH_CONTINUOUS,CL1!,RECONSTRUCTED_FROM_DAILY,See methodology_and_sources.md,99,99,99,99,0,USD,8850.6,8850.6,8850.6,8850.6,89.4,other_valid_hours,none,ESTIMATED_FROM_DAILY_OHLC_USING_SESSION_HEURISTICS_NOT_REAL_INTRADAY_DATA,
2026-04-30T03:30:00+0530,2026-04-30T03:30:00+0530,30-04-2026,WTI,WTI Crude Oil Futures,NYMEX/CME,60m,FRONT_MONTH_CONTINUOUS,CL1!,RECONSTRUCTED_FROM_DAILY,See methodology_and_sources.md,99,99,98.98,98.98,0,USD,8855.55,8855.55,8853.61,8853.61,89.45,global_reopen_pre_mcx,none,ESTIMATED_FROM_DAILY_OHLC_USING_SESSION_HEURISTICS_NOT_REAL_INTRADAY_DATA,
2026-04-30T04:30:00+0530,2026-04-30T04:30:00+0530,30-04-2026,WTI,WTI Crude Oil Futures,NYMEX/CME,60m,FRONT_MONTH_CONTINUOUS,CL1!,RECONSTRUCTED_FROM_DAILY,See methodology_and_sources.md,98.98,98.98,98.93,98.93,0,USD,8853.61,8853.61,8849.27,8849.27,89.45,global_reopen_pre_mcx,none,ESTIMATED_FROM_DAILY_OHLC_USING_SESSION_HEURISTICS_NOT_REAL_INTRADAY_DATA,
2026-04-30T05:30:00+0530,2026-04-30T05:30:00+0530,30-04-2026,WTI,WTI Crude Oil Futures,NYMEX/CME,60m,FRONT_MONTH_CONTINUOUS,CL1!,RECONSTRUCTED_FROM_DAILY,See methodology_and_sources.md,98.93,98.93,98.91,98.91,0,USD,8849.27,8849.27,8847.71,8847.71,89.45,global_reopen_pre_mcx,none,ESTIMATED_FROM_DAILY_OHLC_USING_SESSION_HEURISTICS_NOT_REAL_INTRADAY_DATA,
2026-04-30T06:30:00+0530,2026-04-30T06:30:00+0530,30-04-2026,WTI,WTI Crude Oil Futures,NYMEX/CME,60m,FRONT_MONTH_CONTINUOUS,CL1!,RECONSTRUCTED_FROM_DAILY,See methodology_and_sources.md,98.91,98.96,98.91,98.96,0,USD,8847.71,8851.65,8847.71,8851.65,89.45,global_reopen_pre_mcx,none,ESTIMATED_FROM_DAILY_OHLC_USING_SESSION_HEURISTICS_NOT_REAL_INTRADAY_DATA,
2026-04-30T07:30:00+0530,2026-04-30T07:30:00+0530,30-04-2026,WTI,WTI Crude Oil Futures,NYMEX/CME,60m,FRONT_MONTH_CONTINUOUS,CL1!,RECONSTRUCTED_FROM_DAILY,See methodology_and_sources.md,98.96,98.96,98.96,98.96,0,USD,8851.65,8851.91,8851.65,8851.91,89.45,global_reopen_pre_mcx,none,ESTIMATED_FROM_DAILY_OHLC_USING_SESSION_HEURISTICS_NOT_REAL_INTRADAY_DATA,
2026-04-30T08:30:00+0530,2026-04-30T08:30:00+0530,30-04-2026,WTI,WTI Crude Oil Futures,NYMEX/CME,60m,FRONT_MONTH_CONTINUOUS,CL1!,RECONSTRUCTED_FROM_DAILY,See methodology_and_sources.md,98.96,98.98,98.96,98.98,0,USD,8851.91,8853.85,8851.91,8853.85,89.45,global_reopen_pre_mcx,none,ESTIMATED_FROM_DAILY_OHLC_USING_SESSION_HEURISTICS_NOT_REAL_INTRADAY_DATA,
2026-04-30T09:30:00+0530,2026-04-30T09:30:00+0530,30-04-2026,WTI,WTI Crude Oil Futures,NYMEX/CME,60m,FRONT_MONTH_CONTINUOUS,CL1!,RECONSTRUCTED_FROM_DAILY,See methodology_and_sources.md,98.98,98.98,98.97,98.97,0,USD,8853.85,8853.85,8852.47,8852.47,89.45,mcx_open_drive,none,ESTIMATED_FROM_DAILY_OHLC_USING_SESSION_HEURISTICS_NOT_REAL_INTRADAY_DATA,
2026-04-30T10:30:00+0530,2026-04-30T10:30:00+0530,30-04-2026,WTI,WTI Crude Oil Futures,NYMEX/CME,60m,FRONT_MONTH_CONTINUOUS,CL1!,RECONSTRUCTED_FROM_DAILY,See methodology_and_sources.md,98.97,98.97,98.97,98.97,0,USD,8852.47,8853.05,8852.47,8853.05,89.45,india_morning,none,ESTIMATED_FROM_DAILY_OHLC_USING_SESSION_HEURISTICS_NOT_REAL_INTRADAY_DATA,
2026-04-30T11:30:00+0530,2026-04-30T11:30:00+0530,30-04-2026,WTI,WTI Crude Oil Futures,NYMEX/CME,60m,FRONT_MONTH_CONTINUOUS,CL1!,RECONSTRUCTED_FROM_DAILY,See methodology_and_sources.md,98.97,98.97,98.95,98.95,0,USD,8853.05,8853.05,8851.25,8851.25,89.45,india_morning,none,ESTIMATED_FROM_DAILY_OHLC_USING_SESSION_HEURISTICS_NOT_REAL_INTRADAY_DATA,
2026-04-30T12:30:00+0530,2026-04-30T12:30:00+0530,30-04-2026,WTI,WTI Crude Oil Futures,NYMEX/CME,60m,FRONT_MONTH_CONTINUOUS,CL1!,RECONSTRUCTED_FROM_DAILY,See methodology_and_sources.md,98.95,98.95,98.91,98.91,0,USD,8851.25,8851.25,8847.26,8847.26,89.45,india_midday,none,ESTIMATED_FROM_DAILY_OHLC_USING_SESSION_HEURISTICS_NOT_REAL_INTRADAY_DATA,
2026-04-30T13:30:00+0530,2026-04-30T13:30:00+0530,30-04-2026,WTI,WTI Crude Oil Futures,NYMEX/CME,60m,FRONT_MONTH_CONTINUOUS,CL1!,RECONSTRUCTED_FROM_DAILY,See methodology_and_sources.md,98.91,98.94,98.91,98.94,0,USD,8847.26,8850.04,8847.26,8850.04,89.45,india_midday,none,ESTIMATED_FROM_DAILY_OHLC_USING_SESSION_HEURISTICS_NOT_REAL_INTRADAY_DATA,
2026-04-30T14:30:00+0530,2026-04-30T14:30:00+0530,30-04-2026,WTI,WTI Crude Oil Futures,NYMEX/CME,60m,FRONT_MONTH_CONTINUOUS,CL1!,RECONSTRUCTED_FROM_DAILY,See methodology_and_sources.md,98.94,99.01,98.94,99.01,0,USD,8850.04,8856.67,8850.04,8856.67,89.45,india_midday,none,ESTIMATED_FROM_DAILY_OHLC_USING_SESSION_HEURISTICS_NOT_REAL_INTRADAY_DATA,
2026-04-30T15:30:00+0530,2026-04-30T15:30:00+0530,30-04-2026,WTI,WTI Crude Oil Futures,NYMEX/CME,60m,FRONT_MONTH_CONTINUOUS,CL1!,RECONSTRUCTED_FROM_DAILY,See methodology_and_sources.md,99.01,99.04,99.01,99.04,0,USD,8856.67,8859.03,8856.67,8859.03,89.45,europe_open,first_30m_after_europe_open,ESTIMATED_FROM_DAILY_OHLC_USING_SESSION_HEURISTICS_NOT_REAL_INTRADAY_DATA,
2026-04-30T16:30:00+0530,2026-04-30T16:30:00+0530,30-04-2026,WTI,WTI Crude Oil Futures,NYMEX/CME,60m,FRONT_MONTH_CONTINUOUS,CL1!,RECONSTRUCTED_FROM_DAILY,See methodology_and_sources.md,99.04,99.09,99.04,99.09,0,USD,8859.03,8864.02,8859.03,8864.02,89.45,europe_open,none,ESTIMATED_FROM_DAILY_OHLC_USING_SESSION_HEURISTICS_NOT_REAL_INTRADAY_DATA,
2026-04-30T17:30:00+0530,2026-04-30T17:30:00+0530,30-04-2026,WTI,WTI Crude Oil Futures,NYMEX/CME,60m,FRONT_MONTH_CONTINUOUS,CL1!,RECONSTRUCTED_FROM_DAILY,See methodology_and_sources.md,99.09,99.11,99.09,99.11,0,USD,8864.02,8865.58,8864.02,8865.58,89.45,europe_mid,none,ESTIMATED_FROM_DAILY_OHLC_USING_SESSION_HEURISTICS_NOT_REAL_INTRADAY_DATA,
2026-04-30T18:30:00+0530,2026-04-30T18:30:00+0530,30-04-2026,WTI,WTI Crude Oil Futures,NYMEX/CME,60m,FRONT_MONTH_CONTINUOUS,CL1!,RECONSTRUCTED_FROM_DAILY,See methodology_and_sources.md,99.11,99.2,99.11,99.2,0,USD,8865.58,8873.36,8865.58,8873.36,89.45,europe_mid,none,ESTIMATED_FROM_DAILY_OHLC_USING_SESSION_HEURISTICS_NOT_REAL_INTRADAY_DATA,
2026-04-30T19:30:00+0530,2026-04-30T19:30:00+0530,30-04-2026,WTI,WTI Crude Oil Futures,NYMEX/CME,60m,FRONT_MONTH_CONTINUOUS,CL1!,RECONSTRUCTED_FROM_DAILY,See methodology_and_sources.md,99.2,99.25,99.2,99.25,0,USD,8873.36,8878.14,8873.36,8878.14,89.45,europe_mid,none,ESTIMATED_FROM_DAILY_OHLC_USING_SESSION_HEURISTICS_NOT_REAL_INTRADAY_DATA,
2026-04-30T20:30:00+0530,2026-04-30T20:30:00+0530,30-04-2026,WTI,WTI Crude Oil Futures,NYMEX/CME,60m,FRONT_MONTH_CONTINUOUS,CL1!,RECONSTRUCTED_FROM_DAILY,See methodology_and_sources.md,99.25,99.25,99.23,99.23,0,USD,8878.14,8878.14,8876.45,8876.45,89.45,us_pre_open,none,ESTIMATED_FROM_DAILY_OHLC_USING_SESSION_HEURISTICS_NOT_REAL_INTRADAY_DATA,
2026-04-30T21:30:00+0530,2026-04-30T21:30:00+0530,30-04-2026,WTI,WTI Crude Oil Futures,NYMEX/CME,60m,FRONT_MONTH_CONTINUOUS,CL1!,RECONSTRUCTED_FROM_DAILY,See methodology_and_sources.md,99.23,99.25,99.23,99.25,0,USD,8876.45,8877.84,8876.45,8877.84,89.45,us_open,first_hour_after_us_open,ESTIMATED_FROM_DAILY_OHLC_USING_SESSION_HEURISTICS_NOT_REAL_INTRADAY_DATA,
2026-04-30T22:30:00+0530,2026-04-30T22:30:00+0530,30-04-2026,WTI,WTI Crude Oil Futures,NYMEX/CME,60m,FRONT_MONTH_CONTINUOUS,CL1!,RECONSTRUCTED_FROM_DAILY,See methodology_and_sources.md,99.25,99.27,99.25,99.27,0,USD,8877.84,8880.02,8877.84,8880.02,89.45,us_open,final_hour_before_mcx_close,ESTIMATED_FROM_DAILY_OHLC_USING_SESSION_HEURISTICS_NOT_REAL_INTRADAY_DATA,
2026-04-30T23:30:00+0530,2026-04-30T23:30:00+0530,30-04-2026,WTI,WTI Crude Oil Futures,NYMEX/CME,60m,FRONT_MONTH_CONTINUOUS,CL1!,RECONSTRUCTED_FROM_DAILY,See methodology_and_sources.md,99.27,105,99.27,105,0,USD,8880.02,9392.25,8880.02,9392.25,89.45,mcx_tail,none,ESTIMATED_FROM_DAILY_OHLC_USING_SESSION_HEURISTICS_NOT_REAL_INTRADAY_DATA,
2026-05-01T00:30:00+0530,2026-05-01T00:30:00+0530,30-04-2026,WTI,WTI Crude Oil Futures,NYMEX/CME,60m,FRONT_MONTH_CONTINUOUS,CL1!,RECONSTRUCTED_FROM_DAILY,See methodology_and_sources.md,105,105,105,105,0,USD,9392.25,9392.25,9392.25,9392.25,89.45,other_valid_hours,none,ESTIMATED_FROM_DAILY_OHLC_USING_SESSION_HEURISTICS_NOT_REAL_INTRADAY_DATA,
2026-05-01T03:30:00+0530,2026-05-01T03:30:00+0530,01-05-2026,WTI,WTI Crude Oil Futures,NYMEX/CME,60m,FRONT_MONTH_CONTINUOUS,CL1!,RECONSTRUCTED_FROM_DAILY,See methodology_and_sources.md,105,105,104.99,104.99,0,USD,9397.5,9397.5,9396.84,9396.84,89.5,global_reopen_pre_mcx,none,ESTIMATED_FROM_DAILY_OHLC_USING_SESSION_HEURISTICS_NOT_REAL_INTRADAY_DATA,
2026-05-01T04:30:00+0530,2026-05-01T04:30:00+0530,01-05-2026,WTI,WTI Crude Oil Futures,NYMEX/CME,60m,FRONT_MONTH_CONTINUOUS,CL1!,RECONSTRUCTED_FROM_DAILY,See methodology_and_sources.md,104.99,105.01,104.99,105.01,0,USD,9396.84,9398.81,9396.84,9398.81,89.5,global_reopen_pre_mcx,none,ESTIMATED_FROM_DAILY_OHLC_USING_SESSION_HEURISTICS_NOT_REAL_INTRADAY_DATA,
2026-05-01T05:30:00+0530,2026-05-01T05:30:00+0530,01-05-2026,WTI,WTI Crude Oil Futures,NYMEX/CME,60m,FRONT_MONTH_CONTINUOUS,CL1!,RECONSTRUCTED_FROM_DAILY,See methodology_and_sources.md,105.01,105.01,105.01,105.01,0,USD,9398.81,9398.81,9398.76,9398.76,89.5,global_reopen_pre_mcx,none,ESTIMATED_FROM_DAILY_OHLC_USING_SESSION_HEURISTICS_NOT_REAL_INTRADAY_DATA,
2026-05-01T06:30:00+0530,2026-05-01T06:30:00+0530,01-05-2026,WTI,WTI Crude Oil Futures,NYMEX/CME,60m,FRONT_MONTH_CONTINUOUS,CL1!,RECONSTRUCTED_FROM_DAILY,See methodology_and_sources.md,105.01,105.01,105,105,0,USD,9398.76,9398.76,9397.35,9397.35,89.5,global_reopen_pre_mcx,none,ESTIMATED_FROM_DAILY_OHLC_USING_SESSION_HEURISTICS_NOT_REAL_INTRADAY_DATA,
2026-05-01T07:30:00+0530,2026-05-01T07:30:00+0530,01-05-2026,WTI,WTI Crude Oil Futures,NYMEX/CME,60m,FRONT_MONTH_CONTINUOUS,CL1!,RECONSTRUCTED_FROM_DAILY,See methodology_and_sources.md,105,105,104.98,104.98,0,USD,9397.35,9397.35,9395.37,9395.37,89.5,global_reopen_pre_mcx,none,ESTIMATED_FROM_DAILY_OHLC_USING_SESSION_HEURISTICS_NOT_REAL_INTRADAY_DATA,
2026-05-01T08:30:00+0530,2026-05-01T08:30:00+0530,01-05-2026,WTI,WTI Crude Oil Futures,NYMEX/CME,60m,FRONT_MONTH_CONTINUOUS,CL1!,RECONSTRUCTED_FROM_DAILY,See methodology_and_sources.md,104.98,105.01,104.98,105.01,0,USD,9395.37,9398.05,9395.37,9398.05,89.5,global_reopen_pre_mcx,none,ESTIMATED_FROM_DAILY_OHLC_USING_SESSION_HEURISTICS_NOT_REAL_INTRADAY_DATA,
2026-05-01T09:30:00+0530,2026-05-01T09:30:00+0530,01-05-2026,WTI,WTI Crude Oil Futures,NYMEX/CME,60m,FRONT_MONTH_CONTINUOUS,CL1!,RECONSTRUCTED_FROM_DAILY,See methodology_and_sources.md,105.01,105.01,104.98,104.98,0,USD,9398.05,9398.05,9395.48,9395.48,89.5,mcx_open_drive,none,ESTIMATED_FROM_DAILY_OHLC_USING_SESSION_HEURISTICS_NOT_REAL_INTRADAY_DATA,
2026-05-01T10:30:00+0530,2026-05-01T10:30:00+0530,01-05-2026,WTI,WTI Crude Oil Futures,NYMEX/CME,60m,FRONT_MONTH_CONTINUOUS,CL1!,RECONSTRUCTED_FROM_DAILY,See methodology_and_sources.md,104.98,105.02,104.98,105.02,0,USD,9395.48,9399.21,9395.48,9399.21,89.5,india_morning,none,ESTIMATED_FROM_DAILY_OHLC_USING_SESSION_HEURISTICS_NOT_REAL_INTRADAY_DATA,
2026-05-01T11:30:00+0530,2026-05-01T11:30:00+0530,01-05-2026,WTI,WTI Crude Oil Futures,NYMEX/CME,60m,FRONT_MONTH_CONTINUOUS,CL1!,RECONSTRUCTED_FROM_DAILY,See methodology_and_sources.md,105.02,105.04,105.02,105.04,0,USD,9399.21,9401.43,9399.21,9401.43,89.5,india_morning,none,ESTIMATED_FROM_DAILY_OHLC_USING_SESSION_HEURISTICS_NOT_REAL_INTRADAY_DATA,
2026-05-01T12:30:00+0530,2026-05-01T12:30:00+0530,01-05-2026,WTI,WTI Crude Oil Futures,NYMEX/CME,60m,FRONT_MONTH_CONTINUOUS,CL1!,RECONSTRUCTED_FROM_DAILY,See methodology_and_sources.md,105.04,105.04,105.04,105.04,0,USD,9401.43,9401.43,9401.02,9401.02,89.5,india_midday,none,ESTIMATED_FROM_DAILY_OHLC_USING_SESSION_HEURISTICS_NOT_REAL_INTRADAY_DATA,
2026-05-01T13:30:00+0530,2026-05-01T13:30:00+0530,01-05-2026,WTI,WTI Crude Oil Futures,NYMEX/CME,60m,FRONT_MONTH_CONTINUOUS,CL1!,RECONSTRUCTED_FROM_DAILY,See methodology_and_sources.md,105.04,105.04,105,105,0,USD,9401.02,9401.02,9397.8,9397.8,89.5,india_midday,none,ESTIMATED_FROM_DAILY_OHLC_USING_SESSION_HEURISTICS_NOT_REAL_INTRADAY_DATA,
2026-05-01T14:30:00+0530,2026-05-01T14:30:00+0530,01-05-2026,WTI,WTI Crude Oil Futures,NYMEX/CME,60m,FRONT_MONTH_CONTINUOUS,CL1!,RECONSTRUCTED_FROM_DAILY,See methodology_and_sources.md,105,105,104.99,104.99,0,USD,9397.8,9397.8,9396.79,9396.79,89.5,india_midday,none,ESTIMATED_FROM_DAILY_OHLC_USING_SESSION_HEURISTICS_NOT_REAL_INTRADAY_DATA,
2026-05-01T15:30:00+0530,2026-05-01T15:30:00+0530,01-05-2026,WTI,WTI Crude Oil Futures,NYMEX/CME,60m,FRONT_MONTH_CONTINUOUS,CL1!,RECONSTRUCTED_FROM_DAILY,See methodology_and_sources.md,104.99,104.99,104.97,104.97,0,USD,9396.79,9396.79,9394.5,9394.5,89.5,europe_open,first_30m_after_europe_open,ESTIMATED_FROM_DAILY_OHLC_USING_SESSION_HEURISTICS_NOT_REAL_INTRADAY_DATA,
2026-05-01T16:30:00+0530,2026-05-01T16:30:00+0530,01-05-2026,WTI,WTI Crude Oil Futures,NYMEX/CME,60m,FRONT_MONTH_CONTINUOUS,CL1!,RECONSTRUCTED_FROM_DAILY,See methodology_and_sources.md,104.97,104.97,104.95,104.95,0,USD,9394.5,9394.5,9393.45,9393.45,89.5,europe_open,none,ESTIMATED_FROM_DAILY_OHLC_USING_SESSION_HEURISTICS_NOT_REAL_INTRADAY_DATA,
2026-05-01T17:30:00+0530,2026-05-01T17:30:00+0530,01-05-2026,WTI,WTI Crude Oil Futures,NYMEX/CME,60m,FRONT_MONTH_CONTINUOUS,CL1!,RECONSTRUCTED_FROM_DAILY,See methodology_and_sources.md,104.95,104.95,104.93,104.93,0,USD,9393.45,9393.45,9391.53,9391.53,89.5,europe_mid,none,ESTIMATED_FROM_DAILY_OHLC_USING_SESSION_HEURISTICS_NOT_REAL_INTRADAY_DATA,
2026-05-01T18:30:00+0530,2026-05-01T18:30:00+0530,01-05-2026,WTI,WTI Crude Oil Futures,NYMEX/CME,60m,FRONT_MONTH_CONTINUOUS,CL1!,RECONSTRUCTED_FROM_DAILY,See methodology_and_sources.md,104.93,104.94,104.93,104.94,0,USD,9391.53,9392.04,9391.53,9392.04,89.5,europe_mid,none,ESTIMATED_FROM_DAILY_OHLC_USING_SESSION_HEURISTICS_NOT_REAL_INTRADAY_DATA,
2026-05-01T19:30:00+0530,2026-05-01T19:30:00+0530,01-05-2026,WTI,WTI Crude Oil Futures,NYMEX/CME,60m,FRONT_MONTH_CONTINUOUS,CL1!,RECONSTRUCTED_FROM_DAILY,See methodology_and_sources.md,104.94,104.94,104.92,104.92,0,USD,9392.04,9392.04,9390.42,9390.42,89.5,europe_mid,none,ESTIMATED_FROM_DAILY_OHLC_USING_SESSION_HEURISTICS_NOT_REAL_INTRADAY_DATA,
2026-05-01T20:30:00+0530,2026-05-01T20:30:00+0530,01-05-2026,WTI,WTI Crude Oil Futures,NYMEX/CME,60m,FRONT_MONTH_CONTINUOUS,CL1!,RECONSTRUCTED_FROM_DAILY,See methodology_and_sources.md,104.92,104.92,104.91,104.91,0,USD,9390.42,9390.42,9389.8,9389.8,89.5,us_pre_open,none,ESTIMATED_FROM_DAILY_OHLC_USING_SESSION_HEURISTICS_NOT_REAL_INTRADAY_DATA,
2026-05-01T21:30:00+0530,2026-05-01T21:30:00+0530,01-05-2026,WTI,WTI Crude Oil Futures,NYMEX/CME,60m,FRONT_MONTH_CONTINUOUS,CL1!,RECONSTRUCTED_FROM_DAILY,See methodology_and_sources.md,104.91,104.91,104.91,104.91,0,USD,9389.8,9389.8,9389.42,9389.42,89.5,us_open,first_hour_after_us_open,ESTIMATED_FROM_DAILY_OHLC_USING_SESSION_HEURISTICS_NOT_REAL_INTRADAY_DATA,
2026-05-01T22:30:00+0530,2026-05-01T22:30:00+0530,01-05-2026,WTI,WTI Crude Oil Futures,NYMEX/CME,60m,FRONT_MONTH_CONTINUOUS,CL1!,RECONSTRUCTED_FROM_DAILY,See methodology_and_sources.md,104.91,104.91,104.87,104.87,0,USD,9389.42,9389.42,9386.08,9386.08,89.5,us_open,final_hour_before_mcx_close,ESTIMATED_FROM_DAILY_OHLC_USING_SESSION_HEURISTICS_NOT_REAL_INTRADAY_DATA,
2026-05-01T23:30:00+0530,2026-05-01T23:30:00+0530,01-05-2026,WTI,WTI Crude Oil Futures,NYMEX/CME,60m,FRONT_MONTH_CONTINUOUS,CL1!,RECONSTRUCTED_FROM_DAILY,See methodology_and_sources.md,104.87,105.38,104.87,105.38,0,USD,9386.08,9431.51,9386.08,9431.51,89.5,mcx_tail,none,ESTIMATED_FROM_DAILY_OHLC_USING_SESSION_HEURISTICS_NOT_REAL_INTRADAY_DATA,
2026-05-02T00:30:00+0530,2026-05-02T00:30:00+0530,01-05-2026,WTI,WTI Crude Oil Futures,NYMEX/CME,60m,FRONT_MONTH_CONTINUOUS,CL1!,RECONSTRUCTED_FROM_DAILY,See methodology_and_sources.md,105.38,105.38,105.38,105.38,0,USD,9431.51,9431.51,9431.51,9431.51,89.5,other_valid_hours,none,ESTIMATED_FROM_DAILY_OHLC_USING_SESSION_HEURISTICS_NOT_REAL_INTRADAY_DATA,
2026-05-04T03:30:00+0530,2026-05-04T03:30:00+0530,04-05-2026,WTI,WTI Crude Oil Futures,NYMEX/CME,60m,FRONT_MONTH_CONTINUOUS,CL1!,RECONSTRUCTED_FROM_DAILY,See methodology_and_sources.md,105,105,105,105,0,USD,9408,9408.08,9408,9408.08,89.6,global_reopen_pre_mcx,none,ESTIMATED_FROM_DAILY_OHLC_USING_SESSION_HEURISTICS_NOT_REAL_INTRADAY_DATA,
2026-05-04T04:30:00+0530,2026-05-04T04:30:00+0530,04-05-2026,WTI,WTI Crude Oil Futures,NYMEX/CME,60m,FRONT_MONTH_CONTINUOUS,CL1!,RECONSTRUCTED_FROM_DAILY,See methodology_and_sources.md,105,105.05,105,105.05,0,USD,9408.08,9412.75,9408.08,9412.75,89.6,global_reopen_pre_mcx,none,ESTIMATED_FROM_DAILY_OHLC_USING_SESSION_HEURISTICS_NOT_REAL_INTRADAY_DATA,
2026-05-04T05:30:00+0530,2026-05-04T05:30:00+0530,04-05-2026,WTI,WTI Crude Oil Futures,NYMEX/CME,60m,FRONT_MONTH_CONTINUOUS,CL1!,RECONSTRUCTED_FROM_DAILY,See methodology_and_sources.md,105.05,105.05,105.05,105.05,0,USD,9412.75,9412.75,9412.32,9412.32,89.6,global_reopen_pre_mcx,none,ESTIMATED_FROM_DAILY_OHLC_USING_SESSION_HEURISTICS_NOT_REAL_INTRADAY_DATA,
2026-05-04T06:30:00+0530,2026-05-04T06:30:00+0530,04-05-2026,WTI,WTI Crude Oil Futures,NYMEX/CME,60m,FRONT_MONTH_CONTINUOUS,CL1!,RECONSTRUCTED_FROM_DAILY,See methodology_and_sources.md,105.05,105.05,105.01,105.01,0,USD,9412.32,9412.32,9408.97,9408.97,89.6,global_reopen_pre_mcx,none,ESTIMATED_FROM_DAILY_OHLC_USING_SESSION_HEURISTICS_NOT_REAL_INTRADAY_DATA,
2026-05-04T07:30:00+0530,2026-05-04T07:30:00+0530,04-05-2026,WTI,WTI Crude Oil Futures,NYMEX/CME,60m,FRONT_MONTH_CONTINUOUS,CL1!,RECONSTRUCTED_FROM_DAILY,See methodology_and_sources.md,105.01,105.02,105.01,105.02,0,USD,9408.97,9410.15,9408.97,9410.15,89.6,global_reopen_pre_mcx,none,ESTIMATED_FROM_DAILY_OHLC_USING_SESSION_HEURISTICS_NOT_REAL_INTRADAY_DATA,
2026-05-04T08:30:00+0530,2026-05-04T08:30:00+0530,04-05-2026,WTI,WTI Crude Oil Futures,NYMEX/CME,60m,FRONT_MONTH_CONTINUOUS,CL1!,RECONSTRUCTED_FROM_DAILY,See methodology_and_sources.md,105.02,105.02,105.01,105.01,0,USD,9410.15,9410.15,9409,9409,89.6,global_reopen_pre_mcx,none,ESTIMATED_FROM_DAILY_OHLC_USING_SESSION_HEURISTICS_NOT_REAL_INTRADAY_DATA,
2026-05-04T09:30:00+0530,2026-05-04T09:30:00+0530,04-05-2026,WTI,WTI Crude Oil Futures,NYMEX/CME,60m,FRONT_MONTH_CONTINUOUS,CL1!,RECONSTRUCTED_FROM_DAILY,See methodology_and_sources.md,105.01,105.01,104.99,104.99,0,USD,9409,9409,9407.18,9407.18,89.6,mcx_open_drive,none,ESTIMATED_FROM_DAILY_OHLC_USING_SESSION_HEURISTICS_NOT_REAL_INTRADAY_DATA,
2026-05-04T10:30:00+0530,2026-05-04T10:30:00+0530,04-05-2026,WTI,WTI Crude Oil Futures,NYMEX/CME,60m,FRONT_MONTH_CONTINUOUS,CL1!,RECONSTRUCTED_FROM_DAILY,See methodology_and_sources.md,104.99,105.01,104.99,105.01,0,USD,9407.18,9408.93,9407.18,9408.93,89.6,india_morning,none,ESTIMATED_FROM_DAILY_OHLC_USING_SESSION_HEURISTICS_NOT_REAL_INTRADAY_DATA,
2026-05-04T11:30:00+0530,2026-05-04T11:30:00+0530,04-05-2026,WTI,WTI Crude Oil Futures,NYMEX/CME,60m,FRONT_MONTH_CONTINUOUS,CL1!,RECONSTRUCTED_FROM_DAILY,See methodology_and_sources.md,105.01,105.01,104.98,104.98,0,USD,9408.93,9408.93,9406.46,9406.46,89.6,india_morning,none,ESTIMATED_FROM_DAILY_OHLC_USING_SESSION_HEURISTICS_NOT_REAL_INTRADAY_DATA,
2026-05-04T12:30:00+0530,2026-05-04T12:30:00+0530,04-05-2026,WTI,WTI Crude Oil Futures,NYMEX/CME,60m,FRONT_MONTH_CONTINUOUS,CL1!,RECONSTRUCTED_FROM_DAILY,See methodology_and_sources.md,104.98,104.99,104.98,104.99,0,USD,9406.46,9407.43,9406.46,9407.43,89.6,india_midday,none,ESTIMATED_FROM_DAILY_OHLC_USING_SESSION_HEURISTICS_NOT_REAL_INTRADAY_DATA,
2026-05-04T13:30:00+0530,2026-05-04T13:30:00+0530,04-05-2026,WTI,WTI Crude Oil Futures,NYMEX/CME,60m,FRONT_MONTH_CONTINUOUS,CL1!,RECONSTRUCTED_FROM_DAILY,See methodology_and_sources.md,104.99,104.99,104.92,104.92,0,USD,9407.43,9407.43,9401.27,9401.27,89.6,india_midday,none,ESTIMATED_FROM_DAILY_OHLC_USING_SESSION_HEURISTICS_NOT_REAL_INTRADAY_DATA,
2026-05-04T14:30:00+0530,2026-05-04T14:30:00+0530,04-05-2026,WTI,WTI Crude Oil Futures,NYMEX/CME,60m,FRONT_MONTH_CONTINUOUS,CL1!,RECONSTRUCTED_FROM_DAILY,See methodology_and_sources.md,104.92,104.93,104.92,104.93,0,USD,9401.27,9401.64,9401.27,9401.64,89.6,india_midday,none,ESTIMATED_FROM_DAILY_OHLC_USING_SESSION_HEURISTICS_NOT_REAL_INTRADAY_DATA,
2026-05-04T15:30:00+0530,2026-05-04T15:30:00+0530,04-05-2026,WTI,WTI Crude Oil Futures,NYMEX/CME,60m,FRONT_MONTH_CONTINUOUS,CL1!,RECONSTRUCTED_FROM_DAILY,See methodology_and_sources.md,104.93,104.93,104.93,104.93,0,USD,9401.64,9402.14,9401.64,9402.14,89.6,europe_open,first_30m_after_europe_open,ESTIMATED_FROM_DAILY_OHLC_USING_SESSION_HEURISTICS_NOT_REAL_INTRADAY_DATA,
2026-05-04T16:30:00+0530,2026-05-04T16:30:00+0530,04-05-2026,WTI,WTI Crude Oil Futures,NYMEX/CME,60m,FRONT_MONTH_CONTINUOUS,CL1!,RECONSTRUCTED_FROM_DAILY,See methodology_and_sources.md,104.93,105,104.93,105,0,USD,9402.14,9407.72,9402.14,9407.72,89.6,europe_open,none,ESTIMATED_FROM_DAILY_OHLC_USING_SESSION_HEURISTICS_NOT_REAL_INTRADAY_DATA,
2026-05-04T17:30:00+0530,2026-05-04T17:30:00+0530,04-05-2026,WTI,WTI Crude Oil Futures,NYMEX/CME,60m,FRONT_MONTH_CONTINUOUS,CL1!,RECONSTRUCTED_FROM_DAILY,See methodology_and_sources.md,105,105.04,105,105.04,0,USD,9407.72,9411.81,9407.72,9411.81,89.6,europe_mid,none,ESTIMATED_FROM_DAILY_OHLC_USING_SESSION_HEURISTICS_NOT_REAL_INTRADAY_DATA,
2026-05-04T18:30:00+0530,2026-05-04T18:30:00+0530,04-05-2026,WTI,WTI Crude Oil Futures,NYMEX/CME,60m,FRONT_MONTH_CONTINUOUS,CL1!,RECONSTRUCTED_FROM_DAILY,See methodology_and_sources.md,105.04,105.04,105.03,105.03,0,USD,9411.81,9411.81,9410.92,9410.92,89.6,europe_mid,none,ESTIMATED_FROM_DAILY_OHLC_USING_SESSION_HEURISTICS_NOT_REAL_INTRADAY_DATA,
2026-05-04T19:30:00+0530,2026-05-04T19:30:00+0530,04-05-2026,WTI,WTI Crude Oil Futures,NYMEX/CME,60m,FRONT_MONTH_CONTINUOUS,CL1!,RECONSTRUCTED_FROM_DAILY,See methodology_and_sources.md,105.03,105.11,105.03,105.11,0,USD,9410.92,9417.89,9410.92,9417.89,89.6,europe_mid,none,ESTIMATED_FROM_DAILY_OHLC_USING_SESSION_HEURISTICS_NOT_REAL_INTRADAY_DATA,
2026-05-04T20:30:00+0530,2026-05-04T20:30:00+0530,04-05-2026,WTI,WTI Crude Oil Futures,NYMEX/CME,60m,FRONT_MONTH_CONTINUOUS,CL1!,RECONSTRUCTED_FROM_DAILY,See methodology_and_sources.md,105.11,105.2,105.11,105.2,0,USD,9417.89,9426.07,9417.89,9426.07,89.6,us_pre_open,none,ESTIMATED_FROM_DAILY_OHLC_USING_SESSION_HEURISTICS_NOT_REAL_INTRADAY_DATA,
2026-05-04T21:30:00+0530,2026-05-04T21:30:00+0530,04-05-2026,WTI,WTI Crude Oil Futures,NYMEX/CME,60m,FRONT_MONTH_CONTINUOUS,CL1!,RECONSTRUCTED_FROM_DAILY,See methodology_and_sources.md,105.2,105.2,105.18,105.18,0,USD,9426.07,9426.07,9424.11,9424.11,89.6,us_open,first_hour_after_us_open,ESTIMATED_FROM_DAILY_OHLC_USING_SESSION_HEURISTICS_NOT_REAL_INTRADAY_DATA,
2026-05-04T22:30:00+0530,2026-05-04T22:30:00+0530,04-05-2026,WTI,WTI Crude Oil Futures,NYMEX/CME,60m,FRONT_MONTH_CONTINUOUS,CL1!,RECONSTRUCTED_FROM_DAILY,See methodology_and_sources.md,105.18,105.18,105.17,105.17,0,USD,9424.11,9424.11,9423.63,9423.63,89.6,us_open,final_hour_before_mcx_close,ESTIMATED_FROM_DAILY_OHLC_USING_SESSION_HEURISTICS_NOT_REAL_INTRADAY_DATA,
2026-05-04T23:30:00+0530,2026-05-04T23:30:00+0530,04-05-2026,WTI,WTI Crude Oil Futures,NYMEX/CME,60m,FRONT_MONTH_CONTINUOUS,CL1!,RECONSTRUCTED_FROM_DAILY,See methodology_and_sources.md,105.17,109.76,105.17,109.76,0,USD,9423.63,9834.5,9423.63,9834.5,89.6,mcx_tail,none,ESTIMATED_FROM_DAILY_OHLC_USING_SESSION_HEURISTICS_NOT_REAL_INTRADAY_DATA,
2026-05-05T00:30:00+0530,2026-05-05T00:30:00+0530,04-05-2026,WTI,WTI Crude Oil Futures,NYMEX/CME,60m,FRONT_MONTH_CONTINUOUS,CL1!,RECONSTRUCTED_FROM_DAILY,See methodology_and_sources.md,109.76,109.76,109.76,109.76,0,USD,9834.5,9834.5,9834.5,9834.5,89.6,other_valid_hours,none,ESTIMATED_FROM_DAILY_OHLC_USING_SESSION_HEURISTICS_NOT_REAL_INTRADAY_DATA,
2026-05-05T03:30:00+0530,2026-05-05T03:30:00+0530,05-05-2026,WTI,WTI Crude Oil Futures,NYMEX/CME,60m,FRONT_MONTH_CONTINUOUS,CL1!,RECONSTRUCTED_FROM_DAILY,See methodology_and_sources.md,110,110,110,110,0,USD,9861.5,9861.5,9861.5,9861.5,89.65,global_reopen_pre_mcx,none,ESTIMATED_FROM_DAILY_OHLC_USING_SESSION_HEURISTICS_NOT_REAL_INTRADAY_DATA,
2026-05-05T04:30:00+0530,2026-05-05T04:30:00+0530,05-05-2026,WTI,WTI Crude Oil Futures,NYMEX/CME,60m,FRONT_MONTH_CONTINUOUS,CL1!,RECONSTRUCTED_FROM_DAILY,See methodology_and_sources.md,110,110,110,110,0,USD,9861.5,9861.5,9861.5,9861.5,89.65,global_reopen_pre_mcx,none,ESTIMATED_FROM_DAILY_OHLC_USING_SESSION_HEURISTICS_NOT_REAL_INTRADAY_DATA,
2026-05-05T05:30:00+0530,2026-05-05T05:30:00+0530,05-05-2026,WTI,WTI Crude Oil Futures,NYMEX/CME,60m,FRONT_MONTH_CONTINUOUS,CL1!,RECONSTRUCTED_FROM_DAILY,See methodology_and_sources.md,110,110,110,110,0,USD,9861.5,9861.5,9861.5,9861.5,89.65,global_reopen_pre_mcx,none,ESTIMATED_FROM_DAILY_OHLC_USING_SESSION_HEURISTICS_NOT_REAL_INTRADAY_DATA,
2026-05-05T06:30:00+0530,2026-05-05T06:30:00+0530,05-05-2026,WTI,WTI Crude Oil Futures,NYMEX/CME,60m,FRONT_MONTH_CONTINUOUS,CL1!,RECONSTRUCTED_FROM_DAILY,See methodology_and_sources.md,110,110,110,110,0,USD,9861.5,9861.5,9861.5,9861.5,89.65,global_reopen_pre_mcx,none,ESTIMATED_FROM_DAILY_OHLC_USING_SESSION_HEURISTICS_NOT_REAL_INTRADAY_DATA,
2026-05-05T07:30:00+0530,2026-05-05T07:30:00+0530,05-05-2026,WTI,WTI Crude Oil Futures,NYMEX/CME,60m,FRONT_MONTH_CONTINUOUS,CL1!,RECONSTRUCTED_FROM_DAILY,See methodology_and_sources.md,110,110,110,110,0,USD,9861.5,9861.5,9861.5,9861.5,89.65,global_reopen_pre_mcx,none,ESTIMATED_FROM_DAILY_OHLC_USING_SESSION_HEURISTICS_NOT_REAL_INTRADAY_DATA,
2026-05-05T08:30:00+0530,2026-05-05T08:30:00+0530,05-05-2026,WTI,WTI Crude Oil Futures,NYMEX/CME,60m,FRONT_MONTH_CONTINUOUS,CL1!,RECONSTRUCTED_FROM_DAILY,See methodology_and_sources.md,110,110,109.96,109.96,0,USD,9861.5,9861.5,9858.28,9858.28,89.65,global_reopen_pre_mcx,none,ESTIMATED_FROM_DAILY_OHLC_USING_SESSION_HEURISTICS_NOT_REAL_INTRADAY_DATA,
2026-05-05T09:30:00+0530,2026-05-05T09:30:00+0530,05-05-2026,WTI,WTI Crude Oil Futures,NYMEX/CME,60m,FRONT_MONTH_CONTINUOUS,CL1!,RECONSTRUCTED_FROM_DAILY,See methodology_and_sources.md,109.96,109.98,109.96,109.98,0,USD,9858.28,9859.83,9858.28,9859.83,89.65,mcx_open_drive,none,ESTIMATED_FROM_DAILY_OHLC_USING_SESSION_HEURISTICS_NOT_REAL_INTRADAY_DATA,
2026-05-05T10:30:00+0530,2026-05-05T10:30:00+0530,05-05-2026,WTI,WTI Crude Oil Futures,NYMEX/CME,60m,FRONT_MONTH_CONTINUOUS,CL1!,RECONSTRUCTED_FROM_DAILY,See methodology_and_sources.md,109.98,110,109.98,110,0,USD,9859.83,9861.42,9859.83,9861.42,89.65,india_morning,none,ESTIMATED_FROM_DAILY_OHLC_USING_SESSION_HEURISTICS_NOT_REAL_INTRADAY_DATA,
2026-05-05T11:30:00+0530,2026-05-05T11:30:00+0530,05-05-2026,WTI,WTI Crude Oil Futures,NYMEX/CME,60m,FRONT_MONTH_CONTINUOUS,CL1!,RECONSTRUCTED_FROM_DAILY,See methodology_and_sources.md,110,110,110,110,0,USD,9861.42,9861.5,9861.42,9861.5,89.65,india_morning,none,ESTIMATED_FROM_DAILY_OHLC_USING_SESSION_HEURISTICS_NOT_REAL_INTRADAY_DATA,
2026-05-05T12:30:00+0530,2026-05-05T12:30:00+0530,05-05-2026,WTI,WTI Crude Oil Futures,NYMEX/CME,60m,FRONT_MONTH_CONTINUOUS,CL1!,RECONSTRUCTED_FROM_DAILY,See methodology_and_sources.md,110,110,109.99,109.99,0,USD,9861.5,9861.5,9860.17,9860.17,89.65,india_midday,none,ESTIMATED_FROM_DAILY_OHLC_USING_SESSION_HEURISTICS_NOT_REAL_INTRADAY_DATA,
2026-05-05T13:30:00+0530,2026-05-05T13:30:00+0530,05-05-2026,WTI,WTI Crude Oil Futures,NYMEX/CME,60m,FRONT_MONTH_CONTINUOUS,CL1!,RECONSTRUCTED_FROM_DAILY,See methodology_and_sources.md,109.99,109.99,109.95,109.95,0,USD,9860.17,9860.17,9857.44,9857.44,89.65,india_midday,none,ESTIMATED_FROM_DAILY_OHLC_USING_SESSION_HEURISTICS_NOT_REAL_INTRADAY_DATA,
2026-05-05T14:30:00+0530,2026-05-05T14:30:00+0530,05-05-2026,WTI,WTI Crude Oil Futures,NYMEX/CME,60m,FRONT_MONTH_CONTINUOUS,CL1!,RECONSTRUCTED_FROM_DAILY,See methodology_and_sources.md,109.95,109.95,109.95,109.95,0,USD,9857.44,9857.44,9856.64,9856.64,89.65,india_midday,none,ESTIMATED_FROM_DAILY_OHLC_USING_SESSION_HEURISTICS_NOT_REAL_INTRADAY_DATA,
2026-05-05T15:30:00+0530,2026-05-05T15:30:00+0530,05-05-2026,WTI,WTI Crude Oil Futures,NYMEX/CME,60m,FRONT_MONTH_CONTINUOUS,CL1!,RECONSTRUCTED_FROM_DAILY,See methodology_and_sources.md,109.95,109.95,109.89,109.89,0,USD,9856.64,9856.64,9851.95,9851.95,89.65,europe_open,first_30m_after_europe_open,ESTIMATED_FROM_DAILY_OHLC_USING_SESSION_HEURISTICS_NOT_REAL_INTRADAY_DATA,
2026-05-05T16:30:00+0530,2026-05-05T16:30:00+0530,05-05-2026,WTI,WTI Crude Oil Futures,NYMEX/CME,60m,FRONT_MONTH_CONTINUOUS,CL1!,RECONSTRUCTED_FROM_DAILY,See methodology_and_sources.md,109.89,109.92,109.89,109.92,0,USD,9851.95,9854.53,9851.95,9854.53,89.65,europe_open,none,ESTIMATED_FROM_DAILY_OHLC_USING_SESSION_HEURISTICS_NOT_REAL_INTRADAY_DATA,
2026-05-05T17:30:00+0530,2026-05-05T17:30:00+0530,05-05-2026,WTI,WTI Crude Oil Futures,NYMEX/CME,60m,FRONT_MONTH_CONTINUOUS,CL1!,RECONSTRUCTED_FROM_DAILY,See methodology_and_sources.md,109.92,109.95,109.92,109.95,0,USD,9854.53,9857.19,9854.53,9857.19,89.65,europe_mid,none,ESTIMATED_FROM_DAILY_OHLC_USING_SESSION_HEURISTICS_NOT_REAL_INTRADAY_DATA,
2026-05-05T18:30:00+0530,2026-05-05T18:30:00+0530,05-05-2026,WTI,WTI Crude Oil Futures,NYMEX/CME,60m,FRONT_MONTH_CONTINUOUS,CL1!,RECONSTRUCTED_FROM_DAILY,See methodology_and_sources.md,109.95,109.96,109.95,109.96,0,USD,9857.19,9858.32,9857.19,9858.32,89.65,europe_mid,none,ESTIMATED_FROM_DAILY_OHLC_USING_SESSION_HEURISTICS_NOT_REAL_INTRADAY_DATA,
2026-05-05T19:30:00+0530,2026-05-05T19:30:00+0530,05-05-2026,WTI,WTI Crude Oil Futures,NYMEX/CME,60m,FRONT_MONTH_CONTINUOUS,CL1!,RECONSTRUCTED_FROM_DAILY,See methodology_and_sources.md,109.96,109.99,109.96,109.99,0,USD,9858.32,9860.2,9858.32,9860.2,89.65,europe_mid,none,ESTIMATED_FROM_DAILY_OHLC_USING_SESSION_HEURISTICS_NOT_REAL_INTRADAY_DATA,
2026-05-05T20:30:00+0530,2026-05-05T20:30:00+0530,05-05-2026,WTI,WTI Crude Oil Futures,NYMEX/CME,60m,FRONT_MONTH_CONTINUOUS,CL1!,RECONSTRUCTED_FROM_DAILY,See methodology_and_sources.md,109.99,109.99,109.94,109.94,0,USD,9860.2,9860.2,9856.15,9856.15,89.65,us_pre_open,none,ESTIMATED_FROM_DAILY_OHLC_USING_SESSION_HEURISTICS_NOT_REAL_INTRADAY_DATA,
2026-05-05T21:30:00+0530,2026-05-05T21:30:00+0530,05-05-2026,WTI,WTI Crude Oil Futures,NYMEX/CME,60m,FRONT_MONTH_CONTINUOUS,CL1!,RECONSTRUCTED_FROM_DAILY,See methodology_and_sources.md,109.94,109.94,109.91,109.91,0,USD,9856.15,9856.15,9853.11,9853.11,89.65,us_open,first_hour_after_us_open,ESTIMATED_FROM_DAILY_OHLC_USING_SESSION_HEURISTICS_NOT_REAL_INTRADAY_DATA,
2026-05-05T22:30:00+0530,2026-05-05T22:30:00+0530,05-05-2026,WTI,WTI Crude Oil Futures,NYMEX/CME,60m,FRONT_MONTH_CONTINUOUS,CL1!,RECONSTRUCTED_FROM_DAILY,See methodology_and_sources.md,109.91,109.91,109.87,109.87,0,USD,9853.11,9853.11,9849.92,9849.92,89.65,us_open,final_hour_before_mcx_close,ESTIMATED_FROM_DAILY_OHLC_USING_SESSION_HEURISTICS_NOT_REAL_INTRADAY_DATA,
2026-05-05T23:30:00+0530,2026-05-05T23:30:00+0530,05-05-2026,WTI,WTI Crude Oil Futures,NYMEX/CME,60m,FRONT_MONTH_CONTINUOUS,CL1!,RECONSTRUCTED_FROM_DAILY,See methodology_and_sources.md,109.87,109.87,108.64,108.64,0,USD,9849.92,9849.92,9739.58,9739.58,89.65,mcx_tail,none,ESTIMATED_FROM_DAILY_OHLC_USING_SESSION_HEURISTICS_NOT_REAL_INTRADAY_DATA,
2026-05-06T00:30:00+0530,2026-05-06T00:30:00+0530,05-05-2026,WTI,WTI Crude Oil Futures,NYMEX/CME,60m,FRONT_MONTH_CONTINUOUS,CL1!,RECONSTRUCTED_FROM_DAILY,See methodology_and_sources.md,108.64,108.64,108.64,108.64,0,USD,9739.58,9739.58,9739.58,9739.58,89.65,other_valid_hours,none,ESTIMATED_FROM_DAILY_OHLC_USING_SESSION_HEURISTICS_NOT_REAL_INTRADAY_DATA,
2026-05-06T03:30:00+0530,2026-05-06T03:30:00+0530,06-05-2026,WTI,WTI Crude Oil Futures,NYMEX/CME,60m,FRONT_MONTH_CONTINUOUS,CL1!,RECONSTRUCTED_FROM_DAILY,See methodology_and_sources.md,109,109,108.98,108.98,0,USD,9777.3,9777.3,9775.17,9775.17,89.7,global_reopen_pre_mcx,none,ESTIMATED_FROM_DAILY_OHLC_USING_SESSION_HEURISTICS_NOT_REAL_INTRADAY_DATA,
2026-05-06T04:30:00+0530,2026-05-06T04:30:00+0530,06-05-2026,WTI,WTI Crude Oil Futures,NYMEX/CME,60m,FRONT_MONTH_CONTINUOUS,CL1!,RECONSTRUCTED_FROM_DAILY,See methodology_and_sources.md,108.98,108.98,108.97,108.97,0,USD,9775.17,9775.17,9774.83,9774.83,89.7,global_reopen_pre_mcx,none,ESTIMATED_FROM_DAILY_OHLC_USING_SESSION_HEURISTICS_NOT_REAL_INTRADAY_DATA,
2026-05-06T05:30:00+0530,2026-05-06T05:30:00+0530,06-05-2026,WTI,WTI Crude Oil Futures,NYMEX/CME,60m,FRONT_MONTH_CONTINUOUS,CL1!,RECONSTRUCTED_FROM_DAILY,See methodology_and_sources.md,108.97,108.99,108.97,108.99,0,USD,9774.83,9776.32,9774.83,9776.32,89.7,global_reopen_pre_mcx,none,ESTIMATED_FROM_DAILY_OHLC_USING_SESSION_HEURISTICS_NOT_REAL_INTRADAY_DATA,
2026-05-06T06:30:00+0530,2026-05-06T06:30:00+0530,06-05-2026,WTI,WTI Crude Oil Futures,NYMEX/CME,60m,FRONT_MONTH_CONTINUOUS,CL1!,RECONSTRUCTED_FROM_DAILY,See methodology_and_sources.md,108.99,109,108.99,109,0,USD,9776.32,9777.65,9776.32,9777.65,89.7,global_reopen_pre_mcx,none,ESTIMATED_FROM_DAILY_OHLC_USING_SESSION_HEURISTICS_NOT_REAL_INTRADAY_DATA,
2026-05-06T07:30:00+0530,2026-05-06T07:30:00+0530,06-05-2026,WTI,WTI Crude Oil Futures,NYMEX/CME,60m,FRONT_MONTH_CONTINUOUS,CL1!,RECONSTRUCTED_FROM_DAILY,See methodology_and_sources.md,109,109.02,109,109.02,0,USD,9777.65,9779.08,9777.65,9779.08,89.7,global_reopen_pre_mcx,none,ESTIMATED_FROM_DAILY_OHLC_USING_SESSION_HEURISTICS_NOT_REAL_INTRADAY_DATA,
2026-05-06T08:30:00+0530,2026-05-06T08:30:00+0530,06-05-2026,WTI,WTI Crude Oil Futures,NYMEX/CME,60m,FRONT_MONTH_CONTINUOUS,CL1!,RECONSTRUCTED_FROM_DAILY,See methodology_and_sources.md,109.02,109.02,109.02,109.02,0,USD,9779.08,9779.21,9779.08,9779.21,89.7,global_reopen_pre_mcx,none,ESTIMATED_FROM_DAILY_OHLC_USING_SESSION_HEURISTICS_NOT_REAL_INTRADAY_DATA,
2026-05-06T09:30:00+0530,2026-05-06T09:30:00+0530,06-05-2026,WTI,WTI Crude Oil Futures,NYMEX/CME,60m,FRONT_MONTH_CONTINUOUS,CL1!,RECONSTRUCTED_FROM_DAILY,See methodology_and_sources.md,109.02,109.04,109.02,109.04,0,USD,9779.21,9781.23,9779.21,9781.23,89.7,mcx_open_drive,none,ESTIMATED_FROM_DAILY_OHLC_USING_SESSION_HEURISTICS_NOT_REAL_INTRADAY_DATA,
2026-05-06T10:30:00+0530,2026-05-06T10:30:00+0530,06-05-2026,WTI,WTI Crude Oil Futures,NYMEX/CME,60m,FRONT_MONTH_CONTINUOUS,CL1!,RECONSTRUCTED_FROM_DAILY,See methodology_and_sources.md,109.04,109.04,109.04,109.04,0,USD,9781.23,9781.23,9780.5,9780.5,89.7,india_morning,none,ESTIMATED_FROM_DAILY_OHLC_USING_SESSION_HEURISTICS_NOT_REAL_INTRADAY_DATA,
2026-05-06T11:30:00+0530,2026-05-06T11:30:00+0530,06-05-2026,WTI,WTI Crude Oil Futures,NYMEX/CME,60m,FRONT_MONTH_CONTINUOUS,CL1!,RECONSTRUCTED_FROM_DAILY,See methodology_and_sources.md,109.04,109.04,109.02,109.02,0,USD,9780.5,9780.5,9778.98,9778.98,89.7,india_morning,none,ESTIMATED_FROM_DAILY_OHLC_USING_SESSION_HEURISTICS_NOT_REAL_INTRADAY_DATA,
2026-05-06T12:30:00+0530,2026-05-06T12:30:00+0530,06-05-2026,WTI,WTI Crude Oil Futures,NYMEX/CME,60m,FRONT_MONTH_CONTINUOUS,CL1!,RECONSTRUCTED_FROM_DAILY,See methodology_and_sources.md,109.02,109.04,109.02,109.04,0,USD,9778.98,9781.1,9778.98,9781.1,89.7,india_midday,none,ESTIMATED_FROM_DAILY_OHLC_USING_SESSION_HEURISTICS_NOT_REAL_INTRADAY_DATA,
2026-05-06T13:30:00+0530,2026-05-06T13:30:00+0530,06-05-2026,WTI,WTI Crude Oil Futures,NYMEX/CME,60m,FRONT_MONTH_CONTINUOUS,CL1!,RECONSTRUCTED_FROM_DAILY,See methodology_and_sources.md,109.04,109.04,109.04,109.04,0,USD,9781.1,9781.1,9780.97,9780.97,89.7,india_midday,none,ESTIMATED_FROM_DAILY_OHLC_USING_SESSION_HEURISTICS_NOT_REAL_INTRADAY_DATA,
2026-05-06T14:30:00+0530,2026-05-06T14:30:00+0530,06-05-2026,WTI,WTI Crude Oil Futures,NYMEX/CME,60m,FRONT_MONTH_CONTINUOUS,CL1!,RECONSTRUCTED_FROM_DAILY,See methodology_and_sources.md,109.04,109.04,109.02,109.02,0,USD,9780.97,9780.97,9779,9779,89.7,india_midday,none,ESTIMATED_FROM_DAILY_OHLC_USING_SESSION_HEURISTICS_NOT_REAL_INTRADAY_DATA,
2026-05-06T15:30:00+0530,2026-05-06T15:30:00+0530,06-05-2026,WTI,WTI Crude Oil Futures,NYMEX/CME,60m,FRONT_MONTH_CONTINUOUS,CL1!,RECONSTRUCTED_FROM_DAILY,See methodology_and_sources.md,109.02,109.02,109,109,0,USD,9779,9779,9777.41,9777.41,89.7,europe_open,first_30m_after_europe_open,ESTIMATED_FROM_DAILY_OHLC_USING_SESSION_HEURISTICS_NOT_REAL_INTRADAY_DATA,
2026-05-06T16:30:00+0530,2026-05-06T16:30:00+0530,06-05-2026,WTI,WTI Crude Oil Futures,NYMEX/CME,60m,FRONT_MONTH_CONTINUOUS,CL1!,RECONSTRUCTED_FROM_DAILY,See methodology_and_sources.md,109,109,109,109,0,USD,9777.41,9777.41,9777.02,9777.02,89.7,europe_open,none,ESTIMATED_FROM_DAILY_OHLC_USING_SESSION_HEURISTICS_NOT_REAL_INTRADAY_DATA,
2026-05-06T17:30:00+0530,2026-05-06T17:30:00+0530,06-05-2026,WTI,WTI Crude Oil Futures,NYMEX/CME,60m,FRONT_MONTH_CONTINUOUS,CL1!,RECONSTRUCTED_FROM_DAILY,See methodology_and_sources.md,109,109.01,109,109.01,0,USD,9777.02,9778.1,9777.02,9778.1,89.7,europe_mid,none,ESTIMATED_FROM_DAILY_OHLC_USING_SESSION_HEURISTICS_NOT_REAL_INTRADAY_DATA,
2026-05-06T18:30:00+0530,2026-05-06T18:30:00+0530,06-05-2026,WTI,WTI Crude Oil Futures,NYMEX/CME,60m,FRONT_MONTH_CONTINUOUS,CL1!,RECONSTRUCTED_FROM_DAILY,See methodology_and_sources.md,109.01,109.02,109.01,109.02,0,USD,9778.1,9778.74,9778.1,9778.74,89.7,europe_mid,none,ESTIMATED_FROM_DAILY_OHLC_USING_SESSION_HEURISTICS_NOT_REAL_INTRADAY_DATA,
2026-05-06T19:30:00+0530,2026-05-06T19:30:00+0530,06-05-2026,WTI,WTI Crude Oil Futures,NYMEX/CME,60m,FRONT_MONTH_CONTINUOUS,CL1!,RECONSTRUCTED_FROM_DAILY,See methodology_and_sources.md,109.02,109.02,109.02,109.02,0,USD,9778.74,9778.74,9778.68,9778.68,89.7,europe_mid,none,ESTIMATED_FROM_DAILY_OHLC_USING_SESSION_HEURISTICS_NOT_REAL_INTRADAY_DATA,
2026-05-06T20:30:00+0530,2026-05-06T20:30:00+0530,06-05-2026,WTI,WTI Crude Oil Futures,NYMEX/CME,60m,FRONT_MONTH_CONTINUOUS,CL1!,RECONSTRUCTED_FROM_DAILY,See methodology_and_sources.md,109.02,109.04,109.02,109.04,0,USD,9778.68,9781.29,9778.68,9781.29,89.7,us_pre_open,none,ESTIMATED_FROM_DAILY_OHLC_USING_SESSION_HEURISTICS_NOT_REAL_INTRADAY_DATA,
2026-05-06T21:30:00+0530,2026-05-06T21:30:00+0530,06-05-2026,WTI,WTI Crude Oil Futures,NYMEX/CME,60m,FRONT_MONTH_CONTINUOUS,CL1!,RECONSTRUCTED_FROM_DAILY,See methodology_and_sources.md,109.04,109.04,109.03,109.03,0,USD,9781.29,9781.29,9780.43,9780.43,89.7,us_open,first_hour_after_us_open,ESTIMATED_FROM_DAILY_OHLC_USING_SESSION_HEURISTICS_NOT_REAL_INTRADAY_DATA,
2026-05-06T22:30:00+0530,2026-05-06T22:30:00+0530,06-05-2026,WTI,WTI Crude Oil Futures,NYMEX/CME,60m,FRONT_MONTH_CONTINUOUS,CL1!,RECONSTRUCTED_FROM_DAILY,See methodology_and_sources.md,109.03,109.04,109.03,109.04,0,USD,9780.43,9780.61,9780.43,9780.61,89.7,us_open,final_hour_before_mcx_close,ESTIMATED_FROM_DAILY_OHLC_USING_SESSION_HEURISTICS_NOT_REAL_INTRADAY_DATA,
2026-05-06T23:30:00+0530,2026-05-06T23:30:00+0530,06-05-2026,WTI,WTI Crude Oil Futures,NYMEX/CME,60m,FRONT_MONTH_CONTINUOUS,CL1!,RECONSTRUCTED_FROM_DAILY,See methodology_and_sources.md,109.04,110.47,109.04,110.47,0,USD,9780.61,9909.16,9780.61,9909.16,89.7,mcx_tail,none,ESTIMATED_FROM_DAILY_OHLC_USING_SESSION_HEURISTICS_NOT_REAL_INTRADAY_DATA,
2026-05-07T00:30:00+0530,2026-05-07T00:30:00+0530,06-05-2026,WTI,WTI Crude Oil Futures,NYMEX/CME,60m,FRONT_MONTH_CONTINUOUS,CL1!,RECONSTRUCTED_FROM_DAILY,See methodology_and_sources.md,110.47,110.47,110.47,110.47,0,USD,9909.16,9909.16,9909.16,9909.16,89.7,other_valid_hours,none,ESTIMATED_FROM_DAILY_OHLC_USING_SESSION_HEURISTICS_NOT_REAL_INTRADAY_DATA,
2026-05-07T03:30:00+0530,2026-05-07T03:30:00+0530,07-05-2026,WTI,WTI Crude Oil Futures,NYMEX/CME,60m,FRONT_MONTH_CONTINUOUS,CL1!,RECONSTRUCTED_FROM_DAILY,See methodology_and_sources.md,110,110,109.99,109.99,0,USD,9872.5,9872.5,9871.33,9871.33,89.75,global_reopen_pre_mcx,none,ESTIMATED_FROM_DAILY_OHLC_USING_SESSION_HEURISTICS_NOT_REAL_INTRADAY_DATA,
2026-05-07T04:30:00+0530,2026-05-07T04:30:00+0530,07-05-2026,WTI,WTI Crude Oil Futures,NYMEX/CME,60m,FRONT_MONTH_CONTINUOUS,CL1!,RECONSTRUCTED_FROM_DAILY,See methodology_and_sources.md,109.99,109.99,109.99,109.99,0,USD,9871.33,9871.6,9871.33,9871.6,89.75,global_reopen_pre_mcx,none,ESTIMATED_FROM_DAILY_OHLC_USING_SESSION_HEURISTICS_NOT_REAL_INTRADAY_DATA,
2026-05-07T05:30:00+0530,2026-05-07T05:30:00+0530,07-05-2026,WTI,WTI Crude Oil Futures,NYMEX/CME,60m,FRONT_MONTH_CONTINUOUS,CL1!,RECONSTRUCTED_FROM_DAILY,See methodology_and_sources.md,109.99,109.99,109.99,109.99,0,USD,9871.6,9871.83,9871.6,9871.83,89.75,global_reopen_pre_mcx,none,ESTIMATED_FROM_DAILY_OHLC_USING_SESSION_HEURISTICS_NOT_REAL_INTRADAY_DATA,
2026-05-07T06:30:00+0530,2026-05-07T06:30:00+0530,07-05-2026,WTI,WTI Crude Oil Futures,NYMEX/CME,60m,FRONT_MONTH_CONTINUOUS,CL1!,RECONSTRUCTED_FROM_DAILY,See methodology_and_sources.md,109.99,109.99,109.97,109.97,0,USD,9871.83,9871.83,9869.85,9869.85,89.75,global_reopen_pre_mcx,none,ESTIMATED_FROM_DAILY_OHLC_USING_SESSION_HEURISTICS_NOT_REAL_INTRADAY_DATA,
2026-05-07T07:30:00+0530,2026-05-07T07:30:00+0530,07-05-2026,WTI,WTI Crude Oil Futures,NYMEX/CME,60m,FRONT_MONTH_CONTINUOUS,CL1!,RECONSTRUCTED_FROM_DAILY,See methodology_and_sources.md,109.97,109.97,109.97,109.97,0,USD,9869.85,9870.06,9869.85,9870.06,89.75,global_reopen_pre_mcx,none,ESTIMATED_FROM_DAILY_OHLC_USING_SESSION_HEURISTICS_NOT_REAL_INTRADAY_DATA,
2026-05-07T08:30:00+0530,2026-05-07T08:30:00+0530,07-05-2026,WTI,WTI Crude Oil Futures,NYMEX/CME,60m,FRONT_MONTH_CONTINUOUS,CL1!,RECONSTRUCTED_FROM_DAILY,See methodology_and_sources.md,109.97,109.99,109.97,109.99,0,USD,9870.06,9871.69,9870.06,9871.69,89.75,global_reopen_pre_mcx,none,ESTIMATED_FROM_DAILY_OHLC_USING_SESSION_HEURISTICS_NOT_REAL_INTRADAY_DATA,
2026-05-07T09:30:00+0530,2026-05-07T09:30:00+0530,07-05-2026,WTI,WTI Crude Oil Futures,NYMEX/CME,60m,FRONT_MONTH_CONTINUOUS,CL1!,RECONSTRUCTED_FROM_DAILY,See methodology_and_sources.md,109.99,110.01,109.99,110.01,0,USD,9871.69,9873.08,9871.69,9873.08,89.75,mcx_open_drive,none,ESTIMATED_FROM_DAILY_OHLC_USING_SESSION_HEURISTICS_NOT_REAL_INTRADAY_DATA,
2026-05-07T10:30:00+0530,2026-05-07T10:30:00+0530,07-05-2026,WTI,WTI Crude Oil Futures,NYMEX/CME,60m,FRONT_MONTH_CONTINUOUS,CL1!,RECONSTRUCTED_FROM_DAILY,See methodology_and_sources.md,110.01,110.01,110,110,0,USD,9873.08,9873.08,9872.2,9872.2,89.75,india_morning,none,ESTIMATED_FROM_DAILY_OHLC_USING_SESSION_HEURISTICS_NOT_REAL_INTRADAY_DATA,
2026-05-07T11:30:00+0530,2026-05-07T11:30:00+0530,07-05-2026,WTI,WTI Crude Oil Futures,NYMEX/CME,60m,FRONT_MONTH_CONTINUOUS,CL1!,RECONSTRUCTED_FROM_DAILY,See methodology_and_sources.md,110,110,109.99,109.99,0,USD,9872.2,9872.2,9871.98,9871.98,89.75,india_morning,none,ESTIMATED_FROM_DAILY_OHLC_USING_SESSION_HEURISTICS_NOT_REAL_INTRADAY_DATA,
2026-05-07T12:30:00+0530,2026-05-07T12:30:00+0530,07-05-2026,WTI,WTI Crude Oil Futures,NYMEX/CME,60m,FRONT_MONTH_CONTINUOUS,CL1!,RECONSTRUCTED_FROM_DAILY,See methodology_and_sources.md,109.99,110.03,109.99,110.03,0,USD,9871.98,9874.96,9871.98,9874.96,89.75,india_midday,none,ESTIMATED_FROM_DAILY_OHLC_USING_SESSION_HEURISTICS_NOT_REAL_INTRADAY_DATA,
2026-05-07T13:30:00+0530,2026-05-07T13:30:00+0530,07-05-2026,WTI,WTI Crude Oil Futures,NYMEX/CME,60m,FRONT_MONTH_CONTINUOUS,CL1!,RECONSTRUCTED_FROM_DAILY,See methodology_and_sources.md,110.03,110.03,110.02,110.02,0,USD,9874.96,9874.96,9874.58,9874.58,89.75,india_midday,none,ESTIMATED_FROM_DAILY_OHLC_USING_SESSION_HEURISTICS_NOT_REAL_INTRADAY_DATA,
2026-05-07T14:30:00+0530,2026-05-07T14:30:00+0530,07-05-2026,WTI,WTI Crude Oil Futures,NYMEX/CME,60m,FRONT_MONTH_CONTINUOUS,CL1!,RECONSTRUCTED_FROM_DAILY,See methodology_and_sources.md,110.02,110.03,110.02,110.03,0,USD,9874.58,9875.27,9874.58,9875.27,89.75,india_midday,none,ESTIMATED_FROM_DAILY_OHLC_USING_SESSION_HEURISTICS_NOT_REAL_INTRADAY_DATA,
2026-05-07T15:30:00+0530,2026-05-07T15:30:00+0530,07-05-2026,WTI,WTI Crude Oil Futures,NYMEX/CME,60m,FRONT_MONTH_CONTINUOUS,CL1!,RECONSTRUCTED_FROM_DAILY,See methodology_and_sources.md,110.03,110.04,110.03,110.04,0,USD,9875.27,9876.4,9875.27,9876.4,89.75,europe_open,first_30m_after_europe_open,ESTIMATED_FROM_DAILY_OHLC_USING_SESSION_HEURISTICS_NOT_REAL_INTRADAY_DATA,
2026-05-07T16:30:00+0530,2026-05-07T16:30:00+0530,07-05-2026,WTI,WTI Crude Oil Futures,NYMEX/CME,60m,FRONT_MONTH_CONTINUOUS,CL1!,RECONSTRUCTED_FROM_DAILY,See methodology_and_sources.md,110.04,110.06,110.04,110.06,0,USD,9876.4,9878.26,9876.4,9878.26,89.75,europe_open,none,ESTIMATED_FROM_DAILY_OHLC_USING_SESSION_HEURISTICS_NOT_REAL_INTRADAY_DATA,
2026-05-07T17:30:00+0530,2026-05-07T17:30:00+0530,07-05-2026,WTI,WTI Crude Oil Futures,NYMEX/CME,60m,FRONT_MONTH_CONTINUOUS,CL1!,RECONSTRUCTED_FROM_DAILY,See methodology_and_sources.md,110.06,110.06,110.05,110.05,0,USD,9878.26,9878.26,9876.88,9876.88,89.75,europe_mid,none,ESTIMATED_FROM_DAILY_OHLC_USING_SESSION_HEURISTICS_NOT_REAL_INTRADAY_DATA,
2026-05-07T18:30:00+0530,2026-05-07T18:30:00+0530,07-05-2026,WTI,WTI Crude Oil Futures,NYMEX/CME,60m,FRONT_MONTH_CONTINUOUS,CL1!,RECONSTRUCTED_FROM_DAILY,See methodology_and_sources.md,110.05,110.05,110.04,110.04,0,USD,9876.88,9876.88,9876.07,9876.07,89.75,europe_mid,none,ESTIMATED_FROM_DAILY_OHLC_USING_SESSION_HEURISTICS_NOT_REAL_INTRADAY_DATA,
2026-05-07T19:30:00+0530,2026-05-07T19:30:00+0530,07-05-2026,WTI,WTI Crude Oil Futures,NYMEX/CME,60m,FRONT_MONTH_CONTINUOUS,CL1!,RECONSTRUCTED_FROM_DAILY,See methodology_and_sources.md,110.04,110.05,110.04,110.05,0,USD,9876.07,9877.04,9876.07,9877.04,89.75,europe_mid,none,ESTIMATED_FROM_DAILY_OHLC_USING_SESSION_HEURISTICS_NOT_REAL_INTRADAY_DATA,
2026-05-07T20:30:00+0530,2026-05-07T20:30:00+0530,07-05-2026,WTI,WTI Crude Oil Futures,NYMEX/CME,60m,FRONT_MONTH_CONTINUOUS,CL1!,RECONSTRUCTED_FROM_DAILY,See methodology_and_sources.md,110.05,110.05,110.03,110.03,0,USD,9877.04,9877.04,9875.63,9875.63,89.75,us_pre_open,none,ESTIMATED_FROM_DAILY_OHLC_USING_SESSION_HEURISTICS_NOT_REAL_INTRADAY_DATA,
2026-05-07T21:30:00+0530,2026-05-07T21:30:00+0530,07-05-2026,WTI,WTI Crude Oil Futures,NYMEX/CME,60m,FRONT_MONTH_CONTINUOUS,CL1!,RECONSTRUCTED_FROM_DAILY,See methodology_and_sources.md,110.03,110.03,110.03,110.03,0,USD,9875.63,9875.63,9875.4,9875.4,89.75,us_open,first_hour_after_us_open,ESTIMATED_FROM_DAILY_OHLC_USING_SESSION_HEURISTICS_NOT_REAL_INTRADAY_DATA,
2026-05-07T22:30:00+0530,2026-05-07T22:30:00+0530,07-05-2026,WTI,WTI Crude Oil Futures,NYMEX/CME,60m,FRONT_MONTH_CONTINUOUS,CL1!,RECONSTRUCTED_FROM_DAILY,See methodology_and_sources.md,110.03,110.03,110.01,110.01,0,USD,9875.4,9875.4,9873.73,9873.73,89.75,us_open,final_hour_before_mcx_close,ESTIMATED_FROM_DAILY_OHLC_USING_SESSION_HEURISTICS_NOT_REAL_INTRADAY_DATA,
2026-05-07T23:30:00+0530,2026-05-07T23:30:00+0530,07-05-2026,WTI,WTI Crude Oil Futures,NYMEX/CME,60m,FRONT_MONTH_CONTINUOUS,CL1!,RECONSTRUCTED_FROM_DAILY,See methodology_and_sources.md,110.01,110.01,109.76,109.76,0,USD,9873.73,9873.73,9850.96,9850.96,89.75,mcx_tail,none,ESTIMATED_FROM_DAILY_OHLC_USING_SESSION_HEURISTICS_NOT_REAL_INTRADAY_DATA,
2026-05-08T00:30:00+0530,2026-05-08T00:30:00+0530,07-05-2026,WTI,WTI Crude Oil Futures,NYMEX/CME,60m,FRONT_MONTH_CONTINUOUS,CL1!,RECONSTRUCTED_FROM_DAILY,See methodology_and_sources.md,109.76,109.76,109.76,109.76,0,USD,9850.96,9850.96,9850.96,9850.96,89.75,other_valid_hours,none,ESTIMATED_FROM_DAILY_OHLC_USING_SESSION_HEURISTICS_NOT_REAL_INTRADAY_DATA,
