trade_date_ist,timestamp_ist,open_native,high_native,low_native,close_native,volume,fx_rate_used,contract_symbol,currency_native,market,instrument_name,symbol,source_name,source_resolution_used,source_resolution_minutes,coverage_method,data_quality_flags,timestamp_utc,session_window_ist
2026-03-02,2026-03-02 09:00:00,,,,,614,83.0,CRUDEOILM-SYNTH,INR,MCX,MCX Crude Oil Mini Futures,MCX,synthetic,15m,15,synthetic_intraday,SYNTHETIC_INTRADAY,2026-03-02 03:30:00+00:00,mcx_open_drive
2026-03-02,2026-03-02 09:15:00,,,,,883,83.0,CRUDEOILM-SYNTH,INR,MCX,MCX Crude Oil Mini Futures,MCX,synthetic,15m,15,synthetic_intraday,SYNTHETIC_INTRADAY,2026-03-02 03:45:00+00:00,mcx_open_drive
2026-03-02,2026-03-02 09:30:00,,,,,851,83.0,CRUDEOILM-SYNTH,INR,MCX,MCX Crude Oil Mini Futures,MCX,synthetic,15m,15,synthetic_intraday,SYNTHETIC_INTRADAY,2026-03-02 04:00:00+00:00,mcx_open_drive
2026-03-02,2026-03-02 09:45:00,,,,,134,83.0,CRUDEOILM-SYNTH,INR,MCX,MCX Crude Oil Mini Futures,MCX,synthetic,15m,15,synthetic_intraday,SYNTHETIC_INTRADAY,2026-03-02 04:15:00+00:00,mcx_open_drive
2026-03-02,2026-03-02 10:00:00,,,,,399,83.0,CRUDEOILM-SYNTH,INR,MCX,MCX Crude Oil Mini Futures,MCX,synthetic,15m,15,synthetic_intraday,SYNTHETIC_INTRADAY,2026-03-02 04:30:00+00:00,mcx_open_drive
2026-03-02,2026-03-02 10:15:00,,,,,500,83.0,CRUDEOILM-SYNTH,INR,MCX,MCX Crude Oil Mini Futures,MCX,synthetic,15m,15,synthetic_intraday,SYNTHETIC_INTRADAY,2026-03-02 04:45:00+00:00,mcx_open_drive
2026-03-02,2026-03-02 10:30:00,,,,,887,83.0,CRUDEOILM-SYNTH,INR,MCX,MCX Crude Oil Mini Futures,MCX,synthetic,15m,15,synthetic_intraday,SYNTHETIC_INTRADAY,2026-03-02 05:00:00+00:00,india_morning
2026-03-02,2026-03-02 10:45:00,,,,,865,83.0,CRUDEOILM-SYNTH,INR,MCX,MCX Crude Oil Mini Futures,MCX,synthetic,15m,15,synthetic_intraday,SYNTHETIC_INTRADAY,2026-03-02 05:15:00+00:00,india_morning
2026-03-02,2026-03-02 11:00:00,,,,,448,83.0,CRUDEOILM-SYNTH,INR,MCX,MCX Crude Oil Mini Futures,MCX,synthetic,15m,15,synthetic_intraday,SYNTHETIC_INTRADAY,2026-03-02 05:30:00+00:00,india_morning
2026-03-02,2026-03-02 11:15:00,,,,,260,83.0,CRUDEOILM-SYNTH,INR,MCX,MCX Crude Oil Mini Futures,MCX,synthetic,15m,15,synthetic_intraday,SYNTHETIC_INTRADAY,2026-03-02 05:45:00+00:00,india_morning
2026-03-02,2026-03-02 11:30:00,,,,,265,83.0,CRUDEOILM-SYNTH,INR,MCX,MCX Crude Oil Mini Futures,MCX,synthetic,15m,15,synthetic_intraday,SYNTHETIC_INTRADAY,2026-03-02 06:00:00+00:00,india_morning
2026-03-02,2026-03-02 11:45:00,,,,,605,83.0,CRUDEOILM-SYNTH,INR,MCX,MCX Crude Oil Mini Futures,MCX,synthetic,15m,15,synthetic_intraday,SYNTHETIC_INTRADAY,2026-03-02 06:15:00+00:00,india_morning
2026-03-02,2026-03-02 12:00:00,,,,,121,83.0,CRUDEOILM-SYNTH,INR,MCX,MCX Crude Oil Mini Futures,MCX,synthetic,15m,15,synthetic_intraday,SYNTHETIC_INTRADAY,2026-03-02 06:30:00+00:00,india_morning
2026-03-02,2026-03-02 12:15:00,,,,,194,83.0,CRUDEOILM-SYNTH,INR,MCX,MCX Crude Oil Mini Futures,MCX,synthetic,15m,15,synthetic_intraday,SYNTHETIC_INTRADAY,2026-03-02 06:45:00+00:00,india_morning
2026-03-02,2026-03-02 12:30:00,,,,,898,83.0,CRUDEOILM-SYNTH,INR,MCX,MCX Crude Oil Mini Futures,MCX,synthetic,15m,15,synthetic_intraday,SYNTHETIC_INTRADAY,2026-03-02 07:00:00+00:00,india_midday
2026-03-02,2026-03-02 12:45:00,,,,,225,83.0,CRUDEOILM-SYNTH,INR,MCX,MCX Crude Oil Mini Futures,MCX,synthetic,15m,15,synthetic_intraday,SYNTHETIC_INTRADAY,2026-03-02 07:15:00+00:00,india_midday
2026-03-02,2026-03-02 13:00:00,,,,,444,83.0,CRUDEOILM-SYNTH,INR,MCX,MCX Crude Oil Mini Futures,MCX,synthetic,15m,15,synthetic_intraday,SYNTHETIC_INTRADAY,2026-03-02 07:30:00+00:00,india_midday
2026-03-02,2026-03-02 13:15:00,,,,,967,83.0,CRUDEOILM-SYNTH,INR,MCX,MCX Crude Oil Mini Futures,MCX,synthetic,15m,15,synthetic_intraday,SYNTHETIC_INTRADAY,2026-03-02 07:45:00+00:00,india_midday
2026-03-02,2026-03-02 13:30:00,,,,,988,83.0,CRUDEOILM-SYNTH,INR,MCX,MCX Crude Oil Mini Futures,MCX,synthetic,15m,15,synthetic_intraday,SYNTHETIC_INTRADAY,2026-03-02 08:00:00+00:00,india_midday
2026-03-02,2026-03-02 13:45:00,,,,,620,83.0,CRUDEOILM-SYNTH,INR,MCX,MCX Crude Oil Mini Futures,MCX,synthetic,15m,15,synthetic_intraday,SYNTHETIC_INTRADAY,2026-03-02 08:15:00+00:00,india_midday
2026-03-02,2026-03-02 14:00:00,,,,,155,83.0,CRUDEOILM-SYNTH,INR,MCX,MCX Crude Oil Mini Futures,MCX,synthetic,15m,15,synthetic_intraday,SYNTHETIC_INTRADAY,2026-03-02 08:30:00+00:00,india_midday
2026-03-02,2026-03-02 14:15:00,,,,,482,83.0,CRUDEOILM-SYNTH,INR,MCX,MCX Crude Oil Mini Futures,MCX,synthetic,15m,15,synthetic_intraday,SYNTHETIC_INTRADAY,2026-03-02 08:45:00+00:00,india_midday
2026-03-02,2026-03-02 14:30:00,,,,,459,83.0,CRUDEOILM-SYNTH,INR,MCX,MCX Crude Oil Mini Futures,MCX,synthetic,15m,15,synthetic_intraday,SYNTHETIC_INTRADAY,2026-03-02 09:00:00+00:00,india_midday
2026-03-02,2026-03-02 14:45:00,,,,,198,83.0,CRUDEOILM-SYNTH,INR,MCX,MCX Crude Oil Mini Futures,MCX,synthetic,15m,15,synthetic_intraday,SYNTHETIC_INTRADAY,2026-03-02 09:15:00+00:00,india_midday
2026-03-03,2026-03-03 09:00:00,6126.594999505201,6132.7215945047055,6120.468404505696,6126.594999505201,614,83.0,CRUDEOILM-SYNTH,INR,MCX,MCX Crude Oil Mini Futures,MCX,synthetic,15m,15,synthetic_intraday,SYNTHETIC_INTRADAY,2026-03-03 03:30:00+00:00,mcx_open_drive
2026-03-03,2026-03-03 09:15:00,6126.594999505201,6132.7215945047055,6120.468404505696,6126.594999505201,420,83.0,CRUDEOILM-SYNTH,INR,MCX,MCX Crude Oil Mini Futures,MCX,synthetic,15m,15,synthetic_intraday,SYNTHETIC_INTRADAY,2026-03-03 03:45:00+00:00,mcx_open_drive
2026-03-03,2026-03-03 09:30:00,6126.594999505201,6132.7215945047055,6120.468404505696,6126.594999505201,563,83.0,CRUDEOILM-SYNTH,INR,MCX,MCX Crude Oil Mini Futures,MCX,synthetic,15m,15,synthetic_intraday,SYNTHETIC_INTRADAY,2026-03-03 04:00:00+00:00,mcx_open_drive
2026-03-03,2026-03-03 09:45:00,6126.594999505201,6132.7215945047055,6120.468404505696,6126.594999505201,586,83.0,CRUDEOILM-SYNTH,INR,MCX,MCX Crude Oil Mini Futures,MCX,synthetic,15m,15,synthetic_intraday,SYNTHETIC_INTRADAY,2026-03-03 04:15:00+00:00,mcx_open_drive
2026-03-03,2026-03-03 10:00:00,6126.594999505201,6132.7215945047055,6120.468404505696,6126.594999505201,141,83.0,CRUDEOILM-SYNTH,INR,MCX,MCX Crude Oil Mini Futures,MCX,synthetic,15m,15,synthetic_intraday,SYNTHETIC_INTRADAY,2026-03-03 04:30:00+00:00,mcx_open_drive
2026-03-03,2026-03-03 10:15:00,6126.594999505201,6132.7215945047055,6120.468404505696,6126.594999505201,596,83.0,CRUDEOILM-SYNTH,INR,MCX,MCX Crude Oil Mini Futures,MCX,synthetic,15m,15,synthetic_intraday,SYNTHETIC_INTRADAY,2026-03-03 04:45:00+00:00,mcx_open_drive
2026-03-03,2026-03-03 10:30:00,6126.594999505201,6132.7215945047055,6120.468404505696,6126.594999505201,718,83.0,CRUDEOILM-SYNTH,INR,MCX,MCX Crude Oil Mini Futures,MCX,synthetic,15m,15,synthetic_intraday,SYNTHETIC_INTRADAY,2026-03-03 05:00:00+00:00,india_morning
2026-03-03,2026-03-03 10:45:00,6126.594999505201,6132.7215945047055,6120.468404505696,6126.594999505201,127,83.0,CRUDEOILM-SYNTH,INR,MCX,MCX Crude Oil Mini Futures,MCX,synthetic,15m,15,synthetic_intraday,SYNTHETIC_INTRADAY,2026-03-03 05:15:00+00:00,india_morning
2026-03-03,2026-03-03 11:00:00,6126.594999505201,6132.7215945047055,6120.468404505696,6126.594999505201,796,83.0,CRUDEOILM-SYNTH,INR,MCX,MCX Crude Oil Mini Futures,MCX,synthetic,15m,15,synthetic_intraday,SYNTHETIC_INTRADAY,2026-03-03 05:30:00+00:00,india_morning
2026-03-03,2026-03-03 11:15:00,6126.594999505201,6132.7215945047055,6120.468404505696,6126.594999505201,594,83.0,CRUDEOILM-SYNTH,INR,MCX,MCX Crude Oil Mini Futures,MCX,synthetic,15m,15,synthetic_intraday,SYNTHETIC_INTRADAY,2026-03-03 05:45:00+00:00,india_morning
2026-03-03,2026-03-03 11:30:00,6126.594999505201,6132.7215945047055,6120.468404505696,6126.594999505201,881,83.0,CRUDEOILM-SYNTH,INR,MCX,MCX Crude Oil Mini Futures,MCX,synthetic,15m,15,synthetic_intraday,SYNTHETIC_INTRADAY,2026-03-03 06:00:00+00:00,india_morning
2026-03-03,2026-03-03 11:45:00,6126.594999505201,6132.7215945047055,6120.468404505696,6126.594999505201,926,83.0,CRUDEOILM-SYNTH,INR,MCX,MCX Crude Oil Mini Futures,MCX,synthetic,15m,15,synthetic_intraday,SYNTHETIC_INTRADAY,2026-03-03 06:15:00+00:00,india_morning
2026-03-03,2026-03-03 12:00:00,6126.594999505201,6132.7215945047055,6120.468404505696,6126.594999505201,908,83.0,CRUDEOILM-SYNTH,INR,MCX,MCX Crude Oil Mini Futures,MCX,synthetic,15m,15,synthetic_intraday,SYNTHETIC_INTRADAY,2026-03-03 06:30:00+00:00,india_morning
2026-03-03,2026-03-03 12:15:00,6126.594999505201,6132.7215945047055,6120.468404505696,6126.594999505201,774,83.0,CRUDEOILM-SYNTH,INR,MCX,MCX Crude Oil Mini Futures,MCX,synthetic,15m,15,synthetic_intraday,SYNTHETIC_INTRADAY,2026-03-03 06:45:00+00:00,india_morning
2026-03-03,2026-03-03 12:30:00,6126.594999505201,6132.7215945047055,6120.468404505696,6126.594999505201,737,83.0,CRUDEOILM-SYNTH,INR,MCX,MCX Crude Oil Mini Futures,MCX,synthetic,15m,15,synthetic_intraday,SYNTHETIC_INTRADAY,2026-03-03 07:00:00+00:00,india_midday
2026-03-03,2026-03-03 12:45:00,6126.594999505201,6132.7215945047055,6120.468404505696,6126.594999505201,959,83.0,CRUDEOILM-SYNTH,INR,MCX,MCX Crude Oil Mini Futures,MCX,synthetic,15m,15,synthetic_intraday,SYNTHETIC_INTRADAY,2026-03-03 07:15:00+00:00,india_midday
2026-03-03,2026-03-03 13:00:00,6126.594999505201,6132.7215945047055,6120.468404505696,6126.594999505201,835,83.0,CRUDEOILM-SYNTH,INR,MCX,MCX Crude Oil Mini Futures,MCX,synthetic,15m,15,synthetic_intraday,SYNTHETIC_INTRADAY,2026-03-03 07:30:00+00:00,india_midday
2026-03-03,2026-03-03 13:15:00,6126.594999505201,6132.7215945047055,6120.468404505696,6126.594999505201,794,83.0,CRUDEOILM-SYNTH,INR,MCX,MCX Crude Oil Mini Futures,MCX,synthetic,15m,15,synthetic_intraday,SYNTHETIC_INTRADAY,2026-03-03 07:45:00+00:00,india_midday
2026-03-03,2026-03-03 13:30:00,6126.594999505201,6132.7215945047055,6120.468404505696,6126.594999505201,149,83.0,CRUDEOILM-SYNTH,INR,MCX,MCX Crude Oil Mini Futures,MCX,synthetic,15m,15,synthetic_intraday,SYNTHETIC_INTRADAY,2026-03-03 08:00:00+00:00,india_midday
2026-03-03,2026-03-03 13:45:00,6136.105124996297,6142.241230121293,6129.969019871301,6136.105124996297,478,83.0,CRUDEOILM-SYNTH,INR,MCX,MCX Crude Oil Mini Futures,MCX,synthetic,15m,15,synthetic_intraday,SYNTHETIC_INTRADAY,2026-03-03 08:15:00+00:00,india_midday
2026-03-03,2026-03-03 14:00:00,6152.531764079372,6158.684295843451,6146.379232315293,6152.531764079372,226,83.0,CRUDEOILM-SYNTH,INR,MCX,MCX Crude Oil Mini Futures,MCX,synthetic,15m,15,synthetic_intraday,SYNTHETIC_INTRADAY,2026-03-03 08:30:00+00:00,india_midday
2026-03-03,2026-03-03 14:15:00,6164.857299998572,6171.022157298569,6158.692442698573,6164.857299998572,696,83.0,CRUDEOILM-SYNTH,INR,MCX,MCX Crude Oil Mini Futures,MCX,synthetic,15m,15,synthetic_intraday,SYNTHETIC_INTRADAY,2026-03-03 08:45:00+00:00,india_midday
2026-03-03,2026-03-03 14:30:00,6180.615972019332,6186.796587991351,6174.435356047313,6180.615972019332,413,83.0,CRUDEOILM-SYNTH,INR,MCX,MCX Crude Oil Mini Futures,MCX,synthetic,15m,15,synthetic_intraday,SYNTHETIC_INTRADAY,2026-03-03 09:00:00+00:00,india_midday
2026-03-03,2026-03-03 14:45:00,6189.921049114783,6196.110970163897,6183.731128065669,6189.921049114783,242,83.0,CRUDEOILM-SYNTH,INR,MCX,MCX Crude Oil Mini Futures,MCX,synthetic,15m,15,synthetic_intraday,SYNTHETIC_INTRADAY,2026-03-03 09:15:00+00:00,india_midday
2026-03-04,2026-03-04 09:00:00,6193.079351786187,6199.2724311379725,6186.886272434401,6193.079351786187,497,83.0,CRUDEOILM-SYNTH,INR,MCX,MCX Crude Oil Mini Futures,MCX,synthetic,15m,15,synthetic_intraday,SYNTHETIC_INTRADAY,2026-03-04 03:30:00+00:00,mcx_open_drive
2026-03-04,2026-03-04 09:15:00,6187.93290907663,6194.120841985706,6181.7449761675525,6187.93290907663,971,83.0,CRUDEOILM-SYNTH,INR,MCX,MCX Crude Oil Mini Futures,MCX,synthetic,15m,15,synthetic_intraday,SYNTHETIC_INTRADAY,2026-03-04 03:45:00+00:00,mcx_open_drive
2026-03-04,2026-03-04 09:30:00,6192.44113332375,6198.633574457073,6186.2486921904265,6192.44113332375,866,83.0,CRUDEOILM-SYNTH,INR,MCX,MCX Crude Oil Mini Futures,MCX,synthetic,15m,15,synthetic_intraday,SYNTHETIC_INTRADAY,2026-03-04 04:00:00+00:00,mcx_open_drive
2026-03-04,2026-03-04 09:45:00,6187.1690505332845,6193.356219583817,6180.981881482751,6187.1690505332845,406,83.0,CRUDEOILM-SYNTH,INR,MCX,MCX Crude Oil Mini Futures,MCX,synthetic,15m,15,synthetic_intraday,SYNTHETIC_INTRADAY,2026-03-04 04:15:00+00:00,mcx_open_drive
2026-03-04,2026-03-04 10:00:00,6190.960964557576,6197.151925522133,6184.770003593018,6190.960964557576,463,83.0,CRUDEOILM-SYNTH,INR,MCX,MCX Crude Oil Mini Futures,MCX,synthetic,15m,15,synthetic_intraday,SYNTHETIC_INTRADAY,2026-03-04 04:30:00+00:00,mcx_open_drive
2026-03-04,2026-03-04 10:15:00,6190.288822848671,6196.479111671519,6184.098534025822,6190.288822848671,501,83.0,CRUDEOILM-SYNTH,INR,MCX,MCX Crude Oil Mini Futures,MCX,synthetic,15m,15,synthetic_intraday,SYNTHETIC_INTRADAY,2026-03-04 04:45:00+00:00,mcx_open_drive
2026-03-04,2026-03-04 10:30:00,6192.126213633577,6198.31833984721,6185.934087419943,6192.126213633577,280,83.0,CRUDEOILM-SYNTH,INR,MCX,MCX Crude Oil Mini Futures,MCX,synthetic,15m,15,synthetic_intraday,SYNTHETIC_INTRADAY,2026-03-04 05:00:00+00:00,india_morning
2026-03-04,2026-03-04 10:45:00,6190.51943606394,6196.709955500003,6184.3289166278755,6190.51943606394,430,83.0,CRUDEOILM-SYNTH,INR,MCX,MCX Crude Oil Mini Futures,MCX,synthetic,15m,15,synthetic_intraday,SYNTHETIC_INTRADAY,2026-03-04 05:15:00+00:00,india_morning
2026-03-04,2026-03-04 11:00:00,6192.7761321135495,6198.9689082456625,6186.5833559814355,6192.7761321135495,130,83.0,CRUDEOILM-SYNTH,INR,MCX,MCX Crude Oil Mini Futures,MCX,synthetic,15m,15,synthetic_intraday,SYNTHETIC_INTRADAY,2026-03-04 05:30:00+00:00,india_morning
2026-03-04,2026-03-04 11:15:00,6191.398522820276,6197.589921343096,6185.207124297456,6191.398522820276,762,83.0,CRUDEOILM-SYNTH,INR,MCX,MCX Crude Oil Mini Futures,MCX,synthetic,15m,15,synthetic_intraday,SYNTHETIC_INTRADAY,2026-03-04 05:45:00+00:00,india_morning
2026-03-04,2026-03-04 11:30:00,6194.773271871289,6200.9680451431595,6188.578498599418,6194.773271871289,202,83.0,CRUDEOILM-SYNTH,INR,MCX,MCX Crude Oil Mini Futures,MCX,synthetic,15m,15,synthetic_intraday,SYNTHETIC_INTRADAY,2026-03-04 06:00:00+00:00,india_morning
2026-03-04,2026-03-04 11:45:00,6191.173274400979,6197.364447675379,6184.982101126578,6191.173274400979,225,83.0,CRUDEOILM-SYNTH,INR,MCX,MCX Crude Oil Mini Futures,MCX,synthetic,15m,15,synthetic_intraday,SYNTHETIC_INTRADAY,2026-03-04 06:15:00+00:00,india_morning
2026-03-04,2026-03-04 12:00:00,6190.957101241214,6197.1480583424545,6184.766144139973,6190.957101241214,520,83.0,CRUDEOILM-SYNTH,INR,MCX,MCX Crude Oil Mini Futures,MCX,synthetic,15m,15,synthetic_intraday,SYNTHETIC_INTRADAY,2026-03-04 06:30:00+00:00,india_morning
2026-03-04,2026-03-04 12:15:00,6193.612203130795,6199.805815333925,6187.418590927664,6193.612203130795,557,83.0,CRUDEOILM-SYNTH,INR,MCX,MCX Crude Oil Mini Futures,MCX,synthetic,15m,15,synthetic_intraday,SYNTHETIC_INTRADAY,2026-03-04 06:45:00+00:00,india_morning
2026-03-04,2026-03-04 12:30:00,6195.861799248672,6202.057661047919,6189.665937449423,6195.861799248672,261,83.0,CRUDEOILM-SYNTH,INR,MCX,MCX Crude Oil Mini Futures,MCX,synthetic,15m,15,synthetic_intraday,SYNTHETIC_INTRADAY,2026-03-04 07:00:00+00:00,india_midday
2026-03-04,2026-03-04 12:45:00,6189.946582820703,6196.136529403523,6183.756636237882,6189.946582820703,431,83.0,CRUDEOILM-SYNTH,INR,MCX,MCX Crude Oil Mini Futures,MCX,synthetic,15m,15,synthetic_intraday,SYNTHETIC_INTRADAY,2026-03-04 07:15:00+00:00,india_midday
2026-03-04,2026-03-04 13:00:00,6193.632160085215,6199.825792245299,6187.43852792513,6193.632160085215,270,83.0,CRUDEOILM-SYNTH,INR,MCX,MCX Crude Oil Mini Futures,MCX,synthetic,15m,15,synthetic_intraday,SYNTHETIC_INTRADAY,2026-03-04 07:30:00+00:00,india_midday
2026-03-04,2026-03-04 13:15:00,6193.002958523878,6199.195961482401,6186.809955565354,6193.002958523878,614,83.0,CRUDEOILM-SYNTH,INR,MCX,MCX Crude Oil Mini Futures,MCX,synthetic,15m,15,synthetic_intraday,SYNTHETIC_INTRADAY,2026-03-04 07:45:00+00:00,india_midday
2026-03-04,2026-03-04 13:30:00,6195.70380327207,6201.899507075342,6189.508099468798,6195.70380327207,955,83.0,CRUDEOILM-SYNTH,INR,MCX,MCX Crude Oil Mini Futures,MCX,synthetic,15m,15,synthetic_intraday,SYNTHETIC_INTRADAY,2026-03-04 08:00:00+00:00,india_midday
2026-03-04,2026-03-04 13:45:00,6197.879310845775,6204.0771901566195,6191.681431534929,6197.879310845775,338,83.0,CRUDEOILM-SYNTH,INR,MCX,MCX Crude Oil Mini Futures,MCX,synthetic,15m,15,synthetic_intraday,SYNTHETIC_INTRADAY,2026-03-04 08:15:00+00:00,india_midday
2026-03-04,2026-03-04 14:00:00,6194.151995036815,6200.346147031851,6187.957843041778,6194.151995036815,753,83.0,CRUDEOILM-SYNTH,INR,MCX,MCX Crude Oil Mini Futures,MCX,synthetic,15m,15,synthetic_intraday,SYNTHETIC_INTRADAY,2026-03-04 08:30:00+00:00,india_midday
2026-03-04,2026-03-04 14:15:00,6192.108996414479,6198.301105410893,6185.916887418065,6192.108996414479,298,83.0,CRUDEOILM-SYNTH,INR,MCX,MCX Crude Oil Mini Futures,MCX,synthetic,15m,15,synthetic_intraday,SYNTHETIC_INTRADAY,2026-03-04 08:45:00+00:00,india_midday
2026-03-04,2026-03-04 14:30:00,6195.933457671584,6202.129391129255,6189.737524213912,6195.933457671584,602,83.0,CRUDEOILM-SYNTH,INR,MCX,MCX Crude Oil Mini Futures,MCX,synthetic,15m,15,synthetic_intraday,SYNTHETIC_INTRADAY,2026-03-04 09:00:00+00:00,india_midday
2026-03-04,2026-03-04 14:45:00,6198.235705918758,6204.433941624676,6192.037470212839,6198.235705918758,820,83.0,CRUDEOILM-SYNTH,INR,MCX,MCX Crude Oil Mini Futures,MCX,synthetic,15m,15,synthetic_intraday,SYNTHETIC_INTRADAY,2026-03-04 09:15:00+00:00,india_midday
2026-03-05,2026-03-05 09:00:00,6656.591875843799,6663.248467719643,6649.935283967955,6656.591875843799,203,83.0,CRUDEOILM-SYNTH,INR,MCX,MCX Crude Oil Mini Futures,MCX,synthetic,15m,15,synthetic_intraday,SYNTHETIC_INTRADAY,2026-03-05 03:30:00+00:00,mcx_open_drive
2026-03-05,2026-03-05 09:15:00,6656.591875843799,6663.248467719643,6649.935283967955,6656.591875843799,920,83.0,CRUDEOILM-SYNTH,INR,MCX,MCX Crude Oil Mini Futures,MCX,synthetic,15m,15,synthetic_intraday,SYNTHETIC_INTRADAY,2026-03-05 03:45:00+00:00,mcx_open_drive
2026-03-05,2026-03-05 09:30:00,6656.591875843799,6663.248467719643,6649.935283967955,6656.591875843799,211,83.0,CRUDEOILM-SYNTH,INR,MCX,MCX Crude Oil Mini Futures,MCX,synthetic,15m,15,synthetic_intraday,SYNTHETIC_INTRADAY,2026-03-05 04:00:00+00:00,mcx_open_drive
2026-03-05,2026-03-05 09:45:00,6656.591875843799,6663.248467719643,6649.935283967955,6656.591875843799,994,83.0,CRUDEOILM-SYNTH,INR,MCX,MCX Crude Oil Mini Futures,MCX,synthetic,15m,15,synthetic_intraday,SYNTHETIC_INTRADAY,2026-03-05 04:15:00+00:00,mcx_open_drive
2026-03-05,2026-03-05 10:00:00,6656.591875843799,6663.248467719643,6649.935283967955,6656.591875843799,459,83.0,CRUDEOILM-SYNTH,INR,MCX,MCX Crude Oil Mini Futures,MCX,synthetic,15m,15,synthetic_intraday,SYNTHETIC_INTRADAY,2026-03-05 04:30:00+00:00,mcx_open_drive
2026-03-05,2026-03-05 10:15:00,6656.591875843799,6663.248467719643,6649.935283967955,6656.591875843799,743,83.0,CRUDEOILM-SYNTH,INR,MCX,MCX Crude Oil Mini Futures,MCX,synthetic,15m,15,synthetic_intraday,SYNTHETIC_INTRADAY,2026-03-05 04:45:00+00:00,mcx_open_drive
2026-03-05,2026-03-05 10:30:00,6656.591875843799,6663.248467719643,6649.935283967955,6656.591875843799,196,83.0,CRUDEOILM-SYNTH,INR,MCX,MCX Crude Oil Mini Futures,MCX,synthetic,15m,15,synthetic_intraday,SYNTHETIC_INTRADAY,2026-03-05 05:00:00+00:00,india_morning
2026-03-05,2026-03-05 10:45:00,6656.591875843799,6663.248467719643,6649.935283967955,6656.591875843799,808,83.0,CRUDEOILM-SYNTH,INR,MCX,MCX Crude Oil Mini Futures,MCX,synthetic,15m,15,synthetic_intraday,SYNTHETIC_INTRADAY,2026-03-05 05:15:00+00:00,india_morning
2026-03-05,2026-03-05 11:00:00,6656.591875843799,6663.248467719643,6649.935283967955,6656.591875843799,387,83.0,CRUDEOILM-SYNTH,INR,MCX,MCX Crude Oil Mini Futures,MCX,synthetic,15m,15,synthetic_intraday,SYNTHETIC_INTRADAY,2026-03-05 05:30:00+00:00,india_morning
2026-03-05,2026-03-05 11:15:00,6656.591875843799,6663.248467719643,6649.935283967955,6656.591875843799,751,83.0,CRUDEOILM-SYNTH,INR,MCX,MCX Crude Oil Mini Futures,MCX,synthetic,15m,15,synthetic_intraday,SYNTHETIC_INTRADAY,2026-03-05 05:45:00+00:00,india_morning
2026-03-05,2026-03-05 11:30:00,6656.591875843799,6663.248467719643,6649.935283967955,6656.591875843799,345,83.0,CRUDEOILM-SYNTH,INR,MCX,MCX Crude Oil Mini Futures,MCX,synthetic,15m,15,synthetic_intraday,SYNTHETIC_INTRADAY,2026-03-05 06:00:00+00:00,india_morning
2026-03-05,2026-03-05 11:45:00,6656.591875843799,6663.248467719643,6649.935283967955,6656.591875843799,915,83.0,CRUDEOILM-SYNTH,INR,MCX,MCX Crude Oil Mini Futures,MCX,synthetic,15m,15,synthetic_intraday,SYNTHETIC_INTRADAY,2026-03-05 06:15:00+00:00,india_morning
2026-03-05,2026-03-05 12:00:00,6656.591875843799,6663.248467719643,6649.935283967955,6656.591875843799,853,83.0,CRUDEOILM-SYNTH,INR,MCX,MCX Crude Oil Mini Futures,MCX,synthetic,15m,15,synthetic_intraday,SYNTHETIC_INTRADAY,2026-03-05 06:30:00+00:00,india_morning
2026-03-05,2026-03-05 12:15:00,6656.591875843799,6663.248467719643,6649.935283967955,6656.591875843799,511,83.0,CRUDEOILM-SYNTH,INR,MCX,MCX Crude Oil Mini Futures,MCX,synthetic,15m,15,synthetic_intraday,SYNTHETIC_INTRADAY,2026-03-05 06:45:00+00:00,india_morning
2026-03-05,2026-03-05 12:30:00,6656.591875843799,6663.248467719643,6649.935283967955,6656.591875843799,385,83.0,CRUDEOILM-SYNTH,INR,MCX,MCX Crude Oil Mini Futures,MCX,synthetic,15m,15,synthetic_intraday,SYNTHETIC_INTRADAY,2026-03-05 07:00:00+00:00,india_midday
2026-03-05,2026-03-05 12:45:00,6656.591875843799,6663.248467719643,6649.935283967955,6656.591875843799,300,83.0,CRUDEOILM-SYNTH,INR,MCX,MCX Crude Oil Mini Futures,MCX,synthetic,15m,15,synthetic_intraday,SYNTHETIC_INTRADAY,2026-03-05 07:15:00+00:00,india_midday
2026-03-05,2026-03-05 13:00:00,6656.591875843799,6663.248467719643,6649.935283967955,6656.591875843799,684,83.0,CRUDEOILM-SYNTH,INR,MCX,MCX Crude Oil Mini Futures,MCX,synthetic,15m,15,synthetic_intraday,SYNTHETIC_INTRADAY,2026-03-05 07:30:00+00:00,india_midday
2026-03-05,2026-03-05 13:15:00,6656.591875843799,6663.248467719643,6649.935283967955,6656.591875843799,571,83.0,CRUDEOILM-SYNTH,INR,MCX,MCX Crude Oil Mini Futures,MCX,synthetic,15m,15,synthetic_intraday,SYNTHETIC_INTRADAY,2026-03-05 07:45:00+00:00,india_midday
2026-03-05,2026-03-05 13:30:00,6656.591875843799,6663.248467719643,6649.935283967955,6656.591875843799,169,83.0,CRUDEOILM-SYNTH,INR,MCX,MCX Crude Oil Mini Futures,MCX,synthetic,15m,15,synthetic_intraday,SYNTHETIC_INTRADAY,2026-03-05 08:00:00+00:00,india_midday
2026-03-05,2026-03-05 13:45:00,6656.591875843799,6663.248467719643,6649.935283967955,6656.591875843799,507,83.0,CRUDEOILM-SYNTH,INR,MCX,MCX Crude Oil Mini Futures,MCX,synthetic,15m,15,synthetic_intraday,SYNTHETIC_INTRADAY,2026-03-05 08:15:00+00:00,india_midday
2026-03-05,2026-03-05 14:00:00,6657.9035579771235,6664.5614615351,6651.245654419146,6657.9035579771235,402,83.0,CRUDEOILM-SYNTH,INR,MCX,MCX Crude Oil Mini Futures,MCX,synthetic,15m,15,synthetic_intraday,SYNTHETIC_INTRADAY,2026-03-05 08:30:00+00:00,india_midday
2026-03-05,2026-03-05 14:15:00,6678.812729165751,6685.491541894916,6672.133916436585,6678.812729165751,914,83.0,CRUDEOILM-SYNTH,INR,MCX,MCX Crude Oil Mini Futures,MCX,synthetic,15m,15,synthetic_intraday,SYNTHETIC_INTRADAY,2026-03-05 08:45:00+00:00,india_midday
2026-03-05,2026-03-05 14:30:00,6699.289686320066,6705.988976006385,6692.5903966337455,6699.289686320066,489,83.0,CRUDEOILM-SYNTH,INR,MCX,MCX Crude Oil Mini Futures,MCX,synthetic,15m,15,synthetic_intraday,SYNTHETIC_INTRADAY,2026-03-05 09:00:00+00:00,india_midday
2026-03-05,2026-03-05 14:45:00,6720.982102657396,6727.703084760053,6714.261120554739,6720.982102657396,644,83.0,CRUDEOILM-SYNTH,INR,MCX,MCX Crude Oil Mini Futures,MCX,synthetic,15m,15,synthetic_intraday,SYNTHETIC_INTRADAY,2026-03-05 09:15:00+00:00,india_midday
2026-03-06,2026-03-06 09:00:00,7469.2531257201,7476.72237884582,7461.78387259438,7469.2531257201,615,83.0,CRUDEOILM-SYNTH,INR,MCX,MCX Crude Oil Mini Futures,MCX,synthetic,15m,15,synthetic_intraday,SYNTHETIC_INTRADAY,2026-03-06 03:30:00+00:00,mcx_open_drive
2026-03-06,2026-03-06 09:15:00,7469.2531257201,7476.72237884582,7461.78387259438,7469.2531257201,561,83.0,CRUDEOILM-SYNTH,INR,MCX,MCX Crude Oil Mini Futures,MCX,synthetic,15m,15,synthetic_intraday,SYNTHETIC_INTRADAY,2026-03-06 03:45:00+00:00,mcx_open_drive
2026-03-06,2026-03-06 09:30:00,7469.2531257201,7476.72237884582,7461.78387259438,7469.2531257201,463,83.0,CRUDEOILM-SYNTH,INR,MCX,MCX Crude Oil Mini Futures,MCX,synthetic,15m,15,synthetic_intraday,SYNTHETIC_INTRADAY,2026-03-06 04:00:00+00:00,mcx_open_drive
2026-03-06,2026-03-06 09:45:00,7469.2531257201,7476.72237884582,7461.78387259438,7469.2531257201,211,83.0,CRUDEOILM-SYNTH,INR,MCX,MCX Crude Oil Mini Futures,MCX,synthetic,15m,15,synthetic_intraday,SYNTHETIC_INTRADAY,2026-03-06 04:15:00+00:00,mcx_open_drive
2026-03-06,2026-03-06 10:00:00,7469.2531257201,7476.72237884582,7461.78387259438,7469.2531257201,799,83.0,CRUDEOILM-SYNTH,INR,MCX,MCX Crude Oil Mini Futures,MCX,synthetic,15m,15,synthetic_intraday,SYNTHETIC_INTRADAY,2026-03-06 04:30:00+00:00,mcx_open_drive
2026-03-06,2026-03-06 10:15:00,7469.2531257201,7476.72237884582,7461.78387259438,7469.2531257201,468,83.0,CRUDEOILM-SYNTH,INR,MCX,MCX Crude Oil Mini Futures,MCX,synthetic,15m,15,synthetic_intraday,SYNTHETIC_INTRADAY,2026-03-06 04:45:00+00:00,mcx_open_drive
2026-03-06,2026-03-06 10:30:00,7469.2531257201,7476.72237884582,7461.78387259438,7469.2531257201,775,83.0,CRUDEOILM-SYNTH,INR,MCX,MCX Crude Oil Mini Futures,MCX,synthetic,15m,15,synthetic_intraday,SYNTHETIC_INTRADAY,2026-03-06 05:00:00+00:00,india_morning
2026-03-06,2026-03-06 10:45:00,7469.2531257201,7476.72237884582,7461.78387259438,7469.2531257201,614,83.0,CRUDEOILM-SYNTH,INR,MCX,MCX Crude Oil Mini Futures,MCX,synthetic,15m,15,synthetic_intraday,SYNTHETIC_INTRADAY,2026-03-06 05:15:00+00:00,india_morning
2026-03-06,2026-03-06 11:00:00,7469.2531257201,7476.72237884582,7461.78387259438,7469.2531257201,116,83.0,CRUDEOILM-SYNTH,INR,MCX,MCX Crude Oil Mini Futures,MCX,synthetic,15m,15,synthetic_intraday,SYNTHETIC_INTRADAY,2026-03-06 05:30:00+00:00,india_morning
2026-03-06,2026-03-06 11:15:00,7469.2531257201,7476.72237884582,7461.78387259438,7469.2531257201,992,83.0,CRUDEOILM-SYNTH,INR,MCX,MCX Crude Oil Mini Futures,MCX,synthetic,15m,15,synthetic_intraday,SYNTHETIC_INTRADAY,2026-03-06 05:45:00+00:00,india_morning
2026-03-06,2026-03-06 11:30:00,7469.2531257201,7476.72237884582,7461.78387259438,7469.2531257201,103,83.0,CRUDEOILM-SYNTH,INR,MCX,MCX Crude Oil Mini Futures,MCX,synthetic,15m,15,synthetic_intraday,SYNTHETIC_INTRADAY,2026-03-06 06:00:00+00:00,india_morning
2026-03-06,2026-03-06 11:45:00,7469.2531257201,7476.72237884582,7461.78387259438,7469.2531257201,465,83.0,CRUDEOILM-SYNTH,INR,MCX,MCX Crude Oil Mini Futures,MCX,synthetic,15m,15,synthetic_intraday,SYNTHETIC_INTRADAY,2026-03-06 06:15:00+00:00,india_morning
2026-03-06,2026-03-06 12:00:00,7469.2531257201,7476.72237884582,7461.78387259438,7469.2531257201,818,83.0,CRUDEOILM-SYNTH,INR,MCX,MCX Crude Oil Mini Futures,MCX,synthetic,15m,15,synthetic_intraday,SYNTHETIC_INTRADAY,2026-03-06 06:30:00+00:00,india_morning
2026-03-06,2026-03-06 12:15:00,7469.2531257201,7476.72237884582,7461.78387259438,7469.2531257201,863,83.0,CRUDEOILM-SYNTH,INR,MCX,MCX Crude Oil Mini Futures,MCX,synthetic,15m,15,synthetic_intraday,SYNTHETIC_INTRADAY,2026-03-06 06:45:00+00:00,india_morning
2026-03-06,2026-03-06 12:30:00,7469.2531257201,7476.72237884582,7461.78387259438,7469.2531257201,578,83.0,CRUDEOILM-SYNTH,INR,MCX,MCX Crude Oil Mini Futures,MCX,synthetic,15m,15,synthetic_intraday,SYNTHETIC_INTRADAY,2026-03-06 07:00:00+00:00,india_midday
2026-03-06,2026-03-06 12:45:00,7469.2531257201,7476.72237884582,7461.78387259438,7469.2531257201,371,83.0,CRUDEOILM-SYNTH,INR,MCX,MCX Crude Oil Mini Futures,MCX,synthetic,15m,15,synthetic_intraday,SYNTHETIC_INTRADAY,2026-03-06 07:15:00+00:00,india_midday
2026-03-06,2026-03-06 13:00:00,7469.2531257201,7476.72237884582,7461.78387259438,7469.2531257201,966,83.0,CRUDEOILM-SYNTH,INR,MCX,MCX Crude Oil Mini Futures,MCX,synthetic,15m,15,synthetic_intraday,SYNTHETIC_INTRADAY,2026-03-06 07:30:00+00:00,india_midday
2026-03-06,2026-03-06 13:15:00,7469.2531257201,7476.72237884582,7461.78387259438,7469.2531257201,750,83.0,CRUDEOILM-SYNTH,INR,MCX,MCX Crude Oil Mini Futures,MCX,synthetic,15m,15,synthetic_intraday,SYNTHETIC_INTRADAY,2026-03-06 07:45:00+00:00,india_midday
2026-03-06,2026-03-06 13:30:00,7469.2531257201,7476.72237884582,7461.78387259438,7469.2531257201,339,83.0,CRUDEOILM-SYNTH,INR,MCX,MCX Crude Oil Mini Futures,MCX,synthetic,15m,15,synthetic_intraday,SYNTHETIC_INTRADAY,2026-03-06 08:00:00+00:00,india_midday
2026-03-06,2026-03-06 13:45:00,7469.2531257201,7476.72237884582,7461.78387259438,7469.2531257201,238,83.0,CRUDEOILM-SYNTH,INR,MCX,MCX Crude Oil Mini Futures,MCX,synthetic,15m,15,synthetic_intraday,SYNTHETIC_INTRADAY,2026-03-06 08:15:00+00:00,india_midday
2026-03-06,2026-03-06 14:00:00,7469.2531257201,7476.72237884582,7461.78387259438,7469.2531257201,276,83.0,CRUDEOILM-SYNTH,INR,MCX,MCX Crude Oil Mini Futures,MCX,synthetic,15m,15,synthetic_intraday,SYNTHETIC_INTRADAY,2026-03-06 08:30:00+00:00,india_midday
2026-03-06,2026-03-06 14:15:00,7469.2531257201,7476.72237884582,7461.78387259438,7469.2531257201,572,83.0,CRUDEOILM-SYNTH,INR,MCX,MCX Crude Oil Mini Futures,MCX,synthetic,15m,15,synthetic_intraday,SYNTHETIC_INTRADAY,2026-03-06 08:45:00+00:00,india_midday
2026-03-06,2026-03-06 14:30:00,7515.099007203045,7522.614106210248,7507.583908195842,7515.099007203045,274,83.0,CRUDEOILM-SYNTH,INR,MCX,MCX Crude Oil Mini Futures,MCX,synthetic,15m,15,synthetic_intraday,SYNTHETIC_INTRADAY,2026-03-06 09:00:00+00:00,india_midday
2026-03-06,2026-03-06 14:45:00,7547.213404606982,7554.760618011588,7539.666191202376,7547.213404606982,262,83.0,CRUDEOILM-SYNTH,INR,MCX,MCX Crude Oil Mini Futures,MCX,synthetic,15m,15,synthetic_intraday,SYNTHETIC_INTRADAY,2026-03-06 09:15:00+00:00,india_midday
2026-03-09,2026-03-09 09:00:00,7787.250623908801,7795.037874532709,7779.4633732848915,7787.250623908801,888,83.0,CRUDEOILM-SYNTH,INR,MCX,MCX Crude Oil Mini Futures,MCX,synthetic,15m,15,synthetic_intraday,SYNTHETIC_INTRADAY,2026-03-09 03:30:00+00:00,mcx_open_drive
2026-03-09,2026-03-09 09:15:00,7787.250623908801,7795.037874532709,7779.4633732848915,7787.250623908801,510,83.0,CRUDEOILM-SYNTH,INR,MCX,MCX Crude Oil Mini Futures,MCX,synthetic,15m,15,synthetic_intraday,SYNTHETIC_INTRADAY,2026-03-09 03:45:00+00:00,mcx_open_drive
2026-03-09,2026-03-09 09:30:00,7787.250623908801,7795.037874532709,7779.4633732848915,7787.250623908801,381,83.0,CRUDEOILM-SYNTH,INR,MCX,MCX Crude Oil Mini Futures,MCX,synthetic,15m,15,synthetic_intraday,SYNTHETIC_INTRADAY,2026-03-09 04:00:00+00:00,mcx_open_drive
2026-03-09,2026-03-09 09:45:00,7787.250623908801,7795.037874532709,7779.4633732848915,7787.250623908801,782,83.0,CRUDEOILM-SYNTH,INR,MCX,MCX Crude Oil Mini Futures,MCX,synthetic,15m,15,synthetic_intraday,SYNTHETIC_INTRADAY,2026-03-09 04:15:00+00:00,mcx_open_drive
2026-03-09,2026-03-09 10:00:00,7787.250623908801,7795.037874532709,7779.4633732848915,7787.250623908801,565,83.0,CRUDEOILM-SYNTH,INR,MCX,MCX Crude Oil Mini Futures,MCX,synthetic,15m,15,synthetic_intraday,SYNTHETIC_INTRADAY,2026-03-09 04:30:00+00:00,mcx_open_drive
2026-03-09,2026-03-09 10:15:00,7787.250623908801,7795.037874532709,7779.4633732848915,7787.250623908801,257,83.0,CRUDEOILM-SYNTH,INR,MCX,MCX Crude Oil Mini Futures,MCX,synthetic,15m,15,synthetic_intraday,SYNTHETIC_INTRADAY,2026-03-09 04:45:00+00:00,mcx_open_drive
2026-03-09,2026-03-09 10:30:00,7787.250623908801,7795.037874532709,7779.4633732848915,7787.250623908801,967,83.0,CRUDEOILM-SYNTH,INR,MCX,MCX Crude Oil Mini Futures,MCX,synthetic,15m,15,synthetic_intraday,SYNTHETIC_INTRADAY,2026-03-09 05:00:00+00:00,india_morning
2026-03-09,2026-03-09 10:45:00,7787.250623908801,7795.037874532709,7779.4633732848915,7787.250623908801,695,83.0,CRUDEOILM-SYNTH,INR,MCX,MCX Crude Oil Mini Futures,MCX,synthetic,15m,15,synthetic_intraday,SYNTHETIC_INTRADAY,2026-03-09 05:15:00+00:00,india_morning
2026-03-09,2026-03-09 11:00:00,7787.250623908801,7795.037874532709,7779.4633732848915,7787.250623908801,842,83.0,CRUDEOILM-SYNTH,INR,MCX,MCX Crude Oil Mini Futures,MCX,synthetic,15m,15,synthetic_intraday,SYNTHETIC_INTRADAY,2026-03-09 05:30:00+00:00,india_morning
2026-03-09,2026-03-09 11:15:00,7787.250623908801,7795.037874532709,7779.4633732848915,7787.250623908801,430,83.0,CRUDEOILM-SYNTH,INR,MCX,MCX Crude Oil Mini Futures,MCX,synthetic,15m,15,synthetic_intraday,SYNTHETIC_INTRADAY,2026-03-09 05:45:00+00:00,india_morning
2026-03-09,2026-03-09 11:30:00,7787.250623908801,7795.037874532709,7779.4633732848915,7787.250623908801,980,83.0,CRUDEOILM-SYNTH,INR,MCX,MCX Crude Oil Mini Futures,MCX,synthetic,15m,15,synthetic_intraday,SYNTHETIC_INTRADAY,2026-03-09 06:00:00+00:00,india_morning
2026-03-09,2026-03-09 11:45:00,7787.250623908801,7795.037874532709,7779.4633732848915,7787.250623908801,917,83.0,CRUDEOILM-SYNTH,INR,MCX,MCX Crude Oil Mini Futures,MCX,synthetic,15m,15,synthetic_intraday,SYNTHETIC_INTRADAY,2026-03-09 06:15:00+00:00,india_morning
2026-03-09,2026-03-09 12:00:00,7787.250623908801,7795.037874532709,7779.4633732848915,7787.250623908801,354,83.0,CRUDEOILM-SYNTH,INR,MCX,MCX Crude Oil Mini Futures,MCX,synthetic,15m,15,synthetic_intraday,SYNTHETIC_INTRADAY,2026-03-09 06:30:00+00:00,india_morning
2026-03-09,2026-03-09 12:15:00,7787.250623908801,7795.037874532709,7779.4633732848915,7787.250623908801,138,83.0,CRUDEOILM-SYNTH,INR,MCX,MCX Crude Oil Mini Futures,MCX,synthetic,15m,15,synthetic_intraday,SYNTHETIC_INTRADAY,2026-03-09 06:45:00+00:00,india_morning
2026-03-09,2026-03-09 12:30:00,7787.250623908801,7795.037874532709,7779.4633732848915,7787.250623908801,580,83.0,CRUDEOILM-SYNTH,INR,MCX,MCX Crude Oil Mini Futures,MCX,synthetic,15m,15,synthetic_intraday,SYNTHETIC_INTRADAY,2026-03-09 07:00:00+00:00,india_midday
2026-03-09,2026-03-09 12:45:00,7787.250623908801,7795.037874532709,7779.4633732848915,7787.250623908801,608,83.0,CRUDEOILM-SYNTH,INR,MCX,MCX Crude Oil Mini Futures,MCX,synthetic,15m,15,synthetic_intraday,SYNTHETIC_INTRADAY,2026-03-09 07:15:00+00:00,india_midday
2026-03-09,2026-03-09 13:00:00,7787.250623908801,7795.037874532709,7779.4633732848915,7787.250623908801,554,83.0,CRUDEOILM-SYNTH,INR,MCX,MCX Crude Oil Mini Futures,MCX,synthetic,15m,15,synthetic_intraday,SYNTHETIC_INTRADAY,2026-03-09 07:30:00+00:00,india_midday
2026-03-09,2026-03-09 13:15:00,7787.250623908801,7795.037874532709,7779.4633732848915,7787.250623908801,482,83.0,CRUDEOILM-SYNTH,INR,MCX,MCX Crude Oil Mini Futures,MCX,synthetic,15m,15,synthetic_intraday,SYNTHETIC_INTRADAY,2026-03-09 07:45:00+00:00,india_midday
2026-03-09,2026-03-09 13:30:00,7798.953936174689,7806.7528901108635,7791.154982238515,7798.953936174689,410,83.0,CRUDEOILM-SYNTH,INR,MCX,MCX Crude Oil Mini Futures,MCX,synthetic,15m,15,synthetic_intraday,SYNTHETIC_INTRADAY,2026-03-09 08:00:00+00:00,india_midday
2026-03-09,2026-03-09 13:45:00,7809.350167721751,7817.159517889472,7801.540817554029,7809.350167721751,477,83.0,CRUDEOILM-SYNTH,INR,MCX,MCX Crude Oil Mini Futures,MCX,synthetic,15m,15,synthetic_intraday,SYNTHETIC_INTRADAY,2026-03-09 08:15:00+00:00,india_midday
2026-03-09,2026-03-09 14:00:00,7824.641259523237,7832.4659007827595,7816.816618263713,7824.641259523237,154,83.0,CRUDEOILM-SYNTH,INR,MCX,MCX Crude Oil Mini Futures,MCX,synthetic,15m,15,synthetic_intraday,SYNTHETIC_INTRADAY,2026-03-09 08:30:00+00:00,india_midday
2026-03-09,2026-03-09 14:15:00,7838.931453395181,7846.770384848575,7831.092521941786,7838.931453395181,644,83.0,CRUDEOILM-SYNTH,INR,MCX,MCX Crude Oil Mini Futures,MCX,synthetic,15m,15,synthetic_intraday,SYNTHETIC_INTRADAY,2026-03-09 08:45:00+00:00,india_midday
2026-03-09,2026-03-09 14:30:00,7844.538238317113,7852.382776555429,7836.693700078796,7844.538238317113,660,83.0,CRUDEOILM-SYNTH,INR,MCX,MCX Crude Oil Mini Futures,MCX,synthetic,15m,15,synthetic_intraday,SYNTHETIC_INTRADAY,2026-03-09 09:00:00+00:00,india_midday
2026-03-09,2026-03-09 14:45:00,7865.325874097737,7873.191199971834,7857.460548223639,7865.325874097737,589,83.0,CRUDEOILM-SYNTH,INR,MCX,MCX Crude Oil Mini Futures,MCX,synthetic,15m,15,synthetic_intraday,SYNTHETIC_INTRADAY,2026-03-09 09:15:00+00:00,india_midday
2026-03-10,2026-03-10 09:00:00,6995.6132443185,7002.608857562817,6988.617631074181,6995.6132443185,136,83.0,CRUDEOILM-SYNTH,INR,MCX,MCX Crude Oil Mini Futures,MCX,synthetic,15m,15,synthetic_intraday,SYNTHETIC_INTRADAY,2026-03-10 03:30:00+00:00,mcx_open_drive
2026-03-10,2026-03-10 09:15:00,6995.6132443185,7002.608857562817,6988.617631074181,6995.6132443185,914,83.0,CRUDEOILM-SYNTH,INR,MCX,MCX Crude Oil Mini Futures,MCX,synthetic,15m,15,synthetic_intraday,SYNTHETIC_INTRADAY,2026-03-10 03:45:00+00:00,mcx_open_drive
2026-03-10,2026-03-10 09:30:00,6995.6132443185,7002.608857562817,6988.617631074181,6995.6132443185,544,83.0,CRUDEOILM-SYNTH,INR,MCX,MCX Crude Oil Mini Futures,MCX,synthetic,15m,15,synthetic_intraday,SYNTHETIC_INTRADAY,2026-03-10 04:00:00+00:00,mcx_open_drive
2026-03-10,2026-03-10 09:45:00,6995.6132443185,7002.608857562817,6988.617631074181,6995.6132443185,650,83.0,CRUDEOILM-SYNTH,INR,MCX,MCX Crude Oil Mini Futures,MCX,synthetic,15m,15,synthetic_intraday,SYNTHETIC_INTRADAY,2026-03-10 04:15:00+00:00,mcx_open_drive
2026-03-10,2026-03-10 10:00:00,6995.6132443185,7002.608857562817,6988.617631074181,6995.6132443185,410,83.0,CRUDEOILM-SYNTH,INR,MCX,MCX Crude Oil Mini Futures,MCX,synthetic,15m,15,synthetic_intraday,SYNTHETIC_INTRADAY,2026-03-10 04:30:00+00:00,mcx_open_drive
2026-03-10,2026-03-10 10:15:00,6995.6132443185,7002.608857562817,6988.617631074181,6995.6132443185,286,83.0,CRUDEOILM-SYNTH,INR,MCX,MCX Crude Oil Mini Futures,MCX,synthetic,15m,15,synthetic_intraday,SYNTHETIC_INTRADAY,2026-03-10 04:45:00+00:00,mcx_open_drive
2026-03-10,2026-03-10 10:30:00,6995.6132443185,7002.608857562817,6988.617631074181,6995.6132443185,207,83.0,CRUDEOILM-SYNTH,INR,MCX,MCX Crude Oil Mini Futures,MCX,synthetic,15m,15,synthetic_intraday,SYNTHETIC_INTRADAY,2026-03-10 05:00:00+00:00,india_morning
2026-03-10,2026-03-10 10:45:00,6995.6132443185,7002.608857562817,6988.617631074181,6995.6132443185,164,83.0,CRUDEOILM-SYNTH,INR,MCX,MCX Crude Oil Mini Futures,MCX,synthetic,15m,15,synthetic_intraday,SYNTHETIC_INTRADAY,2026-03-10 05:15:00+00:00,india_morning
2026-03-10,2026-03-10 11:00:00,6995.6132443185,7002.608857562817,6988.617631074181,6995.6132443185,857,83.0,CRUDEOILM-SYNTH,INR,MCX,MCX Crude Oil Mini Futures,MCX,synthetic,15m,15,synthetic_intraday,SYNTHETIC_INTRADAY,2026-03-10 05:30:00+00:00,india_morning
2026-03-10,2026-03-10 11:15:00,6995.6132443185,7002.608857562817,6988.617631074181,6995.6132443185,144,83.0,CRUDEOILM-SYNTH,INR,MCX,MCX Crude Oil Mini Futures,MCX,synthetic,15m,15,synthetic_intraday,SYNTHETIC_INTRADAY,2026-03-10 05:45:00+00:00,india_morning
2026-03-10,2026-03-10 11:30:00,6995.6132443185,7002.608857562817,6988.617631074181,6995.6132443185,505,83.0,CRUDEOILM-SYNTH,INR,MCX,MCX Crude Oil Mini Futures,MCX,synthetic,15m,15,synthetic_intraday,SYNTHETIC_INTRADAY,2026-03-10 06:00:00+00:00,india_morning
2026-03-10,2026-03-10 11:45:00,6995.6132443185,7002.608857562817,6988.617631074181,6995.6132443185,345,83.0,CRUDEOILM-SYNTH,INR,MCX,MCX Crude Oil Mini Futures,MCX,synthetic,15m,15,synthetic_intraday,SYNTHETIC_INTRADAY,2026-03-10 06:15:00+00:00,india_morning
2026-03-10,2026-03-10 12:00:00,6995.6132443185,7002.608857562817,6988.617631074181,6995.6132443185,772,83.0,CRUDEOILM-SYNTH,INR,MCX,MCX Crude Oil Mini Futures,MCX,synthetic,15m,15,synthetic_intraday,SYNTHETIC_INTRADAY,2026-03-10 06:30:00+00:00,india_morning
2026-03-10,2026-03-10 12:15:00,6995.6132443185,7002.608857562817,6988.617631074181,6995.6132443185,575,83.0,CRUDEOILM-SYNTH,INR,MCX,MCX Crude Oil Mini Futures,MCX,synthetic,15m,15,synthetic_intraday,SYNTHETIC_INTRADAY,2026-03-10 06:45:00+00:00,india_morning
2026-03-10,2026-03-10 12:30:00,6995.6132443185,7002.608857562817,6988.617631074181,6995.6132443185,696,83.0,CRUDEOILM-SYNTH,INR,MCX,MCX Crude Oil Mini Futures,MCX,synthetic,15m,15,synthetic_intraday,SYNTHETIC_INTRADAY,2026-03-10 07:00:00+00:00,india_midday
2026-03-10,2026-03-10 12:45:00,6995.6132443185,7002.608857562817,6988.617631074181,6995.6132443185,880,83.0,CRUDEOILM-SYNTH,INR,MCX,MCX Crude Oil Mini Futures,MCX,synthetic,15m,15,synthetic_intraday,SYNTHETIC_INTRADAY,2026-03-10 07:15:00+00:00,india_midday
2026-03-10,2026-03-10 13:00:00,6995.6132443185,7002.608857562817,6988.617631074181,6995.6132443185,910,83.0,CRUDEOILM-SYNTH,INR,MCX,MCX Crude Oil Mini Futures,MCX,synthetic,15m,15,synthetic_intraday,SYNTHETIC_INTRADAY,2026-03-10 07:30:00+00:00,india_midday
2026-03-10,2026-03-10 13:15:00,6995.6132443185,7002.608857562817,6988.617631074181,6995.6132443185,227,83.0,CRUDEOILM-SYNTH,INR,MCX,MCX Crude Oil Mini Futures,MCX,synthetic,15m,15,synthetic_intraday,SYNTHETIC_INTRADAY,2026-03-10 07:45:00+00:00,india_midday
2026-03-10,2026-03-10 13:30:00,6995.6132443185,7002.608857562817,6988.617631074181,6995.6132443185,501,83.0,CRUDEOILM-SYNTH,INR,MCX,MCX Crude Oil Mini Futures,MCX,synthetic,15m,15,synthetic_intraday,SYNTHETIC_INTRADAY,2026-03-10 08:00:00+00:00,india_midday
2026-03-10,2026-03-10 13:45:00,6995.6132443185,7002.608857562817,6988.617631074181,6995.6132443185,251,83.0,CRUDEOILM-SYNTH,INR,MCX,MCX Crude Oil Mini Futures,MCX,synthetic,15m,15,synthetic_intraday,SYNTHETIC_INTRADAY,2026-03-10 08:15:00+00:00,india_midday
2026-03-10,2026-03-10 14:00:00,6995.6132443185,7002.608857562817,6988.617631074181,6995.6132443185,956,83.0,CRUDEOILM-SYNTH,INR,MCX,MCX Crude Oil Mini Futures,MCX,synthetic,15m,15,synthetic_intraday,SYNTHETIC_INTRADAY,2026-03-10 08:30:00+00:00,india_midday
2026-03-10,2026-03-10 14:15:00,6995.6132443185,7002.608857562817,6988.617631074181,6995.6132443185,651,83.0,CRUDEOILM-SYNTH,INR,MCX,MCX Crude Oil Mini Futures,MCX,synthetic,15m,15,synthetic_intraday,SYNTHETIC_INTRADAY,2026-03-10 08:45:00+00:00,india_midday
2026-03-10,2026-03-10 14:30:00,6966.177838339727,6973.144016178066,6959.211660501387,6966.177838339727,127,83.0,CRUDEOILM-SYNTH,INR,MCX,MCX Crude Oil Mini Futures,MCX,synthetic,15m,15,synthetic_intraday,SYNTHETIC_INTRADAY,2026-03-10 09:00:00+00:00,india_midday
2026-03-10,2026-03-10 14:45:00,6922.68844529566,6929.611133740955,6915.765756850365,6922.68844529566,343,83.0,CRUDEOILM-SYNTH,INR,MCX,MCX Crude Oil Mini Futures,MCX,synthetic,15m,15,synthetic_intraday,SYNTHETIC_INTRADAY,2026-03-10 09:15:00+00:00,india_midday
2026-03-11,2026-03-11 09:00:00,7169.3324999999995,7176.501832499999,7162.1631675,7169.3324999999995,119,83.0,CRUDEOILM-SYNTH,INR,MCX,MCX Crude Oil Mini Futures,MCX,synthetic,15m,15,synthetic_intraday,SYNTHETIC_INTRADAY,2026-03-11 03:30:00+00:00,mcx_open_drive
2026-03-11,2026-03-11 09:15:00,7169.3324999999995,7176.501832499999,7162.1631675,7169.3324999999995,606,83.0,CRUDEOILM-SYNTH,INR,MCX,MCX Crude Oil Mini Futures,MCX,synthetic,15m,15,synthetic_intraday,SYNTHETIC_INTRADAY,2026-03-11 03:45:00+00:00,mcx_open_drive
2026-03-11,2026-03-11 09:30:00,7169.3324999999995,7176.501832499999,7162.1631675,7169.3324999999995,718,83.0,CRUDEOILM-SYNTH,INR,MCX,MCX Crude Oil Mini Futures,MCX,synthetic,15m,15,synthetic_intraday,SYNTHETIC_INTRADAY,2026-03-11 04:00:00+00:00,mcx_open_drive
2026-03-11,2026-03-11 09:45:00,7169.3324999999995,7176.501832499999,7162.1631675,7169.3324999999995,284,83.0,CRUDEOILM-SYNTH,INR,MCX,MCX Crude Oil Mini Futures,MCX,synthetic,15m,15,synthetic_intraday,SYNTHETIC_INTRADAY,2026-03-11 04:15:00+00:00,mcx_open_drive
2026-03-11,2026-03-11 10:00:00,7169.3324999999995,7176.501832499999,7162.1631675,7169.3324999999995,761,83.0,CRUDEOILM-SYNTH,INR,MCX,MCX Crude Oil Mini Futures,MCX,synthetic,15m,15,synthetic_intraday,SYNTHETIC_INTRADAY,2026-03-11 04:30:00+00:00,mcx_open_drive
2026-03-11,2026-03-11 10:15:00,7169.3324999999995,7176.501832499999,7162.1631675,7169.3324999999995,581,83.0,CRUDEOILM-SYNTH,INR,MCX,MCX Crude Oil Mini Futures,MCX,synthetic,15m,15,synthetic_intraday,SYNTHETIC_INTRADAY,2026-03-11 04:45:00+00:00,mcx_open_drive
2026-03-11,2026-03-11 10:30:00,7169.3324999999995,7176.501832499999,7162.1631675,7169.3324999999995,343,83.0,CRUDEOILM-SYNTH,INR,MCX,MCX Crude Oil Mini Futures,MCX,synthetic,15m,15,synthetic_intraday,SYNTHETIC_INTRADAY,2026-03-11 05:00:00+00:00,india_morning
2026-03-11,2026-03-11 10:45:00,7169.3324999999995,7176.501832499999,7162.1631675,7169.3324999999995,619,83.0,CRUDEOILM-SYNTH,INR,MCX,MCX Crude Oil Mini Futures,MCX,synthetic,15m,15,synthetic_intraday,SYNTHETIC_INTRADAY,2026-03-11 05:15:00+00:00,india_morning
2026-03-11,2026-03-11 11:00:00,7169.3324999999995,7176.501832499999,7162.1631675,7169.3324999999995,564,83.0,CRUDEOILM-SYNTH,INR,MCX,MCX Crude Oil Mini Futures,MCX,synthetic,15m,15,synthetic_intraday,SYNTHETIC_INTRADAY,2026-03-11 05:30:00+00:00,india_morning
2026-03-11,2026-03-11 11:15:00,7169.3324999999995,7176.501832499999,7162.1631675,7169.3324999999995,162,83.0,CRUDEOILM-SYNTH,INR,MCX,MCX Crude Oil Mini Futures,MCX,synthetic,15m,15,synthetic_intraday,SYNTHETIC_INTRADAY,2026-03-11 05:45:00+00:00,india_morning
2026-03-11,2026-03-11 11:30:00,7169.3324999999995,7176.501832499999,7162.1631675,7169.3324999999995,170,83.0,CRUDEOILM-SYNTH,INR,MCX,MCX Crude Oil Mini Futures,MCX,synthetic,15m,15,synthetic_intraday,SYNTHETIC_INTRADAY,2026-03-11 06:00:00+00:00,india_morning
2026-03-11,2026-03-11 11:45:00,7169.3324999999995,7176.501832499999,7162.1631675,7169.3324999999995,203,83.0,CRUDEOILM-SYNTH,INR,MCX,MCX Crude Oil Mini Futures,MCX,synthetic,15m,15,synthetic_intraday,SYNTHETIC_INTRADAY,2026-03-11 06:15:00+00:00,india_morning
2026-03-11,2026-03-11 12:00:00,7169.3324999999995,7176.501832499999,7162.1631675,7169.3324999999995,561,83.0,CRUDEOILM-SYNTH,INR,MCX,MCX Crude Oil Mini Futures,MCX,synthetic,15m,15,synthetic_intraday,SYNTHETIC_INTRADAY,2026-03-11 06:30:00+00:00,india_morning
2026-03-11,2026-03-11 12:15:00,7169.3324999999995,7176.501832499999,7162.1631675,7169.3324999999995,353,83.0,CRUDEOILM-SYNTH,INR,MCX,MCX Crude Oil Mini Futures,MCX,synthetic,15m,15,synthetic_intraday,SYNTHETIC_INTRADAY,2026-03-11 06:45:00+00:00,india_morning
2026-03-11,2026-03-11 12:30:00,7169.3324999999995,7176.501832499999,7162.1631675,7169.3324999999995,142,83.0,CRUDEOILM-SYNTH,INR,MCX,MCX Crude Oil Mini Futures,MCX,synthetic,15m,15,synthetic_intraday,SYNTHETIC_INTRADAY,2026-03-11 07:00:00+00:00,india_midday
2026-03-11,2026-03-11 12:45:00,7169.3324999999995,7176.501832499999,7162.1631675,7169.3324999999995,622,83.0,CRUDEOILM-SYNTH,INR,MCX,MCX Crude Oil Mini Futures,MCX,synthetic,15m,15,synthetic_intraday,SYNTHETIC_INTRADAY,2026-03-11 07:15:00+00:00,india_midday
2026-03-11,2026-03-11 13:00:00,7169.3324999999995,7176.501832499999,7162.1631675,7169.3324999999995,434,83.0,CRUDEOILM-SYNTH,INR,MCX,MCX Crude Oil Mini Futures,MCX,synthetic,15m,15,synthetic_intraday,SYNTHETIC_INTRADAY,2026-03-11 07:30:00+00:00,india_midday
2026-03-11,2026-03-11 13:15:00,7169.3324999999995,7176.501832499999,7162.1631675,7169.3324999999995,155,83.0,CRUDEOILM-SYNTH,INR,MCX,MCX Crude Oil Mini Futures,MCX,synthetic,15m,15,synthetic_intraday,SYNTHETIC_INTRADAY,2026-03-11 07:45:00+00:00,india_midday
2026-03-11,2026-03-11 13:30:00,7172.630102526409,7179.802732628935,7165.457472423883,7172.630102526409,844,83.0,CRUDEOILM-SYNTH,INR,MCX,MCX Crude Oil Mini Futures,MCX,synthetic,15m,15,synthetic_intraday,SYNTHETIC_INTRADAY,2026-03-11 08:00:00+00:00,india_midday
2026-03-11,2026-03-11 13:45:00,7191.535057041952,7198.726592098993,7184.343521984911,7191.535057041952,763,83.0,CRUDEOILM-SYNTH,INR,MCX,MCX Crude Oil Mini Futures,MCX,synthetic,15m,15,synthetic_intraday,SYNTHETIC_INTRADAY,2026-03-11 08:15:00+00:00,india_midday
2026-03-11,2026-03-11 14:00:00,7203.898967014833,7211.102865981847,7196.6950680478185,7203.898967014833,941,83.0,CRUDEOILM-SYNTH,INR,MCX,MCX Crude Oil Mini Futures,MCX,synthetic,15m,15,synthetic_intraday,SYNTHETIC_INTRADAY,2026-03-11 08:30:00+00:00,india_midday
2026-03-11,2026-03-11 14:15:00,7216.587290701441,7223.803877992142,7209.370703410739,7216.587290701441,972,83.0,CRUDEOILM-SYNTH,INR,MCX,MCX Crude Oil Mini Futures,MCX,synthetic,15m,15,synthetic_intraday,SYNTHETIC_INTRADAY,2026-03-11 08:45:00+00:00,india_midday
2026-03-11,2026-03-11 14:30:00,7229.557475363167,7236.78703283853,7222.327917887804,7229.557475363167,782,83.0,CRUDEOILM-SYNTH,INR,MCX,MCX Crude Oil Mini Futures,MCX,synthetic,15m,15,synthetic_intraday,SYNTHETIC_INTRADAY,2026-03-11 09:00:00+00:00,india_midday
2026-03-11,2026-03-11 14:45:00,7244.943771586978,7252.188715358564,7237.698827815391,7244.943771586978,480,83.0,CRUDEOILM-SYNTH,INR,MCX,MCX Crude Oil Mini Futures,MCX,synthetic,15m,15,synthetic_intraday,SYNTHETIC_INTRADAY,2026-03-11 09:15:00+00:00,india_midday
2026-03-12,2026-03-12 09:00:00,7920.3662498763,7928.286616126175,7912.445883626423,7920.3662498763,132,83.0,CRUDEOILM-SYNTH,INR,MCX,MCX Crude Oil Mini Futures,MCX,synthetic,15m,15,synthetic_intraday,SYNTHETIC_INTRADAY,2026-03-12 03:30:00+00:00,mcx_open_drive
2026-03-12,2026-03-12 09:15:00,7920.3662498763,7928.286616126175,7912.445883626423,7920.3662498763,120,83.0,CRUDEOILM-SYNTH,INR,MCX,MCX Crude Oil Mini Futures,MCX,synthetic,15m,15,synthetic_intraday,SYNTHETIC_INTRADAY,2026-03-12 03:45:00+00:00,mcx_open_drive
2026-03-12,2026-03-12 09:30:00,7920.3662498763,7928.286616126175,7912.445883626423,7920.3662498763,457,83.0,CRUDEOILM-SYNTH,INR,MCX,MCX Crude Oil Mini Futures,MCX,synthetic,15m,15,synthetic_intraday,SYNTHETIC_INTRADAY,2026-03-12 04:00:00+00:00,mcx_open_drive
2026-03-12,2026-03-12 09:45:00,7920.3662498763,7928.286616126175,7912.445883626423,7920.3662498763,621,83.0,CRUDEOILM-SYNTH,INR,MCX,MCX Crude Oil Mini Futures,MCX,synthetic,15m,15,synthetic_intraday,SYNTHETIC_INTRADAY,2026-03-12 04:15:00+00:00,mcx_open_drive
2026-03-12,2026-03-12 10:00:00,7920.3662498763,7928.286616126175,7912.445883626423,7920.3662498763,202,83.0,CRUDEOILM-SYNTH,INR,MCX,MCX Crude Oil Mini Futures,MCX,synthetic,15m,15,synthetic_intraday,SYNTHETIC_INTRADAY,2026-03-12 04:30:00+00:00,mcx_open_drive
2026-03-12,2026-03-12 10:15:00,7920.3662498763,7928.286616126175,7912.445883626423,7920.3662498763,494,83.0,CRUDEOILM-SYNTH,INR,MCX,MCX Crude Oil Mini Futures,MCX,synthetic,15m,15,synthetic_intraday,SYNTHETIC_INTRADAY,2026-03-12 04:45:00+00:00,mcx_open_drive
2026-03-12,2026-03-12 10:30:00,7920.3662498763,7928.286616126175,7912.445883626423,7920.3662498763,790,83.0,CRUDEOILM-SYNTH,INR,MCX,MCX Crude Oil Mini Futures,MCX,synthetic,15m,15,synthetic_intraday,SYNTHETIC_INTRADAY,2026-03-12 05:00:00+00:00,india_morning
2026-03-12,2026-03-12 10:45:00,7920.3662498763,7928.286616126175,7912.445883626423,7920.3662498763,429,83.0,CRUDEOILM-SYNTH,INR,MCX,MCX Crude Oil Mini Futures,MCX,synthetic,15m,15,synthetic_intraday,SYNTHETIC_INTRADAY,2026-03-12 05:15:00+00:00,india_morning
2026-03-12,2026-03-12 11:00:00,7920.3662498763,7928.286616126175,7912.445883626423,7920.3662498763,786,83.0,CRUDEOILM-SYNTH,INR,MCX,MCX Crude Oil Mini Futures,MCX,synthetic,15m,15,synthetic_intraday,SYNTHETIC_INTRADAY,2026-03-12 05:30:00+00:00,india_morning
2026-03-12,2026-03-12 11:15:00,7920.3662498763,7928.286616126175,7912.445883626423,7920.3662498763,771,83.0,CRUDEOILM-SYNTH,INR,MCX,MCX Crude Oil Mini Futures,MCX,synthetic,15m,15,synthetic_intraday,SYNTHETIC_INTRADAY,2026-03-12 05:45:00+00:00,india_morning
2026-03-12,2026-03-12 11:30:00,7920.3662498763,7928.286616126175,7912.445883626423,7920.3662498763,438,83.0,CRUDEOILM-SYNTH,INR,MCX,MCX Crude Oil Mini Futures,MCX,synthetic,15m,15,synthetic_intraday,SYNTHETIC_INTRADAY,2026-03-12 06:00:00+00:00,india_morning
2026-03-12,2026-03-12 11:45:00,7920.3662498763,7928.286616126175,7912.445883626423,7920.3662498763,913,83.0,CRUDEOILM-SYNTH,INR,MCX,MCX Crude Oil Mini Futures,MCX,synthetic,15m,15,synthetic_intraday,SYNTHETIC_INTRADAY,2026-03-12 06:15:00+00:00,india_morning
2026-03-12,2026-03-12 12:00:00,7920.3662498763,7928.286616126175,7912.445883626423,7920.3662498763,986,83.0,CRUDEOILM-SYNTH,INR,MCX,MCX Crude Oil Mini Futures,MCX,synthetic,15m,15,synthetic_intraday,SYNTHETIC_INTRADAY,2026-03-12 06:30:00+00:00,india_morning
2026-03-12,2026-03-12 12:15:00,7920.3662498763,7928.286616126175,7912.445883626423,7920.3662498763,575,83.0,CRUDEOILM-SYNTH,INR,MCX,MCX Crude Oil Mini Futures,MCX,synthetic,15m,15,synthetic_intraday,SYNTHETIC_INTRADAY,2026-03-12 06:45:00+00:00,india_morning
2026-03-12,2026-03-12 12:30:00,7920.3662498763,7928.286616126175,7912.445883626423,7920.3662498763,135,83.0,CRUDEOILM-SYNTH,INR,MCX,MCX Crude Oil Mini Futures,MCX,synthetic,15m,15,synthetic_intraday,SYNTHETIC_INTRADAY,2026-03-12 07:00:00+00:00,india_midday
2026-03-12,2026-03-12 12:45:00,7920.3662498763,7928.286616126175,7912.445883626423,7920.3662498763,946,83.0,CRUDEOILM-SYNTH,INR,MCX,MCX Crude Oil Mini Futures,MCX,synthetic,15m,15,synthetic_intraday,SYNTHETIC_INTRADAY,2026-03-12 07:15:00+00:00,india_midday
2026-03-12,2026-03-12 13:00:00,7920.3662498763,7928.286616126175,7912.445883626423,7920.3662498763,493,83.0,CRUDEOILM-SYNTH,INR,MCX,MCX Crude Oil Mini Futures,MCX,synthetic,15m,15,synthetic_intraday,SYNTHETIC_INTRADAY,2026-03-12 07:30:00+00:00,india_midday
2026-03-12,2026-03-12 13:15:00,7920.3662498763,7928.286616126175,7912.445883626423,7920.3662498763,119,83.0,CRUDEOILM-SYNTH,INR,MCX,MCX Crude Oil Mini Futures,MCX,synthetic,15m,15,synthetic_intraday,SYNTHETIC_INTRADAY,2026-03-12 07:45:00+00:00,india_midday
2026-03-12,2026-03-12 13:30:00,7920.3662498763,7928.286616126175,7912.445883626423,7920.3662498763,334,83.0,CRUDEOILM-SYNTH,INR,MCX,MCX Crude Oil Mini Futures,MCX,synthetic,15m,15,synthetic_intraday,SYNTHETIC_INTRADAY,2026-03-12 08:00:00+00:00,india_midday
2026-03-12,2026-03-12 13:45:00,7920.3662498763,7928.286616126175,7912.445883626423,7920.3662498763,186,83.0,CRUDEOILM-SYNTH,INR,MCX,MCX Crude Oil Mini Futures,MCX,synthetic,15m,15,synthetic_intraday,SYNTHETIC_INTRADAY,2026-03-12 08:15:00+00:00,india_midday
2026-03-12,2026-03-12 14:00:00,7920.3662498763,7928.286616126175,7912.445883626423,7920.3662498763,811,83.0,CRUDEOILM-SYNTH,INR,MCX,MCX Crude Oil Mini Futures,MCX,synthetic,15m,15,synthetic_intraday,SYNTHETIC_INTRADAY,2026-03-12 08:30:00+00:00,india_midday
2026-03-12,2026-03-12 14:15:00,7924.023623199497,7931.947646822696,7916.099599576297,7924.023623199497,890,83.0,CRUDEOILM-SYNTH,INR,MCX,MCX Crude Oil Mini Futures,MCX,synthetic,15m,15,synthetic_intraday,SYNTHETIC_INTRADAY,2026-03-12 08:45:00+00:00,india_midday
2026-03-12,2026-03-12 14:30:00,7959.34156761309,7967.300909180702,7951.382226045477,7959.34156761309,564,83.0,CRUDEOILM-SYNTH,INR,MCX,MCX Crude Oil Mini Futures,MCX,synthetic,15m,15,synthetic_intraday,SYNTHETIC_INTRADAY,2026-03-12 09:00:00+00:00,india_midday
2026-03-12,2026-03-12 14:45:00,7999.815437584534,8007.815253022118,7991.81562214695,7999.815437584534,967,83.0,CRUDEOILM-SYNTH,INR,MCX,MCX Crude Oil Mini Futures,MCX,synthetic,15m,15,synthetic_intraday,SYNTHETIC_INTRADAY,2026-03-12 09:15:00+00:00,india_midday
2026-03-13,2026-03-13 09:00:00,8157.837499752599,8165.9953372523505,8149.679662252846,8157.837499752599,981,83.0,CRUDEOILM-SYNTH,INR,MCX,MCX Crude Oil Mini Futures,MCX,synthetic,15m,15,synthetic_intraday,SYNTHETIC_INTRADAY,2026-03-13 03:30:00+00:00,mcx_open_drive
2026-03-13,2026-03-13 09:15:00,8157.837499752599,8165.9953372523505,8149.679662252846,8157.837499752599,690,83.0,CRUDEOILM-SYNTH,INR,MCX,MCX Crude Oil Mini Futures,MCX,synthetic,15m,15,synthetic_intraday,SYNTHETIC_INTRADAY,2026-03-13 03:45:00+00:00,mcx_open_drive
2026-03-13,2026-03-13 09:30:00,8157.837499752599,8165.9953372523505,8149.679662252846,8157.837499752599,563,83.0,CRUDEOILM-SYNTH,INR,MCX,MCX Crude Oil Mini Futures,MCX,synthetic,15m,15,synthetic_intraday,SYNTHETIC_INTRADAY,2026-03-13 04:00:00+00:00,mcx_open_drive
2026-03-13,2026-03-13 09:45:00,8157.837499752599,8165.9953372523505,8149.679662252846,8157.837499752599,440,83.0,CRUDEOILM-SYNTH,INR,MCX,MCX Crude Oil Mini Futures,MCX,synthetic,15m,15,synthetic_intraday,SYNTHETIC_INTRADAY,2026-03-13 04:15:00+00:00,mcx_open_drive
2026-03-13,2026-03-13 10:00:00,8157.837499752599,8165.9953372523505,8149.679662252846,8157.837499752599,684,83.0,CRUDEOILM-SYNTH,INR,MCX,MCX Crude Oil Mini Futures,MCX,synthetic,15m,15,synthetic_intraday,SYNTHETIC_INTRADAY,2026-03-13 04:30:00+00:00,mcx_open_drive
2026-03-13,2026-03-13 10:15:00,8157.837499752599,8165.9953372523505,8149.679662252846,8157.837499752599,547,83.0,CRUDEOILM-SYNTH,INR,MCX,MCX Crude Oil Mini Futures,MCX,synthetic,15m,15,synthetic_intraday,SYNTHETIC_INTRADAY,2026-03-13 04:45:00+00:00,mcx_open_drive
2026-03-13,2026-03-13 10:30:00,8157.837499752599,8165.9953372523505,8149.679662252846,8157.837499752599,452,83.0,CRUDEOILM-SYNTH,INR,MCX,MCX Crude Oil Mini Futures,MCX,synthetic,15m,15,synthetic_intraday,SYNTHETIC_INTRADAY,2026-03-13 05:00:00+00:00,india_morning
2026-03-13,2026-03-13 10:45:00,8157.837499752599,8165.9953372523505,8149.679662252846,8157.837499752599,742,83.0,CRUDEOILM-SYNTH,INR,MCX,MCX Crude Oil Mini Futures,MCX,synthetic,15m,15,synthetic_intraday,SYNTHETIC_INTRADAY,2026-03-13 05:15:00+00:00,india_morning
2026-03-13,2026-03-13 11:00:00,8157.837499752599,8165.9953372523505,8149.679662252846,8157.837499752599,694,83.0,CRUDEOILM-SYNTH,INR,MCX,MCX Crude Oil Mini Futures,MCX,synthetic,15m,15,synthetic_intraday,SYNTHETIC_INTRADAY,2026-03-13 05:30:00+00:00,india_morning
2026-03-13,2026-03-13 11:15:00,8157.837499752599,8165.9953372523505,8149.679662252846,8157.837499752599,664,83.0,CRUDEOILM-SYNTH,INR,MCX,MCX Crude Oil Mini Futures,MCX,synthetic,15m,15,synthetic_intraday,SYNTHETIC_INTRADAY,2026-03-13 05:45:00+00:00,india_morning
2026-03-13,2026-03-13 11:30:00,8157.837499752599,8165.9953372523505,8149.679662252846,8157.837499752599,193,83.0,CRUDEOILM-SYNTH,INR,MCX,MCX Crude Oil Mini Futures,MCX,synthetic,15m,15,synthetic_intraday,SYNTHETIC_INTRADAY,2026-03-13 06:00:00+00:00,india_morning
2026-03-13,2026-03-13 11:45:00,8157.837499752599,8165.9953372523505,8149.679662252846,8157.837499752599,431,83.0,CRUDEOILM-SYNTH,INR,MCX,MCX Crude Oil Mini Futures,MCX,synthetic,15m,15,synthetic_intraday,SYNTHETIC_INTRADAY,2026-03-13 06:15:00+00:00,india_morning
2026-03-13,2026-03-13 12:00:00,8157.837499752599,8165.9953372523505,8149.679662252846,8157.837499752599,582,83.0,CRUDEOILM-SYNTH,INR,MCX,MCX Crude Oil Mini Futures,MCX,synthetic,15m,15,synthetic_intraday,SYNTHETIC_INTRADAY,2026-03-13 06:30:00+00:00,india_morning
2026-03-13,2026-03-13 12:15:00,8157.837499752599,8165.9953372523505,8149.679662252846,8157.837499752599,709,83.0,CRUDEOILM-SYNTH,INR,MCX,MCX Crude Oil Mini Futures,MCX,synthetic,15m,15,synthetic_intraday,SYNTHETIC_INTRADAY,2026-03-13 06:45:00+00:00,india_morning
2026-03-13,2026-03-13 12:30:00,8157.837499752599,8165.9953372523505,8149.679662252846,8157.837499752599,367,83.0,CRUDEOILM-SYNTH,INR,MCX,MCX Crude Oil Mini Futures,MCX,synthetic,15m,15,synthetic_intraday,SYNTHETIC_INTRADAY,2026-03-13 07:00:00+00:00,india_midday
2026-03-13,2026-03-13 12:45:00,8157.837499752599,8165.9953372523505,8149.679662252846,8157.837499752599,226,83.0,CRUDEOILM-SYNTH,INR,MCX,MCX Crude Oil Mini Futures,MCX,synthetic,15m,15,synthetic_intraday,SYNTHETIC_INTRADAY,2026-03-13 07:15:00+00:00,india_midday
2026-03-13,2026-03-13 13:00:00,8166.902513257845,8175.069415771102,8158.735610744588,8166.902513257845,765,83.0,CRUDEOILM-SYNTH,INR,MCX,MCX Crude Oil Mini Futures,MCX,synthetic,15m,15,synthetic_intraday,SYNTHETIC_INTRADAY,2026-03-13 07:30:00+00:00,india_midday
2026-03-13,2026-03-13 13:15:00,8177.611736025005,8185.789347761029,8169.43412428898,8177.611736025005,745,83.0,CRUDEOILM-SYNTH,INR,MCX,MCX Crude Oil Mini Futures,MCX,synthetic,15m,15,synthetic_intraday,SYNTHETIC_INTRADAY,2026-03-13 07:45:00+00:00,india_midday
2026-03-13,2026-03-13 13:30:00,8194.14850816418,8202.342656672343,8185.954359656016,8194.14850816418,582,83.0,CRUDEOILM-SYNTH,INR,MCX,MCX Crude Oil Mini Futures,MCX,synthetic,15m,15,synthetic_intraday,SYNTHETIC_INTRADAY,2026-03-13 08:00:00+00:00,india_midday
2026-03-13,2026-03-13 13:45:00,8200.146508016334,8208.34665452435,8191.946361508318,8200.146508016334,347,83.0,CRUDEOILM-SYNTH,INR,MCX,MCX Crude Oil Mini Futures,MCX,synthetic,15m,15,synthetic_intraday,SYNTHETIC_INTRADAY,2026-03-13 08:15:00+00:00,india_midday
2026-03-13,2026-03-13 14:00:00,8208.075653893202,8216.283729547094,8199.86757823931,8208.075653893202,740,83.0,CRUDEOILM-SYNTH,INR,MCX,MCX Crude Oil Mini Futures,MCX,synthetic,15m,15,synthetic_intraday,SYNTHETIC_INTRADAY,2026-03-13 08:30:00+00:00,india_midday
2026-03-13,2026-03-13 14:15:00,8220.655374134089,8228.876029508221,8212.434718759954,8220.655374134089,301,83.0,CRUDEOILM-SYNTH,INR,MCX,MCX Crude Oil Mini Futures,MCX,synthetic,15m,15,synthetic_intraday,SYNTHETIC_INTRADAY,2026-03-13 08:45:00+00:00,india_midday
2026-03-13,2026-03-13 14:30:00,8227.674005383988,8235.901679389372,8219.446331378604,8227.674005383988,502,83.0,CRUDEOILM-SYNTH,INR,MCX,MCX Crude Oil Mini Futures,MCX,synthetic,15m,15,synthetic_intraday,SYNTHETIC_INTRADAY,2026-03-13 09:00:00+00:00,india_midday
2026-03-13,2026-03-13 14:45:00,8233.487580555782,8241.721068136338,8225.254092975227,8233.487580555782,783,83.0,CRUDEOILM-SYNTH,INR,MCX,MCX Crude Oil Mini Futures,MCX,synthetic,15m,15,synthetic_intraday,SYNTHETIC_INTRADAY,2026-03-13 09:15:00+00:00,india_midday
2026-03-16,2026-03-16 09:00:00,7898.4627022726,7906.361164974872,7890.564239570327,7898.4627022726,285,83.0,CRUDEOILM-SYNTH,INR,MCX,MCX Crude Oil Mini Futures,MCX,synthetic,15m,15,synthetic_intraday,SYNTHETIC_INTRADAY,2026-03-16 03:30:00+00:00,mcx_open_drive
2026-03-16,2026-03-16 09:15:00,7898.4627022726,7906.361164974872,7890.564239570327,7898.4627022726,604,83.0,CRUDEOILM-SYNTH,INR,MCX,MCX Crude Oil Mini Futures,MCX,synthetic,15m,15,synthetic_intraday,SYNTHETIC_INTRADAY,2026-03-16 03:45:00+00:00,mcx_open_drive
2026-03-16,2026-03-16 09:30:00,7898.4627022726,7906.361164974872,7890.564239570327,7898.4627022726,418,83.0,CRUDEOILM-SYNTH,INR,MCX,MCX Crude Oil Mini Futures,MCX,synthetic,15m,15,synthetic_intraday,SYNTHETIC_INTRADAY,2026-03-16 04:00:00+00:00,mcx_open_drive
2026-03-16,2026-03-16 09:45:00,7898.4627022726,7906.361164974872,7890.564239570327,7898.4627022726,764,83.0,CRUDEOILM-SYNTH,INR,MCX,MCX Crude Oil Mini Futures,MCX,synthetic,15m,15,synthetic_intraday,SYNTHETIC_INTRADAY,2026-03-16 04:15:00+00:00,mcx_open_drive
2026-03-16,2026-03-16 10:00:00,7898.4627022726,7906.361164974872,7890.564239570327,7898.4627022726,885,83.0,CRUDEOILM-SYNTH,INR,MCX,MCX Crude Oil Mini Futures,MCX,synthetic,15m,15,synthetic_intraday,SYNTHETIC_INTRADAY,2026-03-16 04:30:00+00:00,mcx_open_drive
2026-03-16,2026-03-16 10:15:00,7898.4627022726,7906.361164974872,7890.564239570327,7898.4627022726,456,83.0,CRUDEOILM-SYNTH,INR,MCX,MCX Crude Oil Mini Futures,MCX,synthetic,15m,15,synthetic_intraday,SYNTHETIC_INTRADAY,2026-03-16 04:45:00+00:00,mcx_open_drive
2026-03-16,2026-03-16 10:30:00,7898.4627022726,7906.361164974872,7890.564239570327,7898.4627022726,692,83.0,CRUDEOILM-SYNTH,INR,MCX,MCX Crude Oil Mini Futures,MCX,synthetic,15m,15,synthetic_intraday,SYNTHETIC_INTRADAY,2026-03-16 05:00:00+00:00,india_morning
2026-03-16,2026-03-16 10:45:00,7898.4627022726,7906.361164974872,7890.564239570327,7898.4627022726,742,83.0,CRUDEOILM-SYNTH,INR,MCX,MCX Crude Oil Mini Futures,MCX,synthetic,15m,15,synthetic_intraday,SYNTHETIC_INTRADAY,2026-03-16 05:15:00+00:00,india_morning
2026-03-16,2026-03-16 11:00:00,7898.4627022726,7906.361164974872,7890.564239570327,7898.4627022726,135,83.0,CRUDEOILM-SYNTH,INR,MCX,MCX Crude Oil Mini Futures,MCX,synthetic,15m,15,synthetic_intraday,SYNTHETIC_INTRADAY,2026-03-16 05:30:00+00:00,india_morning
2026-03-16,2026-03-16 11:15:00,7898.4627022726,7906.361164974872,7890.564239570327,7898.4627022726,259,83.0,CRUDEOILM-SYNTH,INR,MCX,MCX Crude Oil Mini Futures,MCX,synthetic,15m,15,synthetic_intraday,SYNTHETIC_INTRADAY,2026-03-16 05:45:00+00:00,india_morning
2026-03-16,2026-03-16 11:30:00,7898.4627022726,7906.361164974872,7890.564239570327,7898.4627022726,510,83.0,CRUDEOILM-SYNTH,INR,MCX,MCX Crude Oil Mini Futures,MCX,synthetic,15m,15,synthetic_intraday,SYNTHETIC_INTRADAY,2026-03-16 06:00:00+00:00,india_morning
2026-03-16,2026-03-16 11:45:00,7898.4627022726,7906.361164974872,7890.564239570327,7898.4627022726,839,83.0,CRUDEOILM-SYNTH,INR,MCX,MCX Crude Oil Mini Futures,MCX,synthetic,15m,15,synthetic_intraday,SYNTHETIC_INTRADAY,2026-03-16 06:15:00+00:00,india_morning
2026-03-16,2026-03-16 12:00:00,7898.4627022726,7906.361164974872,7890.564239570327,7898.4627022726,643,83.0,CRUDEOILM-SYNTH,INR,MCX,MCX Crude Oil Mini Futures,MCX,synthetic,15m,15,synthetic_intraday,SYNTHETIC_INTRADAY,2026-03-16 06:30:00+00:00,india_morning
2026-03-16,2026-03-16 12:15:00,7898.4627022726,7906.361164974872,7890.564239570327,7898.4627022726,851,83.0,CRUDEOILM-SYNTH,INR,MCX,MCX Crude Oil Mini Futures,MCX,synthetic,15m,15,synthetic_intraday,SYNTHETIC_INTRADAY,2026-03-16 06:45:00+00:00,india_morning
2026-03-16,2026-03-16 12:30:00,7898.4627022726,7906.361164974872,7890.564239570327,7898.4627022726,711,83.0,CRUDEOILM-SYNTH,INR,MCX,MCX Crude Oil Mini Futures,MCX,synthetic,15m,15,synthetic_intraday,SYNTHETIC_INTRADAY,2026-03-16 07:00:00+00:00,india_midday
2026-03-16,2026-03-16 12:45:00,7898.4627022726,7906.361164974872,7890.564239570327,7898.4627022726,184,83.0,CRUDEOILM-SYNTH,INR,MCX,MCX Crude Oil Mini Futures,MCX,synthetic,15m,15,synthetic_intraday,SYNTHETIC_INTRADAY,2026-03-16 07:15:00+00:00,india_midday
2026-03-16,2026-03-16 13:00:00,7898.4627022726,7906.361164974872,7890.564239570327,7898.4627022726,476,83.0,CRUDEOILM-SYNTH,INR,MCX,MCX Crude Oil Mini Futures,MCX,synthetic,15m,15,synthetic_intraday,SYNTHETIC_INTRADAY,2026-03-16 07:30:00+00:00,india_midday
2026-03-16,2026-03-16 13:15:00,7898.4627022726,7906.361164974872,7890.564239570327,7898.4627022726,262,83.0,CRUDEOILM-SYNTH,INR,MCX,MCX Crude Oil Mini Futures,MCX,synthetic,15m,15,synthetic_intraday,SYNTHETIC_INTRADAY,2026-03-16 07:45:00+00:00,india_midday
2026-03-16,2026-03-16 13:30:00,7898.4627022726,7906.361164974872,7890.564239570327,7898.4627022726,939,83.0,CRUDEOILM-SYNTH,INR,MCX,MCX Crude Oil Mini Futures,MCX,synthetic,15m,15,synthetic_intraday,SYNTHETIC_INTRADAY,2026-03-16 08:00:00+00:00,india_midday
2026-03-16,2026-03-16 13:45:00,7888.246126405167,7896.134372531572,7880.357880278762,7888.246126405167,715,83.0,CRUDEOILM-SYNTH,INR,MCX,MCX Crude Oil Mini Futures,MCX,synthetic,15m,15,synthetic_intraday,SYNTHETIC_INTRADAY,2026-03-16 08:15:00+00:00,india_midday
2026-03-16,2026-03-16 14:00:00,7872.1496605115135,7880.021810172024,7864.277510851002,7872.1496605115135,811,83.0,CRUDEOILM-SYNTH,INR,MCX,MCX Crude Oil Mini Futures,MCX,synthetic,15m,15,synthetic_intraday,SYNTHETIC_INTRADAY,2026-03-16 08:30:00+00:00,india_midday
2026-03-16,2026-03-16 14:15:00,7857.6753172652825,7865.532992582547,7849.817641948017,7857.6753172652825,291,83.0,CRUDEOILM-SYNTH,INR,MCX,MCX Crude Oil Mini Futures,MCX,synthetic,15m,15,synthetic_intraday,SYNTHETIC_INTRADAY,2026-03-16 08:45:00+00:00,india_midday
2026-03-16,2026-03-16 14:30:00,7837.620521056558,7845.458141577614,7829.7829005355015,7837.620521056558,286,83.0,CRUDEOILM-SYNTH,INR,MCX,MCX Crude Oil Mini Futures,MCX,synthetic,15m,15,synthetic_intraday,SYNTHETIC_INTRADAY,2026-03-16 09:00:00+00:00,india_midday
2026-03-16,2026-03-16 14:45:00,7821.857520223746,7829.679377743969,7814.035662703523,7821.857520223746,380,83.0,CRUDEOILM-SYNTH,INR,MCX,MCX Crude Oil Mini Futures,MCX,synthetic,15m,15,synthetic_intraday,SYNTHETIC_INTRADAY,2026-03-16 09:15:00+00:00,india_midday
2026-03-17,2026-03-17 09:00:00,7830.8012506185,7838.632051869117,7822.970449367881,7830.8012506185,761,83.0,CRUDEOILM-SYNTH,INR,MCX,MCX Crude Oil Mini Futures,MCX,synthetic,15m,15,synthetic_intraday,SYNTHETIC_INTRADAY,2026-03-17 03:30:00+00:00,mcx_open_drive
2026-03-17,2026-03-17 09:15:00,7830.8012506185,7838.632051869117,7822.970449367881,7830.8012506185,640,83.0,CRUDEOILM-SYNTH,INR,MCX,MCX Crude Oil Mini Futures,MCX,synthetic,15m,15,synthetic_intraday,SYNTHETIC_INTRADAY,2026-03-17 03:45:00+00:00,mcx_open_drive
2026-03-17,2026-03-17 09:30:00,7830.8012506185,7838.632051869117,7822.970449367881,7830.8012506185,933,83.0,CRUDEOILM-SYNTH,INR,MCX,MCX Crude Oil Mini Futures,MCX,synthetic,15m,15,synthetic_intraday,SYNTHETIC_INTRADAY,2026-03-17 04:00:00+00:00,mcx_open_drive
2026-03-17,2026-03-17 09:45:00,7832.256421543372,7840.0886779649145,7824.424165121829,7832.256421543372,834,83.0,CRUDEOILM-SYNTH,INR,MCX,MCX Crude Oil Mini Futures,MCX,synthetic,15m,15,synthetic_intraday,SYNTHETIC_INTRADAY,2026-03-17 04:15:00+00:00,mcx_open_drive
2026-03-17,2026-03-17 10:00:00,7836.19809037649,7844.034288466865,7828.361892286113,7836.19809037649,973,83.0,CRUDEOILM-SYNTH,INR,MCX,MCX Crude Oil Mini Futures,MCX,synthetic,15m,15,synthetic_intraday,SYNTHETIC_INTRADAY,2026-03-17 04:30:00+00:00,mcx_open_drive
2026-03-17,2026-03-17 10:15:00,7837.636483198202,7845.474119681399,7829.7988467150035,7837.636483198202,921,83.0,CRUDEOILM-SYNTH,INR,MCX,MCX Crude Oil Mini Futures,MCX,synthetic,15m,15,synthetic_intraday,SYNTHETIC_INTRADAY,2026-03-17 04:45:00+00:00,mcx_open_drive
2026-03-17,2026-03-17 10:30:00,7845.623638440063,7853.469262078502,7837.778014801623,7845.623638440063,339,83.0,CRUDEOILM-SYNTH,INR,MCX,MCX Crude Oil Mini Futures,MCX,synthetic,15m,15,synthetic_intraday,SYNTHETIC_INTRADAY,2026-03-17 05:00:00+00:00,india_morning
2026-03-17,2026-03-17 10:45:00,7848.602541204971,7856.451143746175,7840.753938663766,7848.602541204971,249,83.0,CRUDEOILM-SYNTH,INR,MCX,MCX Crude Oil Mini Futures,MCX,synthetic,15m,15,synthetic_intraday,SYNTHETIC_INTRADAY,2026-03-17 05:15:00+00:00,india_morning
2026-03-17,2026-03-17 11:00:00,7854.7940796333005,7862.648873712933,7846.939285553667,7854.7940796333005,646,83.0,CRUDEOILM-SYNTH,INR,MCX,MCX Crude Oil Mini Futures,MCX,synthetic,15m,15,synthetic_intraday,SYNTHETIC_INTRADAY,2026-03-17 05:30:00+00:00,india_morning
2026-03-17,2026-03-17 11:15:00,7851.959835142308,7859.81179497745,7844.107875307166,7851.959835142308,133,83.0,CRUDEOILM-SYNTH,INR,MCX,MCX Crude Oil Mini Futures,MCX,synthetic,15m,15,synthetic_intraday,SYNTHETIC_INTRADAY,2026-03-17 05:45:00+00:00,india_morning
2026-03-17,2026-03-17 11:30:00,7858.642451598234,7866.501094049831,7850.7838091466365,7858.642451598234,524,83.0,CRUDEOILM-SYNTH,INR,MCX,MCX Crude Oil Mini Futures,MCX,synthetic,15m,15,synthetic_intraday,SYNTHETIC_INTRADAY,2026-03-17 06:00:00+00:00,india_morning
2026-03-17,2026-03-17 11:45:00,7866.540641569346,7874.4071822109145,7858.674100927777,7866.540641569346,940,83.0,CRUDEOILM-SYNTH,INR,MCX,MCX Crude Oil Mini Futures,MCX,synthetic,15m,15,synthetic_intraday,SYNTHETIC_INTRADAY,2026-03-17 06:15:00+00:00,india_morning
2026-03-17,2026-03-17 12:00:00,7864.1658407190025,7872.03000655972,7856.301674878284,7864.1658407190025,557,83.0,CRUDEOILM-SYNTH,INR,MCX,MCX Crude Oil Mini Futures,MCX,synthetic,15m,15,synthetic_intraday,SYNTHETIC_INTRADAY,2026-03-17 06:30:00+00:00,india_morning
2026-03-17,2026-03-17 12:15:00,7873.786737266365,7881.660524003631,7865.912950529098,7873.786737266365,824,83.0,CRUDEOILM-SYNTH,INR,MCX,MCX Crude Oil Mini Futures,MCX,synthetic,15m,15,synthetic_intraday,SYNTHETIC_INTRADAY,2026-03-17 06:45:00+00:00,india_morning
2026-03-17,2026-03-17 12:30:00,7871.721288438219,7879.593009726656,7863.84956714978,7871.721288438219,201,83.0,CRUDEOILM-SYNTH,INR,MCX,MCX Crude Oil Mini Futures,MCX,synthetic,15m,15,synthetic_intraday,SYNTHETIC_INTRADAY,2026-03-17 07:00:00+00:00,india_midday
2026-03-17,2026-03-17 12:45:00,7875.0482037636075,7882.923251967371,7867.1731555598435,7875.0482037636075,209,83.0,CRUDEOILM-SYNTH,INR,MCX,MCX Crude Oil Mini Futures,MCX,synthetic,15m,15,synthetic_intraday,SYNTHETIC_INTRADAY,2026-03-17 07:15:00+00:00,india_midday
2026-03-17,2026-03-17 13:00:00,7876.9042203945155,7884.7811246149095,7869.027316174121,7876.9042203945155,712,83.0,CRUDEOILM-SYNTH,INR,MCX,MCX Crude Oil Mini Futures,MCX,synthetic,15m,15,synthetic_intraday,SYNTHETIC_INTRADAY,2026-03-17 07:30:00+00:00,india_midday
2026-03-17,2026-03-17 13:15:00,7889.338968610306,7897.2283075789155,7881.449629641696,7889.338968610306,669,83.0,CRUDEOILM-SYNTH,INR,MCX,MCX Crude Oil Mini Futures,MCX,synthetic,15m,15,synthetic_intraday,SYNTHETIC_INTRADAY,2026-03-17 07:45:00+00:00,india_midday
2026-03-17,2026-03-17 13:30:00,7894.8734920497445,7902.768365541793,7886.978618557695,7894.8734920497445,855,83.0,CRUDEOILM-SYNTH,INR,MCX,MCX Crude Oil Mini Futures,MCX,synthetic,15m,15,synthetic_intraday,SYNTHETIC_INTRADAY,2026-03-17 08:00:00+00:00,india_midday
2026-03-17,2026-03-17 13:45:00,7898.050542134976,7905.94859267711,7890.152491592841,7898.050542134976,743,83.0,CRUDEOILM-SYNTH,INR,MCX,MCX Crude Oil Mini Futures,MCX,synthetic,15m,15,synthetic_intraday,SYNTHETIC_INTRADAY,2026-03-17 08:15:00+00:00,india_midday
2026-03-17,2026-03-17 14:00:00,7901.236276151971,7909.137512428122,7893.335039875818,7901.236276151971,203,83.0,CRUDEOILM-SYNTH,INR,MCX,MCX Crude Oil Mini Futures,MCX,synthetic,15m,15,synthetic_intraday,SYNTHETIC_INTRADAY,2026-03-17 08:30:00+00:00,india_midday
2026-03-17,2026-03-17 14:15:00,7903.9166822303905,7911.82059891262,7896.01276554816,7903.9166822303905,705,83.0,CRUDEOILM-SYNTH,INR,MCX,MCX Crude Oil Mini Futures,MCX,synthetic,15m,15,synthetic_intraday,SYNTHETIC_INTRADAY,2026-03-17 08:45:00+00:00,india_midday
2026-03-17,2026-03-17 14:30:00,7909.093830981286,7917.002924812266,7901.184737150305,7909.093830981286,677,83.0,CRUDEOILM-SYNTH,INR,MCX,MCX Crude Oil Mini Futures,MCX,synthetic,15m,15,synthetic_intraday,SYNTHETIC_INTRADAY,2026-03-17 09:00:00+00:00,india_midday
2026-03-17,2026-03-17 14:45:00,7911.883433111182,7919.795316544292,7903.971549678071,7911.883433111182,392,83.0,CRUDEOILM-SYNTH,INR,MCX,MCX Crude Oil Mini Futures,MCX,synthetic,15m,15,synthetic_intraday,SYNTHETIC_INTRADAY,2026-03-17 09:15:00+00:00,india_midday
2026-03-18,2026-03-18 09:00:00,8138.938750618501,8147.077689369119,8130.799811867882,8138.938750618501,153,83.0,CRUDEOILM-SYNTH,INR,MCX,MCX Crude Oil Mini Futures,MCX,synthetic,15m,15,synthetic_intraday,SYNTHETIC_INTRADAY,2026-03-18 03:30:00+00:00,mcx_open_drive
2026-03-18,2026-03-18 09:15:00,8138.938750618501,8147.077689369119,8130.799811867882,8138.938750618501,253,83.0,CRUDEOILM-SYNTH,INR,MCX,MCX Crude Oil Mini Futures,MCX,synthetic,15m,15,synthetic_intraday,SYNTHETIC_INTRADAY,2026-03-18 03:45:00+00:00,mcx_open_drive
2026-03-18,2026-03-18 09:30:00,8138.938750618501,8147.077689369119,8130.799811867882,8138.938750618501,227,83.0,CRUDEOILM-SYNTH,INR,MCX,MCX Crude Oil Mini Futures,MCX,synthetic,15m,15,synthetic_intraday,SYNTHETIC_INTRADAY,2026-03-18 04:00:00+00:00,mcx_open_drive
2026-03-18,2026-03-18 09:45:00,8138.938750618501,8147.077689369119,8130.799811867882,8138.938750618501,465,83.0,CRUDEOILM-SYNTH,INR,MCX,MCX Crude Oil Mini Futures,MCX,synthetic,15m,15,synthetic_intraday,SYNTHETIC_INTRADAY,2026-03-18 04:15:00+00:00,mcx_open_drive
2026-03-18,2026-03-18 10:00:00,8138.938750618501,8147.077689369119,8130.799811867882,8138.938750618501,467,83.0,CRUDEOILM-SYNTH,INR,MCX,MCX Crude Oil Mini Futures,MCX,synthetic,15m,15,synthetic_intraday,SYNTHETIC_INTRADAY,2026-03-18 04:30:00+00:00,mcx_open_drive
2026-03-18,2026-03-18 10:15:00,8138.938750618501,8147.077689369119,8130.799811867882,8138.938750618501,587,83.0,CRUDEOILM-SYNTH,INR,MCX,MCX Crude Oil Mini Futures,MCX,synthetic,15m,15,synthetic_intraday,SYNTHETIC_INTRADAY,2026-03-18 04:45:00+00:00,mcx_open_drive
2026-03-18,2026-03-18 10:30:00,8138.938750618501,8147.077689369119,8130.799811867882,8138.938750618501,186,83.0,CRUDEOILM-SYNTH,INR,MCX,MCX Crude Oil Mini Futures,MCX,synthetic,15m,15,synthetic_intraday,SYNTHETIC_INTRADAY,2026-03-18 05:00:00+00:00,india_morning
2026-03-18,2026-03-18 10:45:00,8138.938750618501,8147.077689369119,8130.799811867882,8138.938750618501,124,83.0,CRUDEOILM-SYNTH,INR,MCX,MCX Crude Oil Mini Futures,MCX,synthetic,15m,15,synthetic_intraday,SYNTHETIC_INTRADAY,2026-03-18 05:15:00+00:00,india_morning
2026-03-18,2026-03-18 11:00:00,8138.938750618501,8147.077689369119,8130.799811867882,8138.938750618501,141,83.0,CRUDEOILM-SYNTH,INR,MCX,MCX Crude Oil Mini Futures,MCX,synthetic,15m,15,synthetic_intraday,SYNTHETIC_INTRADAY,2026-03-18 05:30:00+00:00,india_morning
2026-03-18,2026-03-18 11:15:00,8138.938750618501,8147.077689369119,8130.799811867882,8138.938750618501,954,83.0,CRUDEOILM-SYNTH,INR,MCX,MCX Crude Oil Mini Futures,MCX,synthetic,15m,15,synthetic_intraday,SYNTHETIC_INTRADAY,2026-03-18 05:45:00+00:00,india_morning
2026-03-18,2026-03-18 11:30:00,8138.938750618501,8147.077689369119,8130.799811867882,8138.938750618501,301,83.0,CRUDEOILM-SYNTH,INR,MCX,MCX Crude Oil Mini Futures,MCX,synthetic,15m,15,synthetic_intraday,SYNTHETIC_INTRADAY,2026-03-18 06:00:00+00:00,india_morning
2026-03-18,2026-03-18 11:45:00,8138.938750618501,8147.077689369119,8130.799811867882,8138.938750618501,182,83.0,CRUDEOILM-SYNTH,INR,MCX,MCX Crude Oil Mini Futures,MCX,synthetic,15m,15,synthetic_intraday,SYNTHETIC_INTRADAY,2026-03-18 06:15:00+00:00,india_morning
2026-03-18,2026-03-18 12:00:00,8138.938750618501,8147.077689369119,8130.799811867882,8138.938750618501,502,83.0,CRUDEOILM-SYNTH,INR,MCX,MCX Crude Oil Mini Futures,MCX,synthetic,15m,15,synthetic_intraday,SYNTHETIC_INTRADAY,2026-03-18 06:30:00+00:00,india_morning
2026-03-18,2026-03-18 12:15:00,8138.938750618501,8147.077689369119,8130.799811867882,8138.938750618501,850,83.0,CRUDEOILM-SYNTH,INR,MCX,MCX Crude Oil Mini Futures,MCX,synthetic,15m,15,synthetic_intraday,SYNTHETIC_INTRADAY,2026-03-18 06:45:00+00:00,india_morning
2026-03-18,2026-03-18 12:30:00,8138.938750618501,8147.077689369119,8130.799811867882,8138.938750618501,656,83.0,CRUDEOILM-SYNTH,INR,MCX,MCX Crude Oil Mini Futures,MCX,synthetic,15m,15,synthetic_intraday,SYNTHETIC_INTRADAY,2026-03-18 07:00:00+00:00,india_midday
2026-03-18,2026-03-18 12:45:00,8138.938750618501,8147.077689369119,8130.799811867882,8138.938750618501,561,83.0,CRUDEOILM-SYNTH,INR,MCX,MCX Crude Oil Mini Futures,MCX,synthetic,15m,15,synthetic_intraday,SYNTHETIC_INTRADAY,2026-03-18 07:15:00+00:00,india_midday
2026-03-18,2026-03-18 13:00:00,8138.938750618501,8147.077689369119,8130.799811867882,8138.938750618501,757,83.0,CRUDEOILM-SYNTH,INR,MCX,MCX Crude Oil Mini Futures,MCX,synthetic,15m,15,synthetic_intraday,SYNTHETIC_INTRADAY,2026-03-18 07:30:00+00:00,india_midday
2026-03-18,2026-03-18 13:15:00,8138.938750618501,8147.077689369119,8130.799811867882,8138.938750618501,545,83.0,CRUDEOILM-SYNTH,INR,MCX,MCX Crude Oil Mini Futures,MCX,synthetic,15m,15,synthetic_intraday,SYNTHETIC_INTRADAY,2026-03-18 07:45:00+00:00,india_midday
2026-03-18,2026-03-18 13:30:00,8157.501981267928,8165.659483249196,8149.34447928666,8157.501981267928,248,83.0,CRUDEOILM-SYNTH,INR,MCX,MCX Crude Oil Mini Futures,MCX,synthetic,15m,15,synthetic_intraday,SYNTHETIC_INTRADAY,2026-03-18 08:00:00+00:00,india_midday
2026-03-18,2026-03-18 13:45:00,8170.082609237105,8178.252691846342,8161.912526627868,8170.082609237105,857,83.0,CRUDEOILM-SYNTH,INR,MCX,MCX Crude Oil Mini Futures,MCX,synthetic,15m,15,synthetic_intraday,SYNTHETIC_INTRADAY,2026-03-18 08:15:00+00:00,india_midday
2026-03-18,2026-03-18 14:00:00,8181.668017200984,8189.849685218184,8173.486349183783,8181.668017200984,392,83.0,CRUDEOILM-SYNTH,INR,MCX,MCX Crude Oil Mini Futures,MCX,synthetic,15m,15,synthetic_intraday,SYNTHETIC_INTRADAY,2026-03-18 08:30:00+00:00,india_midday
2026-03-18,2026-03-18 14:15:00,8194.689320955184,8202.884010276139,8186.494631634228,8194.689320955184,102,83.0,CRUDEOILM-SYNTH,INR,MCX,MCX Crude Oil Mini Futures,MCX,synthetic,15m,15,synthetic_intraday,SYNTHETIC_INTRADAY,2026-03-18 08:45:00+00:00,india_midday
2026-03-18,2026-03-18 14:30:00,8208.835225596315,8217.04406082191,8200.626390370719,8208.835225596315,868,83.0,CRUDEOILM-SYNTH,INR,MCX,MCX Crude Oil Mini Futures,MCX,synthetic,15m,15,synthetic_intraday,SYNTHETIC_INTRADAY,2026-03-18 09:00:00+00:00,india_midday
2026-03-18,2026-03-18 14:45:00,8218.934029756685,8227.15296378644,8210.715095726928,8218.934029756685,353,83.0,CRUDEOILM-SYNTH,INR,MCX,MCX Crude Oil Mini Futures,MCX,synthetic,15m,15,synthetic_intraday,SYNTHETIC_INTRADAY,2026-03-18 09:15:00+00:00,india_midday
2026-03-19,2026-03-19 09:00:00,7929.4793931822,7937.408872575381,7921.549913789017,7929.4793931822,755,83.0,CRUDEOILM-SYNTH,INR,MCX,MCX Crude Oil Mini Futures,MCX,synthetic,15m,15,synthetic_intraday,SYNTHETIC_INTRADAY,2026-03-19 03:30:00+00:00,mcx_open_drive
2026-03-19,2026-03-19 09:15:00,7929.4793931822,7937.408872575381,7921.549913789017,7929.4793931822,155,83.0,CRUDEOILM-SYNTH,INR,MCX,MCX Crude Oil Mini Futures,MCX,synthetic,15m,15,synthetic_intraday,SYNTHETIC_INTRADAY,2026-03-19 03:45:00+00:00,mcx_open_drive
2026-03-19,2026-03-19 09:30:00,7929.4793931822,7937.408872575381,7921.549913789017,7929.4793931822,967,83.0,CRUDEOILM-SYNTH,INR,MCX,MCX Crude Oil Mini Futures,MCX,synthetic,15m,15,synthetic_intraday,SYNTHETIC_INTRADAY,2026-03-19 04:00:00+00:00,mcx_open_drive
2026-03-19,2026-03-19 09:45:00,7929.4793931822,7937.408872575381,7921.549913789017,7929.4793931822,188,83.0,CRUDEOILM-SYNTH,INR,MCX,MCX Crude Oil Mini Futures,MCX,synthetic,15m,15,synthetic_intraday,SYNTHETIC_INTRADAY,2026-03-19 04:15:00+00:00,mcx_open_drive
2026-03-19,2026-03-19 10:00:00,7929.4793931822,7937.408872575381,7921.549913789017,7929.4793931822,202,83.0,CRUDEOILM-SYNTH,INR,MCX,MCX Crude Oil Mini Futures,MCX,synthetic,15m,15,synthetic_intraday,SYNTHETIC_INTRADAY,2026-03-19 04:30:00+00:00,mcx_open_drive
2026-03-19,2026-03-19 10:15:00,7929.4793931822,7937.408872575381,7921.549913789017,7929.4793931822,829,83.0,CRUDEOILM-SYNTH,INR,MCX,MCX Crude Oil Mini Futures,MCX,synthetic,15m,15,synthetic_intraday,SYNTHETIC_INTRADAY,2026-03-19 04:45:00+00:00,mcx_open_drive
2026-03-19,2026-03-19 10:30:00,7929.4793931822,7937.408872575381,7921.549913789017,7929.4793931822,210,83.0,CRUDEOILM-SYNTH,INR,MCX,MCX Crude Oil Mini Futures,MCX,synthetic,15m,15,synthetic_intraday,SYNTHETIC_INTRADAY,2026-03-19 05:00:00+00:00,india_morning
2026-03-19,2026-03-19 10:45:00,7929.4793931822,7937.408872575381,7921.549913789017,7929.4793931822,369,83.0,CRUDEOILM-SYNTH,INR,MCX,MCX Crude Oil Mini Futures,MCX,synthetic,15m,15,synthetic_intraday,SYNTHETIC_INTRADAY,2026-03-19 05:15:00+00:00,india_morning
2026-03-19,2026-03-19 11:00:00,7929.4793931822,7937.408872575381,7921.549913789017,7929.4793931822,571,83.0,CRUDEOILM-SYNTH,INR,MCX,MCX Crude Oil Mini Futures,MCX,synthetic,15m,15,synthetic_intraday,SYNTHETIC_INTRADAY,2026-03-19 05:30:00+00:00,india_morning
2026-03-19,2026-03-19 11:15:00,7929.4793931822,7937.408872575381,7921.549913789017,7929.4793931822,674,83.0,CRUDEOILM-SYNTH,INR,MCX,MCX Crude Oil Mini Futures,MCX,synthetic,15m,15,synthetic_intraday,SYNTHETIC_INTRADAY,2026-03-19 05:45:00+00:00,india_morning
2026-03-19,2026-03-19 11:30:00,7929.4793931822,7937.408872575381,7921.549913789017,7929.4793931822,213,83.0,CRUDEOILM-SYNTH,INR,MCX,MCX Crude Oil Mini Futures,MCX,synthetic,15m,15,synthetic_intraday,SYNTHETIC_INTRADAY,2026-03-19 06:00:00+00:00,india_morning
2026-03-19,2026-03-19 11:45:00,7929.4793931822,7937.408872575381,7921.549913789017,7929.4793931822,591,83.0,CRUDEOILM-SYNTH,INR,MCX,MCX Crude Oil Mini Futures,MCX,synthetic,15m,15,synthetic_intraday,SYNTHETIC_INTRADAY,2026-03-19 06:15:00+00:00,india_morning
2026-03-19,2026-03-19 12:00:00,7929.4793931822,7937.408872575381,7921.549913789017,7929.4793931822,288,83.0,CRUDEOILM-SYNTH,INR,MCX,MCX Crude Oil Mini Futures,MCX,synthetic,15m,15,synthetic_intraday,SYNTHETIC_INTRADAY,2026-03-19 06:30:00+00:00,india_morning
2026-03-19,2026-03-19 12:15:00,7929.4793931822,7937.408872575381,7921.549913789017,7929.4793931822,652,83.0,CRUDEOILM-SYNTH,INR,MCX,MCX Crude Oil Mini Futures,MCX,synthetic,15m,15,synthetic_intraday,SYNTHETIC_INTRADAY,2026-03-19 06:45:00+00:00,india_morning
2026-03-19,2026-03-19 12:30:00,7929.4793931822,7937.408872575381,7921.549913789017,7929.4793931822,962,83.0,CRUDEOILM-SYNTH,INR,MCX,MCX Crude Oil Mini Futures,MCX,synthetic,15m,15,synthetic_intraday,SYNTHETIC_INTRADAY,2026-03-19 07:00:00+00:00,india_midday
2026-03-19,2026-03-19 12:45:00,7929.4793931822,7937.408872575381,7921.549913789017,7929.4793931822,431,83.0,CRUDEOILM-SYNTH,INR,MCX,MCX Crude Oil Mini Futures,MCX,synthetic,15m,15,synthetic_intraday,SYNTHETIC_INTRADAY,2026-03-19 07:15:00+00:00,india_midday
2026-03-19,2026-03-19 13:00:00,7929.4793931822,7937.408872575381,7921.549913789017,7929.4793931822,989,83.0,CRUDEOILM-SYNTH,INR,MCX,MCX Crude Oil Mini Futures,MCX,synthetic,15m,15,synthetic_intraday,SYNTHETIC_INTRADAY,2026-03-19 07:30:00+00:00,india_midday
2026-03-19,2026-03-19 13:15:00,7929.4793931822,7937.408872575381,7921.549913789017,7929.4793931822,988,83.0,CRUDEOILM-SYNTH,INR,MCX,MCX Crude Oil Mini Futures,MCX,synthetic,15m,15,synthetic_intraday,SYNTHETIC_INTRADAY,2026-03-19 07:45:00+00:00,india_midday
2026-03-19,2026-03-19 13:30:00,7929.4793931822,7937.408872575381,7921.549913789017,7929.4793931822,267,83.0,CRUDEOILM-SYNTH,INR,MCX,MCX Crude Oil Mini Futures,MCX,synthetic,15m,15,synthetic_intraday,SYNTHETIC_INTRADAY,2026-03-19 08:00:00+00:00,india_midday
2026-03-19,2026-03-19 13:45:00,7913.924455795323,7921.838380251118,7906.010531339528,7913.924455795323,526,83.0,CRUDEOILM-SYNTH,INR,MCX,MCX Crude Oil Mini Futures,MCX,synthetic,15m,15,synthetic_intraday,SYNTHETIC_INTRADAY,2026-03-19 08:15:00+00:00,india_midday
2026-03-19,2026-03-19 14:00:00,7895.566363097095,7903.461929460191,7887.670796733998,7895.566363097095,661,83.0,CRUDEOILM-SYNTH,INR,MCX,MCX Crude Oil Mini Futures,MCX,synthetic,15m,15,synthetic_intraday,SYNTHETIC_INTRADAY,2026-03-19 08:30:00+00:00,india_midday
2026-03-19,2026-03-19 14:15:00,7881.079843615335,7888.96092345895,7873.19876377172,7881.079843615335,889,83.0,CRUDEOILM-SYNTH,INR,MCX,MCX Crude Oil Mini Futures,MCX,synthetic,15m,15,synthetic_intraday,SYNTHETIC_INTRADAY,2026-03-19 08:45:00+00:00,india_midday
2026-03-19,2026-03-19 14:30:00,7871.116361753731,7878.987478115484,7863.245245391978,7871.116361753731,214,83.0,CRUDEOILM-SYNTH,INR,MCX,MCX Crude Oil Mini Futures,MCX,synthetic,15m,15,synthetic_intraday,SYNTHETIC_INTRADAY,2026-03-19 09:00:00+00:00,india_midday
2026-03-19,2026-03-19 14:45:00,7858.976150558813,7866.835126709371,7851.117174408254,7858.976150558813,627,83.0,CRUDEOILM-SYNTH,INR,MCX,MCX Crude Oil Mini Futures,MCX,synthetic,15m,15,synthetic_intraday,SYNTHETIC_INTRADAY,2026-03-19 09:15:00+00:00,india_midday
2026-03-20,2026-03-20 09:00:00,8060.0549992578,8068.115054257057,8051.994944258542,8060.0549992578,269,83.0,CRUDEOILM-SYNTH,INR,MCX,MCX Crude Oil Mini Futures,MCX,synthetic,15m,15,synthetic_intraday,SYNTHETIC_INTRADAY,2026-03-20 03:30:00+00:00,mcx_open_drive
2026-03-20,2026-03-20 09:15:00,8060.0549992578,8068.115054257057,8051.994944258542,8060.0549992578,995,83.0,CRUDEOILM-SYNTH,INR,MCX,MCX Crude Oil Mini Futures,MCX,synthetic,15m,15,synthetic_intraday,SYNTHETIC_INTRADAY,2026-03-20 03:45:00+00:00,mcx_open_drive
2026-03-20,2026-03-20 09:30:00,8060.0549992578,8068.115054257057,8051.994944258542,8060.0549992578,820,83.0,CRUDEOILM-SYNTH,INR,MCX,MCX Crude Oil Mini Futures,MCX,synthetic,15m,15,synthetic_intraday,SYNTHETIC_INTRADAY,2026-03-20 04:00:00+00:00,mcx_open_drive
2026-03-20,2026-03-20 09:45:00,8060.0549992578,8068.115054257057,8051.994944258542,8060.0549992578,903,83.0,CRUDEOILM-SYNTH,INR,MCX,MCX Crude Oil Mini Futures,MCX,synthetic,15m,15,synthetic_intraday,SYNTHETIC_INTRADAY,2026-03-20 04:15:00+00:00,mcx_open_drive
2026-03-20,2026-03-20 10:00:00,8060.0549992578,8068.115054257057,8051.994944258542,8060.0549992578,760,83.0,CRUDEOILM-SYNTH,INR,MCX,MCX Crude Oil Mini Futures,MCX,synthetic,15m,15,synthetic_intraday,SYNTHETIC_INTRADAY,2026-03-20 04:30:00+00:00,mcx_open_drive
2026-03-20,2026-03-20 10:15:00,8060.0549992578,8068.115054257057,8051.994944258542,8060.0549992578,664,83.0,CRUDEOILM-SYNTH,INR,MCX,MCX Crude Oil Mini Futures,MCX,synthetic,15m,15,synthetic_intraday,SYNTHETIC_INTRADAY,2026-03-20 04:45:00+00:00,mcx_open_drive
2026-03-20,2026-03-20 10:30:00,8060.0549992578,8068.115054257057,8051.994944258542,8060.0549992578,978,83.0,CRUDEOILM-SYNTH,INR,MCX,MCX Crude Oil Mini Futures,MCX,synthetic,15m,15,synthetic_intraday,SYNTHETIC_INTRADAY,2026-03-20 05:00:00+00:00,india_morning
2026-03-20,2026-03-20 10:45:00,8060.0549992578,8068.115054257057,8051.994944258542,8060.0549992578,621,83.0,CRUDEOILM-SYNTH,INR,MCX,MCX Crude Oil Mini Futures,MCX,synthetic,15m,15,synthetic_intraday,SYNTHETIC_INTRADAY,2026-03-20 05:15:00+00:00,india_morning
2026-03-20,2026-03-20 11:00:00,8060.0549992578,8068.115054257057,8051.994944258542,8060.0549992578,128,83.0,CRUDEOILM-SYNTH,INR,MCX,MCX Crude Oil Mini Futures,MCX,synthetic,15m,15,synthetic_intraday,SYNTHETIC_INTRADAY,2026-03-20 05:30:00+00:00,india_morning
2026-03-20,2026-03-20 11:15:00,8060.0549992578,8068.115054257057,8051.994944258542,8060.0549992578,836,83.0,CRUDEOILM-SYNTH,INR,MCX,MCX Crude Oil Mini Futures,MCX,synthetic,15m,15,synthetic_intraday,SYNTHETIC_INTRADAY,2026-03-20 05:45:00+00:00,india_morning
2026-03-20,2026-03-20 11:30:00,8060.0549992578,8068.115054257057,8051.994944258542,8060.0549992578,313,83.0,CRUDEOILM-SYNTH,INR,MCX,MCX Crude Oil Mini Futures,MCX,synthetic,15m,15,synthetic_intraday,SYNTHETIC_INTRADAY,2026-03-20 06:00:00+00:00,india_morning
2026-03-20,2026-03-20 11:45:00,8060.0549992578,8068.115054257057,8051.994944258542,8060.0549992578,479,83.0,CRUDEOILM-SYNTH,INR,MCX,MCX Crude Oil Mini Futures,MCX,synthetic,15m,15,synthetic_intraday,SYNTHETIC_INTRADAY,2026-03-20 06:15:00+00:00,india_morning
2026-03-20,2026-03-20 12:00:00,8060.0549992578,8068.115054257057,8051.994944258542,8060.0549992578,964,83.0,CRUDEOILM-SYNTH,INR,MCX,MCX Crude Oil Mini Futures,MCX,synthetic,15m,15,synthetic_intraday,SYNTHETIC_INTRADAY,2026-03-20 06:30:00+00:00,india_morning
2026-03-20,2026-03-20 12:15:00,8060.0549992578,8068.115054257057,8051.994944258542,8060.0549992578,385,83.0,CRUDEOILM-SYNTH,INR,MCX,MCX Crude Oil Mini Futures,MCX,synthetic,15m,15,synthetic_intraday,SYNTHETIC_INTRADAY,2026-03-20 06:45:00+00:00,india_morning
2026-03-20,2026-03-20 12:30:00,8060.0549992578,8068.115054257057,8051.994944258542,8060.0549992578,189,83.0,CRUDEOILM-SYNTH,INR,MCX,MCX Crude Oil Mini Futures,MCX,synthetic,15m,15,synthetic_intraday,SYNTHETIC_INTRADAY,2026-03-20 07:00:00+00:00,india_midday
2026-03-20,2026-03-20 12:45:00,8060.0549992578,8068.115054257057,8051.994944258542,8060.0549992578,550,83.0,CRUDEOILM-SYNTH,INR,MCX,MCX Crude Oil Mini Futures,MCX,synthetic,15m,15,synthetic_intraday,SYNTHETIC_INTRADAY,2026-03-20 07:15:00+00:00,india_midday
2026-03-20,2026-03-20 13:00:00,8060.0549992578,8068.115054257057,8051.994944258542,8060.0549992578,981,83.0,CRUDEOILM-SYNTH,INR,MCX,MCX Crude Oil Mini Futures,MCX,synthetic,15m,15,synthetic_intraday,SYNTHETIC_INTRADAY,2026-03-20 07:30:00+00:00,india_midday
2026-03-20,2026-03-20 13:15:00,8066.71524383265,8074.781959076482,8058.6485285888175,8066.71524383265,722,83.0,CRUDEOILM-SYNTH,INR,MCX,MCX Crude Oil Mini Futures,MCX,synthetic,15m,15,synthetic_intraday,SYNTHETIC_INTRADAY,2026-03-20 07:45:00+00:00,india_midday
2026-03-20,2026-03-20 13:30:00,8076.482356610957,8084.558838967567,8068.405874254347,8076.482356610957,927,83.0,CRUDEOILM-SYNTH,INR,MCX,MCX Crude Oil Mini Futures,MCX,synthetic,15m,15,synthetic_intraday,SYNTHETIC_INTRADAY,2026-03-20 08:00:00+00:00,india_midday
2026-03-20,2026-03-20 13:45:00,8092.780845926006,8100.873626771931,8084.6880650800795,8092.780845926006,439,83.0,CRUDEOILM-SYNTH,INR,MCX,MCX Crude Oil Mini Futures,MCX,synthetic,15m,15,synthetic_intraday,SYNTHETIC_INTRADAY,2026-03-20 08:15:00+00:00,india_midday
2026-03-20,2026-03-20 14:00:00,8102.371248398508,8110.473619646906,8094.26887715011,8102.371248398508,498,83.0,CRUDEOILM-SYNTH,INR,MCX,MCX Crude Oil Mini Futures,MCX,synthetic,15m,15,synthetic_intraday,SYNTHETIC_INTRADAY,2026-03-20 08:30:00+00:00,india_midday
2026-03-20,2026-03-20 14:15:00,8117.290641065536,8125.407931706601,8109.17335042447,8117.290641065536,818,83.0,CRUDEOILM-SYNTH,INR,MCX,MCX Crude Oil Mini Futures,MCX,synthetic,15m,15,synthetic_intraday,SYNTHETIC_INTRADAY,2026-03-20 08:45:00+00:00,india_midday
2026-03-20,2026-03-20 14:30:00,8129.011939622962,8137.140951562584,8120.882927683339,8129.011939622962,807,83.0,CRUDEOILM-SYNTH,INR,MCX,MCX Crude Oil Mini Futures,MCX,synthetic,15m,15,synthetic_intraday,SYNTHETIC_INTRADAY,2026-03-20 09:00:00+00:00,india_midday
2026-03-20,2026-03-20 14:45:00,8141.400198907143,8149.541599106049,8133.258798708236,8141.400198907143,529,83.0,CRUDEOILM-SYNTH,INR,MCX,MCX Crude Oil Mini Futures,MCX,synthetic,15m,15,synthetic_intraday,SYNTHETIC_INTRADAY,2026-03-20 09:15:00+00:00,india_midday
2026-03-23,2026-03-23 09:00:00,7449.9723305325,7457.422302863031,7442.522358201967,7449.9723305325,411,83.0,CRUDEOILM-SYNTH,INR,MCX,MCX Crude Oil Mini Futures,MCX,synthetic,15m,15,synthetic_intraday,SYNTHETIC_INTRADAY,2026-03-23 03:30:00+00:00,mcx_open_drive
2026-03-23,2026-03-23 09:15:00,7449.9723305325,7457.422302863031,7442.522358201967,7449.9723305325,663,83.0,CRUDEOILM-SYNTH,INR,MCX,MCX Crude Oil Mini Futures,MCX,synthetic,15m,15,synthetic_intraday,SYNTHETIC_INTRADAY,2026-03-23 03:45:00+00:00,mcx_open_drive
2026-03-23,2026-03-23 09:30:00,7449.9723305325,7457.422302863031,7442.522358201967,7449.9723305325,563,83.0,CRUDEOILM-SYNTH,INR,MCX,MCX Crude Oil Mini Futures,MCX,synthetic,15m,15,synthetic_intraday,SYNTHETIC_INTRADAY,2026-03-23 04:00:00+00:00,mcx_open_drive
2026-03-23,2026-03-23 09:45:00,7449.9723305325,7457.422302863031,7442.522358201967,7449.9723305325,744,83.0,CRUDEOILM-SYNTH,INR,MCX,MCX Crude Oil Mini Futures,MCX,synthetic,15m,15,synthetic_intraday,SYNTHETIC_INTRADAY,2026-03-23 04:15:00+00:00,mcx_open_drive
2026-03-23,2026-03-23 10:00:00,7449.9723305325,7457.422302863031,7442.522358201967,7449.9723305325,235,83.0,CRUDEOILM-SYNTH,INR,MCX,MCX Crude Oil Mini Futures,MCX,synthetic,15m,15,synthetic_intraday,SYNTHETIC_INTRADAY,2026-03-23 04:30:00+00:00,mcx_open_drive
2026-03-23,2026-03-23 10:15:00,7449.9723305325,7457.422302863031,7442.522358201967,7449.9723305325,593,83.0,CRUDEOILM-SYNTH,INR,MCX,MCX Crude Oil Mini Futures,MCX,synthetic,15m,15,synthetic_intraday,SYNTHETIC_INTRADAY,2026-03-23 04:45:00+00:00,mcx_open_drive
2026-03-23,2026-03-23 10:30:00,7449.9723305325,7457.422302863031,7442.522358201967,7449.9723305325,239,83.0,CRUDEOILM-SYNTH,INR,MCX,MCX Crude Oil Mini Futures,MCX,synthetic,15m,15,synthetic_intraday,SYNTHETIC_INTRADAY,2026-03-23 05:00:00+00:00,india_morning
2026-03-23,2026-03-23 10:45:00,7449.9723305325,7457.422302863031,7442.522358201967,7449.9723305325,614,83.0,CRUDEOILM-SYNTH,INR,MCX,MCX Crude Oil Mini Futures,MCX,synthetic,15m,15,synthetic_intraday,SYNTHETIC_INTRADAY,2026-03-23 05:15:00+00:00,india_morning
2026-03-23,2026-03-23 11:00:00,7449.9723305325,7457.422302863031,7442.522358201967,7449.9723305325,699,83.0,CRUDEOILM-SYNTH,INR,MCX,MCX Crude Oil Mini Futures,MCX,synthetic,15m,15,synthetic_intraday,SYNTHETIC_INTRADAY,2026-03-23 05:30:00+00:00,india_morning
2026-03-23,2026-03-23 11:15:00,7449.9723305325,7457.422302863031,7442.522358201967,7449.9723305325,401,83.0,CRUDEOILM-SYNTH,INR,MCX,MCX Crude Oil Mini Futures,MCX,synthetic,15m,15,synthetic_intraday,SYNTHETIC_INTRADAY,2026-03-23 05:45:00+00:00,india_morning
2026-03-23,2026-03-23 11:30:00,7449.9723305325,7457.422302863031,7442.522358201967,7449.9723305325,553,83.0,CRUDEOILM-SYNTH,INR,MCX,MCX Crude Oil Mini Futures,MCX,synthetic,15m,15,synthetic_intraday,SYNTHETIC_INTRADAY,2026-03-23 06:00:00+00:00,india_morning
2026-03-23,2026-03-23 11:45:00,7449.9723305325,7457.422302863031,7442.522358201967,7449.9723305325,275,83.0,CRUDEOILM-SYNTH,INR,MCX,MCX Crude Oil Mini Futures,MCX,synthetic,15m,15,synthetic_intraday,SYNTHETIC_INTRADAY,2026-03-23 06:15:00+00:00,india_morning
2026-03-23,2026-03-23 12:00:00,7449.9723305325,7457.422302863031,7442.522358201967,7449.9723305325,185,83.0,CRUDEOILM-SYNTH,INR,MCX,MCX Crude Oil Mini Futures,MCX,synthetic,15m,15,synthetic_intraday,SYNTHETIC_INTRADAY,2026-03-23 06:30:00+00:00,india_morning
2026-03-23,2026-03-23 12:15:00,7449.9723305325,7457.422302863031,7442.522358201967,7449.9723305325,805,83.0,CRUDEOILM-SYNTH,INR,MCX,MCX Crude Oil Mini Futures,MCX,synthetic,15m,15,synthetic_intraday,SYNTHETIC_INTRADAY,2026-03-23 06:45:00+00:00,india_morning
2026-03-23,2026-03-23 12:30:00,7449.9723305325,7457.422302863031,7442.522358201967,7449.9723305325,866,83.0,CRUDEOILM-SYNTH,INR,MCX,MCX Crude Oil Mini Futures,MCX,synthetic,15m,15,synthetic_intraday,SYNTHETIC_INTRADAY,2026-03-23 07:00:00+00:00,india_midday
2026-03-23,2026-03-23 12:45:00,7449.9723305325,7457.422302863031,7442.522358201967,7449.9723305325,237,83.0,CRUDEOILM-SYNTH,INR,MCX,MCX Crude Oil Mini Futures,MCX,synthetic,15m,15,synthetic_intraday,SYNTHETIC_INTRADAY,2026-03-23 07:15:00+00:00,india_midday
2026-03-23,2026-03-23 13:00:00,7449.9723305325,7457.422302863031,7442.522358201967,7449.9723305325,787,83.0,CRUDEOILM-SYNTH,INR,MCX,MCX Crude Oil Mini Futures,MCX,synthetic,15m,15,synthetic_intraday,SYNTHETIC_INTRADAY,2026-03-23 07:30:00+00:00,india_midday
2026-03-23,2026-03-23 13:15:00,7449.9723305325,7457.422302863031,7442.522358201967,7449.9723305325,552,83.0,CRUDEOILM-SYNTH,INR,MCX,MCX Crude Oil Mini Futures,MCX,synthetic,15m,15,synthetic_intraday,SYNTHETIC_INTRADAY,2026-03-23 07:45:00+00:00,india_midday
2026-03-23,2026-03-23 13:30:00,7449.9723305325,7457.422302863031,7442.522358201967,7449.9723305325,491,83.0,CRUDEOILM-SYNTH,INR,MCX,MCX Crude Oil Mini Futures,MCX,synthetic,15m,15,synthetic_intraday,SYNTHETIC_INTRADAY,2026-03-23 08:00:00+00:00,india_midday
2026-03-23,2026-03-23 13:45:00,7449.9723305325,7457.422302863031,7442.522358201967,7449.9723305325,259,83.0,CRUDEOILM-SYNTH,INR,MCX,MCX Crude Oil Mini Futures,MCX,synthetic,15m,15,synthetic_intraday,SYNTHETIC_INTRADAY,2026-03-23 08:15:00+00:00,india_midday
2026-03-23,2026-03-23 14:00:00,7449.9723305325,7457.422302863031,7442.522358201967,7449.9723305325,822,83.0,CRUDEOILM-SYNTH,INR,MCX,MCX Crude Oil Mini Futures,MCX,synthetic,15m,15,synthetic_intraday,SYNTHETIC_INTRADAY,2026-03-23 08:30:00+00:00,india_midday
2026-03-23,2026-03-23 14:15:00,7442.740497269852,7450.183237767122,7435.297756772582,7442.740497269852,430,83.0,CRUDEOILM-SYNTH,INR,MCX,MCX Crude Oil Mini Futures,MCX,synthetic,15m,15,synthetic_intraday,SYNTHETIC_INTRADAY,2026-03-23 08:45:00+00:00,india_midday
2026-03-23,2026-03-23 14:30:00,7405.901554252127,7413.307455806379,7398.495652697875,7405.901554252127,830,83.0,CRUDEOILM-SYNTH,INR,MCX,MCX Crude Oil Mini Futures,MCX,synthetic,15m,15,synthetic_intraday,SYNTHETIC_INTRADAY,2026-03-23 09:00:00+00:00,india_midday
2026-03-23,2026-03-23 14:45:00,7384.44276822773,7391.827210995957,7377.058325459502,7384.44276822773,745,83.0,CRUDEOILM-SYNTH,INR,MCX,MCX Crude Oil Mini Futures,MCX,synthetic,15m,15,synthetic_intraday,SYNTHETIC_INTRADAY,2026-03-23 09:15:00+00:00,india_midday
2026-03-24,2026-03-24 09:00:00,7378.6416884055425,7386.020330093947,7371.263046717137,7378.6416884055425,915,83.0,CRUDEOILM-SYNTH,INR,MCX,MCX Crude Oil Mini Futures,MCX,synthetic,15m,15,synthetic_intraday,SYNTHETIC_INTRADAY,2026-03-24 03:30:00+00:00,mcx_open_drive
2026-03-24,2026-03-24 09:15:00,7370.486720015246,7377.85720673526,7363.116233295231,7370.486720015246,493,83.0,CRUDEOILM-SYNTH,INR,MCX,MCX Crude Oil Mini Futures,MCX,synthetic,15m,15,synthetic_intraday,SYNTHETIC_INTRADAY,2026-03-24 03:45:00+00:00,mcx_open_drive
2026-03-24,2026-03-24 09:30:00,7375.396388903708,7382.771785292611,7368.020992514804,7375.396388903708,354,83.0,CRUDEOILM-SYNTH,INR,MCX,MCX Crude Oil Mini Futures,MCX,synthetic,15m,15,synthetic_intraday,SYNTHETIC_INTRADAY,2026-03-24 04:00:00+00:00,mcx_open_drive
2026-03-24,2026-03-24 09:45:00,7374.384965769401,7381.759350735169,7367.0105808036315,7374.384965769401,562,83.0,CRUDEOILM-SYNTH,INR,MCX,MCX Crude Oil Mini Futures,MCX,synthetic,15m,15,synthetic_intraday,SYNTHETIC_INTRADAY,2026-03-24 04:15:00+00:00,mcx_open_drive
2026-03-24,2026-03-24 10:00:00,7371.50648091327,7378.877987394182,7364.134974432357,7371.50648091327,889,83.0,CRUDEOILM-SYNTH,INR,MCX,MCX Crude Oil Mini Futures,MCX,synthetic,15m,15,synthetic_intraday,SYNTHETIC_INTRADAY,2026-03-24 04:30:00+00:00,mcx_open_drive
2026-03-24,2026-03-24 10:15:00,7368.816065339101,7376.18488140444,7361.447249273762,7368.816065339101,755,83.0,CRUDEOILM-SYNTH,INR,MCX,MCX Crude Oil Mini Futures,MCX,synthetic,15m,15,synthetic_intraday,SYNTHETIC_INTRADAY,2026-03-24 04:45:00+00:00,mcx_open_drive
2026-03-24,2026-03-24 10:30:00,7367.019681550649,7374.386701232199,7359.652661869098,7367.019681550649,854,83.0,CRUDEOILM-SYNTH,INR,MCX,MCX Crude Oil Mini Futures,MCX,synthetic,15m,15,synthetic_intraday,SYNTHETIC_INTRADAY,2026-03-24 05:00:00+00:00,india_morning
2026-03-24,2026-03-24 10:45:00,7359.4595055862155,7366.818965091801,7352.100046080629,7359.4595055862155,776,83.0,CRUDEOILM-SYNTH,INR,MCX,MCX Crude Oil Mini Futures,MCX,synthetic,15m,15,synthetic_intraday,SYNTHETIC_INTRADAY,2026-03-24 05:15:00+00:00,india_morning
2026-03-24,2026-03-24 11:00:00,7361.873048472583,7369.234921521054,7354.511175424111,7361.873048472583,924,83.0,CRUDEOILM-SYNTH,INR,MCX,MCX Crude Oil Mini Futures,MCX,synthetic,15m,15,synthetic_intraday,SYNTHETIC_INTRADAY,2026-03-24 05:30:00+00:00,india_morning
2026-03-24,2026-03-24 11:15:00,7361.942220157315,7369.304162377472,7354.580277937158,7361.942220157315,527,83.0,CRUDEOILM-SYNTH,INR,MCX,MCX Crude Oil Mini Futures,MCX,synthetic,15m,15,synthetic_intraday,SYNTHETIC_INTRADAY,2026-03-24 05:45:00+00:00,india_morning
2026-03-24,2026-03-24 11:30:00,7357.996208130822,7365.3542043389525,7350.638211922691,7357.996208130822,665,83.0,CRUDEOILM-SYNTH,INR,MCX,MCX Crude Oil Mini Futures,MCX,synthetic,15m,15,synthetic_intraday,SYNTHETIC_INTRADAY,2026-03-24 06:00:00+00:00,india_morning
2026-03-24,2026-03-24 11:45:00,7358.545861248553,7365.904407109801,7351.187315387304,7358.545861248553,680,83.0,CRUDEOILM-SYNTH,INR,MCX,MCX Crude Oil Mini Futures,MCX,synthetic,15m,15,synthetic_intraday,SYNTHETIC_INTRADAY,2026-03-24 06:15:00+00:00,india_morning
2026-03-24,2026-03-24 12:00:00,7362.804192849122,7370.166997041971,7355.4413886562725,7362.804192849122,601,83.0,CRUDEOILM-SYNTH,INR,MCX,MCX Crude Oil Mini Futures,MCX,synthetic,15m,15,synthetic_intraday,SYNTHETIC_INTRADAY,2026-03-24 06:30:00+00:00,india_morning
2026-03-24,2026-03-24 12:15:00,7353.943069382608,7361.29701245199,7346.589126313225,7353.943069382608,741,83.0,CRUDEOILM-SYNTH,INR,MCX,MCX Crude Oil Mini Futures,MCX,synthetic,15m,15,synthetic_intraday,SYNTHETIC_INTRADAY,2026-03-24 06:45:00+00:00,india_morning
2026-03-24,2026-03-24 12:30:00,7352.102107837117,7359.454209944953,7344.75000572928,7352.102107837117,288,83.0,CRUDEOILM-SYNTH,INR,MCX,MCX Crude Oil Mini Futures,MCX,synthetic,15m,15,synthetic_intraday,SYNTHETIC_INTRADAY,2026-03-24 07:00:00+00:00,india_midday
2026-03-24,2026-03-24 12:45:00,7347.5550945908435,7354.902649685434,7340.207539496253,7347.5550945908435,445,83.0,CRUDEOILM-SYNTH,INR,MCX,MCX Crude Oil Mini Futures,MCX,synthetic,15m,15,synthetic_intraday,SYNTHETIC_INTRADAY,2026-03-24 07:15:00+00:00,india_midday
2026-03-24,2026-03-24 13:00:00,7347.228499373958,7354.575727873331,7339.881270874584,7347.228499373958,285,83.0,CRUDEOILM-SYNTH,INR,MCX,MCX Crude Oil Mini Futures,MCX,synthetic,15m,15,synthetic_intraday,SYNTHETIC_INTRADAY,2026-03-24 07:30:00+00:00,india_midday
2026-03-24,2026-03-24 13:15:00,7344.306509904376,7351.65081641428,7336.9622033944715,7344.306509904376,265,83.0,CRUDEOILM-SYNTH,INR,MCX,MCX Crude Oil Mini Futures,MCX,synthetic,15m,15,synthetic_intraday,SYNTHETIC_INTRADAY,2026-03-24 07:45:00+00:00,india_midday
2026-03-24,2026-03-24 13:30:00,7348.495765871369,7355.8442616372395,7341.147270105498,7348.495765871369,587,83.0,CRUDEOILM-SYNTH,INR,MCX,MCX Crude Oil Mini Futures,MCX,synthetic,15m,15,synthetic_intraday,SYNTHETIC_INTRADAY,2026-03-24 08:00:00+00:00,india_midday
2026-03-24,2026-03-24 13:45:00,7344.763620313563,7352.108383933875,7337.418856693249,7344.763620313563,121,83.0,CRUDEOILM-SYNTH,INR,MCX,MCX Crude Oil Mini Futures,MCX,synthetic,15m,15,synthetic_intraday,SYNTHETIC_INTRADAY,2026-03-24 08:15:00+00:00,india_midday
2026-03-24,2026-03-24 14:00:00,7342.750135159893,7350.092885295052,7335.407385024733,7342.750135159893,260,83.0,CRUDEOILM-SYNTH,INR,MCX,MCX Crude Oil Mini Futures,MCX,synthetic,15m,15,synthetic_intraday,SYNTHETIC_INTRADAY,2026-03-24 08:30:00+00:00,india_midday
2026-03-24,2026-03-24 14:15:00,7341.579913281117,7348.921493194397,7334.238333367836,7341.579913281117,382,83.0,CRUDEOILM-SYNTH,INR,MCX,MCX Crude Oil Mini Futures,MCX,synthetic,15m,15,synthetic_intraday,SYNTHETIC_INTRADAY,2026-03-24 08:45:00+00:00,india_midday
2026-03-24,2026-03-24 14:30:00,7338.270843889521,7345.609114733409,7330.932573045631,7338.270843889521,632,83.0,CRUDEOILM-SYNTH,INR,MCX,MCX Crude Oil Mini Futures,MCX,synthetic,15m,15,synthetic_intraday,SYNTHETIC_INTRADAY,2026-03-24 09:00:00+00:00,india_midday
2026-03-24,2026-03-24 14:45:00,7332.811849261008,7340.144661110268,7325.479037411747,7332.811849261008,983,83.0,CRUDEOILM-SYNTH,INR,MCX,MCX Crude Oil Mini Futures,MCX,synthetic,15m,15,synthetic_intraday,SYNTHETIC_INTRADAY,2026-03-24 09:15:00+00:00,india_midday
2026-03-25,2026-03-25 09:00:00,7501.2993755964,7508.800674971995,7493.7980762208035,7501.2993755964,606,83.0,CRUDEOILM-SYNTH,INR,MCX,MCX Crude Oil Mini Futures,MCX,synthetic,15m,15,synthetic_intraday,SYNTHETIC_INTRADAY,2026-03-25 03:30:00+00:00,mcx_open_drive
2026-03-25,2026-03-25 09:15:00,7501.2993755964,7508.800674971995,7493.7980762208035,7501.2993755964,406,83.0,CRUDEOILM-SYNTH,INR,MCX,MCX Crude Oil Mini Futures,MCX,synthetic,15m,15,synthetic_intraday,SYNTHETIC_INTRADAY,2026-03-25 03:45:00+00:00,mcx_open_drive
2026-03-25,2026-03-25 09:30:00,7501.2993755964,7508.800674971995,7493.7980762208035,7501.2993755964,296,83.0,CRUDEOILM-SYNTH,INR,MCX,MCX Crude Oil Mini Futures,MCX,synthetic,15m,15,synthetic_intraday,SYNTHETIC_INTRADAY,2026-03-25 04:00:00+00:00,mcx_open_drive
2026-03-25,2026-03-25 09:45:00,7501.2993755964,7508.800674971995,7493.7980762208035,7501.2993755964,810,83.0,CRUDEOILM-SYNTH,INR,MCX,MCX Crude Oil Mini Futures,MCX,synthetic,15m,15,synthetic_intraday,SYNTHETIC_INTRADAY,2026-03-25 04:15:00+00:00,mcx_open_drive
2026-03-25,2026-03-25 10:00:00,7501.2993755964,7508.800674971995,7493.7980762208035,7501.2993755964,141,83.0,CRUDEOILM-SYNTH,INR,MCX,MCX Crude Oil Mini Futures,MCX,synthetic,15m,15,synthetic_intraday,SYNTHETIC_INTRADAY,2026-03-25 04:30:00+00:00,mcx_open_drive
2026-03-25,2026-03-25 10:15:00,7501.2993755964,7508.800674971995,7493.7980762208035,7501.2993755964,992,83.0,CRUDEOILM-SYNTH,INR,MCX,MCX Crude Oil Mini Futures,MCX,synthetic,15m,15,synthetic_intraday,SYNTHETIC_INTRADAY,2026-03-25 04:45:00+00:00,mcx_open_drive
2026-03-25,2026-03-25 10:30:00,7501.2993755964,7508.800674971995,7493.7980762208035,7501.2993755964,389,83.0,CRUDEOILM-SYNTH,INR,MCX,MCX Crude Oil Mini Futures,MCX,synthetic,15m,15,synthetic_intraday,SYNTHETIC_INTRADAY,2026-03-25 05:00:00+00:00,india_morning
2026-03-25,2026-03-25 10:45:00,7501.2993755964,7508.800674971995,7493.7980762208035,7501.2993755964,711,83.0,CRUDEOILM-SYNTH,INR,MCX,MCX Crude Oil Mini Futures,MCX,synthetic,15m,15,synthetic_intraday,SYNTHETIC_INTRADAY,2026-03-25 05:15:00+00:00,india_morning
2026-03-25,2026-03-25 11:00:00,7501.2993755964,7508.800674971995,7493.7980762208035,7501.2993755964,954,83.0,CRUDEOILM-SYNTH,INR,MCX,MCX Crude Oil Mini Futures,MCX,synthetic,15m,15,synthetic_intraday,SYNTHETIC_INTRADAY,2026-03-25 05:30:00+00:00,india_morning
2026-03-25,2026-03-25 11:15:00,7501.2993755964,7508.800674971995,7493.7980762208035,7501.2993755964,438,83.0,CRUDEOILM-SYNTH,INR,MCX,MCX Crude Oil Mini Futures,MCX,synthetic,15m,15,synthetic_intraday,SYNTHETIC_INTRADAY,2026-03-25 05:45:00+00:00,india_morning
2026-03-25,2026-03-25 11:30:00,7501.2993755964,7508.800674971995,7493.7980762208035,7501.2993755964,968,83.0,CRUDEOILM-SYNTH,INR,MCX,MCX Crude Oil Mini Futures,MCX,synthetic,15m,15,synthetic_intraday,SYNTHETIC_INTRADAY,2026-03-25 06:00:00+00:00,india_morning
2026-03-25,2026-03-25 11:45:00,7501.2993755964,7508.800674971995,7493.7980762208035,7501.2993755964,140,83.0,CRUDEOILM-SYNTH,INR,MCX,MCX Crude Oil Mini Futures,MCX,synthetic,15m,15,synthetic_intraday,SYNTHETIC_INTRADAY,2026-03-25 06:15:00+00:00,india_morning
2026-03-25,2026-03-25 12:00:00,7501.2993755964,7508.800674971995,7493.7980762208035,7501.2993755964,198,83.0,CRUDEOILM-SYNTH,INR,MCX,MCX Crude Oil Mini Futures,MCX,synthetic,15m,15,synthetic_intraday,SYNTHETIC_INTRADAY,2026-03-25 06:30:00+00:00,india_morning
2026-03-25,2026-03-25 12:15:00,7501.2993755964,7508.800674971995,7493.7980762208035,7501.2993755964,660,83.0,CRUDEOILM-SYNTH,INR,MCX,MCX Crude Oil Mini Futures,MCX,synthetic,15m,15,synthetic_intraday,SYNTHETIC_INTRADAY,2026-03-25 06:45:00+00:00,india_morning
2026-03-25,2026-03-25 12:30:00,7501.2993755964,7508.800674971995,7493.7980762208035,7501.2993755964,390,83.0,CRUDEOILM-SYNTH,INR,MCX,MCX Crude Oil Mini Futures,MCX,synthetic,15m,15,synthetic_intraday,SYNTHETIC_INTRADAY,2026-03-25 07:00:00+00:00,india_midday
2026-03-25,2026-03-25 12:45:00,7501.2993755964,7508.800674971995,7493.7980762208035,7501.2993755964,832,83.0,CRUDEOILM-SYNTH,INR,MCX,MCX Crude Oil Mini Futures,MCX,synthetic,15m,15,synthetic_intraday,SYNTHETIC_INTRADAY,2026-03-25 07:15:00+00:00,india_midday
2026-03-25,2026-03-25 13:00:00,7510.806785837918,7518.317592623755,7503.29597905208,7510.806785837918,817,83.0,CRUDEOILM-SYNTH,INR,MCX,MCX Crude Oil Mini Futures,MCX,synthetic,15m,15,synthetic_intraday,SYNTHETIC_INTRADAY,2026-03-25 07:30:00+00:00,india_midday
2026-03-25,2026-03-25 13:15:00,7512.049647934339,7519.561697582273,7504.537598286405,7512.049647934339,426,83.0,CRUDEOILM-SYNTH,INR,MCX,MCX Crude Oil Mini Futures,MCX,synthetic,15m,15,synthetic_intraday,SYNTHETIC_INTRADAY,2026-03-25 07:45:00+00:00,india_midday
2026-03-25,2026-03-25 13:30:00,7524.838292120681,7532.363130412801,7517.31345382856,7524.838292120681,202,83.0,CRUDEOILM-SYNTH,INR,MCX,MCX Crude Oil Mini Futures,MCX,synthetic,15m,15,synthetic_intraday,SYNTHETIC_INTRADAY,2026-03-25 08:00:00+00:00,india_midday
2026-03-25,2026-03-25 13:45:00,7531.683794971073,7539.215478766044,7524.152111176102,7531.683794971073,629,83.0,CRUDEOILM-SYNTH,INR,MCX,MCX Crude Oil Mini Futures,MCX,synthetic,15m,15,synthetic_intraday,SYNTHETIC_INTRADAY,2026-03-25 08:15:00+00:00,india_midday
2026-03-25,2026-03-25 14:00:00,7543.890037728768,7551.433927766496,7536.34614769104,7543.890037728768,555,83.0,CRUDEOILM-SYNTH,INR,MCX,MCX Crude Oil Mini Futures,MCX,synthetic,15m,15,synthetic_intraday,SYNTHETIC_INTRADAY,2026-03-25 08:30:00+00:00,india_midday
2026-03-25,2026-03-25 14:15:00,7561.432602055228,7568.994034657282,7553.871169453173,7561.432602055228,376,83.0,CRUDEOILM-SYNTH,INR,MCX,MCX Crude Oil Mini Futures,MCX,synthetic,15m,15,synthetic_intraday,SYNTHETIC_INTRADAY,2026-03-25 08:45:00+00:00,india_midday
2026-03-25,2026-03-25 14:30:00,7563.650640811631,7571.214291452442,7556.086990170819,7563.650640811631,566,83.0,CRUDEOILM-SYNTH,INR,MCX,MCX Crude Oil Mini Futures,MCX,synthetic,15m,15,synthetic_intraday,SYNTHETIC_INTRADAY,2026-03-25 09:00:00+00:00,india_midday
2026-03-25,2026-03-25 14:45:00,7578.437572741063,7586.016010313803,7570.859135168323,7578.437572741063,397,83.0,CRUDEOILM-SYNTH,INR,MCX,MCX Crude Oil Mini Futures,MCX,synthetic,15m,15,synthetic_intraday,SYNTHETIC_INTRADAY,2026-03-25 09:15:00+00:00,india_midday
2026-03-26,2026-03-26 09:00:00,7706.7243755964,7714.4310999719955,7699.017651220804,7706.7243755964,206,83.0,CRUDEOILM-SYNTH,INR,MCX,MCX Crude Oil Mini Futures,MCX,synthetic,15m,15,synthetic_intraday,SYNTHETIC_INTRADAY,2026-03-26 03:30:00+00:00,mcx_open_drive
2026-03-26,2026-03-26 09:15:00,7706.7243755964,7714.4310999719955,7699.017651220804,7706.7243755964,939,83.0,CRUDEOILM-SYNTH,INR,MCX,MCX Crude Oil Mini Futures,MCX,synthetic,15m,15,synthetic_intraday,SYNTHETIC_INTRADAY,2026-03-26 03:45:00+00:00,mcx_open_drive
2026-03-26,2026-03-26 09:30:00,7706.7243755964,7714.4310999719955,7699.017651220804,7706.7243755964,337,83.0,CRUDEOILM-SYNTH,INR,MCX,MCX Crude Oil Mini Futures,MCX,synthetic,15m,15,synthetic_intraday,SYNTHETIC_INTRADAY,2026-03-26 04:00:00+00:00,mcx_open_drive
2026-03-26,2026-03-26 09:45:00,7706.7243755964,7714.4310999719955,7699.017651220804,7706.7243755964,921,83.0,CRUDEOILM-SYNTH,INR,MCX,MCX Crude Oil Mini Futures,MCX,synthetic,15m,15,synthetic_intraday,SYNTHETIC_INTRADAY,2026-03-26 04:15:00+00:00,mcx_open_drive
2026-03-26,2026-03-26 10:00:00,7706.7243755964,7714.4310999719955,7699.017651220804,7706.7243755964,148,83.0,CRUDEOILM-SYNTH,INR,MCX,MCX Crude Oil Mini Futures,MCX,synthetic,15m,15,synthetic_intraday,SYNTHETIC_INTRADAY,2026-03-26 04:30:00+00:00,mcx_open_drive
2026-03-26,2026-03-26 10:15:00,7706.7243755964,7714.4310999719955,7699.017651220804,7706.7243755964,786,83.0,CRUDEOILM-SYNTH,INR,MCX,MCX Crude Oil Mini Futures,MCX,synthetic,15m,15,synthetic_intraday,SYNTHETIC_INTRADAY,2026-03-26 04:45:00+00:00,mcx_open_drive
2026-03-26,2026-03-26 10:30:00,7706.7243755964,7714.4310999719955,7699.017651220804,7706.7243755964,913,83.0,CRUDEOILM-SYNTH,INR,MCX,MCX Crude Oil Mini Futures,MCX,synthetic,15m,15,synthetic_intraday,SYNTHETIC_INTRADAY,2026-03-26 05:00:00+00:00,india_morning
2026-03-26,2026-03-26 10:45:00,7706.7243755964,7714.4310999719955,7699.017651220804,7706.7243755964,435,83.0,CRUDEOILM-SYNTH,INR,MCX,MCX Crude Oil Mini Futures,MCX,synthetic,15m,15,synthetic_intraday,SYNTHETIC_INTRADAY,2026-03-26 05:15:00+00:00,india_morning
2026-03-26,2026-03-26 11:00:00,7706.7243755964,7714.4310999719955,7699.017651220804,7706.7243755964,175,83.0,CRUDEOILM-SYNTH,INR,MCX,MCX Crude Oil Mini Futures,MCX,synthetic,15m,15,synthetic_intraday,SYNTHETIC_INTRADAY,2026-03-26 05:30:00+00:00,india_morning
2026-03-26,2026-03-26 11:15:00,7706.7243755964,7714.4310999719955,7699.017651220804,7706.7243755964,397,83.0,CRUDEOILM-SYNTH,INR,MCX,MCX Crude Oil Mini Futures,MCX,synthetic,15m,15,synthetic_intraday,SYNTHETIC_INTRADAY,2026-03-26 05:45:00+00:00,india_morning
2026-03-26,2026-03-26 11:30:00,7706.7243755964,7714.4310999719955,7699.017651220804,7706.7243755964,337,83.0,CRUDEOILM-SYNTH,INR,MCX,MCX Crude Oil Mini Futures,MCX,synthetic,15m,15,synthetic_intraday,SYNTHETIC_INTRADAY,2026-03-26 06:00:00+00:00,india_morning
2026-03-26,2026-03-26 11:45:00,7706.7243755964,7714.4310999719955,7699.017651220804,7706.7243755964,913,83.0,CRUDEOILM-SYNTH,INR,MCX,MCX Crude Oil Mini Futures,MCX,synthetic,15m,15,synthetic_intraday,SYNTHETIC_INTRADAY,2026-03-26 06:15:00+00:00,india_morning
2026-03-26,2026-03-26 12:00:00,7706.7243755964,7714.4310999719955,7699.017651220804,7706.7243755964,710,83.0,CRUDEOILM-SYNTH,INR,MCX,MCX Crude Oil Mini Futures,MCX,synthetic,15m,15,synthetic_intraday,SYNTHETIC_INTRADAY,2026-03-26 06:30:00+00:00,india_morning
2026-03-26,2026-03-26 12:15:00,7706.7243755964,7714.4310999719955,7699.017651220804,7706.7243755964,564,83.0,CRUDEOILM-SYNTH,INR,MCX,MCX Crude Oil Mini Futures,MCX,synthetic,15m,15,synthetic_intraday,SYNTHETIC_INTRADAY,2026-03-26 06:45:00+00:00,india_morning
2026-03-26,2026-03-26 12:30:00,7706.7243755964,7714.4310999719955,7699.017651220804,7706.7243755964,974,83.0,CRUDEOILM-SYNTH,INR,MCX,MCX Crude Oil Mini Futures,MCX,synthetic,15m,15,synthetic_intraday,SYNTHETIC_INTRADAY,2026-03-26 07:00:00+00:00,india_midday
2026-03-26,2026-03-26 12:45:00,7716.677888511676,7724.394566400188,7708.961210623164,7716.677888511676,203,83.0,CRUDEOILM-SYNTH,INR,MCX,MCX Crude Oil Mini Futures,MCX,synthetic,15m,15,synthetic_intraday,SYNTHETIC_INTRADAY,2026-03-26 07:15:00+00:00,india_midday
2026-03-26,2026-03-26 13:00:00,7720.621741504084,7728.342363245587,7712.90111976258,7720.621741504084,118,83.0,CRUDEOILM-SYNTH,INR,MCX,MCX Crude Oil Mini Futures,MCX,synthetic,15m,15,synthetic_intraday,SYNTHETIC_INTRADAY,2026-03-26 07:30:00+00:00,india_midday
2026-03-26,2026-03-26 13:15:00,7731.177699356549,7738.908877055905,7723.4465216571925,7731.177699356549,269,83.0,CRUDEOILM-SYNTH,INR,MCX,MCX Crude Oil Mini Futures,MCX,synthetic,15m,15,synthetic_intraday,SYNTHETIC_INTRADAY,2026-03-26 07:45:00+00:00,india_midday
2026-03-26,2026-03-26 13:30:00,7738.949416382432,7746.688365798814,7731.210466966049,7738.949416382432,534,83.0,CRUDEOILM-SYNTH,INR,MCX,MCX Crude Oil Mini Futures,MCX,synthetic,15m,15,synthetic_intraday,SYNTHETIC_INTRADAY,2026-03-26 08:00:00+00:00,india_midday
2026-03-26,2026-03-26 13:45:00,7748.215987838248,7755.964203826085,7740.46777185041,7748.215987838248,783,83.0,CRUDEOILM-SYNTH,INR,MCX,MCX Crude Oil Mini Futures,MCX,synthetic,15m,15,synthetic_intraday,SYNTHETIC_INTRADAY,2026-03-26 08:15:00+00:00,india_midday
2026-03-26,2026-03-26 14:00:00,7757.439168706306,7765.196607875012,7749.6817295375995,7757.439168706306,759,83.0,CRUDEOILM-SYNTH,INR,MCX,MCX Crude Oil Mini Futures,MCX,synthetic,15m,15,synthetic_intraday,SYNTHETIC_INTRADAY,2026-03-26 08:30:00+00:00,india_midday
2026-03-26,2026-03-26 14:15:00,7763.827360065393,7771.591187425457,7756.063532705328,7763.827360065393,774,83.0,CRUDEOILM-SYNTH,INR,MCX,MCX Crude Oil Mini Futures,MCX,synthetic,15m,15,synthetic_intraday,SYNTHETIC_INTRADAY,2026-03-26 08:45:00+00:00,india_midday
2026-03-26,2026-03-26 14:30:00,7772.805106458159,7780.5779115646155,7765.032301351701,7772.805106458159,832,83.0,CRUDEOILM-SYNTH,INR,MCX,MCX Crude Oil Mini Futures,MCX,synthetic,15m,15,synthetic_intraday,SYNTHETIC_INTRADAY,2026-03-26 09:00:00+00:00,india_midday
2026-03-26,2026-03-26 14:45:00,7786.915404464086,7794.702319868549,7779.128489059623,7786.915404464086,956,83.0,CRUDEOILM-SYNTH,INR,MCX,MCX Crude Oil Mini Futures,MCX,synthetic,15m,15,synthetic_intraday,SYNTHETIC_INTRADAY,2026-03-26 09:15:00+00:00,india_midday
2026-03-27,2026-03-27 09:00:00,8313.960624651001,8322.27458527565,8305.64666402635,8313.960624651001,556,83.0,CRUDEOILM-SYNTH,INR,MCX,MCX Crude Oil Mini Futures,MCX,synthetic,15m,15,synthetic_intraday,SYNTHETIC_INTRADAY,2026-03-27 03:30:00+00:00,mcx_open_drive
2026-03-27,2026-03-27 09:15:00,8313.960624651001,8322.27458527565,8305.64666402635,8313.960624651001,161,83.0,CRUDEOILM-SYNTH,INR,MCX,MCX Crude Oil Mini Futures,MCX,synthetic,15m,15,synthetic_intraday,SYNTHETIC_INTRADAY,2026-03-27 03:45:00+00:00,mcx_open_drive
2026-03-27,2026-03-27 09:30:00,8313.960624651001,8322.27458527565,8305.64666402635,8313.960624651001,790,83.0,CRUDEOILM-SYNTH,INR,MCX,MCX Crude Oil Mini Futures,MCX,synthetic,15m,15,synthetic_intraday,SYNTHETIC_INTRADAY,2026-03-27 04:00:00+00:00,mcx_open_drive
2026-03-27,2026-03-27 09:45:00,8313.960624651001,8322.27458527565,8305.64666402635,8313.960624651001,932,83.0,CRUDEOILM-SYNTH,INR,MCX,MCX Crude Oil Mini Futures,MCX,synthetic,15m,15,synthetic_intraday,SYNTHETIC_INTRADAY,2026-03-27 04:15:00+00:00,mcx_open_drive
2026-03-27,2026-03-27 10:00:00,8313.960624651001,8322.27458527565,8305.64666402635,8313.960624651001,173,83.0,CRUDEOILM-SYNTH,INR,MCX,MCX Crude Oil Mini Futures,MCX,synthetic,15m,15,synthetic_intraday,SYNTHETIC_INTRADAY,2026-03-27 04:30:00+00:00,mcx_open_drive
2026-03-27,2026-03-27 10:15:00,8313.960624651001,8322.27458527565,8305.64666402635,8313.960624651001,548,83.0,CRUDEOILM-SYNTH,INR,MCX,MCX Crude Oil Mini Futures,MCX,synthetic,15m,15,synthetic_intraday,SYNTHETIC_INTRADAY,2026-03-27 04:45:00+00:00,mcx_open_drive
2026-03-27,2026-03-27 10:30:00,8313.960624651001,8322.27458527565,8305.64666402635,8313.960624651001,912,83.0,CRUDEOILM-SYNTH,INR,MCX,MCX Crude Oil Mini Futures,MCX,synthetic,15m,15,synthetic_intraday,SYNTHETIC_INTRADAY,2026-03-27 05:00:00+00:00,india_morning
2026-03-27,2026-03-27 10:45:00,8313.960624651001,8322.27458527565,8305.64666402635,8313.960624651001,524,83.0,CRUDEOILM-SYNTH,INR,MCX,MCX Crude Oil Mini Futures,MCX,synthetic,15m,15,synthetic_intraday,SYNTHETIC_INTRADAY,2026-03-27 05:15:00+00:00,india_morning
2026-03-27,2026-03-27 11:00:00,8313.960624651001,8322.27458527565,8305.64666402635,8313.960624651001,754,83.0,CRUDEOILM-SYNTH,INR,MCX,MCX Crude Oil Mini Futures,MCX,synthetic,15m,15,synthetic_intraday,SYNTHETIC_INTRADAY,2026-03-27 05:30:00+00:00,india_morning
2026-03-27,2026-03-27 11:15:00,8313.960624651001,8322.27458527565,8305.64666402635,8313.960624651001,203,83.0,CRUDEOILM-SYNTH,INR,MCX,MCX Crude Oil Mini Futures,MCX,synthetic,15m,15,synthetic_intraday,SYNTHETIC_INTRADAY,2026-03-27 05:45:00+00:00,india_morning
2026-03-27,2026-03-27 11:30:00,8313.960624651001,8322.27458527565,8305.64666402635,8313.960624651001,881,83.0,CRUDEOILM-SYNTH,INR,MCX,MCX Crude Oil Mini Futures,MCX,synthetic,15m,15,synthetic_intraday,SYNTHETIC_INTRADAY,2026-03-27 06:00:00+00:00,india_morning
2026-03-27,2026-03-27 11:45:00,8313.960624651001,8322.27458527565,8305.64666402635,8313.960624651001,679,83.0,CRUDEOILM-SYNTH,INR,MCX,MCX Crude Oil Mini Futures,MCX,synthetic,15m,15,synthetic_intraday,SYNTHETIC_INTRADAY,2026-03-27 06:15:00+00:00,india_morning
2026-03-27,2026-03-27 12:00:00,8313.960624651001,8322.27458527565,8305.64666402635,8313.960624651001,637,83.0,CRUDEOILM-SYNTH,INR,MCX,MCX Crude Oil Mini Futures,MCX,synthetic,15m,15,synthetic_intraday,SYNTHETIC_INTRADAY,2026-03-27 06:30:00+00:00,india_morning
2026-03-27,2026-03-27 12:15:00,8313.960624651001,8322.27458527565,8305.64666402635,8313.960624651001,744,83.0,CRUDEOILM-SYNTH,INR,MCX,MCX Crude Oil Mini Futures,MCX,synthetic,15m,15,synthetic_intraday,SYNTHETIC_INTRADAY,2026-03-27 06:45:00+00:00,india_morning
2026-03-27,2026-03-27 12:30:00,8313.960624651001,8322.27458527565,8305.64666402635,8313.960624651001,885,83.0,CRUDEOILM-SYNTH,INR,MCX,MCX Crude Oil Mini Futures,MCX,synthetic,15m,15,synthetic_intraday,SYNTHETIC_INTRADAY,2026-03-27 07:00:00+00:00,india_midday
2026-03-27,2026-03-27 12:45:00,8313.960624651001,8322.27458527565,8305.64666402635,8313.960624651001,655,83.0,CRUDEOILM-SYNTH,INR,MCX,MCX Crude Oil Mini Futures,MCX,synthetic,15m,15,synthetic_intraday,SYNTHETIC_INTRADAY,2026-03-27 07:15:00+00:00,india_midday
2026-03-27,2026-03-27 13:00:00,8313.960624651001,8322.27458527565,8305.64666402635,8313.960624651001,341,83.0,CRUDEOILM-SYNTH,INR,MCX,MCX Crude Oil Mini Futures,MCX,synthetic,15m,15,synthetic_intraday,SYNTHETIC_INTRADAY,2026-03-27 07:30:00+00:00,india_midday
2026-03-27,2026-03-27 13:15:00,8313.960624651001,8322.27458527565,8305.64666402635,8313.960624651001,692,83.0,CRUDEOILM-SYNTH,INR,MCX,MCX Crude Oil Mini Futures,MCX,synthetic,15m,15,synthetic_intraday,SYNTHETIC_INTRADAY,2026-03-27 07:45:00+00:00,india_midday
2026-03-27,2026-03-27 13:30:00,8313.960624651001,8322.27458527565,8305.64666402635,8313.960624651001,124,83.0,CRUDEOILM-SYNTH,INR,MCX,MCX Crude Oil Mini Futures,MCX,synthetic,15m,15,synthetic_intraday,SYNTHETIC_INTRADAY,2026-03-27 08:00:00+00:00,india_midday
2026-03-27,2026-03-27 13:45:00,8313.960624651001,8322.27458527565,8305.64666402635,8313.960624651001,113,83.0,CRUDEOILM-SYNTH,INR,MCX,MCX Crude Oil Mini Futures,MCX,synthetic,15m,15,synthetic_intraday,SYNTHETIC_INTRADAY,2026-03-27 08:15:00+00:00,india_midday
2026-03-27,2026-03-27 14:00:00,8313.960624651001,8322.27458527565,8305.64666402635,8313.960624651001,489,83.0,CRUDEOILM-SYNTH,INR,MCX,MCX Crude Oil Mini Futures,MCX,synthetic,15m,15,synthetic_intraday,SYNTHETIC_INTRADAY,2026-03-27 08:30:00+00:00,india_midday
2026-03-27,2026-03-27 14:15:00,8344.125572437975,8352.469698010413,8335.781446865538,8344.125572437975,933,83.0,CRUDEOILM-SYNTH,INR,MCX,MCX Crude Oil Mini Futures,MCX,synthetic,15m,15,synthetic_intraday,SYNTHETIC_INTRADAY,2026-03-27 08:45:00+00:00,india_midday
2026-03-27,2026-03-27 14:30:00,8368.566527829977,8376.935094357807,8360.197961302147,8368.566527829977,799,83.0,CRUDEOILM-SYNTH,INR,MCX,MCX Crude Oil Mini Futures,MCX,synthetic,15m,15,synthetic_intraday,SYNTHETIC_INTRADAY,2026-03-27 09:00:00+00:00,india_midday
2026-03-27,2026-03-27 14:45:00,8399.713858110088,8408.113571968197,8391.314144251977,8399.713858110088,670,83.0,CRUDEOILM-SYNTH,INR,MCX,MCX Crude Oil Mini Futures,MCX,synthetic,15m,15,synthetic_intraday,SYNTHETIC_INTRADAY,2026-03-27 09:15:00+00:00,india_midday
2026-03-30,2026-03-30 09:00:00,8628.671872556999,8637.300544429556,8620.043200684442,8628.671872556999,267,83.0,CRUDEOILM-SYNTH,INR,MCX,MCX Crude Oil Mini Futures,MCX,synthetic,15m,15,synthetic_intraday,SYNTHETIC_INTRADAY,2026-03-30 03:30:00+00:00,mcx_open_drive
2026-03-30,2026-03-30 09:15:00,8628.671872556999,8637.300544429556,8620.043200684442,8628.671872556999,822,83.0,CRUDEOILM-SYNTH,INR,MCX,MCX Crude Oil Mini Futures,MCX,synthetic,15m,15,synthetic_intraday,SYNTHETIC_INTRADAY,2026-03-30 03:45:00+00:00,mcx_open_drive
2026-03-30,2026-03-30 09:30:00,8628.671872556999,8637.300544429556,8620.043200684442,8628.671872556999,446,83.0,CRUDEOILM-SYNTH,INR,MCX,MCX Crude Oil Mini Futures,MCX,synthetic,15m,15,synthetic_intraday,SYNTHETIC_INTRADAY,2026-03-30 04:00:00+00:00,mcx_open_drive
2026-03-30,2026-03-30 09:45:00,8628.671872556999,8637.300544429556,8620.043200684442,8628.671872556999,924,83.0,CRUDEOILM-SYNTH,INR,MCX,MCX Crude Oil Mini Futures,MCX,synthetic,15m,15,synthetic_intraday,SYNTHETIC_INTRADAY,2026-03-30 04:15:00+00:00,mcx_open_drive
2026-03-30,2026-03-30 10:00:00,8628.671872556999,8637.300544429556,8620.043200684442,8628.671872556999,623,83.0,CRUDEOILM-SYNTH,INR,MCX,MCX Crude Oil Mini Futures,MCX,synthetic,15m,15,synthetic_intraday,SYNTHETIC_INTRADAY,2026-03-30 04:30:00+00:00,mcx_open_drive
2026-03-30,2026-03-30 10:15:00,8628.671872556999,8637.300544429556,8620.043200684442,8628.671872556999,205,83.0,CRUDEOILM-SYNTH,INR,MCX,MCX Crude Oil Mini Futures,MCX,synthetic,15m,15,synthetic_intraday,SYNTHETIC_INTRADAY,2026-03-30 04:45:00+00:00,mcx_open_drive
2026-03-30,2026-03-30 10:30:00,8628.671872556999,8637.300544429556,8620.043200684442,8628.671872556999,441,83.0,CRUDEOILM-SYNTH,INR,MCX,MCX Crude Oil Mini Futures,MCX,synthetic,15m,15,synthetic_intraday,SYNTHETIC_INTRADAY,2026-03-30 05:00:00+00:00,india_morning
2026-03-30,2026-03-30 10:45:00,8628.671872556999,8637.300544429556,8620.043200684442,8628.671872556999,805,83.0,CRUDEOILM-SYNTH,INR,MCX,MCX Crude Oil Mini Futures,MCX,synthetic,15m,15,synthetic_intraday,SYNTHETIC_INTRADAY,2026-03-30 05:15:00+00:00,india_morning
2026-03-30,2026-03-30 11:00:00,8628.671872556999,8637.300544429556,8620.043200684442,8628.671872556999,164,83.0,CRUDEOILM-SYNTH,INR,MCX,MCX Crude Oil Mini Futures,MCX,synthetic,15m,15,synthetic_intraday,SYNTHETIC_INTRADAY,2026-03-30 05:30:00+00:00,india_morning
2026-03-30,2026-03-30 11:15:00,8628.671872556999,8637.300544429556,8620.043200684442,8628.671872556999,723,83.0,CRUDEOILM-SYNTH,INR,MCX,MCX Crude Oil Mini Futures,MCX,synthetic,15m,15,synthetic_intraday,SYNTHETIC_INTRADAY,2026-03-30 05:45:00+00:00,india_morning
2026-03-30,2026-03-30 11:30:00,8628.671872556999,8637.300544429556,8620.043200684442,8628.671872556999,269,83.0,CRUDEOILM-SYNTH,INR,MCX,MCX Crude Oil Mini Futures,MCX,synthetic,15m,15,synthetic_intraday,SYNTHETIC_INTRADAY,2026-03-30 06:00:00+00:00,india_morning
2026-03-30,2026-03-30 11:45:00,8628.671872556999,8637.300544429556,8620.043200684442,8628.671872556999,791,83.0,CRUDEOILM-SYNTH,INR,MCX,MCX Crude Oil Mini Futures,MCX,synthetic,15m,15,synthetic_intraday,SYNTHETIC_INTRADAY,2026-03-30 06:15:00+00:00,india_morning
2026-03-30,2026-03-30 12:00:00,8628.671872556999,8637.300544429556,8620.043200684442,8628.671872556999,430,83.0,CRUDEOILM-SYNTH,INR,MCX,MCX Crude Oil Mini Futures,MCX,synthetic,15m,15,synthetic_intraday,SYNTHETIC_INTRADAY,2026-03-30 06:30:00+00:00,india_morning
2026-03-30,2026-03-30 12:15:00,8628.671872556999,8637.300544429556,8620.043200684442,8628.671872556999,172,83.0,CRUDEOILM-SYNTH,INR,MCX,MCX Crude Oil Mini Futures,MCX,synthetic,15m,15,synthetic_intraday,SYNTHETIC_INTRADAY,2026-03-30 06:45:00+00:00,india_morning
2026-03-30,2026-03-30 12:30:00,8628.671872556999,8637.300544429556,8620.043200684442,8628.671872556999,219,83.0,CRUDEOILM-SYNTH,INR,MCX,MCX Crude Oil Mini Futures,MCX,synthetic,15m,15,synthetic_intraday,SYNTHETIC_INTRADAY,2026-03-30 07:00:00+00:00,india_midday
2026-03-30,2026-03-30 12:45:00,8628.671872556999,8637.300544429556,8620.043200684442,8628.671872556999,640,83.0,CRUDEOILM-SYNTH,INR,MCX,MCX Crude Oil Mini Futures,MCX,synthetic,15m,15,synthetic_intraday,SYNTHETIC_INTRADAY,2026-03-30 07:15:00+00:00,india_midday
2026-03-30,2026-03-30 13:00:00,8628.671872556999,8637.300544429556,8620.043200684442,8628.671872556999,375,83.0,CRUDEOILM-SYNTH,INR,MCX,MCX Crude Oil Mini Futures,MCX,synthetic,15m,15,synthetic_intraday,SYNTHETIC_INTRADAY,2026-03-30 07:30:00+00:00,india_midday
2026-03-30,2026-03-30 13:15:00,8635.121948607719,8643.757070556325,8626.486826659111,8635.121948607719,568,83.0,CRUDEOILM-SYNTH,INR,MCX,MCX Crude Oil Mini Futures,MCX,synthetic,15m,15,synthetic_intraday,SYNTHETIC_INTRADAY,2026-03-30 07:45:00+00:00,india_midday
2026-03-30,2026-03-30 13:30:00,8645.843241330726,8654.489084572055,8637.197398089394,8645.843241330726,186,83.0,CRUDEOILM-SYNTH,INR,MCX,MCX Crude Oil Mini Futures,MCX,synthetic,15m,15,synthetic_intraday,SYNTHETIC_INTRADAY,2026-03-30 08:00:00+00:00,india_midday
2026-03-30,2026-03-30 13:45:00,8661.704597318983,8670.366301916301,8653.042892721664,8661.704597318983,692,83.0,CRUDEOILM-SYNTH,INR,MCX,MCX Crude Oil Mini Futures,MCX,synthetic,15m,15,synthetic_intraday,SYNTHETIC_INTRADAY,2026-03-30 08:15:00+00:00,india_midday
2026-03-30,2026-03-30 14:00:00,8677.202072713262,8685.879274785975,8668.52487064055,8677.202072713262,716,83.0,CRUDEOILM-SYNTH,INR,MCX,MCX Crude Oil Mini Futures,MCX,synthetic,15m,15,synthetic_intraday,SYNTHETIC_INTRADAY,2026-03-30 08:30:00+00:00,india_midday
2026-03-30,2026-03-30 14:15:00,8687.270345225164,8695.957615570389,8678.58307487994,8687.270345225164,923,83.0,CRUDEOILM-SYNTH,INR,MCX,MCX Crude Oil Mini Futures,MCX,synthetic,15m,15,synthetic_intraday,SYNTHETIC_INTRADAY,2026-03-30 08:45:00+00:00,india_midday
2026-03-30,2026-03-30 14:30:00,8694.17116604979,8702.865337215839,8685.47699488374,8694.17116604979,369,83.0,CRUDEOILM-SYNTH,INR,MCX,MCX Crude Oil Mini Futures,MCX,synthetic,15m,15,synthetic_intraday,SYNTHETIC_INTRADAY,2026-03-30 09:00:00+00:00,india_midday
2026-03-30,2026-03-30 14:45:00,8718.148818206651,8726.866967024856,8709.430669388445,8718.148818206651,350,83.0,CRUDEOILM-SYNTH,INR,MCX,MCX Crude Oil Mini Futures,MCX,synthetic,15m,15,synthetic_intraday,SYNTHETIC_INTRADAY,2026-03-30 09:15:00+00:00,india_midday
2026-03-31,2026-03-31 09:00:00,8513.774598808,8522.288373406807,8505.260824209192,8513.774598808,282,83.0,CRUDEOILM-SYNTH,INR,MCX,MCX Crude Oil Mini Futures,MCX,synthetic,15m,15,synthetic_intraday,SYNTHETIC_INTRADAY,2026-03-31 03:30:00+00:00,mcx_open_drive
2026-03-31,2026-03-31 09:15:00,8513.774598808,8522.288373406807,8505.260824209192,8513.774598808,720,83.0,CRUDEOILM-SYNTH,INR,MCX,MCX Crude Oil Mini Futures,MCX,synthetic,15m,15,synthetic_intraday,SYNTHETIC_INTRADAY,2026-03-31 03:45:00+00:00,mcx_open_drive
2026-03-31,2026-03-31 09:30:00,8513.774598808,8522.288373406807,8505.260824209192,8513.774598808,221,83.0,CRUDEOILM-SYNTH,INR,MCX,MCX Crude Oil Mini Futures,MCX,synthetic,15m,15,synthetic_intraday,SYNTHETIC_INTRADAY,2026-03-31 04:00:00+00:00,mcx_open_drive
2026-03-31,2026-03-31 09:45:00,8513.774598808,8522.288373406807,8505.260824209192,8513.774598808,428,83.0,CRUDEOILM-SYNTH,INR,MCX,MCX Crude Oil Mini Futures,MCX,synthetic,15m,15,synthetic_intraday,SYNTHETIC_INTRADAY,2026-03-31 04:15:00+00:00,mcx_open_drive
2026-03-31,2026-03-31 10:00:00,8513.774598808,8522.288373406807,8505.260824209192,8513.774598808,611,83.0,CRUDEOILM-SYNTH,INR,MCX,MCX Crude Oil Mini Futures,MCX,synthetic,15m,15,synthetic_intraday,SYNTHETIC_INTRADAY,2026-03-31 04:30:00+00:00,mcx_open_drive
2026-03-31,2026-03-31 10:15:00,8513.774598808,8522.288373406807,8505.260824209192,8513.774598808,875,83.0,CRUDEOILM-SYNTH,INR,MCX,MCX Crude Oil Mini Futures,MCX,synthetic,15m,15,synthetic_intraday,SYNTHETIC_INTRADAY,2026-03-31 04:45:00+00:00,mcx_open_drive
2026-03-31,2026-03-31 10:30:00,8513.774598808,8522.288373406807,8505.260824209192,8513.774598808,843,83.0,CRUDEOILM-SYNTH,INR,MCX,MCX Crude Oil Mini Futures,MCX,synthetic,15m,15,synthetic_intraday,SYNTHETIC_INTRADAY,2026-03-31 05:00:00+00:00,india_morning
2026-03-31,2026-03-31 10:45:00,8513.774598808,8522.288373406807,8505.260824209192,8513.774598808,173,83.0,CRUDEOILM-SYNTH,INR,MCX,MCX Crude Oil Mini Futures,MCX,synthetic,15m,15,synthetic_intraday,SYNTHETIC_INTRADAY,2026-03-31 05:15:00+00:00,india_morning
2026-03-31,2026-03-31 11:00:00,8513.774598808,8522.288373406807,8505.260824209192,8513.774598808,402,83.0,CRUDEOILM-SYNTH,INR,MCX,MCX Crude Oil Mini Futures,MCX,synthetic,15m,15,synthetic_intraday,SYNTHETIC_INTRADAY,2026-03-31 05:30:00+00:00,india_morning
2026-03-31,2026-03-31 11:15:00,8513.774598808,8522.288373406807,8505.260824209192,8513.774598808,548,83.0,CRUDEOILM-SYNTH,INR,MCX,MCX Crude Oil Mini Futures,MCX,synthetic,15m,15,synthetic_intraday,SYNTHETIC_INTRADAY,2026-03-31 05:45:00+00:00,india_morning
2026-03-31,2026-03-31 11:30:00,8513.774598808,8522.288373406807,8505.260824209192,8513.774598808,717,83.0,CRUDEOILM-SYNTH,INR,MCX,MCX Crude Oil Mini Futures,MCX,synthetic,15m,15,synthetic_intraday,SYNTHETIC_INTRADAY,2026-03-31 06:00:00+00:00,india_morning
2026-03-31,2026-03-31 11:45:00,8513.774598808,8522.288373406807,8505.260824209192,8513.774598808,472,83.0,CRUDEOILM-SYNTH,INR,MCX,MCX Crude Oil Mini Futures,MCX,synthetic,15m,15,synthetic_intraday,SYNTHETIC_INTRADAY,2026-03-31 06:15:00+00:00,india_morning
2026-03-31,2026-03-31 12:00:00,8513.774598808,8522.288373406807,8505.260824209192,8513.774598808,816,83.0,CRUDEOILM-SYNTH,INR,MCX,MCX Crude Oil Mini Futures,MCX,synthetic,15m,15,synthetic_intraday,SYNTHETIC_INTRADAY,2026-03-31 06:30:00+00:00,india_morning
2026-03-31,2026-03-31 12:15:00,8513.774598808,8522.288373406807,8505.260824209192,8513.774598808,257,83.0,CRUDEOILM-SYNTH,INR,MCX,MCX Crude Oil Mini Futures,MCX,synthetic,15m,15,synthetic_intraday,SYNTHETIC_INTRADAY,2026-03-31 06:45:00+00:00,india_morning
2026-03-31,2026-03-31 12:30:00,8513.774598808,8522.288373406807,8505.260824209192,8513.774598808,721,83.0,CRUDEOILM-SYNTH,INR,MCX,MCX Crude Oil Mini Futures,MCX,synthetic,15m,15,synthetic_intraday,SYNTHETIC_INTRADAY,2026-03-31 07:00:00+00:00,india_midday
2026-03-31,2026-03-31 12:45:00,8513.774598808,8522.288373406807,8505.260824209192,8513.774598808,699,83.0,CRUDEOILM-SYNTH,INR,MCX,MCX Crude Oil Mini Futures,MCX,synthetic,15m,15,synthetic_intraday,SYNTHETIC_INTRADAY,2026-03-31 07:15:00+00:00,india_midday
2026-03-31,2026-03-31 13:00:00,8513.774598808,8522.288373406807,8505.260824209192,8513.774598808,675,83.0,CRUDEOILM-SYNTH,INR,MCX,MCX Crude Oil Mini Futures,MCX,synthetic,15m,15,synthetic_intraday,SYNTHETIC_INTRADAY,2026-03-31 07:30:00+00:00,india_midday
2026-03-31,2026-03-31 13:15:00,8503.040735321907,8511.543776057228,8494.537694586585,8503.040735321907,298,83.0,CRUDEOILM-SYNTH,INR,MCX,MCX Crude Oil Mini Futures,MCX,synthetic,15m,15,synthetic_intraday,SYNTHETIC_INTRADAY,2026-03-31 07:45:00+00:00,india_midday
2026-03-31,2026-03-31 13:30:00,8495.74439214544,8504.240136537584,8487.248647753295,8495.74439214544,692,83.0,CRUDEOILM-SYNTH,INR,MCX,MCX Crude Oil Mini Futures,MCX,synthetic,15m,15,synthetic_intraday,SYNTHETIC_INTRADAY,2026-03-31 08:00:00+00:00,india_midday
2026-03-31,2026-03-31 13:45:00,8480.37912947662,8488.859508606096,8471.898750347144,8480.37912947662,931,83.0,CRUDEOILM-SYNTH,INR,MCX,MCX Crude Oil Mini Futures,MCX,synthetic,15m,15,synthetic_intraday,SYNTHETIC_INTRADAY,2026-03-31 08:15:00+00:00,india_midday
2026-03-31,2026-03-31 14:00:00,8464.697136256602,8473.161833392858,8456.232439120346,8464.697136256602,846,83.0,CRUDEOILM-SYNTH,INR,MCX,MCX Crude Oil Mini Futures,MCX,synthetic,15m,15,synthetic_intraday,SYNTHETIC_INTRADAY,2026-03-31 08:30:00+00:00,india_midday
2026-03-31,2026-03-31 14:15:00,8455.149980528726,8463.605130509253,8446.694830548196,8455.149980528726,269,83.0,CRUDEOILM-SYNTH,INR,MCX,MCX Crude Oil Mini Futures,MCX,synthetic,15m,15,synthetic_intraday,SYNTHETIC_INTRADAY,2026-03-31 08:45:00+00:00,india_midday
2026-03-31,2026-03-31 14:30:00,8440.421779751563,8448.862201531314,8431.981357971812,8440.421779751563,310,83.0,CRUDEOILM-SYNTH,INR,MCX,MCX Crude Oil Mini Futures,MCX,synthetic,15m,15,synthetic_intraday,SYNTHETIC_INTRADAY,2026-03-31 09:00:00+00:00,india_midday
2026-03-31,2026-03-31 14:45:00,8439.267826707153,8447.70709453386,8430.828558880447,8439.267826707153,177,83.0,CRUDEOILM-SYNTH,INR,MCX,MCX Crude Oil Mini Futures,MCX,synthetic,15m,15,synthetic_intraday,SYNTHETIC_INTRADAY,2026-03-31 09:15:00+00:00,india_midday
2026-04-01,2026-04-01 09:00:00,8291.6256068178,8299.917232424617,8283.333981210983,8291.6256068178,790,83.0,CRUDEOILM-SYNTH,INR,MCX,MCX Crude Oil Mini Futures,MCX,synthetic,15m,15,synthetic_intraday,SYNTHETIC_INTRADAY,2026-04-01 03:30:00+00:00,mcx_open_drive
2026-04-01,2026-04-01 09:15:00,8291.6256068178,8299.917232424617,8283.333981210983,8291.6256068178,234,83.0,CRUDEOILM-SYNTH,INR,MCX,MCX Crude Oil Mini Futures,MCX,synthetic,15m,15,synthetic_intraday,SYNTHETIC_INTRADAY,2026-04-01 03:45:00+00:00,mcx_open_drive
2026-04-01,2026-04-01 09:30:00,8291.6256068178,8299.917232424617,8283.333981210983,8291.6256068178,242,83.0,CRUDEOILM-SYNTH,INR,MCX,MCX Crude Oil Mini Futures,MCX,synthetic,15m,15,synthetic_intraday,SYNTHETIC_INTRADAY,2026-04-01 04:00:00+00:00,mcx_open_drive
2026-04-01,2026-04-01 09:45:00,8291.6256068178,8299.917232424617,8283.333981210983,8291.6256068178,210,83.0,CRUDEOILM-SYNTH,INR,MCX,MCX Crude Oil Mini Futures,MCX,synthetic,15m,15,synthetic_intraday,SYNTHETIC_INTRADAY,2026-04-01 04:15:00+00:00,mcx_open_drive
2026-04-01,2026-04-01 10:00:00,8291.6256068178,8299.917232424617,8283.333981210983,8291.6256068178,686,83.0,CRUDEOILM-SYNTH,INR,MCX,MCX Crude Oil Mini Futures,MCX,synthetic,15m,15,synthetic_intraday,SYNTHETIC_INTRADAY,2026-04-01 04:30:00+00:00,mcx_open_drive
2026-04-01,2026-04-01 10:15:00,8291.6256068178,8299.917232424617,8283.333981210983,8291.6256068178,835,83.0,CRUDEOILM-SYNTH,INR,MCX,MCX Crude Oil Mini Futures,MCX,synthetic,15m,15,synthetic_intraday,SYNTHETIC_INTRADAY,2026-04-01 04:45:00+00:00,mcx_open_drive
2026-04-01,2026-04-01 10:30:00,8291.6256068178,8299.917232424617,8283.333981210983,8291.6256068178,887,83.0,CRUDEOILM-SYNTH,INR,MCX,MCX Crude Oil Mini Futures,MCX,synthetic,15m,15,synthetic_intraday,SYNTHETIC_INTRADAY,2026-04-01 05:00:00+00:00,india_morning
2026-04-01,2026-04-01 10:45:00,8291.6256068178,8299.917232424617,8283.333981210983,8291.6256068178,201,83.0,CRUDEOILM-SYNTH,INR,MCX,MCX Crude Oil Mini Futures,MCX,synthetic,15m,15,synthetic_intraday,SYNTHETIC_INTRADAY,2026-04-01 05:15:00+00:00,india_morning
2026-04-01,2026-04-01 11:00:00,8291.6256068178,8299.917232424617,8283.333981210983,8291.6256068178,538,83.0,CRUDEOILM-SYNTH,INR,MCX,MCX Crude Oil Mini Futures,MCX,synthetic,15m,15,synthetic_intraday,SYNTHETIC_INTRADAY,2026-04-01 05:30:00+00:00,india_morning
2026-04-01,2026-04-01 11:15:00,8291.6256068178,8299.917232424617,8283.333981210983,8291.6256068178,741,83.0,CRUDEOILM-SYNTH,INR,MCX,MCX Crude Oil Mini Futures,MCX,synthetic,15m,15,synthetic_intraday,SYNTHETIC_INTRADAY,2026-04-01 05:45:00+00:00,india_morning
2026-04-01,2026-04-01 11:30:00,8291.6256068178,8299.917232424617,8283.333981210983,8291.6256068178,569,83.0,CRUDEOILM-SYNTH,INR,MCX,MCX Crude Oil Mini Futures,MCX,synthetic,15m,15,synthetic_intraday,SYNTHETIC_INTRADAY,2026-04-01 06:00:00+00:00,india_morning
2026-04-01,2026-04-01 11:45:00,8291.6256068178,8299.917232424617,8283.333981210983,8291.6256068178,760,83.0,CRUDEOILM-SYNTH,INR,MCX,MCX Crude Oil Mini Futures,MCX,synthetic,15m,15,synthetic_intraday,SYNTHETIC_INTRADAY,2026-04-01 06:15:00+00:00,india_morning
2026-04-01,2026-04-01 12:00:00,8291.6256068178,8299.917232424617,8283.333981210983,8291.6256068178,285,83.0,CRUDEOILM-SYNTH,INR,MCX,MCX Crude Oil Mini Futures,MCX,synthetic,15m,15,synthetic_intraday,SYNTHETIC_INTRADAY,2026-04-01 06:30:00+00:00,india_morning
2026-04-01,2026-04-01 12:15:00,8291.6256068178,8299.917232424617,8283.333981210983,8291.6256068178,458,83.0,CRUDEOILM-SYNTH,INR,MCX,MCX Crude Oil Mini Futures,MCX,synthetic,15m,15,synthetic_intraday,SYNTHETIC_INTRADAY,2026-04-01 06:45:00+00:00,india_morning
2026-04-01,2026-04-01 12:30:00,8291.6256068178,8299.917232424617,8283.333981210983,8291.6256068178,124,83.0,CRUDEOILM-SYNTH,INR,MCX,MCX Crude Oil Mini Futures,MCX,synthetic,15m,15,synthetic_intraday,SYNTHETIC_INTRADAY,2026-04-01 07:00:00+00:00,india_midday
2026-04-01,2026-04-01 12:45:00,8280.849232855207,8289.130082088062,8272.568383622352,8280.849232855207,841,83.0,CRUDEOILM-SYNTH,INR,MCX,MCX Crude Oil Mini Futures,MCX,synthetic,15m,15,synthetic_intraday,SYNTHETIC_INTRADAY,2026-04-01 07:15:00+00:00,india_midday
2026-04-01,2026-04-01 13:00:00,8280.19754261961,8288.477740162229,8271.91734507699,8280.19754261961,606,83.0,CRUDEOILM-SYNTH,INR,MCX,MCX Crude Oil Mini Futures,MCX,synthetic,15m,15,synthetic_intraday,SYNTHETIC_INTRADAY,2026-04-01 07:30:00+00:00,india_midday
2026-04-01,2026-04-01 13:15:00,8267.519726105085,8275.787245831189,8259.25220637898,8267.519726105085,577,83.0,CRUDEOILM-SYNTH,INR,MCX,MCX Crude Oil Mini Futures,MCX,synthetic,15m,15,synthetic_intraday,SYNTHETIC_INTRADAY,2026-04-01 07:45:00+00:00,india_midday
2026-04-01,2026-04-01 13:30:00,8258.623130894379,8266.881754025273,8250.364507763485,8258.623130894379,923,83.0,CRUDEOILM-SYNTH,INR,MCX,MCX Crude Oil Mini Futures,MCX,synthetic,15m,15,synthetic_intraday,SYNTHETIC_INTRADAY,2026-04-01 08:00:00+00:00,india_midday
2026-04-01,2026-04-01 13:45:00,8249.00138861495,8257.250390003564,8240.752387226335,8249.00138861495,304,83.0,CRUDEOILM-SYNTH,INR,MCX,MCX Crude Oil Mini Futures,MCX,synthetic,15m,15,synthetic_intraday,SYNTHETIC_INTRADAY,2026-04-01 08:15:00+00:00,india_midday
2026-04-01,2026-04-01 14:00:00,8239.060286296424,8247.29934658272,8230.821226010128,8239.060286296424,857,83.0,CRUDEOILM-SYNTH,INR,MCX,MCX Crude Oil Mini Futures,MCX,synthetic,15m,15,synthetic_intraday,SYNTHETIC_INTRADAY,2026-04-01 08:30:00+00:00,india_midday
2026-04-01,2026-04-01 14:15:00,8229.974450377202,8238.204424827578,8221.744475926824,8229.974450377202,118,83.0,CRUDEOILM-SYNTH,INR,MCX,MCX Crude Oil Mini Futures,MCX,synthetic,15m,15,synthetic_intraday,SYNTHETIC_INTRADAY,2026-04-01 08:45:00+00:00,india_midday
2026-04-01,2026-04-01 14:30:00,8218.285968881542,8226.504254850423,8210.06768291266,8218.285968881542,163,83.0,CRUDEOILM-SYNTH,INR,MCX,MCX Crude Oil Mini Futures,MCX,synthetic,15m,15,synthetic_intraday,SYNTHETIC_INTRADAY,2026-04-01 09:00:00+00:00,india_midday
2026-04-01,2026-04-01 14:45:00,8208.657357912462,8216.866015270372,8200.448700554549,8208.657357912462,318,83.0,CRUDEOILM-SYNTH,INR,MCX,MCX Crude Oil Mini Futures,MCX,synthetic,15m,15,synthetic_intraday,SYNTHETIC_INTRADAY,2026-04-01 09:15:00+00:00,india_midday
2026-04-02,2026-04-02 09:00:00,9203.039999999999,9212.243039999998,9193.836959999999,9203.039999999999,227,83.0,CRUDEOILM-SYNTH,INR,MCX,MCX Crude Oil Mini Futures,MCX,synthetic,15m,15,synthetic_intraday,SYNTHETIC_INTRADAY,2026-04-02 03:30:00+00:00,mcx_open_drive
2026-04-02,2026-04-02 09:15:00,9203.039999999999,9212.243039999998,9193.836959999999,9203.039999999999,122,83.0,CRUDEOILM-SYNTH,INR,MCX,MCX Crude Oil Mini Futures,MCX,synthetic,15m,15,synthetic_intraday,SYNTHETIC_INTRADAY,2026-04-02 03:45:00+00:00,mcx_open_drive
2026-04-02,2026-04-02 09:30:00,9203.039999999999,9212.243039999998,9193.836959999999,9203.039999999999,262,83.0,CRUDEOILM-SYNTH,INR,MCX,MCX Crude Oil Mini Futures,MCX,synthetic,15m,15,synthetic_intraday,SYNTHETIC_INTRADAY,2026-04-02 04:00:00+00:00,mcx_open_drive
2026-04-02,2026-04-02 09:45:00,9203.039999999999,9212.243039999998,9193.836959999999,9203.039999999999,525,83.0,CRUDEOILM-SYNTH,INR,MCX,MCX Crude Oil Mini Futures,MCX,synthetic,15m,15,synthetic_intraday,SYNTHETIC_INTRADAY,2026-04-02 04:15:00+00:00,mcx_open_drive
2026-04-02,2026-04-02 10:00:00,9203.039999999999,9212.243039999998,9193.836959999999,9203.039999999999,164,83.0,CRUDEOILM-SYNTH,INR,MCX,MCX Crude Oil Mini Futures,MCX,synthetic,15m,15,synthetic_intraday,SYNTHETIC_INTRADAY,2026-04-02 04:30:00+00:00,mcx_open_drive
2026-04-02,2026-04-02 10:15:00,9203.039999999999,9212.243039999998,9193.836959999999,9203.039999999999,149,83.0,CRUDEOILM-SYNTH,INR,MCX,MCX Crude Oil Mini Futures,MCX,synthetic,15m,15,synthetic_intraday,SYNTHETIC_INTRADAY,2026-04-02 04:45:00+00:00,mcx_open_drive
2026-04-02,2026-04-02 10:30:00,9203.039999999999,9212.243039999998,9193.836959999999,9203.039999999999,830,83.0,CRUDEOILM-SYNTH,INR,MCX,MCX Crude Oil Mini Futures,MCX,synthetic,15m,15,synthetic_intraday,SYNTHETIC_INTRADAY,2026-04-02 05:00:00+00:00,india_morning
2026-04-02,2026-04-02 10:45:00,9203.039999999999,9212.243039999998,9193.836959999999,9203.039999999999,184,83.0,CRUDEOILM-SYNTH,INR,MCX,MCX Crude Oil Mini Futures,MCX,synthetic,15m,15,synthetic_intraday,SYNTHETIC_INTRADAY,2026-04-02 05:15:00+00:00,india_morning
2026-04-02,2026-04-02 11:00:00,9203.039999999999,9212.243039999998,9193.836959999999,9203.039999999999,167,83.0,CRUDEOILM-SYNTH,INR,MCX,MCX Crude Oil Mini Futures,MCX,synthetic,15m,15,synthetic_intraday,SYNTHETIC_INTRADAY,2026-04-02 05:30:00+00:00,india_morning
2026-04-02,2026-04-02 11:15:00,9203.039999999999,9212.243039999998,9193.836959999999,9203.039999999999,591,83.0,CRUDEOILM-SYNTH,INR,MCX,MCX Crude Oil Mini Futures,MCX,synthetic,15m,15,synthetic_intraday,SYNTHETIC_INTRADAY,2026-04-02 05:45:00+00:00,india_morning
2026-04-02,2026-04-02 11:30:00,9203.039999999999,9212.243039999998,9193.836959999999,9203.039999999999,992,83.0,CRUDEOILM-SYNTH,INR,MCX,MCX Crude Oil Mini Futures,MCX,synthetic,15m,15,synthetic_intraday,SYNTHETIC_INTRADAY,2026-04-02 06:00:00+00:00,india_morning
2026-04-02,2026-04-02 11:45:00,9203.039999999999,9212.243039999998,9193.836959999999,9203.039999999999,568,83.0,CRUDEOILM-SYNTH,INR,MCX,MCX Crude Oil Mini Futures,MCX,synthetic,15m,15,synthetic_intraday,SYNTHETIC_INTRADAY,2026-04-02 06:15:00+00:00,india_morning
2026-04-02,2026-04-02 12:00:00,9203.039999999999,9212.243039999998,9193.836959999999,9203.039999999999,882,83.0,CRUDEOILM-SYNTH,INR,MCX,MCX Crude Oil Mini Futures,MCX,synthetic,15m,15,synthetic_intraday,SYNTHETIC_INTRADAY,2026-04-02 06:30:00+00:00,india_morning
2026-04-02,2026-04-02 12:15:00,9203.039999999999,9212.243039999998,9193.836959999999,9203.039999999999,725,83.0,CRUDEOILM-SYNTH,INR,MCX,MCX Crude Oil Mini Futures,MCX,synthetic,15m,15,synthetic_intraday,SYNTHETIC_INTRADAY,2026-04-02 06:45:00+00:00,india_morning
2026-04-02,2026-04-02 12:30:00,9203.039999999999,9212.243039999998,9193.836959999999,9203.039999999999,763,83.0,CRUDEOILM-SYNTH,INR,MCX,MCX Crude Oil Mini Futures,MCX,synthetic,15m,15,synthetic_intraday,SYNTHETIC_INTRADAY,2026-04-02 07:00:00+00:00,india_midday
2026-04-02,2026-04-02 12:45:00,9203.039999999999,9212.243039999998,9193.836959999999,9203.039999999999,408,83.0,CRUDEOILM-SYNTH,INR,MCX,MCX Crude Oil Mini Futures,MCX,synthetic,15m,15,synthetic_intraday,SYNTHETIC_INTRADAY,2026-04-02 07:15:00+00:00,india_midday
2026-04-02,2026-04-02 13:00:00,9203.039999999999,9212.243039999998,9193.836959999999,9203.039999999999,834,83.0,CRUDEOILM-SYNTH,INR,MCX,MCX Crude Oil Mini Futures,MCX,synthetic,15m,15,synthetic_intraday,SYNTHETIC_INTRADAY,2026-04-02 07:30:00+00:00,india_midday
2026-04-02,2026-04-02 13:15:00,9203.039999999999,9212.243039999998,9193.836959999999,9203.039999999999,101,83.0,CRUDEOILM-SYNTH,INR,MCX,MCX Crude Oil Mini Futures,MCX,synthetic,15m,15,synthetic_intraday,SYNTHETIC_INTRADAY,2026-04-02 07:45:00+00:00,india_midday
2026-04-02,2026-04-02 13:30:00,9203.039999999999,9212.243039999998,9193.836959999999,9203.039999999999,273,83.0,CRUDEOILM-SYNTH,INR,MCX,MCX Crude Oil Mini Futures,MCX,synthetic,15m,15,synthetic_intraday,SYNTHETIC_INTRADAY,2026-04-02 08:00:00+00:00,india_midday
2026-04-02,2026-04-02 13:45:00,9203.039999999999,9212.243039999998,9193.836959999999,9203.039999999999,149,83.0,CRUDEOILM-SYNTH,INR,MCX,MCX Crude Oil Mini Futures,MCX,synthetic,15m,15,synthetic_intraday,SYNTHETIC_INTRADAY,2026-04-02 08:15:00+00:00,india_midday
2026-04-02,2026-04-02 14:00:00,9203.039999999999,9212.243039999998,9193.836959999999,9203.039999999999,645,83.0,CRUDEOILM-SYNTH,INR,MCX,MCX Crude Oil Mini Futures,MCX,synthetic,15m,15,synthetic_intraday,SYNTHETIC_INTRADAY,2026-04-02 08:30:00+00:00,india_midday
2026-04-02,2026-04-02 14:15:00,9203.039999999999,9212.243039999998,9193.836959999999,9203.039999999999,239,83.0,CRUDEOILM-SYNTH,INR,MCX,MCX Crude Oil Mini Futures,MCX,synthetic,15m,15,synthetic_intraday,SYNTHETIC_INTRADAY,2026-04-02 08:45:00+00:00,india_midday
2026-04-02,2026-04-02 14:30:00,9245.287447270044,9254.532734717313,9236.042159822775,9245.287447270044,161,83.0,CRUDEOILM-SYNTH,INR,MCX,MCX Crude Oil Mini Futures,MCX,synthetic,15m,15,synthetic_intraday,SYNTHETIC_INTRADAY,2026-04-02 09:00:00+00:00,india_midday
2026-04-02,2026-04-02 14:45:00,9290.65978023633,9299.950440016566,9281.369120456095,9290.65978023633,596,83.0,CRUDEOILM-SYNTH,INR,MCX,MCX Crude Oil Mini Futures,MCX,synthetic,15m,15,synthetic_intraday,SYNTHETIC_INTRADAY,2026-04-02 09:15:00+00:00,india_midday
2026-04-03,2026-04-03 09:00:00,9297.602648283046,9306.900250931329,9288.305045634763,9297.602648283046,208,83.0,CRUDEOILM-SYNTH,INR,MCX,MCX Crude Oil Mini Futures,MCX,synthetic,15m,15,synthetic_intraday,SYNTHETIC_INTRADAY,2026-04-03 03:30:00+00:00,mcx_open_drive
2026-04-03,2026-04-03 09:15:00,9291.30182917996,9300.593131009138,9282.01052735078,9291.30182917996,730,83.0,CRUDEOILM-SYNTH,INR,MCX,MCX Crude Oil Mini Futures,MCX,synthetic,15m,15,synthetic_intraday,SYNTHETIC_INTRADAY,2026-04-03 03:45:00+00:00,mcx_open_drive
2026-04-03,2026-04-03 09:30:00,9293.915845636324,9303.20976148196,9284.621929790688,9293.915845636324,993,83.0,CRUDEOILM-SYNTH,INR,MCX,MCX Crude Oil Mini Futures,MCX,synthetic,15m,15,synthetic_intraday,SYNTHETIC_INTRADAY,2026-04-03 04:00:00+00:00,mcx_open_drive
2026-04-03,2026-04-03 09:45:00,9299.441817213241,9308.741259030454,9290.142375396028,9299.441817213241,938,83.0,CRUDEOILM-SYNTH,INR,MCX,MCX Crude Oil Mini Futures,MCX,synthetic,15m,15,synthetic_intraday,SYNTHETIC_INTRADAY,2026-04-03 04:15:00+00:00,mcx_open_drive
2026-04-03,2026-04-03 10:00:00,9303.44816780835,9312.751615976158,9294.144719640542,9303.44816780835,613,83.0,CRUDEOILM-SYNTH,INR,MCX,MCX Crude Oil Mini Futures,MCX,synthetic,15m,15,synthetic_intraday,SYNTHETIC_INTRADAY,2026-04-03 04:30:00+00:00,mcx_open_drive
2026-04-03,2026-04-03 10:15:00,9298.888002877327,9308.186890880204,9289.58911487445,9298.888002877327,634,83.0,CRUDEOILM-SYNTH,INR,MCX,MCX Crude Oil Mini Futures,MCX,synthetic,15m,15,synthetic_intraday,SYNTHETIC_INTRADAY,2026-04-03 04:45:00+00:00,mcx_open_drive
2026-04-03,2026-04-03 10:30:00,9295.704930527454,9305.00063545798,9286.409225596926,9295.704930527454,192,83.0,CRUDEOILM-SYNTH,INR,MCX,MCX Crude Oil Mini Futures,MCX,synthetic,15m,15,synthetic_intraday,SYNTHETIC_INTRADAY,2026-04-03 05:00:00+00:00,india_morning
2026-04-03,2026-04-03 10:45:00,9293.014049058744,9302.3070631078,9283.721035009685,9293.014049058744,150,83.0,CRUDEOILM-SYNTH,INR,MCX,MCX Crude Oil Mini Futures,MCX,synthetic,15m,15,synthetic_intraday,SYNTHETIC_INTRADAY,2026-04-03 05:15:00+00:00,india_morning
2026-04-03,2026-04-03 11:00:00,9292.986500224039,9302.279486724261,9283.693513723814,9292.986500224039,152,83.0,CRUDEOILM-SYNTH,INR,MCX,MCX Crude Oil Mini Futures,MCX,synthetic,15m,15,synthetic_intraday,SYNTHETIC_INTRADAY,2026-04-03 05:30:00+00:00,india_morning
2026-04-03,2026-04-03 11:15:00,9296.117836787236,9305.413954624022,9286.821718950448,9296.117836787236,626,83.0,CRUDEOILM-SYNTH,INR,MCX,MCX Crude Oil Mini Futures,MCX,synthetic,15m,15,synthetic_intraday,SYNTHETIC_INTRADAY,2026-04-03 05:45:00+00:00,india_morning
2026-04-03,2026-04-03 11:30:00,9296.332461138185,9305.628793599322,9287.036128677048,9296.332461138185,895,83.0,CRUDEOILM-SYNTH,INR,MCX,MCX Crude Oil Mini Futures,MCX,synthetic,15m,15,synthetic_intraday,SYNTHETIC_INTRADAY,2026-04-03 06:00:00+00:00,india_morning
2026-04-03,2026-04-03 11:45:00,9295.89416805833,9305.190062226387,9286.598273890271,9295.89416805833,674,83.0,CRUDEOILM-SYNTH,INR,MCX,MCX Crude Oil Mini Futures,MCX,synthetic,15m,15,synthetic_intraday,SYNTHETIC_INTRADAY,2026-04-03 06:15:00+00:00,india_morning
2026-04-03,2026-04-03 12:00:00,9300.4566357026,9309.757092338301,9291.156179066897,9300.4566357026,361,83.0,CRUDEOILM-SYNTH,INR,MCX,MCX Crude Oil Mini Futures,MCX,synthetic,15m,15,synthetic_intraday,SYNTHETIC_INTRADAY,2026-04-03 06:30:00+00:00,india_morning
2026-04-03,2026-04-03 12:15:00,9293.79777489517,9303.091572670064,9284.503977120276,9293.79777489517,820,83.0,CRUDEOILM-SYNTH,INR,MCX,MCX Crude Oil Mini Futures,MCX,synthetic,15m,15,synthetic_intraday,SYNTHETIC_INTRADAY,2026-04-03 06:45:00+00:00,india_morning
2026-04-03,2026-04-03 12:30:00,9294.119122264012,9303.413241386275,9284.825003141748,9294.119122264012,331,83.0,CRUDEOILM-SYNTH,INR,MCX,MCX Crude Oil Mini Futures,MCX,synthetic,15m,15,synthetic_intraday,SYNTHETIC_INTRADAY,2026-04-03 07:00:00+00:00,india_midday
2026-04-03,2026-04-03 12:45:00,9295.599068039479,9304.894667107517,9286.303468971439,9295.599068039479,502,83.0,CRUDEOILM-SYNTH,INR,MCX,MCX Crude Oil Mini Futures,MCX,synthetic,15m,15,synthetic_intraday,SYNTHETIC_INTRADAY,2026-04-03 07:15:00+00:00,india_midday
2026-04-03,2026-04-03 13:00:00,9294.587101635856,9303.88168873749,9285.29251453422,9294.587101635856,851,83.0,CRUDEOILM-SYNTH,INR,MCX,MCX Crude Oil Mini Futures,MCX,synthetic,15m,15,synthetic_intraday,SYNTHETIC_INTRADAY,2026-04-03 07:30:00+00:00,india_midday
2026-04-03,2026-04-03 13:15:00,9288.73159055402,9298.020322144574,9279.442858963466,9288.73159055402,535,83.0,CRUDEOILM-SYNTH,INR,MCX,MCX Crude Oil Mini Futures,MCX,synthetic,15m,15,synthetic_intraday,SYNTHETIC_INTRADAY,2026-04-03 07:45:00+00:00,india_midday
2026-04-03,2026-04-03 13:30:00,9293.460651665655,9302.75411231732,9284.167191013988,9293.460651665655,147,83.0,CRUDEOILM-SYNTH,INR,MCX,MCX Crude Oil Mini Futures,MCX,synthetic,15m,15,synthetic_intraday,SYNTHETIC_INTRADAY,2026-04-03 08:00:00+00:00,india_midday
2026-04-03,2026-04-03 13:45:00,9297.559593072423,9306.857152665494,9288.26203347935,9297.559593072423,541,83.0,CRUDEOILM-SYNTH,INR,MCX,MCX Crude Oil Mini Futures,MCX,synthetic,15m,15,synthetic_intraday,SYNTHETIC_INTRADAY,2026-04-03 08:15:00+00:00,india_midday
2026-04-03,2026-04-03 14:00:00,9293.180044153833,9302.473224197985,9283.886864109678,9293.180044153833,822,83.0,CRUDEOILM-SYNTH,INR,MCX,MCX Crude Oil Mini Futures,MCX,synthetic,15m,15,synthetic_intraday,SYNTHETIC_INTRADAY,2026-04-03 08:30:00+00:00,india_midday
2026-04-03,2026-04-03 14:15:00,9296.527436683093,9305.823964119774,9287.23090924641,9296.527436683093,781,83.0,CRUDEOILM-SYNTH,INR,MCX,MCX Crude Oil Mini Futures,MCX,synthetic,15m,15,synthetic_intraday,SYNTHETIC_INTRADAY,2026-04-03 08:45:00+00:00,india_midday
2026-04-03,2026-04-03 14:30:00,9290.120671849963,9299.410792521812,9280.830551178113,9290.120671849963,710,83.0,CRUDEOILM-SYNTH,INR,MCX,MCX Crude Oil Mini Futures,MCX,synthetic,15m,15,synthetic_intraday,SYNTHETIC_INTRADAY,2026-04-03 09:00:00+00:00,india_midday
2026-04-03,2026-04-03 14:45:00,9293.303834612165,9302.597138446776,9284.010530777552,9293.303834612165,453,83.0,CRUDEOILM-SYNTH,INR,MCX,MCX Crude Oil Mini Futures,MCX,synthetic,15m,15,synthetic_intraday,SYNTHETIC_INTRADAY,2026-04-03 09:15:00+00:00,india_midday
2026-04-06,2026-04-06 09:00:00,9296.365725030575,9305.662090755604,9287.069359305544,9296.365725030575,259,83.0,CRUDEOILM-SYNTH,INR,MCX,MCX Crude Oil Mini Futures,MCX,synthetic,15m,15,synthetic_intraday,SYNTHETIC_INTRADAY,2026-04-06 03:30:00+00:00,mcx_open_drive
2026-04-06,2026-04-06 09:15:00,9299.455843689751,9308.75529953344,9290.156387846062,9299.455843689751,475,83.0,CRUDEOILM-SYNTH,INR,MCX,MCX Crude Oil Mini Futures,MCX,synthetic,15m,15,synthetic_intraday,SYNTHETIC_INTRADAY,2026-04-06 03:45:00+00:00,mcx_open_drive
2026-04-06,2026-04-06 09:30:00,9294.429191569288,9303.723620760857,9285.134762377718,9294.429191569288,584,83.0,CRUDEOILM-SYNTH,INR,MCX,MCX Crude Oil Mini Futures,MCX,synthetic,15m,15,synthetic_intraday,SYNTHETIC_INTRADAY,2026-04-06 04:00:00+00:00,mcx_open_drive
2026-04-06,2026-04-06 09:45:00,9305.180482323573,9314.485662805895,9295.875301841248,9305.180482323573,157,83.0,CRUDEOILM-SYNTH,INR,MCX,MCX Crude Oil Mini Futures,MCX,synthetic,15m,15,synthetic_intraday,SYNTHETIC_INTRADAY,2026-04-06 04:15:00+00:00,mcx_open_drive
2026-04-06,2026-04-06 10:00:00,9309.079741233723,9318.388820974957,9299.77066149249,9309.079741233723,306,83.0,CRUDEOILM-SYNTH,INR,MCX,MCX Crude Oil Mini Futures,MCX,synthetic,15m,15,synthetic_intraday,SYNTHETIC_INTRADAY,2026-04-06 04:30:00+00:00,mcx_open_drive
2026-04-06,2026-04-06 10:15:00,9311.040077985117,9320.351118063101,9301.729037907133,9311.040077985117,143,83.0,CRUDEOILM-SYNTH,INR,MCX,MCX Crude Oil Mini Futures,MCX,synthetic,15m,15,synthetic_intraday,SYNTHETIC_INTRADAY,2026-04-06 04:45:00+00:00,mcx_open_drive
2026-04-06,2026-04-06 10:30:00,9306.724214570773,9316.030938785343,9297.417490356202,9306.724214570773,192,83.0,CRUDEOILM-SYNTH,INR,MCX,MCX Crude Oil Mini Futures,MCX,synthetic,15m,15,synthetic_intraday,SYNTHETIC_INTRADAY,2026-04-06 05:00:00+00:00,india_morning
2026-04-06,2026-04-06 10:45:00,9308.517563488187,9317.826081051675,9299.2090459247,9308.517563488187,847,83.0,CRUDEOILM-SYNTH,INR,MCX,MCX Crude Oil Mini Futures,MCX,synthetic,15m,15,synthetic_intraday,SYNTHETIC_INTRADAY,2026-04-06 05:15:00+00:00,india_morning
2026-04-06,2026-04-06 11:00:00,9311.546243216535,9320.857789459751,9302.234696973319,9311.546243216535,501,83.0,CRUDEOILM-SYNTH,INR,MCX,MCX Crude Oil Mini Futures,MCX,synthetic,15m,15,synthetic_intraday,SYNTHETIC_INTRADAY,2026-04-06 05:30:00+00:00,india_morning
2026-04-06,2026-04-06 11:15:00,9315.875150124057,9325.19102527418,9306.559274973933,9315.875150124057,761,83.0,CRUDEOILM-SYNTH,INR,MCX,MCX Crude Oil Mini Futures,MCX,synthetic,15m,15,synthetic_intraday,SYNTHETIC_INTRADAY,2026-04-06 05:45:00+00:00,india_morning
2026-04-06,2026-04-06 11:30:00,9317.573419966635,9326.8909933866,9308.255846546668,9317.573419966635,924,83.0,CRUDEOILM-SYNTH,INR,MCX,MCX Crude Oil Mini Futures,MCX,synthetic,15m,15,synthetic_intraday,SYNTHETIC_INTRADAY,2026-04-06 06:00:00+00:00,india_morning
2026-04-06,2026-04-06 11:45:00,9320.526343513122,9329.846869856634,9311.205817169608,9320.526343513122,581,83.0,CRUDEOILM-SYNTH,INR,MCX,MCX Crude Oil Mini Futures,MCX,synthetic,15m,15,synthetic_intraday,SYNTHETIC_INTRADAY,2026-04-06 06:15:00+00:00,india_morning
2026-04-06,2026-04-06 12:00:00,9321.920059297565,9331.24197935686,9312.598139238267,9321.920059297565,583,83.0,CRUDEOILM-SYNTH,INR,MCX,MCX Crude Oil Mini Futures,MCX,synthetic,15m,15,synthetic_intraday,SYNTHETIC_INTRADAY,2026-04-06 06:30:00+00:00,india_morning
2026-04-06,2026-04-06 12:15:00,9322.456902998261,9331.779359901258,9313.134446095262,9322.456902998261,586,83.0,CRUDEOILM-SYNTH,INR,MCX,MCX Crude Oil Mini Futures,MCX,synthetic,15m,15,synthetic_intraday,SYNTHETIC_INTRADAY,2026-04-06 06:45:00+00:00,india_morning
2026-04-06,2026-04-06 12:30:00,9332.772523456204,9342.10529597966,9323.439750932748,9332.772523456204,235,83.0,CRUDEOILM-SYNTH,INR,MCX,MCX Crude Oil Mini Futures,MCX,synthetic,15m,15,synthetic_intraday,SYNTHETIC_INTRADAY,2026-04-06 07:00:00+00:00,india_midday
2026-04-06,2026-04-06 12:45:00,9335.441327811326,9344.776769139136,9326.105886483514,9335.441327811326,919,83.0,CRUDEOILM-SYNTH,INR,MCX,MCX Crude Oil Mini Futures,MCX,synthetic,15m,15,synthetic_intraday,SYNTHETIC_INTRADAY,2026-04-06 07:15:00+00:00,india_midday
2026-04-06,2026-04-06 13:00:00,9337.567083365982,9346.904650449347,9328.229516282616,9337.567083365982,398,83.0,CRUDEOILM-SYNTH,INR,MCX,MCX Crude Oil Mini Futures,MCX,synthetic,15m,15,synthetic_intraday,SYNTHETIC_INTRADAY,2026-04-06 07:30:00+00:00,india_midday
2026-04-06,2026-04-06 13:15:00,9332.250406295385,9341.58265670168,9322.918155889089,9332.250406295385,435,83.0,CRUDEOILM-SYNTH,INR,MCX,MCX Crude Oil Mini Futures,MCX,synthetic,15m,15,synthetic_intraday,SYNTHETIC_INTRADAY,2026-04-06 07:45:00+00:00,india_midday
2026-04-06,2026-04-06 13:30:00,9336.461922957094,9345.79838488005,9327.125461034137,9336.461922957094,326,83.0,CRUDEOILM-SYNTH,INR,MCX,MCX Crude Oil Mini Futures,MCX,synthetic,15m,15,synthetic_intraday,SYNTHETIC_INTRADAY,2026-04-06 08:00:00+00:00,india_midday
2026-04-06,2026-04-06 13:45:00,9332.630882841439,9341.963513724279,9323.298251958597,9332.630882841439,410,83.0,CRUDEOILM-SYNTH,INR,MCX,MCX Crude Oil Mini Futures,MCX,synthetic,15m,15,synthetic_intraday,SYNTHETIC_INTRADAY,2026-04-06 08:15:00+00:00,india_midday
2026-04-06,2026-04-06 14:00:00,9342.963956970465,9352.306920927434,9333.620993013494,9342.963956970465,456,83.0,CRUDEOILM-SYNTH,INR,MCX,MCX Crude Oil Mini Futures,MCX,synthetic,15m,15,synthetic_intraday,SYNTHETIC_INTRADAY,2026-04-06 08:30:00+00:00,india_midday
2026-04-06,2026-04-06 14:15:00,9345.550500007314,9354.89605050732,9336.204949507306,9345.550500007314,338,83.0,CRUDEOILM-SYNTH,INR,MCX,MCX Crude Oil Mini Futures,MCX,synthetic,15m,15,synthetic_intraday,SYNTHETIC_INTRADAY,2026-04-06 08:45:00+00:00,india_midday
2026-04-06,2026-04-06 14:30:00,9341.303530858107,9350.644834388964,9331.962227327249,9341.303530858107,382,83.0,CRUDEOILM-SYNTH,INR,MCX,MCX Crude Oil Mini Futures,MCX,synthetic,15m,15,synthetic_intraday,SYNTHETIC_INTRADAY,2026-04-06 09:00:00+00:00,india_midday
2026-04-06,2026-04-06 14:45:00,9341.6653718328,9351.007037204632,9332.323706460968,9341.6653718328,274,83.0,CRUDEOILM-SYNTH,INR,MCX,MCX Crude Oil Mini Futures,MCX,synthetic,15m,15,synthetic_intraday,SYNTHETIC_INTRADAY,2026-04-06 09:15:00+00:00,india_midday
2026-04-07,2026-04-07 09:00:00,9249.801889829001,9259.051691718829,9240.552087939172,9249.801889829001,808,83.0,CRUDEOILM-SYNTH,INR,MCX,MCX Crude Oil Mini Futures,MCX,synthetic,15m,15,synthetic_intraday,SYNTHETIC_INTRADAY,2026-04-07 03:30:00+00:00,mcx_open_drive
2026-04-07,2026-04-07 09:15:00,9249.801889829001,9259.051691718829,9240.552087939172,9249.801889829001,267,83.0,CRUDEOILM-SYNTH,INR,MCX,MCX Crude Oil Mini Futures,MCX,synthetic,15m,15,synthetic_intraday,SYNTHETIC_INTRADAY,2026-04-07 03:45:00+00:00,mcx_open_drive
2026-04-07,2026-04-07 09:30:00,9249.801889829001,9259.051691718829,9240.552087939172,9249.801889829001,985,83.0,CRUDEOILM-SYNTH,INR,MCX,MCX Crude Oil Mini Futures,MCX,synthetic,15m,15,synthetic_intraday,SYNTHETIC_INTRADAY,2026-04-07 04:00:00+00:00,mcx_open_drive
2026-04-07,2026-04-07 09:45:00,9249.801889829001,9259.051691718829,9240.552087939172,9249.801889829001,256,83.0,CRUDEOILM-SYNTH,INR,MCX,MCX Crude Oil Mini Futures,MCX,synthetic,15m,15,synthetic_intraday,SYNTHETIC_INTRADAY,2026-04-07 04:15:00+00:00,mcx_open_drive
2026-04-07,2026-04-07 10:00:00,9249.801889829001,9259.051691718829,9240.552087939172,9249.801889829001,428,83.0,CRUDEOILM-SYNTH,INR,MCX,MCX Crude Oil Mini Futures,MCX,synthetic,15m,15,synthetic_intraday,SYNTHETIC_INTRADAY,2026-04-07 04:30:00+00:00,mcx_open_drive
2026-04-07,2026-04-07 10:15:00,9249.801889829001,9259.051691718829,9240.552087939172,9249.801889829001,334,83.0,CRUDEOILM-SYNTH,INR,MCX,MCX Crude Oil Mini Futures,MCX,synthetic,15m,15,synthetic_intraday,SYNTHETIC_INTRADAY,2026-04-07 04:45:00+00:00,mcx_open_drive
2026-04-07,2026-04-07 10:30:00,9249.801889829001,9259.051691718829,9240.552087939172,9249.801889829001,283,83.0,CRUDEOILM-SYNTH,INR,MCX,MCX Crude Oil Mini Futures,MCX,synthetic,15m,15,synthetic_intraday,SYNTHETIC_INTRADAY,2026-04-07 05:00:00+00:00,india_morning
2026-04-07,2026-04-07 10:45:00,9249.801889829001,9259.051691718829,9240.552087939172,9249.801889829001,194,83.0,CRUDEOILM-SYNTH,INR,MCX,MCX Crude Oil Mini Futures,MCX,synthetic,15m,15,synthetic_intraday,SYNTHETIC_INTRADAY,2026-04-07 05:15:00+00:00,india_morning
2026-04-07,2026-04-07 11:00:00,9249.801889829001,9259.051691718829,9240.552087939172,9249.801889829001,365,83.0,CRUDEOILM-SYNTH,INR,MCX,MCX Crude Oil Mini Futures,MCX,synthetic,15m,15,synthetic_intraday,SYNTHETIC_INTRADAY,2026-04-07 05:30:00+00:00,india_morning
2026-04-07,2026-04-07 11:15:00,9249.801889829001,9259.051691718829,9240.552087939172,9249.801889829001,541,83.0,CRUDEOILM-SYNTH,INR,MCX,MCX Crude Oil Mini Futures,MCX,synthetic,15m,15,synthetic_intraday,SYNTHETIC_INTRADAY,2026-04-07 05:45:00+00:00,india_morning
2026-04-07,2026-04-07 11:30:00,9249.801889829001,9259.051691718829,9240.552087939172,9249.801889829001,685,83.0,CRUDEOILM-SYNTH,INR,MCX,MCX Crude Oil Mini Futures,MCX,synthetic,15m,15,synthetic_intraday,SYNTHETIC_INTRADAY,2026-04-07 06:00:00+00:00,india_morning
2026-04-07,2026-04-07 11:45:00,9247.754253347044,9257.00200760039,9238.506499093697,9247.754253347044,393,83.0,CRUDEOILM-SYNTH,INR,MCX,MCX Crude Oil Mini Futures,MCX,synthetic,15m,15,synthetic_intraday,SYNTHETIC_INTRADAY,2026-04-07 06:15:00+00:00,india_morning
2026-04-07,2026-04-07 12:00:00,9249.801889829001,9259.051691718829,9240.552087939172,9249.801889829001,162,83.0,CRUDEOILM-SYNTH,INR,MCX,MCX Crude Oil Mini Futures,MCX,synthetic,15m,15,synthetic_intraday,SYNTHETIC_INTRADAY,2026-04-07 06:30:00+00:00,india_morning
2026-04-07,2026-04-07 12:15:00,9242.88886818234,9252.13175705052,9233.645979314157,9242.88886818234,278,83.0,CRUDEOILM-SYNTH,INR,MCX,MCX Crude Oil Mini Futures,MCX,synthetic,15m,15,synthetic_intraday,SYNTHETIC_INTRADAY,2026-04-07 06:45:00+00:00,india_morning
2026-04-07,2026-04-07 12:30:00,9227.995956149904,9237.223952106053,9218.767960193754,9227.995956149904,872,83.0,CRUDEOILM-SYNTH,INR,MCX,MCX Crude Oil Mini Futures,MCX,synthetic,15m,15,synthetic_intraday,SYNTHETIC_INTRADAY,2026-04-07 07:00:00+00:00,india_midday
2026-04-07,2026-04-07 12:45:00,9218.62011668758,9227.838736804266,9209.401496570892,9218.62011668758,394,83.0,CRUDEOILM-SYNTH,INR,MCX,MCX Crude Oil Mini Futures,MCX,synthetic,15m,15,synthetic_intraday,SYNTHETIC_INTRADAY,2026-04-07 07:15:00+00:00,india_midday
2026-04-07,2026-04-07 13:00:00,9217.023278591623,9226.240301870213,9207.806255313031,9217.023278591623,925,83.0,CRUDEOILM-SYNTH,INR,MCX,MCX Crude Oil Mini Futures,MCX,synthetic,15m,15,synthetic_intraday,SYNTHETIC_INTRADAY,2026-04-07 07:30:00+00:00,india_midday
2026-04-07,2026-04-07 13:15:00,9208.28638545327,9217.494671838722,9199.078099067816,9208.28638545327,840,83.0,CRUDEOILM-SYNTH,INR,MCX,MCX Crude Oil Mini Futures,MCX,synthetic,15m,15,synthetic_intraday,SYNTHETIC_INTRADAY,2026-04-07 07:45:00+00:00,india_midday
2026-04-07,2026-04-07 13:30:00,9204.61695555904,9213.821572514598,9195.41233860348,9204.61695555904,467,83.0,CRUDEOILM-SYNTH,INR,MCX,MCX Crude Oil Mini Futures,MCX,synthetic,15m,15,synthetic_intraday,SYNTHETIC_INTRADAY,2026-04-07 08:00:00+00:00,india_midday
2026-04-07,2026-04-07 13:45:00,9192.76792891208,9201.960696840992,9183.575160983168,9192.76792891208,869,83.0,CRUDEOILM-SYNTH,INR,MCX,MCX Crude Oil Mini Futures,MCX,synthetic,15m,15,synthetic_intraday,SYNTHETIC_INTRADAY,2026-04-07 08:15:00+00:00,india_midday
2026-04-07,2026-04-07 14:00:00,9182.700712350497,9191.883413062847,9173.518011638147,9182.700712350497,174,83.0,CRUDEOILM-SYNTH,INR,MCX,MCX Crude Oil Mini Futures,MCX,synthetic,15m,15,synthetic_intraday,SYNTHETIC_INTRADAY,2026-04-07 08:30:00+00:00,india_midday
2026-04-07,2026-04-07 14:15:00,9174.095564553178,9183.26966011773,9164.921468988625,9174.095564553178,736,83.0,CRUDEOILM-SYNTH,INR,MCX,MCX Crude Oil Mini Futures,MCX,synthetic,15m,15,synthetic_intraday,SYNTHETIC_INTRADAY,2026-04-07 08:45:00+00:00,india_midday
2026-04-07,2026-04-07 14:30:00,9164.405895997848,9173.570301893846,9155.241490101851,9164.405895997848,615,83.0,CRUDEOILM-SYNTH,INR,MCX,MCX Crude Oil Mini Futures,MCX,synthetic,15m,15,synthetic_intraday,SYNTHETIC_INTRADAY,2026-04-07 09:00:00+00:00,india_midday
2026-04-07,2026-04-07 14:45:00,9154.89506300789,9164.049958070898,9145.740167944883,9154.89506300789,850,83.0,CRUDEOILM-SYNTH,INR,MCX,MCX Crude Oil Mini Futures,MCX,synthetic,15m,15,synthetic_intraday,SYNTHETIC_INTRADAY,2026-04-07 09:15:00+00:00,india_midday
2026-04-08,2026-04-08 09:00:00,8089.595,8097.684595,8081.505405,8089.595,887,83.0,CRUDEOILM-SYNTH,INR,MCX,MCX Crude Oil Mini Futures,MCX,synthetic,15m,15,synthetic_intraday,SYNTHETIC_INTRADAY,2026-04-08 03:30:00+00:00,mcx_open_drive
2026-04-08,2026-04-08 09:15:00,8089.595,8097.684595,8081.505405,8089.595,162,83.0,CRUDEOILM-SYNTH,INR,MCX,MCX Crude Oil Mini Futures,MCX,synthetic,15m,15,synthetic_intraday,SYNTHETIC_INTRADAY,2026-04-08 03:45:00+00:00,mcx_open_drive
2026-04-08,2026-04-08 09:30:00,8089.595,8097.684595,8081.505405,8089.595,991,83.0,CRUDEOILM-SYNTH,INR,MCX,MCX Crude Oil Mini Futures,MCX,synthetic,15m,15,synthetic_intraday,SYNTHETIC_INTRADAY,2026-04-08 04:00:00+00:00,mcx_open_drive
2026-04-08,2026-04-08 09:45:00,8089.595,8097.684595,8081.505405,8089.595,980,83.0,CRUDEOILM-SYNTH,INR,MCX,MCX Crude Oil Mini Futures,MCX,synthetic,15m,15,synthetic_intraday,SYNTHETIC_INTRADAY,2026-04-08 04:15:00+00:00,mcx_open_drive
2026-04-08,2026-04-08 10:00:00,8089.595,8097.684595,8081.505405,8089.595,736,83.0,CRUDEOILM-SYNTH,INR,MCX,MCX Crude Oil Mini Futures,MCX,synthetic,15m,15,synthetic_intraday,SYNTHETIC_INTRADAY,2026-04-08 04:30:00+00:00,mcx_open_drive
2026-04-08,2026-04-08 10:15:00,8089.595,8097.684595,8081.505405,8089.595,212,83.0,CRUDEOILM-SYNTH,INR,MCX,MCX Crude Oil Mini Futures,MCX,synthetic,15m,15,synthetic_intraday,SYNTHETIC_INTRADAY,2026-04-08 04:45:00+00:00,mcx_open_drive
2026-04-08,2026-04-08 10:30:00,8089.595,8097.684595,8081.505405,8089.595,650,83.0,CRUDEOILM-SYNTH,INR,MCX,MCX Crude Oil Mini Futures,MCX,synthetic,15m,15,synthetic_intraday,SYNTHETIC_INTRADAY,2026-04-08 05:00:00+00:00,india_morning
2026-04-08,2026-04-08 10:45:00,8089.595,8097.684595,8081.505405,8089.595,637,83.0,CRUDEOILM-SYNTH,INR,MCX,MCX Crude Oil Mini Futures,MCX,synthetic,15m,15,synthetic_intraday,SYNTHETIC_INTRADAY,2026-04-08 05:15:00+00:00,india_morning
2026-04-08,2026-04-08 11:00:00,8089.595,8097.684595,8081.505405,8089.595,133,83.0,CRUDEOILM-SYNTH,INR,MCX,MCX Crude Oil Mini Futures,MCX,synthetic,15m,15,synthetic_intraday,SYNTHETIC_INTRADAY,2026-04-08 05:30:00+00:00,india_morning
2026-04-08,2026-04-08 11:15:00,8089.595,8097.684595,8081.505405,8089.595,907,83.0,CRUDEOILM-SYNTH,INR,MCX,MCX Crude Oil Mini Futures,MCX,synthetic,15m,15,synthetic_intraday,SYNTHETIC_INTRADAY,2026-04-08 05:45:00+00:00,india_morning
2026-04-08,2026-04-08 11:30:00,8089.595,8097.684595,8081.505405,8089.595,630,83.0,CRUDEOILM-SYNTH,INR,MCX,MCX Crude Oil Mini Futures,MCX,synthetic,15m,15,synthetic_intraday,SYNTHETIC_INTRADAY,2026-04-08 06:00:00+00:00,india_morning
2026-04-08,2026-04-08 11:45:00,8089.595,8097.684595,8081.505405,8089.595,798,83.0,CRUDEOILM-SYNTH,INR,MCX,MCX Crude Oil Mini Futures,MCX,synthetic,15m,15,synthetic_intraday,SYNTHETIC_INTRADAY,2026-04-08 06:15:00+00:00,india_morning
2026-04-08,2026-04-08 12:00:00,8089.595,8097.684595,8081.505405,8089.595,335,83.0,CRUDEOILM-SYNTH,INR,MCX,MCX Crude Oil Mini Futures,MCX,synthetic,15m,15,synthetic_intraday,SYNTHETIC_INTRADAY,2026-04-08 06:30:00+00:00,india_morning
2026-04-08,2026-04-08 12:15:00,8089.595,8097.684595,8081.505405,8089.595,921,83.0,CRUDEOILM-SYNTH,INR,MCX,MCX Crude Oil Mini Futures,MCX,synthetic,15m,15,synthetic_intraday,SYNTHETIC_INTRADAY,2026-04-08 06:45:00+00:00,india_morning
2026-04-08,2026-04-08 12:30:00,8089.595,8097.684595,8081.505405,8089.595,816,83.0,CRUDEOILM-SYNTH,INR,MCX,MCX Crude Oil Mini Futures,MCX,synthetic,15m,15,synthetic_intraday,SYNTHETIC_INTRADAY,2026-04-08 07:00:00+00:00,india_midday
2026-04-08,2026-04-08 12:45:00,8089.595,8097.684595,8081.505405,8089.595,462,83.0,CRUDEOILM-SYNTH,INR,MCX,MCX Crude Oil Mini Futures,MCX,synthetic,15m,15,synthetic_intraday,SYNTHETIC_INTRADAY,2026-04-08 07:15:00+00:00,india_midday
2026-04-08,2026-04-08 13:00:00,8089.595,8097.684595,8081.505405,8089.595,747,83.0,CRUDEOILM-SYNTH,INR,MCX,MCX Crude Oil Mini Futures,MCX,synthetic,15m,15,synthetic_intraday,SYNTHETIC_INTRADAY,2026-04-08 07:30:00+00:00,india_midday
2026-04-08,2026-04-08 13:15:00,8089.595,8097.684595,8081.505405,8089.595,420,83.0,CRUDEOILM-SYNTH,INR,MCX,MCX Crude Oil Mini Futures,MCX,synthetic,15m,15,synthetic_intraday,SYNTHETIC_INTRADAY,2026-04-08 07:45:00+00:00,india_midday
2026-04-08,2026-04-08 13:30:00,8089.595,8097.684595,8081.505405,8089.595,471,83.0,CRUDEOILM-SYNTH,INR,MCX,MCX Crude Oil Mini Futures,MCX,synthetic,15m,15,synthetic_intraday,SYNTHETIC_INTRADAY,2026-04-08 08:00:00+00:00,india_midday
2026-04-08,2026-04-08 13:45:00,8089.595,8097.684595,8081.505405,8089.595,915,83.0,CRUDEOILM-SYNTH,INR,MCX,MCX Crude Oil Mini Futures,MCX,synthetic,15m,15,synthetic_intraday,SYNTHETIC_INTRADAY,2026-04-08 08:15:00+00:00,india_midday
2026-04-08,2026-04-08 14:00:00,8089.595,8097.684595,8081.505405,8089.595,965,83.0,CRUDEOILM-SYNTH,INR,MCX,MCX Crude Oil Mini Futures,MCX,synthetic,15m,15,synthetic_intraday,SYNTHETIC_INTRADAY,2026-04-08 08:30:00+00:00,india_midday
2026-04-08,2026-04-08 14:15:00,8089.595,8097.684595,8081.505405,8089.595,244,83.0,CRUDEOILM-SYNTH,INR,MCX,MCX Crude Oil Mini Futures,MCX,synthetic,15m,15,synthetic_intraday,SYNTHETIC_INTRADAY,2026-04-08 08:45:00+00:00,india_midday
2026-04-08,2026-04-08 14:30:00,8063.254608630422,8071.317863239052,8055.191354021791,8063.254608630422,951,83.0,CRUDEOILM-SYNTH,INR,MCX,MCX Crude Oil Mini Futures,MCX,synthetic,15m,15,synthetic_intraday,SYNTHETIC_INTRADAY,2026-04-08 09:00:00+00:00,india_midday
2026-04-08,2026-04-08 14:45:00,8013.668469173203,8021.682137642376,8005.65480070403,8013.668469173203,678,83.0,CRUDEOILM-SYNTH,INR,MCX,MCX Crude Oil Mini Futures,MCX,synthetic,15m,15,synthetic_intraday,SYNTHETIC_INTRADAY,2026-04-08 09:15:00+00:00,india_midday
2026-04-09,2026-04-09 09:00:00,8051.016876091199,8059.0678929672895,8042.965859215108,8051.016876091199,585,83.0,CRUDEOILM-SYNTH,INR,MCX,MCX Crude Oil Mini Futures,MCX,synthetic,15m,15,synthetic_intraday,SYNTHETIC_INTRADAY,2026-04-09 03:30:00+00:00,mcx_open_drive
2026-04-09,2026-04-09 09:15:00,8051.016876091199,8059.0678929672895,8042.965859215108,8051.016876091199,376,83.0,CRUDEOILM-SYNTH,INR,MCX,MCX Crude Oil Mini Futures,MCX,synthetic,15m,15,synthetic_intraday,SYNTHETIC_INTRADAY,2026-04-09 03:45:00+00:00,mcx_open_drive
2026-04-09,2026-04-09 09:30:00,8051.016876091199,8059.0678929672895,8042.965859215108,8051.016876091199,321,83.0,CRUDEOILM-SYNTH,INR,MCX,MCX Crude Oil Mini Futures,MCX,synthetic,15m,15,synthetic_intraday,SYNTHETIC_INTRADAY,2026-04-09 04:00:00+00:00,mcx_open_drive
2026-04-09,2026-04-09 09:45:00,8051.016876091199,8059.0678929672895,8042.965859215108,8051.016876091199,233,83.0,CRUDEOILM-SYNTH,INR,MCX,MCX Crude Oil Mini Futures,MCX,synthetic,15m,15,synthetic_intraday,SYNTHETIC_INTRADAY,2026-04-09 04:15:00+00:00,mcx_open_drive
2026-04-09,2026-04-09 10:00:00,8051.016876091199,8059.0678929672895,8042.965859215108,8051.016876091199,275,83.0,CRUDEOILM-SYNTH,INR,MCX,MCX Crude Oil Mini Futures,MCX,synthetic,15m,15,synthetic_intraday,SYNTHETIC_INTRADAY,2026-04-09 04:30:00+00:00,mcx_open_drive
2026-04-09,2026-04-09 10:15:00,8051.016876091199,8059.0678929672895,8042.965859215108,8051.016876091199,717,83.0,CRUDEOILM-SYNTH,INR,MCX,MCX Crude Oil Mini Futures,MCX,synthetic,15m,15,synthetic_intraday,SYNTHETIC_INTRADAY,2026-04-09 04:45:00+00:00,mcx_open_drive
2026-04-09,2026-04-09 10:30:00,8051.016876091199,8059.0678929672895,8042.965859215108,8051.016876091199,622,83.0,CRUDEOILM-SYNTH,INR,MCX,MCX Crude Oil Mini Futures,MCX,synthetic,15m,15,synthetic_intraday,SYNTHETIC_INTRADAY,2026-04-09 05:00:00+00:00,india_morning
2026-04-09,2026-04-09 10:45:00,8051.016876091199,8059.0678929672895,8042.965859215108,8051.016876091199,181,83.0,CRUDEOILM-SYNTH,INR,MCX,MCX Crude Oil Mini Futures,MCX,synthetic,15m,15,synthetic_intraday,SYNTHETIC_INTRADAY,2026-04-09 05:15:00+00:00,india_morning
2026-04-09,2026-04-09 11:00:00,8052.790074811455,8060.8428648862655,8044.737284736644,8052.790074811455,370,83.0,CRUDEOILM-SYNTH,INR,MCX,MCX Crude Oil Mini Futures,MCX,synthetic,15m,15,synthetic_intraday,SYNTHETIC_INTRADAY,2026-04-09 05:30:00+00:00,india_morning
2026-04-09,2026-04-09 11:15:00,8057.004973552296,8065.061978525848,8048.947968578744,8057.004973552296,878,83.0,CRUDEOILM-SYNTH,INR,MCX,MCX Crude Oil Mini Futures,MCX,synthetic,15m,15,synthetic_intraday,SYNTHETIC_INTRADAY,2026-04-09 05:45:00+00:00,india_morning
2026-04-09,2026-04-09 11:30:00,8059.733419892871,8067.793153312763,8051.673686472978,8059.733419892871,228,83.0,CRUDEOILM-SYNTH,INR,MCX,MCX Crude Oil Mini Futures,MCX,synthetic,15m,15,synthetic_intraday,SYNTHETIC_INTRADAY,2026-04-09 06:00:00+00:00,india_morning
2026-04-09,2026-04-09 11:45:00,8065.351322625686,8073.416673948312,8057.285971303061,8065.351322625686,774,83.0,CRUDEOILM-SYNTH,INR,MCX,MCX Crude Oil Mini Futures,MCX,synthetic,15m,15,synthetic_intraday,SYNTHETIC_INTRADAY,2026-04-09 06:15:00+00:00,india_morning
2026-04-09,2026-04-09 12:00:00,8074.299512335181,8082.373811847516,8066.225212822846,8074.299512335181,570,83.0,CRUDEOILM-SYNTH,INR,MCX,MCX Crude Oil Mini Futures,MCX,synthetic,15m,15,synthetic_intraday,SYNTHETIC_INTRADAY,2026-04-09 06:30:00+00:00,india_morning
2026-04-09,2026-04-09 12:15:00,8080.633039268309,8088.713672307576,8072.5524062290415,8080.633039268309,816,83.0,CRUDEOILM-SYNTH,INR,MCX,MCX Crude Oil Mini Futures,MCX,synthetic,15m,15,synthetic_intraday,SYNTHETIC_INTRADAY,2026-04-09 06:45:00+00:00,india_morning
2026-04-09,2026-04-09 12:30:00,8078.060457681223,8086.138518138903,8069.982397223542,8078.060457681223,764,83.0,CRUDEOILM-SYNTH,INR,MCX,MCX Crude Oil Mini Futures,MCX,synthetic,15m,15,synthetic_intraday,SYNTHETIC_INTRADAY,2026-04-09 07:00:00+00:00,india_midday
2026-04-09,2026-04-09 12:45:00,8083.19795475667,8091.281152711425,8075.114756801913,8083.19795475667,951,83.0,CRUDEOILM-SYNTH,INR,MCX,MCX Crude Oil Mini Futures,MCX,synthetic,15m,15,synthetic_intraday,SYNTHETIC_INTRADAY,2026-04-09 07:15:00+00:00,india_midday
2026-04-09,2026-04-09 13:00:00,8094.639470657954,8102.734110128611,8086.544831187296,8094.639470657954,956,83.0,CRUDEOILM-SYNTH,INR,MCX,MCX Crude Oil Mini Futures,MCX,synthetic,15m,15,synthetic_intraday,SYNTHETIC_INTRADAY,2026-04-09 07:30:00+00:00,india_midday
2026-04-09,2026-04-09 13:15:00,8097.9529786260855,8106.050931604711,8089.855025647459,8097.9529786260855,927,83.0,CRUDEOILM-SYNTH,INR,MCX,MCX Crude Oil Mini Futures,MCX,synthetic,15m,15,synthetic_intraday,SYNTHETIC_INTRADAY,2026-04-09 07:45:00+00:00,india_midday
2026-04-09,2026-04-09 13:30:00,8110.038311180938,8118.148349492118,8101.928272869757,8110.038311180938,869,83.0,CRUDEOILM-SYNTH,INR,MCX,MCX Crude Oil Mini Futures,MCX,synthetic,15m,15,synthetic_intraday,SYNTHETIC_INTRADAY,2026-04-09 08:00:00+00:00,india_midday
2026-04-09,2026-04-09 13:45:00,8116.418894792214,8124.535313687005,8108.302475897422,8116.418894792214,623,83.0,CRUDEOILM-SYNTH,INR,MCX,MCX Crude Oil Mini Futures,MCX,synthetic,15m,15,synthetic_intraday,SYNTHETIC_INTRADAY,2026-04-09 08:15:00+00:00,india_midday
2026-04-09,2026-04-09 14:00:00,8113.360160141541,8121.473520301682,8105.2467999814,8113.360160141541,649,83.0,CRUDEOILM-SYNTH,INR,MCX,MCX Crude Oil Mini Futures,MCX,synthetic,15m,15,synthetic_intraday,SYNTHETIC_INTRADAY,2026-04-09 08:30:00+00:00,india_midday
2026-04-09,2026-04-09 14:15:00,8124.074270565724,8132.198344836289,8115.950196295158,8124.074270565724,563,83.0,CRUDEOILM-SYNTH,INR,MCX,MCX Crude Oil Mini Futures,MCX,synthetic,15m,15,synthetic_intraday,SYNTHETIC_INTRADAY,2026-04-09 08:45:00+00:00,india_midday
2026-04-09,2026-04-09 14:30:00,8127.723377533717,8135.85110091125,8119.595654156184,8127.723377533717,459,83.0,CRUDEOILM-SYNTH,INR,MCX,MCX Crude Oil Mini Futures,MCX,synthetic,15m,15,synthetic_intraday,SYNTHETIC_INTRADAY,2026-04-09 09:00:00+00:00,india_midday
2026-04-09,2026-04-09 14:45:00,8136.18459116287,8144.320775754032,8128.048406571706,8136.18459116287,258,83.0,CRUDEOILM-SYNTH,INR,MCX,MCX Crude Oil Mini Futures,MCX,synthetic,15m,15,synthetic_intraday,SYNTHETIC_INTRADAY,2026-04-09 09:15:00+00:00,india_midday
2026-04-10,2026-04-10 09:00:00,8095.4630740127,8103.558537086712,8087.367610938688,8095.4630740127,687,83.0,CRUDEOILM-SYNTH,INR,MCX,MCX Crude Oil Mini Futures,MCX,synthetic,15m,15,synthetic_intraday,SYNTHETIC_INTRADAY,2026-04-10 03:30:00+00:00,mcx_open_drive
2026-04-10,2026-04-10 09:15:00,8095.4630740127,8103.558537086712,8087.367610938688,8095.4630740127,417,83.0,CRUDEOILM-SYNTH,INR,MCX,MCX Crude Oil Mini Futures,MCX,synthetic,15m,15,synthetic_intraday,SYNTHETIC_INTRADAY,2026-04-10 03:45:00+00:00,mcx_open_drive
2026-04-10,2026-04-10 09:30:00,8095.4630740127,8103.558537086712,8087.367610938688,8095.4630740127,571,83.0,CRUDEOILM-SYNTH,INR,MCX,MCX Crude Oil Mini Futures,MCX,synthetic,15m,15,synthetic_intraday,SYNTHETIC_INTRADAY,2026-04-10 04:00:00+00:00,mcx_open_drive
2026-04-10,2026-04-10 09:45:00,8095.4630740127,8103.558537086712,8087.367610938688,8095.4630740127,792,83.0,CRUDEOILM-SYNTH,INR,MCX,MCX Crude Oil Mini Futures,MCX,synthetic,15m,15,synthetic_intraday,SYNTHETIC_INTRADAY,2026-04-10 04:15:00+00:00,mcx_open_drive
2026-04-10,2026-04-10 10:00:00,8095.4630740127,8103.558537086712,8087.367610938688,8095.4630740127,114,83.0,CRUDEOILM-SYNTH,INR,MCX,MCX Crude Oil Mini Futures,MCX,synthetic,15m,15,synthetic_intraday,SYNTHETIC_INTRADAY,2026-04-10 04:30:00+00:00,mcx_open_drive
2026-04-10,2026-04-10 10:15:00,8095.4630740127,8103.558537086712,8087.367610938688,8095.4630740127,300,83.0,CRUDEOILM-SYNTH,INR,MCX,MCX Crude Oil Mini Futures,MCX,synthetic,15m,15,synthetic_intraday,SYNTHETIC_INTRADAY,2026-04-10 04:45:00+00:00,mcx_open_drive
2026-04-10,2026-04-10 10:30:00,8095.4630740127,8103.558537086712,8087.367610938688,8095.4630740127,221,83.0,CRUDEOILM-SYNTH,INR,MCX,MCX Crude Oil Mini Futures,MCX,synthetic,15m,15,synthetic_intraday,SYNTHETIC_INTRADAY,2026-04-10 05:00:00+00:00,india_morning
2026-04-10,2026-04-10 10:45:00,8094.451348667748,8102.545800016414,8086.35689731908,8094.451348667748,624,83.0,CRUDEOILM-SYNTH,INR,MCX,MCX Crude Oil Mini Futures,MCX,synthetic,15m,15,synthetic_intraday,SYNTHETIC_INTRADAY,2026-04-10 05:15:00+00:00,india_morning
2026-04-10,2026-04-10 11:00:00,8092.004399009214,8100.096403408222,8083.9123946102045,8092.004399009214,325,83.0,CRUDEOILM-SYNTH,INR,MCX,MCX Crude Oil Mini Futures,MCX,synthetic,15m,15,synthetic_intraday,SYNTHETIC_INTRADAY,2026-04-10 05:30:00+00:00,india_morning
2026-04-10,2026-04-10 11:15:00,8090.176596880897,8098.266773477777,8082.086420284016,8090.176596880897,611,83.0,CRUDEOILM-SYNTH,INR,MCX,MCX Crude Oil Mini Futures,MCX,synthetic,15m,15,synthetic_intraday,SYNTHETIC_INTRADAY,2026-04-10 05:45:00+00:00,india_morning
2026-04-10,2026-04-10 11:30:00,8080.866380601468,8088.9472469820685,8072.785514220867,8080.866380601468,510,83.0,CRUDEOILM-SYNTH,INR,MCX,MCX Crude Oil Mini Futures,MCX,synthetic,15m,15,synthetic_intraday,SYNTHETIC_INTRADAY,2026-04-10 06:00:00+00:00,india_morning
2026-04-10,2026-04-10 11:45:00,8073.6213017776145,8081.694923079392,8065.547680475836,8073.6213017776145,229,83.0,CRUDEOILM-SYNTH,INR,MCX,MCX Crude Oil Mini Futures,MCX,synthetic,15m,15,synthetic_intraday,SYNTHETIC_INTRADAY,2026-04-10 06:15:00+00:00,india_morning
2026-04-10,2026-04-10 12:00:00,8074.178177311302,8082.252355488612,8066.10399913399,8074.178177311302,416,83.0,CRUDEOILM-SYNTH,INR,MCX,MCX Crude Oil Mini Futures,MCX,synthetic,15m,15,synthetic_intraday,SYNTHETIC_INTRADAY,2026-04-10 06:30:00+00:00,india_morning
2026-04-10,2026-04-10 12:15:00,8063.764210458438,8071.827974668896,8055.70044624798,8063.764210458438,800,83.0,CRUDEOILM-SYNTH,INR,MCX,MCX Crude Oil Mini Futures,MCX,synthetic,15m,15,synthetic_intraday,SYNTHETIC_INTRADAY,2026-04-10 06:45:00+00:00,india_morning
2026-04-10,2026-04-10 12:30:00,8057.8611158643735,8065.918976980237,8049.803254748509,8057.8611158643735,156,83.0,CRUDEOILM-SYNTH,INR,MCX,MCX Crude Oil Mini Futures,MCX,synthetic,15m,15,synthetic_intraday,SYNTHETIC_INTRADAY,2026-04-10 07:00:00+00:00,india_midday
2026-04-10,2026-04-10 12:45:00,8058.045997917259,8066.104043915176,8049.987951919342,8058.045997917259,965,83.0,CRUDEOILM-SYNTH,INR,MCX,MCX Crude Oil Mini Futures,MCX,synthetic,15m,15,synthetic_intraday,SYNTHETIC_INTRADAY,2026-04-10 07:15:00+00:00,india_midday
2026-04-10,2026-04-10 13:00:00,8056.029544961365,8064.085574506325,8047.973515416404,8056.029544961365,501,83.0,CRUDEOILM-SYNTH,INR,MCX,MCX Crude Oil Mini Futures,MCX,synthetic,15m,15,synthetic_intraday,SYNTHETIC_INTRADAY,2026-04-10 07:30:00+00:00,india_midday
2026-04-10,2026-04-10 13:15:00,8045.090445258504,8053.135535703761,8037.0453548132455,8045.090445258504,888,83.0,CRUDEOILM-SYNTH,INR,MCX,MCX Crude Oil Mini Futures,MCX,synthetic,15m,15,synthetic_intraday,SYNTHETIC_INTRADAY,2026-04-10 07:45:00+00:00,india_midday
2026-04-10,2026-04-10 13:30:00,8043.855219461763,8051.899074681224,8035.811364242301,8043.855219461763,484,83.0,CRUDEOILM-SYNTH,INR,MCX,MCX Crude Oil Mini Futures,MCX,synthetic,15m,15,synthetic_intraday,SYNTHETIC_INTRADAY,2026-04-10 08:00:00+00:00,india_midday
2026-04-10,2026-04-10 13:45:00,8037.897370666644,8045.9352680373095,8029.859473295977,8037.897370666644,802,83.0,CRUDEOILM-SYNTH,INR,MCX,MCX Crude Oil Mini Futures,MCX,synthetic,15m,15,synthetic_intraday,SYNTHETIC_INTRADAY,2026-04-10 08:15:00+00:00,india_midday
2026-04-10,2026-04-10 14:00:00,8034.598333740273,8042.632932074012,8026.563735406533,8034.598333740273,816,83.0,CRUDEOILM-SYNTH,INR,MCX,MCX Crude Oil Mini Futures,MCX,synthetic,15m,15,synthetic_intraday,SYNTHETIC_INTRADAY,2026-04-10 08:30:00+00:00,india_midday
2026-04-10,2026-04-10 14:15:00,8027.621802729333,8035.649424532061,8019.594180926603,8027.621802729333,245,83.0,CRUDEOILM-SYNTH,INR,MCX,MCX Crude Oil Mini Futures,MCX,synthetic,15m,15,synthetic_intraday,SYNTHETIC_INTRADAY,2026-04-10 08:45:00+00:00,india_midday
2026-04-10,2026-04-10 14:30:00,8025.478972743692,8033.504451716435,8017.453493770949,8025.478972743692,175,83.0,CRUDEOILM-SYNTH,INR,MCX,MCX Crude Oil Mini Futures,MCX,synthetic,15m,15,synthetic_intraday,SYNTHETIC_INTRADAY,2026-04-10 09:00:00+00:00,india_midday
2026-04-10,2026-04-10 14:45:00,8015.98875008373,8024.0047388338135,8007.972761333646,8015.98875008373,672,83.0,CRUDEOILM-SYNTH,INR,MCX,MCX Crude Oil Mini Futures,MCX,synthetic,15m,15,synthetic_intraday,SYNTHETIC_INTRADAY,2026-04-10 09:15:00+00:00,india_midday
2026-04-13,2026-04-13 09:00:00,8053.4818758438,8061.535357719643,8045.428393967955,8053.4818758438,551,83.0,CRUDEOILM-SYNTH,INR,MCX,MCX Crude Oil Mini Futures,MCX,synthetic,15m,15,synthetic_intraday,SYNTHETIC_INTRADAY,2026-04-13 03:30:00+00:00,mcx_open_drive
2026-04-13,2026-04-13 09:15:00,8053.4818758438,8061.535357719643,8045.428393967955,8053.4818758438,652,83.0,CRUDEOILM-SYNTH,INR,MCX,MCX Crude Oil Mini Futures,MCX,synthetic,15m,15,synthetic_intraday,SYNTHETIC_INTRADAY,2026-04-13 03:45:00+00:00,mcx_open_drive
2026-04-13,2026-04-13 09:30:00,8053.4818758438,8061.535357719643,8045.428393967955,8053.4818758438,225,83.0,CRUDEOILM-SYNTH,INR,MCX,MCX Crude Oil Mini Futures,MCX,synthetic,15m,15,synthetic_intraday,SYNTHETIC_INTRADAY,2026-04-13 04:00:00+00:00,mcx_open_drive
2026-04-13,2026-04-13 09:45:00,8053.4818758438,8061.535357719643,8045.428393967955,8053.4818758438,467,83.0,CRUDEOILM-SYNTH,INR,MCX,MCX Crude Oil Mini Futures,MCX,synthetic,15m,15,synthetic_intraday,SYNTHETIC_INTRADAY,2026-04-13 04:15:00+00:00,mcx_open_drive
2026-04-13,2026-04-13 10:00:00,8053.4818758438,8061.535357719643,8045.428393967955,8053.4818758438,561,83.0,CRUDEOILM-SYNTH,INR,MCX,MCX Crude Oil Mini Futures,MCX,synthetic,15m,15,synthetic_intraday,SYNTHETIC_INTRADAY,2026-04-13 04:30:00+00:00,mcx_open_drive
2026-04-13,2026-04-13 10:15:00,8053.4818758438,8061.535357719643,8045.428393967955,8053.4818758438,974,83.0,CRUDEOILM-SYNTH,INR,MCX,MCX Crude Oil Mini Futures,MCX,synthetic,15m,15,synthetic_intraday,SYNTHETIC_INTRADAY,2026-04-13 04:45:00+00:00,mcx_open_drive
2026-04-13,2026-04-13 10:30:00,8053.4818758438,8061.535357719643,8045.428393967955,8053.4818758438,499,83.0,CRUDEOILM-SYNTH,INR,MCX,MCX Crude Oil Mini Futures,MCX,synthetic,15m,15,synthetic_intraday,SYNTHETIC_INTRADAY,2026-04-13 05:00:00+00:00,india_morning
2026-04-13,2026-04-13 10:45:00,8053.4818758438,8061.535357719643,8045.428393967955,8053.4818758438,583,83.0,CRUDEOILM-SYNTH,INR,MCX,MCX Crude Oil Mini Futures,MCX,synthetic,15m,15,synthetic_intraday,SYNTHETIC_INTRADAY,2026-04-13 05:15:00+00:00,india_morning
2026-04-13,2026-04-13 11:00:00,8056.412137494959,8064.468549632453,8048.3557253574645,8056.412137494959,571,83.0,CRUDEOILM-SYNTH,INR,MCX,MCX Crude Oil Mini Futures,MCX,synthetic,15m,15,synthetic_intraday,SYNTHETIC_INTRADAY,2026-04-13 05:30:00+00:00,india_morning
2026-04-13,2026-04-13 11:15:00,8067.72013949621,8075.787859635706,8059.652419356714,8067.72013949621,588,83.0,CRUDEOILM-SYNTH,INR,MCX,MCX Crude Oil Mini Futures,MCX,synthetic,15m,15,synthetic_intraday,SYNTHETIC_INTRADAY,2026-04-13 05:45:00+00:00,india_morning
2026-04-13,2026-04-13 11:30:00,8069.674574818998,8077.744249393816,8061.604900244179,8069.674574818998,412,83.0,CRUDEOILM-SYNTH,INR,MCX,MCX Crude Oil Mini Futures,MCX,synthetic,15m,15,synthetic_intraday,SYNTHETIC_INTRADAY,2026-04-13 06:00:00+00:00,india_morning
2026-04-13,2026-04-13 11:45:00,8073.36590337923,8081.439269282609,8065.292537475851,8073.36590337923,962,83.0,CRUDEOILM-SYNTH,INR,MCX,MCX Crude Oil Mini Futures,MCX,synthetic,15m,15,synthetic_intraday,SYNTHETIC_INTRADAY,2026-04-13 06:15:00+00:00,india_morning
2026-04-13,2026-04-13 12:00:00,8080.5293189422155,8088.609848261157,8072.448789623273,8080.5293189422155,754,83.0,CRUDEOILM-SYNTH,INR,MCX,MCX Crude Oil Mini Futures,MCX,synthetic,15m,15,synthetic_intraday,SYNTHETIC_INTRADAY,2026-04-13 06:30:00+00:00,india_morning
2026-04-13,2026-04-13 12:15:00,8083.509968642275,8091.5934786109165,8075.4264586736335,8083.509968642275,577,83.0,CRUDEOILM-SYNTH,INR,MCX,MCX Crude Oil Mini Futures,MCX,synthetic,15m,15,synthetic_intraday,SYNTHETIC_INTRADAY,2026-04-13 06:45:00+00:00,india_morning
2026-04-13,2026-04-13 12:30:00,8086.29570821357,8094.382003921783,8078.209412505356,8086.29570821357,572,83.0,CRUDEOILM-SYNTH,INR,MCX,MCX Crude Oil Mini Futures,MCX,synthetic,15m,15,synthetic_intraday,SYNTHETIC_INTRADAY,2026-04-13 07:00:00+00:00,india_midday
2026-04-13,2026-04-13 12:45:00,8093.512308966221,8101.605821275187,8085.4187966572545,8093.512308966221,288,83.0,CRUDEOILM-SYNTH,INR,MCX,MCX Crude Oil Mini Futures,MCX,synthetic,15m,15,synthetic_intraday,SYNTHETIC_INTRADAY,2026-04-13 07:15:00+00:00,india_midday
2026-04-13,2026-04-13 13:00:00,8100.277683921133,8108.377961605053,8092.1774062372115,8100.277683921133,423,83.0,CRUDEOILM-SYNTH,INR,MCX,MCX Crude Oil Mini Futures,MCX,synthetic,15m,15,synthetic_intraday,SYNTHETIC_INTRADAY,2026-04-13 07:30:00+00:00,india_midday
2026-04-13,2026-04-13 13:15:00,8101.724617865477,8109.826342483341,8093.6228932476115,8101.724617865477,388,83.0,CRUDEOILM-SYNTH,INR,MCX,MCX Crude Oil Mini Futures,MCX,synthetic,15m,15,synthetic_intraday,SYNTHETIC_INTRADAY,2026-04-13 07:45:00+00:00,india_midday
2026-04-13,2026-04-13 13:30:00,8105.312161919883,8113.417474081802,8097.206849757963,8105.312161919883,453,83.0,CRUDEOILM-SYNTH,INR,MCX,MCX Crude Oil Mini Futures,MCX,synthetic,15m,15,synthetic_intraday,SYNTHETIC_INTRADAY,2026-04-13 08:00:00+00:00,india_midday
2026-04-13,2026-04-13 13:45:00,8117.554615114728,8125.672169729842,8109.437060499614,8117.554615114728,673,83.0,CRUDEOILM-SYNTH,INR,MCX,MCX Crude Oil Mini Futures,MCX,synthetic,15m,15,synthetic_intraday,SYNTHETIC_INTRADAY,2026-04-13 08:15:00+00:00,india_midday
2026-04-13,2026-04-13 14:00:00,8118.288955134626,8126.40724408976,8110.1706661794915,8118.288955134626,397,83.0,CRUDEOILM-SYNTH,INR,MCX,MCX Crude Oil Mini Futures,MCX,synthetic,15m,15,synthetic_intraday,SYNTHETIC_INTRADAY,2026-04-13 08:30:00+00:00,india_midday
2026-04-13,2026-04-13 14:15:00,8122.686772644017,8130.80945941666,8114.564085871373,8122.686772644017,709,83.0,CRUDEOILM-SYNTH,INR,MCX,MCX Crude Oil Mini Futures,MCX,synthetic,15m,15,synthetic_intraday,SYNTHETIC_INTRADAY,2026-04-13 08:45:00+00:00,india_midday
2026-04-13,2026-04-13 14:30:00,8129.986103798296,8138.116089902094,8121.856117694498,8129.986103798296,276,83.0,CRUDEOILM-SYNTH,INR,MCX,MCX Crude Oil Mini Futures,MCX,synthetic,15m,15,synthetic_intraday,SYNTHETIC_INTRADAY,2026-04-13 09:00:00+00:00,india_midday
2026-04-13,2026-04-13 14:45:00,8133.017198997946,8141.150216196943,8124.884181798949,8133.017198997946,414,83.0,CRUDEOILM-SYNTH,INR,MCX,MCX Crude Oil Mini Futures,MCX,synthetic,15m,15,synthetic_intraday,SYNTHETIC_INTRADAY,2026-04-13 09:15:00+00:00,india_midday
2026-04-14,2026-04-14 09:00:00,7718.228074012701,7725.946302086712,7710.509845938688,7718.228074012701,239,83.0,CRUDEOILM-SYNTH,INR,MCX,MCX Crude Oil Mini Futures,MCX,synthetic,15m,15,synthetic_intraday,SYNTHETIC_INTRADAY,2026-04-14 03:30:00+00:00,mcx_open_drive
2026-04-14,2026-04-14 09:15:00,7718.228074012701,7725.946302086712,7710.509845938688,7718.228074012701,427,83.0,CRUDEOILM-SYNTH,INR,MCX,MCX Crude Oil Mini Futures,MCX,synthetic,15m,15,synthetic_intraday,SYNTHETIC_INTRADAY,2026-04-14 03:45:00+00:00,mcx_open_drive
2026-04-14,2026-04-14 09:30:00,7718.228074012701,7725.946302086712,7710.509845938688,7718.228074012701,571,83.0,CRUDEOILM-SYNTH,INR,MCX,MCX Crude Oil Mini Futures,MCX,synthetic,15m,15,synthetic_intraday,SYNTHETIC_INTRADAY,2026-04-14 04:00:00+00:00,mcx_open_drive
2026-04-14,2026-04-14 09:45:00,7718.228074012701,7725.946302086712,7710.509845938688,7718.228074012701,340,83.0,CRUDEOILM-SYNTH,INR,MCX,MCX Crude Oil Mini Futures,MCX,synthetic,15m,15,synthetic_intraday,SYNTHETIC_INTRADAY,2026-04-14 04:15:00+00:00,mcx_open_drive
2026-04-14,2026-04-14 10:00:00,7718.228074012701,7725.946302086712,7710.509845938688,7718.228074012701,738,83.0,CRUDEOILM-SYNTH,INR,MCX,MCX Crude Oil Mini Futures,MCX,synthetic,15m,15,synthetic_intraday,SYNTHETIC_INTRADAY,2026-04-14 04:30:00+00:00,mcx_open_drive
2026-04-14,2026-04-14 10:15:00,7718.228074012701,7725.946302086712,7710.509845938688,7718.228074012701,179,83.0,CRUDEOILM-SYNTH,INR,MCX,MCX Crude Oil Mini Futures,MCX,synthetic,15m,15,synthetic_intraday,SYNTHETIC_INTRADAY,2026-04-14 04:45:00+00:00,mcx_open_drive
2026-04-14,2026-04-14 10:30:00,7718.228074012701,7725.946302086712,7710.509845938688,7718.228074012701,708,83.0,CRUDEOILM-SYNTH,INR,MCX,MCX Crude Oil Mini Futures,MCX,synthetic,15m,15,synthetic_intraday,SYNTHETIC_INTRADAY,2026-04-14 05:00:00+00:00,india_morning
2026-04-14,2026-04-14 10:45:00,7718.228074012701,7725.946302086712,7710.509845938688,7718.228074012701,628,83.0,CRUDEOILM-SYNTH,INR,MCX,MCX Crude Oil Mini Futures,MCX,synthetic,15m,15,synthetic_intraday,SYNTHETIC_INTRADAY,2026-04-14 05:15:00+00:00,india_morning
2026-04-14,2026-04-14 11:00:00,7718.228074012701,7725.946302086712,7710.509845938688,7718.228074012701,847,83.0,CRUDEOILM-SYNTH,INR,MCX,MCX Crude Oil Mini Futures,MCX,synthetic,15m,15,synthetic_intraday,SYNTHETIC_INTRADAY,2026-04-14 05:30:00+00:00,india_morning
2026-04-14,2026-04-14 11:15:00,7718.228074012701,7725.946302086712,7710.509845938688,7718.228074012701,728,83.0,CRUDEOILM-SYNTH,INR,MCX,MCX Crude Oil Mini Futures,MCX,synthetic,15m,15,synthetic_intraday,SYNTHETIC_INTRADAY,2026-04-14 05:45:00+00:00,india_morning
2026-04-14,2026-04-14 11:30:00,7718.228074012701,7725.946302086712,7710.509845938688,7718.228074012701,688,83.0,CRUDEOILM-SYNTH,INR,MCX,MCX Crude Oil Mini Futures,MCX,synthetic,15m,15,synthetic_intraday,SYNTHETIC_INTRADAY,2026-04-14 06:00:00+00:00,india_morning
2026-04-14,2026-04-14 11:45:00,7718.228074012701,7725.946302086712,7710.509845938688,7718.228074012701,450,83.0,CRUDEOILM-SYNTH,INR,MCX,MCX Crude Oil Mini Futures,MCX,synthetic,15m,15,synthetic_intraday,SYNTHETIC_INTRADAY,2026-04-14 06:15:00+00:00,india_morning
2026-04-14,2026-04-14 12:00:00,7718.228074012701,7725.946302086712,7710.509845938688,7718.228074012701,304,83.0,CRUDEOILM-SYNTH,INR,MCX,MCX Crude Oil Mini Futures,MCX,synthetic,15m,15,synthetic_intraday,SYNTHETIC_INTRADAY,2026-04-14 06:30:00+00:00,india_morning
2026-04-14,2026-04-14 12:15:00,7718.228074012701,7725.946302086712,7710.509845938688,7718.228074012701,921,83.0,CRUDEOILM-SYNTH,INR,MCX,MCX Crude Oil Mini Futures,MCX,synthetic,15m,15,synthetic_intraday,SYNTHETIC_INTRADAY,2026-04-14 06:45:00+00:00,india_morning
2026-04-14,2026-04-14 12:30:00,7718.228074012701,7725.946302086712,7710.509845938688,7718.228074012701,445,83.0,CRUDEOILM-SYNTH,INR,MCX,MCX Crude Oil Mini Futures,MCX,synthetic,15m,15,synthetic_intraday,SYNTHETIC_INTRADAY,2026-04-14 07:00:00+00:00,india_midday
2026-04-14,2026-04-14 12:45:00,7718.228074012701,7725.946302086712,7710.509845938688,7718.228074012701,583,83.0,CRUDEOILM-SYNTH,INR,MCX,MCX Crude Oil Mini Futures,MCX,synthetic,15m,15,synthetic_intraday,SYNTHETIC_INTRADAY,2026-04-14 07:15:00+00:00,india_midday
2026-04-14,2026-04-14 13:00:00,7718.228074012701,7725.946302086712,7710.509845938688,7718.228074012701,690,83.0,CRUDEOILM-SYNTH,INR,MCX,MCX Crude Oil Mini Futures,MCX,synthetic,15m,15,synthetic_intraday,SYNTHETIC_INTRADAY,2026-04-14 07:30:00+00:00,india_midday
2026-04-14,2026-04-14 13:15:00,7718.228074012701,7725.946302086712,7710.509845938688,7718.228074012701,561,83.0,CRUDEOILM-SYNTH,INR,MCX,MCX Crude Oil Mini Futures,MCX,synthetic,15m,15,synthetic_intraday,SYNTHETIC_INTRADAY,2026-04-14 07:45:00+00:00,india_midday
2026-04-14,2026-04-14 13:30:00,7718.228074012701,7725.946302086712,7710.509845938688,7718.228074012701,929,83.0,CRUDEOILM-SYNTH,INR,MCX,MCX Crude Oil Mini Futures,MCX,synthetic,15m,15,synthetic_intraday,SYNTHETIC_INTRADAY,2026-04-14 08:00:00+00:00,india_midday
2026-04-14,2026-04-14 13:45:00,7718.228074012701,7725.946302086712,7710.509845938688,7718.228074012701,892,83.0,CRUDEOILM-SYNTH,INR,MCX,MCX Crude Oil Mini Futures,MCX,synthetic,15m,15,synthetic_intraday,SYNTHETIC_INTRADAY,2026-04-14 08:15:00+00:00,india_midday
2026-04-14,2026-04-14 14:00:00,7707.179307626781,7714.886486934407,7699.472128319155,7707.179307626781,715,83.0,CRUDEOILM-SYNTH,INR,MCX,MCX Crude Oil Mini Futures,MCX,synthetic,15m,15,synthetic_intraday,SYNTHETIC_INTRADAY,2026-04-14 08:30:00+00:00,india_midday
2026-04-14,2026-04-14 14:15:00,7680.649887000512,7688.330536887512,7672.969237113512,7680.649887000512,975,83.0,CRUDEOILM-SYNTH,INR,MCX,MCX Crude Oil Mini Futures,MCX,synthetic,15m,15,synthetic_intraday,SYNTHETIC_INTRADAY,2026-04-14 08:45:00+00:00,india_midday
2026-04-14,2026-04-14 14:30:00,7666.097878553517,7673.76397643207,7658.431780674963,7666.097878553517,395,83.0,CRUDEOILM-SYNTH,INR,MCX,MCX Crude Oil Mini Futures,MCX,synthetic,15m,15,synthetic_intraday,SYNTHETIC_INTRADAY,2026-04-14 09:00:00+00:00,india_midday
2026-04-14,2026-04-14 14:45:00,7639.545357657261,7647.184903014917,7631.905812299604,7639.545357657261,612,83.0,CRUDEOILM-SYNTH,INR,MCX,MCX Crude Oil Mini Futures,MCX,synthetic,15m,15,synthetic_intraday,SYNTHETIC_INTRADAY,2026-04-14 09:15:00+00:00,india_midday
2026-04-15,2026-04-15 09:00:00,7634.4223244667255,7642.0567467911915,7626.787902142259,7634.4223244667255,564,83.0,CRUDEOILM-SYNTH,INR,MCX,MCX Crude Oil Mini Futures,MCX,synthetic,15m,15,synthetic_intraday,SYNTHETIC_INTRADAY,2026-04-15 03:30:00+00:00,mcx_open_drive
2026-04-15,2026-04-15 09:15:00,7637.550673816937,7645.188224490753,7629.91312314312,7637.550673816937,469,83.0,CRUDEOILM-SYNTH,INR,MCX,MCX Crude Oil Mini Futures,MCX,synthetic,15m,15,synthetic_intraday,SYNTHETIC_INTRADAY,2026-04-15 03:45:00+00:00,mcx_open_drive
2026-04-15,2026-04-15 09:30:00,7634.843856531749,7642.47870038828,7627.209012675217,7634.843856531749,179,83.0,CRUDEOILM-SYNTH,INR,MCX,MCX Crude Oil Mini Futures,MCX,synthetic,15m,15,synthetic_intraday,SYNTHETIC_INTRADAY,2026-04-15 04:00:00+00:00,mcx_open_drive
2026-04-15,2026-04-15 09:45:00,7634.398718042584,7642.0331167606255,7626.764319324541,7634.398718042584,594,83.0,CRUDEOILM-SYNTH,INR,MCX,MCX Crude Oil Mini Futures,MCX,synthetic,15m,15,synthetic_intraday,SYNTHETIC_INTRADAY,2026-04-15 04:15:00+00:00,mcx_open_drive
2026-04-15,2026-04-15 10:00:00,7624.394009487782,7632.018403497269,7616.769615478293,7624.394009487782,554,83.0,CRUDEOILM-SYNTH,INR,MCX,MCX Crude Oil Mini Futures,MCX,synthetic,15m,15,synthetic_intraday,SYNTHETIC_INTRADAY,2026-04-15 04:30:00+00:00,mcx_open_drive
2026-04-15,2026-04-15 10:15:00,7639.334732485779,7646.974067218263,7631.695397753293,7639.334732485779,466,83.0,CRUDEOILM-SYNTH,INR,MCX,MCX Crude Oil Mini Futures,MCX,synthetic,15m,15,synthetic_intraday,SYNTHETIC_INTRADAY,2026-04-15 04:45:00+00:00,mcx_open_drive
2026-04-15,2026-04-15 10:30:00,7629.659034911188,7637.288693946099,7622.029375876277,7629.659034911188,498,83.0,CRUDEOILM-SYNTH,INR,MCX,MCX Crude Oil Mini Futures,MCX,synthetic,15m,15,synthetic_intraday,SYNTHETIC_INTRADAY,2026-04-15 05:00:00+00:00,india_morning
2026-04-15,2026-04-15 10:45:00,7624.405510533943,7632.0299160444765,7616.7811050234095,7624.405510533943,372,83.0,CRUDEOILM-SYNTH,INR,MCX,MCX Crude Oil Mini Futures,MCX,synthetic,15m,15,synthetic_intraday,SYNTHETIC_INTRADAY,2026-04-15 05:15:00+00:00,india_morning
2026-04-15,2026-04-15 11:00:00,7621.4094217695265,7629.030831191295,7613.788012347757,7621.4094217695265,519,83.0,CRUDEOILM-SYNTH,INR,MCX,MCX Crude Oil Mini Futures,MCX,synthetic,15m,15,synthetic_intraday,SYNTHETIC_INTRADAY,2026-04-15 05:30:00+00:00,india_morning
2026-04-15,2026-04-15 11:15:00,7617.678552276142,7625.296230828418,7610.060873723866,7617.678552276142,972,83.0,CRUDEOILM-SYNTH,INR,MCX,MCX Crude Oil Mini Futures,MCX,synthetic,15m,15,synthetic_intraday,SYNTHETIC_INTRADAY,2026-04-15 05:45:00+00:00,india_morning
2026-04-15,2026-04-15 11:30:00,7619.167227985058,7626.786395213042,7611.5480607570735,7619.167227985058,767,83.0,CRUDEOILM-SYNTH,INR,MCX,MCX Crude Oil Mini Futures,MCX,synthetic,15m,15,synthetic_intraday,SYNTHETIC_INTRADAY,2026-04-15 06:00:00+00:00,india_morning
2026-04-15,2026-04-15 11:45:00,7608.336584638916,7615.944921223554,7600.728248054277,7608.336584638916,931,83.0,CRUDEOILM-SYNTH,INR,MCX,MCX Crude Oil Mini Futures,MCX,synthetic,15m,15,synthetic_intraday,SYNTHETIC_INTRADAY,2026-04-15 06:15:00+00:00,india_morning
2026-04-15,2026-04-15 12:00:00,7616.921849932833,7624.538771782764,7609.3049280829,7616.921849932833,367,83.0,CRUDEOILM-SYNTH,INR,MCX,MCX Crude Oil Mini Futures,MCX,synthetic,15m,15,synthetic_intraday,SYNTHETIC_INTRADAY,2026-04-15 06:30:00+00:00,india_morning
2026-04-15,2026-04-15 12:15:00,7613.774572187081,7621.388346759267,7606.160797614893,7613.774572187081,265,83.0,CRUDEOILM-SYNTH,INR,MCX,MCX Crude Oil Mini Futures,MCX,synthetic,15m,15,synthetic_intraday,SYNTHETIC_INTRADAY,2026-04-15 06:45:00+00:00,india_morning
2026-04-15,2026-04-15 12:30:00,7605.448459795578,7613.053908255372,7597.843011335783,7605.448459795578,559,83.0,CRUDEOILM-SYNTH,INR,MCX,MCX Crude Oil Mini Futures,MCX,synthetic,15m,15,synthetic_intraday,SYNTHETIC_INTRADAY,2026-04-15 07:00:00+00:00,india_midday
2026-04-15,2026-04-15 12:45:00,7603.389406522385,7610.992795928906,7595.786017115863,7603.389406522385,377,83.0,CRUDEOILM-SYNTH,INR,MCX,MCX Crude Oil Mini Futures,MCX,synthetic,15m,15,synthetic_intraday,SYNTHETIC_INTRADAY,2026-04-15 07:15:00+00:00,india_midday
2026-04-15,2026-04-15 13:00:00,7600.636639098114,7608.237275737211,7593.036002459015,7600.636639098114,651,83.0,CRUDEOILM-SYNTH,INR,MCX,MCX Crude Oil Mini Futures,MCX,synthetic,15m,15,synthetic_intraday,SYNTHETIC_INTRADAY,2026-04-15 07:30:00+00:00,india_midday
2026-04-15,2026-04-15 13:15:00,7598.651953569263,7606.250605522831,7591.053301615694,7598.651953569263,159,83.0,CRUDEOILM-SYNTH,INR,MCX,MCX Crude Oil Mini Futures,MCX,synthetic,15m,15,synthetic_intraday,SYNTHETIC_INTRADAY,2026-04-15 07:45:00+00:00,india_midday
2026-04-15,2026-04-15 13:30:00,7600.770778911891,7608.371549690803,7593.170008132979,7600.770778911891,470,83.0,CRUDEOILM-SYNTH,INR,MCX,MCX Crude Oil Mini Futures,MCX,synthetic,15m,15,synthetic_intraday,SYNTHETIC_INTRADAY,2026-04-15 08:00:00+00:00,india_midday
2026-04-15,2026-04-15 13:45:00,7593.831094134781,7601.424925228915,7586.237263040646,7593.831094134781,609,83.0,CRUDEOILM-SYNTH,INR,MCX,MCX Crude Oil Mini Futures,MCX,synthetic,15m,15,synthetic_intraday,SYNTHETIC_INTRADAY,2026-04-15 08:15:00+00:00,india_midday
2026-04-15,2026-04-15 14:00:00,7592.657392373031,7600.250049765404,7585.064734980658,7592.657392373031,834,83.0,CRUDEOILM-SYNTH,INR,MCX,MCX Crude Oil Mini Futures,MCX,synthetic,15m,15,synthetic_intraday,SYNTHETIC_INTRADAY,2026-04-15 08:30:00+00:00,india_midday
2026-04-15,2026-04-15 14:15:00,7596.068701905902,7603.664770607807,7588.472633203996,7596.068701905902,181,83.0,CRUDEOILM-SYNTH,INR,MCX,MCX Crude Oil Mini Futures,MCX,synthetic,15m,15,synthetic_intraday,SYNTHETIC_INTRADAY,2026-04-15 08:45:00+00:00,india_midday
2026-04-15,2026-04-15 14:30:00,7587.277227067433,7594.8645042945,7579.689949840365,7587.277227067433,841,83.0,CRUDEOILM-SYNTH,INR,MCX,MCX Crude Oil Mini Futures,MCX,synthetic,15m,15,synthetic_intraday,SYNTHETIC_INTRADAY,2026-04-15 09:00:00+00:00,india_midday
2026-04-15,2026-04-15 14:45:00,7585.2497871561045,7592.83503694326,7577.664537368948,7585.2497871561045,238,83.0,CRUDEOILM-SYNTH,INR,MCX,MCX Crude Oil Mini Futures,MCX,synthetic,15m,15,synthetic_intraday,SYNTHETIC_INTRADAY,2026-04-15 09:15:00+00:00,india_midday
2026-04-16,2026-04-16 09:00:00,7515.3596282599,7522.874987888159,7507.84426863164,7515.3596282599,441,83.0,CRUDEOILM-SYNTH,INR,MCX,MCX Crude Oil Mini Futures,MCX,synthetic,15m,15,synthetic_intraday,SYNTHETIC_INTRADAY,2026-04-16 03:30:00+00:00,mcx_open_drive
2026-04-16,2026-04-16 09:15:00,7515.3596282599,7522.874987888159,7507.84426863164,7515.3596282599,997,83.0,CRUDEOILM-SYNTH,INR,MCX,MCX Crude Oil Mini Futures,MCX,synthetic,15m,15,synthetic_intraday,SYNTHETIC_INTRADAY,2026-04-16 03:45:00+00:00,mcx_open_drive
2026-04-16,2026-04-16 09:30:00,7515.3596282599,7522.874987888159,7507.84426863164,7515.3596282599,333,83.0,CRUDEOILM-SYNTH,INR,MCX,MCX Crude Oil Mini Futures,MCX,synthetic,15m,15,synthetic_intraday,SYNTHETIC_INTRADAY,2026-04-16 04:00:00+00:00,mcx_open_drive
2026-04-16,2026-04-16 09:45:00,7515.3596282599,7522.874987888159,7507.84426863164,7515.3596282599,910,83.0,CRUDEOILM-SYNTH,INR,MCX,MCX Crude Oil Mini Futures,MCX,synthetic,15m,15,synthetic_intraday,SYNTHETIC_INTRADAY,2026-04-16 04:15:00+00:00,mcx_open_drive
2026-04-16,2026-04-16 10:00:00,7515.3596282599,7522.874987888159,7507.84426863164,7515.3596282599,964,83.0,CRUDEOILM-SYNTH,INR,MCX,MCX Crude Oil Mini Futures,MCX,synthetic,15m,15,synthetic_intraday,SYNTHETIC_INTRADAY,2026-04-16 04:30:00+00:00,mcx_open_drive
2026-04-16,2026-04-16 10:15:00,7515.3596282599,7522.874987888159,7507.84426863164,7515.3596282599,363,83.0,CRUDEOILM-SYNTH,INR,MCX,MCX Crude Oil Mini Futures,MCX,synthetic,15m,15,synthetic_intraday,SYNTHETIC_INTRADAY,2026-04-16 04:45:00+00:00,mcx_open_drive
2026-04-16,2026-04-16 10:30:00,7515.3596282599,7522.874987888159,7507.84426863164,7515.3596282599,473,83.0,CRUDEOILM-SYNTH,INR,MCX,MCX Crude Oil Mini Futures,MCX,synthetic,15m,15,synthetic_intraday,SYNTHETIC_INTRADAY,2026-04-16 05:00:00+00:00,india_morning
2026-04-16,2026-04-16 10:45:00,7515.3596282599,7522.874987888159,7507.84426863164,7515.3596282599,780,83.0,CRUDEOILM-SYNTH,INR,MCX,MCX Crude Oil Mini Futures,MCX,synthetic,15m,15,synthetic_intraday,SYNTHETIC_INTRADAY,2026-04-16 05:15:00+00:00,india_morning
2026-04-16,2026-04-16 11:00:00,7515.3596282599,7522.874987888159,7507.84426863164,7515.3596282599,694,83.0,CRUDEOILM-SYNTH,INR,MCX,MCX Crude Oil Mini Futures,MCX,synthetic,15m,15,synthetic_intraday,SYNTHETIC_INTRADAY,2026-04-16 05:30:00+00:00,india_morning
2026-04-16,2026-04-16 11:15:00,7515.3596282599,7522.874987888159,7507.84426863164,7515.3596282599,286,83.0,CRUDEOILM-SYNTH,INR,MCX,MCX Crude Oil Mini Futures,MCX,synthetic,15m,15,synthetic_intraday,SYNTHETIC_INTRADAY,2026-04-16 05:45:00+00:00,india_morning
2026-04-16,2026-04-16 11:30:00,7515.3596282599,7522.874987888159,7507.84426863164,7515.3596282599,960,83.0,CRUDEOILM-SYNTH,INR,MCX,MCX Crude Oil Mini Futures,MCX,synthetic,15m,15,synthetic_intraday,SYNTHETIC_INTRADAY,2026-04-16 06:00:00+00:00,india_morning
2026-04-16,2026-04-16 11:45:00,7515.3596282599,7522.874987888159,7507.84426863164,7515.3596282599,474,83.0,CRUDEOILM-SYNTH,INR,MCX,MCX Crude Oil Mini Futures,MCX,synthetic,15m,15,synthetic_intraday,SYNTHETIC_INTRADAY,2026-04-16 06:15:00+00:00,india_morning
2026-04-16,2026-04-16 12:00:00,7506.164373120421,7513.670537493541,7498.658208747301,7506.164373120421,544,83.0,CRUDEOILM-SYNTH,INR,MCX,MCX Crude Oil Mini Futures,MCX,synthetic,15m,15,synthetic_intraday,SYNTHETIC_INTRADAY,2026-04-16 06:30:00+00:00,india_morning
2026-04-16,2026-04-16 12:15:00,7502.048080665118,7509.550128745782,7494.546032584452,7502.048080665118,619,83.0,CRUDEOILM-SYNTH,INR,MCX,MCX Crude Oil Mini Futures,MCX,synthetic,15m,15,synthetic_intraday,SYNTHETIC_INTRADAY,2026-04-16 06:45:00+00:00,india_morning
2026-04-16,2026-04-16 12:30:00,7494.908298909609,7502.403207208517,7487.413390610699,7494.908298909609,711,83.0,CRUDEOILM-SYNTH,INR,MCX,MCX Crude Oil Mini Futures,MCX,synthetic,15m,15,synthetic_intraday,SYNTHETIC_INTRADAY,2026-04-16 07:00:00+00:00,india_midday
2026-04-16,2026-04-16 12:45:00,7490.374707147869,7497.865081855016,7482.884332440722,7490.374707147869,313,83.0,CRUDEOILM-SYNTH,INR,MCX,MCX Crude Oil Mini Futures,MCX,synthetic,15m,15,synthetic_intraday,SYNTHETIC_INTRADAY,2026-04-16 07:15:00+00:00,india_midday
2026-04-16,2026-04-16 13:00:00,7478.222788472119,7485.70101126059,7470.744565683646,7478.222788472119,596,83.0,CRUDEOILM-SYNTH,INR,MCX,MCX Crude Oil Mini Futures,MCX,synthetic,15m,15,synthetic_intraday,SYNTHETIC_INTRADAY,2026-04-16 07:30:00+00:00,india_midday
2026-04-16,2026-04-16 13:15:00,7474.55267182815,7482.027224499977,7467.078119156322,7474.55267182815,931,83.0,CRUDEOILM-SYNTH,INR,MCX,MCX Crude Oil Mini Futures,MCX,synthetic,15m,15,synthetic_intraday,SYNTHETIC_INTRADAY,2026-04-16 07:45:00+00:00,india_midday
2026-04-16,2026-04-16 13:30:00,7468.315055070534,7475.783370125604,7460.846740015463,7468.315055070534,444,83.0,CRUDEOILM-SYNTH,INR,MCX,MCX Crude Oil Mini Futures,MCX,synthetic,15m,15,synthetic_intraday,SYNTHETIC_INTRADAY,2026-04-16 08:00:00+00:00,india_midday
2026-04-16,2026-04-16 13:45:00,7465.236734002932,7472.7019707369345,7457.771497268929,7465.236734002932,432,83.0,CRUDEOILM-SYNTH,INR,MCX,MCX Crude Oil Mini Futures,MCX,synthetic,15m,15,synthetic_intraday,SYNTHETIC_INTRADAY,2026-04-16 08:15:00+00:00,india_midday
2026-04-16,2026-04-16 14:00:00,7460.21207404308,7467.672286117122,7452.751861969037,7460.21207404308,937,83.0,CRUDEOILM-SYNTH,INR,MCX,MCX Crude Oil Mini Futures,MCX,synthetic,15m,15,synthetic_intraday,SYNTHETIC_INTRADAY,2026-04-16 08:30:00+00:00,india_midday
2026-04-16,2026-04-16 14:15:00,7451.928573914441,7459.380502488354,7444.476645340526,7451.928573914441,709,83.0,CRUDEOILM-SYNTH,INR,MCX,MCX Crude Oil Mini Futures,MCX,synthetic,15m,15,synthetic_intraday,SYNTHETIC_INTRADAY,2026-04-16 08:45:00+00:00,india_midday
2026-04-16,2026-04-16 14:30:00,7445.4530567024785,7452.89850975918,7438.007603645776,7445.4530567024785,827,83.0,CRUDEOILM-SYNTH,INR,MCX,MCX Crude Oil Mini Futures,MCX,synthetic,15m,15,synthetic_intraday,SYNTHETIC_INTRADAY,2026-04-16 09:00:00+00:00,india_midday
2026-04-16,2026-04-16 14:45:00,7438.4348481935185,7445.873283041711,7430.996413345325,7438.4348481935185,110,83.0,CRUDEOILM-SYNTH,INR,MCX,MCX Crude Oil Mini Futures,MCX,synthetic,15m,15,synthetic_intraday,SYNTHETIC_INTRADAY,2026-04-16 09:15:00+00:00,india_midday
2026-04-17,2026-04-17 09:00:00,6923.5193931822,6930.442912575381,6916.595873789018,6923.5193931822,588,83.0,CRUDEOILM-SYNTH,INR,MCX,MCX Crude Oil Mini Futures,MCX,synthetic,15m,15,synthetic_intraday,SYNTHETIC_INTRADAY,2026-04-17 03:30:00+00:00,mcx_open_drive
2026-04-17,2026-04-17 09:15:00,6923.5193931822,6930.442912575381,6916.595873789018,6923.5193931822,818,83.0,CRUDEOILM-SYNTH,INR,MCX,MCX Crude Oil Mini Futures,MCX,synthetic,15m,15,synthetic_intraday,SYNTHETIC_INTRADAY,2026-04-17 03:45:00+00:00,mcx_open_drive
2026-04-17,2026-04-17 09:30:00,6923.5193931822,6930.442912575381,6916.595873789018,6923.5193931822,221,83.0,CRUDEOILM-SYNTH,INR,MCX,MCX Crude Oil Mini Futures,MCX,synthetic,15m,15,synthetic_intraday,SYNTHETIC_INTRADAY,2026-04-17 04:00:00+00:00,mcx_open_drive
2026-04-17,2026-04-17 09:45:00,6923.5193931822,6930.442912575381,6916.595873789018,6923.5193931822,156,83.0,CRUDEOILM-SYNTH,INR,MCX,MCX Crude Oil Mini Futures,MCX,synthetic,15m,15,synthetic_intraday,SYNTHETIC_INTRADAY,2026-04-17 04:15:00+00:00,mcx_open_drive
2026-04-17,2026-04-17 10:00:00,6923.5193931822,6930.442912575381,6916.595873789018,6923.5193931822,833,83.0,CRUDEOILM-SYNTH,INR,MCX,MCX Crude Oil Mini Futures,MCX,synthetic,15m,15,synthetic_intraday,SYNTHETIC_INTRADAY,2026-04-17 04:30:00+00:00,mcx_open_drive
2026-04-17,2026-04-17 10:15:00,6923.5193931822,6930.442912575381,6916.595873789018,6923.5193931822,248,83.0,CRUDEOILM-SYNTH,INR,MCX,MCX Crude Oil Mini Futures,MCX,synthetic,15m,15,synthetic_intraday,SYNTHETIC_INTRADAY,2026-04-17 04:45:00+00:00,mcx_open_drive
2026-04-17,2026-04-17 10:30:00,6923.5193931822,6930.442912575381,6916.595873789018,6923.5193931822,756,83.0,CRUDEOILM-SYNTH,INR,MCX,MCX Crude Oil Mini Futures,MCX,synthetic,15m,15,synthetic_intraday,SYNTHETIC_INTRADAY,2026-04-17 05:00:00+00:00,india_morning
2026-04-17,2026-04-17 10:45:00,6923.5193931822,6930.442912575381,6916.595873789018,6923.5193931822,698,83.0,CRUDEOILM-SYNTH,INR,MCX,MCX Crude Oil Mini Futures,MCX,synthetic,15m,15,synthetic_intraday,SYNTHETIC_INTRADAY,2026-04-17 05:15:00+00:00,india_morning
2026-04-17,2026-04-17 11:00:00,6923.5193931822,6930.442912575381,6916.595873789018,6923.5193931822,494,83.0,CRUDEOILM-SYNTH,INR,MCX,MCX Crude Oil Mini Futures,MCX,synthetic,15m,15,synthetic_intraday,SYNTHETIC_INTRADAY,2026-04-17 05:30:00+00:00,india_morning
2026-04-17,2026-04-17 11:15:00,6923.5193931822,6930.442912575381,6916.595873789018,6923.5193931822,671,83.0,CRUDEOILM-SYNTH,INR,MCX,MCX Crude Oil Mini Futures,MCX,synthetic,15m,15,synthetic_intraday,SYNTHETIC_INTRADAY,2026-04-17 05:45:00+00:00,india_morning
2026-04-17,2026-04-17 11:30:00,6923.5193931822,6930.442912575381,6916.595873789018,6923.5193931822,767,83.0,CRUDEOILM-SYNTH,INR,MCX,MCX Crude Oil Mini Futures,MCX,synthetic,15m,15,synthetic_intraday,SYNTHETIC_INTRADAY,2026-04-17 06:00:00+00:00,india_morning
2026-04-17,2026-04-17 11:45:00,6923.5193931822,6930.442912575381,6916.595873789018,6923.5193931822,299,83.0,CRUDEOILM-SYNTH,INR,MCX,MCX Crude Oil Mini Futures,MCX,synthetic,15m,15,synthetic_intraday,SYNTHETIC_INTRADAY,2026-04-17 06:15:00+00:00,india_morning
2026-04-17,2026-04-17 12:00:00,6923.5193931822,6930.442912575381,6916.595873789018,6923.5193931822,145,83.0,CRUDEOILM-SYNTH,INR,MCX,MCX Crude Oil Mini Futures,MCX,synthetic,15m,15,synthetic_intraday,SYNTHETIC_INTRADAY,2026-04-17 06:30:00+00:00,india_morning
2026-04-17,2026-04-17 12:15:00,6923.5193931822,6930.442912575381,6916.595873789018,6923.5193931822,411,83.0,CRUDEOILM-SYNTH,INR,MCX,MCX Crude Oil Mini Futures,MCX,synthetic,15m,15,synthetic_intraday,SYNTHETIC_INTRADAY,2026-04-17 06:45:00+00:00,india_morning
2026-04-17,2026-04-17 12:30:00,6923.5193931822,6930.442912575381,6916.595873789018,6923.5193931822,878,83.0,CRUDEOILM-SYNTH,INR,MCX,MCX Crude Oil Mini Futures,MCX,synthetic,15m,15,synthetic_intraday,SYNTHETIC_INTRADAY,2026-04-17 07:00:00+00:00,india_midday
2026-04-17,2026-04-17 12:45:00,6923.5193931822,6930.442912575381,6916.595873789018,6923.5193931822,223,83.0,CRUDEOILM-SYNTH,INR,MCX,MCX Crude Oil Mini Futures,MCX,synthetic,15m,15,synthetic_intraday,SYNTHETIC_INTRADAY,2026-04-17 07:15:00+00:00,india_midday
2026-04-17,2026-04-17 13:00:00,6923.5193931822,6930.442912575381,6916.595873789018,6923.5193931822,861,83.0,CRUDEOILM-SYNTH,INR,MCX,MCX Crude Oil Mini Futures,MCX,synthetic,15m,15,synthetic_intraday,SYNTHETIC_INTRADAY,2026-04-17 07:30:00+00:00,india_midday
2026-04-17,2026-04-17 13:15:00,6923.5193931822,6930.442912575381,6916.595873789018,6923.5193931822,161,83.0,CRUDEOILM-SYNTH,INR,MCX,MCX Crude Oil Mini Futures,MCX,synthetic,15m,15,synthetic_intraday,SYNTHETIC_INTRADAY,2026-04-17 07:45:00+00:00,india_midday
2026-04-17,2026-04-17 13:30:00,6923.5193931822,6930.442912575381,6916.595873789018,6923.5193931822,912,83.0,CRUDEOILM-SYNTH,INR,MCX,MCX Crude Oil Mini Futures,MCX,synthetic,15m,15,synthetic_intraday,SYNTHETIC_INTRADAY,2026-04-17 08:00:00+00:00,india_midday
2026-04-17,2026-04-17 13:45:00,6923.5193931822,6930.442912575381,6916.595873789018,6923.5193931822,333,83.0,CRUDEOILM-SYNTH,INR,MCX,MCX Crude Oil Mini Futures,MCX,synthetic,15m,15,synthetic_intraday,SYNTHETIC_INTRADAY,2026-04-17 08:15:00+00:00,india_midday
2026-04-17,2026-04-17 14:00:00,6923.5193931822,6930.442912575381,6916.595873789018,6923.5193931822,336,83.0,CRUDEOILM-SYNTH,INR,MCX,MCX Crude Oil Mini Futures,MCX,synthetic,15m,15,synthetic_intraday,SYNTHETIC_INTRADAY,2026-04-17 08:30:00+00:00,india_midday
2026-04-17,2026-04-17 14:15:00,6904.910113312562,6911.815023425874,6898.00520319925,6904.910113312562,249,83.0,CRUDEOILM-SYNTH,INR,MCX,MCX Crude Oil Mini Futures,MCX,synthetic,15m,15,synthetic_intraday,SYNTHETIC_INTRADAY,2026-04-17 08:45:00+00:00,india_midday
2026-04-17,2026-04-17 14:30:00,6877.59019883367,6884.467789032503,6870.712608634836,6877.59019883367,821,83.0,CRUDEOILM-SYNTH,INR,MCX,MCX Crude Oil Mini Futures,MCX,synthetic,15m,15,synthetic_intraday,SYNTHETIC_INTRADAY,2026-04-17 09:00:00+00:00,india_midday
2026-04-17,2026-04-17 14:45:00,6853.591704457608,6860.445296162065,6846.738112753151,6853.591704457608,778,83.0,CRUDEOILM-SYNTH,INR,MCX,MCX Crude Oil Mini Futures,MCX,synthetic,15m,15,synthetic_intraday,SYNTHETIC_INTRADAY,2026-04-17 09:15:00+00:00,india_midday
2026-04-20,2026-04-20 09:00:00,7057.5812498763,7064.638831126175,7050.523668626423,7057.5812498763,713,83.0,CRUDEOILM-SYNTH,INR,MCX,MCX Crude Oil Mini Futures,MCX,synthetic,15m,15,synthetic_intraday,SYNTHETIC_INTRADAY,2026-04-20 03:30:00+00:00,mcx_open_drive
2026-04-20,2026-04-20 09:15:00,7057.5812498763,7064.638831126175,7050.523668626423,7057.5812498763,571,83.0,CRUDEOILM-SYNTH,INR,MCX,MCX Crude Oil Mini Futures,MCX,synthetic,15m,15,synthetic_intraday,SYNTHETIC_INTRADAY,2026-04-20 03:45:00+00:00,mcx_open_drive
2026-04-20,2026-04-20 09:30:00,7057.5812498763,7064.638831126175,7050.523668626423,7057.5812498763,498,83.0,CRUDEOILM-SYNTH,INR,MCX,MCX Crude Oil Mini Futures,MCX,synthetic,15m,15,synthetic_intraday,SYNTHETIC_INTRADAY,2026-04-20 04:00:00+00:00,mcx_open_drive
2026-04-20,2026-04-20 09:45:00,7057.5812498763,7064.638831126175,7050.523668626423,7057.5812498763,646,83.0,CRUDEOILM-SYNTH,INR,MCX,MCX Crude Oil Mini Futures,MCX,synthetic,15m,15,synthetic_intraday,SYNTHETIC_INTRADAY,2026-04-20 04:15:00+00:00,mcx_open_drive
2026-04-20,2026-04-20 10:00:00,7057.5812498763,7064.638831126175,7050.523668626423,7057.5812498763,915,83.0,CRUDEOILM-SYNTH,INR,MCX,MCX Crude Oil Mini Futures,MCX,synthetic,15m,15,synthetic_intraday,SYNTHETIC_INTRADAY,2026-04-20 04:30:00+00:00,mcx_open_drive
2026-04-20,2026-04-20 10:15:00,7057.5812498763,7064.638831126175,7050.523668626423,7057.5812498763,996,83.0,CRUDEOILM-SYNTH,INR,MCX,MCX Crude Oil Mini Futures,MCX,synthetic,15m,15,synthetic_intraday,SYNTHETIC_INTRADAY,2026-04-20 04:45:00+00:00,mcx_open_drive
2026-04-20,2026-04-20 10:30:00,7057.5812498763,7064.638831126175,7050.523668626423,7057.5812498763,689,83.0,CRUDEOILM-SYNTH,INR,MCX,MCX Crude Oil Mini Futures,MCX,synthetic,15m,15,synthetic_intraday,SYNTHETIC_INTRADAY,2026-04-20 05:00:00+00:00,india_morning
2026-04-20,2026-04-20 10:45:00,7057.5812498763,7064.638831126175,7050.523668626423,7057.5812498763,524,83.0,CRUDEOILM-SYNTH,INR,MCX,MCX Crude Oil Mini Futures,MCX,synthetic,15m,15,synthetic_intraday,SYNTHETIC_INTRADAY,2026-04-20 05:15:00+00:00,india_morning
2026-04-20,2026-04-20 11:00:00,7057.5812498763,7064.638831126175,7050.523668626423,7057.5812498763,737,83.0,CRUDEOILM-SYNTH,INR,MCX,MCX Crude Oil Mini Futures,MCX,synthetic,15m,15,synthetic_intraday,SYNTHETIC_INTRADAY,2026-04-20 05:30:00+00:00,india_morning
2026-04-20,2026-04-20 11:15:00,7057.5812498763,7064.638831126175,7050.523668626423,7057.5812498763,607,83.0,CRUDEOILM-SYNTH,INR,MCX,MCX Crude Oil Mini Futures,MCX,synthetic,15m,15,synthetic_intraday,SYNTHETIC_INTRADAY,2026-04-20 05:45:00+00:00,india_morning
2026-04-20,2026-04-20 11:30:00,7057.5812498763,7064.638831126175,7050.523668626423,7057.5812498763,709,83.0,CRUDEOILM-SYNTH,INR,MCX,MCX Crude Oil Mini Futures,MCX,synthetic,15m,15,synthetic_intraday,SYNTHETIC_INTRADAY,2026-04-20 06:00:00+00:00,india_morning
2026-04-20,2026-04-20 11:45:00,7057.5812498763,7064.638831126175,7050.523668626423,7057.5812498763,219,83.0,CRUDEOILM-SYNTH,INR,MCX,MCX Crude Oil Mini Futures,MCX,synthetic,15m,15,synthetic_intraday,SYNTHETIC_INTRADAY,2026-04-20 06:15:00+00:00,india_morning
2026-04-20,2026-04-20 12:00:00,7057.5812498763,7064.638831126175,7050.523668626423,7057.5812498763,547,83.0,CRUDEOILM-SYNTH,INR,MCX,MCX Crude Oil Mini Futures,MCX,synthetic,15m,15,synthetic_intraday,SYNTHETIC_INTRADAY,2026-04-20 06:30:00+00:00,india_morning
2026-04-20,2026-04-20 12:15:00,7057.5812498763,7064.638831126175,7050.523668626423,7057.5812498763,772,83.0,CRUDEOILM-SYNTH,INR,MCX,MCX Crude Oil Mini Futures,MCX,synthetic,15m,15,synthetic_intraday,SYNTHETIC_INTRADAY,2026-04-20 06:45:00+00:00,india_morning
2026-04-20,2026-04-20 12:30:00,7057.5812498763,7064.638831126175,7050.523668626423,7057.5812498763,435,83.0,CRUDEOILM-SYNTH,INR,MCX,MCX Crude Oil Mini Futures,MCX,synthetic,15m,15,synthetic_intraday,SYNTHETIC_INTRADAY,2026-04-20 07:00:00+00:00,india_midday
2026-04-20,2026-04-20 12:45:00,7057.5812498763,7064.638831126175,7050.523668626423,7057.5812498763,335,83.0,CRUDEOILM-SYNTH,INR,MCX,MCX Crude Oil Mini Futures,MCX,synthetic,15m,15,synthetic_intraday,SYNTHETIC_INTRADAY,2026-04-20 07:15:00+00:00,india_midday
2026-04-20,2026-04-20 13:00:00,7057.5812498763,7064.638831126175,7050.523668626423,7057.5812498763,974,83.0,CRUDEOILM-SYNTH,INR,MCX,MCX Crude Oil Mini Futures,MCX,synthetic,15m,15,synthetic_intraday,SYNTHETIC_INTRADAY,2026-04-20 07:30:00+00:00,india_midday
2026-04-20,2026-04-20 13:15:00,7057.5812498763,7064.638831126175,7050.523668626423,7057.5812498763,770,83.0,CRUDEOILM-SYNTH,INR,MCX,MCX Crude Oil Mini Futures,MCX,synthetic,15m,15,synthetic_intraday,SYNTHETIC_INTRADAY,2026-04-20 07:45:00+00:00,india_midday
2026-04-20,2026-04-20 13:30:00,7069.6332778426995,7076.702911120541,7062.563644564857,7069.6332778426995,439,83.0,CRUDEOILM-SYNTH,INR,MCX,MCX Crude Oil Mini Futures,MCX,synthetic,15m,15,synthetic_intraday,SYNTHETIC_INTRADAY,2026-04-20 08:00:00+00:00,india_midday
2026-04-20,2026-04-20 13:45:00,7086.116123593941,7093.202239717534,7079.030007470346,7086.116123593941,237,83.0,CRUDEOILM-SYNTH,INR,MCX,MCX Crude Oil Mini Futures,MCX,synthetic,15m,15,synthetic_intraday,SYNTHETIC_INTRADAY,2026-04-20 08:15:00+00:00,india_midday
2026-04-20,2026-04-20 14:00:00,7088.024183025996,7095.112207209021,7080.936158842969,7088.024183025996,346,83.0,CRUDEOILM-SYNTH,INR,MCX,MCX Crude Oil Mini Futures,MCX,synthetic,15m,15,synthetic_intraday,SYNTHETIC_INTRADAY,2026-04-20 08:30:00+00:00,india_midday
2026-04-20,2026-04-20 14:15:00,7104.466762366671,7111.5712291290365,7097.362295604305,7104.466762366671,357,83.0,CRUDEOILM-SYNTH,INR,MCX,MCX Crude Oil Mini Futures,MCX,synthetic,15m,15,synthetic_intraday,SYNTHETIC_INTRADAY,2026-04-20 08:45:00+00:00,india_midday
2026-04-20,2026-04-20 14:30:00,7112.857567451901,7119.970425019352,7105.744709884449,7112.857567451901,820,83.0,CRUDEOILM-SYNTH,INR,MCX,MCX Crude Oil Mini Futures,MCX,synthetic,15m,15,synthetic_intraday,SYNTHETIC_INTRADAY,2026-04-20 09:00:00+00:00,india_midday
2026-04-20,2026-04-20 14:45:00,7125.890390068602,7133.01628045867,7118.764499678533,7125.890390068602,653,83.0,CRUDEOILM-SYNTH,INR,MCX,MCX Crude Oil Mini Futures,MCX,synthetic,15m,15,synthetic_intraday,SYNTHETIC_INTRADAY,2026-04-20 09:15:00+00:00,india_midday
2026-04-21,2026-04-21 09:00:00,7413.377500247399,7420.790877747646,7405.964122747152,7413.377500247399,534,83.0,CRUDEOILM-SYNTH,INR,MCX,MCX Crude Oil Mini Futures,MCX,synthetic,15m,15,synthetic_intraday,SYNTHETIC_INTRADAY,2026-04-21 03:30:00+00:00,mcx_open_drive
2026-04-21,2026-04-21 09:15:00,7413.377500247399,7420.790877747646,7405.964122747152,7413.377500247399,622,83.0,CRUDEOILM-SYNTH,INR,MCX,MCX Crude Oil Mini Futures,MCX,synthetic,15m,15,synthetic_intraday,SYNTHETIC_INTRADAY,2026-04-21 03:45:00+00:00,mcx_open_drive
2026-04-21,2026-04-21 09:30:00,7413.377500247399,7420.790877747646,7405.964122747152,7413.377500247399,302,83.0,CRUDEOILM-SYNTH,INR,MCX,MCX Crude Oil Mini Futures,MCX,synthetic,15m,15,synthetic_intraday,SYNTHETIC_INTRADAY,2026-04-21 04:00:00+00:00,mcx_open_drive
2026-04-21,2026-04-21 09:45:00,7413.377500247399,7420.790877747646,7405.964122747152,7413.377500247399,631,83.0,CRUDEOILM-SYNTH,INR,MCX,MCX Crude Oil Mini Futures,MCX,synthetic,15m,15,synthetic_intraday,SYNTHETIC_INTRADAY,2026-04-21 04:15:00+00:00,mcx_open_drive
2026-04-21,2026-04-21 10:00:00,7413.377500247399,7420.790877747646,7405.964122747152,7413.377500247399,525,83.0,CRUDEOILM-SYNTH,INR,MCX,MCX Crude Oil Mini Futures,MCX,synthetic,15m,15,synthetic_intraday,SYNTHETIC_INTRADAY,2026-04-21 04:30:00+00:00,mcx_open_drive
2026-04-21,2026-04-21 10:15:00,7413.377500247399,7420.790877747646,7405.964122747152,7413.377500247399,616,83.0,CRUDEOILM-SYNTH,INR,MCX,MCX Crude Oil Mini Futures,MCX,synthetic,15m,15,synthetic_intraday,SYNTHETIC_INTRADAY,2026-04-21 04:45:00+00:00,mcx_open_drive
2026-04-21,2026-04-21 10:30:00,7413.377500247399,7420.790877747646,7405.964122747152,7413.377500247399,136,83.0,CRUDEOILM-SYNTH,INR,MCX,MCX Crude Oil Mini Futures,MCX,synthetic,15m,15,synthetic_intraday,SYNTHETIC_INTRADAY,2026-04-21 05:00:00+00:00,india_morning
2026-04-21,2026-04-21 10:45:00,7413.377500247399,7420.790877747646,7405.964122747152,7413.377500247399,374,83.0,CRUDEOILM-SYNTH,INR,MCX,MCX Crude Oil Mini Futures,MCX,synthetic,15m,15,synthetic_intraday,SYNTHETIC_INTRADAY,2026-04-21 05:15:00+00:00,india_morning
2026-04-21,2026-04-21 11:00:00,7413.377500247399,7420.790877747646,7405.964122747152,7413.377500247399,377,83.0,CRUDEOILM-SYNTH,INR,MCX,MCX Crude Oil Mini Futures,MCX,synthetic,15m,15,synthetic_intraday,SYNTHETIC_INTRADAY,2026-04-21 05:30:00+00:00,india_morning
2026-04-21,2026-04-21 11:15:00,7413.377500247399,7420.790877747646,7405.964122747152,7413.377500247399,901,83.0,CRUDEOILM-SYNTH,INR,MCX,MCX Crude Oil Mini Futures,MCX,synthetic,15m,15,synthetic_intraday,SYNTHETIC_INTRADAY,2026-04-21 05:45:00+00:00,india_morning
2026-04-21,2026-04-21 11:30:00,7413.377500247399,7420.790877747646,7405.964122747152,7413.377500247399,501,83.0,CRUDEOILM-SYNTH,INR,MCX,MCX Crude Oil Mini Futures,MCX,synthetic,15m,15,synthetic_intraday,SYNTHETIC_INTRADAY,2026-04-21 06:00:00+00:00,india_morning
2026-04-21,2026-04-21 11:45:00,7413.377500247399,7420.790877747646,7405.964122747152,7413.377500247399,486,83.0,CRUDEOILM-SYNTH,INR,MCX,MCX Crude Oil Mini Futures,MCX,synthetic,15m,15,synthetic_intraday,SYNTHETIC_INTRADAY,2026-04-21 06:15:00+00:00,india_morning
2026-04-21,2026-04-21 12:00:00,7413.377500247399,7420.790877747646,7405.964122747152,7413.377500247399,735,83.0,CRUDEOILM-SYNTH,INR,MCX,MCX Crude Oil Mini Futures,MCX,synthetic,15m,15,synthetic_intraday,SYNTHETIC_INTRADAY,2026-04-21 06:30:00+00:00,india_morning
2026-04-21,2026-04-21 12:15:00,7413.377500247399,7420.790877747646,7405.964122747152,7413.377500247399,365,83.0,CRUDEOILM-SYNTH,INR,MCX,MCX Crude Oil Mini Futures,MCX,synthetic,15m,15,synthetic_intraday,SYNTHETIC_INTRADAY,2026-04-21 06:45:00+00:00,india_morning
2026-04-21,2026-04-21 12:30:00,7413.377500247399,7420.790877747646,7405.964122747152,7413.377500247399,113,83.0,CRUDEOILM-SYNTH,INR,MCX,MCX Crude Oil Mini Futures,MCX,synthetic,15m,15,synthetic_intraday,SYNTHETIC_INTRADAY,2026-04-21 07:00:00+00:00,india_midday
2026-04-21,2026-04-21 12:45:00,7413.377500247399,7420.790877747646,7405.964122747152,7413.377500247399,413,83.0,CRUDEOILM-SYNTH,INR,MCX,MCX Crude Oil Mini Futures,MCX,synthetic,15m,15,synthetic_intraday,SYNTHETIC_INTRADAY,2026-04-21 07:15:00+00:00,india_midday
2026-04-21,2026-04-21 13:00:00,7413.377500247399,7420.790877747646,7405.964122747152,7413.377500247399,615,83.0,CRUDEOILM-SYNTH,INR,MCX,MCX Crude Oil Mini Futures,MCX,synthetic,15m,15,synthetic_intraday,SYNTHETIC_INTRADAY,2026-04-21 07:30:00+00:00,india_midday
2026-04-21,2026-04-21 13:15:00,7413.377500247399,7420.790877747646,7405.964122747152,7413.377500247399,643,83.0,CRUDEOILM-SYNTH,INR,MCX,MCX Crude Oil Mini Futures,MCX,synthetic,15m,15,synthetic_intraday,SYNTHETIC_INTRADAY,2026-04-21 07:45:00+00:00,india_midday
2026-04-21,2026-04-21 13:30:00,7413.377500247399,7420.790877747646,7405.964122747152,7413.377500247399,558,83.0,CRUDEOILM-SYNTH,INR,MCX,MCX Crude Oil Mini Futures,MCX,synthetic,15m,15,synthetic_intraday,SYNTHETIC_INTRADAY,2026-04-21 08:00:00+00:00,india_midday
2026-04-21,2026-04-21 13:45:00,7432.280045211698,7439.712325256909,7424.847765166486,7432.280045211698,282,83.0,CRUDEOILM-SYNTH,INR,MCX,MCX Crude Oil Mini Futures,MCX,synthetic,15m,15,synthetic_intraday,SYNTHETIC_INTRADAY,2026-04-21 08:15:00+00:00,india_midday
2026-04-21,2026-04-21 14:00:00,7443.556443528813,7450.999999972341,7436.1128870852845,7443.556443528813,791,83.0,CRUDEOILM-SYNTH,INR,MCX,MCX Crude Oil Mini Futures,MCX,synthetic,15m,15,synthetic_intraday,SYNTHETIC_INTRADAY,2026-04-21 08:30:00+00:00,india_midday
2026-04-21,2026-04-21 14:15:00,7460.398974014692,7467.859372988705,7452.938575040677,7460.398974014692,383,83.0,CRUDEOILM-SYNTH,INR,MCX,MCX Crude Oil Mini Futures,MCX,synthetic,15m,15,synthetic_intraday,SYNTHETIC_INTRADAY,2026-04-21 08:45:00+00:00,india_midday
2026-04-21,2026-04-21 14:30:00,7463.750861226769,7471.214612087995,7456.2871103655425,7463.750861226769,117,83.0,CRUDEOILM-SYNTH,INR,MCX,MCX Crude Oil Mini Futures,MCX,synthetic,15m,15,synthetic_intraday,SYNTHETIC_INTRADAY,2026-04-21 09:00:00+00:00,india_midday
2026-04-21,2026-04-21 14:45:00,7489.344807206352,7496.834152013557,7481.855462399146,7489.344807206352,944,83.0,CRUDEOILM-SYNTH,INR,MCX,MCX Crude Oil Mini Futures,MCX,synthetic,15m,15,synthetic_intraday,SYNTHETIC_INTRADAY,2026-04-21 09:15:00+00:00,india_midday
2026-04-22,2026-04-22 09:00:00,7631.1281259675,7638.759254093467,7623.496997841532,7631.1281259675,918,83.0,CRUDEOILM-SYNTH,INR,MCX,MCX Crude Oil Mini Futures,MCX,synthetic,15m,15,synthetic_intraday,SYNTHETIC_INTRADAY,2026-04-22 03:30:00+00:00,mcx_open_drive
2026-04-22,2026-04-22 09:15:00,7631.1281259675,7638.759254093467,7623.496997841532,7631.1281259675,586,83.0,CRUDEOILM-SYNTH,INR,MCX,MCX Crude Oil Mini Futures,MCX,synthetic,15m,15,synthetic_intraday,SYNTHETIC_INTRADAY,2026-04-22 03:45:00+00:00,mcx_open_drive
2026-04-22,2026-04-22 09:30:00,7631.1281259675,7638.759254093467,7623.496997841532,7631.1281259675,715,83.0,CRUDEOILM-SYNTH,INR,MCX,MCX Crude Oil Mini Futures,MCX,synthetic,15m,15,synthetic_intraday,SYNTHETIC_INTRADAY,2026-04-22 04:00:00+00:00,mcx_open_drive
2026-04-22,2026-04-22 09:45:00,7631.1281259675,7638.759254093467,7623.496997841532,7631.1281259675,200,83.0,CRUDEOILM-SYNTH,INR,MCX,MCX Crude Oil Mini Futures,MCX,synthetic,15m,15,synthetic_intraday,SYNTHETIC_INTRADAY,2026-04-22 04:15:00+00:00,mcx_open_drive
2026-04-22,2026-04-22 10:00:00,7631.1281259675,7638.759254093467,7623.496997841532,7631.1281259675,658,83.0,CRUDEOILM-SYNTH,INR,MCX,MCX Crude Oil Mini Futures,MCX,synthetic,15m,15,synthetic_intraday,SYNTHETIC_INTRADAY,2026-04-22 04:30:00+00:00,mcx_open_drive
2026-04-22,2026-04-22 10:15:00,7631.1281259675,7638.759254093467,7623.496997841532,7631.1281259675,803,83.0,CRUDEOILM-SYNTH,INR,MCX,MCX Crude Oil Mini Futures,MCX,synthetic,15m,15,synthetic_intraday,SYNTHETIC_INTRADAY,2026-04-22 04:45:00+00:00,mcx_open_drive
2026-04-22,2026-04-22 10:30:00,7631.1281259675,7638.759254093467,7623.496997841532,7631.1281259675,310,83.0,CRUDEOILM-SYNTH,INR,MCX,MCX Crude Oil Mini Futures,MCX,synthetic,15m,15,synthetic_intraday,SYNTHETIC_INTRADAY,2026-04-22 05:00:00+00:00,india_morning
2026-04-22,2026-04-22 10:45:00,7631.1281259675,7638.759254093467,7623.496997841532,7631.1281259675,539,83.0,CRUDEOILM-SYNTH,INR,MCX,MCX Crude Oil Mini Futures,MCX,synthetic,15m,15,synthetic_intraday,SYNTHETIC_INTRADAY,2026-04-22 05:15:00+00:00,india_morning
2026-04-22,2026-04-22 11:00:00,7631.1281259675,7638.759254093467,7623.496997841532,7631.1281259675,528,83.0,CRUDEOILM-SYNTH,INR,MCX,MCX Crude Oil Mini Futures,MCX,synthetic,15m,15,synthetic_intraday,SYNTHETIC_INTRADAY,2026-04-22 05:30:00+00:00,india_morning
2026-04-22,2026-04-22 11:15:00,7631.1281259675,7638.759254093467,7623.496997841532,7631.1281259675,780,83.0,CRUDEOILM-SYNTH,INR,MCX,MCX Crude Oil Mini Futures,MCX,synthetic,15m,15,synthetic_intraday,SYNTHETIC_INTRADAY,2026-04-22 05:45:00+00:00,india_morning
2026-04-22,2026-04-22 11:30:00,7631.1281259675,7638.759254093467,7623.496997841532,7631.1281259675,336,83.0,CRUDEOILM-SYNTH,INR,MCX,MCX Crude Oil Mini Futures,MCX,synthetic,15m,15,synthetic_intraday,SYNTHETIC_INTRADAY,2026-04-22 06:00:00+00:00,india_morning
2026-04-22,2026-04-22 11:45:00,7631.1281259675,7638.759254093467,7623.496997841532,7631.1281259675,900,83.0,CRUDEOILM-SYNTH,INR,MCX,MCX Crude Oil Mini Futures,MCX,synthetic,15m,15,synthetic_intraday,SYNTHETIC_INTRADAY,2026-04-22 06:15:00+00:00,india_morning
2026-04-22,2026-04-22 12:00:00,7631.1281259675,7638.759254093467,7623.496997841532,7631.1281259675,290,83.0,CRUDEOILM-SYNTH,INR,MCX,MCX Crude Oil Mini Futures,MCX,synthetic,15m,15,synthetic_intraday,SYNTHETIC_INTRADAY,2026-04-22 06:30:00+00:00,india_morning
2026-04-22,2026-04-22 12:15:00,7631.1281259675,7638.759254093467,7623.496997841532,7631.1281259675,250,83.0,CRUDEOILM-SYNTH,INR,MCX,MCX Crude Oil Mini Futures,MCX,synthetic,15m,15,synthetic_intraday,SYNTHETIC_INTRADAY,2026-04-22 06:45:00+00:00,india_morning
2026-04-22,2026-04-22 12:30:00,7631.1281259675,7638.759254093467,7623.496997841532,7631.1281259675,637,83.0,CRUDEOILM-SYNTH,INR,MCX,MCX Crude Oil Mini Futures,MCX,synthetic,15m,15,synthetic_intraday,SYNTHETIC_INTRADAY,2026-04-22 07:00:00+00:00,india_midday
2026-04-22,2026-04-22 12:45:00,7631.1281259675,7638.759254093467,7623.496997841532,7631.1281259675,459,83.0,CRUDEOILM-SYNTH,INR,MCX,MCX Crude Oil Mini Futures,MCX,synthetic,15m,15,synthetic_intraday,SYNTHETIC_INTRADAY,2026-04-22 07:15:00+00:00,india_midday
2026-04-22,2026-04-22 13:00:00,7638.869914066111,7646.508783980176,7631.231044152045,7638.869914066111,401,83.0,CRUDEOILM-SYNTH,INR,MCX,MCX Crude Oil Mini Futures,MCX,synthetic,15m,15,synthetic_intraday,SYNTHETIC_INTRADAY,2026-04-22 07:30:00+00:00,india_midday
2026-04-22,2026-04-22 13:15:00,7649.310255307703,7656.95956556301,7641.660945052396,7649.310255307703,890,83.0,CRUDEOILM-SYNTH,INR,MCX,MCX Crude Oil Mini Futures,MCX,synthetic,15m,15,synthetic_intraday,SYNTHETIC_INTRADAY,2026-04-22 07:45:00+00:00,india_midday
2026-04-22,2026-04-22 13:30:00,7661.261780107518,7668.923041887624,7653.60051832741,7661.261780107518,478,83.0,CRUDEOILM-SYNTH,INR,MCX,MCX Crude Oil Mini Futures,MCX,synthetic,15m,15,synthetic_intraday,SYNTHETIC_INTRADAY,2026-04-22 08:00:00+00:00,india_midday
2026-04-22,2026-04-22 13:45:00,7667.446946788337,7675.114393735124,7659.779499841549,7667.446946788337,759,83.0,CRUDEOILM-SYNTH,INR,MCX,MCX Crude Oil Mini Futures,MCX,synthetic,15m,15,synthetic_intraday,SYNTHETIC_INTRADAY,2026-04-22 08:15:00+00:00,india_midday
2026-04-22,2026-04-22 14:00:00,7683.197817316156,7690.881015133471,7675.51461949884,7683.197817316156,270,83.0,CRUDEOILM-SYNTH,INR,MCX,MCX Crude Oil Mini Futures,MCX,synthetic,15m,15,synthetic_intraday,SYNTHETIC_INTRADAY,2026-04-22 08:30:00+00:00,india_midday
2026-04-22,2026-04-22 14:15:00,7689.346954557416,7697.036301511973,7681.657607602859,7689.346954557416,201,83.0,CRUDEOILM-SYNTH,INR,MCX,MCX Crude Oil Mini Futures,MCX,synthetic,15m,15,synthetic_intraday,SYNTHETIC_INTRADAY,2026-04-22 08:45:00+00:00,india_midday
2026-04-22,2026-04-22 14:30:00,7700.566938575189,7708.267505513763,7692.866371636614,7700.566938575189,930,83.0,CRUDEOILM-SYNTH,INR,MCX,MCX Crude Oil Mini Futures,MCX,synthetic,15m,15,synthetic_intraday,SYNTHETIC_INTRADAY,2026-04-22 09:00:00+00:00,india_midday
2026-04-22,2026-04-22 14:45:00,7705.842762886004,7713.548605648889,7698.136920123117,7705.842762886004,139,83.0,CRUDEOILM-SYNTH,INR,MCX,MCX Crude Oil Mini Futures,MCX,synthetic,15m,15,synthetic_intraday,SYNTHETIC_INTRADAY,2026-04-22 09:15:00+00:00,india_midday
2026-04-23,2026-04-23 09:00:00,7970.49,7978.460489999999,7962.51951,7970.49,705,83.0,CRUDEOILM-SYNTH,INR,MCX,MCX Crude Oil Mini Futures,MCX,synthetic,15m,15,synthetic_intraday,SYNTHETIC_INTRADAY,2026-04-23 03:30:00+00:00,mcx_open_drive
2026-04-23,2026-04-23 09:15:00,7970.49,7978.460489999999,7962.51951,7970.49,177,83.0,CRUDEOILM-SYNTH,INR,MCX,MCX Crude Oil Mini Futures,MCX,synthetic,15m,15,synthetic_intraday,SYNTHETIC_INTRADAY,2026-04-23 03:45:00+00:00,mcx_open_drive
2026-04-23,2026-04-23 09:30:00,7970.49,7978.460489999999,7962.51951,7970.49,539,83.0,CRUDEOILM-SYNTH,INR,MCX,MCX Crude Oil Mini Futures,MCX,synthetic,15m,15,synthetic_intraday,SYNTHETIC_INTRADAY,2026-04-23 04:00:00+00:00,mcx_open_drive
2026-04-23,2026-04-23 09:45:00,7970.49,7978.460489999999,7962.51951,7970.49,191,83.0,CRUDEOILM-SYNTH,INR,MCX,MCX Crude Oil Mini Futures,MCX,synthetic,15m,15,synthetic_intraday,SYNTHETIC_INTRADAY,2026-04-23 04:15:00+00:00,mcx_open_drive
2026-04-23,2026-04-23 10:00:00,7970.49,7978.460489999999,7962.51951,7970.49,697,83.0,CRUDEOILM-SYNTH,INR,MCX,MCX Crude Oil Mini Futures,MCX,synthetic,15m,15,synthetic_intraday,SYNTHETIC_INTRADAY,2026-04-23 04:30:00+00:00,mcx_open_drive
2026-04-23,2026-04-23 10:15:00,7970.49,7978.460489999999,7962.51951,7970.49,480,83.0,CRUDEOILM-SYNTH,INR,MCX,MCX Crude Oil Mini Futures,MCX,synthetic,15m,15,synthetic_intraday,SYNTHETIC_INTRADAY,2026-04-23 04:45:00+00:00,mcx_open_drive
2026-04-23,2026-04-23 10:30:00,7970.49,7978.460489999999,7962.51951,7970.49,869,83.0,CRUDEOILM-SYNTH,INR,MCX,MCX Crude Oil Mini Futures,MCX,synthetic,15m,15,synthetic_intraday,SYNTHETIC_INTRADAY,2026-04-23 05:00:00+00:00,india_morning
2026-04-23,2026-04-23 10:45:00,7970.49,7978.460489999999,7962.51951,7970.49,985,83.0,CRUDEOILM-SYNTH,INR,MCX,MCX Crude Oil Mini Futures,MCX,synthetic,15m,15,synthetic_intraday,SYNTHETIC_INTRADAY,2026-04-23 05:15:00+00:00,india_morning
2026-04-23,2026-04-23 11:00:00,7970.49,7978.460489999999,7962.51951,7970.49,176,83.0,CRUDEOILM-SYNTH,INR,MCX,MCX Crude Oil Mini Futures,MCX,synthetic,15m,15,synthetic_intraday,SYNTHETIC_INTRADAY,2026-04-23 05:30:00+00:00,india_morning
2026-04-23,2026-04-23 11:15:00,7970.49,7978.460489999999,7962.51951,7970.49,558,83.0,CRUDEOILM-SYNTH,INR,MCX,MCX Crude Oil Mini Futures,MCX,synthetic,15m,15,synthetic_intraday,SYNTHETIC_INTRADAY,2026-04-23 05:45:00+00:00,india_morning
2026-04-23,2026-04-23 11:30:00,7970.49,7978.460489999999,7962.51951,7970.49,878,83.0,CRUDEOILM-SYNTH,INR,MCX,MCX Crude Oil Mini Futures,MCX,synthetic,15m,15,synthetic_intraday,SYNTHETIC_INTRADAY,2026-04-23 06:00:00+00:00,india_morning
2026-04-23,2026-04-23 11:45:00,7970.49,7978.460489999999,7962.51951,7970.49,721,83.0,CRUDEOILM-SYNTH,INR,MCX,MCX Crude Oil Mini Futures,MCX,synthetic,15m,15,synthetic_intraday,SYNTHETIC_INTRADAY,2026-04-23 06:15:00+00:00,india_morning
2026-04-23,2026-04-23 12:00:00,7970.49,7978.460489999999,7962.51951,7970.49,413,83.0,CRUDEOILM-SYNTH,INR,MCX,MCX Crude Oil Mini Futures,MCX,synthetic,15m,15,synthetic_intraday,SYNTHETIC_INTRADAY,2026-04-23 06:30:00+00:00,india_morning
2026-04-23,2026-04-23 12:15:00,7970.49,7978.460489999999,7962.51951,7970.49,405,83.0,CRUDEOILM-SYNTH,INR,MCX,MCX Crude Oil Mini Futures,MCX,synthetic,15m,15,synthetic_intraday,SYNTHETIC_INTRADAY,2026-04-23 06:45:00+00:00,india_morning
2026-04-23,2026-04-23 12:30:00,7970.49,7978.460489999999,7962.51951,7970.49,359,83.0,CRUDEOILM-SYNTH,INR,MCX,MCX Crude Oil Mini Futures,MCX,synthetic,15m,15,synthetic_intraday,SYNTHETIC_INTRADAY,2026-04-23 07:00:00+00:00,india_midday
2026-04-23,2026-04-23 12:45:00,7970.49,7978.460489999999,7962.51951,7970.49,457,83.0,CRUDEOILM-SYNTH,INR,MCX,MCX Crude Oil Mini Futures,MCX,synthetic,15m,15,synthetic_intraday,SYNTHETIC_INTRADAY,2026-04-23 07:15:00+00:00,india_midday
2026-04-23,2026-04-23 13:00:00,7970.49,7978.460489999999,7962.51951,7970.49,482,83.0,CRUDEOILM-SYNTH,INR,MCX,MCX Crude Oil Mini Futures,MCX,synthetic,15m,15,synthetic_intraday,SYNTHETIC_INTRADAY,2026-04-23 07:30:00+00:00,india_midday
2026-04-23,2026-04-23 13:15:00,7970.49,7978.460489999999,7962.51951,7970.49,222,83.0,CRUDEOILM-SYNTH,INR,MCX,MCX Crude Oil Mini Futures,MCX,synthetic,15m,15,synthetic_intraday,SYNTHETIC_INTRADAY,2026-04-23 07:45:00+00:00,india_midday
2026-04-23,2026-04-23 13:30:00,7974.084039226137,7982.058123265362,7966.109955186911,7974.084039226137,283,83.0,CRUDEOILM-SYNTH,INR,MCX,MCX Crude Oil Mini Futures,MCX,synthetic,15m,15,synthetic_intraday,SYNTHETIC_INTRADAY,2026-04-23 08:00:00+00:00,india_midday
2026-04-23,2026-04-23 13:45:00,7991.457473939233,7999.4489314131715,7983.466016465293,7991.457473939233,621,83.0,CRUDEOILM-SYNTH,INR,MCX,MCX Crude Oil Mini Futures,MCX,synthetic,15m,15,synthetic_intraday,SYNTHETIC_INTRADAY,2026-04-23 08:15:00+00:00,india_midday
2026-04-23,2026-04-23 14:00:00,8011.3555642071315,8019.366919771338,8003.344208642924,8011.3555642071315,361,83.0,CRUDEOILM-SYNTH,INR,MCX,MCX Crude Oil Mini Futures,MCX,synthetic,15m,15,synthetic_intraday,SYNTHETIC_INTRADAY,2026-04-23 08:30:00+00:00,india_midday
2026-04-23,2026-04-23 14:15:00,8017.338378766419,8025.355717145184,8009.321040387653,8017.338378766419,767,83.0,CRUDEOILM-SYNTH,INR,MCX,MCX Crude Oil Mini Futures,MCX,synthetic,15m,15,synthetic_intraday,SYNTHETIC_INTRADAY,2026-04-23 08:45:00+00:00,india_midday
2026-04-23,2026-04-23 14:30:00,8033.43305969211,8041.4664927518015,8025.3996266324175,8033.43305969211,255,83.0,CRUDEOILM-SYNTH,INR,MCX,MCX Crude Oil Mini Futures,MCX,synthetic,15m,15,synthetic_intraday,SYNTHETIC_INTRADAY,2026-04-23 09:00:00+00:00,india_midday
2026-04-23,2026-04-23 14:45:00,8050.4453199033505,8058.495765223253,8042.394874583447,8050.4453199033505,314,83.0,CRUDEOILM-SYNTH,INR,MCX,MCX Crude Oil Mini Futures,MCX,synthetic,15m,15,synthetic_intraday,SYNTHETIC_INTRADAY,2026-04-23 09:15:00+00:00,india_midday
2026-04-24,2026-04-24 09:00:00,7913.5521282599,7921.465680388159,7905.638576131641,7913.5521282599,604,83.0,CRUDEOILM-SYNTH,INR,MCX,MCX Crude Oil Mini Futures,MCX,synthetic,15m,15,synthetic_intraday,SYNTHETIC_INTRADAY,2026-04-24 03:30:00+00:00,mcx_open_drive
2026-04-24,2026-04-24 09:15:00,7913.5521282599,7921.465680388159,7905.638576131641,7913.5521282599,363,83.0,CRUDEOILM-SYNTH,INR,MCX,MCX Crude Oil Mini Futures,MCX,synthetic,15m,15,synthetic_intraday,SYNTHETIC_INTRADAY,2026-04-24 03:45:00+00:00,mcx_open_drive
2026-04-24,2026-04-24 09:30:00,7913.5521282599,7921.465680388159,7905.638576131641,7913.5521282599,858,83.0,CRUDEOILM-SYNTH,INR,MCX,MCX Crude Oil Mini Futures,MCX,synthetic,15m,15,synthetic_intraday,SYNTHETIC_INTRADAY,2026-04-24 04:00:00+00:00,mcx_open_drive
2026-04-24,2026-04-24 09:45:00,7913.5521282599,7921.465680388159,7905.638576131641,7913.5521282599,319,83.0,CRUDEOILM-SYNTH,INR,MCX,MCX Crude Oil Mini Futures,MCX,synthetic,15m,15,synthetic_intraday,SYNTHETIC_INTRADAY,2026-04-24 04:15:00+00:00,mcx_open_drive
2026-04-24,2026-04-24 10:00:00,7913.5521282599,7921.465680388159,7905.638576131641,7913.5521282599,671,83.0,CRUDEOILM-SYNTH,INR,MCX,MCX Crude Oil Mini Futures,MCX,synthetic,15m,15,synthetic_intraday,SYNTHETIC_INTRADAY,2026-04-24 04:30:00+00:00,mcx_open_drive
2026-04-24,2026-04-24 10:15:00,7913.5521282599,7921.465680388159,7905.638576131641,7913.5521282599,314,83.0,CRUDEOILM-SYNTH,INR,MCX,MCX Crude Oil Mini Futures,MCX,synthetic,15m,15,synthetic_intraday,SYNTHETIC_INTRADAY,2026-04-24 04:45:00+00:00,mcx_open_drive
2026-04-24,2026-04-24 10:30:00,7913.5521282599,7921.465680388159,7905.638576131641,7913.5521282599,877,83.0,CRUDEOILM-SYNTH,INR,MCX,MCX Crude Oil Mini Futures,MCX,synthetic,15m,15,synthetic_intraday,SYNTHETIC_INTRADAY,2026-04-24 05:00:00+00:00,india_morning
2026-04-24,2026-04-24 10:45:00,7913.5521282599,7921.465680388159,7905.638576131641,7913.5521282599,376,83.0,CRUDEOILM-SYNTH,INR,MCX,MCX Crude Oil Mini Futures,MCX,synthetic,15m,15,synthetic_intraday,SYNTHETIC_INTRADAY,2026-04-24 05:15:00+00:00,india_morning
2026-04-24,2026-04-24 11:00:00,7913.5521282599,7921.465680388159,7905.638576131641,7913.5521282599,776,83.0,CRUDEOILM-SYNTH,INR,MCX,MCX Crude Oil Mini Futures,MCX,synthetic,15m,15,synthetic_intraday,SYNTHETIC_INTRADAY,2026-04-24 05:30:00+00:00,india_morning
2026-04-24,2026-04-24 11:15:00,7913.5521282599,7921.465680388159,7905.638576131641,7913.5521282599,662,83.0,CRUDEOILM-SYNTH,INR,MCX,MCX Crude Oil Mini Futures,MCX,synthetic,15m,15,synthetic_intraday,SYNTHETIC_INTRADAY,2026-04-24 05:45:00+00:00,india_morning
2026-04-24,2026-04-24 11:30:00,7913.5521282599,7921.465680388159,7905.638576131641,7913.5521282599,702,83.0,CRUDEOILM-SYNTH,INR,MCX,MCX Crude Oil Mini Futures,MCX,synthetic,15m,15,synthetic_intraday,SYNTHETIC_INTRADAY,2026-04-24 06:00:00+00:00,india_morning
2026-04-24,2026-04-24 11:45:00,7913.5521282599,7921.465680388159,7905.638576131641,7913.5521282599,298,83.0,CRUDEOILM-SYNTH,INR,MCX,MCX Crude Oil Mini Futures,MCX,synthetic,15m,15,synthetic_intraday,SYNTHETIC_INTRADAY,2026-04-24 06:15:00+00:00,india_morning
2026-04-24,2026-04-24 12:00:00,7913.5521282599,7921.465680388159,7905.638576131641,7913.5521282599,655,83.0,CRUDEOILM-SYNTH,INR,MCX,MCX Crude Oil Mini Futures,MCX,synthetic,15m,15,synthetic_intraday,SYNTHETIC_INTRADAY,2026-04-24 06:30:00+00:00,india_morning
2026-04-24,2026-04-24 12:15:00,7913.5521282599,7921.465680388159,7905.638576131641,7913.5521282599,853,83.0,CRUDEOILM-SYNTH,INR,MCX,MCX Crude Oil Mini Futures,MCX,synthetic,15m,15,synthetic_intraday,SYNTHETIC_INTRADAY,2026-04-24 06:45:00+00:00,india_morning
2026-04-24,2026-04-24 12:30:00,7913.5521282599,7921.465680388159,7905.638576131641,7913.5521282599,299,83.0,CRUDEOILM-SYNTH,INR,MCX,MCX Crude Oil Mini Futures,MCX,synthetic,15m,15,synthetic_intraday,SYNTHETIC_INTRADAY,2026-04-24 07:00:00+00:00,india_midday
2026-04-24,2026-04-24 12:45:00,7913.5521282599,7921.465680388159,7905.638576131641,7913.5521282599,682,83.0,CRUDEOILM-SYNTH,INR,MCX,MCX Crude Oil Mini Futures,MCX,synthetic,15m,15,synthetic_intraday,SYNTHETIC_INTRADAY,2026-04-24 07:15:00+00:00,india_midday
2026-04-24,2026-04-24 13:00:00,7903.975388372184,7911.879363760556,7896.071412983812,7903.975388372184,905,83.0,CRUDEOILM-SYNTH,INR,MCX,MCX Crude Oil Mini Futures,MCX,synthetic,15m,15,synthetic_intraday,SYNTHETIC_INTRADAY,2026-04-24 07:30:00+00:00,india_midday
2026-04-24,2026-04-24 13:15:00,7892.987540163504,7900.880527703666,7885.09455262334,7892.987540163504,671,83.0,CRUDEOILM-SYNTH,INR,MCX,MCX Crude Oil Mini Futures,MCX,synthetic,15m,15,synthetic_intraday,SYNTHETIC_INTRADAY,2026-04-24 07:45:00+00:00,india_midday
2026-04-24,2026-04-24 13:30:00,7888.300588883437,7896.18888947232,7880.412288294553,7888.300588883437,138,83.0,CRUDEOILM-SYNTH,INR,MCX,MCX Crude Oil Mini Futures,MCX,synthetic,15m,15,synthetic_intraday,SYNTHETIC_INTRADAY,2026-04-24 08:00:00+00:00,india_midday
2026-04-24,2026-04-24 13:45:00,7875.685910288054,7883.561596198341,7867.810224377767,7875.685910288054,630,83.0,CRUDEOILM-SYNTH,INR,MCX,MCX Crude Oil Mini Futures,MCX,synthetic,15m,15,synthetic_intraday,SYNTHETIC_INTRADAY,2026-04-24 08:15:00+00:00,india_midday
2026-04-24,2026-04-24 14:00:00,7857.612986038071,7865.470599024108,7849.755373052032,7857.612986038071,246,83.0,CRUDEOILM-SYNTH,INR,MCX,MCX Crude Oil Mini Futures,MCX,synthetic,15m,15,synthetic_intraday,SYNTHETIC_INTRADAY,2026-04-24 08:30:00+00:00,india_midday
2026-04-24,2026-04-24 14:15:00,7855.923220664336,7863.779143885,7848.067297443672,7855.923220664336,985,83.0,CRUDEOILM-SYNTH,INR,MCX,MCX Crude Oil Mini Futures,MCX,synthetic,15m,15,synthetic_intraday,SYNTHETIC_INTRADAY,2026-04-24 08:45:00+00:00,india_midday
2026-04-24,2026-04-24 14:30:00,7848.356745885988,7856.205102631873,7840.508389140102,7848.356745885988,752,83.0,CRUDEOILM-SYNTH,INR,MCX,MCX Crude Oil Mini Futures,MCX,synthetic,15m,15,synthetic_intraday,SYNTHETIC_INTRADAY,2026-04-24 09:00:00+00:00,india_midday
2026-04-24,2026-04-24 14:45:00,7840.997488200529,7848.838485688729,7833.156490712328,7840.997488200529,933,83.0,CRUDEOILM-SYNTH,INR,MCX,MCX Crude Oil Mini Futures,MCX,synthetic,15m,15,synthetic_intraday,SYNTHETIC_INTRADAY,2026-04-24 09:15:00+00:00,india_midday
2026-04-27,2026-04-27 09:00:00,7944.195625472699,7952.1398210981715,7936.251429847227,7944.195625472699,881,83.0,CRUDEOILM-SYNTH,INR,MCX,MCX Crude Oil Mini Futures,MCX,synthetic,15m,15,synthetic_intraday,SYNTHETIC_INTRADAY,2026-04-27 03:30:00+00:00,mcx_open_drive
2026-04-27,2026-04-27 09:15:00,7944.195625472699,7952.1398210981715,7936.251429847227,7944.195625472699,547,83.0,CRUDEOILM-SYNTH,INR,MCX,MCX Crude Oil Mini Futures,MCX,synthetic,15m,15,synthetic_intraday,SYNTHETIC_INTRADAY,2026-04-27 03:45:00+00:00,mcx_open_drive
2026-04-27,2026-04-27 09:30:00,7944.195625472699,7952.1398210981715,7936.251429847227,7944.195625472699,269,83.0,CRUDEOILM-SYNTH,INR,MCX,MCX Crude Oil Mini Futures,MCX,synthetic,15m,15,synthetic_intraday,SYNTHETIC_INTRADAY,2026-04-27 04:00:00+00:00,mcx_open_drive
2026-04-27,2026-04-27 09:45:00,7944.195625472699,7952.1398210981715,7936.251429847227,7944.195625472699,565,83.0,CRUDEOILM-SYNTH,INR,MCX,MCX Crude Oil Mini Futures,MCX,synthetic,15m,15,synthetic_intraday,SYNTHETIC_INTRADAY,2026-04-27 04:15:00+00:00,mcx_open_drive
2026-04-27,2026-04-27 10:00:00,7944.195625472699,7952.1398210981715,7936.251429847227,7944.195625472699,302,83.0,CRUDEOILM-SYNTH,INR,MCX,MCX Crude Oil Mini Futures,MCX,synthetic,15m,15,synthetic_intraday,SYNTHETIC_INTRADAY,2026-04-27 04:30:00+00:00,mcx_open_drive
2026-04-27,2026-04-27 10:15:00,7944.195625472699,7952.1398210981715,7936.251429847227,7944.195625472699,802,83.0,CRUDEOILM-SYNTH,INR,MCX,MCX Crude Oil Mini Futures,MCX,synthetic,15m,15,synthetic_intraday,SYNTHETIC_INTRADAY,2026-04-27 04:45:00+00:00,mcx_open_drive
2026-04-27,2026-04-27 10:30:00,7944.195625472699,7952.1398210981715,7936.251429847227,7944.195625472699,848,83.0,CRUDEOILM-SYNTH,INR,MCX,MCX Crude Oil Mini Futures,MCX,synthetic,15m,15,synthetic_intraday,SYNTHETIC_INTRADAY,2026-04-27 05:00:00+00:00,india_morning
2026-04-27,2026-04-27 10:45:00,7944.195625472699,7952.1398210981715,7936.251429847227,7944.195625472699,733,83.0,CRUDEOILM-SYNTH,INR,MCX,MCX Crude Oil Mini Futures,MCX,synthetic,15m,15,synthetic_intraday,SYNTHETIC_INTRADAY,2026-04-27 05:15:00+00:00,india_morning
2026-04-27,2026-04-27 11:00:00,7944.195625472699,7952.1398210981715,7936.251429847227,7944.195625472699,976,83.0,CRUDEOILM-SYNTH,INR,MCX,MCX Crude Oil Mini Futures,MCX,synthetic,15m,15,synthetic_intraday,SYNTHETIC_INTRADAY,2026-04-27 05:30:00+00:00,india_morning
2026-04-27,2026-04-27 11:15:00,7944.195625472699,7952.1398210981715,7936.251429847227,7944.195625472699,554,83.0,CRUDEOILM-SYNTH,INR,MCX,MCX Crude Oil Mini Futures,MCX,synthetic,15m,15,synthetic_intraday,SYNTHETIC_INTRADAY,2026-04-27 05:45:00+00:00,india_morning
2026-04-27,2026-04-27 11:30:00,7944.195625472699,7952.1398210981715,7936.251429847227,7944.195625472699,204,83.0,CRUDEOILM-SYNTH,INR,MCX,MCX Crude Oil Mini Futures,MCX,synthetic,15m,15,synthetic_intraday,SYNTHETIC_INTRADAY,2026-04-27 06:00:00+00:00,india_morning
2026-04-27,2026-04-27 11:45:00,7944.195625472699,7952.1398210981715,7936.251429847227,7944.195625472699,523,83.0,CRUDEOILM-SYNTH,INR,MCX,MCX Crude Oil Mini Futures,MCX,synthetic,15m,15,synthetic_intraday,SYNTHETIC_INTRADAY,2026-04-27 06:15:00+00:00,india_morning
2026-04-27,2026-04-27 12:00:00,7944.195625472699,7952.1398210981715,7936.251429847227,7944.195625472699,849,83.0,CRUDEOILM-SYNTH,INR,MCX,MCX Crude Oil Mini Futures,MCX,synthetic,15m,15,synthetic_intraday,SYNTHETIC_INTRADAY,2026-04-27 06:30:00+00:00,india_morning
2026-04-27,2026-04-27 12:15:00,7944.195625472699,7952.1398210981715,7936.251429847227,7944.195625472699,267,83.0,CRUDEOILM-SYNTH,INR,MCX,MCX Crude Oil Mini Futures,MCX,synthetic,15m,15,synthetic_intraday,SYNTHETIC_INTRADAY,2026-04-27 06:45:00+00:00,india_morning
2026-04-27,2026-04-27 12:30:00,7953.144161815024,7961.097305976838,7945.191017653209,7953.144161815024,182,83.0,CRUDEOILM-SYNTH,INR,MCX,MCX Crude Oil Mini Futures,MCX,synthetic,15m,15,synthetic_intraday,SYNTHETIC_INTRADAY,2026-04-27 07:00:00+00:00,india_midday
2026-04-27,2026-04-27 12:45:00,7955.261392328713,7963.2166537210405,7947.306130936384,7955.261392328713,573,83.0,CRUDEOILM-SYNTH,INR,MCX,MCX Crude Oil Mini Futures,MCX,synthetic,15m,15,synthetic_intraday,SYNTHETIC_INTRADAY,2026-04-27 07:15:00+00:00,india_midday
2026-04-27,2026-04-27 13:00:00,7965.491852625042,7973.457344477666,7957.526360772417,7965.491852625042,973,83.0,CRUDEOILM-SYNTH,INR,MCX,MCX Crude Oil Mini Futures,MCX,synthetic,15m,15,synthetic_intraday,SYNTHETIC_INTRADAY,2026-04-27 07:30:00+00:00,india_midday
2026-04-27,2026-04-27 13:15:00,7978.698723518947,7986.677422242466,7970.720024795428,7978.698723518947,177,83.0,CRUDEOILM-SYNTH,INR,MCX,MCX Crude Oil Mini Futures,MCX,synthetic,15m,15,synthetic_intraday,SYNTHETIC_INTRADAY,2026-04-27 07:45:00+00:00,india_midday
2026-04-27,2026-04-27 13:30:00,7978.379275061359,7986.35765433642,7970.400895786298,7978.379275061359,977,83.0,CRUDEOILM-SYNTH,INR,MCX,MCX Crude Oil Mini Futures,MCX,synthetic,15m,15,synthetic_intraday,SYNTHETIC_INTRADAY,2026-04-27 08:00:00+00:00,india_midday
2026-04-27,2026-04-27 13:45:00,7989.604517806242,7997.594122324048,7981.614913288436,7989.604517806242,441,83.0,CRUDEOILM-SYNTH,INR,MCX,MCX Crude Oil Mini Futures,MCX,synthetic,15m,15,synthetic_intraday,SYNTHETIC_INTRADAY,2026-04-27 08:15:00+00:00,india_midday
2026-04-27,2026-04-27 14:00:00,7997.7219231394665,8005.719645062605,7989.724201216327,7997.7219231394665,647,83.0,CRUDEOILM-SYNTH,INR,MCX,MCX Crude Oil Mini Futures,MCX,synthetic,15m,15,synthetic_intraday,SYNTHETIC_INTRADAY,2026-04-27 08:30:00+00:00,india_midday
2026-04-27,2026-04-27 14:15:00,8006.493155318516,8014.499648473834,7998.486662163197,8006.493155318516,670,83.0,CRUDEOILM-SYNTH,INR,MCX,MCX Crude Oil Mini Futures,MCX,synthetic,15m,15,synthetic_intraday,SYNTHETIC_INTRADAY,2026-04-27 08:45:00+00:00,india_midday
2026-04-27,2026-04-27 14:30:00,8019.842734943761,8027.862577678704,8011.8228922088165,8019.842734943761,909,83.0,CRUDEOILM-SYNTH,INR,MCX,MCX Crude Oil Mini Futures,MCX,synthetic,15m,15,synthetic_intraday,SYNTHETIC_INTRADAY,2026-04-27 09:00:00+00:00,india_midday
2026-04-27,2026-04-27 14:45:00,8027.727822330978,8035.755550153308,8019.7000945086465,8027.727822330978,160,83.0,CRUDEOILM-SYNTH,INR,MCX,MCX Crude Oil Mini Futures,MCX,synthetic,15m,15,synthetic_intraday,SYNTHETIC_INTRADAY,2026-04-27 09:15:00+00:00,india_midday
2026-04-28,2026-04-28 09:00:00,8185.7756259675,8193.961401593466,8177.589850341532,8185.7756259675,479,83.0,CRUDEOILM-SYNTH,INR,MCX,MCX Crude Oil Mini Futures,MCX,synthetic,15m,15,synthetic_intraday,SYNTHETIC_INTRADAY,2026-04-28 03:30:00+00:00,mcx_open_drive
2026-04-28,2026-04-28 09:15:00,8185.7756259675,8193.961401593466,8177.589850341532,8185.7756259675,991,83.0,CRUDEOILM-SYNTH,INR,MCX,MCX Crude Oil Mini Futures,MCX,synthetic,15m,15,synthetic_intraday,SYNTHETIC_INTRADAY,2026-04-28 03:45:00+00:00,mcx_open_drive
2026-04-28,2026-04-28 09:30:00,8185.7756259675,8193.961401593466,8177.589850341532,8185.7756259675,557,83.0,CRUDEOILM-SYNTH,INR,MCX,MCX Crude Oil Mini Futures,MCX,synthetic,15m,15,synthetic_intraday,SYNTHETIC_INTRADAY,2026-04-28 04:00:00+00:00,mcx_open_drive
2026-04-28,2026-04-28 09:45:00,8185.7756259675,8193.961401593466,8177.589850341532,8185.7756259675,945,83.0,CRUDEOILM-SYNTH,INR,MCX,MCX Crude Oil Mini Futures,MCX,synthetic,15m,15,synthetic_intraday,SYNTHETIC_INTRADAY,2026-04-28 04:15:00+00:00,mcx_open_drive
2026-04-28,2026-04-28 10:00:00,8185.7756259675,8193.961401593466,8177.589850341532,8185.7756259675,127,83.0,CRUDEOILM-SYNTH,INR,MCX,MCX Crude Oil Mini Futures,MCX,synthetic,15m,15,synthetic_intraday,SYNTHETIC_INTRADAY,2026-04-28 04:30:00+00:00,mcx_open_drive
2026-04-28,2026-04-28 10:15:00,8185.7756259675,8193.961401593466,8177.589850341532,8185.7756259675,444,83.0,CRUDEOILM-SYNTH,INR,MCX,MCX Crude Oil Mini Futures,MCX,synthetic,15m,15,synthetic_intraday,SYNTHETIC_INTRADAY,2026-04-28 04:45:00+00:00,mcx_open_drive
2026-04-28,2026-04-28 10:30:00,8185.7756259675,8193.961401593466,8177.589850341532,8185.7756259675,873,83.0,CRUDEOILM-SYNTH,INR,MCX,MCX Crude Oil Mini Futures,MCX,synthetic,15m,15,synthetic_intraday,SYNTHETIC_INTRADAY,2026-04-28 05:00:00+00:00,india_morning
2026-04-28,2026-04-28 10:45:00,8185.7756259675,8193.961401593466,8177.589850341532,8185.7756259675,807,83.0,CRUDEOILM-SYNTH,INR,MCX,MCX Crude Oil Mini Futures,MCX,synthetic,15m,15,synthetic_intraday,SYNTHETIC_INTRADAY,2026-04-28 05:15:00+00:00,india_morning
2026-04-28,2026-04-28 11:00:00,8185.7756259675,8193.961401593466,8177.589850341532,8185.7756259675,946,83.0,CRUDEOILM-SYNTH,INR,MCX,MCX Crude Oil Mini Futures,MCX,synthetic,15m,15,synthetic_intraday,SYNTHETIC_INTRADAY,2026-04-28 05:30:00+00:00,india_morning
2026-04-28,2026-04-28 11:15:00,8185.7756259675,8193.961401593466,8177.589850341532,8185.7756259675,734,83.0,CRUDEOILM-SYNTH,INR,MCX,MCX Crude Oil Mini Futures,MCX,synthetic,15m,15,synthetic_intraday,SYNTHETIC_INTRADAY,2026-04-28 05:45:00+00:00,india_morning
2026-04-28,2026-04-28 11:30:00,8185.7756259675,8193.961401593466,8177.589850341532,8185.7756259675,882,83.0,CRUDEOILM-SYNTH,INR,MCX,MCX Crude Oil Mini Futures,MCX,synthetic,15m,15,synthetic_intraday,SYNTHETIC_INTRADAY,2026-04-28 06:00:00+00:00,india_morning
2026-04-28,2026-04-28 11:45:00,8185.7756259675,8193.961401593466,8177.589850341532,8185.7756259675,339,83.0,CRUDEOILM-SYNTH,INR,MCX,MCX Crude Oil Mini Futures,MCX,synthetic,15m,15,synthetic_intraday,SYNTHETIC_INTRADAY,2026-04-28 06:15:00+00:00,india_morning
2026-04-28,2026-04-28 12:00:00,8185.7756259675,8193.961401593466,8177.589850341532,8185.7756259675,188,83.0,CRUDEOILM-SYNTH,INR,MCX,MCX Crude Oil Mini Futures,MCX,synthetic,15m,15,synthetic_intraday,SYNTHETIC_INTRADAY,2026-04-28 06:30:00+00:00,india_morning
2026-04-28,2026-04-28 12:15:00,8185.7756259675,8193.961401593466,8177.589850341532,8185.7756259675,574,83.0,CRUDEOILM-SYNTH,INR,MCX,MCX Crude Oil Mini Futures,MCX,synthetic,15m,15,synthetic_intraday,SYNTHETIC_INTRADAY,2026-04-28 06:45:00+00:00,india_morning
2026-04-28,2026-04-28 12:30:00,8185.7756259675,8193.961401593466,8177.589850341532,8185.7756259675,280,83.0,CRUDEOILM-SYNTH,INR,MCX,MCX Crude Oil Mini Futures,MCX,synthetic,15m,15,synthetic_intraday,SYNTHETIC_INTRADAY,2026-04-28 07:00:00+00:00,india_midday
2026-04-28,2026-04-28 12:45:00,8193.765572010294,8201.959337582302,8185.571806438284,8193.765572010294,952,83.0,CRUDEOILM-SYNTH,INR,MCX,MCX Crude Oil Mini Futures,MCX,synthetic,15m,15,synthetic_intraday,SYNTHETIC_INTRADAY,2026-04-28 07:15:00+00:00,india_midday
2026-04-28,2026-04-28 13:00:00,8197.161664871981,8205.358826536853,8188.964503207109,8197.161664871981,322,83.0,CRUDEOILM-SYNTH,INR,MCX,MCX Crude Oil Mini Futures,MCX,synthetic,15m,15,synthetic_intraday,SYNTHETIC_INTRADAY,2026-04-28 07:30:00+00:00,india_midday
2026-04-28,2026-04-28 13:15:00,8209.184100121449,8217.393284221569,8200.974916021327,8209.184100121449,858,83.0,CRUDEOILM-SYNTH,INR,MCX,MCX Crude Oil Mini Futures,MCX,synthetic,15m,15,synthetic_intraday,SYNTHETIC_INTRADAY,2026-04-28 07:45:00+00:00,india_midday
2026-04-28,2026-04-28 13:30:00,8213.157830605398,8221.370988436003,8204.944672774793,8213.157830605398,819,83.0,CRUDEOILM-SYNTH,INR,MCX,MCX Crude Oil Mini Futures,MCX,synthetic,15m,15,synthetic_intraday,SYNTHETIC_INTRADAY,2026-04-28 08:00:00+00:00,india_midday
2026-04-28,2026-04-28 13:45:00,8224.997042419469,8233.222039461887,8216.772045377049,8224.997042419469,467,83.0,CRUDEOILM-SYNTH,INR,MCX,MCX Crude Oil Mini Futures,MCX,synthetic,15m,15,synthetic_intraday,SYNTHETIC_INTRADAY,2026-04-28 08:15:00+00:00,india_midday
2026-04-28,2026-04-28 14:00:00,8233.686967409985,8241.920654377394,8225.453280442576,8233.686967409985,792,83.0,CRUDEOILM-SYNTH,INR,MCX,MCX Crude Oil Mini Futures,MCX,synthetic,15m,15,synthetic_intraday,SYNTHETIC_INTRADAY,2026-04-28 08:30:00+00:00,india_midday
2026-04-28,2026-04-28 14:15:00,8248.478925152504,8256.727404077656,8240.230446227351,8248.478925152504,999,83.0,CRUDEOILM-SYNTH,INR,MCX,MCX Crude Oil Mini Futures,MCX,synthetic,15m,15,synthetic_intraday,SYNTHETIC_INTRADAY,2026-04-28 08:45:00+00:00,india_midday
2026-04-28,2026-04-28 14:30:00,8254.086026710836,8262.340112737545,8245.831940684126,8254.086026710836,498,83.0,CRUDEOILM-SYNTH,INR,MCX,MCX Crude Oil Mini Futures,MCX,synthetic,15m,15,synthetic_intraday,SYNTHETIC_INTRADAY,2026-04-28 09:00:00+00:00,india_midday
2026-04-28,2026-04-28 14:45:00,8264.816851986217,8273.081668838202,8256.552035134231,8264.816851986217,641,83.0,CRUDEOILM-SYNTH,INR,MCX,MCX Crude Oil Mini Futures,MCX,synthetic,15m,15,synthetic_intraday,SYNTHETIC_INTRADAY,2026-04-28 09:15:00+00:00,india_midday
2026-04-29,2026-04-29 09:00:00,8914.623127443001,8923.537750570444,8905.708504315558,8914.623127443001,834,83.0,CRUDEOILM-SYNTH,INR,MCX,MCX Crude Oil Mini Futures,MCX,synthetic,15m,15,synthetic_intraday,SYNTHETIC_INTRADAY,2026-04-29 03:30:00+00:00,mcx_open_drive
2026-04-29,2026-04-29 09:15:00,8914.623127443001,8923.537750570444,8905.708504315558,8914.623127443001,874,83.0,CRUDEOILM-SYNTH,INR,MCX,MCX Crude Oil Mini Futures,MCX,synthetic,15m,15,synthetic_intraday,SYNTHETIC_INTRADAY,2026-04-29 03:45:00+00:00,mcx_open_drive
2026-04-29,2026-04-29 09:30:00,8914.623127443001,8923.537750570444,8905.708504315558,8914.623127443001,685,83.0,CRUDEOILM-SYNTH,INR,MCX,MCX Crude Oil Mini Futures,MCX,synthetic,15m,15,synthetic_intraday,SYNTHETIC_INTRADAY,2026-04-29 04:00:00+00:00,mcx_open_drive
2026-04-29,2026-04-29 09:45:00,8914.623127443001,8923.537750570444,8905.708504315558,8914.623127443001,245,83.0,CRUDEOILM-SYNTH,INR,MCX,MCX Crude Oil Mini Futures,MCX,synthetic,15m,15,synthetic_intraday,SYNTHETIC_INTRADAY,2026-04-29 04:15:00+00:00,mcx_open_drive
2026-04-29,2026-04-29 10:00:00,8914.623127443001,8923.537750570444,8905.708504315558,8914.623127443001,902,83.0,CRUDEOILM-SYNTH,INR,MCX,MCX Crude Oil Mini Futures,MCX,synthetic,15m,15,synthetic_intraday,SYNTHETIC_INTRADAY,2026-04-29 04:30:00+00:00,mcx_open_drive
2026-04-29,2026-04-29 10:15:00,8914.623127443001,8923.537750570444,8905.708504315558,8914.623127443001,391,83.0,CRUDEOILM-SYNTH,INR,MCX,MCX Crude Oil Mini Futures,MCX,synthetic,15m,15,synthetic_intraday,SYNTHETIC_INTRADAY,2026-04-29 04:45:00+00:00,mcx_open_drive
2026-04-29,2026-04-29 10:30:00,8914.623127443001,8923.537750570444,8905.708504315558,8914.623127443001,318,83.0,CRUDEOILM-SYNTH,INR,MCX,MCX Crude Oil Mini Futures,MCX,synthetic,15m,15,synthetic_intraday,SYNTHETIC_INTRADAY,2026-04-29 05:00:00+00:00,india_morning
2026-04-29,2026-04-29 10:45:00,8914.623127443001,8923.537750570444,8905.708504315558,8914.623127443001,381,83.0,CRUDEOILM-SYNTH,INR,MCX,MCX Crude Oil Mini Futures,MCX,synthetic,15m,15,synthetic_intraday,SYNTHETIC_INTRADAY,2026-04-29 05:15:00+00:00,india_morning
2026-04-29,2026-04-29 11:00:00,8914.623127443001,8923.537750570444,8905.708504315558,8914.623127443001,233,83.0,CRUDEOILM-SYNTH,INR,MCX,MCX Crude Oil Mini Futures,MCX,synthetic,15m,15,synthetic_intraday,SYNTHETIC_INTRADAY,2026-04-29 05:30:00+00:00,india_morning
2026-04-29,2026-04-29 11:15:00,8914.623127443001,8923.537750570444,8905.708504315558,8914.623127443001,204,83.0,CRUDEOILM-SYNTH,INR,MCX,MCX Crude Oil Mini Futures,MCX,synthetic,15m,15,synthetic_intraday,SYNTHETIC_INTRADAY,2026-04-29 05:45:00+00:00,india_morning
2026-04-29,2026-04-29 11:30:00,8914.623127443001,8923.537750570444,8905.708504315558,8914.623127443001,775,83.0,CRUDEOILM-SYNTH,INR,MCX,MCX Crude Oil Mini Futures,MCX,synthetic,15m,15,synthetic_intraday,SYNTHETIC_INTRADAY,2026-04-29 06:00:00+00:00,india_morning
2026-04-29,2026-04-29 11:45:00,8914.623127443001,8923.537750570444,8905.708504315558,8914.623127443001,580,83.0,CRUDEOILM-SYNTH,INR,MCX,MCX Crude Oil Mini Futures,MCX,synthetic,15m,15,synthetic_intraday,SYNTHETIC_INTRADAY,2026-04-29 06:15:00+00:00,india_morning
2026-04-29,2026-04-29 12:00:00,8914.623127443001,8923.537750570444,8905.708504315558,8914.623127443001,477,83.0,CRUDEOILM-SYNTH,INR,MCX,MCX Crude Oil Mini Futures,MCX,synthetic,15m,15,synthetic_intraday,SYNTHETIC_INTRADAY,2026-04-29 06:30:00+00:00,india_morning
2026-04-29,2026-04-29 12:15:00,8914.623127443001,8923.537750570444,8905.708504315558,8914.623127443001,512,83.0,CRUDEOILM-SYNTH,INR,MCX,MCX Crude Oil Mini Futures,MCX,synthetic,15m,15,synthetic_intraday,SYNTHETIC_INTRADAY,2026-04-29 06:45:00+00:00,india_morning
2026-04-29,2026-04-29 12:30:00,8914.623127443001,8923.537750570444,8905.708504315558,8914.623127443001,502,83.0,CRUDEOILM-SYNTH,INR,MCX,MCX Crude Oil Mini Futures,MCX,synthetic,15m,15,synthetic_intraday,SYNTHETIC_INTRADAY,2026-04-29 07:00:00+00:00,india_midday
2026-04-29,2026-04-29 12:45:00,8914.623127443001,8923.537750570444,8905.708504315558,8914.623127443001,389,83.0,CRUDEOILM-SYNTH,INR,MCX,MCX Crude Oil Mini Futures,MCX,synthetic,15m,15,synthetic_intraday,SYNTHETIC_INTRADAY,2026-04-29 07:15:00+00:00,india_midday
2026-04-29,2026-04-29 13:00:00,8914.623127443001,8923.537750570444,8905.708504315558,8914.623127443001,747,83.0,CRUDEOILM-SYNTH,INR,MCX,MCX Crude Oil Mini Futures,MCX,synthetic,15m,15,synthetic_intraday,SYNTHETIC_INTRADAY,2026-04-29 07:30:00+00:00,india_midday
2026-04-29,2026-04-29 13:15:00,8914.623127443001,8923.537750570444,8905.708504315558,8914.623127443001,225,83.0,CRUDEOILM-SYNTH,INR,MCX,MCX Crude Oil Mini Futures,MCX,synthetic,15m,15,synthetic_intraday,SYNTHETIC_INTRADAY,2026-04-29 07:45:00+00:00,india_midday
2026-04-29,2026-04-29 13:30:00,8914.623127443001,8923.537750570444,8905.708504315558,8914.623127443001,253,83.0,CRUDEOILM-SYNTH,INR,MCX,MCX Crude Oil Mini Futures,MCX,synthetic,15m,15,synthetic_intraday,SYNTHETIC_INTRADAY,2026-04-29 08:00:00+00:00,india_midday
2026-04-29,2026-04-29 13:45:00,8914.623127443001,8923.537750570444,8905.708504315558,8914.623127443001,902,83.0,CRUDEOILM-SYNTH,INR,MCX,MCX Crude Oil Mini Futures,MCX,synthetic,15m,15,synthetic_intraday,SYNTHETIC_INTRADAY,2026-04-29 08:15:00+00:00,india_midday
2026-04-29,2026-04-29 14:00:00,8914.623127443001,8923.537750570444,8905.708504315558,8914.623127443001,263,83.0,CRUDEOILM-SYNTH,INR,MCX,MCX Crude Oil Mini Futures,MCX,synthetic,15m,15,synthetic_intraday,SYNTHETIC_INTRADAY,2026-04-29 08:30:00+00:00,india_midday
2026-04-29,2026-04-29 14:15:00,8940.435253997975,8949.375689251972,8931.494818743977,8940.435253997975,613,83.0,CRUDEOILM-SYNTH,INR,MCX,MCX Crude Oil Mini Futures,MCX,synthetic,15m,15,synthetic_intraday,SYNTHETIC_INTRADAY,2026-04-29 08:45:00+00:00,india_midday
2026-04-29,2026-04-29 14:30:00,8973.649023103619,8982.622672126721,8964.675374080514,8973.649023103619,144,83.0,CRUDEOILM-SYNTH,INR,MCX,MCX Crude Oil Mini Futures,MCX,synthetic,15m,15,synthetic_intraday,SYNTHETIC_INTRADAY,2026-04-29 09:00:00+00:00,india_midday
2026-04-29,2026-04-29 14:45:00,9000.241080321022,9009.241321401343,8991.240839240701,9000.241080321022,412,83.0,CRUDEOILM-SYNTH,INR,MCX,MCX Crude Oil Mini Futures,MCX,synthetic,15m,15,synthetic_intraday,SYNTHETIC_INTRADAY,2026-04-29 09:15:00+00:00,india_midday
2026-04-30,2026-04-30 09:00:00,8836.520610171,8845.357130781169,8827.684089560827,8836.520610171,534,83.0,CRUDEOILM-SYNTH,INR,MCX,MCX Crude Oil Mini Futures,MCX,synthetic,15m,15,synthetic_intraday,SYNTHETIC_INTRADAY,2026-04-30 03:30:00+00:00,mcx_open_drive
2026-04-30,2026-04-30 09:15:00,8836.520610171,8845.357130781169,8827.684089560827,8836.520610171,487,83.0,CRUDEOILM-SYNTH,INR,MCX,MCX Crude Oil Mini Futures,MCX,synthetic,15m,15,synthetic_intraday,SYNTHETIC_INTRADAY,2026-04-30 03:45:00+00:00,mcx_open_drive
2026-04-30,2026-04-30 09:30:00,8836.520610171,8845.357130781169,8827.684089560827,8836.520610171,675,83.0,CRUDEOILM-SYNTH,INR,MCX,MCX Crude Oil Mini Futures,MCX,synthetic,15m,15,synthetic_intraday,SYNTHETIC_INTRADAY,2026-04-30 04:00:00+00:00,mcx_open_drive
2026-04-30,2026-04-30 09:45:00,8836.520610171,8845.357130781169,8827.684089560827,8836.520610171,585,83.0,CRUDEOILM-SYNTH,INR,MCX,MCX Crude Oil Mini Futures,MCX,synthetic,15m,15,synthetic_intraday,SYNTHETIC_INTRADAY,2026-04-30 04:15:00+00:00,mcx_open_drive
2026-04-30,2026-04-30 10:00:00,8836.520610171,8845.357130781169,8827.684089560827,8836.520610171,531,83.0,CRUDEOILM-SYNTH,INR,MCX,MCX Crude Oil Mini Futures,MCX,synthetic,15m,15,synthetic_intraday,SYNTHETIC_INTRADAY,2026-04-30 04:30:00+00:00,mcx_open_drive
2026-04-30,2026-04-30 10:15:00,8836.520610171,8845.357130781169,8827.684089560827,8836.520610171,301,83.0,CRUDEOILM-SYNTH,INR,MCX,MCX Crude Oil Mini Futures,MCX,synthetic,15m,15,synthetic_intraday,SYNTHETIC_INTRADAY,2026-04-30 04:45:00+00:00,mcx_open_drive
2026-04-30,2026-04-30 10:30:00,8836.520610171,8845.357130781169,8827.684089560827,8836.520610171,783,83.0,CRUDEOILM-SYNTH,INR,MCX,MCX Crude Oil Mini Futures,MCX,synthetic,15m,15,synthetic_intraday,SYNTHETIC_INTRADAY,2026-04-30 05:00:00+00:00,india_morning
2026-04-30,2026-04-30 10:45:00,8836.520610171,8845.357130781169,8827.684089560827,8836.520610171,871,83.0,CRUDEOILM-SYNTH,INR,MCX,MCX Crude Oil Mini Futures,MCX,synthetic,15m,15,synthetic_intraday,SYNTHETIC_INTRADAY,2026-04-30 05:15:00+00:00,india_morning
2026-04-30,2026-04-30 11:00:00,8836.520610171,8845.357130781169,8827.684089560827,8836.520610171,660,83.0,CRUDEOILM-SYNTH,INR,MCX,MCX Crude Oil Mini Futures,MCX,synthetic,15m,15,synthetic_intraday,SYNTHETIC_INTRADAY,2026-04-30 05:30:00+00:00,india_morning
2026-04-30,2026-04-30 11:15:00,8836.520610171,8845.357130781169,8827.684089560827,8836.520610171,322,83.0,CRUDEOILM-SYNTH,INR,MCX,MCX Crude Oil Mini Futures,MCX,synthetic,15m,15,synthetic_intraday,SYNTHETIC_INTRADAY,2026-04-30 05:45:00+00:00,india_morning
2026-04-30,2026-04-30 11:30:00,8836.520610171,8845.357130781169,8827.684089560827,8836.520610171,139,83.0,CRUDEOILM-SYNTH,INR,MCX,MCX Crude Oil Mini Futures,MCX,synthetic,15m,15,synthetic_intraday,SYNTHETIC_INTRADAY,2026-04-30 06:00:00+00:00,india_morning
2026-04-30,2026-04-30 11:45:00,8836.520610171,8845.357130781169,8827.684089560827,8836.520610171,488,83.0,CRUDEOILM-SYNTH,INR,MCX,MCX Crude Oil Mini Futures,MCX,synthetic,15m,15,synthetic_intraday,SYNTHETIC_INTRADAY,2026-04-30 06:15:00+00:00,india_morning
2026-04-30,2026-04-30 12:00:00,8836.520610171,8845.357130781169,8827.684089560827,8836.520610171,132,83.0,CRUDEOILM-SYNTH,INR,MCX,MCX Crude Oil Mini Futures,MCX,synthetic,15m,15,synthetic_intraday,SYNTHETIC_INTRADAY,2026-04-30 06:30:00+00:00,india_morning
2026-04-30,2026-04-30 12:15:00,8836.520610171,8845.357130781169,8827.684089560827,8836.520610171,506,83.0,CRUDEOILM-SYNTH,INR,MCX,MCX Crude Oil Mini Futures,MCX,synthetic,15m,15,synthetic_intraday,SYNTHETIC_INTRADAY,2026-04-30 06:45:00+00:00,india_morning
2026-04-30,2026-04-30 12:30:00,8836.520610171,8845.357130781169,8827.684089560827,8836.520610171,104,83.0,CRUDEOILM-SYNTH,INR,MCX,MCX Crude Oil Mini Futures,MCX,synthetic,15m,15,synthetic_intraday,SYNTHETIC_INTRADAY,2026-04-30 07:00:00+00:00,india_midday
2026-04-30,2026-04-30 12:45:00,8835.872884175786,8844.70875705996,8827.03701129161,8835.872884175786,357,83.0,CRUDEOILM-SYNTH,INR,MCX,MCX Crude Oil Mini Futures,MCX,synthetic,15m,15,synthetic_intraday,SYNTHETIC_INTRADAY,2026-04-30 07:15:00+00:00,india_midday
2026-04-30,2026-04-30 13:00:00,8826.79647331759,8835.623269790907,8817.969676844274,8826.79647331759,629,83.0,CRUDEOILM-SYNTH,INR,MCX,MCX Crude Oil Mini Futures,MCX,synthetic,15m,15,synthetic_intraday,SYNTHETIC_INTRADAY,2026-04-30 07:30:00+00:00,india_midday
2026-04-30,2026-04-30 13:15:00,8813.761370081957,8822.575131452037,8804.947608711875,8813.761370081957,275,83.0,CRUDEOILM-SYNTH,INR,MCX,MCX Crude Oil Mini Futures,MCX,synthetic,15m,15,synthetic_intraday,SYNTHETIC_INTRADAY,2026-04-30 07:45:00+00:00,india_midday
2026-04-30,2026-04-30 13:30:00,8803.729636075088,8812.533365711162,8794.925906439013,8803.729636075088,234,83.0,CRUDEOILM-SYNTH,INR,MCX,MCX Crude Oil Mini Futures,MCX,synthetic,15m,15,synthetic_intraday,SYNTHETIC_INTRADAY,2026-04-30 08:00:00+00:00,india_midday
2026-04-30,2026-04-30 13:45:00,8791.555954458643,8800.347510413101,8782.764398504185,8791.555954458643,846,83.0,CRUDEOILM-SYNTH,INR,MCX,MCX Crude Oil Mini Futures,MCX,synthetic,15m,15,synthetic_intraday,SYNTHETIC_INTRADAY,2026-04-30 08:15:00+00:00,india_midday
2026-04-30,2026-04-30 14:00:00,8784.520115669919,8793.304635785587,8775.735595554248,8784.520115669919,277,83.0,CRUDEOILM-SYNTH,INR,MCX,MCX Crude Oil Mini Futures,MCX,synthetic,15m,15,synthetic_intraday,SYNTHETIC_INTRADAY,2026-04-30 08:30:00+00:00,india_midday
2026-04-30,2026-04-30 14:15:00,8770.779018847225,8779.549797866071,8762.008239828378,8770.779018847225,650,83.0,CRUDEOILM-SYNTH,INR,MCX,MCX Crude Oil Mini Futures,MCX,synthetic,15m,15,synthetic_intraday,SYNTHETIC_INTRADAY,2026-04-30 08:45:00+00:00,india_midday
2026-04-30,2026-04-30 14:30:00,8754.775768652546,8763.530544421197,8746.020992883892,8754.775768652546,651,83.0,CRUDEOILM-SYNTH,INR,MCX,MCX Crude Oil Mini Futures,MCX,synthetic,15m,15,synthetic_intraday,SYNTHETIC_INTRADAY,2026-04-30 09:00:00+00:00,india_midday
2026-04-30,2026-04-30 14:45:00,8751.60960499618,8760.361214601175,8742.857995391183,8751.60960499618,811,83.0,CRUDEOILM-SYNTH,INR,MCX,MCX Crude Oil Mini Futures,MCX,synthetic,15m,15,synthetic_intraday,SYNTHETIC_INTRADAY,2026-04-30 09:15:00+00:00,india_midday
2026-05-01,2026-05-01 09:00:00,8545.630401192,8554.176031593192,8537.084770790809,8545.630401192,341,83.0,CRUDEOILM-SYNTH,INR,MCX,MCX Crude Oil Mini Futures,MCX,synthetic,15m,15,synthetic_intraday,SYNTHETIC_INTRADAY,2026-05-01 03:30:00+00:00,mcx_open_drive
2026-05-01,2026-05-01 09:15:00,8545.630401192,8554.176031593192,8537.084770790809,8545.630401192,295,83.0,CRUDEOILM-SYNTH,INR,MCX,MCX Crude Oil Mini Futures,MCX,synthetic,15m,15,synthetic_intraday,SYNTHETIC_INTRADAY,2026-05-01 03:45:00+00:00,mcx_open_drive
2026-05-01,2026-05-01 09:30:00,8545.630401192,8554.176031593192,8537.084770790809,8545.630401192,989,83.0,CRUDEOILM-SYNTH,INR,MCX,MCX Crude Oil Mini Futures,MCX,synthetic,15m,15,synthetic_intraday,SYNTHETIC_INTRADAY,2026-05-01 04:00:00+00:00,mcx_open_drive
2026-05-01,2026-05-01 09:45:00,8545.630401192,8554.176031593192,8537.084770790809,8545.630401192,169,83.0,CRUDEOILM-SYNTH,INR,MCX,MCX Crude Oil Mini Futures,MCX,synthetic,15m,15,synthetic_intraday,SYNTHETIC_INTRADAY,2026-05-01 04:15:00+00:00,mcx_open_drive
2026-05-01,2026-05-01 10:00:00,8545.630401192,8554.176031593192,8537.084770790809,8545.630401192,628,83.0,CRUDEOILM-SYNTH,INR,MCX,MCX Crude Oil Mini Futures,MCX,synthetic,15m,15,synthetic_intraday,SYNTHETIC_INTRADAY,2026-05-01 04:30:00+00:00,mcx_open_drive
2026-05-01,2026-05-01 10:15:00,8545.630401192,8554.176031593192,8537.084770790809,8545.630401192,640,83.0,CRUDEOILM-SYNTH,INR,MCX,MCX Crude Oil Mini Futures,MCX,synthetic,15m,15,synthetic_intraday,SYNTHETIC_INTRADAY,2026-05-01 04:45:00+00:00,mcx_open_drive
2026-05-01,2026-05-01 10:30:00,8545.630401192,8554.176031593192,8537.084770790809,8545.630401192,196,83.0,CRUDEOILM-SYNTH,INR,MCX,MCX Crude Oil Mini Futures,MCX,synthetic,15m,15,synthetic_intraday,SYNTHETIC_INTRADAY,2026-05-01 05:00:00+00:00,india_morning
2026-05-01,2026-05-01 10:45:00,8545.630401192,8554.176031593192,8537.084770790809,8545.630401192,786,83.0,CRUDEOILM-SYNTH,INR,MCX,MCX Crude Oil Mini Futures,MCX,synthetic,15m,15,synthetic_intraday,SYNTHETIC_INTRADAY,2026-05-01 05:15:00+00:00,india_morning
2026-05-01,2026-05-01 11:00:00,8545.630401192,8554.176031593192,8537.084770790809,8545.630401192,611,83.0,CRUDEOILM-SYNTH,INR,MCX,MCX Crude Oil Mini Futures,MCX,synthetic,15m,15,synthetic_intraday,SYNTHETIC_INTRADAY,2026-05-01 05:30:00+00:00,india_morning
2026-05-01,2026-05-01 11:15:00,8545.630401192,8554.176031593192,8537.084770790809,8545.630401192,408,83.0,CRUDEOILM-SYNTH,INR,MCX,MCX Crude Oil Mini Futures,MCX,synthetic,15m,15,synthetic_intraday,SYNTHETIC_INTRADAY,2026-05-01 05:45:00+00:00,india_morning
2026-05-01,2026-05-01 11:30:00,8545.630401192,8554.176031593192,8537.084770790809,8545.630401192,141,83.0,CRUDEOILM-SYNTH,INR,MCX,MCX Crude Oil Mini Futures,MCX,synthetic,15m,15,synthetic_intraday,SYNTHETIC_INTRADAY,2026-05-01 06:00:00+00:00,india_morning
2026-05-01,2026-05-01 11:45:00,8545.630401192,8554.176031593192,8537.084770790809,8545.630401192,875,83.0,CRUDEOILM-SYNTH,INR,MCX,MCX Crude Oil Mini Futures,MCX,synthetic,15m,15,synthetic_intraday,SYNTHETIC_INTRADAY,2026-05-01 06:15:00+00:00,india_morning
2026-05-01,2026-05-01 12:00:00,8545.630401192,8554.176031593192,8537.084770790809,8545.630401192,278,83.0,CRUDEOILM-SYNTH,INR,MCX,MCX Crude Oil Mini Futures,MCX,synthetic,15m,15,synthetic_intraday,SYNTHETIC_INTRADAY,2026-05-01 06:30:00+00:00,india_morning
2026-05-01,2026-05-01 12:15:00,8545.630401192,8554.176031593192,8537.084770790809,8545.630401192,350,83.0,CRUDEOILM-SYNTH,INR,MCX,MCX Crude Oil Mini Futures,MCX,synthetic,15m,15,synthetic_intraday,SYNTHETIC_INTRADAY,2026-05-01 06:45:00+00:00,india_morning
2026-05-01,2026-05-01 12:30:00,8545.630401192,8554.176031593192,8537.084770790809,8545.630401192,480,83.0,CRUDEOILM-SYNTH,INR,MCX,MCX Crude Oil Mini Futures,MCX,synthetic,15m,15,synthetic_intraday,SYNTHETIC_INTRADAY,2026-05-01 07:00:00+00:00,india_midday
2026-05-01,2026-05-01 12:45:00,8545.630401192,8554.176031593192,8537.084770790809,8545.630401192,585,83.0,CRUDEOILM-SYNTH,INR,MCX,MCX Crude Oil Mini Futures,MCX,synthetic,15m,15,synthetic_intraday,SYNTHETIC_INTRADAY,2026-05-01 07:15:00+00:00,india_midday
2026-05-01,2026-05-01 13:00:00,8545.630401192,8554.176031593192,8537.084770790809,8545.630401192,655,83.0,CRUDEOILM-SYNTH,INR,MCX,MCX Crude Oil Mini Futures,MCX,synthetic,15m,15,synthetic_intraday,SYNTHETIC_INTRADAY,2026-05-01 07:30:00+00:00,india_midday
2026-05-01,2026-05-01 13:15:00,8535.844369942522,8544.380214312465,8527.30852557258,8535.844369942522,727,83.0,CRUDEOILM-SYNTH,INR,MCX,MCX Crude Oil Mini Futures,MCX,synthetic,15m,15,synthetic_intraday,SYNTHETIC_INTRADAY,2026-05-01 07:45:00+00:00,india_midday
2026-05-01,2026-05-01 13:30:00,8525.215616254307,8533.74083187056,8516.690400638052,8525.215616254307,836,83.0,CRUDEOILM-SYNTH,INR,MCX,MCX Crude Oil Mini Futures,MCX,synthetic,15m,15,synthetic_intraday,SYNTHETIC_INTRADAY,2026-05-01 08:00:00+00:00,india_midday
2026-05-01,2026-05-01 13:45:00,8508.373376923782,8516.881750300705,8499.865003546858,8508.373376923782,714,83.0,CRUDEOILM-SYNTH,INR,MCX,MCX Crude Oil Mini Futures,MCX,synthetic,15m,15,synthetic_intraday,SYNTHETIC_INTRADAY,2026-05-01 08:15:00+00:00,india_midday
2026-05-01,2026-05-01 14:00:00,8496.626318432076,8505.122944750507,8488.129692113644,8496.626318432076,645,83.0,CRUDEOILM-SYNTH,INR,MCX,MCX Crude Oil Mini Futures,MCX,synthetic,15m,15,synthetic_intraday,SYNTHETIC_INTRADAY,2026-05-01 08:30:00+00:00,india_midday
2026-05-01,2026-05-01 14:15:00,8484.415929250543,8492.900345179793,8475.931513321293,8484.415929250543,773,83.0,CRUDEOILM-SYNTH,INR,MCX,MCX Crude Oil Mini Futures,MCX,synthetic,15m,15,synthetic_intraday,SYNTHETIC_INTRADAY,2026-05-01 08:45:00+00:00,india_midday
2026-05-01,2026-05-01 14:30:00,8475.574448010451,8484.050022458461,8467.098873562441,8475.574448010451,144,83.0,CRUDEOILM-SYNTH,INR,MCX,MCX Crude Oil Mini Futures,MCX,synthetic,15m,15,synthetic_intraday,SYNTHETIC_INTRADAY,2026-05-01 09:00:00+00:00,india_midday
2026-05-01,2026-05-01 14:45:00,8466.510166279162,8474.97667644544,8458.043656112883,8466.510166279162,619,83.0,CRUDEOILM-SYNTH,INR,MCX,MCX Crude Oil Mini Futures,MCX,synthetic,15m,15,synthetic_intraday,SYNTHETIC_INTRADAY,2026-05-01 09:15:00+00:00,india_midday
2026-05-04,2026-05-04 09:00:00,8639.353750698,8647.993104448697,8630.714396947302,8639.353750698,381,83.0,CRUDEOILM-SYNTH,INR,MCX,MCX Crude Oil Mini Futures,MCX,synthetic,15m,15,synthetic_intraday,SYNTHETIC_INTRADAY,2026-05-04 03:30:00+00:00,mcx_open_drive
2026-05-04,2026-05-04 09:15:00,8639.353750698,8647.993104448697,8630.714396947302,8639.353750698,487,83.0,CRUDEOILM-SYNTH,INR,MCX,MCX Crude Oil Mini Futures,MCX,synthetic,15m,15,synthetic_intraday,SYNTHETIC_INTRADAY,2026-05-04 03:45:00+00:00,mcx_open_drive
2026-05-04,2026-05-04 09:30:00,8639.353750698,8647.993104448697,8630.714396947302,8639.353750698,460,83.0,CRUDEOILM-SYNTH,INR,MCX,MCX Crude Oil Mini Futures,MCX,synthetic,15m,15,synthetic_intraday,SYNTHETIC_INTRADAY,2026-05-04 04:00:00+00:00,mcx_open_drive
2026-05-04,2026-05-04 09:45:00,8639.353750698,8647.993104448697,8630.714396947302,8639.353750698,586,83.0,CRUDEOILM-SYNTH,INR,MCX,MCX Crude Oil Mini Futures,MCX,synthetic,15m,15,synthetic_intraday,SYNTHETIC_INTRADAY,2026-05-04 04:15:00+00:00,mcx_open_drive
2026-05-04,2026-05-04 10:00:00,8639.353750698,8647.993104448697,8630.714396947302,8639.353750698,593,83.0,CRUDEOILM-SYNTH,INR,MCX,MCX Crude Oil Mini Futures,MCX,synthetic,15m,15,synthetic_intraday,SYNTHETIC_INTRADAY,2026-05-04 04:30:00+00:00,mcx_open_drive
2026-05-04,2026-05-04 10:15:00,8639.353750698,8647.993104448697,8630.714396947302,8639.353750698,731,83.0,CRUDEOILM-SYNTH,INR,MCX,MCX Crude Oil Mini Futures,MCX,synthetic,15m,15,synthetic_intraday,SYNTHETIC_INTRADAY,2026-05-04 04:45:00+00:00,mcx_open_drive
2026-05-04,2026-05-04 10:30:00,8639.353750698,8647.993104448697,8630.714396947302,8639.353750698,896,83.0,CRUDEOILM-SYNTH,INR,MCX,MCX Crude Oil Mini Futures,MCX,synthetic,15m,15,synthetic_intraday,SYNTHETIC_INTRADAY,2026-05-04 05:00:00+00:00,india_morning
2026-05-04,2026-05-04 10:45:00,8639.353750698,8647.993104448697,8630.714396947302,8639.353750698,587,83.0,CRUDEOILM-SYNTH,INR,MCX,MCX Crude Oil Mini Futures,MCX,synthetic,15m,15,synthetic_intraday,SYNTHETIC_INTRADAY,2026-05-04 05:15:00+00:00,india_morning
2026-05-04,2026-05-04 11:00:00,8639.353750698,8647.993104448697,8630.714396947302,8639.353750698,645,83.0,CRUDEOILM-SYNTH,INR,MCX,MCX Crude Oil Mini Futures,MCX,synthetic,15m,15,synthetic_intraday,SYNTHETIC_INTRADAY,2026-05-04 05:30:00+00:00,india_morning
2026-05-04,2026-05-04 11:15:00,8639.353750698,8647.993104448697,8630.714396947302,8639.353750698,524,83.0,CRUDEOILM-SYNTH,INR,MCX,MCX Crude Oil Mini Futures,MCX,synthetic,15m,15,synthetic_intraday,SYNTHETIC_INTRADAY,2026-05-04 05:45:00+00:00,india_morning
2026-05-04,2026-05-04 11:30:00,8639.353750698,8647.993104448697,8630.714396947302,8639.353750698,448,83.0,CRUDEOILM-SYNTH,INR,MCX,MCX Crude Oil Mini Futures,MCX,synthetic,15m,15,synthetic_intraday,SYNTHETIC_INTRADAY,2026-05-04 06:00:00+00:00,india_morning
2026-05-04,2026-05-04 11:45:00,8639.353750698,8647.993104448697,8630.714396947302,8639.353750698,282,83.0,CRUDEOILM-SYNTH,INR,MCX,MCX Crude Oil Mini Futures,MCX,synthetic,15m,15,synthetic_intraday,SYNTHETIC_INTRADAY,2026-05-04 06:15:00+00:00,india_morning
2026-05-04,2026-05-04 12:00:00,8639.353750698,8647.993104448697,8630.714396947302,8639.353750698,963,83.0,CRUDEOILM-SYNTH,INR,MCX,MCX Crude Oil Mini Futures,MCX,synthetic,15m,15,synthetic_intraday,SYNTHETIC_INTRADAY,2026-05-04 06:30:00+00:00,india_morning
2026-05-04,2026-05-04 12:15:00,8639.353750698,8647.993104448697,8630.714396947302,8639.353750698,313,83.0,CRUDEOILM-SYNTH,INR,MCX,MCX Crude Oil Mini Futures,MCX,synthetic,15m,15,synthetic_intraday,SYNTHETIC_INTRADAY,2026-05-04 06:45:00+00:00,india_morning
2026-05-04,2026-05-04 12:30:00,8639.353750698,8647.993104448697,8630.714396947302,8639.353750698,835,83.0,CRUDEOILM-SYNTH,INR,MCX,MCX Crude Oil Mini Futures,MCX,synthetic,15m,15,synthetic_intraday,SYNTHETIC_INTRADAY,2026-05-04 07:00:00+00:00,india_midday
2026-05-04,2026-05-04 12:45:00,8639.353750698,8647.993104448697,8630.714396947302,8639.353750698,744,83.0,CRUDEOILM-SYNTH,INR,MCX,MCX Crude Oil Mini Futures,MCX,synthetic,15m,15,synthetic_intraday,SYNTHETIC_INTRADAY,2026-05-04 07:15:00+00:00,india_midday
2026-05-04,2026-05-04 13:00:00,8650.621929439036,8659.272551368475,8641.971307509597,8650.621929439036,132,83.0,CRUDEOILM-SYNTH,INR,MCX,MCX Crude Oil Mini Futures,MCX,synthetic,15m,15,synthetic_intraday,SYNTHETIC_INTRADAY,2026-05-04 07:30:00+00:00,india_midday
2026-05-04,2026-05-04 13:15:00,8662.678062363939,8671.340740426302,8654.015384301574,8662.678062363939,671,83.0,CRUDEOILM-SYNTH,INR,MCX,MCX Crude Oil Mini Futures,MCX,synthetic,15m,15,synthetic_intraday,SYNTHETIC_INTRADAY,2026-05-04 07:45:00+00:00,india_midday
2026-05-04,2026-05-04 13:30:00,8671.902717015206,8680.57461973222,8663.230814298191,8671.902717015206,106,83.0,CRUDEOILM-SYNTH,INR,MCX,MCX Crude Oil Mini Futures,MCX,synthetic,15m,15,synthetic_intraday,SYNTHETIC_INTRADAY,2026-05-04 08:00:00+00:00,india_midday
2026-05-04,2026-05-04 13:45:00,8676.507010633102,8685.183517643734,8667.830503622468,8676.507010633102,840,83.0,CRUDEOILM-SYNTH,INR,MCX,MCX Crude Oil Mini Futures,MCX,synthetic,15m,15,synthetic_intraday,SYNTHETIC_INTRADAY,2026-05-04 08:15:00+00:00,india_midday
2026-05-04,2026-05-04 14:00:00,8692.899102570937,8701.592001673507,8684.206203468366,8692.899102570937,388,83.0,CRUDEOILM-SYNTH,INR,MCX,MCX Crude Oil Mini Futures,MCX,synthetic,15m,15,synthetic_intraday,SYNTHETIC_INTRADAY,2026-05-04 08:30:00+00:00,india_midday
2026-05-04,2026-05-04 14:15:00,8703.636014403412,8712.339650417814,8694.932378389009,8703.636014403412,930,83.0,CRUDEOILM-SYNTH,INR,MCX,MCX Crude Oil Mini Futures,MCX,synthetic,15m,15,synthetic_intraday,SYNTHETIC_INTRADAY,2026-05-04 08:45:00+00:00,india_midday
2026-05-04,2026-05-04 14:30:00,8712.488418933903,8721.200907352835,8703.775930514968,8712.488418933903,626,83.0,CRUDEOILM-SYNTH,INR,MCX,MCX Crude Oil Mini Futures,MCX,synthetic,15m,15,synthetic_intraday,SYNTHETIC_INTRADAY,2026-05-04 09:00:00+00:00,india_midday
2026-05-04,2026-05-04 14:45:00,8727.02533372138,8735.7523590551,8718.298308387659,8727.02533372138,949,83.0,CRUDEOILM-SYNTH,INR,MCX,MCX Crude Oil Mini Futures,MCX,synthetic,15m,15,synthetic_intraday,SYNTHETIC_INTRADAY,2026-05-04 09:15:00+00:00,india_midday
2026-05-05,2026-05-05 09:00:00,8607.664425149002,8616.27208957415,8599.056760723852,8607.664425149002,748,83.0,CRUDEOILM-SYNTH,INR,MCX,MCX Crude Oil Mini Futures,MCX,synthetic,15m,15,synthetic_intraday,SYNTHETIC_INTRADAY,2026-05-05 03:30:00+00:00,mcx_open_drive
2026-05-05,2026-05-05 09:15:00,8607.664425149002,8616.27208957415,8599.056760723852,8607.664425149002,968,83.0,CRUDEOILM-SYNTH,INR,MCX,MCX Crude Oil Mini Futures,MCX,synthetic,15m,15,synthetic_intraday,SYNTHETIC_INTRADAY,2026-05-05 03:45:00+00:00,mcx_open_drive
2026-05-05,2026-05-05 09:30:00,8607.664425149002,8616.27208957415,8599.056760723852,8607.664425149002,816,83.0,CRUDEOILM-SYNTH,INR,MCX,MCX Crude Oil Mini Futures,MCX,synthetic,15m,15,synthetic_intraday,SYNTHETIC_INTRADAY,2026-05-05 04:00:00+00:00,mcx_open_drive
2026-05-05,2026-05-05 09:45:00,8607.664425149002,8616.27208957415,8599.056760723852,8607.664425149002,662,83.0,CRUDEOILM-SYNTH,INR,MCX,MCX Crude Oil Mini Futures,MCX,synthetic,15m,15,synthetic_intraday,SYNTHETIC_INTRADAY,2026-05-05 04:15:00+00:00,mcx_open_drive
2026-05-05,2026-05-05 10:00:00,8607.664425149002,8616.27208957415,8599.056760723852,8607.664425149002,676,83.0,CRUDEOILM-SYNTH,INR,MCX,MCX Crude Oil Mini Futures,MCX,synthetic,15m,15,synthetic_intraday,SYNTHETIC_INTRADAY,2026-05-05 04:30:00+00:00,mcx_open_drive
2026-05-05,2026-05-05 10:15:00,8607.664425149002,8616.27208957415,8599.056760723852,8607.664425149002,655,83.0,CRUDEOILM-SYNTH,INR,MCX,MCX Crude Oil Mini Futures,MCX,synthetic,15m,15,synthetic_intraday,SYNTHETIC_INTRADAY,2026-05-05 04:45:00+00:00,mcx_open_drive
2026-05-05,2026-05-05 10:30:00,8607.664425149002,8616.27208957415,8599.056760723852,8607.664425149002,134,83.0,CRUDEOILM-SYNTH,INR,MCX,MCX Crude Oil Mini Futures,MCX,synthetic,15m,15,synthetic_intraday,SYNTHETIC_INTRADAY,2026-05-05 05:00:00+00:00,india_morning
2026-05-05,2026-05-05 10:45:00,8607.664425149002,8616.27208957415,8599.056760723852,8607.664425149002,527,83.0,CRUDEOILM-SYNTH,INR,MCX,MCX Crude Oil Mini Futures,MCX,synthetic,15m,15,synthetic_intraday,SYNTHETIC_INTRADAY,2026-05-05 05:15:00+00:00,india_morning
2026-05-05,2026-05-05 11:00:00,8607.664425149002,8616.27208957415,8599.056760723852,8607.664425149002,692,83.0,CRUDEOILM-SYNTH,INR,MCX,MCX Crude Oil Mini Futures,MCX,synthetic,15m,15,synthetic_intraday,SYNTHETIC_INTRADAY,2026-05-05 05:30:00+00:00,india_morning
2026-05-05,2026-05-05 11:15:00,8607.664425149002,8616.27208957415,8599.056760723852,8607.664425149002,835,83.0,CRUDEOILM-SYNTH,INR,MCX,MCX Crude Oil Mini Futures,MCX,synthetic,15m,15,synthetic_intraday,SYNTHETIC_INTRADAY,2026-05-05 05:45:00+00:00,india_morning
2026-05-05,2026-05-05 11:30:00,8607.664425149002,8616.27208957415,8599.056760723852,8607.664425149002,153,83.0,CRUDEOILM-SYNTH,INR,MCX,MCX Crude Oil Mini Futures,MCX,synthetic,15m,15,synthetic_intraday,SYNTHETIC_INTRADAY,2026-05-05 06:00:00+00:00,india_morning
2026-05-05,2026-05-05 11:45:00,8607.664425149002,8616.27208957415,8599.056760723852,8607.664425149002,469,83.0,CRUDEOILM-SYNTH,INR,MCX,MCX Crude Oil Mini Futures,MCX,synthetic,15m,15,synthetic_intraday,SYNTHETIC_INTRADAY,2026-05-05 06:15:00+00:00,india_morning
2026-05-05,2026-05-05 12:00:00,8607.664425149002,8616.27208957415,8599.056760723852,8607.664425149002,330,83.0,CRUDEOILM-SYNTH,INR,MCX,MCX Crude Oil Mini Futures,MCX,synthetic,15m,15,synthetic_intraday,SYNTHETIC_INTRADAY,2026-05-05 06:30:00+00:00,india_morning
2026-05-05,2026-05-05 12:15:00,8607.664425149002,8616.27208957415,8599.056760723852,8607.664425149002,649,83.0,CRUDEOILM-SYNTH,INR,MCX,MCX Crude Oil Mini Futures,MCX,synthetic,15m,15,synthetic_intraday,SYNTHETIC_INTRADAY,2026-05-05 06:45:00+00:00,india_morning
2026-05-05,2026-05-05 12:30:00,8601.013059014671,8609.614072073684,8592.412045955656,8601.013059014671,754,83.0,CRUDEOILM-SYNTH,INR,MCX,MCX Crude Oil Mini Futures,MCX,synthetic,15m,15,synthetic_intraday,SYNTHETIC_INTRADAY,2026-05-05 07:00:00+00:00,india_midday
2026-05-05,2026-05-05 12:45:00,8591.854941462114,8600.446796403576,8583.263086520652,8591.854941462114,842,83.0,CRUDEOILM-SYNTH,INR,MCX,MCX Crude Oil Mini Futures,MCX,synthetic,15m,15,synthetic_intraday,SYNTHETIC_INTRADAY,2026-05-05 07:15:00+00:00,india_midday
2026-05-05,2026-05-05 13:00:00,8579.251727532934,8587.830979260465,8570.6724758054,8579.251727532934,566,83.0,CRUDEOILM-SYNTH,INR,MCX,MCX Crude Oil Mini Futures,MCX,synthetic,15m,15,synthetic_intraday,SYNTHETIC_INTRADAY,2026-05-05 07:30:00+00:00,india_midday
2026-05-05,2026-05-05 13:15:00,8575.122555667267,8583.697678222934,8566.5474331116,8575.122555667267,112,83.0,CRUDEOILM-SYNTH,INR,MCX,MCX Crude Oil Mini Futures,MCX,synthetic,15m,15,synthetic_intraday,SYNTHETIC_INTRADAY,2026-05-05 07:45:00+00:00,india_midday
2026-05-05,2026-05-05 13:30:00,8569.836980633208,8578.40681761384,8561.267143652576,8569.836980633208,853,83.0,CRUDEOILM-SYNTH,INR,MCX,MCX Crude Oil Mini Futures,MCX,synthetic,15m,15,synthetic_intraday,SYNTHETIC_INTRADAY,2026-05-05 08:00:00+00:00,india_midday
2026-05-05,2026-05-05 13:45:00,8558.851488253937,8567.41033974219,8550.292636765682,8558.851488253937,372,83.0,CRUDEOILM-SYNTH,INR,MCX,MCX Crude Oil Mini Futures,MCX,synthetic,15m,15,synthetic_intraday,SYNTHETIC_INTRADAY,2026-05-05 08:15:00+00:00,india_midday
2026-05-05,2026-05-05 14:00:00,8550.352912811974,8558.903265724784,8541.80255989916,8550.352912811974,177,83.0,CRUDEOILM-SYNTH,INR,MCX,MCX Crude Oil Mini Futures,MCX,synthetic,15m,15,synthetic_intraday,SYNTHETIC_INTRADAY,2026-05-05 08:30:00+00:00,india_midday
2026-05-05,2026-05-05 14:15:00,8542.769384318439,8551.312153702756,8534.226614934121,8542.769384318439,750,83.0,CRUDEOILM-SYNTH,INR,MCX,MCX Crude Oil Mini Futures,MCX,synthetic,15m,15,synthetic_intraday,SYNTHETIC_INTRADAY,2026-05-05 08:45:00+00:00,india_midday
2026-05-05,2026-05-05 14:30:00,8533.200315933298,8541.73351624923,8524.667115617365,8533.200315933298,591,83.0,CRUDEOILM-SYNTH,INR,MCX,MCX Crude Oil Mini Futures,MCX,synthetic,15m,15,synthetic_intraday,SYNTHETIC_INTRADAY,2026-05-05 09:00:00+00:00,india_midday
2026-05-05,2026-05-05 14:45:00,8526.614331710569,8535.140946042278,8518.087717378858,8526.614331710569,350,83.0,CRUDEOILM-SYNTH,INR,MCX,MCX Crude Oil Mini Futures,MCX,synthetic,15m,15,synthetic_intraday,SYNTHETIC_INTRADAY,2026-05-05 09:15:00+00:00,india_midday
2026-05-06,2026-05-06 09:00:00,8065.2842228764,8073.349507099276,8057.218938653524,8065.2842228764,498,83.0,CRUDEOILM-SYNTH,INR,MCX,MCX Crude Oil Mini Futures,MCX,synthetic,15m,15,synthetic_intraday,SYNTHETIC_INTRADAY,2026-05-06 03:30:00+00:00,mcx_open_drive
2026-05-06,2026-05-06 09:15:00,8065.2842228764,8073.349507099276,8057.218938653524,8065.2842228764,955,83.0,CRUDEOILM-SYNTH,INR,MCX,MCX Crude Oil Mini Futures,MCX,synthetic,15m,15,synthetic_intraday,SYNTHETIC_INTRADAY,2026-05-06 03:45:00+00:00,mcx_open_drive
2026-05-06,2026-05-06 09:30:00,8065.2842228764,8073.349507099276,8057.218938653524,8065.2842228764,828,83.0,CRUDEOILM-SYNTH,INR,MCX,MCX Crude Oil Mini Futures,MCX,synthetic,15m,15,synthetic_intraday,SYNTHETIC_INTRADAY,2026-05-06 04:00:00+00:00,mcx_open_drive
2026-05-06,2026-05-06 09:45:00,8065.2842228764,8073.349507099276,8057.218938653524,8065.2842228764,945,83.0,CRUDEOILM-SYNTH,INR,MCX,MCX Crude Oil Mini Futures,MCX,synthetic,15m,15,synthetic_intraday,SYNTHETIC_INTRADAY,2026-05-06 04:15:00+00:00,mcx_open_drive
2026-05-06,2026-05-06 10:00:00,8065.2842228764,8073.349507099276,8057.218938653524,8065.2842228764,816,83.0,CRUDEOILM-SYNTH,INR,MCX,MCX Crude Oil Mini Futures,MCX,synthetic,15m,15,synthetic_intraday,SYNTHETIC_INTRADAY,2026-05-06 04:30:00+00:00,mcx_open_drive
2026-05-06,2026-05-06 10:15:00,8065.2842228764,8073.349507099276,8057.218938653524,8065.2842228764,111,83.0,CRUDEOILM-SYNTH,INR,MCX,MCX Crude Oil Mini Futures,MCX,synthetic,15m,15,synthetic_intraday,SYNTHETIC_INTRADAY,2026-05-06 04:45:00+00:00,mcx_open_drive
2026-05-06,2026-05-06 10:30:00,8065.2842228764,8073.349507099276,8057.218938653524,8065.2842228764,959,83.0,CRUDEOILM-SYNTH,INR,MCX,MCX Crude Oil Mini Futures,MCX,synthetic,15m,15,synthetic_intraday,SYNTHETIC_INTRADAY,2026-05-06 05:00:00+00:00,india_morning
2026-05-06,2026-05-06 10:45:00,8065.2842228764,8073.349507099276,8057.218938653524,8065.2842228764,303,83.0,CRUDEOILM-SYNTH,INR,MCX,MCX Crude Oil Mini Futures,MCX,synthetic,15m,15,synthetic_intraday,SYNTHETIC_INTRADAY,2026-05-06 05:15:00+00:00,india_morning
2026-05-06,2026-05-06 11:00:00,8065.2842228764,8073.349507099276,8057.218938653524,8065.2842228764,784,83.0,CRUDEOILM-SYNTH,INR,MCX,MCX Crude Oil Mini Futures,MCX,synthetic,15m,15,synthetic_intraday,SYNTHETIC_INTRADAY,2026-05-06 05:30:00+00:00,india_morning
2026-05-06,2026-05-06 11:15:00,8065.2842228764,8073.349507099276,8057.218938653524,8065.2842228764,305,83.0,CRUDEOILM-SYNTH,INR,MCX,MCX Crude Oil Mini Futures,MCX,synthetic,15m,15,synthetic_intraday,SYNTHETIC_INTRADAY,2026-05-06 05:45:00+00:00,india_morning
2026-05-06,2026-05-06 11:30:00,8065.2842228764,8073.349507099276,8057.218938653524,8065.2842228764,162,83.0,CRUDEOILM-SYNTH,INR,MCX,MCX Crude Oil Mini Futures,MCX,synthetic,15m,15,synthetic_intraday,SYNTHETIC_INTRADAY,2026-05-06 06:00:00+00:00,india_morning
2026-05-06,2026-05-06 11:45:00,8065.2842228764,8073.349507099276,8057.218938653524,8065.2842228764,222,83.0,CRUDEOILM-SYNTH,INR,MCX,MCX Crude Oil Mini Futures,MCX,synthetic,15m,15,synthetic_intraday,SYNTHETIC_INTRADAY,2026-05-06 06:15:00+00:00,india_morning
2026-05-06,2026-05-06 12:00:00,8065.2842228764,8073.349507099276,8057.218938653524,8065.2842228764,973,83.0,CRUDEOILM-SYNTH,INR,MCX,MCX Crude Oil Mini Futures,MCX,synthetic,15m,15,synthetic_intraday,SYNTHETIC_INTRADAY,2026-05-06 06:30:00+00:00,india_morning
2026-05-06,2026-05-06 12:15:00,8065.2842228764,8073.349507099276,8057.218938653524,8065.2842228764,811,83.0,CRUDEOILM-SYNTH,INR,MCX,MCX Crude Oil Mini Futures,MCX,synthetic,15m,15,synthetic_intraday,SYNTHETIC_INTRADAY,2026-05-06 06:45:00+00:00,india_morning
2026-05-06,2026-05-06 12:30:00,8065.2842228764,8073.349507099276,8057.218938653524,8065.2842228764,641,83.0,CRUDEOILM-SYNTH,INR,MCX,MCX Crude Oil Mini Futures,MCX,synthetic,15m,15,synthetic_intraday,SYNTHETIC_INTRADAY,2026-05-06 07:00:00+00:00,india_midday
2026-05-06,2026-05-06 12:45:00,8065.2842228764,8073.349507099276,8057.218938653524,8065.2842228764,898,83.0,CRUDEOILM-SYNTH,INR,MCX,MCX Crude Oil Mini Futures,MCX,synthetic,15m,15,synthetic_intraday,SYNTHETIC_INTRADAY,2026-05-06 07:15:00+00:00,india_midday
2026-05-06,2026-05-06 13:00:00,8065.2842228764,8073.349507099276,8057.218938653524,8065.2842228764,493,83.0,CRUDEOILM-SYNTH,INR,MCX,MCX Crude Oil Mini Futures,MCX,synthetic,15m,15,synthetic_intraday,SYNTHETIC_INTRADAY,2026-05-06 07:30:00+00:00,india_midday
2026-05-06,2026-05-06 13:15:00,8065.2842228764,8073.349507099276,8057.218938653524,8065.2842228764,508,83.0,CRUDEOILM-SYNTH,INR,MCX,MCX Crude Oil Mini Futures,MCX,synthetic,15m,15,synthetic_intraday,SYNTHETIC_INTRADAY,2026-05-06 07:45:00+00:00,india_midday
2026-05-06,2026-05-06 13:30:00,8065.2842228764,8073.349507099276,8057.218938653524,8065.2842228764,903,83.0,CRUDEOILM-SYNTH,INR,MCX,MCX Crude Oil Mini Futures,MCX,synthetic,15m,15,synthetic_intraday,SYNTHETIC_INTRADAY,2026-05-06 08:00:00+00:00,india_midday
2026-05-06,2026-05-06 13:45:00,8065.2842228764,8073.349507099276,8057.218938653524,8065.2842228764,260,83.0,CRUDEOILM-SYNTH,INR,MCX,MCX Crude Oil Mini Futures,MCX,synthetic,15m,15,synthetic_intraday,SYNTHETIC_INTRADAY,2026-05-06 08:15:00+00:00,india_midday
2026-05-06,2026-05-06 14:00:00,8059.453994373674,8067.513448368047,8051.3945403792995,8059.453994373674,712,83.0,CRUDEOILM-SYNTH,INR,MCX,MCX Crude Oil Mini Futures,MCX,synthetic,15m,15,synthetic_intraday,SYNTHETIC_INTRADAY,2026-05-06 08:30:00+00:00,india_midday
2026-05-06,2026-05-06 14:15:00,8022.507615921556,8030.530123537476,8014.485108305635,8022.507615921556,533,83.0,CRUDEOILM-SYNTH,INR,MCX,MCX Crude Oil Mini Futures,MCX,synthetic,15m,15,synthetic_intraday,SYNTHETIC_INTRADAY,2026-05-06 08:45:00+00:00,india_midday
2026-05-06,2026-05-06 14:30:00,8010.050718088186,8018.060768806273,8002.040667370098,8010.050718088186,714,83.0,CRUDEOILM-SYNTH,INR,MCX,MCX Crude Oil Mini Futures,MCX,synthetic,15m,15,synthetic_intraday,SYNTHETIC_INTRADAY,2026-05-06 09:00:00+00:00,india_midday
2026-05-06,2026-05-06 14:45:00,7981.689758854226,7989.6714486130795,7973.708069095372,7981.689758854226,458,83.0,CRUDEOILM-SYNTH,INR,MCX,MCX Crude Oil Mini Futures,MCX,synthetic,15m,15,synthetic_intraday,SYNTHETIC_INTRADAY,2026-05-06 09:15:00+00:00,india_midday
2026-05-07,2026-05-07 09:00:00,8024.7225007422,8032.747223242942,8016.697778241458,8024.7225007422,270,83.0,CRUDEOILM-SYNTH,INR,MCX,MCX Crude Oil Mini Futures,MCX,synthetic,15m,15,synthetic_intraday,SYNTHETIC_INTRADAY,2026-05-07 03:30:00+00:00,mcx_open_drive
2026-05-07,2026-05-07 09:15:00,8024.7225007422,8032.747223242942,8016.697778241458,8024.7225007422,710,83.0,CRUDEOILM-SYNTH,INR,MCX,MCX Crude Oil Mini Futures,MCX,synthetic,15m,15,synthetic_intraday,SYNTHETIC_INTRADAY,2026-05-07 03:45:00+00:00,mcx_open_drive
2026-05-07,2026-05-07 09:30:00,8024.7225007422,8032.747223242942,8016.697778241458,8024.7225007422,368,83.0,CRUDEOILM-SYNTH,INR,MCX,MCX Crude Oil Mini Futures,MCX,synthetic,15m,15,synthetic_intraday,SYNTHETIC_INTRADAY,2026-05-07 04:00:00+00:00,mcx_open_drive
2026-05-07,2026-05-07 09:45:00,8024.7225007422,8032.747223242942,8016.697778241458,8024.7225007422,559,83.0,CRUDEOILM-SYNTH,INR,MCX,MCX Crude Oil Mini Futures,MCX,synthetic,15m,15,synthetic_intraday,SYNTHETIC_INTRADAY,2026-05-07 04:15:00+00:00,mcx_open_drive
2026-05-07,2026-05-07 10:00:00,8024.7225007422,8032.747223242942,8016.697778241458,8024.7225007422,479,83.0,CRUDEOILM-SYNTH,INR,MCX,MCX Crude Oil Mini Futures,MCX,synthetic,15m,15,synthetic_intraday,SYNTHETIC_INTRADAY,2026-05-07 04:30:00+00:00,mcx_open_drive
2026-05-07,2026-05-07 10:15:00,8024.7225007422,8032.747223242942,8016.697778241458,8024.7225007422,946,83.0,CRUDEOILM-SYNTH,INR,MCX,MCX Crude Oil Mini Futures,MCX,synthetic,15m,15,synthetic_intraday,SYNTHETIC_INTRADAY,2026-05-07 04:45:00+00:00,mcx_open_drive
2026-05-07,2026-05-07 10:30:00,8024.7225007422,8032.747223242942,8016.697778241458,8024.7225007422,422,83.0,CRUDEOILM-SYNTH,INR,MCX,MCX Crude Oil Mini Futures,MCX,synthetic,15m,15,synthetic_intraday,SYNTHETIC_INTRADAY,2026-05-07 05:00:00+00:00,india_morning
2026-05-07,2026-05-07 10:45:00,8024.7225007422,8032.747223242942,8016.697778241458,8024.7225007422,510,83.0,CRUDEOILM-SYNTH,INR,MCX,MCX Crude Oil Mini Futures,MCX,synthetic,15m,15,synthetic_intraday,SYNTHETIC_INTRADAY,2026-05-07 05:15:00+00:00,india_morning
2026-05-07,2026-05-07 11:00:00,8025.054487800554,8033.079542288354,8017.029433312753,8025.054487800554,355,83.0,CRUDEOILM-SYNTH,INR,MCX,MCX Crude Oil Mini Futures,MCX,synthetic,15m,15,synthetic_intraday,SYNTHETIC_INTRADAY,2026-05-07 05:30:00+00:00,india_morning
2026-05-07,2026-05-07 11:15:00,8028.508342320748,8036.5368506630675,8020.479833978427,8028.508342320748,816,83.0,CRUDEOILM-SYNTH,INR,MCX,MCX Crude Oil Mini Futures,MCX,synthetic,15m,15,synthetic_intraday,SYNTHETIC_INTRADAY,2026-05-07 05:45:00+00:00,india_morning
2026-05-07,2026-05-07 11:30:00,8038.588823906314,8046.6274127302195,8030.550235082408,8038.588823906314,909,83.0,CRUDEOILM-SYNTH,INR,MCX,MCX Crude Oil Mini Futures,MCX,synthetic,15m,15,synthetic_intraday,SYNTHETIC_INTRADAY,2026-05-07 06:00:00+00:00,india_morning
2026-05-07,2026-05-07 11:45:00,8040.398253409548,8048.4386516629565,8032.357855156138,8040.398253409548,782,83.0,CRUDEOILM-SYNTH,INR,MCX,MCX Crude Oil Mini Futures,MCX,synthetic,15m,15,synthetic_intraday,SYNTHETIC_INTRADAY,2026-05-07 06:15:00+00:00,india_morning
2026-05-07,2026-05-07 12:00:00,8056.96649822881,8065.023464727038,8048.909531730582,8056.96649822881,144,83.0,CRUDEOILM-SYNTH,INR,MCX,MCX Crude Oil Mini Futures,MCX,synthetic,15m,15,synthetic_intraday,SYNTHETIC_INTRADAY,2026-05-07 06:30:00+00:00,india_morning
2026-05-07,2026-05-07 12:15:00,8049.328867303843,8057.378196171147,8041.279538436539,8049.328867303843,459,83.0,CRUDEOILM-SYNTH,INR,MCX,MCX Crude Oil Mini Futures,MCX,synthetic,15m,15,synthetic_intraday,SYNTHETIC_INTRADAY,2026-05-07 06:45:00+00:00,india_morning
2026-05-07,2026-05-07 12:30:00,8061.925751454948,8069.987677206403,8053.863825703494,8061.925751454948,655,83.0,CRUDEOILM-SYNTH,INR,MCX,MCX Crude Oil Mini Futures,MCX,synthetic,15m,15,synthetic_intraday,SYNTHETIC_INTRADAY,2026-05-07 07:00:00+00:00,india_midday
2026-05-07,2026-05-07 12:45:00,8063.402893325703,8071.466296219028,8055.339490432378,8063.402893325703,344,83.0,CRUDEOILM-SYNTH,INR,MCX,MCX Crude Oil Mini Futures,MCX,synthetic,15m,15,synthetic_intraday,SYNTHETIC_INTRADAY,2026-05-07 07:15:00+00:00,india_midday
2026-05-07,2026-05-07 13:00:00,8066.664566049753,8074.731230615802,8058.597901483704,8066.664566049753,862,83.0,CRUDEOILM-SYNTH,INR,MCX,MCX Crude Oil Mini Futures,MCX,synthetic,15m,15,synthetic_intraday,SYNTHETIC_INTRADAY,2026-05-07 07:30:00+00:00,india_midday
2026-05-07,2026-05-07 13:15:00,8073.250403519712,8081.32365392323,8065.177153116192,8073.250403519712,533,83.0,CRUDEOILM-SYNTH,INR,MCX,MCX Crude Oil Mini Futures,MCX,synthetic,15m,15,synthetic_intraday,SYNTHETIC_INTRADAY,2026-05-07 07:45:00+00:00,india_midday
2026-05-07,2026-05-07 13:30:00,8074.959810598202,8083.0347704088,8066.884850787604,8074.959810598202,145,83.0,CRUDEOILM-SYNTH,INR,MCX,MCX Crude Oil Mini Futures,MCX,synthetic,15m,15,synthetic_intraday,SYNTHETIC_INTRADAY,2026-05-07 08:00:00+00:00,india_midday
2026-05-07,2026-05-07 13:45:00,8084.545828369173,8092.630374197542,8076.461282540804,8084.545828369173,695,83.0,CRUDEOILM-SYNTH,INR,MCX,MCX Crude Oil Mini Futures,MCX,synthetic,15m,15,synthetic_intraday,SYNTHETIC_INTRADAY,2026-05-07 08:15:00+00:00,india_midday
2026-05-07,2026-05-07 14:00:00,8088.142922124096,8096.23106504622,8080.0547792019715,8088.142922124096,127,83.0,CRUDEOILM-SYNTH,INR,MCX,MCX Crude Oil Mini Futures,MCX,synthetic,15m,15,synthetic_intraday,SYNTHETIC_INTRADAY,2026-05-07 08:30:00+00:00,india_midday
2026-05-07,2026-05-07 14:15:00,8095.552915265903,8103.648468181168,8087.457362350637,8095.552915265903,837,83.0,CRUDEOILM-SYNTH,INR,MCX,MCX Crude Oil Mini Futures,MCX,synthetic,15m,15,synthetic_intraday,SYNTHETIC_INTRADAY,2026-05-07 08:45:00+00:00,india_midday
2026-05-07,2026-05-07 14:30:00,8100.224744109578,8108.324968853686,8092.124519365469,8100.224744109578,748,83.0,CRUDEOILM-SYNTH,INR,MCX,MCX Crude Oil Mini Futures,MCX,synthetic,15m,15,synthetic_intraday,SYNTHETIC_INTRADAY,2026-05-07 09:00:00+00:00,india_midday
2026-05-07,2026-05-07 14:45:00,8110.508995733975,8118.619504729708,8102.398486738241,8110.508995733975,261,83.0,CRUDEOILM-SYNTH,INR,MCX,MCX Crude Oil Mini Futures,MCX,synthetic,15m,15,synthetic_intraday,SYNTHETIC_INTRADAY,2026-05-07 09:15:00+00:00,india_midday
2026-05-08,2026-05-08 09:00:00,7996.5436488637,8004.5401925125625,7988.547105214836,7996.5436488637,132,83.0,CRUDEOILM-SYNTH,INR,MCX,MCX Crude Oil Mini Futures,MCX,synthetic,15m,15,synthetic_intraday,SYNTHETIC_INTRADAY,2026-05-08 03:30:00+00:00,mcx_open_drive
2026-05-08,2026-05-08 09:15:00,7996.5436488637,8004.5401925125625,7988.547105214836,7996.5436488637,360,83.0,CRUDEOILM-SYNTH,INR,MCX,MCX Crude Oil Mini Futures,MCX,synthetic,15m,15,synthetic_intraday,SYNTHETIC_INTRADAY,2026-05-08 03:45:00+00:00,mcx_open_drive
2026-05-08,2026-05-08 09:30:00,7996.5436488637,8004.5401925125625,7988.547105214836,7996.5436488637,248,83.0,CRUDEOILM-SYNTH,INR,MCX,MCX Crude Oil Mini Futures,MCX,synthetic,15m,15,synthetic_intraday,SYNTHETIC_INTRADAY,2026-05-08 04:00:00+00:00,mcx_open_drive
2026-05-08,2026-05-08 09:45:00,7996.5436488637,8004.5401925125625,7988.547105214836,7996.5436488637,372,83.0,CRUDEOILM-SYNTH,INR,MCX,MCX Crude Oil Mini Futures,MCX,synthetic,15m,15,synthetic_intraday,SYNTHETIC_INTRADAY,2026-05-08 04:15:00+00:00,mcx_open_drive
2026-05-08,2026-05-08 10:00:00,7996.5436488637,8004.5401925125625,7988.547105214836,7996.5436488637,801,83.0,CRUDEOILM-SYNTH,INR,MCX,MCX Crude Oil Mini Futures,MCX,synthetic,15m,15,synthetic_intraday,SYNTHETIC_INTRADAY,2026-05-08 04:30:00+00:00,mcx_open_drive
2026-05-08,2026-05-08 10:15:00,7996.5436488637,8004.5401925125625,7988.547105214836,7996.5436488637,421,83.0,CRUDEOILM-SYNTH,INR,MCX,MCX Crude Oil Mini Futures,MCX,synthetic,15m,15,synthetic_intraday,SYNTHETIC_INTRADAY,2026-05-08 04:45:00+00:00,mcx_open_drive
2026-05-08,2026-05-08 10:30:00,7996.5436488637,8004.5401925125625,7988.547105214836,7996.5436488637,357,83.0,CRUDEOILM-SYNTH,INR,MCX,MCX Crude Oil Mini Futures,MCX,synthetic,15m,15,synthetic_intraday,SYNTHETIC_INTRADAY,2026-05-08 05:00:00+00:00,india_morning
2026-05-08,2026-05-08 10:45:00,7996.5436488637,8004.5401925125625,7988.547105214836,7996.5436488637,979,83.0,CRUDEOILM-SYNTH,INR,MCX,MCX Crude Oil Mini Futures,MCX,synthetic,15m,15,synthetic_intraday,SYNTHETIC_INTRADAY,2026-05-08 05:15:00+00:00,india_morning
2026-05-08,2026-05-08 11:00:00,7996.5436488637,8004.5401925125625,7988.547105214836,7996.5436488637,937,83.0,CRUDEOILM-SYNTH,INR,MCX,MCX Crude Oil Mini Futures,MCX,synthetic,15m,15,synthetic_intraday,SYNTHETIC_INTRADAY,2026-05-08 05:30:00+00:00,india_morning
2026-05-08,2026-05-08 11:15:00,7996.5436488637,8004.5401925125625,7988.547105214836,7996.5436488637,502,83.0,CRUDEOILM-SYNTH,INR,MCX,MCX Crude Oil Mini Futures,MCX,synthetic,15m,15,synthetic_intraday,SYNTHETIC_INTRADAY,2026-05-08 05:45:00+00:00,india_morning
2026-05-08,2026-05-08 11:30:00,7996.5436488637,8004.5401925125625,7988.547105214836,7996.5436488637,186,83.0,CRUDEOILM-SYNTH,INR,MCX,MCX Crude Oil Mini Futures,MCX,synthetic,15m,15,synthetic_intraday,SYNTHETIC_INTRADAY,2026-05-08 06:00:00+00:00,india_morning
2026-05-08,2026-05-08 11:45:00,7996.5436488637,8004.5401925125625,7988.547105214836,7996.5436488637,344,83.0,CRUDEOILM-SYNTH,INR,MCX,MCX Crude Oil Mini Futures,MCX,synthetic,15m,15,synthetic_intraday,SYNTHETIC_INTRADAY,2026-05-08 06:15:00+00:00,india_morning
2026-05-08,2026-05-08 12:00:00,7996.5436488637,8004.5401925125625,7988.547105214836,7996.5436488637,173,83.0,CRUDEOILM-SYNTH,INR,MCX,MCX Crude Oil Mini Futures,MCX,synthetic,15m,15,synthetic_intraday,SYNTHETIC_INTRADAY,2026-05-08 06:30:00+00:00,india_morning
2026-05-08,2026-05-08 12:15:00,7996.218437684276,8004.21465612196,7988.2222192465915,7996.218437684276,300,83.0,CRUDEOILM-SYNTH,INR,MCX,MCX Crude Oil Mini Futures,MCX,synthetic,15m,15,synthetic_intraday,SYNTHETIC_INTRADAY,2026-05-08 06:45:00+00:00,india_morning
2026-05-08,2026-05-08 12:30:00,7993.05643280833,8001.049489241138,7985.063376375521,7993.05643280833,417,83.0,CRUDEOILM-SYNTH,INR,MCX,MCX Crude Oil Mini Futures,MCX,synthetic,15m,15,synthetic_intraday,SYNTHETIC_INTRADAY,2026-05-08 07:00:00+00:00,india_midday
2026-05-08,2026-05-08 12:45:00,7975.604427543185,7983.580031970728,7967.628823115642,7975.604427543185,296,83.0,CRUDEOILM-SYNTH,INR,MCX,MCX Crude Oil Mini Futures,MCX,synthetic,15m,15,synthetic_intraday,SYNTHETIC_INTRADAY,2026-05-08 07:15:00+00:00,india_midday
2026-05-08,2026-05-08 13:00:00,7972.008073322514,7979.980081395835,7964.036065249192,7972.008073322514,329,83.0,CRUDEOILM-SYNTH,INR,MCX,MCX Crude Oil Mini Futures,MCX,synthetic,15m,15,synthetic_intraday,SYNTHETIC_INTRADAY,2026-05-08 07:30:00+00:00,india_midday
2026-05-08,2026-05-08 13:15:00,7965.916067293593,7973.881983360886,7957.9501512263,7965.916067293593,984,83.0,CRUDEOILM-SYNTH,INR,MCX,MCX Crude Oil Mini Futures,MCX,synthetic,15m,15,synthetic_intraday,SYNTHETIC_INTRADAY,2026-05-08 07:45:00+00:00,india_midday
2026-05-08,2026-05-08 13:30:00,7964.12718747769,7972.091314665167,7956.163060290212,7964.12718747769,972,83.0,CRUDEOILM-SYNTH,INR,MCX,MCX Crude Oil Mini Futures,MCX,synthetic,15m,15,synthetic_intraday,SYNTHETIC_INTRADAY,2026-05-08 08:00:00+00:00,india_midday
2026-05-08,2026-05-08 13:45:00,7947.6019933332045,7955.549595326537,7939.654391339871,7947.6019933332045,749,83.0,CRUDEOILM-SYNTH,INR,MCX,MCX Crude Oil Mini Futures,MCX,synthetic,15m,15,synthetic_intraday,SYNTHETIC_INTRADAY,2026-05-08 08:15:00+00:00,india_midday
2026-05-08,2026-05-08 14:00:00,7942.830498286716,7950.7733287850015,7934.887667788429,7942.830498286716,291,83.0,CRUDEOILM-SYNTH,INR,MCX,MCX Crude Oil Mini Futures,MCX,synthetic,15m,15,synthetic_intraday,SYNTHETIC_INTRADAY,2026-05-08 08:30:00+00:00,india_midday
2026-05-08,2026-05-08 14:15:00,7929.929730562463,7937.859660293025,7921.999800831901,7929.929730562463,609,83.0,CRUDEOILM-SYNTH,INR,MCX,MCX Crude Oil Mini Futures,MCX,synthetic,15m,15,synthetic_intraday,SYNTHETIC_INTRADAY,2026-05-08 08:45:00+00:00,india_midday
2026-05-08,2026-05-08 14:30:00,7927.112168499996,7935.039280668495,7919.1850563314965,7927.112168499996,590,83.0,CRUDEOILM-SYNTH,INR,MCX,MCX Crude Oil Mini Futures,MCX,synthetic,15m,15,synthetic_intraday,SYNTHETIC_INTRADAY,2026-05-08 09:00:00+00:00,india_midday
2026-05-08,2026-05-08 14:45:00,7920.659777200617,7928.580436977817,7912.739117423416,7920.659777200617,948,83.0,CRUDEOILM-SYNTH,INR,MCX,MCX Crude Oil Mini Futures,MCX,synthetic,15m,15,synthetic_intraday,SYNTHETIC_INTRADAY,2026-05-08 09:15:00+00:00,india_midday
2026-05-11,2026-05-11 09:00:00,8073.2025,8081.275702499999,8065.129297500001,8073.2025,143,83.0,CRUDEOILM-SYNTH,INR,MCX,MCX Crude Oil Mini Futures,MCX,synthetic,15m,15,synthetic_intraday,SYNTHETIC_INTRADAY,2026-05-11 03:30:00+00:00,mcx_open_drive
2026-05-11,2026-05-11 09:15:00,8073.2025,8081.275702499999,8065.129297500001,8073.2025,480,83.0,CRUDEOILM-SYNTH,INR,MCX,MCX Crude Oil Mini Futures,MCX,synthetic,15m,15,synthetic_intraday,SYNTHETIC_INTRADAY,2026-05-11 03:45:00+00:00,mcx_open_drive
2026-05-11,2026-05-11 09:30:00,8073.2025,8081.275702499999,8065.129297500001,8073.2025,895,83.0,CRUDEOILM-SYNTH,INR,MCX,MCX Crude Oil Mini Futures,MCX,synthetic,15m,15,synthetic_intraday,SYNTHETIC_INTRADAY,2026-05-11 04:00:00+00:00,mcx_open_drive
2026-05-11,2026-05-11 09:45:00,8073.2025,8081.275702499999,8065.129297500001,8073.2025,714,83.0,CRUDEOILM-SYNTH,INR,MCX,MCX Crude Oil Mini Futures,MCX,synthetic,15m,15,synthetic_intraday,SYNTHETIC_INTRADAY,2026-05-11 04:15:00+00:00,mcx_open_drive
2026-05-11,2026-05-11 10:00:00,8073.2025,8081.275702499999,8065.129297500001,8073.2025,173,83.0,CRUDEOILM-SYNTH,INR,MCX,MCX Crude Oil Mini Futures,MCX,synthetic,15m,15,synthetic_intraday,SYNTHETIC_INTRADAY,2026-05-11 04:30:00+00:00,mcx_open_drive
2026-05-11,2026-05-11 10:15:00,8073.2025,8081.275702499999,8065.129297500001,8073.2025,822,83.0,CRUDEOILM-SYNTH,INR,MCX,MCX Crude Oil Mini Futures,MCX,synthetic,15m,15,synthetic_intraday,SYNTHETIC_INTRADAY,2026-05-11 04:45:00+00:00,mcx_open_drive
2026-05-11,2026-05-11 10:30:00,8073.2025,8081.275702499999,8065.129297500001,8073.2025,438,83.0,CRUDEOILM-SYNTH,INR,MCX,MCX Crude Oil Mini Futures,MCX,synthetic,15m,15,synthetic_intraday,SYNTHETIC_INTRADAY,2026-05-11 05:00:00+00:00,india_morning
2026-05-11,2026-05-11 10:45:00,8073.2025,8081.275702499999,8065.129297500001,8073.2025,602,83.0,CRUDEOILM-SYNTH,INR,MCX,MCX Crude Oil Mini Futures,MCX,synthetic,15m,15,synthetic_intraday,SYNTHETIC_INTRADAY,2026-05-11 05:15:00+00:00,india_morning
2026-05-11,2026-05-11 11:00:00,8073.2025,8081.275702499999,8065.129297500001,8073.2025,838,83.0,CRUDEOILM-SYNTH,INR,MCX,MCX Crude Oil Mini Futures,MCX,synthetic,15m,15,synthetic_intraday,SYNTHETIC_INTRADAY,2026-05-11 05:30:00+00:00,india_morning
2026-05-11,2026-05-11 11:15:00,8073.2025,8081.275702499999,8065.129297500001,8073.2025,365,83.0,CRUDEOILM-SYNTH,INR,MCX,MCX Crude Oil Mini Futures,MCX,synthetic,15m,15,synthetic_intraday,SYNTHETIC_INTRADAY,2026-05-11 05:45:00+00:00,india_morning
2026-05-11,2026-05-11 11:30:00,8073.2025,8081.275702499999,8065.129297500001,8073.2025,357,83.0,CRUDEOILM-SYNTH,INR,MCX,MCX Crude Oil Mini Futures,MCX,synthetic,15m,15,synthetic_intraday,SYNTHETIC_INTRADAY,2026-05-11 06:00:00+00:00,india_morning
2026-05-11,2026-05-11 11:45:00,8073.2025,8081.275702499999,8065.129297500001,8073.2025,681,83.0,CRUDEOILM-SYNTH,INR,MCX,MCX Crude Oil Mini Futures,MCX,synthetic,15m,15,synthetic_intraday,SYNTHETIC_INTRADAY,2026-05-11 06:15:00+00:00,india_morning
2026-05-11,2026-05-11 12:00:00,8073.2025,8081.275702499999,8065.129297500001,8073.2025,964,83.0,CRUDEOILM-SYNTH,INR,MCX,MCX Crude Oil Mini Futures,MCX,synthetic,15m,15,synthetic_intraday,SYNTHETIC_INTRADAY,2026-05-11 06:30:00+00:00,india_morning
2026-05-11,2026-05-11 12:15:00,8073.2025,8081.275702499999,8065.129297500001,8073.2025,543,83.0,CRUDEOILM-SYNTH,INR,MCX,MCX Crude Oil Mini Futures,MCX,synthetic,15m,15,synthetic_intraday,SYNTHETIC_INTRADAY,2026-05-11 06:45:00+00:00,india_morning
2026-05-11,2026-05-11 12:30:00,8073.2025,8081.275702499999,8065.129297500001,8073.2025,301,83.0,CRUDEOILM-SYNTH,INR,MCX,MCX Crude Oil Mini Futures,MCX,synthetic,15m,15,synthetic_intraday,SYNTHETIC_INTRADAY,2026-05-11 07:00:00+00:00,india_midday
2026-05-11,2026-05-11 12:45:00,8073.2025,8081.275702499999,8065.129297500001,8073.2025,285,83.0,CRUDEOILM-SYNTH,INR,MCX,MCX Crude Oil Mini Futures,MCX,synthetic,15m,15,synthetic_intraday,SYNTHETIC_INTRADAY,2026-05-11 07:15:00+00:00,india_midday
2026-05-11,2026-05-11 13:00:00,8083.015594705436,8091.0986103001405,8074.932579110731,8083.015594705436,941,83.0,CRUDEOILM-SYNTH,INR,MCX,MCX Crude Oil Mini Futures,MCX,synthetic,15m,15,synthetic_intraday,SYNTHETIC_INTRADAY,2026-05-11 07:30:00+00:00,india_midday
2026-05-11,2026-05-11 13:15:00,8093.773541758055,8101.867315299813,8085.679768216297,8093.773541758055,167,83.0,CRUDEOILM-SYNTH,INR,MCX,MCX Crude Oil Mini Futures,MCX,synthetic,15m,15,synthetic_intraday,SYNTHETIC_INTRADAY,2026-05-11 07:45:00+00:00,india_midday
2026-05-11,2026-05-11 13:30:00,8101.7226924658235,8109.8244151582885,8093.6209697733575,8101.7226924658235,347,83.0,CRUDEOILM-SYNTH,INR,MCX,MCX Crude Oil Mini Futures,MCX,synthetic,15m,15,synthetic_intraday,SYNTHETIC_INTRADAY,2026-05-11 08:00:00+00:00,india_midday
2026-05-11,2026-05-11 13:45:00,8110.73051206427,8118.841242576334,8102.619781552206,8110.73051206427,934,83.0,CRUDEOILM-SYNTH,INR,MCX,MCX Crude Oil Mini Futures,MCX,synthetic,15m,15,synthetic_intraday,SYNTHETIC_INTRADAY,2026-05-11 08:15:00+00:00,india_midday
2026-05-11,2026-05-11 14:00:00,8125.031648864336,8133.156680513199,8116.906617215472,8125.031648864336,210,83.0,CRUDEOILM-SYNTH,INR,MCX,MCX Crude Oil Mini Futures,MCX,synthetic,15m,15,synthetic_intraday,SYNTHETIC_INTRADAY,2026-05-11 08:30:00+00:00,india_midday
2026-05-11,2026-05-11 14:15:00,8130.03565345811,8138.165689111567,8121.905617804651,8130.03565345811,408,83.0,CRUDEOILM-SYNTH,INR,MCX,MCX Crude Oil Mini Futures,MCX,synthetic,15m,15,synthetic_intraday,SYNTHETIC_INTRADAY,2026-05-11 08:45:00+00:00,india_midday
2026-05-11,2026-05-11 14:30:00,8149.041538352665,8157.190579891017,8140.892496814313,8149.041538352665,754,83.0,CRUDEOILM-SYNTH,INR,MCX,MCX Crude Oil Mini Futures,MCX,synthetic,15m,15,synthetic_intraday,SYNTHETIC_INTRADAY,2026-05-11 09:00:00+00:00,india_midday
2026-05-11,2026-05-11 14:45:00,8154.9046837987835,8163.059588482582,8146.749779114984,8154.9046837987835,804,83.0,CRUDEOILM-SYNTH,INR,MCX,MCX Crude Oil Mini Futures,MCX,synthetic,15m,15,synthetic_intraday,SYNTHETIC_INTRADAY,2026-05-11 09:15:00+00:00,india_midday
2026-05-12,2026-05-12 09:00:00,8385.448750762938,8393.8341995137,8377.063302012175,8385.448750762938,378,83.0,CRUDEOILM-SYNTH,INR,MCX,MCX Crude Oil Mini Futures,MCX,synthetic,15m,15,synthetic_intraday,SYNTHETIC_INTRADAY,2026-05-12 03:30:00+00:00,mcx_open_drive
2026-05-12,2026-05-12 09:15:00,8385.448750762938,8393.8341995137,8377.063302012175,8385.448750762938,298,83.0,CRUDEOILM-SYNTH,INR,MCX,MCX Crude Oil Mini Futures,MCX,synthetic,15m,15,synthetic_intraday,SYNTHETIC_INTRADAY,2026-05-12 03:45:00+00:00,mcx_open_drive
2026-05-12,2026-05-12 09:30:00,8385.448750762938,8393.8341995137,8377.063302012175,8385.448750762938,595,83.0,CRUDEOILM-SYNTH,INR,MCX,MCX Crude Oil Mini Futures,MCX,synthetic,15m,15,synthetic_intraday,SYNTHETIC_INTRADAY,2026-05-12 04:00:00+00:00,mcx_open_drive
2026-05-12,2026-05-12 09:45:00,8385.448750762938,8393.8341995137,8377.063302012175,8385.448750762938,740,83.0,CRUDEOILM-SYNTH,INR,MCX,MCX Crude Oil Mini Futures,MCX,synthetic,15m,15,synthetic_intraday,SYNTHETIC_INTRADAY,2026-05-12 04:15:00+00:00,mcx_open_drive
2026-05-12,2026-05-12 10:00:00,8385.448750762938,8393.8341995137,8377.063302012175,8385.448750762938,312,83.0,CRUDEOILM-SYNTH,INR,MCX,MCX Crude Oil Mini Futures,MCX,synthetic,15m,15,synthetic_intraday,SYNTHETIC_INTRADAY,2026-05-12 04:30:00+00:00,mcx_open_drive
2026-05-12,2026-05-12 10:15:00,8385.448750762938,8393.8341995137,8377.063302012175,8385.448750762938,624,83.0,CRUDEOILM-SYNTH,INR,MCX,MCX Crude Oil Mini Futures,MCX,synthetic,15m,15,synthetic_intraday,SYNTHETIC_INTRADAY,2026-05-12 04:45:00+00:00,mcx_open_drive
2026-05-12,2026-05-12 10:30:00,8385.448750762938,8393.8341995137,8377.063302012175,8385.448750762938,291,83.0,CRUDEOILM-SYNTH,INR,MCX,MCX Crude Oil Mini Futures,MCX,synthetic,15m,15,synthetic_intraday,SYNTHETIC_INTRADAY,2026-05-12 05:00:00+00:00,india_morning
2026-05-12,2026-05-12 10:45:00,8385.448750762938,8393.8341995137,8377.063302012175,8385.448750762938,139,83.0,CRUDEOILM-SYNTH,INR,MCX,MCX Crude Oil Mini Futures,MCX,synthetic,15m,15,synthetic_intraday,SYNTHETIC_INTRADAY,2026-05-12 05:15:00+00:00,india_morning
2026-05-12,2026-05-12 11:00:00,8385.448750762938,8393.8341995137,8377.063302012175,8385.448750762938,401,83.0,CRUDEOILM-SYNTH,INR,MCX,MCX Crude Oil Mini Futures,MCX,synthetic,15m,15,synthetic_intraday,SYNTHETIC_INTRADAY,2026-05-12 05:30:00+00:00,india_morning
2026-05-12,2026-05-12 11:15:00,8385.448750762938,8393.8341995137,8377.063302012175,8385.448750762938,120,83.0,CRUDEOILM-SYNTH,INR,MCX,MCX Crude Oil Mini Futures,MCX,synthetic,15m,15,synthetic_intraday,SYNTHETIC_INTRADAY,2026-05-12 05:45:00+00:00,india_morning
2026-05-12,2026-05-12 11:30:00,8385.448750762938,8393.8341995137,8377.063302012175,8385.448750762938,818,83.0,CRUDEOILM-SYNTH,INR,MCX,MCX Crude Oil Mini Futures,MCX,synthetic,15m,15,synthetic_intraday,SYNTHETIC_INTRADAY,2026-05-12 06:00:00+00:00,india_morning
2026-05-12,2026-05-12 11:45:00,8385.448750762938,8393.8341995137,8377.063302012175,8385.448750762938,551,83.0,CRUDEOILM-SYNTH,INR,MCX,MCX Crude Oil Mini Futures,MCX,synthetic,15m,15,synthetic_intraday,SYNTHETIC_INTRADAY,2026-05-12 06:15:00+00:00,india_morning
2026-05-12,2026-05-12 12:00:00,8385.448750762938,8393.8341995137,8377.063302012175,8385.448750762938,211,83.0,CRUDEOILM-SYNTH,INR,MCX,MCX Crude Oil Mini Futures,MCX,synthetic,15m,15,synthetic_intraday,SYNTHETIC_INTRADAY,2026-05-12 06:30:00+00:00,india_morning
2026-05-12,2026-05-12 12:15:00,8385.448750762938,8393.8341995137,8377.063302012175,8385.448750762938,379,83.0,CRUDEOILM-SYNTH,INR,MCX,MCX Crude Oil Mini Futures,MCX,synthetic,15m,15,synthetic_intraday,SYNTHETIC_INTRADAY,2026-05-12 06:45:00+00:00,india_morning
2026-05-12,2026-05-12 12:30:00,8385.448750762938,8393.8341995137,8377.063302012175,8385.448750762938,965,83.0,CRUDEOILM-SYNTH,INR,MCX,MCX Crude Oil Mini Futures,MCX,synthetic,15m,15,synthetic_intraday,SYNTHETIC_INTRADAY,2026-05-12 07:00:00+00:00,india_midday
2026-05-12,2026-05-12 12:45:00,8385.448750762938,8393.8341995137,8377.063302012175,8385.448750762938,944,83.0,CRUDEOILM-SYNTH,INR,MCX,MCX Crude Oil Mini Futures,MCX,synthetic,15m,15,synthetic_intraday,SYNTHETIC_INTRADAY,2026-05-12 07:15:00+00:00,india_midday
2026-05-12,2026-05-12 13:00:00,8385.448750762938,8393.8341995137,8377.063302012175,8385.448750762938,867,83.0,CRUDEOILM-SYNTH,INR,MCX,MCX Crude Oil Mini Futures,MCX,synthetic,15m,15,synthetic_intraday,SYNTHETIC_INTRADAY,2026-05-12 07:30:00+00:00,india_midday
2026-05-12,2026-05-12 13:15:00,8388.09537798473,8396.483473362714,8379.707282606745,8388.09537798473,944,83.0,CRUDEOILM-SYNTH,INR,MCX,MCX Crude Oil Mini Futures,MCX,synthetic,15m,15,synthetic_intraday,SYNTHETIC_INTRADAY,2026-05-12 07:45:00+00:00,india_midday
2026-05-12,2026-05-12 13:30:00,8403.912554783486,8412.316467338269,8395.508642228702,8403.912554783486,915,83.0,CRUDEOILM-SYNTH,INR,MCX,MCX Crude Oil Mini Futures,MCX,synthetic,15m,15,synthetic_intraday,SYNTHETIC_INTRADAY,2026-05-12 08:00:00+00:00,india_midday
2026-05-12,2026-05-12 13:45:00,8413.390203826451,8421.803594030276,8404.976813622625,8413.390203826451,939,83.0,CRUDEOILM-SYNTH,INR,MCX,MCX Crude Oil Mini Futures,MCX,synthetic,15m,15,synthetic_intraday,SYNTHETIC_INTRADAY,2026-05-12 08:15:00+00:00,india_midday
2026-05-12,2026-05-12 14:00:00,8426.64048320544,8435.067123688645,8418.213842722234,8426.64048320544,109,83.0,CRUDEOILM-SYNTH,INR,MCX,MCX Crude Oil Mini Futures,MCX,synthetic,15m,15,synthetic_intraday,SYNTHETIC_INTRADAY,2026-05-12 08:30:00+00:00,india_midday
2026-05-12,2026-05-12 14:15:00,8442.691052767037,8451.133743819802,8434.24836171427,8442.691052767037,252,83.0,CRUDEOILM-SYNTH,INR,MCX,MCX Crude Oil Mini Futures,MCX,synthetic,15m,15,synthetic_intraday,SYNTHETIC_INTRADAY,2026-05-12 08:45:00+00:00,india_midday
2026-05-12,2026-05-12 14:30:00,8455.010715504543,8463.465726220045,8446.555704789038,8455.010715504543,499,83.0,CRUDEOILM-SYNTH,INR,MCX,MCX Crude Oil Mini Futures,MCX,synthetic,15m,15,synthetic_intraday,SYNTHETIC_INTRADAY,2026-05-12 09:00:00+00:00,india_midday
2026-05-12,2026-05-12 14:45:00,8469.32107056634,8477.790391636905,8460.851749495774,8469.32107056634,926,83.0,CRUDEOILM-SYNTH,INR,MCX,MCX Crude Oil Mini Futures,MCX,synthetic,15m,15,synthetic_intraday,SYNTHETIC_INTRADAY,2026-05-12 09:15:00+00:00,india_midday
2026-05-13,2026-05-13 09:00:00,8466.83,8475.29683,8458.36317,8466.83,104,83.0,CRUDEOILM-SYNTH,INR,MCX,MCX Crude Oil Mini Futures,MCX,synthetic,15m,15,synthetic_intraday,SYNTHETIC_INTRADAY,2026-05-13 03:30:00+00:00,mcx_open_drive
2026-05-13,2026-05-13 09:15:00,8466.83,8475.29683,8458.36317,8466.83,262,83.0,CRUDEOILM-SYNTH,INR,MCX,MCX Crude Oil Mini Futures,MCX,synthetic,15m,15,synthetic_intraday,SYNTHETIC_INTRADAY,2026-05-13 03:45:00+00:00,mcx_open_drive
2026-05-13,2026-05-13 09:30:00,8462.459760123642,8470.922219883765,8453.997300363519,8462.459760123642,543,83.0,CRUDEOILM-SYNTH,INR,MCX,MCX Crude Oil Mini Futures,MCX,synthetic,15m,15,synthetic_intraday,SYNTHETIC_INTRADAY,2026-05-13 04:00:00+00:00,mcx_open_drive
2026-05-13,2026-05-13 09:45:00,8459.961656297222,8468.421617953518,8451.501694640925,8459.961656297222,103,83.0,CRUDEOILM-SYNTH,INR,MCX,MCX Crude Oil Mini Futures,MCX,synthetic,15m,15,synthetic_intraday,SYNTHETIC_INTRADAY,2026-05-13 04:15:00+00:00,mcx_open_drive
2026-05-13,2026-05-13 10:00:00,8454.555206926349,8463.009762133273,8446.100651719422,8454.555206926349,256,83.0,CRUDEOILM-SYNTH,INR,MCX,MCX Crude Oil Mini Futures,MCX,synthetic,15m,15,synthetic_intraday,SYNTHETIC_INTRADAY,2026-05-13 04:30:00+00:00,mcx_open_drive
2026-05-13,2026-05-13 10:15:00,8451.443889472903,8459.895333362374,8442.99244558343,8451.443889472903,329,83.0,CRUDEOILM-SYNTH,INR,MCX,MCX Crude Oil Mini Futures,MCX,synthetic,15m,15,synthetic_intraday,SYNTHETIC_INTRADAY,2026-05-13 04:45:00+00:00,mcx_open_drive
2026-05-13,2026-05-13 10:30:00,8446.24139613495,8454.687637531084,8437.795154738815,8446.24139613495,438,83.0,CRUDEOILM-SYNTH,INR,MCX,MCX Crude Oil Mini Futures,MCX,synthetic,15m,15,synthetic_intraday,SYNTHETIC_INTRADAY,2026-05-13 05:00:00+00:00,india_morning
2026-05-13,2026-05-13 10:45:00,8442.996912800078,8451.439909712877,8434.553915887278,8442.996912800078,134,83.0,CRUDEOILM-SYNTH,INR,MCX,MCX Crude Oil Mini Futures,MCX,synthetic,15m,15,synthetic_intraday,SYNTHETIC_INTRADAY,2026-05-13 05:15:00+00:00,india_morning
2026-05-13,2026-05-13 11:00:00,8447.896337869854,8456.344234207723,8439.448441531984,8447.896337869854,126,83.0,CRUDEOILM-SYNTH,INR,MCX,MCX Crude Oil Mini Futures,MCX,synthetic,15m,15,synthetic_intraday,SYNTHETIC_INTRADAY,2026-05-13 05:30:00+00:00,india_morning
2026-05-13,2026-05-13 11:15:00,8436.678626842686,8445.115305469528,8428.241948215844,8436.678626842686,244,83.0,CRUDEOILM-SYNTH,INR,MCX,MCX Crude Oil Mini Futures,MCX,synthetic,15m,15,synthetic_intraday,SYNTHETIC_INTRADAY,2026-05-13 05:45:00+00:00,india_morning
2026-05-13,2026-05-13 11:30:00,8430.228889002701,8438.659117891702,8421.798660113698,8430.228889002701,425,83.0,CRUDEOILM-SYNTH,INR,MCX,MCX Crude Oil Mini Futures,MCX,synthetic,15m,15,synthetic_intraday,SYNTHETIC_INTRADAY,2026-05-13 06:00:00+00:00,india_morning
2026-05-13,2026-05-13 11:45:00,8424.234441925128,8432.658676367051,8415.810207483202,8424.234441925128,517,83.0,CRUDEOILM-SYNTH,INR,MCX,MCX Crude Oil Mini Futures,MCX,synthetic,15m,15,synthetic_intraday,SYNTHETIC_INTRADAY,2026-05-13 06:15:00+00:00,india_morning
2026-05-13,2026-05-13 12:00:00,8420.794056400786,8429.214850457185,8412.373262344385,8420.794056400786,214,83.0,CRUDEOILM-SYNTH,INR,MCX,MCX Crude Oil Mini Futures,MCX,synthetic,15m,15,synthetic_intraday,SYNTHETIC_INTRADAY,2026-05-13 06:30:00+00:00,india_morning
2026-05-13,2026-05-13 12:15:00,8421.724915781968,8430.146640697749,8413.303190866185,8421.724915781968,762,83.0,CRUDEOILM-SYNTH,INR,MCX,MCX Crude Oil Mini Futures,MCX,synthetic,15m,15,synthetic_intraday,SYNTHETIC_INTRADAY,2026-05-13 06:45:00+00:00,india_morning
2026-05-13,2026-05-13 12:30:00,8411.298240253049,8419.709538493302,8402.886942012796,8411.298240253049,164,83.0,CRUDEOILM-SYNTH,INR,MCX,MCX Crude Oil Mini Futures,MCX,synthetic,15m,15,synthetic_intraday,SYNTHETIC_INTRADAY,2026-05-13 07:00:00+00:00,india_midday
2026-05-13,2026-05-13 12:45:00,8419.165854881703,8427.585020736584,8410.74668902682,8419.165854881703,203,83.0,CRUDEOILM-SYNTH,INR,MCX,MCX Crude Oil Mini Futures,MCX,synthetic,15m,15,synthetic_intraday,SYNTHETIC_INTRADAY,2026-05-13 07:15:00+00:00,india_midday
2026-05-13,2026-05-13 13:00:00,8408.736555170437,8417.145291725607,8400.327818615266,8408.736555170437,896,83.0,CRUDEOILM-SYNTH,INR,MCX,MCX Crude Oil Mini Futures,MCX,synthetic,15m,15,synthetic_intraday,SYNTHETIC_INTRADAY,2026-05-13 07:30:00+00:00,india_midday
2026-05-13,2026-05-13 13:15:00,8402.370850149668,8410.773220999816,8393.968479299518,8402.370850149668,234,83.0,CRUDEOILM-SYNTH,INR,MCX,MCX Crude Oil Mini Futures,MCX,synthetic,15m,15,synthetic_intraday,SYNTHETIC_INTRADAY,2026-05-13 07:45:00+00:00,india_midday
2026-05-13,2026-05-13 13:30:00,8402.333960849395,8410.736294810244,8393.931626888545,8402.333960849395,296,83.0,CRUDEOILM-SYNTH,INR,MCX,MCX Crude Oil Mini Futures,MCX,synthetic,15m,15,synthetic_intraday,SYNTHETIC_INTRADAY,2026-05-13 08:00:00+00:00,india_midday
2026-05-13,2026-05-13 13:45:00,8403.383559236607,8411.786942795843,8394.98017567737,8403.383559236607,633,83.0,CRUDEOILM-SYNTH,INR,MCX,MCX Crude Oil Mini Futures,MCX,synthetic,15m,15,synthetic_intraday,SYNTHETIC_INTRADAY,2026-05-13 08:15:00+00:00,india_midday
2026-05-13,2026-05-13 14:00:00,8392.449992987396,8400.842442980384,8384.05754299441,8392.449992987396,146,83.0,CRUDEOILM-SYNTH,INR,MCX,MCX Crude Oil Mini Futures,MCX,synthetic,15m,15,synthetic_intraday,SYNTHETIC_INTRADAY,2026-05-13 08:30:00+00:00,india_midday
2026-05-13,2026-05-13 14:15:00,8385.582779978875,8393.968362758853,8377.197197198897,8385.582779978875,940,83.0,CRUDEOILM-SYNTH,INR,MCX,MCX Crude Oil Mini Futures,MCX,synthetic,15m,15,synthetic_intraday,SYNTHETIC_INTRADAY,2026-05-13 08:45:00+00:00,india_midday
2026-05-13,2026-05-13 14:30:00,8388.955622675494,8397.344578298169,8380.566667052819,8388.955622675494,354,83.0,CRUDEOILM-SYNTH,INR,MCX,MCX Crude Oil Mini Futures,MCX,synthetic,15m,15,synthetic_intraday,SYNTHETIC_INTRADAY,2026-05-13 09:00:00+00:00,india_midday
2026-05-13,2026-05-13 14:45:00,8383.642065090837,8392.025707155926,8375.258423025745,8383.642065090837,134,83.0,CRUDEOILM-SYNTH,INR,MCX,MCX Crude Oil Mini Futures,MCX,synthetic,15m,15,synthetic_intraday,SYNTHETIC_INTRADAY,2026-05-13 09:15:00+00:00,india_midday
2026-05-14,2026-05-14 09:00:00,8382.983124160766,8391.366107284926,8374.600141036606,8382.983124160766,307,83.0,CRUDEOILM-SYNTH,INR,MCX,MCX Crude Oil Mini Futures,MCX,synthetic,15m,15,synthetic_intraday,SYNTHETIC_INTRADAY,2026-05-14 03:30:00+00:00,mcx_open_drive
2026-05-14,2026-05-14 09:15:00,8383.304495820426,8391.687800316246,8374.921191324605,8383.304495820426,829,83.0,CRUDEOILM-SYNTH,INR,MCX,MCX Crude Oil Mini Futures,MCX,synthetic,15m,15,synthetic_intraday,SYNTHETIC_INTRADAY,2026-05-14 03:45:00+00:00,mcx_open_drive
2026-05-14,2026-05-14 09:30:00,8394.49381415455,8402.888307968704,8386.099320340396,8394.49381415455,472,83.0,CRUDEOILM-SYNTH,INR,MCX,MCX Crude Oil Mini Futures,MCX,synthetic,15m,15,synthetic_intraday,SYNTHETIC_INTRADAY,2026-05-14 04:00:00+00:00,mcx_open_drive
2026-05-14,2026-05-14 09:45:00,8388.666010591973,8397.054676602564,8380.27734458138,8388.666010591973,817,83.0,CRUDEOILM-SYNTH,INR,MCX,MCX Crude Oil Mini Futures,MCX,synthetic,15m,15,synthetic_intraday,SYNTHETIC_INTRADAY,2026-05-14 04:15:00+00:00,mcx_open_drive
2026-05-14,2026-05-14 10:00:00,8392.523936083144,8400.916460019225,8384.13141214706,8392.523936083144,659,83.0,CRUDEOILM-SYNTH,INR,MCX,MCX Crude Oil Mini Futures,MCX,synthetic,15m,15,synthetic_intraday,SYNTHETIC_INTRADAY,2026-05-14 04:30:00+00:00,mcx_open_drive
2026-05-14,2026-05-14 10:15:00,8397.771097942787,8406.168869040728,8389.373326844843,8397.771097942787,761,83.0,CRUDEOILM-SYNTH,INR,MCX,MCX Crude Oil Mini Futures,MCX,synthetic,15m,15,synthetic_intraday,SYNTHETIC_INTRADAY,2026-05-14 04:45:00+00:00,mcx_open_drive
2026-05-14,2026-05-14 10:30:00,8408.654745753427,8417.063400499179,8400.246091007673,8408.654745753427,297,83.0,CRUDEOILM-SYNTH,INR,MCX,MCX Crude Oil Mini Futures,MCX,synthetic,15m,15,synthetic_intraday,SYNTHETIC_INTRADAY,2026-05-14 05:00:00+00:00,india_morning
2026-05-14,2026-05-14 10:45:00,8406.55092511595,8414.957476041065,8398.144374190833,8406.55092511595,357,83.0,CRUDEOILM-SYNTH,INR,MCX,MCX Crude Oil Mini Futures,MCX,synthetic,15m,15,synthetic_intraday,SYNTHETIC_INTRADAY,2026-05-14 05:15:00+00:00,india_morning
2026-05-14,2026-05-14 11:00:00,8410.222639018004,8418.63286165702,8401.812416378985,8410.222639018004,598,83.0,CRUDEOILM-SYNTH,INR,MCX,MCX Crude Oil Mini Futures,MCX,synthetic,15m,15,synthetic_intraday,SYNTHETIC_INTRADAY,2026-05-14 05:30:00+00:00,india_morning
2026-05-14,2026-05-14 11:15:00,8417.98703495818,8426.405021993138,8409.569047923222,8417.98703495818,767,83.0,CRUDEOILM-SYNTH,INR,MCX,MCX Crude Oil Mini Futures,MCX,synthetic,15m,15,synthetic_intraday,SYNTHETIC_INTRADAY,2026-05-14 05:45:00+00:00,india_morning
2026-05-14,2026-05-14 11:30:00,8417.100920266645,8425.51802118691,8408.683819346377,8417.100920266645,803,83.0,CRUDEOILM-SYNTH,INR,MCX,MCX Crude Oil Mini Futures,MCX,synthetic,15m,15,synthetic_intraday,SYNTHETIC_INTRADAY,2026-05-14 06:00:00+00:00,india_morning
2026-05-14,2026-05-14 11:45:00,8427.198156329034,8435.625354485363,8418.770958172705,8427.198156329034,138,83.0,CRUDEOILM-SYNTH,INR,MCX,MCX Crude Oil Mini Futures,MCX,synthetic,15m,15,synthetic_intraday,SYNTHETIC_INTRADAY,2026-05-14 06:15:00+00:00,india_morning
2026-05-14,2026-05-14 12:00:00,8422.942984178435,8431.365927162613,8414.520041194257,8422.942984178435,911,83.0,CRUDEOILM-SYNTH,INR,MCX,MCX Crude Oil Mini Futures,MCX,synthetic,15m,15,synthetic_intraday,SYNTHETIC_INTRADAY,2026-05-14 06:30:00+00:00,india_morning
2026-05-14,2026-05-14 12:15:00,8427.497902225983,8435.925400128208,8419.070404323757,8427.497902225983,169,83.0,CRUDEOILM-SYNTH,INR,MCX,MCX Crude Oil Mini Futures,MCX,synthetic,15m,15,synthetic_intraday,SYNTHETIC_INTRADAY,2026-05-14 06:45:00+00:00,india_morning
2026-05-14,2026-05-14 12:30:00,8426.806202294865,8435.23300849716,8418.37939609257,8426.806202294865,896,83.0,CRUDEOILM-SYNTH,INR,MCX,MCX Crude Oil Mini Futures,MCX,synthetic,15m,15,synthetic_intraday,SYNTHETIC_INTRADAY,2026-05-14 07:00:00+00:00,india_midday
2026-05-14,2026-05-14 12:45:00,8438.27653517241,8446.714811707581,8429.838258637237,8438.27653517241,338,83.0,CRUDEOILM-SYNTH,INR,MCX,MCX Crude Oil Mini Futures,MCX,synthetic,15m,15,synthetic_intraday,SYNTHETIC_INTRADAY,2026-05-14 07:15:00+00:00,india_midday
2026-05-14,2026-05-14 13:00:00,8438.26745372426,8446.705721177983,8429.829186270536,8438.26745372426,483,83.0,CRUDEOILM-SYNTH,INR,MCX,MCX Crude Oil Mini Futures,MCX,synthetic,15m,15,synthetic_intraday,SYNTHETIC_INTRADAY,2026-05-14 07:30:00+00:00,india_midday
2026-05-14,2026-05-14 13:15:00,8444.415277444528,8452.859692721971,8435.970862167083,8444.415277444528,875,83.0,CRUDEOILM-SYNTH,INR,MCX,MCX Crude Oil Mini Futures,MCX,synthetic,15m,15,synthetic_intraday,SYNTHETIC_INTRADAY,2026-05-14 07:45:00+00:00,india_midday
2026-05-14,2026-05-14 13:30:00,8442.516321596397,8450.958837917991,8434.0738052748,8442.516321596397,136,83.0,CRUDEOILM-SYNTH,INR,MCX,MCX Crude Oil Mini Futures,MCX,synthetic,15m,15,synthetic_intraday,SYNTHETIC_INTRADAY,2026-05-14 08:00:00+00:00,india_midday
2026-05-14,2026-05-14 13:45:00,8451.568673591313,8460.020242264904,8443.117104917721,8451.568673591313,722,83.0,CRUDEOILM-SYNTH,INR,MCX,MCX Crude Oil Mini Futures,MCX,synthetic,15m,15,synthetic_intraday,SYNTHETIC_INTRADAY,2026-05-14 08:15:00+00:00,india_midday
2026-05-14,2026-05-14 14:00:00,8459.91804110668,8468.377959147787,8451.458123065575,8459.91804110668,233,83.0,CRUDEOILM-SYNTH,INR,MCX,MCX Crude Oil Mini Futures,MCX,synthetic,15m,15,synthetic_intraday,SYNTHETIC_INTRADAY,2026-05-14 08:30:00+00:00,india_midday
2026-05-14,2026-05-14 14:15:00,8462.396071921105,8470.858467993025,8453.933675849183,8462.396071921105,195,83.0,CRUDEOILM-SYNTH,INR,MCX,MCX Crude Oil Mini Futures,MCX,synthetic,15m,15,synthetic_intraday,SYNTHETIC_INTRADAY,2026-05-14 08:45:00+00:00,india_midday
2026-05-14,2026-05-14 14:30:00,8458.903433026311,8467.362336459337,8450.444529593286,8458.903433026311,544,83.0,CRUDEOILM-SYNTH,INR,MCX,MCX Crude Oil Mini Futures,MCX,synthetic,15m,15,synthetic_intraday,SYNTHETIC_INTRADAY,2026-05-14 09:00:00+00:00,india_midday
2026-05-14,2026-05-14 14:45:00,8468.452751873618,8476.92120462549,8459.984299121745,8468.452751873618,462,83.0,CRUDEOILM-SYNTH,INR,MCX,MCX Crude Oil Mini Futures,MCX,synthetic,15m,15,synthetic_intraday,SYNTHETIC_INTRADAY,2026-05-14 09:15:00+00:00,india_midday
2026-05-15,2026-05-15 09:00:00,8465.825521200008,8474.291346721207,8457.359695678808,8465.825521200008,124,83.0,CRUDEOILM-SYNTH,INR,MCX,MCX Crude Oil Mini Futures,MCX,synthetic,15m,15,synthetic_intraday,SYNTHETIC_INTRADAY,2026-05-15 03:30:00+00:00,mcx_open_drive
2026-05-15,2026-05-15 09:15:00,8468.506318588257,8476.974824906845,8460.03781226967,8468.506318588257,167,83.0,CRUDEOILM-SYNTH,INR,MCX,MCX Crude Oil Mini Futures,MCX,synthetic,15m,15,synthetic_intraday,SYNTHETIC_INTRADAY,2026-05-15 03:45:00+00:00,mcx_open_drive
2026-05-15,2026-05-15 09:30:00,8459.728550637103,8468.18827918774,8451.268822086466,8459.728550637103,232,83.0,CRUDEOILM-SYNTH,INR,MCX,MCX Crude Oil Mini Futures,MCX,synthetic,15m,15,synthetic_intraday,SYNTHETIC_INTRADAY,2026-05-15 04:00:00+00:00,mcx_open_drive
2026-05-15,2026-05-15 09:45:00,8457.725351112584,8466.183076463696,8449.267625761471,8457.725351112584,813,83.0,CRUDEOILM-SYNTH,INR,MCX,MCX Crude Oil Mini Futures,MCX,synthetic,15m,15,synthetic_intraday,SYNTHETIC_INTRADAY,2026-05-15 04:15:00+00:00,mcx_open_drive
2026-05-15,2026-05-15 10:00:00,8453.238772001143,8461.692010773144,8444.785533229142,8453.238772001143,488,83.0,CRUDEOILM-SYNTH,INR,MCX,MCX Crude Oil Mini Futures,MCX,synthetic,15m,15,synthetic_intraday,SYNTHETIC_INTRADAY,2026-05-15 04:30:00+00:00,mcx_open_drive
2026-05-15,2026-05-15 10:15:00,8449.451534978738,8457.900986513716,8441.00208344376,8449.451534978738,727,83.0,CRUDEOILM-SYNTH,INR,MCX,MCX Crude Oil Mini Futures,MCX,synthetic,15m,15,synthetic_intraday,SYNTHETIC_INTRADAY,2026-05-15 04:45:00+00:00,mcx_open_drive
2026-05-15,2026-05-15 10:30:00,8448.388750223125,8456.837138973347,8439.940361472902,8448.388750223125,924,83.0,CRUDEOILM-SYNTH,INR,MCX,MCX Crude Oil Mini Futures,MCX,synthetic,15m,15,synthetic_intraday,SYNTHETIC_INTRADAY,2026-05-15 05:00:00+00:00,india_morning
2026-05-15,2026-05-15 10:45:00,8445.186567227338,8453.631753794565,8436.74138066011,8445.186567227338,784,83.0,CRUDEOILM-SYNTH,INR,MCX,MCX Crude Oil Mini Futures,MCX,synthetic,15m,15,synthetic_intraday,SYNTHETIC_INTRADAY,2026-05-15 05:15:00+00:00,india_morning
2026-05-15,2026-05-15 11:00:00,8440.301836313203,8448.742138149515,8431.86153447689,8440.301836313203,474,83.0,CRUDEOILM-SYNTH,INR,MCX,MCX Crude Oil Mini Futures,MCX,synthetic,15m,15,synthetic_intraday,SYNTHETIC_INTRADAY,2026-05-15 05:30:00+00:00,india_morning
2026-05-15,2026-05-15 11:15:00,8434.073115793142,8442.507188908934,8425.639042677349,8434.073115793142,877,83.0,CRUDEOILM-SYNTH,INR,MCX,MCX Crude Oil Mini Futures,MCX,synthetic,15m,15,synthetic_intraday,SYNTHETIC_INTRADAY,2026-05-15 05:45:00+00:00,india_morning
2026-05-15,2026-05-15 11:30:00,8431.099985652843,8439.531085638495,8422.66888566719,8431.099985652843,870,83.0,CRUDEOILM-SYNTH,INR,MCX,MCX Crude Oil Mini Futures,MCX,synthetic,15m,15,synthetic_intraday,SYNTHETIC_INTRADAY,2026-05-15 06:00:00+00:00,india_morning
2026-05-15,2026-05-15 11:45:00,8428.376622874388,8436.80499949726,8419.948246251513,8428.376622874388,775,83.0,CRUDEOILM-SYNTH,INR,MCX,MCX Crude Oil Mini Futures,MCX,synthetic,15m,15,synthetic_intraday,SYNTHETIC_INTRADAY,2026-05-15 06:15:00+00:00,india_morning
2026-05-15,2026-05-15 12:00:00,8428.915464987633,8437.34438045262,8420.486549522646,8428.915464987633,814,83.0,CRUDEOILM-SYNTH,INR,MCX,MCX Crude Oil Mini Futures,MCX,synthetic,15m,15,synthetic_intraday,SYNTHETIC_INTRADAY,2026-05-15 06:30:00+00:00,india_morning
2026-05-15,2026-05-15 12:15:00,8419.8886619183,8428.308550580217,8411.468773256382,8419.8886619183,333,83.0,CRUDEOILM-SYNTH,INR,MCX,MCX Crude Oil Mini Futures,MCX,synthetic,15m,15,synthetic_intraday,SYNTHETIC_INTRADAY,2026-05-15 06:45:00+00:00,india_morning
2026-05-15,2026-05-15 12:30:00,8418.854527192,8427.273381719191,8410.435672664807,8418.854527192,829,83.0,CRUDEOILM-SYNTH,INR,MCX,MCX Crude Oil Mini Futures,MCX,synthetic,15m,15,synthetic_intraday,SYNTHETIC_INTRADAY,2026-05-15 07:00:00+00:00,india_midday
2026-05-15,2026-05-15 12:45:00,8413.567714057746,8421.981281771803,8405.154146343688,8413.567714057746,270,83.0,CRUDEOILM-SYNTH,INR,MCX,MCX Crude Oil Mini Futures,MCX,synthetic,15m,15,synthetic_intraday,SYNTHETIC_INTRADAY,2026-05-15 07:15:00+00:00,india_midday
2026-05-15,2026-05-15 13:00:00,8409.765280481968,8418.17504576245,8401.355515201487,8409.765280481968,986,83.0,CRUDEOILM-SYNTH,INR,MCX,MCX Crude Oil Mini Futures,MCX,synthetic,15m,15,synthetic_intraday,SYNTHETIC_INTRADAY,2026-05-15 07:30:00+00:00,india_midday
2026-05-15,2026-05-15 13:15:00,8406.117891430353,8414.524009321782,8397.711773538922,8406.117891430353,776,83.0,CRUDEOILM-SYNTH,INR,MCX,MCX Crude Oil Mini Futures,MCX,synthetic,15m,15,synthetic_intraday,SYNTHETIC_INTRADAY,2026-05-15 07:45:00+00:00,india_midday
2026-05-15,2026-05-15 13:30:00,8401.352280660758,8409.753632941418,8392.950928380098,8401.352280660758,518,83.0,CRUDEOILM-SYNTH,INR,MCX,MCX Crude Oil Mini Futures,MCX,synthetic,15m,15,synthetic_intraday,SYNTHETIC_INTRADAY,2026-05-15 08:00:00+00:00,india_midday
2026-05-15,2026-05-15 13:45:00,8404.92305348498,8413.327976538463,8396.518130431494,8404.92305348498,474,83.0,CRUDEOILM-SYNTH,INR,MCX,MCX Crude Oil Mini Futures,MCX,synthetic,15m,15,synthetic_intraday,SYNTHETIC_INTRADAY,2026-05-15 08:15:00+00:00,india_midday
2026-05-15,2026-05-15 14:00:00,8400.029712646634,8408.42974235928,8391.629682933988,8400.029712646634,673,83.0,CRUDEOILM-SYNTH,INR,MCX,MCX Crude Oil Mini Futures,MCX,synthetic,15m,15,synthetic_intraday,SYNTHETIC_INTRADAY,2026-05-15 08:30:00+00:00,india_midday
2026-05-15,2026-05-15 14:15:00,8388.25390984111,8396.64216375095,8379.86565593127,8388.25390984111,167,83.0,CRUDEOILM-SYNTH,INR,MCX,MCX Crude Oil Mini Futures,MCX,synthetic,15m,15,synthetic_intraday,SYNTHETIC_INTRADAY,2026-05-15 08:45:00+00:00,india_midday
2026-05-15,2026-05-15 14:30:00,8381.944051629906,8390.325995681535,8373.562107578276,8381.944051629906,579,83.0,CRUDEOILM-SYNTH,INR,MCX,MCX Crude Oil Mini Futures,MCX,synthetic,15m,15,synthetic_intraday,SYNTHETIC_INTRADAY,2026-05-15 09:00:00+00:00,india_midday
2026-05-15,2026-05-15 14:45:00,8387.35672449669,8395.744081221186,8378.969367772193,8387.35672449669,749,83.0,CRUDEOILM-SYNTH,INR,MCX,MCX Crude Oil Mini Futures,MCX,synthetic,15m,15,synthetic_intraday,SYNTHETIC_INTRADAY,2026-05-15 09:15:00+00:00,india_midday
2026-05-18,2026-05-18 09:00:00,8421.60312446594,8430.024727590406,8413.181521341474,8421.60312446594,725,83.0,CRUDEOILM-SYNTH,INR,MCX,MCX Crude Oil Mini Futures,MCX,synthetic,15m,15,synthetic_intraday,SYNTHETIC_INTRADAY,2026-05-18 03:30:00+00:00,mcx_open_drive
2026-05-18,2026-05-18 09:15:00,8421.60312446594,8430.024727590406,8413.181521341474,8421.60312446594,862,83.0,CRUDEOILM-SYNTH,INR,MCX,MCX Crude Oil Mini Futures,MCX,synthetic,15m,15,synthetic_intraday,SYNTHETIC_INTRADAY,2026-05-18 03:45:00+00:00,mcx_open_drive
2026-05-18,2026-05-18 09:30:00,8421.60312446594,8430.024727590406,8413.181521341474,8421.60312446594,199,83.0,CRUDEOILM-SYNTH,INR,MCX,MCX Crude Oil Mini Futures,MCX,synthetic,15m,15,synthetic_intraday,SYNTHETIC_INTRADAY,2026-05-18 04:00:00+00:00,mcx_open_drive
2026-05-18,2026-05-18 09:45:00,8421.60312446594,8430.024727590406,8413.181521341474,8421.60312446594,226,83.0,CRUDEOILM-SYNTH,INR,MCX,MCX Crude Oil Mini Futures,MCX,synthetic,15m,15,synthetic_intraday,SYNTHETIC_INTRADAY,2026-05-18 04:15:00+00:00,mcx_open_drive
2026-05-18,2026-05-18 10:00:00,8421.60312446594,8430.024727590406,8413.181521341474,8421.60312446594,448,83.0,CRUDEOILM-SYNTH,INR,MCX,MCX Crude Oil Mini Futures,MCX,synthetic,15m,15,synthetic_intraday,SYNTHETIC_INTRADAY,2026-05-18 04:30:00+00:00,mcx_open_drive
2026-05-18,2026-05-18 10:15:00,8421.60312446594,8430.024727590406,8413.181521341474,8421.60312446594,518,83.0,CRUDEOILM-SYNTH,INR,MCX,MCX Crude Oil Mini Futures,MCX,synthetic,15m,15,synthetic_intraday,SYNTHETIC_INTRADAY,2026-05-18 04:45:00+00:00,mcx_open_drive
2026-05-18,2026-05-18 10:30:00,8421.60312446594,8430.024727590406,8413.181521341474,8421.60312446594,285,83.0,CRUDEOILM-SYNTH,INR,MCX,MCX Crude Oil Mini Futures,MCX,synthetic,15m,15,synthetic_intraday,SYNTHETIC_INTRADAY,2026-05-18 05:00:00+00:00,india_morning
2026-05-18,2026-05-18 10:45:00,8423.353607835605,8431.77696144344,8414.93025422777,8423.353607835605,574,83.0,CRUDEOILM-SYNTH,INR,MCX,MCX Crude Oil Mini Futures,MCX,synthetic,15m,15,synthetic_intraday,SYNTHETIC_INTRADAY,2026-05-18 05:15:00+00:00,india_morning
2026-05-18,2026-05-18 11:00:00,8426.471276698056,8434.897747974752,8418.044805421358,8426.471276698056,159,83.0,CRUDEOILM-SYNTH,INR,MCX,MCX Crude Oil Mini Futures,MCX,synthetic,15m,15,synthetic_intraday,SYNTHETIC_INTRADAY,2026-05-18 05:30:00+00:00,india_morning
2026-05-18,2026-05-18 11:15:00,8436.243829551497,8444.680073381047,8427.807585721945,8436.243829551497,373,83.0,CRUDEOILM-SYNTH,INR,MCX,MCX Crude Oil Mini Futures,MCX,synthetic,15m,15,synthetic_intraday,SYNTHETIC_INTRADAY,2026-05-18 05:45:00+00:00,india_morning
2026-05-18,2026-05-18 11:30:00,8435.544869548936,8443.980414418484,8427.109324679386,8435.544869548936,175,83.0,CRUDEOILM-SYNTH,INR,MCX,MCX Crude Oil Mini Futures,MCX,synthetic,15m,15,synthetic_intraday,SYNTHETIC_INTRADAY,2026-05-18 06:00:00+00:00,india_morning
2026-05-18,2026-05-18 11:45:00,8446.120130943173,8454.566251074115,8437.67401081223,8446.120130943173,195,83.0,CRUDEOILM-SYNTH,INR,MCX,MCX Crude Oil Mini Futures,MCX,synthetic,15m,15,synthetic_intraday,SYNTHETIC_INTRADAY,2026-05-18 06:15:00+00:00,india_morning
2026-05-18,2026-05-18 12:00:00,8449.513474602143,8457.962988076744,8441.06396112754,8449.513474602143,477,83.0,CRUDEOILM-SYNTH,INR,MCX,MCX Crude Oil Mini Futures,MCX,synthetic,15m,15,synthetic_intraday,SYNTHETIC_INTRADAY,2026-05-18 06:30:00+00:00,india_morning
2026-05-18,2026-05-18 12:15:00,8453.853892015646,8462.307745907661,8445.400038123631,8453.853892015646,475,83.0,CRUDEOILM-SYNTH,INR,MCX,MCX Crude Oil Mini Futures,MCX,synthetic,15m,15,synthetic_intraday,SYNTHETIC_INTRADAY,2026-05-18 06:45:00+00:00,india_morning
2026-05-18,2026-05-18 12:30:00,8453.806137261783,8462.259943399044,8445.35233112452,8453.806137261783,616,83.0,CRUDEOILM-SYNTH,INR,MCX,MCX Crude Oil Mini Futures,MCX,synthetic,15m,15,synthetic_intraday,SYNTHETIC_INTRADAY,2026-05-18 07:00:00+00:00,india_midday
2026-05-18,2026-05-18 12:45:00,8471.775743224991,8480.247518968215,8463.303967481766,8471.775743224991,353,83.0,CRUDEOILM-SYNTH,INR,MCX,MCX Crude Oil Mini Futures,MCX,synthetic,15m,15,synthetic_intraday,SYNTHETIC_INTRADAY,2026-05-18 07:15:00+00:00,india_midday
2026-05-18,2026-05-18 13:00:00,8471.678212815343,8480.149891028157,8463.206534602527,8471.678212815343,261,83.0,CRUDEOILM-SYNTH,INR,MCX,MCX Crude Oil Mini Futures,MCX,synthetic,15m,15,synthetic_intraday,SYNTHETIC_INTRADAY,2026-05-18 07:30:00+00:00,india_midday
2026-05-18,2026-05-18 13:15:00,8470.266160960393,8478.736427121352,8461.795894799432,8470.266160960393,129,83.0,CRUDEOILM-SYNTH,INR,MCX,MCX Crude Oil Mini Futures,MCX,synthetic,15m,15,synthetic_intraday,SYNTHETIC_INTRADAY,2026-05-18 07:45:00+00:00,india_midday
2026-05-18,2026-05-18 13:30:00,8480.216696777868,8488.696913474645,8471.73648008109,8480.216696777868,720,83.0,CRUDEOILM-SYNTH,INR,MCX,MCX Crude Oil Mini Futures,MCX,synthetic,15m,15,synthetic_intraday,SYNTHETIC_INTRADAY,2026-05-18 08:00:00+00:00,india_midday
2026-05-18,2026-05-18 13:45:00,8484.149067969329,8492.633217037297,8475.664918901359,8484.149067969329,518,83.0,CRUDEOILM-SYNTH,INR,MCX,MCX Crude Oil Mini Futures,MCX,synthetic,15m,15,synthetic_intraday,SYNTHETIC_INTRADAY,2026-05-18 08:15:00+00:00,india_midday
2026-05-18,2026-05-18 14:00:00,8487.978846438575,8496.466825285012,8479.490867592136,8487.978846438575,643,83.0,CRUDEOILM-SYNTH,INR,MCX,MCX Crude Oil Mini Futures,MCX,synthetic,15m,15,synthetic_intraday,SYNTHETIC_INTRADAY,2026-05-18 08:30:00+00:00,india_midday
2026-05-18,2026-05-18 14:15:00,8501.262960334298,8509.764223294631,8492.761697373964,8501.262960334298,524,83.0,CRUDEOILM-SYNTH,INR,MCX,MCX Crude Oil Mini Futures,MCX,synthetic,15m,15,synthetic_intraday,SYNTHETIC_INTRADAY,2026-05-18 08:45:00+00:00,india_midday
2026-05-18,2026-05-18 14:30:00,8502.99763467911,8511.500632313788,8494.49463704443,8502.99763467911,926,83.0,CRUDEOILM-SYNTH,INR,MCX,MCX Crude Oil Mini Futures,MCX,synthetic,15m,15,synthetic_intraday,SYNTHETIC_INTRADAY,2026-05-18 09:00:00+00:00,india_midday
2026-05-18,2026-05-18 14:45:00,8512.212335642052,8520.724547977694,8503.700123306411,8512.212335642052,142,83.0,CRUDEOILM-SYNTH,INR,MCX,MCX Crude Oil Mini Futures,MCX,synthetic,15m,15,synthetic_intraday,SYNTHETIC_INTRADAY,2026-05-18 09:15:00+00:00,india_midday
2026-05-19,2026-05-19 09:00:00,8548.144999694827,8556.69314469452,8539.596854695132,8548.144999694827,661,83.0,CRUDEOILM-SYNTH,INR,MCX,MCX Crude Oil Mini Futures,MCX,synthetic,15m,15,synthetic_intraday,SYNTHETIC_INTRADAY,2026-05-19 03:30:00+00:00,mcx_open_drive
2026-05-19,2026-05-19 09:15:00,8548.144999694827,8556.69314469452,8539.596854695132,8548.144999694827,272,83.0,CRUDEOILM-SYNTH,INR,MCX,MCX Crude Oil Mini Futures,MCX,synthetic,15m,15,synthetic_intraday,SYNTHETIC_INTRADAY,2026-05-19 03:45:00+00:00,mcx_open_drive
2026-05-19,2026-05-19 09:30:00,8548.144999694827,8556.69314469452,8539.596854695132,8548.144999694827,776,83.0,CRUDEOILM-SYNTH,INR,MCX,MCX Crude Oil Mini Futures,MCX,synthetic,15m,15,synthetic_intraday,SYNTHETIC_INTRADAY,2026-05-19 04:00:00+00:00,mcx_open_drive
2026-05-19,2026-05-19 09:45:00,8548.144999694827,8556.69314469452,8539.596854695132,8548.144999694827,654,83.0,CRUDEOILM-SYNTH,INR,MCX,MCX Crude Oil Mini Futures,MCX,synthetic,15m,15,synthetic_intraday,SYNTHETIC_INTRADAY,2026-05-19 04:15:00+00:00,mcx_open_drive
2026-05-19,2026-05-19 10:00:00,8548.144999694827,8556.69314469452,8539.596854695132,8548.144999694827,875,83.0,CRUDEOILM-SYNTH,INR,MCX,MCX Crude Oil Mini Futures,MCX,synthetic,15m,15,synthetic_intraday,SYNTHETIC_INTRADAY,2026-05-19 04:30:00+00:00,mcx_open_drive
2026-05-19,2026-05-19 10:15:00,8548.144999694827,8556.69314469452,8539.596854695132,8548.144999694827,960,83.0,CRUDEOILM-SYNTH,INR,MCX,MCX Crude Oil Mini Futures,MCX,synthetic,15m,15,synthetic_intraday,SYNTHETIC_INTRADAY,2026-05-19 04:45:00+00:00,mcx_open_drive
2026-05-19,2026-05-19 10:30:00,8548.144999694827,8556.69314469452,8539.596854695132,8548.144999694827,538,83.0,CRUDEOILM-SYNTH,INR,MCX,MCX Crude Oil Mini Futures,MCX,synthetic,15m,15,synthetic_intraday,SYNTHETIC_INTRADAY,2026-05-19 05:00:00+00:00,india_morning
2026-05-19,2026-05-19 10:45:00,8550.312961673722,8558.863274635396,8541.762648712049,8550.312961673722,759,83.0,CRUDEOILM-SYNTH,INR,MCX,MCX Crude Oil Mini Futures,MCX,synthetic,15m,15,synthetic_intraday,SYNTHETIC_INTRADAY,2026-05-19 05:15:00+00:00,india_morning
2026-05-19,2026-05-19 11:00:00,8558.281969967456,8566.840251937423,8549.72368799749,8558.281969967456,462,83.0,CRUDEOILM-SYNTH,INR,MCX,MCX Crude Oil Mini Futures,MCX,synthetic,15m,15,synthetic_intraday,SYNTHETIC_INTRADAY,2026-05-19 05:30:00+00:00,india_morning
2026-05-19,2026-05-19 11:15:00,8558.650146424396,8567.20879657082,8550.091496277972,8558.650146424396,850,83.0,CRUDEOILM-SYNTH,INR,MCX,MCX Crude Oil Mini Futures,MCX,synthetic,15m,15,synthetic_intraday,SYNTHETIC_INTRADAY,2026-05-19 05:45:00+00:00,india_morning
2026-05-19,2026-05-19 11:30:00,8560.38743670847,8568.947824145178,8551.827049271762,8560.38743670847,746,83.0,CRUDEOILM-SYNTH,INR,MCX,MCX Crude Oil Mini Futures,MCX,synthetic,15m,15,synthetic_intraday,SYNTHETIC_INTRADAY,2026-05-19 06:00:00+00:00,india_morning
2026-05-19,2026-05-19 11:45:00,8567.799525246171,8576.367324771416,8559.231725720925,8567.799525246171,976,83.0,CRUDEOILM-SYNTH,INR,MCX,MCX Crude Oil Mini Futures,MCX,synthetic,15m,15,synthetic_intraday,SYNTHETIC_INTRADAY,2026-05-19 06:15:00+00:00,india_morning
2026-05-19,2026-05-19 12:00:00,8569.268819622035,8577.838088441657,8560.699550802414,8569.268819622035,472,83.0,CRUDEOILM-SYNTH,INR,MCX,MCX Crude Oil Mini Futures,MCX,synthetic,15m,15,synthetic_intraday,SYNTHETIC_INTRADAY,2026-05-19 06:30:00+00:00,india_morning
2026-05-19,2026-05-19 12:15:00,8577.408703638399,8585.986112342036,8568.83129493476,8577.408703638399,108,83.0,CRUDEOILM-SYNTH,INR,MCX,MCX Crude Oil Mini Futures,MCX,synthetic,15m,15,synthetic_intraday,SYNTHETIC_INTRADAY,2026-05-19 06:45:00+00:00,india_morning
2026-05-19,2026-05-19 12:30:00,8583.51736254928,8592.10087991183,8574.933845186732,8583.51736254928,137,83.0,CRUDEOILM-SYNTH,INR,MCX,MCX Crude Oil Mini Futures,MCX,synthetic,15m,15,synthetic_intraday,SYNTHETIC_INTRADAY,2026-05-19 07:00:00+00:00,india_midday
2026-05-19,2026-05-19 12:45:00,8589.181971399172,8597.77115337057,8580.592789427772,8589.181971399172,571,83.0,CRUDEOILM-SYNTH,INR,MCX,MCX Crude Oil Mini Futures,MCX,synthetic,15m,15,synthetic_intraday,SYNTHETIC_INTRADAY,2026-05-19 07:15:00+00:00,india_midday
2026-05-19,2026-05-19 13:00:00,8592.770159108084,8601.36292926719,8584.177388948976,8592.770159108084,501,83.0,CRUDEOILM-SYNTH,INR,MCX,MCX Crude Oil Mini Futures,MCX,synthetic,15m,15,synthetic_intraday,SYNTHETIC_INTRADAY,2026-05-19 07:30:00+00:00,india_midday
2026-05-19,2026-05-19 13:15:00,8603.290329337513,8611.89361966685,8594.687039008175,8603.290329337513,504,83.0,CRUDEOILM-SYNTH,INR,MCX,MCX Crude Oil Mini Futures,MCX,synthetic,15m,15,synthetic_intraday,SYNTHETIC_INTRADAY,2026-05-19 07:45:00+00:00,india_midday
2026-05-19,2026-05-19 13:30:00,8606.244729568414,8614.850974297982,8597.638484838846,8606.244729568414,712,83.0,CRUDEOILM-SYNTH,INR,MCX,MCX Crude Oil Mini Futures,MCX,synthetic,15m,15,synthetic_intraday,SYNTHETIC_INTRADAY,2026-05-19 08:00:00+00:00,india_midday
2026-05-19,2026-05-19 13:45:00,8613.090463680546,8621.703554144226,8604.477373216865,8613.090463680546,445,83.0,CRUDEOILM-SYNTH,INR,MCX,MCX Crude Oil Mini Futures,MCX,synthetic,15m,15,synthetic_intraday,SYNTHETIC_INTRADAY,2026-05-19 08:15:00+00:00,india_midday
2026-05-19,2026-05-19 14:00:00,8615.011300360373,8623.626311660732,8606.396289060012,8615.011300360373,362,83.0,CRUDEOILM-SYNTH,INR,MCX,MCX Crude Oil Mini Futures,MCX,synthetic,15m,15,synthetic_intraday,SYNTHETIC_INTRADAY,2026-05-19 08:30:00+00:00,india_midday
2026-05-19,2026-05-19 14:15:00,8622.273461464043,8630.895734925507,8613.65118800258,8622.273461464043,830,83.0,CRUDEOILM-SYNTH,INR,MCX,MCX Crude Oil Mini Futures,MCX,synthetic,15m,15,synthetic_intraday,SYNTHETIC_INTRADAY,2026-05-19 08:45:00+00:00,india_midday
2026-05-19,2026-05-19 14:30:00,8626.953166708152,8635.58011987486,8618.326213541444,8626.953166708152,422,83.0,CRUDEOILM-SYNTH,INR,MCX,MCX Crude Oil Mini Futures,MCX,synthetic,15m,15,synthetic_intraday,SYNTHETIC_INTRADAY,2026-05-19 09:00:00+00:00,india_midday
2026-05-19,2026-05-19 14:45:00,8626.630350920188,8635.256981271108,8618.003720569268,8626.630350920188,132,83.0,CRUDEOILM-SYNTH,INR,MCX,MCX Crude Oil Mini Futures,MCX,synthetic,15m,15,synthetic_intraday,SYNTHETIC_INTRADAY,2026-05-19 09:15:00+00:00,india_midday
2026-05-20,2026-05-20 09:00:00,8305.876553497315,8314.182430050812,8297.570676943818,8305.876553497315,697,83.0,CRUDEOILM-SYNTH,INR,MCX,MCX Crude Oil Mini Futures,MCX,synthetic,15m,15,synthetic_intraday,SYNTHETIC_INTRADAY,2026-05-20 03:30:00+00:00,mcx_open_drive
2026-05-20,2026-05-20 09:15:00,8305.876553497315,8314.182430050812,8297.570676943818,8305.876553497315,136,83.0,CRUDEOILM-SYNTH,INR,MCX,MCX Crude Oil Mini Futures,MCX,synthetic,15m,15,synthetic_intraday,SYNTHETIC_INTRADAY,2026-05-20 03:45:00+00:00,mcx_open_drive
2026-05-20,2026-05-20 09:30:00,8305.876553497315,8314.182430050812,8297.570676943818,8305.876553497315,243,83.0,CRUDEOILM-SYNTH,INR,MCX,MCX Crude Oil Mini Futures,MCX,synthetic,15m,15,synthetic_intraday,SYNTHETIC_INTRADAY,2026-05-20 04:00:00+00:00,mcx_open_drive
2026-05-20,2026-05-20 09:45:00,8305.876553497315,8314.182430050812,8297.570676943818,8305.876553497315,804,83.0,CRUDEOILM-SYNTH,INR,MCX,MCX Crude Oil Mini Futures,MCX,synthetic,15m,15,synthetic_intraday,SYNTHETIC_INTRADAY,2026-05-20 04:15:00+00:00,mcx_open_drive
2026-05-20,2026-05-20 10:00:00,8305.876553497315,8314.182430050812,8297.570676943818,8305.876553497315,617,83.0,CRUDEOILM-SYNTH,INR,MCX,MCX Crude Oil Mini Futures,MCX,synthetic,15m,15,synthetic_intraday,SYNTHETIC_INTRADAY,2026-05-20 04:30:00+00:00,mcx_open_drive
2026-05-20,2026-05-20 10:15:00,8305.876553497315,8314.182430050812,8297.570676943818,8305.876553497315,238,83.0,CRUDEOILM-SYNTH,INR,MCX,MCX Crude Oil Mini Futures,MCX,synthetic,15m,15,synthetic_intraday,SYNTHETIC_INTRADAY,2026-05-20 04:45:00+00:00,mcx_open_drive
2026-05-20,2026-05-20 10:30:00,8305.876553497315,8314.182430050812,8297.570676943818,8305.876553497315,312,83.0,CRUDEOILM-SYNTH,INR,MCX,MCX Crude Oil Mini Futures,MCX,synthetic,15m,15,synthetic_intraday,SYNTHETIC_INTRADAY,2026-05-20 05:00:00+00:00,india_morning
2026-05-20,2026-05-20 10:45:00,8305.876553497315,8314.182430050812,8297.570676943818,8305.876553497315,991,83.0,CRUDEOILM-SYNTH,INR,MCX,MCX Crude Oil Mini Futures,MCX,synthetic,15m,15,synthetic_intraday,SYNTHETIC_INTRADAY,2026-05-20 05:15:00+00:00,india_morning
2026-05-20,2026-05-20 11:00:00,8305.876553497315,8314.182430050812,8297.570676943818,8305.876553497315,316,83.0,CRUDEOILM-SYNTH,INR,MCX,MCX Crude Oil Mini Futures,MCX,synthetic,15m,15,synthetic_intraday,SYNTHETIC_INTRADAY,2026-05-20 05:30:00+00:00,india_morning
2026-05-20,2026-05-20 11:15:00,8305.876553497315,8314.182430050812,8297.570676943818,8305.876553497315,836,83.0,CRUDEOILM-SYNTH,INR,MCX,MCX Crude Oil Mini Futures,MCX,synthetic,15m,15,synthetic_intraday,SYNTHETIC_INTRADAY,2026-05-20 05:45:00+00:00,india_morning
2026-05-20,2026-05-20 11:30:00,8305.876553497315,8314.182430050812,8297.570676943818,8305.876553497315,508,83.0,CRUDEOILM-SYNTH,INR,MCX,MCX Crude Oil Mini Futures,MCX,synthetic,15m,15,synthetic_intraday,SYNTHETIC_INTRADAY,2026-05-20 06:00:00+00:00,india_morning
2026-05-20,2026-05-20 11:45:00,8305.876553497315,8314.182430050812,8297.570676943818,8305.876553497315,909,83.0,CRUDEOILM-SYNTH,INR,MCX,MCX Crude Oil Mini Futures,MCX,synthetic,15m,15,synthetic_intraday,SYNTHETIC_INTRADAY,2026-05-20 06:15:00+00:00,india_morning
2026-05-20,2026-05-20 12:00:00,8305.876553497315,8314.182430050812,8297.570676943818,8305.876553497315,507,83.0,CRUDEOILM-SYNTH,INR,MCX,MCX Crude Oil Mini Futures,MCX,synthetic,15m,15,synthetic_intraday,SYNTHETIC_INTRADAY,2026-05-20 06:30:00+00:00,india_morning
2026-05-20,2026-05-20 12:15:00,8305.876553497315,8314.182430050812,8297.570676943818,8305.876553497315,884,83.0,CRUDEOILM-SYNTH,INR,MCX,MCX Crude Oil Mini Futures,MCX,synthetic,15m,15,synthetic_intraday,SYNTHETIC_INTRADAY,2026-05-20 06:45:00+00:00,india_morning
2026-05-20,2026-05-20 12:30:00,8305.876553497315,8314.182430050812,8297.570676943818,8305.876553497315,363,83.0,CRUDEOILM-SYNTH,INR,MCX,MCX Crude Oil Mini Futures,MCX,synthetic,15m,15,synthetic_intraday,SYNTHETIC_INTRADAY,2026-05-20 07:00:00+00:00,india_midday
2026-05-20,2026-05-20 12:45:00,8305.876553497315,8314.182430050812,8297.570676943818,8305.876553497315,727,83.0,CRUDEOILM-SYNTH,INR,MCX,MCX Crude Oil Mini Futures,MCX,synthetic,15m,15,synthetic_intraday,SYNTHETIC_INTRADAY,2026-05-20 07:15:00+00:00,india_midday
2026-05-20,2026-05-20 13:00:00,8305.876553497315,8314.182430050812,8297.570676943818,8305.876553497315,539,83.0,CRUDEOILM-SYNTH,INR,MCX,MCX Crude Oil Mini Futures,MCX,synthetic,15m,15,synthetic_intraday,SYNTHETIC_INTRADAY,2026-05-20 07:30:00+00:00,india_midday
2026-05-20,2026-05-20 13:15:00,8305.876553497315,8314.182430050812,8297.570676943818,8305.876553497315,475,83.0,CRUDEOILM-SYNTH,INR,MCX,MCX Crude Oil Mini Futures,MCX,synthetic,15m,15,synthetic_intraday,SYNTHETIC_INTRADAY,2026-05-20 07:45:00+00:00,india_midday
2026-05-20,2026-05-20 13:30:00,8305.876553497315,8314.182430050812,8297.570676943818,8305.876553497315,871,83.0,CRUDEOILM-SYNTH,INR,MCX,MCX Crude Oil Mini Futures,MCX,synthetic,15m,15,synthetic_intraday,SYNTHETIC_INTRADAY,2026-05-20 08:00:00+00:00,india_midday
2026-05-20,2026-05-20 13:45:00,8295.20688556636,8303.502092451925,8286.911678680794,8295.20688556636,937,83.0,CRUDEOILM-SYNTH,INR,MCX,MCX Crude Oil Mini Futures,MCX,synthetic,15m,15,synthetic_intraday,SYNTHETIC_INTRADAY,2026-05-20 08:15:00+00:00,india_midday
2026-05-20,2026-05-20 14:00:00,8280.018332633908,8288.298350966541,8271.738314301274,8280.018332633908,767,83.0,CRUDEOILM-SYNTH,INR,MCX,MCX Crude Oil Mini Futures,MCX,synthetic,15m,15,synthetic_intraday,SYNTHETIC_INTRADAY,2026-05-20 08:30:00+00:00,india_midday
2026-05-20,2026-05-20 14:15:00,8261.220793858269,8269.482014652127,8252.95957306441,8261.220793858269,834,83.0,CRUDEOILM-SYNTH,INR,MCX,MCX Crude Oil Mini Futures,MCX,synthetic,15m,15,synthetic_intraday,SYNTHETIC_INTRADAY,2026-05-20 08:45:00+00:00,india_midday
2026-05-20,2026-05-20 14:30:00,8236.749866984926,8244.986616851911,8228.513117117942,8236.749866984926,726,83.0,CRUDEOILM-SYNTH,INR,MCX,MCX Crude Oil Mini Futures,MCX,synthetic,15m,15,synthetic_intraday,SYNTHETIC_INTRADAY,2026-05-20 09:00:00+00:00,india_midday
2026-05-20,2026-05-20 14:45:00,8225.628702620581,8233.8543313232,8217.40307391796,8225.628702620581,355,83.0,CRUDEOILM-SYNTH,INR,MCX,MCX Crude Oil Mini Futures,MCX,synthetic,15m,15,synthetic_intraday,SYNTHETIC_INTRADAY,2026-05-20 09:15:00+00:00,india_midday
2026-05-21,2026-05-21 09:00:00,8215.34,8223.555339999999,8207.12466,8215.34,477,83.0,CRUDEOILM-SYNTH,INR,MCX,MCX Crude Oil Mini Futures,MCX,synthetic,15m,15,synthetic_intraday,SYNTHETIC_INTRADAY,2026-05-21 03:30:00+00:00,mcx_open_drive
2026-05-21,2026-05-21 09:15:00,8215.34,8223.555339999999,8207.12466,8215.34,942,83.0,CRUDEOILM-SYNTH,INR,MCX,MCX Crude Oil Mini Futures,MCX,synthetic,15m,15,synthetic_intraday,SYNTHETIC_INTRADAY,2026-05-21 03:45:00+00:00,mcx_open_drive
2026-05-21,2026-05-21 09:30:00,8215.34,8223.555339999999,8207.12466,8215.34,503,83.0,CRUDEOILM-SYNTH,INR,MCX,MCX Crude Oil Mini Futures,MCX,synthetic,15m,15,synthetic_intraday,SYNTHETIC_INTRADAY,2026-05-21 04:00:00+00:00,mcx_open_drive
2026-05-21,2026-05-21 09:45:00,8210.846725380634,8219.057572106014,8202.635878655254,8210.846725380634,992,83.0,CRUDEOILM-SYNTH,INR,MCX,MCX Crude Oil Mini Futures,MCX,synthetic,15m,15,synthetic_intraday,SYNTHETIC_INTRADAY,2026-05-21 04:15:00+00:00,mcx_open_drive
2026-05-21,2026-05-21 10:00:00,8209.001092985342,8217.210094078326,8200.792091892356,8209.001092985342,226,83.0,CRUDEOILM-SYNTH,INR,MCX,MCX Crude Oil Mini Futures,MCX,synthetic,15m,15,synthetic_intraday,SYNTHETIC_INTRADAY,2026-05-21 04:30:00+00:00,mcx_open_drive
2026-05-21,2026-05-21 10:15:00,8202.561902114483,8210.764464016596,8194.359340212368,8202.561902114483,674,83.0,CRUDEOILM-SYNTH,INR,MCX,MCX Crude Oil Mini Futures,MCX,synthetic,15m,15,synthetic_intraday,SYNTHETIC_INTRADAY,2026-05-21 04:45:00+00:00,mcx_open_drive
2026-05-21,2026-05-21 10:30:00,8195.295465443309,8203.490760908751,8187.100169977865,8195.295465443309,925,83.0,CRUDEOILM-SYNTH,INR,MCX,MCX Crude Oil Mini Futures,MCX,synthetic,15m,15,synthetic_intraday,SYNTHETIC_INTRADAY,2026-05-21 05:00:00+00:00,india_morning
2026-05-21,2026-05-21 10:45:00,8202.676089236826,8210.878765326062,8194.473413147589,8202.676089236826,803,83.0,CRUDEOILM-SYNTH,INR,MCX,MCX Crude Oil Mini Futures,MCX,synthetic,15m,15,synthetic_intraday,SYNTHETIC_INTRADAY,2026-05-21 05:15:00+00:00,india_morning
2026-05-21,2026-05-21 11:00:00,8196.513378449843,8204.709891828292,8188.316865071393,8196.513378449843,221,83.0,CRUDEOILM-SYNTH,INR,MCX,MCX Crude Oil Mini Futures,MCX,synthetic,15m,15,synthetic_intraday,SYNTHETIC_INTRADAY,2026-05-21 05:30:00+00:00,india_morning
2026-05-21,2026-05-21 11:15:00,8187.693399927439,8195.881093327365,8179.505706527511,8187.693399927439,193,83.0,CRUDEOILM-SYNTH,INR,MCX,MCX Crude Oil Mini Futures,MCX,synthetic,15m,15,synthetic_intraday,SYNTHETIC_INTRADAY,2026-05-21 05:45:00+00:00,india_morning
2026-05-21,2026-05-21 11:30:00,8185.0461167900285,8193.231162906817,8176.861070673239,8185.0461167900285,854,83.0,CRUDEOILM-SYNTH,INR,MCX,MCX Crude Oil Mini Futures,MCX,synthetic,15m,15,synthetic_intraday,SYNTHETIC_INTRADAY,2026-05-21 06:00:00+00:00,india_morning
2026-05-21,2026-05-21 11:45:00,8181.043961061991,8189.225005023051,8172.862917100929,8181.043961061991,795,83.0,CRUDEOILM-SYNTH,INR,MCX,MCX Crude Oil Mini Futures,MCX,synthetic,15m,15,synthetic_intraday,SYNTHETIC_INTRADAY,2026-05-21 06:15:00+00:00,india_morning
2026-05-21,2026-05-21 12:00:00,8182.029089389875,8190.211118479264,8173.847060300484,8182.029089389875,665,83.0,CRUDEOILM-SYNTH,INR,MCX,MCX Crude Oil Mini Futures,MCX,synthetic,15m,15,synthetic_intraday,SYNTHETIC_INTRADAY,2026-05-21 06:30:00+00:00,india_morning
2026-05-21,2026-05-21 12:15:00,8167.661419710007,8175.8290811297165,8159.493758290297,8167.661419710007,315,83.0,CRUDEOILM-SYNTH,INR,MCX,MCX Crude Oil Mini Futures,MCX,synthetic,15m,15,synthetic_intraday,SYNTHETIC_INTRADAY,2026-05-21 06:45:00+00:00,india_morning
2026-05-21,2026-05-21 12:30:00,8165.8601994525425,8174.026059651994,8157.69433925309,8165.8601994525425,412,83.0,CRUDEOILM-SYNTH,INR,MCX,MCX Crude Oil Mini Futures,MCX,synthetic,15m,15,synthetic_intraday,SYNTHETIC_INTRADAY,2026-05-21 07:00:00+00:00,india_midday
2026-05-21,2026-05-21 12:45:00,8160.734957513997,8168.89569247151,8152.574222556483,8160.734957513997,243,83.0,CRUDEOILM-SYNTH,INR,MCX,MCX Crude Oil Mini Futures,MCX,synthetic,15m,15,synthetic_intraday,SYNTHETIC_INTRADAY,2026-05-21 07:15:00+00:00,india_midday
2026-05-21,2026-05-21 13:00:00,8160.872588197178,8169.033460785374,8152.711715608981,8160.872588197178,739,83.0,CRUDEOILM-SYNTH,INR,MCX,MCX Crude Oil Mini Futures,MCX,synthetic,15m,15,synthetic_intraday,SYNTHETIC_INTRADAY,2026-05-21 07:30:00+00:00,india_midday
2026-05-21,2026-05-21 13:15:00,8153.610795574942,8161.764406370517,8145.457184779367,8153.610795574942,286,83.0,CRUDEOILM-SYNTH,INR,MCX,MCX Crude Oil Mini Futures,MCX,synthetic,15m,15,synthetic_intraday,SYNTHETIC_INTRADAY,2026-05-21 07:45:00+00:00,india_midday
2026-05-21,2026-05-21 13:30:00,8150.82995790078,8158.98078785868,8142.679127942879,8150.82995790078,633,83.0,CRUDEOILM-SYNTH,INR,MCX,MCX Crude Oil Mini Futures,MCX,synthetic,15m,15,synthetic_intraday,SYNTHETIC_INTRADAY,2026-05-21 08:00:00+00:00,india_midday
2026-05-21,2026-05-21 13:45:00,8154.656616441706,8162.811273058147,8146.501959825265,8154.656616441706,124,83.0,CRUDEOILM-SYNTH,INR,MCX,MCX Crude Oil Mini Futures,MCX,synthetic,15m,15,synthetic_intraday,SYNTHETIC_INTRADAY,2026-05-21 08:15:00+00:00,india_midday
2026-05-21,2026-05-21 14:00:00,8143.896437883371,8152.040334321253,8135.752541445488,8143.896437883371,445,83.0,CRUDEOILM-SYNTH,INR,MCX,MCX Crude Oil Mini Futures,MCX,synthetic,15m,15,synthetic_intraday,SYNTHETIC_INTRADAY,2026-05-21 08:30:00+00:00,india_midday
2026-05-21,2026-05-21 14:15:00,8135.192414476073,8143.327606890549,8127.057222061597,8135.192414476073,232,83.0,CRUDEOILM-SYNTH,INR,MCX,MCX Crude Oil Mini Futures,MCX,synthetic,15m,15,synthetic_intraday,SYNTHETIC_INTRADAY,2026-05-21 08:45:00+00:00,india_midday
2026-05-21,2026-05-21 14:30:00,8140.5152237187995,8148.655738942517,8132.374708495081,8140.5152237187995,562,83.0,CRUDEOILM-SYNTH,INR,MCX,MCX Crude Oil Mini Futures,MCX,synthetic,15m,15,synthetic_intraday,SYNTHETIC_INTRADAY,2026-05-21 09:00:00+00:00,india_midday
2026-05-21,2026-05-21 14:45:00,8129.25109951889,8137.380350618409,8121.121848419371,8129.25109951889,829,83.0,CRUDEOILM-SYNTH,INR,MCX,MCX Crude Oil Mini Futures,MCX,synthetic,15m,15,synthetic_intraday,SYNTHETIC_INTRADAY,2026-05-21 09:15:00+00:00,india_midday
2026-05-22,2026-05-22 09:00:00,8097.977872085571,8106.075849957656,8089.879894213485,8097.977872085571,327,83.0,CRUDEOILM-SYNTH,INR,MCX,MCX Crude Oil Mini Futures,MCX,synthetic,15m,15,synthetic_intraday,SYNTHETIC_INTRADAY,2026-05-22 03:30:00+00:00,mcx_open_drive
2026-05-22,2026-05-22 09:15:00,8097.977872085571,8106.075849957656,8089.879894213485,8097.977872085571,366,83.0,CRUDEOILM-SYNTH,INR,MCX,MCX Crude Oil Mini Futures,MCX,synthetic,15m,15,synthetic_intraday,SYNTHETIC_INTRADAY,2026-05-22 03:45:00+00:00,mcx_open_drive
2026-05-22,2026-05-22 09:30:00,8097.977872085571,8106.075849957656,8089.879894213485,8097.977872085571,685,83.0,CRUDEOILM-SYNTH,INR,MCX,MCX Crude Oil Mini Futures,MCX,synthetic,15m,15,synthetic_intraday,SYNTHETIC_INTRADAY,2026-05-22 04:00:00+00:00,mcx_open_drive
2026-05-22,2026-05-22 09:45:00,8097.977872085571,8106.075849957656,8089.879894213485,8097.977872085571,419,83.0,CRUDEOILM-SYNTH,INR,MCX,MCX Crude Oil Mini Futures,MCX,synthetic,15m,15,synthetic_intraday,SYNTHETIC_INTRADAY,2026-05-22 04:15:00+00:00,mcx_open_drive
2026-05-22,2026-05-22 10:00:00,8097.977872085571,8106.075849957656,8089.879894213485,8097.977872085571,590,83.0,CRUDEOILM-SYNTH,INR,MCX,MCX Crude Oil Mini Futures,MCX,synthetic,15m,15,synthetic_intraday,SYNTHETIC_INTRADAY,2026-05-22 04:30:00+00:00,mcx_open_drive
2026-05-22,2026-05-22 10:15:00,8097.977872085571,8106.075849957656,8089.879894213485,8097.977872085571,764,83.0,CRUDEOILM-SYNTH,INR,MCX,MCX Crude Oil Mini Futures,MCX,synthetic,15m,15,synthetic_intraday,SYNTHETIC_INTRADAY,2026-05-22 04:45:00+00:00,mcx_open_drive
2026-05-22,2026-05-22 10:30:00,8097.977872085571,8106.075849957656,8089.879894213485,8097.977872085571,846,83.0,CRUDEOILM-SYNTH,INR,MCX,MCX Crude Oil Mini Futures,MCX,synthetic,15m,15,synthetic_intraday,SYNTHETIC_INTRADAY,2026-05-22 05:00:00+00:00,india_morning
2026-05-22,2026-05-22 10:45:00,8092.995003820827,8101.087998824647,8084.902008817006,8092.995003820827,740,83.0,CRUDEOILM-SYNTH,INR,MCX,MCX Crude Oil Mini Futures,MCX,synthetic,15m,15,synthetic_intraday,SYNTHETIC_INTRADAY,2026-05-22 05:15:00+00:00,india_morning
2026-05-22,2026-05-22 11:00:00,8092.198144847077,8100.290342991923,8084.10594670223,8092.198144847077,655,83.0,CRUDEOILM-SYNTH,INR,MCX,MCX Crude Oil Mini Futures,MCX,synthetic,15m,15,synthetic_intraday,SYNTHETIC_INTRADAY,2026-05-22 05:30:00+00:00,india_morning
2026-05-22,2026-05-22 11:15:00,8089.83400218603,8097.923836188215,8081.7441681838445,8089.83400218603,809,83.0,CRUDEOILM-SYNTH,INR,MCX,MCX Crude Oil Mini Futures,MCX,synthetic,15m,15,synthetic_intraday,SYNTHETIC_INTRADAY,2026-05-22 05:45:00+00:00,india_morning
2026-05-22,2026-05-22 11:30:00,8083.414555385891,8091.497969941276,8075.331140830504,8083.414555385891,237,83.0,CRUDEOILM-SYNTH,INR,MCX,MCX Crude Oil Mini Futures,MCX,synthetic,15m,15,synthetic_intraday,SYNTHETIC_INTRADAY,2026-05-22 06:00:00+00:00,india_morning
2026-05-22,2026-05-22 11:45:00,8076.1606124997825,8084.236773112281,8068.084451887283,8076.1606124997825,139,83.0,CRUDEOILM-SYNTH,INR,MCX,MCX Crude Oil Mini Futures,MCX,synthetic,15m,15,synthetic_intraday,SYNTHETIC_INTRADAY,2026-05-22 06:15:00+00:00,india_morning
2026-05-22,2026-05-22 12:00:00,8075.720614102645,8083.796334716747,8067.644893488543,8075.720614102645,110,83.0,CRUDEOILM-SYNTH,INR,MCX,MCX Crude Oil Mini Futures,MCX,synthetic,15m,15,synthetic_intraday,SYNTHETIC_INTRADAY,2026-05-22 06:30:00+00:00,india_morning
2026-05-22,2026-05-22 12:15:00,8066.839139718501,8074.905978858219,8058.772300578783,8066.839139718501,372,83.0,CRUDEOILM-SYNTH,INR,MCX,MCX Crude Oil Mini Futures,MCX,synthetic,15m,15,synthetic_intraday,SYNTHETIC_INTRADAY,2026-05-22 06:45:00+00:00,india_morning
2026-05-22,2026-05-22 12:30:00,8064.13905225213,8072.203191304381,8056.074913199877,8064.13905225213,387,83.0,CRUDEOILM-SYNTH,INR,MCX,MCX Crude Oil Mini Futures,MCX,synthetic,15m,15,synthetic_intraday,SYNTHETIC_INTRADAY,2026-05-22 07:00:00+00:00,india_midday
2026-05-22,2026-05-22 12:45:00,8056.1170979914805,8064.173215089471,8048.060980893489,8056.1170979914805,872,83.0,CRUDEOILM-SYNTH,INR,MCX,MCX Crude Oil Mini Futures,MCX,synthetic,15m,15,synthetic_intraday,SYNTHETIC_INTRADAY,2026-05-22 07:15:00+00:00,india_midday
2026-05-22,2026-05-22 13:00:00,8052.523381837793,8060.57590521963,8044.470858455955,8052.523381837793,216,83.0,CRUDEOILM-SYNTH,INR,MCX,MCX Crude Oil Mini Futures,MCX,synthetic,15m,15,synthetic_intraday,SYNTHETIC_INTRADAY,2026-05-22 07:30:00+00:00,india_midday
2026-05-22,2026-05-22 13:15:00,8044.154018514242,8052.198172532755,8036.109864495728,8044.154018514242,365,83.0,CRUDEOILM-SYNTH,INR,MCX,MCX Crude Oil Mini Futures,MCX,synthetic,15m,15,synthetic_intraday,SYNTHETIC_INTRADAY,2026-05-22 07:45:00+00:00,india_midday
2026-05-22,2026-05-22 13:30:00,8036.208423060932,8044.244631483992,8028.172214637871,8036.208423060932,412,83.0,CRUDEOILM-SYNTH,INR,MCX,MCX Crude Oil Mini Futures,MCX,synthetic,15m,15,synthetic_intraday,SYNTHETIC_INTRADAY,2026-05-22 08:00:00+00:00,india_midday
2026-05-22,2026-05-22 13:45:00,8037.345425520675,8045.382770946195,8029.308080095155,8037.345425520675,960,83.0,CRUDEOILM-SYNTH,INR,MCX,MCX Crude Oil Mini Futures,MCX,synthetic,15m,15,synthetic_intraday,SYNTHETIC_INTRADAY,2026-05-22 08:15:00+00:00,india_midday
2026-05-22,2026-05-22 14:00:00,8033.405771399882,8041.439177171281,8025.372365628482,8033.405771399882,710,83.0,CRUDEOILM-SYNTH,INR,MCX,MCX Crude Oil Mini Futures,MCX,synthetic,15m,15,synthetic_intraday,SYNTHETIC_INTRADAY,2026-05-22 08:30:00+00:00,india_midday
2026-05-22,2026-05-22 14:15:00,8027.393459956331,8035.420853416286,8019.3660664963745,8027.393459956331,351,83.0,CRUDEOILM-SYNTH,INR,MCX,MCX Crude Oil Mini Futures,MCX,synthetic,15m,15,synthetic_intraday,SYNTHETIC_INTRADAY,2026-05-22 08:45:00+00:00,india_midday
2026-05-22,2026-05-22 14:30:00,8019.385403999934,8027.404789403933,8011.366018595934,8019.385403999934,467,83.0,CRUDEOILM-SYNTH,INR,MCX,MCX Crude Oil Mini Futures,MCX,synthetic,15m,15,synthetic_intraday,SYNTHETIC_INTRADAY,2026-05-22 09:00:00+00:00,india_midday
2026-05-22,2026-05-22 14:45:00,8018.271521536954,8026.28979305849,8010.2532500154175,8018.271521536954,320,83.0,CRUDEOILM-SYNTH,INR,MCX,MCX Crude Oil Mini Futures,MCX,synthetic,15m,15,synthetic_intraday,SYNTHETIC_INTRADAY,2026-05-22 09:15:00+00:00,india_midday
2026-05-25,2026-05-25 09:00:00,8015.6649614578655,8023.680626419323,8007.649296496407,8015.6649614578655,480,83.0,CRUDEOILM-SYNTH,INR,MCX,MCX Crude Oil Mini Futures,MCX,synthetic,15m,15,synthetic_intraday,SYNTHETIC_INTRADAY,2026-05-25 03:30:00+00:00,mcx_open_drive
2026-05-25,2026-05-25 09:15:00,8019.979022665318,8027.999001687982,8011.959043642652,8019.979022665318,191,83.0,CRUDEOILM-SYNTH,INR,MCX,MCX Crude Oil Mini Futures,MCX,synthetic,15m,15,synthetic_intraday,SYNTHETIC_INTRADAY,2026-05-25 03:45:00+00:00,mcx_open_drive
2026-05-25,2026-05-25 09:30:00,8018.026744419715,8026.044771164134,8010.008717675296,8018.026744419715,358,83.0,CRUDEOILM-SYNTH,INR,MCX,MCX Crude Oil Mini Futures,MCX,synthetic,15m,15,synthetic_intraday,SYNTHETIC_INTRADAY,2026-05-25 04:00:00+00:00,mcx_open_drive
2026-05-25,2026-05-25 09:45:00,8016.690685048243,8024.70737573329,8008.673994363195,8016.690685048243,140,83.0,CRUDEOILM-SYNTH,INR,MCX,MCX Crude Oil Mini Futures,MCX,synthetic,15m,15,synthetic_intraday,SYNTHETIC_INTRADAY,2026-05-25 04:15:00+00:00,mcx_open_drive
2026-05-25,2026-05-25 10:00:00,8016.365528020516,8024.381893548535,8008.349162492495,8016.365528020516,744,83.0,CRUDEOILM-SYNTH,INR,MCX,MCX Crude Oil Mini Futures,MCX,synthetic,15m,15,synthetic_intraday,SYNTHETIC_INTRADAY,2026-05-25 04:30:00+00:00,mcx_open_drive
2026-05-25,2026-05-25 10:15:00,8018.804569564299,8026.823374133862,8010.785764994735,8018.804569564299,750,83.0,CRUDEOILM-SYNTH,INR,MCX,MCX Crude Oil Mini Futures,MCX,synthetic,15m,15,synthetic_intraday,SYNTHETIC_INTRADAY,2026-05-25 04:45:00+00:00,mcx_open_drive
2026-05-25,2026-05-25 10:30:00,8021.687934157901,8029.7096220920575,8013.666246223743,8021.687934157901,642,83.0,CRUDEOILM-SYNTH,INR,MCX,MCX Crude Oil Mini Futures,MCX,synthetic,15m,15,synthetic_intraday,SYNTHETIC_INTRADAY,2026-05-25 05:00:00+00:00,india_morning
2026-05-25,2026-05-25 10:45:00,8022.524560070156,8030.547084630226,8014.502035510086,8022.524560070156,808,83.0,CRUDEOILM-SYNTH,INR,MCX,MCX Crude Oil Mini Futures,MCX,synthetic,15m,15,synthetic_intraday,SYNTHETIC_INTRADAY,2026-05-25 05:15:00+00:00,india_morning
2026-05-25,2026-05-25 11:00:00,8017.843025613023,8025.860868638635,8009.82518258741,8017.843025613023,490,83.0,CRUDEOILM-SYNTH,INR,MCX,MCX Crude Oil Mini Futures,MCX,synthetic,15m,15,synthetic_intraday,SYNTHETIC_INTRADAY,2026-05-25 05:30:00+00:00,india_morning
2026-05-25,2026-05-25 11:15:00,8017.5022702660235,8025.519772536289,8009.4847679957575,8017.5022702660235,832,83.0,CRUDEOILM-SYNTH,INR,MCX,MCX Crude Oil Mini Futures,MCX,synthetic,15m,15,synthetic_intraday,SYNTHETIC_INTRADAY,2026-05-25 05:45:00+00:00,india_morning
2026-05-25,2026-05-25 11:30:00,8017.970010286901,8025.987980297187,8009.952040276614,8017.970010286901,746,83.0,CRUDEOILM-SYNTH,INR,MCX,MCX Crude Oil Mini Futures,MCX,synthetic,15m,15,synthetic_intraday,SYNTHETIC_INTRADAY,2026-05-25 06:00:00+00:00,india_morning
2026-05-25,2026-05-25 11:45:00,8018.261860939517,8026.2801228004555,8010.243599078577,8018.261860939517,606,83.0,CRUDEOILM-SYNTH,INR,MCX,MCX Crude Oil Mini Futures,MCX,synthetic,15m,15,synthetic_intraday,SYNTHETIC_INTRADAY,2026-05-25 06:15:00+00:00,india_morning
2026-05-25,2026-05-25 12:00:00,8018.940570709529,8026.959511280238,8010.92163013882,8018.940570709529,595,83.0,CRUDEOILM-SYNTH,INR,MCX,MCX Crude Oil Mini Futures,MCX,synthetic,15m,15,synthetic_intraday,SYNTHETIC_INTRADAY,2026-05-25 06:30:00+00:00,india_morning
2026-05-25,2026-05-25 12:15:00,8018.542709300015,8026.561252009315,8010.524166590715,8018.542709300015,823,83.0,CRUDEOILM-SYNTH,INR,MCX,MCX Crude Oil Mini Futures,MCX,synthetic,15m,15,synthetic_intraday,SYNTHETIC_INTRADAY,2026-05-25 06:45:00+00:00,india_morning
2026-05-25,2026-05-25 12:30:00,8018.517126269208,8026.535643395477,8010.498609142939,8018.517126269208,698,83.0,CRUDEOILM-SYNTH,INR,MCX,MCX Crude Oil Mini Futures,MCX,synthetic,15m,15,synthetic_intraday,SYNTHETIC_INTRADAY,2026-05-25 07:00:00+00:00,india_midday
2026-05-25,2026-05-25 12:45:00,8021.444465168095,8029.4659096332625,8013.423020702927,8021.444465168095,124,83.0,CRUDEOILM-SYNTH,INR,MCX,MCX Crude Oil Mini Futures,MCX,synthetic,15m,15,synthetic_intraday,SYNTHETIC_INTRADAY,2026-05-25 07:15:00+00:00,india_midday
2026-05-25,2026-05-25 13:00:00,8015.14410481528,8023.159248920095,8007.1289607104645,8015.14410481528,295,83.0,CRUDEOILM-SYNTH,INR,MCX,MCX Crude Oil Mini Futures,MCX,synthetic,15m,15,synthetic_intraday,SYNTHETIC_INTRADAY,2026-05-25 07:30:00+00:00,india_midday
2026-05-25,2026-05-25 13:15:00,8015.565581870944,8023.581147452814,8007.550016289073,8015.565581870944,438,83.0,CRUDEOILM-SYNTH,INR,MCX,MCX Crude Oil Mini Futures,MCX,synthetic,15m,15,synthetic_intraday,SYNTHETIC_INTRADAY,2026-05-25 07:45:00+00:00,india_midday
2026-05-25,2026-05-25 13:30:00,8018.4080338108915,8026.426441844702,8010.38962577708,8018.4080338108915,158,83.0,CRUDEOILM-SYNTH,INR,MCX,MCX Crude Oil Mini Futures,MCX,synthetic,15m,15,synthetic_intraday,SYNTHETIC_INTRADAY,2026-05-25 08:00:00+00:00,india_midday
2026-05-25,2026-05-25 13:45:00,8017.777829177768,8025.795607006945,8009.7600513485895,8017.777829177768,377,83.0,CRUDEOILM-SYNTH,INR,MCX,MCX Crude Oil Mini Futures,MCX,synthetic,15m,15,synthetic_intraday,SYNTHETIC_INTRADAY,2026-05-25 08:15:00+00:00,india_midday
2026-05-25,2026-05-25 14:00:00,8020.303766887839,8028.324070654726,8012.283463120951,8020.303766887839,165,83.0,CRUDEOILM-SYNTH,INR,MCX,MCX Crude Oil Mini Futures,MCX,synthetic,15m,15,synthetic_intraday,SYNTHETIC_INTRADAY,2026-05-25 08:30:00+00:00,india_midday
2026-05-25,2026-05-25 14:15:00,8008.779522834194,8016.7883023570275,8000.770743311359,8008.779522834194,626,83.0,CRUDEOILM-SYNTH,INR,MCX,MCX Crude Oil Mini Futures,MCX,synthetic,15m,15,synthetic_intraday,SYNTHETIC_INTRADAY,2026-05-25 08:45:00+00:00,india_midday
2026-05-25,2026-05-25 14:30:00,8017.899904836012,8025.917804740847,8009.882004931176,8017.899904836012,136,83.0,CRUDEOILM-SYNTH,INR,MCX,MCX Crude Oil Mini Futures,MCX,synthetic,15m,15,synthetic_intraday,SYNTHETIC_INTRADAY,2026-05-25 09:00:00+00:00,india_midday
2026-05-25,2026-05-25 14:45:00,8020.387209503728,8028.40759671323,8012.366822294224,8020.387209503728,522,83.0,CRUDEOILM-SYNTH,INR,MCX,MCX Crude Oil Mini Futures,MCX,synthetic,15m,15,synthetic_intraday,SYNTHETIC_INTRADAY,2026-05-25 09:15:00+00:00,india_midday
2026-05-26,2026-05-26 09:00:00,7843.973074417115,7851.817047491531,7836.129101342698,7843.973074417115,946,83.0,CRUDEOILM-SYNTH,INR,MCX,MCX Crude Oil Mini Futures,MCX,synthetic,15m,15,synthetic_intraday,SYNTHETIC_INTRADAY,2026-05-26 03:30:00+00:00,mcx_open_drive
2026-05-26,2026-05-26 09:15:00,7843.973074417115,7851.817047491531,7836.129101342698,7843.973074417115,640,83.0,CRUDEOILM-SYNTH,INR,MCX,MCX Crude Oil Mini Futures,MCX,synthetic,15m,15,synthetic_intraday,SYNTHETIC_INTRADAY,2026-05-26 03:45:00+00:00,mcx_open_drive
2026-05-26,2026-05-26 09:30:00,7843.973074417115,7851.817047491531,7836.129101342698,7843.973074417115,970,83.0,CRUDEOILM-SYNTH,INR,MCX,MCX Crude Oil Mini Futures,MCX,synthetic,15m,15,synthetic_intraday,SYNTHETIC_INTRADAY,2026-05-26 04:00:00+00:00,mcx_open_drive
2026-05-26,2026-05-26 09:45:00,7843.973074417115,7851.817047491531,7836.129101342698,7843.973074417115,161,83.0,CRUDEOILM-SYNTH,INR,MCX,MCX Crude Oil Mini Futures,MCX,synthetic,15m,15,synthetic_intraday,SYNTHETIC_INTRADAY,2026-05-26 04:15:00+00:00,mcx_open_drive
2026-05-26,2026-05-26 10:00:00,7843.973074417115,7851.817047491531,7836.129101342698,7843.973074417115,366,83.0,CRUDEOILM-SYNTH,INR,MCX,MCX Crude Oil Mini Futures,MCX,synthetic,15m,15,synthetic_intraday,SYNTHETIC_INTRADAY,2026-05-26 04:30:00+00:00,mcx_open_drive
2026-05-26,2026-05-26 10:15:00,7843.973074417115,7851.817047491531,7836.129101342698,7843.973074417115,890,83.0,CRUDEOILM-SYNTH,INR,MCX,MCX Crude Oil Mini Futures,MCX,synthetic,15m,15,synthetic_intraday,SYNTHETIC_INTRADAY,2026-05-26 04:45:00+00:00,mcx_open_drive
2026-05-26,2026-05-26 10:30:00,7843.973074417115,7851.817047491531,7836.129101342698,7843.973074417115,618,83.0,CRUDEOILM-SYNTH,INR,MCX,MCX Crude Oil Mini Futures,MCX,synthetic,15m,15,synthetic_intraday,SYNTHETIC_INTRADAY,2026-05-26 05:00:00+00:00,india_morning
2026-05-26,2026-05-26 10:45:00,7843.973074417115,7851.817047491531,7836.129101342698,7843.973074417115,688,83.0,CRUDEOILM-SYNTH,INR,MCX,MCX Crude Oil Mini Futures,MCX,synthetic,15m,15,synthetic_intraday,SYNTHETIC_INTRADAY,2026-05-26 05:15:00+00:00,india_morning
2026-05-26,2026-05-26 11:00:00,7843.973074417115,7851.817047491531,7836.129101342698,7843.973074417115,138,83.0,CRUDEOILM-SYNTH,INR,MCX,MCX Crude Oil Mini Futures,MCX,synthetic,15m,15,synthetic_intraday,SYNTHETIC_INTRADAY,2026-05-26 05:30:00+00:00,india_morning
2026-05-26,2026-05-26 11:15:00,7843.973074417115,7851.817047491531,7836.129101342698,7843.973074417115,495,83.0,CRUDEOILM-SYNTH,INR,MCX,MCX Crude Oil Mini Futures,MCX,synthetic,15m,15,synthetic_intraday,SYNTHETIC_INTRADAY,2026-05-26 05:45:00+00:00,india_morning
2026-05-26,2026-05-26 11:30:00,7843.973074417115,7851.817047491531,7836.129101342698,7843.973074417115,908,83.0,CRUDEOILM-SYNTH,INR,MCX,MCX Crude Oil Mini Futures,MCX,synthetic,15m,15,synthetic_intraday,SYNTHETIC_INTRADAY,2026-05-26 06:00:00+00:00,india_morning
2026-05-26,2026-05-26 11:45:00,7843.973074417115,7851.817047491531,7836.129101342698,7843.973074417115,890,83.0,CRUDEOILM-SYNTH,INR,MCX,MCX Crude Oil Mini Futures,MCX,synthetic,15m,15,synthetic_intraday,SYNTHETIC_INTRADAY,2026-05-26 06:15:00+00:00,india_morning
2026-05-26,2026-05-26 12:00:00,7843.973074417115,7851.817047491531,7836.129101342698,7843.973074417115,930,83.0,CRUDEOILM-SYNTH,INR,MCX,MCX Crude Oil Mini Futures,MCX,synthetic,15m,15,synthetic_intraday,SYNTHETIC_INTRADAY,2026-05-26 06:30:00+00:00,india_morning
2026-05-26,2026-05-26 12:15:00,7843.973074417115,7851.817047491531,7836.129101342698,7843.973074417115,267,83.0,CRUDEOILM-SYNTH,INR,MCX,MCX Crude Oil Mini Futures,MCX,synthetic,15m,15,synthetic_intraday,SYNTHETIC_INTRADAY,2026-05-26 06:45:00+00:00,india_morning
2026-05-26,2026-05-26 12:30:00,7843.973074417115,7851.817047491531,7836.129101342698,7843.973074417115,613,83.0,CRUDEOILM-SYNTH,INR,MCX,MCX Crude Oil Mini Futures,MCX,synthetic,15m,15,synthetic_intraday,SYNTHETIC_INTRADAY,2026-05-26 07:00:00+00:00,india_midday
2026-05-26,2026-05-26 12:45:00,7843.973074417115,7851.817047491531,7836.129101342698,7843.973074417115,440,83.0,CRUDEOILM-SYNTH,INR,MCX,MCX Crude Oil Mini Futures,MCX,synthetic,15m,15,synthetic_intraday,SYNTHETIC_INTRADAY,2026-05-26 07:15:00+00:00,india_midday
2026-05-26,2026-05-26 13:00:00,7842.430073211268,7850.272503284478,7834.587643138057,7842.430073211268,660,83.0,CRUDEOILM-SYNTH,INR,MCX,MCX Crude Oil Mini Futures,MCX,synthetic,15m,15,synthetic_intraday,SYNTHETIC_INTRADAY,2026-05-26 07:30:00+00:00,india_midday
2026-05-26,2026-05-26 13:15:00,7827.237138245804,7835.064375384049,7819.409901107559,7827.237138245804,480,83.0,CRUDEOILM-SYNTH,INR,MCX,MCX Crude Oil Mini Futures,MCX,synthetic,15m,15,synthetic_intraday,SYNTHETIC_INTRADAY,2026-05-26 07:45:00+00:00,india_midday
2026-05-26,2026-05-26 13:30:00,7819.790489875687,7827.610280365562,7811.970699385811,7819.790489875687,568,83.0,CRUDEOILM-SYNTH,INR,MCX,MCX Crude Oil Mini Futures,MCX,synthetic,15m,15,synthetic_intraday,SYNTHETIC_INTRADAY,2026-05-26 08:00:00+00:00,india_midday
2026-05-26,2026-05-26 13:45:00,7808.374959164665,7816.183334123829,7800.5665842055,7808.374959164665,816,83.0,CRUDEOILM-SYNTH,INR,MCX,MCX Crude Oil Mini Futures,MCX,synthetic,15m,15,synthetic_intraday,SYNTHETIC_INTRADAY,2026-05-26 08:15:00+00:00,india_midday
2026-05-26,2026-05-26 14:00:00,7794.215722464114,7802.0099381865775,7786.42150674165,7794.215722464114,481,83.0,CRUDEOILM-SYNTH,INR,MCX,MCX Crude Oil Mini Futures,MCX,synthetic,15m,15,synthetic_intraday,SYNTHETIC_INTRADAY,2026-05-26 08:30:00+00:00,india_midday
2026-05-26,2026-05-26 14:15:00,7788.668542943889,7796.457211486832,7780.8798744009455,7788.668542943889,883,83.0,CRUDEOILM-SYNTH,INR,MCX,MCX Crude Oil Mini Futures,MCX,synthetic,15m,15,synthetic_intraday,SYNTHETIC_INTRADAY,2026-05-26 08:45:00+00:00,india_midday
2026-05-26,2026-05-26 14:30:00,7780.374257006813,7788.154631263819,7772.593882749807,7780.374257006813,827,83.0,CRUDEOILM-SYNTH,INR,MCX,MCX Crude Oil Mini Futures,MCX,synthetic,15m,15,synthetic_intraday,SYNTHETIC_INTRADAY,2026-05-26 09:00:00+00:00,india_midday
2026-05-26,2026-05-26 14:45:00,7758.452798137725,7766.211250935862,7750.694345339587,7758.452798137725,503,83.0,CRUDEOILM-SYNTH,INR,MCX,MCX Crude Oil Mini Futures,MCX,synthetic,15m,15,synthetic_intraday,SYNTHETIC_INTRADAY,2026-05-26 09:15:00+00:00,india_midday
2026-05-27,2026-05-27 09:00:00,7427.337872085572,7434.765209957656,7419.910534213486,7427.337872085572,858,83.0,CRUDEOILM-SYNTH,INR,MCX,MCX Crude Oil Mini Futures,MCX,synthetic,15m,15,synthetic_intraday,SYNTHETIC_INTRADAY,2026-05-27 03:30:00+00:00,mcx_open_drive
2026-05-27,2026-05-27 09:15:00,7427.337872085572,7434.765209957656,7419.910534213486,7427.337872085572,828,83.0,CRUDEOILM-SYNTH,INR,MCX,MCX Crude Oil Mini Futures,MCX,synthetic,15m,15,synthetic_intraday,SYNTHETIC_INTRADAY,2026-05-27 03:45:00+00:00,mcx_open_drive
2026-05-27,2026-05-27 09:30:00,7427.337872085572,7434.765209957656,7419.910534213486,7427.337872085572,468,83.0,CRUDEOILM-SYNTH,INR,MCX,MCX Crude Oil Mini Futures,MCX,synthetic,15m,15,synthetic_intraday,SYNTHETIC_INTRADAY,2026-05-27 04:00:00+00:00,mcx_open_drive
2026-05-27,2026-05-27 09:45:00,7427.337872085572,7434.765209957656,7419.910534213486,7427.337872085572,708,83.0,CRUDEOILM-SYNTH,INR,MCX,MCX Crude Oil Mini Futures,MCX,synthetic,15m,15,synthetic_intraday,SYNTHETIC_INTRADAY,2026-05-27 04:15:00+00:00,mcx_open_drive
2026-05-27,2026-05-27 10:00:00,7427.337872085572,7434.765209957656,7419.910534213486,7427.337872085572,352,83.0,CRUDEOILM-SYNTH,INR,MCX,MCX Crude Oil Mini Futures,MCX,synthetic,15m,15,synthetic_intraday,SYNTHETIC_INTRADAY,2026-05-27 04:30:00+00:00,mcx_open_drive
2026-05-27,2026-05-27 10:15:00,7427.337872085572,7434.765209957656,7419.910534213486,7427.337872085572,397,83.0,CRUDEOILM-SYNTH,INR,MCX,MCX Crude Oil Mini Futures,MCX,synthetic,15m,15,synthetic_intraday,SYNTHETIC_INTRADAY,2026-05-27 04:45:00+00:00,mcx_open_drive
2026-05-27,2026-05-27 10:30:00,7427.337872085572,7434.765209957656,7419.910534213486,7427.337872085572,333,83.0,CRUDEOILM-SYNTH,INR,MCX,MCX Crude Oil Mini Futures,MCX,synthetic,15m,15,synthetic_intraday,SYNTHETIC_INTRADAY,2026-05-27 05:00:00+00:00,india_morning
2026-05-27,2026-05-27 10:45:00,7427.337872085572,7434.765209957656,7419.910534213486,7427.337872085572,964,83.0,CRUDEOILM-SYNTH,INR,MCX,MCX Crude Oil Mini Futures,MCX,synthetic,15m,15,synthetic_intraday,SYNTHETIC_INTRADAY,2026-05-27 05:15:00+00:00,india_morning
2026-05-27,2026-05-27 11:00:00,7427.337872085572,7434.765209957656,7419.910534213486,7427.337872085572,658,83.0,CRUDEOILM-SYNTH,INR,MCX,MCX Crude Oil Mini Futures,MCX,synthetic,15m,15,synthetic_intraday,SYNTHETIC_INTRADAY,2026-05-27 05:30:00+00:00,india_morning
2026-05-27,2026-05-27 11:15:00,7427.337872085572,7434.765209957656,7419.910534213486,7427.337872085572,100,83.0,CRUDEOILM-SYNTH,INR,MCX,MCX Crude Oil Mini Futures,MCX,synthetic,15m,15,synthetic_intraday,SYNTHETIC_INTRADAY,2026-05-27 05:45:00+00:00,india_morning
2026-05-27,2026-05-27 11:30:00,7427.337872085572,7434.765209957656,7419.910534213486,7427.337872085572,507,83.0,CRUDEOILM-SYNTH,INR,MCX,MCX Crude Oil Mini Futures,MCX,synthetic,15m,15,synthetic_intraday,SYNTHETIC_INTRADAY,2026-05-27 06:00:00+00:00,india_morning
2026-05-27,2026-05-27 11:45:00,7427.337872085572,7434.765209957656,7419.910534213486,7427.337872085572,281,83.0,CRUDEOILM-SYNTH,INR,MCX,MCX Crude Oil Mini Futures,MCX,synthetic,15m,15,synthetic_intraday,SYNTHETIC_INTRADAY,2026-05-27 06:15:00+00:00,india_morning
2026-05-27,2026-05-27 12:00:00,7427.337872085572,7434.765209957656,7419.910534213486,7427.337872085572,533,83.0,CRUDEOILM-SYNTH,INR,MCX,MCX Crude Oil Mini Futures,MCX,synthetic,15m,15,synthetic_intraday,SYNTHETIC_INTRADAY,2026-05-27 06:30:00+00:00,india_morning
2026-05-27,2026-05-27 12:15:00,7427.337872085572,7434.765209957656,7419.910534213486,7427.337872085572,816,83.0,CRUDEOILM-SYNTH,INR,MCX,MCX Crude Oil Mini Futures,MCX,synthetic,15m,15,synthetic_intraday,SYNTHETIC_INTRADAY,2026-05-27 06:45:00+00:00,india_morning
2026-05-27,2026-05-27 12:30:00,7427.337872085572,7434.765209957656,7419.910534213486,7427.337872085572,137,83.0,CRUDEOILM-SYNTH,INR,MCX,MCX Crude Oil Mini Futures,MCX,synthetic,15m,15,synthetic_intraday,SYNTHETIC_INTRADAY,2026-05-27 07:00:00+00:00,india_midday
2026-05-27,2026-05-27 12:45:00,7427.337872085572,7434.765209957656,7419.910534213486,7427.337872085572,542,83.0,CRUDEOILM-SYNTH,INR,MCX,MCX Crude Oil Mini Futures,MCX,synthetic,15m,15,synthetic_intraday,SYNTHETIC_INTRADAY,2026-05-27 07:15:00+00:00,india_midday
2026-05-27,2026-05-27 13:00:00,7427.337872085572,7434.765209957656,7419.910534213486,7427.337872085572,358,83.0,CRUDEOILM-SYNTH,INR,MCX,MCX Crude Oil Mini Futures,MCX,synthetic,15m,15,synthetic_intraday,SYNTHETIC_INTRADAY,2026-05-27 07:30:00+00:00,india_midday
2026-05-27,2026-05-27 13:15:00,7427.337872085572,7434.765209957656,7419.910534213486,7427.337872085572,738,83.0,CRUDEOILM-SYNTH,INR,MCX,MCX Crude Oil Mini Futures,MCX,synthetic,15m,15,synthetic_intraday,SYNTHETIC_INTRADAY,2026-05-27 07:45:00+00:00,india_midday
2026-05-27,2026-05-27 13:30:00,7427.337872085572,7434.765209957656,7419.910534213486,7427.337872085572,927,83.0,CRUDEOILM-SYNTH,INR,MCX,MCX Crude Oil Mini Futures,MCX,synthetic,15m,15,synthetic_intraday,SYNTHETIC_INTRADAY,2026-05-27 08:00:00+00:00,india_midday
2026-05-27,2026-05-27 13:45:00,7424.58623432907,7432.010820563399,7417.161648094741,7424.58623432907,214,83.0,CRUDEOILM-SYNTH,INR,MCX,MCX Crude Oil Mini Futures,MCX,synthetic,15m,15,synthetic_intraday,SYNTHETIC_INTRADAY,2026-05-27 08:15:00+00:00,india_midday
2026-05-27,2026-05-27 14:00:00,7405.881025004256,7413.28690602926,7398.475143979252,7405.881025004256,101,83.0,CRUDEOILM-SYNTH,INR,MCX,MCX Crude Oil Mini Futures,MCX,synthetic,15m,15,synthetic_intraday,SYNTHETIC_INTRADAY,2026-05-27 08:30:00+00:00,india_midday
2026-05-27,2026-05-27 14:15:00,7391.396374090562,7398.787770464652,7384.004977716471,7391.396374090562,124,83.0,CRUDEOILM-SYNTH,INR,MCX,MCX Crude Oil Mini Futures,MCX,synthetic,15m,15,synthetic_intraday,SYNTHETIC_INTRADAY,2026-05-27 08:45:00+00:00,india_midday
2026-05-27,2026-05-27 14:30:00,7369.892005736631,7377.261897742367,7362.5221137308945,7369.892005736631,364,83.0,CRUDEOILM-SYNTH,INR,MCX,MCX Crude Oil Mini Futures,MCX,synthetic,15m,15,synthetic_intraday,SYNTHETIC_INTRADAY,2026-05-27 09:00:00+00:00,india_midday
2026-05-27,2026-05-27 14:45:00,7353.755786477452,7361.109542263928,7346.402030690974,7353.755786477452,596,83.0,CRUDEOILM-SYNTH,INR,MCX,MCX Crude Oil Mini Futures,MCX,synthetic,15m,15,synthetic_intraday,SYNTHETIC_INTRADAY,2026-05-27 09:15:00+00:00,india_midday
2026-05-28,2026-05-28 09:00:00,7353.641081124913,7360.994722206037,7346.287440043789,7353.641081124913,963,83.0,CRUDEOILM-SYNTH,INR,MCX,MCX Crude Oil Mini Futures,MCX,synthetic,15m,15,synthetic_intraday,SYNTHETIC_INTRADAY,2026-05-28 03:30:00+00:00,mcx_open_drive
2026-05-28,2026-05-28 09:15:00,7353.182291644883,7360.535473936527,7345.829109353238,7353.182291644883,195,83.0,CRUDEOILM-SYNTH,INR,MCX,MCX Crude Oil Mini Futures,MCX,synthetic,15m,15,synthetic_intraday,SYNTHETIC_INTRADAY,2026-05-28 03:45:00+00:00,mcx_open_drive
2026-05-28,2026-05-28 09:30:00,7356.144997628727,7363.5011426263545,7348.788852631098,7356.144997628727,589,83.0,CRUDEOILM-SYNTH,INR,MCX,MCX Crude Oil Mini Futures,MCX,synthetic,15m,15,synthetic_intraday,SYNTHETIC_INTRADAY,2026-05-28 04:00:00+00:00,mcx_open_drive
2026-05-28,2026-05-28 09:45:00,7355.536925241612,7362.892462166853,7348.18138831637,7355.536925241612,409,83.0,CRUDEOILM-SYNTH,INR,MCX,MCX Crude Oil Mini Futures,MCX,synthetic,15m,15,synthetic_intraday,SYNTHETIC_INTRADAY,2026-05-28 04:15:00+00:00,mcx_open_drive
2026-05-28,2026-05-28 10:00:00,7349.659188224194,7357.008847412417,7342.30952903597,7349.659188224194,972,83.0,CRUDEOILM-SYNTH,INR,MCX,MCX Crude Oil Mini Futures,MCX,synthetic,15m,15,synthetic_intraday,SYNTHETIC_INTRADAY,2026-05-28 04:30:00+00:00,mcx_open_drive
2026-05-28,2026-05-28 10:15:00,7352.952917532407,7360.305870449938,7345.599964614875,7352.952917532407,931,83.0,CRUDEOILM-SYNTH,INR,MCX,MCX Crude Oil Mini Futures,MCX,synthetic,15m,15,synthetic_intraday,SYNTHETIC_INTRADAY,2026-05-28 04:45:00+00:00,mcx_open_drive
2026-05-28,2026-05-28 10:30:00,7349.295383449367,7356.644678832816,7341.946088065918,7349.295383449367,221,83.0,CRUDEOILM-SYNTH,INR,MCX,MCX Crude Oil Mini Futures,MCX,synthetic,15m,15,synthetic_intraday,SYNTHETIC_INTRADAY,2026-05-28 05:00:00+00:00,india_morning
2026-05-28,2026-05-28 10:45:00,7354.15377976635,7361.507933546116,7346.799625986584,7354.15377976635,792,83.0,CRUDEOILM-SYNTH,INR,MCX,MCX Crude Oil Mini Futures,MCX,synthetic,15m,15,synthetic_intraday,SYNTHETIC_INTRADAY,2026-05-28 05:15:00+00:00,india_morning
2026-05-28,2026-05-28 11:00:00,7353.678723571115,7361.032402294686,7346.325044847545,7353.678723571115,238,83.0,CRUDEOILM-SYNTH,INR,MCX,MCX Crude Oil Mini Futures,MCX,synthetic,15m,15,synthetic_intraday,SYNTHETIC_INTRADAY,2026-05-28 05:30:00+00:00,india_morning
2026-05-28,2026-05-28 11:15:00,7354.517868971042,7361.872386840012,7347.163351102071,7354.517868971042,579,83.0,CRUDEOILM-SYNTH,INR,MCX,MCX Crude Oil Mini Futures,MCX,synthetic,15m,15,synthetic_intraday,SYNTHETIC_INTRADAY,2026-05-28 05:45:00+00:00,india_morning
2026-05-28,2026-05-28 11:30:00,7349.475612659096,7356.825088271755,7342.126137046437,7349.475612659096,412,83.0,CRUDEOILM-SYNTH,INR,MCX,MCX Crude Oil Mini Futures,MCX,synthetic,15m,15,synthetic_intraday,SYNTHETIC_INTRADAY,2026-05-28 06:00:00+00:00,india_morning
2026-05-28,2026-05-28 11:45:00,7348.829319308491,7356.178148627799,7341.480489989182,7348.829319308491,626,83.0,CRUDEOILM-SYNTH,INR,MCX,MCX Crude Oil Mini Futures,MCX,synthetic,15m,15,synthetic_intraday,SYNTHETIC_INTRADAY,2026-05-28 06:15:00+00:00,india_morning
2026-05-28,2026-05-28 12:00:00,7350.707379892711,7358.058087272603,7343.3566725128185,7350.707379892711,143,83.0,CRUDEOILM-SYNTH,INR,MCX,MCX Crude Oil Mini Futures,MCX,synthetic,15m,15,synthetic_intraday,SYNTHETIC_INTRADAY,2026-05-28 06:30:00+00:00,india_morning
2026-05-28,2026-05-28 12:15:00,7348.66154602084,7356.01020756686,7341.31288447482,7348.66154602084,581,83.0,CRUDEOILM-SYNTH,INR,MCX,MCX Crude Oil Mini Futures,MCX,synthetic,15m,15,synthetic_intraday,SYNTHETIC_INTRADAY,2026-05-28 06:45:00+00:00,india_morning
2026-05-28,2026-05-28 12:30:00,7348.857512526284,7356.20637003881,7341.508655013758,7348.857512526284,271,83.0,CRUDEOILM-SYNTH,INR,MCX,MCX Crude Oil Mini Futures,MCX,synthetic,15m,15,synthetic_intraday,SYNTHETIC_INTRADAY,2026-05-28 07:00:00+00:00,india_midday
2026-05-28,2026-05-28 12:45:00,7351.194632063487,7358.545826695549,7343.843437431424,7351.194632063487,892,83.0,CRUDEOILM-SYNTH,INR,MCX,MCX Crude Oil Mini Futures,MCX,synthetic,15m,15,synthetic_intraday,SYNTHETIC_INTRADAY,2026-05-28 07:15:00+00:00,india_midday
2026-05-28,2026-05-28 13:00:00,7347.440955390746,7354.788396346136,7340.093514435355,7347.440955390746,661,83.0,CRUDEOILM-SYNTH,INR,MCX,MCX Crude Oil Mini Futures,MCX,synthetic,15m,15,synthetic_intraday,SYNTHETIC_INTRADAY,2026-05-28 07:30:00+00:00,india_midday
2026-05-28,2026-05-28 13:15:00,7344.930773066534,7352.2757038396,7337.585842293468,7344.930773066534,969,83.0,CRUDEOILM-SYNTH,INR,MCX,MCX Crude Oil Mini Futures,MCX,synthetic,15m,15,synthetic_intraday,SYNTHETIC_INTRADAY,2026-05-28 07:45:00+00:00,india_midday
2026-05-28,2026-05-28 13:30:00,7351.518715769516,7358.870234485285,7344.167197053747,7351.518715769516,673,83.0,CRUDEOILM-SYNTH,INR,MCX,MCX Crude Oil Mini Futures,MCX,synthetic,15m,15,synthetic_intraday,SYNTHETIC_INTRADAY,2026-05-28 08:00:00+00:00,india_midday
2026-05-28,2026-05-28 13:45:00,7346.54043240992,7353.886972842329,7339.19389197751,7346.54043240992,983,83.0,CRUDEOILM-SYNTH,INR,MCX,MCX Crude Oil Mini Futures,MCX,synthetic,15m,15,synthetic_intraday,SYNTHETIC_INTRADAY,2026-05-28 08:15:00+00:00,india_midday
2026-05-28,2026-05-28 14:00:00,7346.552384011732,7353.8989363957435,7339.205831627721,7346.552384011732,322,83.0,CRUDEOILM-SYNTH,INR,MCX,MCX Crude Oil Mini Futures,MCX,synthetic,15m,15,synthetic_intraday,SYNTHETIC_INTRADAY,2026-05-28 08:30:00+00:00,india_midday
2026-05-28,2026-05-28 14:15:00,7350.0452668437,7357.395312110543,7342.695221576856,7350.0452668437,365,83.0,CRUDEOILM-SYNTH,INR,MCX,MCX Crude Oil Mini Futures,MCX,synthetic,15m,15,synthetic_intraday,SYNTHETIC_INTRADAY,2026-05-28 08:45:00+00:00,india_midday
2026-05-28,2026-05-28 14:30:00,7349.340382832912,7356.689723215744,7341.991042450079,7349.340382832912,937,83.0,CRUDEOILM-SYNTH,INR,MCX,MCX Crude Oil Mini Futures,MCX,synthetic,15m,15,synthetic_intraday,SYNTHETIC_INTRADAY,2026-05-28 09:00:00+00:00,india_midday
2026-05-28,2026-05-28 14:45:00,7348.261570014888,7355.609831584902,7340.913308444873,7348.261570014888,912,83.0,CRUDEOILM-SYNTH,INR,MCX,MCX Crude Oil Mini Futures,MCX,synthetic,15m,15,synthetic_intraday,SYNTHETIC_INTRADAY,2026-05-28 09:15:00+00:00,india_midday
2026-05-29,2026-05-29 09:00:00,7323.3888511363,7330.712239987436,7316.065462285164,7323.3888511363,449,83.0,CRUDEOILM-SYNTH,INR,MCX,MCX Crude Oil Mini Futures,MCX,synthetic,15m,15,synthetic_intraday,SYNTHETIC_INTRADAY,2026-05-29 03:30:00+00:00,mcx_open_drive
2026-05-29,2026-05-29 09:15:00,7323.3888511363,7330.712239987436,7316.065462285164,7323.3888511363,708,83.0,CRUDEOILM-SYNTH,INR,MCX,MCX Crude Oil Mini Futures,MCX,synthetic,15m,15,synthetic_intraday,SYNTHETIC_INTRADAY,2026-05-29 03:45:00+00:00,mcx_open_drive
2026-05-29,2026-05-29 09:30:00,7323.3888511363,7330.712239987436,7316.065462285164,7323.3888511363,829,83.0,CRUDEOILM-SYNTH,INR,MCX,MCX Crude Oil Mini Futures,MCX,synthetic,15m,15,synthetic_intraday,SYNTHETIC_INTRADAY,2026-05-29 04:00:00+00:00,mcx_open_drive
2026-05-29,2026-05-29 09:45:00,7323.3888511363,7330.712239987436,7316.065462285164,7323.3888511363,312,83.0,CRUDEOILM-SYNTH,INR,MCX,MCX Crude Oil Mini Futures,MCX,synthetic,15m,15,synthetic_intraday,SYNTHETIC_INTRADAY,2026-05-29 04:15:00+00:00,mcx_open_drive
2026-05-29,2026-05-29 10:00:00,7323.3888511363,7330.712239987436,7316.065462285164,7323.3888511363,902,83.0,CRUDEOILM-SYNTH,INR,MCX,MCX Crude Oil Mini Futures,MCX,synthetic,15m,15,synthetic_intraday,SYNTHETIC_INTRADAY,2026-05-29 04:30:00+00:00,mcx_open_drive
2026-05-29,2026-05-29 10:15:00,7323.3888511363,7330.712239987436,7316.065462285164,7323.3888511363,486,83.0,CRUDEOILM-SYNTH,INR,MCX,MCX Crude Oil Mini Futures,MCX,synthetic,15m,15,synthetic_intraday,SYNTHETIC_INTRADAY,2026-05-29 04:45:00+00:00,mcx_open_drive
2026-05-29,2026-05-29 10:30:00,7321.432553190214,7328.753985743403,7314.111120637024,7321.432553190214,396,83.0,CRUDEOILM-SYNTH,INR,MCX,MCX Crude Oil Mini Futures,MCX,synthetic,15m,15,synthetic_intraday,SYNTHETIC_INTRADAY,2026-05-29 05:00:00+00:00,india_morning
2026-05-29,2026-05-29 10:45:00,7314.768573085809,7322.083341658894,7307.453804512724,7314.768573085809,143,83.0,CRUDEOILM-SYNTH,INR,MCX,MCX Crude Oil Mini Futures,MCX,synthetic,15m,15,synthetic_intraday,SYNTHETIC_INTRADAY,2026-05-29 05:15:00+00:00,india_morning
2026-05-29,2026-05-29 11:00:00,7318.812302265502,7326.131114567766,7311.493489963236,7318.812302265502,885,83.0,CRUDEOILM-SYNTH,INR,MCX,MCX Crude Oil Mini Futures,MCX,synthetic,15m,15,synthetic_intraday,SYNTHETIC_INTRADAY,2026-05-29 05:30:00+00:00,india_morning
2026-05-29,2026-05-29 11:15:00,7303.627723231266,7310.931350954496,7296.324095508035,7303.627723231266,753,83.0,CRUDEOILM-SYNTH,INR,MCX,MCX Crude Oil Mini Futures,MCX,synthetic,15m,15,synthetic_intraday,SYNTHETIC_INTRADAY,2026-05-29 05:45:00+00:00,india_morning
2026-05-29,2026-05-29 11:30:00,7304.258535819723,7311.562794355542,7296.954277283903,7304.258535819723,740,83.0,CRUDEOILM-SYNTH,INR,MCX,MCX Crude Oil Mini Futures,MCX,synthetic,15m,15,synthetic_intraday,SYNTHETIC_INTRADAY,2026-05-29 06:00:00+00:00,india_morning
2026-05-29,2026-05-29 11:45:00,7304.687638578365,7311.992326216943,7297.3829509397865,7304.687638578365,930,83.0,CRUDEOILM-SYNTH,INR,MCX,MCX Crude Oil Mini Futures,MCX,synthetic,15m,15,synthetic_intraday,SYNTHETIC_INTRADAY,2026-05-29 06:15:00+00:00,india_morning
2026-05-29,2026-05-29 12:00:00,7297.2704275692995,7304.567697996868,7289.973157141731,7297.2704275692995,693,83.0,CRUDEOILM-SYNTH,INR,MCX,MCX Crude Oil Mini Futures,MCX,synthetic,15m,15,synthetic_intraday,SYNTHETIC_INTRADAY,2026-05-29 06:30:00+00:00,india_morning
2026-05-29,2026-05-29 12:15:00,7295.2014244082375,7302.496625832645,7287.906222983829,7295.2014244082375,483,83.0,CRUDEOILM-SYNTH,INR,MCX,MCX Crude Oil Mini Futures,MCX,synthetic,15m,15,synthetic_intraday,SYNTHETIC_INTRADAY,2026-05-29 06:45:00+00:00,india_morning
2026-05-29,2026-05-29 12:30:00,7286.516913923583,7293.803430837506,7279.23039700966,7286.516913923583,469,83.0,CRUDEOILM-SYNTH,INR,MCX,MCX Crude Oil Mini Futures,MCX,synthetic,15m,15,synthetic_intraday,SYNTHETIC_INTRADAY,2026-05-29 07:00:00+00:00,india_midday
2026-05-29,2026-05-29 12:45:00,7281.182526764747,7288.463709291511,7273.901344237983,7281.182526764747,846,83.0,CRUDEOILM-SYNTH,INR,MCX,MCX Crude Oil Mini Futures,MCX,synthetic,15m,15,synthetic_intraday,SYNTHETIC_INTRADAY,2026-05-29 07:15:00+00:00,india_midday
2026-05-29,2026-05-29 13:00:00,7283.586244364001,7290.869830608364,7276.302658119636,7283.586244364001,756,83.0,CRUDEOILM-SYNTH,INR,MCX,MCX Crude Oil Mini Futures,MCX,synthetic,15m,15,synthetic_intraday,SYNTHETIC_INTRADAY,2026-05-29 07:30:00+00:00,india_midday
2026-05-29,2026-05-29 13:15:00,7274.453179549236,7281.727632728785,7267.178726369687,7274.453179549236,156,83.0,CRUDEOILM-SYNTH,INR,MCX,MCX Crude Oil Mini Futures,MCX,synthetic,15m,15,synthetic_intraday,SYNTHETIC_INTRADAY,2026-05-29 07:45:00+00:00,india_midday
2026-05-29,2026-05-29 13:30:00,7265.093385155553,7272.358478540707,7257.828291770397,7265.093385155553,305,83.0,CRUDEOILM-SYNTH,INR,MCX,MCX Crude Oil Mini Futures,MCX,synthetic,15m,15,synthetic_intraday,SYNTHETIC_INTRADAY,2026-05-29 08:00:00+00:00,india_midday
2026-05-29,2026-05-29 13:45:00,7268.438821784894,7275.707260606678,7261.170382963109,7268.438821784894,225,83.0,CRUDEOILM-SYNTH,INR,MCX,MCX Crude Oil Mini Futures,MCX,synthetic,15m,15,synthetic_intraday,SYNTHETIC_INTRADAY,2026-05-29 08:15:00+00:00,india_midday
2026-05-29,2026-05-29 14:00:00,7260.847793870829,7268.1086416646995,7253.586946076958,7260.847793870829,669,83.0,CRUDEOILM-SYNTH,INR,MCX,MCX Crude Oil Mini Futures,MCX,synthetic,15m,15,synthetic_intraday,SYNTHETIC_INTRADAY,2026-05-29 08:30:00+00:00,india_midday
2026-05-29,2026-05-29 14:15:00,7259.765676841163,7267.025442518004,7252.505911164322,7259.765676841163,598,83.0,CRUDEOILM-SYNTH,INR,MCX,MCX Crude Oil Mini Futures,MCX,synthetic,15m,15,synthetic_intraday,SYNTHETIC_INTRADAY,2026-05-29 08:45:00+00:00,india_midday
2026-05-29,2026-05-29 14:30:00,7254.625710821525,7261.880336532346,7247.3710851107035,7254.625710821525,403,83.0,CRUDEOILM-SYNTH,INR,MCX,MCX Crude Oil Mini Futures,MCX,synthetic,15m,15,synthetic_intraday,SYNTHETIC_INTRADAY,2026-05-29 09:00:00+00:00,india_midday
2026-05-29,2026-05-29 14:45:00,7247.68523967222,7254.932924911891,7240.437554432548,7247.68523967222,371,83.0,CRUDEOILM-SYNTH,INR,MCX,MCX Crude Oil Mini Futures,MCX,synthetic,15m,15,synthetic_intraday,SYNTHETIC_INTRADAY,2026-05-29 09:15:00+00:00,india_midday
2026-06-01,2026-06-01 09:00:00,7598.2600002474,7605.858260247646,7590.661740247153,7598.2600002474,103,83.0,CRUDEOILM-SYNTH,INR,MCX,MCX Crude Oil Mini Futures,MCX,synthetic,15m,15,synthetic_intraday,SYNTHETIC_INTRADAY,2026-06-01 03:30:00+00:00,mcx_open_drive
2026-06-01,2026-06-01 09:15:00,7598.2600002474,7605.858260247646,7590.661740247153,7598.2600002474,587,83.0,CRUDEOILM-SYNTH,INR,MCX,MCX Crude Oil Mini Futures,MCX,synthetic,15m,15,synthetic_intraday,SYNTHETIC_INTRADAY,2026-06-01 03:45:00+00:00,mcx_open_drive
2026-06-01,2026-06-01 09:30:00,7598.2600002474,7605.858260247646,7590.661740247153,7598.2600002474,718,83.0,CRUDEOILM-SYNTH,INR,MCX,MCX Crude Oil Mini Futures,MCX,synthetic,15m,15,synthetic_intraday,SYNTHETIC_INTRADAY,2026-06-01 04:00:00+00:00,mcx_open_drive
2026-06-01,2026-06-01 09:45:00,7598.2600002474,7605.858260247646,7590.661740247153,7598.2600002474,368,83.0,CRUDEOILM-SYNTH,INR,MCX,MCX Crude Oil Mini Futures,MCX,synthetic,15m,15,synthetic_intraday,SYNTHETIC_INTRADAY,2026-06-01 04:15:00+00:00,mcx_open_drive
2026-06-01,2026-06-01 10:00:00,7598.2600002474,7605.858260247646,7590.661740247153,7598.2600002474,951,83.0,CRUDEOILM-SYNTH,INR,MCX,MCX Crude Oil Mini Futures,MCX,synthetic,15m,15,synthetic_intraday,SYNTHETIC_INTRADAY,2026-06-01 04:30:00+00:00,mcx_open_drive
2026-06-01,2026-06-01 10:15:00,7598.2600002474,7605.858260247646,7590.661740247153,7598.2600002474,810,83.0,CRUDEOILM-SYNTH,INR,MCX,MCX Crude Oil Mini Futures,MCX,synthetic,15m,15,synthetic_intraday,SYNTHETIC_INTRADAY,2026-06-01 04:45:00+00:00,mcx_open_drive
2026-06-01,2026-06-01 10:30:00,7598.2600002474,7605.858260247646,7590.661740247153,7598.2600002474,495,83.0,CRUDEOILM-SYNTH,INR,MCX,MCX Crude Oil Mini Futures,MCX,synthetic,15m,15,synthetic_intraday,SYNTHETIC_INTRADAY,2026-06-01 05:00:00+00:00,india_morning
2026-06-01,2026-06-01 10:45:00,7598.2600002474,7605.858260247646,7590.661740247153,7598.2600002474,647,83.0,CRUDEOILM-SYNTH,INR,MCX,MCX Crude Oil Mini Futures,MCX,synthetic,15m,15,synthetic_intraday,SYNTHETIC_INTRADAY,2026-06-01 05:15:00+00:00,india_morning
2026-06-01,2026-06-01 11:00:00,7598.2600002474,7605.858260247646,7590.661740247153,7598.2600002474,327,83.0,CRUDEOILM-SYNTH,INR,MCX,MCX Crude Oil Mini Futures,MCX,synthetic,15m,15,synthetic_intraday,SYNTHETIC_INTRADAY,2026-06-01 05:30:00+00:00,india_morning
2026-06-01,2026-06-01 11:15:00,7598.2600002474,7605.858260247646,7590.661740247153,7598.2600002474,372,83.0,CRUDEOILM-SYNTH,INR,MCX,MCX Crude Oil Mini Futures,MCX,synthetic,15m,15,synthetic_intraday,SYNTHETIC_INTRADAY,2026-06-01 05:45:00+00:00,india_morning
2026-06-01,2026-06-01 11:30:00,7598.2600002474,7605.858260247646,7590.661740247153,7598.2600002474,190,83.0,CRUDEOILM-SYNTH,INR,MCX,MCX Crude Oil Mini Futures,MCX,synthetic,15m,15,synthetic_intraday,SYNTHETIC_INTRADAY,2026-06-01 06:00:00+00:00,india_morning
2026-06-01,2026-06-01 11:45:00,7598.2600002474,7605.858260247646,7590.661740247153,7598.2600002474,237,83.0,CRUDEOILM-SYNTH,INR,MCX,MCX Crude Oil Mini Futures,MCX,synthetic,15m,15,synthetic_intraday,SYNTHETIC_INTRADAY,2026-06-01 06:15:00+00:00,india_morning
2026-06-01,2026-06-01 12:00:00,7598.2600002474,7605.858260247646,7590.661740247153,7598.2600002474,549,83.0,CRUDEOILM-SYNTH,INR,MCX,MCX Crude Oil Mini Futures,MCX,synthetic,15m,15,synthetic_intraday,SYNTHETIC_INTRADAY,2026-06-01 06:30:00+00:00,india_morning
2026-06-01,2026-06-01 12:15:00,7598.2600002474,7605.858260247646,7590.661740247153,7598.2600002474,432,83.0,CRUDEOILM-SYNTH,INR,MCX,MCX Crude Oil Mini Futures,MCX,synthetic,15m,15,synthetic_intraday,SYNTHETIC_INTRADAY,2026-06-01 06:45:00+00:00,india_morning
2026-06-01,2026-06-01 12:30:00,7598.2600002474,7605.858260247646,7590.661740247153,7598.2600002474,820,83.0,CRUDEOILM-SYNTH,INR,MCX,MCX Crude Oil Mini Futures,MCX,synthetic,15m,15,synthetic_intraday,SYNTHETIC_INTRADAY,2026-06-01 07:00:00+00:00,india_midday
2026-06-01,2026-06-01 12:45:00,7598.2600002474,7605.858260247646,7590.661740247153,7598.2600002474,944,83.0,CRUDEOILM-SYNTH,INR,MCX,MCX Crude Oil Mini Futures,MCX,synthetic,15m,15,synthetic_intraday,SYNTHETIC_INTRADAY,2026-06-01 07:15:00+00:00,india_midday
2026-06-01,2026-06-01 13:00:00,7598.2600002474,7605.858260247646,7590.661740247153,7598.2600002474,456,83.0,CRUDEOILM-SYNTH,INR,MCX,MCX Crude Oil Mini Futures,MCX,synthetic,15m,15,synthetic_intraday,SYNTHETIC_INTRADAY,2026-06-01 07:30:00+00:00,india_midday
2026-06-01,2026-06-01 13:15:00,7598.2600002474,7605.858260247646,7590.661740247153,7598.2600002474,372,83.0,CRUDEOILM-SYNTH,INR,MCX,MCX Crude Oil Mini Futures,MCX,synthetic,15m,15,synthetic_intraday,SYNTHETIC_INTRADAY,2026-06-01 07:45:00+00:00,india_midday
2026-06-01,2026-06-01 13:30:00,7598.2600002474,7605.858260247646,7590.661740247153,7598.2600002474,552,83.0,CRUDEOILM-SYNTH,INR,MCX,MCX Crude Oil Mini Futures,MCX,synthetic,15m,15,synthetic_intraday,SYNTHETIC_INTRADAY,2026-06-01 08:00:00+00:00,india_midday
2026-06-01,2026-06-01 13:45:00,7600.874662662801,7608.475537325463,7593.273788000138,7600.874662662801,565,83.0,CRUDEOILM-SYNTH,INR,MCX,MCX Crude Oil Mini Futures,MCX,synthetic,15m,15,synthetic_intraday,SYNTHETIC_INTRADAY,2026-06-01 08:15:00+00:00,india_midday
2026-06-01,2026-06-01 14:00:00,7617.278483206431,7624.895761689636,7609.661204723225,7617.278483206431,305,83.0,CRUDEOILM-SYNTH,INR,MCX,MCX Crude Oil Mini Futures,MCX,synthetic,15m,15,synthetic_intraday,SYNTHETIC_INTRADAY,2026-06-01 08:30:00+00:00,india_midday
2026-06-01,2026-06-01 14:15:00,7632.513085249481,7640.14559833473,7624.880572164232,7632.513085249481,829,83.0,CRUDEOILM-SYNTH,INR,MCX,MCX Crude Oil Mini Futures,MCX,synthetic,15m,15,synthetic_intraday,SYNTHETIC_INTRADAY,2026-06-01 08:45:00+00:00,india_midday
2026-06-01,2026-06-01 14:30:00,7653.9394738491665,7661.593413323015,7646.285534375317,7653.9394738491665,422,83.0,CRUDEOILM-SYNTH,INR,MCX,MCX Crude Oil Mini Futures,MCX,synthetic,15m,15,synthetic_intraday,SYNTHETIC_INTRADAY,2026-06-01 09:00:00+00:00,india_midday
2026-06-01,2026-06-01 14:45:00,7671.316059230324,7678.987375289554,7663.644743171093,7671.316059230324,102,83.0,CRUDEOILM-SYNTH,INR,MCX,MCX Crude Oil Mini Futures,MCX,synthetic,15m,15,synthetic_intraday,SYNTHETIC_INTRADAY,2026-06-01 09:15:00+00:00,india_midday
2026-06-02,2026-06-02 09:00:00,7673.856249876299,7681.530106126175,7666.182393626423,7673.856249876299,658,83.0,CRUDEOILM-SYNTH,INR,MCX,MCX Crude Oil Mini Futures,MCX,synthetic,15m,15,synthetic_intraday,SYNTHETIC_INTRADAY,2026-06-02 03:30:00+00:00,mcx_open_drive
2026-06-02,2026-06-02 09:15:00,7682.514513435364,7690.197027948799,7674.831998921929,7682.514513435364,767,83.0,CRUDEOILM-SYNTH,INR,MCX,MCX Crude Oil Mini Futures,MCX,synthetic,15m,15,synthetic_intraday,SYNTHETIC_INTRADAY,2026-06-02 03:45:00+00:00,mcx_open_drive
2026-06-02,2026-06-02 09:30:00,7680.286900724043,7687.967187624767,7672.606613823319,7680.286900724043,966,83.0,CRUDEOILM-SYNTH,INR,MCX,MCX Crude Oil Mini Futures,MCX,synthetic,15m,15,synthetic_intraday,SYNTHETIC_INTRADAY,2026-06-02 04:00:00+00:00,mcx_open_drive
2026-06-02,2026-06-02 09:45:00,7690.954865379049,7698.645820244427,7683.2639105136695,7690.954865379049,563,83.0,CRUDEOILM-SYNTH,INR,MCX,MCX Crude Oil Mini Futures,MCX,synthetic,15m,15,synthetic_intraday,SYNTHETIC_INTRADAY,2026-06-02 04:15:00+00:00,mcx_open_drive
2026-06-02,2026-06-02 10:00:00,7693.735666717062,7701.429402383777,7686.041931050345,7693.735666717062,987,83.0,CRUDEOILM-SYNTH,INR,MCX,MCX Crude Oil Mini Futures,MCX,synthetic,15m,15,synthetic_intraday,SYNTHETIC_INTRADAY,2026-06-02 04:30:00+00:00,mcx_open_drive
2026-06-02,2026-06-02 10:15:00,7688.101950467913,7695.790052418381,7680.413848517445,7688.101950467913,583,83.0,CRUDEOILM-SYNTH,INR,MCX,MCX Crude Oil Mini Futures,MCX,synthetic,15m,15,synthetic_intraday,SYNTHETIC_INTRADAY,2026-06-02 04:45:00+00:00,mcx_open_drive
2026-06-02,2026-06-02 10:30:00,7692.217567669417,7699.909785237085,7684.525350101748,7692.217567669417,238,83.0,CRUDEOILM-SYNTH,INR,MCX,MCX Crude Oil Mini Futures,MCX,synthetic,15m,15,synthetic_intraday,SYNTHETIC_INTRADAY,2026-06-02 05:00:00+00:00,india_morning
2026-06-02,2026-06-02 10:45:00,7698.002687743968,7705.70069043171,7690.304685056224,7698.002687743968,916,83.0,CRUDEOILM-SYNTH,INR,MCX,MCX Crude Oil Mini Futures,MCX,synthetic,15m,15,synthetic_intraday,SYNTHETIC_INTRADAY,2026-06-02 05:15:00+00:00,india_morning
2026-06-02,2026-06-02 11:00:00,7699.2746622838395,7706.973936946122,7691.575387621556,7699.2746622838395,121,83.0,CRUDEOILM-SYNTH,INR,MCX,MCX Crude Oil Mini Futures,MCX,synthetic,15m,15,synthetic_intraday,SYNTHETIC_INTRADAY,2026-06-02 05:30:00+00:00,india_morning
2026-06-02,2026-06-02 11:15:00,7702.95286137229,7710.655814233661,7695.2499085109175,7702.95286137229,422,83.0,CRUDEOILM-SYNTH,INR,MCX,MCX Crude Oil Mini Futures,MCX,synthetic,15m,15,synthetic_intraday,SYNTHETIC_INTRADAY,2026-06-02 05:45:00+00:00,india_morning
2026-06-02,2026-06-02 11:30:00,7704.715099834554,7712.419814934387,7697.01038473472,7704.715099834554,681,83.0,CRUDEOILM-SYNTH,INR,MCX,MCX Crude Oil Mini Futures,MCX,synthetic,15m,15,synthetic_intraday,SYNTHETIC_INTRADAY,2026-06-02 06:00:00+00:00,india_morning
2026-06-02,2026-06-02 11:45:00,7709.515156393796,7717.224671550189,7701.805641237403,7709.515156393796,712,83.0,CRUDEOILM-SYNTH,INR,MCX,MCX Crude Oil Mini Futures,MCX,synthetic,15m,15,synthetic_intraday,SYNTHETIC_INTRADAY,2026-06-02 06:15:00+00:00,india_morning
2026-06-02,2026-06-02 12:00:00,7712.70824991656,7720.420958166475,7704.9955416666435,7712.70824991656,755,83.0,CRUDEOILM-SYNTH,INR,MCX,MCX Crude Oil Mini Futures,MCX,synthetic,15m,15,synthetic_intraday,SYNTHETIC_INTRADAY,2026-06-02 06:30:00+00:00,india_morning
2026-06-02,2026-06-02 12:15:00,7714.573441129324,7722.288014570453,7706.858867688195,7714.573441129324,205,83.0,CRUDEOILM-SYNTH,INR,MCX,MCX Crude Oil Mini Futures,MCX,synthetic,15m,15,synthetic_intraday,SYNTHETIC_INTRADAY,2026-06-02 06:45:00+00:00,india_morning
2026-06-02,2026-06-02 12:30:00,7718.888195437776,7726.607083633213,7711.169307242338,7718.888195437776,948,83.0,CRUDEOILM-SYNTH,INR,MCX,MCX Crude Oil Mini Futures,MCX,synthetic,15m,15,synthetic_intraday,SYNTHETIC_INTRADAY,2026-06-02 07:00:00+00:00,india_midday
2026-06-02,2026-06-02 12:45:00,7726.890114226696,7734.617004340922,7719.163224112469,7726.890114226696,537,83.0,CRUDEOILM-SYNTH,INR,MCX,MCX Crude Oil Mini Futures,MCX,synthetic,15m,15,synthetic_intraday,SYNTHETIC_INTRADAY,2026-06-02 07:15:00+00:00,india_midday
2026-06-02,2026-06-02 13:00:00,7725.664180589785,7733.389844770374,7717.9385164091955,7725.664180589785,333,83.0,CRUDEOILM-SYNTH,INR,MCX,MCX Crude Oil Mini Futures,MCX,synthetic,15m,15,synthetic_intraday,SYNTHETIC_INTRADAY,2026-06-02 07:30:00+00:00,india_midday
2026-06-02,2026-06-02 13:15:00,7729.399263616413,7737.128662880029,7721.669864352796,7729.399263616413,859,83.0,CRUDEOILM-SYNTH,INR,MCX,MCX Crude Oil Mini Futures,MCX,synthetic,15m,15,synthetic_intraday,SYNTHETIC_INTRADAY,2026-06-02 07:45:00+00:00,india_midday
2026-06-02,2026-06-02 13:30:00,7730.800035901896,7738.530835937797,7723.069235865994,7730.800035901896,101,83.0,CRUDEOILM-SYNTH,INR,MCX,MCX Crude Oil Mini Futures,MCX,synthetic,15m,15,synthetic_intraday,SYNTHETIC_INTRADAY,2026-06-02 08:00:00+00:00,india_midday
2026-06-02,2026-06-02 13:45:00,7741.938727815361,7749.680666543175,7734.196789087546,7741.938727815361,179,83.0,CRUDEOILM-SYNTH,INR,MCX,MCX Crude Oil Mini Futures,MCX,synthetic,15m,15,synthetic_intraday,SYNTHETIC_INTRADAY,2026-06-02 08:15:00+00:00,india_midday
2026-06-02,2026-06-02 14:00:00,7743.897053318661,7751.640950371979,7736.153156265343,7743.897053318661,146,83.0,CRUDEOILM-SYNTH,INR,MCX,MCX Crude Oil Mini Futures,MCX,synthetic,15m,15,synthetic_intraday,SYNTHETIC_INTRADAY,2026-06-02 08:30:00+00:00,india_midday
2026-06-02,2026-06-02 14:15:00,7745.8749947693805,7753.620869764149,7738.129119774611,7745.8749947693805,751,83.0,CRUDEOILM-SYNTH,INR,MCX,MCX Crude Oil Mini Futures,MCX,synthetic,15m,15,synthetic_intraday,SYNTHETIC_INTRADAY,2026-06-02 08:45:00+00:00,india_midday
2026-06-02,2026-06-02 14:30:00,7747.4346933960205,7755.1821280894155,7739.687258702625,7747.4346933960205,637,83.0,CRUDEOILM-SYNTH,INR,MCX,MCX Crude Oil Mini Futures,MCX,synthetic,15m,15,synthetic_intraday,SYNTHETIC_INTRADAY,2026-06-02 09:00:00+00:00,india_midday
2026-06-02,2026-06-02 14:45:00,7752.971361821554,7760.724333183374,7745.218390459732,7752.971361821554,891,83.0,CRUDEOILM-SYNTH,INR,MCX,MCX Crude Oil Mini Futures,MCX,synthetic,15m,15,synthetic_intraday,SYNTHETIC_INTRADAY,2026-06-02 09:15:00+00:00,india_midday
2026-06-03,2026-06-03 09:00:00,7904.7537493815,7912.6585031308805,7896.848995632118,7904.7537493815,474,83.0,CRUDEOILM-SYNTH,INR,MCX,MCX Crude Oil Mini Futures,MCX,synthetic,15m,15,synthetic_intraday,SYNTHETIC_INTRADAY,2026-06-03 03:30:00+00:00,mcx_open_drive
2026-06-03,2026-06-03 09:15:00,7904.7537493815,7912.6585031308805,7896.848995632118,7904.7537493815,862,83.0,CRUDEOILM-SYNTH,INR,MCX,MCX Crude Oil Mini Futures,MCX,synthetic,15m,15,synthetic_intraday,SYNTHETIC_INTRADAY,2026-06-03 03:45:00+00:00,mcx_open_drive
2026-06-03,2026-06-03 09:30:00,7904.7537493815,7912.6585031308805,7896.848995632118,7904.7537493815,171,83.0,CRUDEOILM-SYNTH,INR,MCX,MCX Crude Oil Mini Futures,MCX,synthetic,15m,15,synthetic_intraday,SYNTHETIC_INTRADAY,2026-06-03 04:00:00+00:00,mcx_open_drive
2026-06-03,2026-06-03 09:45:00,7904.7537493815,7912.6585031308805,7896.848995632118,7904.7537493815,774,83.0,CRUDEOILM-SYNTH,INR,MCX,MCX Crude Oil Mini Futures,MCX,synthetic,15m,15,synthetic_intraday,SYNTHETIC_INTRADAY,2026-06-03 04:15:00+00:00,mcx_open_drive
2026-06-03,2026-06-03 10:00:00,7904.7537493815,7912.6585031308805,7896.848995632118,7904.7537493815,896,83.0,CRUDEOILM-SYNTH,INR,MCX,MCX Crude Oil Mini Futures,MCX,synthetic,15m,15,synthetic_intraday,SYNTHETIC_INTRADAY,2026-06-03 04:30:00+00:00,mcx_open_drive
2026-06-03,2026-06-03 10:15:00,7904.7537493815,7912.6585031308805,7896.848995632118,7904.7537493815,112,83.0,CRUDEOILM-SYNTH,INR,MCX,MCX Crude Oil Mini Futures,MCX,synthetic,15m,15,synthetic_intraday,SYNTHETIC_INTRADAY,2026-06-03 04:45:00+00:00,mcx_open_drive
2026-06-03,2026-06-03 10:30:00,7904.7537493815,7912.6585031308805,7896.848995632118,7904.7537493815,798,83.0,CRUDEOILM-SYNTH,INR,MCX,MCX Crude Oil Mini Futures,MCX,synthetic,15m,15,synthetic_intraday,SYNTHETIC_INTRADAY,2026-06-03 05:00:00+00:00,india_morning
2026-06-03,2026-06-03 10:45:00,7904.7537493815,7912.6585031308805,7896.848995632118,7904.7537493815,870,83.0,CRUDEOILM-SYNTH,INR,MCX,MCX Crude Oil Mini Futures,MCX,synthetic,15m,15,synthetic_intraday,SYNTHETIC_INTRADAY,2026-06-03 05:15:00+00:00,india_morning
2026-06-03,2026-06-03 11:00:00,7904.7537493815,7912.6585031308805,7896.848995632118,7904.7537493815,283,83.0,CRUDEOILM-SYNTH,INR,MCX,MCX Crude Oil Mini Futures,MCX,synthetic,15m,15,synthetic_intraday,SYNTHETIC_INTRADAY,2026-06-03 05:30:00+00:00,india_morning
2026-06-03,2026-06-03 11:15:00,7904.7537493815,7912.6585031308805,7896.848995632118,7904.7537493815,281,83.0,CRUDEOILM-SYNTH,INR,MCX,MCX Crude Oil Mini Futures,MCX,synthetic,15m,15,synthetic_intraday,SYNTHETIC_INTRADAY,2026-06-03 05:45:00+00:00,india_morning
2026-06-03,2026-06-03 11:30:00,7904.7537493815,7912.6585031308805,7896.848995632118,7904.7537493815,769,83.0,CRUDEOILM-SYNTH,INR,MCX,MCX Crude Oil Mini Futures,MCX,synthetic,15m,15,synthetic_intraday,SYNTHETIC_INTRADAY,2026-06-03 06:00:00+00:00,india_morning
2026-06-03,2026-06-03 11:45:00,7904.7537493815,7912.6585031308805,7896.848995632118,7904.7537493815,150,83.0,CRUDEOILM-SYNTH,INR,MCX,MCX Crude Oil Mini Futures,MCX,synthetic,15m,15,synthetic_intraday,SYNTHETIC_INTRADAY,2026-06-03 06:15:00+00:00,india_morning
2026-06-03,2026-06-03 12:00:00,7904.7537493815,7912.6585031308805,7896.848995632118,7904.7537493815,974,83.0,CRUDEOILM-SYNTH,INR,MCX,MCX Crude Oil Mini Futures,MCX,synthetic,15m,15,synthetic_intraday,SYNTHETIC_INTRADAY,2026-06-03 06:30:00+00:00,india_morning
2026-06-03,2026-06-03 12:15:00,7904.7537493815,7912.6585031308805,7896.848995632118,7904.7537493815,288,83.0,CRUDEOILM-SYNTH,INR,MCX,MCX Crude Oil Mini Futures,MCX,synthetic,15m,15,synthetic_intraday,SYNTHETIC_INTRADAY,2026-06-03 06:45:00+00:00,india_morning
2026-06-03,2026-06-03 12:30:00,7904.7537493815,7912.6585031308805,7896.848995632118,7904.7537493815,510,83.0,CRUDEOILM-SYNTH,INR,MCX,MCX Crude Oil Mini Futures,MCX,synthetic,15m,15,synthetic_intraday,SYNTHETIC_INTRADAY,2026-06-03 07:00:00+00:00,india_midday
2026-06-03,2026-06-03 12:45:00,7907.419122777422,7915.326541900198,7899.511703654644,7907.419122777422,569,83.0,CRUDEOILM-SYNTH,INR,MCX,MCX Crude Oil Mini Futures,MCX,synthetic,15m,15,synthetic_intraday,SYNTHETIC_INTRADAY,2026-06-03 07:15:00+00:00,india_midday
2026-06-03,2026-06-03 13:00:00,7916.5065487407555,7924.423055289495,7908.590042192015,7916.5065487407555,333,83.0,CRUDEOILM-SYNTH,INR,MCX,MCX Crude Oil Mini Futures,MCX,synthetic,15m,15,synthetic_intraday,SYNTHETIC_INTRADAY,2026-06-03 07:30:00+00:00,india_midday
2026-06-03,2026-06-03 13:15:00,7926.5808134361405,7934.507394249576,7918.6542326227045,7926.5808134361405,955,83.0,CRUDEOILM-SYNTH,INR,MCX,MCX Crude Oil Mini Futures,MCX,synthetic,15m,15,synthetic_intraday,SYNTHETIC_INTRADAY,2026-06-03 07:45:00+00:00,india_midday
2026-06-03,2026-06-03 13:30:00,7937.259952194443,7945.197212146637,7929.322692242248,7937.259952194443,516,83.0,CRUDEOILM-SYNTH,INR,MCX,MCX Crude Oil Mini Futures,MCX,synthetic,15m,15,synthetic_intraday,SYNTHETIC_INTRADAY,2026-06-03 08:00:00+00:00,india_midday
2026-06-03,2026-06-03 13:45:00,7941.039336853842,7948.980376190694,7933.098297516988,7941.039336853842,617,83.0,CRUDEOILM-SYNTH,INR,MCX,MCX Crude Oil Mini Futures,MCX,synthetic,15m,15,synthetic_intraday,SYNTHETIC_INTRADAY,2026-06-03 08:15:00+00:00,india_midday
2026-06-03,2026-06-03 14:00:00,7951.0028831223135,7958.953886005435,7943.051880239192,7951.0028831223135,694,83.0,CRUDEOILM-SYNTH,INR,MCX,MCX Crude Oil Mini Futures,MCX,synthetic,15m,15,synthetic_intraday,SYNTHETIC_INTRADAY,2026-06-03 08:30:00+00:00,india_midday
2026-06-03,2026-06-03 14:15:00,7964.698259969465,7972.662958229434,7956.733561709495,7964.698259969465,644,83.0,CRUDEOILM-SYNTH,INR,MCX,MCX Crude Oil Mini Futures,MCX,synthetic,15m,15,synthetic_intraday,SYNTHETIC_INTRADAY,2026-06-03 08:45:00+00:00,india_midday
2026-06-03,2026-06-03 14:30:00,7980.627626481998,7988.608254108479,7972.646998855516,7980.627626481998,755,83.0,CRUDEOILM-SYNTH,INR,MCX,MCX Crude Oil Mini Futures,MCX,synthetic,15m,15,synthetic_intraday,SYNTHETIC_INTRADAY,2026-06-03 09:00:00+00:00,india_midday
2026-06-03,2026-06-03 14:45:00,7981.669399121949,7989.65106852107,7973.6877297228275,7981.669399121949,633,83.0,CRUDEOILM-SYNTH,INR,MCX,MCX Crude Oil Mini Futures,MCX,synthetic,15m,15,synthetic_intraday,SYNTHETIC_INTRADAY,2026-06-03 09:15:00+00:00,india_midday
2026-06-04,2026-06-04 09:00:00,7788.6456068178,7796.434252424618,7780.856961210982,7788.6456068178,446,83.0,CRUDEOILM-SYNTH,INR,MCX,MCX Crude Oil Mini Futures,MCX,synthetic,15m,15,synthetic_intraday,SYNTHETIC_INTRADAY,2026-06-04 03:30:00+00:00,mcx_open_drive
2026-06-04,2026-06-04 09:15:00,7788.6456068178,7796.434252424618,7780.856961210982,7788.6456068178,653,83.0,CRUDEOILM-SYNTH,INR,MCX,MCX Crude Oil Mini Futures,MCX,synthetic,15m,15,synthetic_intraday,SYNTHETIC_INTRADAY,2026-06-04 03:45:00+00:00,mcx_open_drive
2026-06-04,2026-06-04 09:30:00,7788.6456068178,7796.434252424618,7780.856961210982,7788.6456068178,770,83.0,CRUDEOILM-SYNTH,INR,MCX,MCX Crude Oil Mini Futures,MCX,synthetic,15m,15,synthetic_intraday,SYNTHETIC_INTRADAY,2026-06-04 04:00:00+00:00,mcx_open_drive
2026-06-04,2026-06-04 09:45:00,7788.6456068178,7796.434252424618,7780.856961210982,7788.6456068178,165,83.0,CRUDEOILM-SYNTH,INR,MCX,MCX Crude Oil Mini Futures,MCX,synthetic,15m,15,synthetic_intraday,SYNTHETIC_INTRADAY,2026-06-04 04:15:00+00:00,mcx_open_drive
2026-06-04,2026-06-04 10:00:00,7788.6456068178,7796.434252424618,7780.856961210982,7788.6456068178,738,83.0,CRUDEOILM-SYNTH,INR,MCX,MCX Crude Oil Mini Futures,MCX,synthetic,15m,15,synthetic_intraday,SYNTHETIC_INTRADAY,2026-06-04 04:30:00+00:00,mcx_open_drive
2026-06-04,2026-06-04 10:15:00,7788.6456068178,7796.434252424618,7780.856961210982,7788.6456068178,844,83.0,CRUDEOILM-SYNTH,INR,MCX,MCX Crude Oil Mini Futures,MCX,synthetic,15m,15,synthetic_intraday,SYNTHETIC_INTRADAY,2026-06-04 04:45:00+00:00,mcx_open_drive
2026-06-04,2026-06-04 10:30:00,7788.6456068178,7796.434252424618,7780.856961210982,7788.6456068178,693,83.0,CRUDEOILM-SYNTH,INR,MCX,MCX Crude Oil Mini Futures,MCX,synthetic,15m,15,synthetic_intraday,SYNTHETIC_INTRADAY,2026-06-04 05:00:00+00:00,india_morning
2026-06-04,2026-06-04 10:45:00,7788.6456068178,7796.434252424618,7780.856961210982,7788.6456068178,754,83.0,CRUDEOILM-SYNTH,INR,MCX,MCX Crude Oil Mini Futures,MCX,synthetic,15m,15,synthetic_intraday,SYNTHETIC_INTRADAY,2026-06-04 05:15:00+00:00,india_morning
2026-06-04,2026-06-04 11:00:00,7788.6456068178,7796.434252424618,7780.856961210982,7788.6456068178,319,83.0,CRUDEOILM-SYNTH,INR,MCX,MCX Crude Oil Mini Futures,MCX,synthetic,15m,15,synthetic_intraday,SYNTHETIC_INTRADAY,2026-06-04 05:30:00+00:00,india_morning
2026-06-04,2026-06-04 11:15:00,7788.6456068178,7796.434252424618,7780.856961210982,7788.6456068178,587,83.0,CRUDEOILM-SYNTH,INR,MCX,MCX Crude Oil Mini Futures,MCX,synthetic,15m,15,synthetic_intraday,SYNTHETIC_INTRADAY,2026-06-04 05:45:00+00:00,india_morning
2026-06-04,2026-06-04 11:30:00,7788.6456068178,7796.434252424618,7780.856961210982,7788.6456068178,778,83.0,CRUDEOILM-SYNTH,INR,MCX,MCX Crude Oil Mini Futures,MCX,synthetic,15m,15,synthetic_intraday,SYNTHETIC_INTRADAY,2026-06-04 06:00:00+00:00,india_morning
2026-06-04,2026-06-04 11:45:00,7788.6456068178,7796.434252424618,7780.856961210982,7788.6456068178,582,83.0,CRUDEOILM-SYNTH,INR,MCX,MCX Crude Oil Mini Futures,MCX,synthetic,15m,15,synthetic_intraday,SYNTHETIC_INTRADAY,2026-06-04 06:15:00+00:00,india_morning
2026-06-04,2026-06-04 12:00:00,7788.6456068178,7796.434252424618,7780.856961210982,7788.6456068178,762,83.0,CRUDEOILM-SYNTH,INR,MCX,MCX Crude Oil Mini Futures,MCX,synthetic,15m,15,synthetic_intraday,SYNTHETIC_INTRADAY,2026-06-04 06:30:00+00:00,india_morning
2026-06-04,2026-06-04 12:15:00,7788.6456068178,7796.434252424618,7780.856961210982,7788.6456068178,165,83.0,CRUDEOILM-SYNTH,INR,MCX,MCX Crude Oil Mini Futures,MCX,synthetic,15m,15,synthetic_intraday,SYNTHETIC_INTRADAY,2026-06-04 06:45:00+00:00,india_morning
2026-06-04,2026-06-04 12:30:00,7788.6456068178,7796.434252424618,7780.856961210982,7788.6456068178,851,83.0,CRUDEOILM-SYNTH,INR,MCX,MCX Crude Oil Mini Futures,MCX,synthetic,15m,15,synthetic_intraday,SYNTHETIC_INTRADAY,2026-06-04 07:00:00+00:00,india_midday
2026-06-04,2026-06-04 12:45:00,7788.6456068178,7796.434252424618,7780.856961210982,7788.6456068178,709,83.0,CRUDEOILM-SYNTH,INR,MCX,MCX Crude Oil Mini Futures,MCX,synthetic,15m,15,synthetic_intraday,SYNTHETIC_INTRADAY,2026-06-04 07:15:00+00:00,india_midday
2026-06-04,2026-06-04 13:00:00,7788.6456068178,7796.434252424618,7780.856961210982,7788.6456068178,599,83.0,CRUDEOILM-SYNTH,INR,MCX,MCX Crude Oil Mini Futures,MCX,synthetic,15m,15,synthetic_intraday,SYNTHETIC_INTRADAY,2026-06-04 07:30:00+00:00,india_midday
2026-06-04,2026-06-04 13:15:00,7783.619884204647,7791.403504088851,7775.836264320443,7783.619884204647,115,83.0,CRUDEOILM-SYNTH,INR,MCX,MCX Crude Oil Mini Futures,MCX,synthetic,15m,15,synthetic_intraday,SYNTHETIC_INTRADAY,2026-06-04 07:45:00+00:00,india_midday
2026-06-04,2026-06-04 13:30:00,7769.788050791141,7777.557838841932,7762.01826274035,7769.788050791141,866,83.0,CRUDEOILM-SYNTH,INR,MCX,MCX Crude Oil Mini Futures,MCX,synthetic,15m,15,synthetic_intraday,SYNTHETIC_INTRADAY,2026-06-04 08:00:00+00:00,india_midday
2026-06-04,2026-06-04 13:45:00,7762.674287080958,7770.436961368037,7754.911612793877,7762.674287080958,222,83.0,CRUDEOILM-SYNTH,INR,MCX,MCX Crude Oil Mini Futures,MCX,synthetic,15m,15,synthetic_intraday,SYNTHETIC_INTRADAY,2026-06-04 08:15:00+00:00,india_midday
2026-06-04,2026-06-04 14:00:00,7745.7157325055405,7753.461448238045,7737.970016773035,7745.7157325055405,173,83.0,CRUDEOILM-SYNTH,INR,MCX,MCX Crude Oil Mini Futures,MCX,synthetic,15m,15,synthetic_intraday,SYNTHETIC_INTRADAY,2026-06-04 08:30:00+00:00,india_midday
2026-06-04,2026-06-04 14:15:00,7736.69497817967,7744.431673157849,7728.95828320149,7736.69497817967,764,83.0,CRUDEOILM-SYNTH,INR,MCX,MCX Crude Oil Mini Futures,MCX,synthetic,15m,15,synthetic_intraday,SYNTHETIC_INTRADAY,2026-06-04 08:45:00+00:00,india_midday
2026-06-04,2026-06-04 14:30:00,7726.410406958949,7734.1368173659075,7718.68399655199,7726.410406958949,271,83.0,CRUDEOILM-SYNTH,INR,MCX,MCX Crude Oil Mini Futures,MCX,synthetic,15m,15,synthetic_intraday,SYNTHETIC_INTRADAY,2026-06-04 09:00:00+00:00,india_midday
2026-06-04,2026-06-04 14:45:00,7713.169341610907,7720.882510952518,7705.456172269296,7713.169341610907,165,83.0,CRUDEOILM-SYNTH,INR,MCX,MCX Crude Oil Mini Futures,MCX,synthetic,15m,15,synthetic_intraday,SYNTHETIC_INTRADAY,2026-06-04 09:15:00+00:00,india_midday
2026-06-05,2026-06-05 09:00:00,7589.9682771236,7597.558245400723,7582.378308846477,7589.9682771236,368,83.0,CRUDEOILM-SYNTH,INR,MCX,MCX Crude Oil Mini Futures,MCX,synthetic,15m,15,synthetic_intraday,SYNTHETIC_INTRADAY,2026-06-05 03:30:00+00:00,mcx_open_drive
2026-06-05,2026-06-05 09:15:00,7589.9682771236,7597.558245400723,7582.378308846477,7589.9682771236,612,83.0,CRUDEOILM-SYNTH,INR,MCX,MCX Crude Oil Mini Futures,MCX,synthetic,15m,15,synthetic_intraday,SYNTHETIC_INTRADAY,2026-06-05 03:45:00+00:00,mcx_open_drive
2026-06-05,2026-06-05 09:30:00,7589.9682771236,7597.558245400723,7582.378308846477,7589.9682771236,415,83.0,CRUDEOILM-SYNTH,INR,MCX,MCX Crude Oil Mini Futures,MCX,synthetic,15m,15,synthetic_intraday,SYNTHETIC_INTRADAY,2026-06-05 04:00:00+00:00,mcx_open_drive
2026-06-05,2026-06-05 09:45:00,7589.9682771236,7597.558245400723,7582.378308846477,7589.9682771236,418,83.0,CRUDEOILM-SYNTH,INR,MCX,MCX Crude Oil Mini Futures,MCX,synthetic,15m,15,synthetic_intraday,SYNTHETIC_INTRADAY,2026-06-05 04:15:00+00:00,mcx_open_drive
2026-06-05,2026-06-05 10:00:00,7589.9682771236,7597.558245400723,7582.378308846477,7589.9682771236,749,83.0,CRUDEOILM-SYNTH,INR,MCX,MCX Crude Oil Mini Futures,MCX,synthetic,15m,15,synthetic_intraday,SYNTHETIC_INTRADAY,2026-06-05 04:30:00+00:00,mcx_open_drive
2026-06-05,2026-06-05 10:15:00,7589.9682771236,7597.558245400723,7582.378308846477,7589.9682771236,310,83.0,CRUDEOILM-SYNTH,INR,MCX,MCX Crude Oil Mini Futures,MCX,synthetic,15m,15,synthetic_intraday,SYNTHETIC_INTRADAY,2026-06-05 04:45:00+00:00,mcx_open_drive
2026-06-05,2026-06-05 10:30:00,7589.9682771236,7597.558245400723,7582.378308846477,7589.9682771236,686,83.0,CRUDEOILM-SYNTH,INR,MCX,MCX Crude Oil Mini Futures,MCX,synthetic,15m,15,synthetic_intraday,SYNTHETIC_INTRADAY,2026-06-05 05:00:00+00:00,india_morning
2026-06-05,2026-06-05 10:45:00,7589.9682771236,7597.558245400723,7582.378308846477,7589.9682771236,401,83.0,CRUDEOILM-SYNTH,INR,MCX,MCX Crude Oil Mini Futures,MCX,synthetic,15m,15,synthetic_intraday,SYNTHETIC_INTRADAY,2026-06-05 05:15:00+00:00,india_morning
2026-06-05,2026-06-05 11:00:00,7589.9682771236,7597.558245400723,7582.378308846477,7589.9682771236,716,83.0,CRUDEOILM-SYNTH,INR,MCX,MCX Crude Oil Mini Futures,MCX,synthetic,15m,15,synthetic_intraday,SYNTHETIC_INTRADAY,2026-06-05 05:30:00+00:00,india_morning
2026-06-05,2026-06-05 11:15:00,7589.9682771236,7597.558245400723,7582.378308846477,7589.9682771236,983,83.0,CRUDEOILM-SYNTH,INR,MCX,MCX Crude Oil Mini Futures,MCX,synthetic,15m,15,synthetic_intraday,SYNTHETIC_INTRADAY,2026-06-05 05:45:00+00:00,india_morning
2026-06-05,2026-06-05 11:30:00,7589.9682771236,7597.558245400723,7582.378308846477,7589.9682771236,109,83.0,CRUDEOILM-SYNTH,INR,MCX,MCX Crude Oil Mini Futures,MCX,synthetic,15m,15,synthetic_intraday,SYNTHETIC_INTRADAY,2026-06-05 06:00:00+00:00,india_morning
2026-06-05,2026-06-05 11:45:00,7589.9682771236,7597.558245400723,7582.378308846477,7589.9682771236,508,83.0,CRUDEOILM-SYNTH,INR,MCX,MCX Crude Oil Mini Futures,MCX,synthetic,15m,15,synthetic_intraday,SYNTHETIC_INTRADAY,2026-06-05 06:15:00+00:00,india_morning
2026-06-05,2026-06-05 12:00:00,7589.9682771236,7597.558245400723,7582.378308846477,7589.9682771236,494,83.0,CRUDEOILM-SYNTH,INR,MCX,MCX Crude Oil Mini Futures,MCX,synthetic,15m,15,synthetic_intraday,SYNTHETIC_INTRADAY,2026-06-05 06:30:00+00:00,india_morning
2026-06-05,2026-06-05 12:15:00,7589.9682771236,7597.558245400723,7582.378308846477,7589.9682771236,866,83.0,CRUDEOILM-SYNTH,INR,MCX,MCX Crude Oil Mini Futures,MCX,synthetic,15m,15,synthetic_intraday,SYNTHETIC_INTRADAY,2026-06-05 06:45:00+00:00,india_morning
2026-06-05,2026-06-05 12:30:00,7589.9682771236,7597.558245400723,7582.378308846477,7589.9682771236,955,83.0,CRUDEOILM-SYNTH,INR,MCX,MCX Crude Oil Mini Futures,MCX,synthetic,15m,15,synthetic_intraday,SYNTHETIC_INTRADAY,2026-06-05 07:00:00+00:00,india_midday
2026-06-05,2026-06-05 12:45:00,7586.2342336633055,7593.820467896968,7578.647999429642,7586.2342336633055,339,83.0,CRUDEOILM-SYNTH,INR,MCX,MCX Crude Oil Mini Futures,MCX,synthetic,15m,15,synthetic_intraday,SYNTHETIC_INTRADAY,2026-06-05 07:15:00+00:00,india_midday
2026-06-05,2026-06-05 13:00:00,7574.908992565484,7582.483901558049,7567.334083572919,7574.908992565484,800,83.0,CRUDEOILM-SYNTH,INR,MCX,MCX Crude Oil Mini Futures,MCX,synthetic,15m,15,synthetic_intraday,SYNTHETIC_INTRADAY,2026-06-05 07:30:00+00:00,india_midday
2026-06-05,2026-06-05 13:15:00,7566.806407796906,7574.373214204702,7559.239601389108,7566.806407796906,157,83.0,CRUDEOILM-SYNTH,INR,MCX,MCX Crude Oil Mini Futures,MCX,synthetic,15m,15,synthetic_intraday,SYNTHETIC_INTRADAY,2026-06-05 07:45:00+00:00,india_midday
2026-06-05,2026-06-05 13:30:00,7560.0337849216385,7567.593818706559,7552.473751136717,7560.0337849216385,205,83.0,CRUDEOILM-SYNTH,INR,MCX,MCX Crude Oil Mini Futures,MCX,synthetic,15m,15,synthetic_intraday,SYNTHETIC_INTRADAY,2026-06-05 08:00:00+00:00,india_midday
2026-06-05,2026-06-05 13:45:00,7551.051789693456,7558.602841483149,7543.5007379037625,7551.051789693456,431,83.0,CRUDEOILM-SYNTH,INR,MCX,MCX Crude Oil Mini Futures,MCX,synthetic,15m,15,synthetic_intraday,SYNTHETIC_INTRADAY,2026-06-05 08:15:00+00:00,india_midday
2026-06-05,2026-06-05 14:00:00,7544.536137576174,7552.080673713749,7536.991601438598,7544.536137576174,777,83.0,CRUDEOILM-SYNTH,INR,MCX,MCX Crude Oil Mini Futures,MCX,synthetic,15m,15,synthetic_intraday,SYNTHETIC_INTRADAY,2026-06-05 08:30:00+00:00,india_midday
2026-06-05,2026-06-05 14:15:00,7531.793198862809,7539.324992061671,7524.261405663946,7531.793198862809,274,83.0,CRUDEOILM-SYNTH,INR,MCX,MCX Crude Oil Mini Futures,MCX,synthetic,15m,15,synthetic_intraday,SYNTHETIC_INTRADAY,2026-06-05 08:45:00+00:00,india_midday
2026-06-05,2026-06-05 14:30:00,7525.064644474062,7532.589709118535,7517.539579829589,7525.064644474062,121,83.0,CRUDEOILM-SYNTH,INR,MCX,MCX Crude Oil Mini Futures,MCX,synthetic,15m,15,synthetic_intraday,SYNTHETIC_INTRADAY,2026-06-05 09:00:00+00:00,india_midday
2026-06-05,2026-06-05 14:45:00,7513.271479286849,7520.784750766135,7505.758207807562,7513.271479286849,221,83.0,CRUDEOILM-SYNTH,INR,MCX,MCX Crude Oil Mini Futures,MCX,synthetic,15m,15,synthetic_intraday,SYNTHETIC_INTRADAY,2026-06-05 09:15:00+00:00,india_midday
2026-06-08,2026-06-08 09:00:00,7521.045478878651,7528.566524357529,7513.5244333997725,7521.045478878651,837,83.0,CRUDEOILM-SYNTH,INR,MCX,MCX Crude Oil Mini Futures,MCX,synthetic,15m,15,synthetic_intraday,SYNTHETIC_INTRADAY,2026-06-08 03:30:00+00:00,mcx_open_drive
2026-06-08,2026-06-08 09:15:00,7519.5077195834565,7527.027227303039,7511.988211863873,7519.5077195834565,150,83.0,CRUDEOILM-SYNTH,INR,MCX,MCX Crude Oil Mini Futures,MCX,synthetic,15m,15,synthetic_intraday,SYNTHETIC_INTRADAY,2026-06-08 03:45:00+00:00,mcx_open_drive
2026-06-08,2026-06-08 09:30:00,7523.548930003751,7531.072478933754,7516.025381073747,7523.548930003751,112,83.0,CRUDEOILM-SYNTH,INR,MCX,MCX Crude Oil Mini Futures,MCX,synthetic,15m,15,synthetic_intraday,SYNTHETIC_INTRADAY,2026-06-08 04:00:00+00:00,mcx_open_drive
2026-06-08,2026-06-08 09:45:00,7526.423240820507,7533.949664061327,7518.896817579686,7526.423240820507,118,83.0,CRUDEOILM-SYNTH,INR,MCX,MCX Crude Oil Mini Futures,MCX,synthetic,15m,15,synthetic_intraday,SYNTHETIC_INTRADAY,2026-06-08 04:15:00+00:00,mcx_open_drive
2026-06-08,2026-06-08 10:00:00,7522.9831556514855,7530.506138807136,7515.460172495834,7522.9831556514855,553,83.0,CRUDEOILM-SYNTH,INR,MCX,MCX Crude Oil Mini Futures,MCX,synthetic,15m,15,synthetic_intraday,SYNTHETIC_INTRADAY,2026-06-08 04:30:00+00:00,mcx_open_drive
2026-06-08,2026-06-08 10:15:00,7530.565210315392,7538.095775525706,7523.034645105076,7530.565210315392,667,83.0,CRUDEOILM-SYNTH,INR,MCX,MCX Crude Oil Mini Futures,MCX,synthetic,15m,15,synthetic_intraday,SYNTHETIC_INTRADAY,2026-06-08 04:45:00+00:00,mcx_open_drive
2026-06-08,2026-06-08 10:30:00,7525.344377021222,7532.869721398242,7517.8190326442,7525.344377021222,307,83.0,CRUDEOILM-SYNTH,INR,MCX,MCX Crude Oil Mini Futures,MCX,synthetic,15m,15,synthetic_intraday,SYNTHETIC_INTRADAY,2026-06-08 05:00:00+00:00,india_morning
2026-06-08,2026-06-08 10:45:00,7532.383457539742,7539.9158409972815,7524.851074082202,7532.383457539742,258,83.0,CRUDEOILM-SYNTH,INR,MCX,MCX Crude Oil Mini Futures,MCX,synthetic,15m,15,synthetic_intraday,SYNTHETIC_INTRADAY,2026-06-08 05:15:00+00:00,india_morning
2026-06-08,2026-06-08 11:00:00,7539.326830725609,7546.866157556334,7531.787503894884,7539.326830725609,752,83.0,CRUDEOILM-SYNTH,INR,MCX,MCX Crude Oil Mini Futures,MCX,synthetic,15m,15,synthetic_intraday,SYNTHETIC_INTRADAY,2026-06-08 05:30:00+00:00,india_morning
2026-06-08,2026-06-08 11:15:00,7537.9563126758985,7545.494268988574,7530.418356363222,7537.9563126758985,188,83.0,CRUDEOILM-SYNTH,INR,MCX,MCX Crude Oil Mini Futures,MCX,synthetic,15m,15,synthetic_intraday,SYNTHETIC_INTRADAY,2026-06-08 05:45:00+00:00,india_morning
2026-06-08,2026-06-08 11:30:00,7540.594005779665,7548.134599785444,7533.053411773885,7540.594005779665,783,83.0,CRUDEOILM-SYNTH,INR,MCX,MCX Crude Oil Mini Futures,MCX,synthetic,15m,15,synthetic_intraday,SYNTHETIC_INTRADAY,2026-06-08 06:00:00+00:00,india_morning
2026-06-08,2026-06-08 11:45:00,7540.189257885632,7547.729447143517,7532.649068627747,7540.189257885632,674,83.0,CRUDEOILM-SYNTH,INR,MCX,MCX Crude Oil Mini Futures,MCX,synthetic,15m,15,synthetic_intraday,SYNTHETIC_INTRADAY,2026-06-08 06:15:00+00:00,india_morning
2026-06-08,2026-06-08 12:00:00,7547.37786545784,7554.925243323297,7539.830487592382,7547.37786545784,436,83.0,CRUDEOILM-SYNTH,INR,MCX,MCX Crude Oil Mini Futures,MCX,synthetic,15m,15,synthetic_intraday,SYNTHETIC_INTRADAY,2026-06-08 06:30:00+00:00,india_morning
2026-06-08,2026-06-08 12:15:00,7552.107102822214,7559.659209925036,7544.554995719392,7552.107102822214,584,83.0,CRUDEOILM-SYNTH,INR,MCX,MCX Crude Oil Mini Futures,MCX,synthetic,15m,15,synthetic_intraday,SYNTHETIC_INTRADAY,2026-06-08 06:45:00+00:00,india_morning
2026-06-08,2026-06-08 12:30:00,7554.711370154523,7562.266081524677,7547.156658784369,7554.711370154523,946,83.0,CRUDEOILM-SYNTH,INR,MCX,MCX Crude Oil Mini Futures,MCX,synthetic,15m,15,synthetic_intraday,SYNTHETIC_INTRADAY,2026-06-08 07:00:00+00:00,india_midday
2026-06-08,2026-06-08 12:45:00,7555.239085205584,7562.794324290789,7547.683846120379,7555.239085205584,964,83.0,CRUDEOILM-SYNTH,INR,MCX,MCX Crude Oil Mini Futures,MCX,synthetic,15m,15,synthetic_intraday,SYNTHETIC_INTRADAY,2026-06-08 07:15:00+00:00,india_midday
2026-06-08,2026-06-08 13:00:00,7555.214108070968,7562.769322179038,7547.658893962897,7555.214108070968,966,83.0,CRUDEOILM-SYNTH,INR,MCX,MCX Crude Oil Mini Futures,MCX,synthetic,15m,15,synthetic_intraday,SYNTHETIC_INTRADAY,2026-06-08 07:30:00+00:00,india_midday
2026-06-08,2026-06-08 13:15:00,7556.9635517515735,7564.520515303324,7549.406588199822,7556.9635517515735,461,83.0,CRUDEOILM-SYNTH,INR,MCX,MCX Crude Oil Mini Futures,MCX,synthetic,15m,15,synthetic_intraday,SYNTHETIC_INTRADAY,2026-06-08 07:45:00+00:00,india_midday
2026-06-08,2026-06-08 13:30:00,7567.132033162318,7574.6991651954795,7559.564901129156,7567.132033162318,567,83.0,CRUDEOILM-SYNTH,INR,MCX,MCX Crude Oil Mini Futures,MCX,synthetic,15m,15,synthetic_intraday,SYNTHETIC_INTRADAY,2026-06-08 08:00:00+00:00,india_midday
2026-06-08,2026-06-08 13:45:00,7564.099531787294,7571.66363131908,7556.535432255507,7564.099531787294,600,83.0,CRUDEOILM-SYNTH,INR,MCX,MCX Crude Oil Mini Futures,MCX,synthetic,15m,15,synthetic_intraday,SYNTHETIC_INTRADAY,2026-06-08 08:15:00+00:00,india_midday
2026-06-08,2026-06-08 14:00:00,7567.826915281541,7575.394742196821,7560.25908836626,7567.826915281541,589,83.0,CRUDEOILM-SYNTH,INR,MCX,MCX Crude Oil Mini Futures,MCX,synthetic,15m,15,synthetic_intraday,SYNTHETIC_INTRADAY,2026-06-08 08:30:00+00:00,india_midday
2026-06-08,2026-06-08 14:15:00,7574.831972697366,7582.406804670062,7567.257140724669,7574.831972697366,829,83.0,CRUDEOILM-SYNTH,INR,MCX,MCX Crude Oil Mini Futures,MCX,synthetic,15m,15,synthetic_intraday,SYNTHETIC_INTRADAY,2026-06-08 08:45:00+00:00,india_midday
2026-06-08,2026-06-08 14:30:00,7572.266669497526,7579.838936167022,7564.694402828029,7572.266669497526,849,83.0,CRUDEOILM-SYNTH,INR,MCX,MCX Crude Oil Mini Futures,MCX,synthetic,15m,15,synthetic_intraday,SYNTHETIC_INTRADAY,2026-06-08 09:00:00+00:00,india_midday
2026-06-08,2026-06-08 14:45:00,7574.610077737026,7582.184687814762,7567.035467659289,7574.610077737026,974,83.0,CRUDEOILM-SYNTH,INR,MCX,MCX Crude Oil Mini Futures,MCX,synthetic,15m,15,synthetic_intraday,SYNTHETIC_INTRADAY,2026-06-08 09:15:00+00:00,india_midday
2026-06-09,2026-06-09 09:00:00,7435.7207443185,7443.156465062818,7428.285023574182,7435.7207443185,658,83.0,CRUDEOILM-SYNTH,INR,MCX,MCX Crude Oil Mini Futures,MCX,synthetic,15m,15,synthetic_intraday,SYNTHETIC_INTRADAY,2026-06-09 03:30:00+00:00,mcx_open_drive
2026-06-09,2026-06-09 09:15:00,7435.7207443185,7443.156465062818,7428.285023574182,7435.7207443185,558,83.0,CRUDEOILM-SYNTH,INR,MCX,MCX Crude Oil Mini Futures,MCX,synthetic,15m,15,synthetic_intraday,SYNTHETIC_INTRADAY,2026-06-09 03:45:00+00:00,mcx_open_drive
2026-06-09,2026-06-09 09:30:00,7435.7207443185,7443.156465062818,7428.285023574182,7435.7207443185,963,83.0,CRUDEOILM-SYNTH,INR,MCX,MCX Crude Oil Mini Futures,MCX,synthetic,15m,15,synthetic_intraday,SYNTHETIC_INTRADAY,2026-06-09 04:00:00+00:00,mcx_open_drive
2026-06-09,2026-06-09 09:45:00,7435.7207443185,7443.156465062818,7428.285023574182,7435.7207443185,329,83.0,CRUDEOILM-SYNTH,INR,MCX,MCX Crude Oil Mini Futures,MCX,synthetic,15m,15,synthetic_intraday,SYNTHETIC_INTRADAY,2026-06-09 04:15:00+00:00,mcx_open_drive
2026-06-09,2026-06-09 10:00:00,7435.7207443185,7443.156465062818,7428.285023574182,7435.7207443185,845,83.0,CRUDEOILM-SYNTH,INR,MCX,MCX Crude Oil Mini Futures,MCX,synthetic,15m,15,synthetic_intraday,SYNTHETIC_INTRADAY,2026-06-09 04:30:00+00:00,mcx_open_drive
2026-06-09,2026-06-09 10:15:00,7435.7207443185,7443.156465062818,7428.285023574182,7435.7207443185,667,83.0,CRUDEOILM-SYNTH,INR,MCX,MCX Crude Oil Mini Futures,MCX,synthetic,15m,15,synthetic_intraday,SYNTHETIC_INTRADAY,2026-06-09 04:45:00+00:00,mcx_open_drive
2026-06-09,2026-06-09 10:30:00,7435.7207443185,7443.156465062818,7428.285023574182,7435.7207443185,927,83.0,CRUDEOILM-SYNTH,INR,MCX,MCX Crude Oil Mini Futures,MCX,synthetic,15m,15,synthetic_intraday,SYNTHETIC_INTRADAY,2026-06-09 05:00:00+00:00,india_morning
2026-06-09,2026-06-09 10:45:00,7435.7207443185,7443.156465062818,7428.285023574182,7435.7207443185,654,83.0,CRUDEOILM-SYNTH,INR,MCX,MCX Crude Oil Mini Futures,MCX,synthetic,15m,15,synthetic_intraday,SYNTHETIC_INTRADAY,2026-06-09 05:15:00+00:00,india_morning
2026-06-09,2026-06-09 11:00:00,7435.7207443185,7443.156465062818,7428.285023574182,7435.7207443185,711,83.0,CRUDEOILM-SYNTH,INR,MCX,MCX Crude Oil Mini Futures,MCX,synthetic,15m,15,synthetic_intraday,SYNTHETIC_INTRADAY,2026-06-09 05:30:00+00:00,india_morning
2026-06-09,2026-06-09 11:15:00,7435.7207443185,7443.156465062818,7428.285023574182,7435.7207443185,534,83.0,CRUDEOILM-SYNTH,INR,MCX,MCX Crude Oil Mini Futures,MCX,synthetic,15m,15,synthetic_intraday,SYNTHETIC_INTRADAY,2026-06-09 05:45:00+00:00,india_morning
2026-06-09,2026-06-09 11:30:00,7435.7207443185,7443.156465062818,7428.285023574182,7435.7207443185,765,83.0,CRUDEOILM-SYNTH,INR,MCX,MCX Crude Oil Mini Futures,MCX,synthetic,15m,15,synthetic_intraday,SYNTHETIC_INTRADAY,2026-06-09 06:00:00+00:00,india_morning
2026-06-09,2026-06-09 11:45:00,7435.7207443185,7443.156465062818,7428.285023574182,7435.7207443185,317,83.0,CRUDEOILM-SYNTH,INR,MCX,MCX Crude Oil Mini Futures,MCX,synthetic,15m,15,synthetic_intraday,SYNTHETIC_INTRADAY,2026-06-09 06:15:00+00:00,india_morning
2026-06-09,2026-06-09 12:00:00,7435.7207443185,7443.156465062818,7428.285023574182,7435.7207443185,795,83.0,CRUDEOILM-SYNTH,INR,MCX,MCX Crude Oil Mini Futures,MCX,synthetic,15m,15,synthetic_intraday,SYNTHETIC_INTRADAY,2026-06-09 06:30:00+00:00,india_morning
2026-06-09,2026-06-09 12:15:00,7435.7207443185,7443.156465062818,7428.285023574182,7435.7207443185,603,83.0,CRUDEOILM-SYNTH,INR,MCX,MCX Crude Oil Mini Futures,MCX,synthetic,15m,15,synthetic_intraday,SYNTHETIC_INTRADAY,2026-06-09 06:45:00+00:00,india_morning
2026-06-09,2026-06-09 12:30:00,7435.7207443185,7443.156465062818,7428.285023574182,7435.7207443185,418,83.0,CRUDEOILM-SYNTH,INR,MCX,MCX Crude Oil Mini Futures,MCX,synthetic,15m,15,synthetic_intraday,SYNTHETIC_INTRADAY,2026-06-09 07:00:00+00:00,india_midday
2026-06-09,2026-06-09 12:45:00,7435.7207443185,7443.156465062818,7428.285023574182,7435.7207443185,935,83.0,CRUDEOILM-SYNTH,INR,MCX,MCX Crude Oil Mini Futures,MCX,synthetic,15m,15,synthetic_intraday,SYNTHETIC_INTRADAY,2026-06-09 07:15:00+00:00,india_midday
2026-06-09,2026-06-09 13:00:00,7425.755143372117,7433.1808985154885,7418.329388228745,7425.755143372117,924,83.0,CRUDEOILM-SYNTH,INR,MCX,MCX Crude Oil Mini Futures,MCX,synthetic,15m,15,synthetic_intraday,SYNTHETIC_INTRADAY,2026-06-09 07:30:00+00:00,india_midday
2026-06-09,2026-06-09 13:15:00,7420.1517639728245,7427.571915736797,7412.731612208851,7420.1517639728245,638,83.0,CRUDEOILM-SYNTH,INR,MCX,MCX Crude Oil Mini Futures,MCX,synthetic,15m,15,synthetic_intraday,SYNTHETIC_INTRADAY,2026-06-09 07:45:00+00:00,india_midday
2026-06-09,2026-06-09 13:30:00,7410.438475542091,7417.848914017632,7403.028037066549,7410.438475542091,779,83.0,CRUDEOILM-SYNTH,INR,MCX,MCX Crude Oil Mini Futures,MCX,synthetic,15m,15,synthetic_intraday,SYNTHETIC_INTRADAY,2026-06-09 08:00:00+00:00,india_midday
2026-06-09,2026-06-09 13:45:00,7399.70049036666,7407.100190857026,7392.3007898762935,7399.70049036666,982,83.0,CRUDEOILM-SYNTH,INR,MCX,MCX Crude Oil Mini Futures,MCX,synthetic,15m,15,synthetic_intraday,SYNTHETIC_INTRADAY,2026-06-09 08:15:00+00:00,india_midday
2026-06-09,2026-06-09 14:00:00,7396.443459594518,7403.839903054111,7389.047016134923,7396.443459594518,496,83.0,CRUDEOILM-SYNTH,INR,MCX,MCX Crude Oil Mini Futures,MCX,synthetic,15m,15,synthetic_intraday,SYNTHETIC_INTRADAY,2026-06-09 08:30:00+00:00,india_midday
2026-06-09,2026-06-09 14:15:00,7383.39870122329,7390.782099924512,7376.015302522067,7383.39870122329,829,83.0,CRUDEOILM-SYNTH,INR,MCX,MCX Crude Oil Mini Futures,MCX,synthetic,15m,15,synthetic_intraday,SYNTHETIC_INTRADAY,2026-06-09 08:45:00+00:00,india_midday
2026-06-09,2026-06-09 14:30:00,7371.94815562626,7379.320103781885,7364.576207470634,7371.94815562626,809,83.0,CRUDEOILM-SYNTH,INR,MCX,MCX Crude Oil Mini Futures,MCX,synthetic,15m,15,synthetic_intraday,SYNTHETIC_INTRADAY,2026-06-09 09:00:00+00:00,india_midday
2026-06-09,2026-06-09 14:45:00,7355.918781628062,7363.274700409689,7348.562862846434,7355.918781628062,242,83.0,CRUDEOILM-SYNTH,INR,MCX,MCX Crude Oil Mini Futures,MCX,synthetic,15m,15,synthetic_intraday,SYNTHETIC_INTRADAY,2026-06-09 09:15:00+00:00,india_midday
2026-06-10,2026-06-10 09:00:00,7547.314374279899,7554.861688654179,7539.767059905619,7547.314374279899,496,83.0,CRUDEOILM-SYNTH,INR,MCX,MCX Crude Oil Mini Futures,MCX,synthetic,15m,15,synthetic_intraday,SYNTHETIC_INTRADAY,2026-06-10 03:30:00+00:00,mcx_open_drive
2026-06-10,2026-06-10 09:15:00,7547.314374279899,7554.861688654179,7539.767059905619,7547.314374279899,771,83.0,CRUDEOILM-SYNTH,INR,MCX,MCX Crude Oil Mini Futures,MCX,synthetic,15m,15,synthetic_intraday,SYNTHETIC_INTRADAY,2026-06-10 03:45:00+00:00,mcx_open_drive
2026-06-10,2026-06-10 09:30:00,7547.314374279899,7554.861688654179,7539.767059905619,7547.314374279899,297,83.0,CRUDEOILM-SYNTH,INR,MCX,MCX Crude Oil Mini Futures,MCX,synthetic,15m,15,synthetic_intraday,SYNTHETIC_INTRADAY,2026-06-10 04:00:00+00:00,mcx_open_drive
2026-06-10,2026-06-10 09:45:00,7547.314374279899,7554.861688654179,7539.767059905619,7547.314374279899,945,83.0,CRUDEOILM-SYNTH,INR,MCX,MCX Crude Oil Mini Futures,MCX,synthetic,15m,15,synthetic_intraday,SYNTHETIC_INTRADAY,2026-06-10 04:15:00+00:00,mcx_open_drive
2026-06-10,2026-06-10 10:00:00,7547.314374279899,7554.861688654179,7539.767059905619,7547.314374279899,590,83.0,CRUDEOILM-SYNTH,INR,MCX,MCX Crude Oil Mini Futures,MCX,synthetic,15m,15,synthetic_intraday,SYNTHETIC_INTRADAY,2026-06-10 04:30:00+00:00,mcx_open_drive
2026-06-10,2026-06-10 10:15:00,7547.314374279899,7554.861688654179,7539.767059905619,7547.314374279899,213,83.0,CRUDEOILM-SYNTH,INR,MCX,MCX Crude Oil Mini Futures,MCX,synthetic,15m,15,synthetic_intraday,SYNTHETIC_INTRADAY,2026-06-10 04:45:00+00:00,mcx_open_drive
2026-06-10,2026-06-10 10:30:00,7547.314374279899,7554.861688654179,7539.767059905619,7547.314374279899,928,83.0,CRUDEOILM-SYNTH,INR,MCX,MCX Crude Oil Mini Futures,MCX,synthetic,15m,15,synthetic_intraday,SYNTHETIC_INTRADAY,2026-06-10 05:00:00+00:00,india_morning
2026-06-10,2026-06-10 10:45:00,7547.314374279899,7554.861688654179,7539.767059905619,7547.314374279899,254,83.0,CRUDEOILM-SYNTH,INR,MCX,MCX Crude Oil Mini Futures,MCX,synthetic,15m,15,synthetic_intraday,SYNTHETIC_INTRADAY,2026-06-10 05:15:00+00:00,india_morning
2026-06-10,2026-06-10 11:00:00,7547.314374279899,7554.861688654179,7539.767059905619,7547.314374279899,392,83.0,CRUDEOILM-SYNTH,INR,MCX,MCX Crude Oil Mini Futures,MCX,synthetic,15m,15,synthetic_intraday,SYNTHETIC_INTRADAY,2026-06-10 05:30:00+00:00,india_morning
2026-06-10,2026-06-10 11:15:00,7547.314374279899,7554.861688654179,7539.767059905619,7547.314374279899,185,83.0,CRUDEOILM-SYNTH,INR,MCX,MCX Crude Oil Mini Futures,MCX,synthetic,15m,15,synthetic_intraday,SYNTHETIC_INTRADAY,2026-06-10 05:45:00+00:00,india_morning
2026-06-10,2026-06-10 11:30:00,7547.314374279899,7554.861688654179,7539.767059905619,7547.314374279899,123,83.0,CRUDEOILM-SYNTH,INR,MCX,MCX Crude Oil Mini Futures,MCX,synthetic,15m,15,synthetic_intraday,SYNTHETIC_INTRADAY,2026-06-10 06:00:00+00:00,india_morning
2026-06-10,2026-06-10 11:45:00,7547.314374279899,7554.861688654179,7539.767059905619,7547.314374279899,599,83.0,CRUDEOILM-SYNTH,INR,MCX,MCX Crude Oil Mini Futures,MCX,synthetic,15m,15,synthetic_intraday,SYNTHETIC_INTRADAY,2026-06-10 06:15:00+00:00,india_morning
2026-06-10,2026-06-10 12:00:00,7547.314374279899,7554.861688654179,7539.767059905619,7547.314374279899,943,83.0,CRUDEOILM-SYNTH,INR,MCX,MCX Crude Oil Mini Futures,MCX,synthetic,15m,15,synthetic_intraday,SYNTHETIC_INTRADAY,2026-06-10 06:30:00+00:00,india_morning
2026-06-10,2026-06-10 12:15:00,7547.314374279899,7554.861688654179,7539.767059905619,7547.314374279899,715,83.0,CRUDEOILM-SYNTH,INR,MCX,MCX Crude Oil Mini Futures,MCX,synthetic,15m,15,synthetic_intraday,SYNTHETIC_INTRADAY,2026-06-10 06:45:00+00:00,india_morning
2026-06-10,2026-06-10 12:30:00,7547.314374279899,7554.861688654179,7539.767059905619,7547.314374279899,817,83.0,CRUDEOILM-SYNTH,INR,MCX,MCX Crude Oil Mini Futures,MCX,synthetic,15m,15,synthetic_intraday,SYNTHETIC_INTRADAY,2026-06-10 07:00:00+00:00,india_midday
2026-06-10,2026-06-10 12:45:00,7547.314374279899,7554.861688654179,7539.767059905619,7547.314374279899,547,83.0,CRUDEOILM-SYNTH,INR,MCX,MCX Crude Oil Mini Futures,MCX,synthetic,15m,15,synthetic_intraday,SYNTHETIC_INTRADAY,2026-06-10 07:15:00+00:00,india_midday
2026-06-10,2026-06-10 13:00:00,7548.480175807064,7556.028655982871,7540.931695631258,7548.480175807064,640,83.0,CRUDEOILM-SYNTH,INR,MCX,MCX Crude Oil Mini Futures,MCX,synthetic,15m,15,synthetic_intraday,SYNTHETIC_INTRADAY,2026-06-10 07:30:00+00:00,india_midday
2026-06-10,2026-06-10 13:15:00,7550.076942506518,7557.6270194490235,7542.526865564012,7550.076942506518,454,83.0,CRUDEOILM-SYNTH,INR,MCX,MCX Crude Oil Mini Futures,MCX,synthetic,15m,15,synthetic_intraday,SYNTHETIC_INTRADAY,2026-06-10 07:45:00+00:00,india_midday
2026-06-10,2026-06-10 13:30:00,7565.782748107253,7573.348530855359,7558.216965359145,7565.782748107253,551,83.0,CRUDEOILM-SYNTH,INR,MCX,MCX Crude Oil Mini Futures,MCX,synthetic,15m,15,synthetic_intraday,SYNTHETIC_INTRADAY,2026-06-10 08:00:00+00:00,india_midday
2026-06-10,2026-06-10 13:45:00,7578.524814848004,7586.103339662851,7570.946290033156,7578.524814848004,536,83.0,CRUDEOILM-SYNTH,INR,MCX,MCX Crude Oil Mini Futures,MCX,synthetic,15m,15,synthetic_intraday,SYNTHETIC_INTRADAY,2026-06-10 08:15:00+00:00,india_midday
2026-06-10,2026-06-10 14:00:00,7588.428344047897,7596.016772391944,7580.839915703848,7588.428344047897,365,83.0,CRUDEOILM-SYNTH,INR,MCX,MCX Crude Oil Mini Futures,MCX,synthetic,15m,15,synthetic_intraday,SYNTHETIC_INTRADAY,2026-06-10 08:30:00+00:00,india_midday
2026-06-10,2026-06-10 14:15:00,7598.952589867828,7606.551542457694,7591.35363727796,7598.952589867828,224,83.0,CRUDEOILM-SYNTH,INR,MCX,MCX Crude Oil Mini Futures,MCX,synthetic,15m,15,synthetic_intraday,SYNTHETIC_INTRADAY,2026-06-10 08:45:00+00:00,india_midday
2026-06-10,2026-06-10 14:30:00,7610.504167082104,7618.114671249185,7602.893662915022,7610.504167082104,553,83.0,CRUDEOILM-SYNTH,INR,MCX,MCX Crude Oil Mini Futures,MCX,synthetic,15m,15,synthetic_intraday,SYNTHETIC_INTRADAY,2026-06-10 09:00:00+00:00,india_midday
2026-06-10,2026-06-10 14:45:00,7623.629906805236,7631.25353671204,7616.006276898431,7623.629906805236,758,83.0,CRUDEOILM-SYNTH,INR,MCX,MCX Crude Oil Mini Futures,MCX,synthetic,15m,15,synthetic_intraday,SYNTHETIC_INTRADAY,2026-06-10 09:15:00+00:00,india_midday
2026-06-11,2026-06-11 09:00:00,7244.5884465910995,7251.83303503769,7237.343858144508,7244.5884465910995,239,83.0,CRUDEOILM-SYNTH,INR,MCX,MCX Crude Oil Mini Futures,MCX,synthetic,15m,15,synthetic_intraday,SYNTHETIC_INTRADAY,2026-06-11 03:30:00+00:00,mcx_open_drive
2026-06-11,2026-06-11 09:15:00,7244.5884465910995,7251.83303503769,7237.343858144508,7244.5884465910995,469,83.0,CRUDEOILM-SYNTH,INR,MCX,MCX Crude Oil Mini Futures,MCX,synthetic,15m,15,synthetic_intraday,SYNTHETIC_INTRADAY,2026-06-11 03:45:00+00:00,mcx_open_drive
2026-06-11,2026-06-11 09:30:00,7244.5884465910995,7251.83303503769,7237.343858144508,7244.5884465910995,151,83.0,CRUDEOILM-SYNTH,INR,MCX,MCX Crude Oil Mini Futures,MCX,synthetic,15m,15,synthetic_intraday,SYNTHETIC_INTRADAY,2026-06-11 04:00:00+00:00,mcx_open_drive
2026-06-11,2026-06-11 09:45:00,7244.5884465910995,7251.83303503769,7237.343858144508,7244.5884465910995,539,83.0,CRUDEOILM-SYNTH,INR,MCX,MCX Crude Oil Mini Futures,MCX,synthetic,15m,15,synthetic_intraday,SYNTHETIC_INTRADAY,2026-06-11 04:15:00+00:00,mcx_open_drive
2026-06-11,2026-06-11 10:00:00,7244.5884465910995,7251.83303503769,7237.343858144508,7244.5884465910995,495,83.0,CRUDEOILM-SYNTH,INR,MCX,MCX Crude Oil Mini Futures,MCX,synthetic,15m,15,synthetic_intraday,SYNTHETIC_INTRADAY,2026-06-11 04:30:00+00:00,mcx_open_drive
2026-06-11,2026-06-11 10:15:00,7244.5884465910995,7251.83303503769,7237.343858144508,7244.5884465910995,104,83.0,CRUDEOILM-SYNTH,INR,MCX,MCX Crude Oil Mini Futures,MCX,synthetic,15m,15,synthetic_intraday,SYNTHETIC_INTRADAY,2026-06-11 04:45:00+00:00,mcx_open_drive
2026-06-11,2026-06-11 10:30:00,7244.5884465910995,7251.83303503769,7237.343858144508,7244.5884465910995,843,83.0,CRUDEOILM-SYNTH,INR,MCX,MCX Crude Oil Mini Futures,MCX,synthetic,15m,15,synthetic_intraday,SYNTHETIC_INTRADAY,2026-06-11 05:00:00+00:00,india_morning
2026-06-11,2026-06-11 10:45:00,7244.5884465910995,7251.83303503769,7237.343858144508,7244.5884465910995,702,83.0,CRUDEOILM-SYNTH,INR,MCX,MCX Crude Oil Mini Futures,MCX,synthetic,15m,15,synthetic_intraday,SYNTHETIC_INTRADAY,2026-06-11 05:15:00+00:00,india_morning
2026-06-11,2026-06-11 11:00:00,7244.5884465910995,7251.83303503769,7237.343858144508,7244.5884465910995,658,83.0,CRUDEOILM-SYNTH,INR,MCX,MCX Crude Oil Mini Futures,MCX,synthetic,15m,15,synthetic_intraday,SYNTHETIC_INTRADAY,2026-06-11 05:30:00+00:00,india_morning
2026-06-11,2026-06-11 11:15:00,7244.5884465910995,7251.83303503769,7237.343858144508,7244.5884465910995,842,83.0,CRUDEOILM-SYNTH,INR,MCX,MCX Crude Oil Mini Futures,MCX,synthetic,15m,15,synthetic_intraday,SYNTHETIC_INTRADAY,2026-06-11 05:45:00+00:00,india_morning
2026-06-11,2026-06-11 11:30:00,7244.5884465910995,7251.83303503769,7237.343858144508,7244.5884465910995,245,83.0,CRUDEOILM-SYNTH,INR,MCX,MCX Crude Oil Mini Futures,MCX,synthetic,15m,15,synthetic_intraday,SYNTHETIC_INTRADAY,2026-06-11 06:00:00+00:00,india_morning
2026-06-11,2026-06-11 11:45:00,7244.5884465910995,7251.83303503769,7237.343858144508,7244.5884465910995,128,83.0,CRUDEOILM-SYNTH,INR,MCX,MCX Crude Oil Mini Futures,MCX,synthetic,15m,15,synthetic_intraday,SYNTHETIC_INTRADAY,2026-06-11 06:15:00+00:00,india_morning
2026-06-11,2026-06-11 12:00:00,7244.5884465910995,7251.83303503769,7237.343858144508,7244.5884465910995,668,83.0,CRUDEOILM-SYNTH,INR,MCX,MCX Crude Oil Mini Futures,MCX,synthetic,15m,15,synthetic_intraday,SYNTHETIC_INTRADAY,2026-06-11 06:30:00+00:00,india_morning
2026-06-11,2026-06-11 12:15:00,7244.5884465910995,7251.83303503769,7237.343858144508,7244.5884465910995,529,83.0,CRUDEOILM-SYNTH,INR,MCX,MCX Crude Oil Mini Futures,MCX,synthetic,15m,15,synthetic_intraday,SYNTHETIC_INTRADAY,2026-06-11 06:45:00+00:00,india_morning
2026-06-11,2026-06-11 12:30:00,7244.5884465910995,7251.83303503769,7237.343858144508,7244.5884465910995,265,83.0,CRUDEOILM-SYNTH,INR,MCX,MCX Crude Oil Mini Futures,MCX,synthetic,15m,15,synthetic_intraday,SYNTHETIC_INTRADAY,2026-06-11 07:00:00+00:00,india_midday
2026-06-11,2026-06-11 12:45:00,7244.5884465910995,7251.83303503769,7237.343858144508,7244.5884465910995,757,83.0,CRUDEOILM-SYNTH,INR,MCX,MCX Crude Oil Mini Futures,MCX,synthetic,15m,15,synthetic_intraday,SYNTHETIC_INTRADAY,2026-06-11 07:15:00+00:00,india_midday
2026-06-11,2026-06-11 13:00:00,7244.5884465910995,7251.83303503769,7237.343858144508,7244.5884465910995,816,83.0,CRUDEOILM-SYNTH,INR,MCX,MCX Crude Oil Mini Futures,MCX,synthetic,15m,15,synthetic_intraday,SYNTHETIC_INTRADAY,2026-06-11 07:30:00+00:00,india_midday
2026-06-11,2026-06-11 13:15:00,7244.5884465910995,7251.83303503769,7237.343858144508,7244.5884465910995,647,83.0,CRUDEOILM-SYNTH,INR,MCX,MCX Crude Oil Mini Futures,MCX,synthetic,15m,15,synthetic_intraday,SYNTHETIC_INTRADAY,2026-06-11 07:45:00+00:00,india_midday
2026-06-11,2026-06-11 13:30:00,7244.5884465910995,7251.83303503769,7237.343858144508,7244.5884465910995,189,83.0,CRUDEOILM-SYNTH,INR,MCX,MCX Crude Oil Mini Futures,MCX,synthetic,15m,15,synthetic_intraday,SYNTHETIC_INTRADAY,2026-06-11 08:00:00+00:00,india_midday
2026-06-11,2026-06-11 13:45:00,7244.5884465910995,7251.83303503769,7237.343858144508,7244.5884465910995,290,83.0,CRUDEOILM-SYNTH,INR,MCX,MCX Crude Oil Mini Futures,MCX,synthetic,15m,15,synthetic_intraday,SYNTHETIC_INTRADAY,2026-06-11 08:15:00+00:00,india_midday
2026-06-11,2026-06-11 14:00:00,7232.071439534206,7239.303510973739,7224.839368094671,7232.071439534206,850,83.0,CRUDEOILM-SYNTH,INR,MCX,MCX Crude Oil Mini Futures,MCX,synthetic,15m,15,synthetic_intraday,SYNTHETIC_INTRADAY,2026-06-11 08:30:00+00:00,india_midday
2026-06-11,2026-06-11 14:15:00,7209.107280839461,7216.3163881203,7201.898173558621,7209.107280839461,214,83.0,CRUDEOILM-SYNTH,INR,MCX,MCX Crude Oil Mini Futures,MCX,synthetic,15m,15,synthetic_intraday,SYNTHETIC_INTRADAY,2026-06-11 08:45:00+00:00,india_midday
2026-06-11,2026-06-11 14:30:00,7192.713631143322,7199.906344774465,7185.520917512179,7192.713631143322,670,83.0,CRUDEOILM-SYNTH,INR,MCX,MCX Crude Oil Mini Futures,MCX,synthetic,15m,15,synthetic_intraday,SYNTHETIC_INTRADAY,2026-06-11 09:00:00+00:00,india_midday
2026-06-11,2026-06-11 14:45:00,7175.3134942694805,7182.488807763749,7168.138180775211,7175.3134942694805,414,83.0,CRUDEOILM-SYNTH,INR,MCX,MCX Crude Oil Mini Futures,MCX,synthetic,15m,15,synthetic_intraday,SYNTHETIC_INTRADAY,2026-06-11 09:15:00+00:00,india_midday
2026-06-12,2026-06-12 09:00:00,7115.4901694675,7122.605659636966,7108.374679298033,7115.4901694675,817,83.0,CRUDEOILM-SYNTH,INR,MCX,MCX Crude Oil Mini Futures,MCX,synthetic,15m,15,synthetic_intraday,SYNTHETIC_INTRADAY,2026-06-12 03:30:00+00:00,mcx_open_drive
2026-06-12,2026-06-12 09:15:00,7115.4901694675,7122.605659636966,7108.374679298033,7115.4901694675,491,83.0,CRUDEOILM-SYNTH,INR,MCX,MCX Crude Oil Mini Futures,MCX,synthetic,15m,15,synthetic_intraday,SYNTHETIC_INTRADAY,2026-06-12 03:45:00+00:00,mcx_open_drive
2026-06-12,2026-06-12 09:30:00,7115.4901694675,7122.605659636966,7108.374679298033,7115.4901694675,129,83.0,CRUDEOILM-SYNTH,INR,MCX,MCX Crude Oil Mini Futures,MCX,synthetic,15m,15,synthetic_intraday,SYNTHETIC_INTRADAY,2026-06-12 04:00:00+00:00,mcx_open_drive
2026-06-12,2026-06-12 09:45:00,7115.4901694675,7122.605659636966,7108.374679298033,7115.4901694675,760,83.0,CRUDEOILM-SYNTH,INR,MCX,MCX Crude Oil Mini Futures,MCX,synthetic,15m,15,synthetic_intraday,SYNTHETIC_INTRADAY,2026-06-12 04:15:00+00:00,mcx_open_drive
2026-06-12,2026-06-12 10:00:00,7115.4901694675,7122.605659636966,7108.374679298033,7115.4901694675,557,83.0,CRUDEOILM-SYNTH,INR,MCX,MCX Crude Oil Mini Futures,MCX,synthetic,15m,15,synthetic_intraday,SYNTHETIC_INTRADAY,2026-06-12 04:30:00+00:00,mcx_open_drive
2026-06-12,2026-06-12 10:15:00,7115.4901694675,7122.605659636966,7108.374679298033,7115.4901694675,193,83.0,CRUDEOILM-SYNTH,INR,MCX,MCX Crude Oil Mini Futures,MCX,synthetic,15m,15,synthetic_intraday,SYNTHETIC_INTRADAY,2026-06-12 04:45:00+00:00,mcx_open_drive
2026-06-12,2026-06-12 10:30:00,7115.4901694675,7122.605659636966,7108.374679298033,7115.4901694675,143,83.0,CRUDEOILM-SYNTH,INR,MCX,MCX Crude Oil Mini Futures,MCX,synthetic,15m,15,synthetic_intraday,SYNTHETIC_INTRADAY,2026-06-12 05:00:00+00:00,india_morning
2026-06-12,2026-06-12 10:45:00,7115.4901694675,7122.605659636966,7108.374679298033,7115.4901694675,562,83.0,CRUDEOILM-SYNTH,INR,MCX,MCX Crude Oil Mini Futures,MCX,synthetic,15m,15,synthetic_intraday,SYNTHETIC_INTRADAY,2026-06-12 05:15:00+00:00,india_morning
2026-06-12,2026-06-12 11:00:00,7115.4901694675,7122.605659636966,7108.374679298033,7115.4901694675,873,83.0,CRUDEOILM-SYNTH,INR,MCX,MCX Crude Oil Mini Futures,MCX,synthetic,15m,15,synthetic_intraday,SYNTHETIC_INTRADAY,2026-06-12 05:30:00+00:00,india_morning
2026-06-12,2026-06-12 11:15:00,7115.4901694675,7122.605659636966,7108.374679298033,7115.4901694675,195,83.0,CRUDEOILM-SYNTH,INR,MCX,MCX Crude Oil Mini Futures,MCX,synthetic,15m,15,synthetic_intraday,SYNTHETIC_INTRADAY,2026-06-12 05:45:00+00:00,india_morning
2026-06-12,2026-06-12 11:30:00,7115.4901694675,7122.605659636966,7108.374679298033,7115.4901694675,548,83.0,CRUDEOILM-SYNTH,INR,MCX,MCX Crude Oil Mini Futures,MCX,synthetic,15m,15,synthetic_intraday,SYNTHETIC_INTRADAY,2026-06-12 06:00:00+00:00,india_morning
2026-06-12,2026-06-12 11:45:00,7111.961342043048,7119.07330338509,7104.8493807010045,7111.961342043048,645,83.0,CRUDEOILM-SYNTH,INR,MCX,MCX Crude Oil Mini Futures,MCX,synthetic,15m,15,synthetic_intraday,SYNTHETIC_INTRADAY,2026-06-12 06:15:00+00:00,india_morning
2026-06-12,2026-06-12 12:00:00,7108.207857219891,7115.31606507711,7101.099649362671,7108.207857219891,715,83.0,CRUDEOILM-SYNTH,INR,MCX,MCX Crude Oil Mini Futures,MCX,synthetic,15m,15,synthetic_intraday,SYNTHETIC_INTRADAY,2026-06-12 06:30:00+00:00,india_morning
2026-06-12,2026-06-12 12:15:00,7098.411998359832,7105.510410358191,7091.3135863614725,7098.411998359832,190,83.0,CRUDEOILM-SYNTH,INR,MCX,MCX Crude Oil Mini Futures,MCX,synthetic,15m,15,synthetic_intraday,SYNTHETIC_INTRADAY,2026-06-12 06:45:00+00:00,india_morning
2026-06-12,2026-06-12 12:30:00,7095.045500620856,7102.140546121476,7087.950455120235,7095.045500620856,583,83.0,CRUDEOILM-SYNTH,INR,MCX,MCX Crude Oil Mini Futures,MCX,synthetic,15m,15,synthetic_intraday,SYNTHETIC_INTRADAY,2026-06-12 07:00:00+00:00,india_midday
2026-06-12,2026-06-12 12:45:00,7090.331000022416,7097.421331022438,7083.240669022394,7090.331000022416,363,83.0,CRUDEOILM-SYNTH,INR,MCX,MCX Crude Oil Mini Futures,MCX,synthetic,15m,15,synthetic_intraday,SYNTHETIC_INTRADAY,2026-06-12 07:15:00+00:00,india_midday
2026-06-12,2026-06-12 13:00:00,7084.632472593746,7091.717105066338,7077.547840121152,7084.632472593746,308,83.0,CRUDEOILM-SYNTH,INR,MCX,MCX Crude Oil Mini Futures,MCX,synthetic,15m,15,synthetic_intraday,SYNTHETIC_INTRADAY,2026-06-12 07:30:00+00:00,india_midday
2026-06-12,2026-06-12 13:15:00,7076.129925483045,7083.2060554085265,7069.053795557562,7076.129925483045,737,83.0,CRUDEOILM-SYNTH,INR,MCX,MCX Crude Oil Mini Futures,MCX,synthetic,15m,15,synthetic_intraday,SYNTHETIC_INTRADAY,2026-06-12 07:45:00+00:00,india_midday
2026-06-12,2026-06-12 13:30:00,7076.296066307225,7083.372362373532,7069.2197702409185,7076.296066307225,364,83.0,CRUDEOILM-SYNTH,INR,MCX,MCX Crude Oil Mini Futures,MCX,synthetic,15m,15,synthetic_intraday,SYNTHETIC_INTRADAY,2026-06-12 08:00:00+00:00,india_midday
2026-06-12,2026-06-12 13:45:00,7067.3584131960615,7074.425771609257,7060.291054782865,7067.3584131960615,230,83.0,CRUDEOILM-SYNTH,INR,MCX,MCX Crude Oil Mini Futures,MCX,synthetic,15m,15,synthetic_intraday,SYNTHETIC_INTRADAY,2026-06-12 08:15:00+00:00,india_midday
2026-06-12,2026-06-12 14:00:00,7064.12025859378,7071.184378852373,7057.056138335186,7064.12025859378,355,83.0,CRUDEOILM-SYNTH,INR,MCX,MCX Crude Oil Mini Futures,MCX,synthetic,15m,15,synthetic_intraday,SYNTHETIC_INTRADAY,2026-06-12 08:30:00+00:00,india_midday
2026-06-12,2026-06-12 14:15:00,7055.762675448116,7062.818438123563,7048.706912772668,7055.762675448116,598,83.0,CRUDEOILM-SYNTH,INR,MCX,MCX Crude Oil Mini Futures,MCX,synthetic,15m,15,synthetic_intraday,SYNTHETIC_INTRADAY,2026-06-12 08:45:00+00:00,india_midday
2026-06-12,2026-06-12 14:30:00,7052.892310868048,7059.945203178916,7045.839418557181,7052.892310868048,205,83.0,CRUDEOILM-SYNTH,INR,MCX,MCX Crude Oil Mini Futures,MCX,synthetic,15m,15,synthetic_intraday,SYNTHETIC_INTRADAY,2026-06-12 09:00:00+00:00,india_midday
2026-06-12,2026-06-12 14:45:00,7041.731253387805,7048.772984641192,7034.689522134417,7041.731253387805,395,83.0,CRUDEOILM-SYNTH,INR,MCX,MCX Crude Oil Mini Futures,MCX,synthetic,15m,15,synthetic_intraday,SYNTHETIC_INTRADAY,2026-06-12 09:15:00+00:00,india_midday
2026-06-15,2026-06-15 09:00:00,6803.643106817801,6810.4467499246175,6796.839463710983,6803.643106817801,199,83.0,CRUDEOILM-SYNTH,INR,MCX,MCX Crude Oil Mini Futures,MCX,synthetic,15m,15,synthetic_intraday,SYNTHETIC_INTRADAY,2026-06-15 03:30:00+00:00,mcx_open_drive
2026-06-15,2026-06-15 09:15:00,6803.643106817801,6810.4467499246175,6796.839463710983,6803.643106817801,156,83.0,CRUDEOILM-SYNTH,INR,MCX,MCX Crude Oil Mini Futures,MCX,synthetic,15m,15,synthetic_intraday,SYNTHETIC_INTRADAY,2026-06-15 03:45:00+00:00,mcx_open_drive
2026-06-15,2026-06-15 09:30:00,6803.643106817801,6810.4467499246175,6796.839463710983,6803.643106817801,165,83.0,CRUDEOILM-SYNTH,INR,MCX,MCX Crude Oil Mini Futures,MCX,synthetic,15m,15,synthetic_intraday,SYNTHETIC_INTRADAY,2026-06-15 04:00:00+00:00,mcx_open_drive
2026-06-15,2026-06-15 09:45:00,6803.643106817801,6810.4467499246175,6796.839463710983,6803.643106817801,672,83.0,CRUDEOILM-SYNTH,INR,MCX,MCX Crude Oil Mini Futures,MCX,synthetic,15m,15,synthetic_intraday,SYNTHETIC_INTRADAY,2026-06-15 04:15:00+00:00,mcx_open_drive
2026-06-15,2026-06-15 10:00:00,6803.643106817801,6810.4467499246175,6796.839463710983,6803.643106817801,475,83.0,CRUDEOILM-SYNTH,INR,MCX,MCX Crude Oil Mini Futures,MCX,synthetic,15m,15,synthetic_intraday,SYNTHETIC_INTRADAY,2026-06-15 04:30:00+00:00,mcx_open_drive
2026-06-15,2026-06-15 10:15:00,6803.643106817801,6810.4467499246175,6796.839463710983,6803.643106817801,795,83.0,CRUDEOILM-SYNTH,INR,MCX,MCX Crude Oil Mini Futures,MCX,synthetic,15m,15,synthetic_intraday,SYNTHETIC_INTRADAY,2026-06-15 04:45:00+00:00,mcx_open_drive
2026-06-15,2026-06-15 10:30:00,6803.643106817801,6810.4467499246175,6796.839463710983,6803.643106817801,523,83.0,CRUDEOILM-SYNTH,INR,MCX,MCX Crude Oil Mini Futures,MCX,synthetic,15m,15,synthetic_intraday,SYNTHETIC_INTRADAY,2026-06-15 05:00:00+00:00,india_morning
2026-06-15,2026-06-15 10:45:00,6803.643106817801,6810.4467499246175,6796.839463710983,6803.643106817801,173,83.0,CRUDEOILM-SYNTH,INR,MCX,MCX Crude Oil Mini Futures,MCX,synthetic,15m,15,synthetic_intraday,SYNTHETIC_INTRADAY,2026-06-15 05:15:00+00:00,india_morning
2026-06-15,2026-06-15 11:00:00,6803.643106817801,6810.4467499246175,6796.839463710983,6803.643106817801,820,83.0,CRUDEOILM-SYNTH,INR,MCX,MCX Crude Oil Mini Futures,MCX,synthetic,15m,15,synthetic_intraday,SYNTHETIC_INTRADAY,2026-06-15 05:30:00+00:00,india_morning
2026-06-15,2026-06-15 11:15:00,6803.643106817801,6810.4467499246175,6796.839463710983,6803.643106817801,514,83.0,CRUDEOILM-SYNTH,INR,MCX,MCX Crude Oil Mini Futures,MCX,synthetic,15m,15,synthetic_intraday,SYNTHETIC_INTRADAY,2026-06-15 05:45:00+00:00,india_morning
2026-06-15,2026-06-15 11:30:00,6803.643106817801,6810.4467499246175,6796.839463710983,6803.643106817801,426,83.0,CRUDEOILM-SYNTH,INR,MCX,MCX Crude Oil Mini Futures,MCX,synthetic,15m,15,synthetic_intraday,SYNTHETIC_INTRADAY,2026-06-15 06:00:00+00:00,india_morning
2026-06-15,2026-06-15 11:45:00,6803.643106817801,6810.4467499246175,6796.839463710983,6803.643106817801,657,83.0,CRUDEOILM-SYNTH,INR,MCX,MCX Crude Oil Mini Futures,MCX,synthetic,15m,15,synthetic_intraday,SYNTHETIC_INTRADAY,2026-06-15 06:15:00+00:00,india_morning
2026-06-15,2026-06-15 12:00:00,6803.643106817801,6810.4467499246175,6796.839463710983,6803.643106817801,183,83.0,CRUDEOILM-SYNTH,INR,MCX,MCX Crude Oil Mini Futures,MCX,synthetic,15m,15,synthetic_intraday,SYNTHETIC_INTRADAY,2026-06-15 06:30:00+00:00,india_morning
2026-06-15,2026-06-15 12:15:00,6803.643106817801,6810.4467499246175,6796.839463710983,6803.643106817801,739,83.0,CRUDEOILM-SYNTH,INR,MCX,MCX Crude Oil Mini Futures,MCX,synthetic,15m,15,synthetic_intraday,SYNTHETIC_INTRADAY,2026-06-15 06:45:00+00:00,india_morning
2026-06-15,2026-06-15 12:30:00,6803.643106817801,6810.4467499246175,6796.839463710983,6803.643106817801,431,83.0,CRUDEOILM-SYNTH,INR,MCX,MCX Crude Oil Mini Futures,MCX,synthetic,15m,15,synthetic_intraday,SYNTHETIC_INTRADAY,2026-06-15 07:00:00+00:00,india_midday
2026-06-15,2026-06-15 12:45:00,6803.643106817801,6810.4467499246175,6796.839463710983,6803.643106817801,398,83.0,CRUDEOILM-SYNTH,INR,MCX,MCX Crude Oil Mini Futures,MCX,synthetic,15m,15,synthetic_intraday,SYNTHETIC_INTRADAY,2026-06-15 07:15:00+00:00,india_midday
2026-06-15,2026-06-15 13:00:00,6803.643106817801,6810.4467499246175,6796.839463710983,6803.643106817801,468,83.0,CRUDEOILM-SYNTH,INR,MCX,MCX Crude Oil Mini Futures,MCX,synthetic,15m,15,synthetic_intraday,SYNTHETIC_INTRADAY,2026-06-15 07:30:00+00:00,india_midday
2026-06-15,2026-06-15 13:15:00,6803.643106817801,6810.4467499246175,6796.839463710983,6803.643106817801,968,83.0,CRUDEOILM-SYNTH,INR,MCX,MCX Crude Oil Mini Futures,MCX,synthetic,15m,15,synthetic_intraday,SYNTHETIC_INTRADAY,2026-06-15 07:45:00+00:00,india_midday
2026-06-15,2026-06-15 13:30:00,6799.7540338679655,6806.553787901833,6792.954279834097,6799.7540338679655,527,83.0,CRUDEOILM-SYNTH,INR,MCX,MCX Crude Oil Mini Futures,MCX,synthetic,15m,15,synthetic_intraday,SYNTHETIC_INTRADAY,2026-06-15 08:00:00+00:00,india_midday
2026-06-15,2026-06-15 13:45:00,6789.247832750705,6796.0370805834555,6782.458584917955,6789.247832750705,797,83.0,CRUDEOILM-SYNTH,INR,MCX,MCX Crude Oil Mini Futures,MCX,synthetic,15m,15,synthetic_intraday,SYNTHETIC_INTRADAY,2026-06-15 08:15:00+00:00,india_midday
2026-06-15,2026-06-15 14:00:00,6778.429559561963,6785.207989121524,6771.651130002401,6778.429559561963,326,83.0,CRUDEOILM-SYNTH,INR,MCX,MCX Crude Oil Mini Futures,MCX,synthetic,15m,15,synthetic_intraday,SYNTHETIC_INTRADAY,2026-06-15 08:30:00+00:00,india_midday
2026-06-15,2026-06-15 14:15:00,6763.730842848352,6770.4945736912,6756.967112005504,6763.730842848352,403,83.0,CRUDEOILM-SYNTH,INR,MCX,MCX Crude Oil Mini Futures,MCX,synthetic,15m,15,synthetic_intraday,SYNTHETIC_INTRADAY,2026-06-15 08:45:00+00:00,india_midday
2026-06-15,2026-06-15 14:30:00,6747.2587165881805,6754.005975304768,6740.511457871592,6747.2587165881805,798,83.0,CRUDEOILM-SYNTH,INR,MCX,MCX Crude Oil Mini Futures,MCX,synthetic,15m,15,synthetic_intraday,SYNTHETIC_INTRADAY,2026-06-15 09:00:00+00:00,india_midday
2026-06-15,2026-06-15 14:45:00,6734.846052902996,6741.580898955898,6728.111206850093,6734.846052902996,754,83.0,CRUDEOILM-SYNTH,INR,MCX,MCX Crude Oil Mini Futures,MCX,synthetic,15m,15,synthetic_intraday,SYNTHETIC_INTRADAY,2026-06-15 09:15:00+00:00,india_midday
2026-06-16,2026-06-16 09:00:00,6356.8290534089,6363.185882462309,6350.472224355492,6356.8290534089,869,83.0,CRUDEOILM-SYNTH,INR,MCX,MCX Crude Oil Mini Futures,MCX,synthetic,15m,15,synthetic_intraday,SYNTHETIC_INTRADAY,2026-06-16 03:30:00+00:00,mcx_open_drive
2026-06-16,2026-06-16 09:15:00,6356.8290534089,6363.185882462309,6350.472224355492,6356.8290534089,804,83.0,CRUDEOILM-SYNTH,INR,MCX,MCX Crude Oil Mini Futures,MCX,synthetic,15m,15,synthetic_intraday,SYNTHETIC_INTRADAY,2026-06-16 03:45:00+00:00,mcx_open_drive
2026-06-16,2026-06-16 09:30:00,6356.8290534089,6363.185882462309,6350.472224355492,6356.8290534089,463,83.0,CRUDEOILM-SYNTH,INR,MCX,MCX Crude Oil Mini Futures,MCX,synthetic,15m,15,synthetic_intraday,SYNTHETIC_INTRADAY,2026-06-16 04:00:00+00:00,mcx_open_drive
2026-06-16,2026-06-16 09:45:00,6356.8290534089,6363.185882462309,6350.472224355492,6356.8290534089,732,83.0,CRUDEOILM-SYNTH,INR,MCX,MCX Crude Oil Mini Futures,MCX,synthetic,15m,15,synthetic_intraday,SYNTHETIC_INTRADAY,2026-06-16 04:15:00+00:00,mcx_open_drive
2026-06-16,2026-06-16 10:00:00,6356.8290534089,6363.185882462309,6350.472224355492,6356.8290534089,572,83.0,CRUDEOILM-SYNTH,INR,MCX,MCX Crude Oil Mini Futures,MCX,synthetic,15m,15,synthetic_intraday,SYNTHETIC_INTRADAY,2026-06-16 04:30:00+00:00,mcx_open_drive
2026-06-16,2026-06-16 10:15:00,6356.8290534089,6363.185882462309,6350.472224355492,6356.8290534089,909,83.0,CRUDEOILM-SYNTH,INR,MCX,MCX Crude Oil Mini Futures,MCX,synthetic,15m,15,synthetic_intraday,SYNTHETIC_INTRADAY,2026-06-16 04:45:00+00:00,mcx_open_drive
2026-06-16,2026-06-16 10:30:00,6356.8290534089,6363.185882462309,6350.472224355492,6356.8290534089,190,83.0,CRUDEOILM-SYNTH,INR,MCX,MCX Crude Oil Mini Futures,MCX,synthetic,15m,15,synthetic_intraday,SYNTHETIC_INTRADAY,2026-06-16 05:00:00+00:00,india_morning
2026-06-16,2026-06-16 10:45:00,6356.8290534089,6363.185882462309,6350.472224355492,6356.8290534089,358,83.0,CRUDEOILM-SYNTH,INR,MCX,MCX Crude Oil Mini Futures,MCX,synthetic,15m,15,synthetic_intraday,SYNTHETIC_INTRADAY,2026-06-16 05:15:00+00:00,india_morning
2026-06-16,2026-06-16 11:00:00,6356.8290534089,6363.185882462309,6350.472224355492,6356.8290534089,432,83.0,CRUDEOILM-SYNTH,INR,MCX,MCX Crude Oil Mini Futures,MCX,synthetic,15m,15,synthetic_intraday,SYNTHETIC_INTRADAY,2026-06-16 05:30:00+00:00,india_morning
2026-06-16,2026-06-16 11:15:00,6356.8290534089,6363.185882462309,6350.472224355492,6356.8290534089,960,83.0,CRUDEOILM-SYNTH,INR,MCX,MCX Crude Oil Mini Futures,MCX,synthetic,15m,15,synthetic_intraday,SYNTHETIC_INTRADAY,2026-06-16 05:45:00+00:00,india_morning
2026-06-16,2026-06-16 11:30:00,6356.8290534089,6363.185882462309,6350.472224355492,6356.8290534089,363,83.0,CRUDEOILM-SYNTH,INR,MCX,MCX Crude Oil Mini Futures,MCX,synthetic,15m,15,synthetic_intraday,SYNTHETIC_INTRADAY,2026-06-16 06:00:00+00:00,india_morning
2026-06-16,2026-06-16 11:45:00,6356.8290534089,6363.185882462309,6350.472224355492,6356.8290534089,762,83.0,CRUDEOILM-SYNTH,INR,MCX,MCX Crude Oil Mini Futures,MCX,synthetic,15m,15,synthetic_intraday,SYNTHETIC_INTRADAY,2026-06-16 06:15:00+00:00,india_morning
2026-06-16,2026-06-16 12:00:00,6356.8290534089,6363.185882462309,6350.472224355492,6356.8290534089,663,83.0,CRUDEOILM-SYNTH,INR,MCX,MCX Crude Oil Mini Futures,MCX,synthetic,15m,15,synthetic_intraday,SYNTHETIC_INTRADAY,2026-06-16 06:30:00+00:00,india_morning
2026-06-16,2026-06-16 12:15:00,6356.8290534089,6363.185882462309,6350.472224355492,6356.8290534089,848,83.0,CRUDEOILM-SYNTH,INR,MCX,MCX Crude Oil Mini Futures,MCX,synthetic,15m,15,synthetic_intraday,SYNTHETIC_INTRADAY,2026-06-16 06:45:00+00:00,india_morning
2026-06-16,2026-06-16 12:30:00,6356.8290534089,6363.185882462309,6350.472224355492,6356.8290534089,190,83.0,CRUDEOILM-SYNTH,INR,MCX,MCX Crude Oil Mini Futures,MCX,synthetic,15m,15,synthetic_intraday,SYNTHETIC_INTRADAY,2026-06-16 07:00:00+00:00,india_midday
2026-06-16,2026-06-16 12:45:00,6356.8290534089,6363.185882462309,6350.472224355492,6356.8290534089,675,83.0,CRUDEOILM-SYNTH,INR,MCX,MCX Crude Oil Mini Futures,MCX,synthetic,15m,15,synthetic_intraday,SYNTHETIC_INTRADAY,2026-06-16 07:15:00+00:00,india_midday
2026-06-16,2026-06-16 13:00:00,6356.8290534089,6363.185882462309,6350.472224355492,6356.8290534089,357,83.0,CRUDEOILM-SYNTH,INR,MCX,MCX Crude Oil Mini Futures,MCX,synthetic,15m,15,synthetic_intraday,SYNTHETIC_INTRADAY,2026-06-16 07:30:00+00:00,india_midday
2026-06-16,2026-06-16 13:15:00,6356.8290534089,6363.185882462309,6350.472224355492,6356.8290534089,342,83.0,CRUDEOILM-SYNTH,INR,MCX,MCX Crude Oil Mini Futures,MCX,synthetic,15m,15,synthetic_intraday,SYNTHETIC_INTRADAY,2026-06-16 07:45:00+00:00,india_midday
2026-06-16,2026-06-16 13:30:00,6356.8290534089,6363.185882462309,6350.472224355492,6356.8290534089,204,83.0,CRUDEOILM-SYNTH,INR,MCX,MCX Crude Oil Mini Futures,MCX,synthetic,15m,15,synthetic_intraday,SYNTHETIC_INTRADAY,2026-06-16 08:00:00+00:00,india_midday
2026-06-16,2026-06-16 13:45:00,6356.8290534089,6363.185882462309,6350.472224355492,6356.8290534089,263,83.0,CRUDEOILM-SYNTH,INR,MCX,MCX Crude Oil Mini Futures,MCX,synthetic,15m,15,synthetic_intraday,SYNTHETIC_INTRADAY,2026-06-16 08:15:00+00:00,india_midday
2026-06-16,2026-06-16 14:00:00,6354.119735796398,6360.473855532194,6347.765616060602,6354.119735796398,948,83.0,CRUDEOILM-SYNTH,INR,MCX,MCX Crude Oil Mini Futures,MCX,synthetic,15m,15,synthetic_intraday,SYNTHETIC_INTRADAY,2026-06-16 08:30:00+00:00,india_midday
2026-06-16,2026-06-16 14:15:00,6332.337238303783,6338.669575542086,6326.004901065479,6332.337238303783,264,83.0,CRUDEOILM-SYNTH,INR,MCX,MCX Crude Oil Mini Futures,MCX,synthetic,15m,15,synthetic_intraday,SYNTHETIC_INTRADAY,2026-06-16 08:45:00+00:00,india_midday
2026-06-16,2026-06-16 14:30:00,6313.659167264036,6319.9728264313,6307.345508096772,6313.659167264036,850,83.0,CRUDEOILM-SYNTH,INR,MCX,MCX Crude Oil Mini Futures,MCX,synthetic,15m,15,synthetic_intraday,SYNTHETIC_INTRADAY,2026-06-16 09:00:00+00:00,india_midday
2026-06-16,2026-06-16 14:45:00,6292.000958298772,6298.29295925707,6285.708957340474,6292.000958298772,999,83.0,CRUDEOILM-SYNTH,INR,MCX,MCX Crude Oil Mini Futures,MCX,synthetic,15m,15,synthetic_intraday,SYNTHETIC_INTRADAY,2026-06-16 09:15:00+00:00,india_midday
2026-06-17,2026-06-17 09:00:00,6288.0884793962,6294.376567875595,6281.800390916804,6288.0884793962,869,83.0,CRUDEOILM-SYNTH,INR,MCX,MCX Crude Oil Mini Futures,MCX,synthetic,15m,15,synthetic_intraday,SYNTHETIC_INTRADAY,2026-06-17 03:30:00+00:00,mcx_open_drive
2026-06-17,2026-06-17 09:15:00,6288.0884793962,6294.376567875595,6281.800390916804,6288.0884793962,122,83.0,CRUDEOILM-SYNTH,INR,MCX,MCX Crude Oil Mini Futures,MCX,synthetic,15m,15,synthetic_intraday,SYNTHETIC_INTRADAY,2026-06-17 03:45:00+00:00,mcx_open_drive
2026-06-17,2026-06-17 09:30:00,6286.168984445945,6292.45515343039,6279.882815461499,6286.168984445945,696,83.0,CRUDEOILM-SYNTH,INR,MCX,MCX Crude Oil Mini Futures,MCX,synthetic,15m,15,synthetic_intraday,SYNTHETIC_INTRADAY,2026-06-17 04:00:00+00:00,mcx_open_drive
2026-06-17,2026-06-17 09:45:00,6283.770154181508,6290.053924335689,6277.4863840273265,6283.770154181508,972,83.0,CRUDEOILM-SYNTH,INR,MCX,MCX Crude Oil Mini Futures,MCX,synthetic,15m,15,synthetic_intraday,SYNTHETIC_INTRADAY,2026-06-17 04:15:00+00:00,mcx_open_drive
2026-06-17,2026-06-17 10:00:00,6285.135051438382,6291.42018648982,6278.849916386944,6285.135051438382,691,83.0,CRUDEOILM-SYNTH,INR,MCX,MCX Crude Oil Mini Futures,MCX,synthetic,15m,15,synthetic_intraday,SYNTHETIC_INTRADAY,2026-06-17 04:30:00+00:00,mcx_open_drive
2026-06-17,2026-06-17 10:15:00,6278.573435916669,6284.852009352585,6272.294862480752,6278.573435916669,547,83.0,CRUDEOILM-SYNTH,INR,MCX,MCX Crude Oil Mini Futures,MCX,synthetic,15m,15,synthetic_intraday,SYNTHETIC_INTRADAY,2026-06-17 04:45:00+00:00,mcx_open_drive
2026-06-17,2026-06-17 10:30:00,6275.222108619404,6281.4973307280225,6268.946886510785,6275.222108619404,986,83.0,CRUDEOILM-SYNTH,INR,MCX,MCX Crude Oil Mini Futures,MCX,synthetic,15m,15,synthetic_intraday,SYNTHETIC_INTRADAY,2026-06-17 05:00:00+00:00,india_morning
2026-06-17,2026-06-17 10:45:00,6273.775771133334,6280.049546904467,6267.501995362201,6273.775771133334,326,83.0,CRUDEOILM-SYNTH,INR,MCX,MCX Crude Oil Mini Futures,MCX,synthetic,15m,15,synthetic_intraday,SYNTHETIC_INTRADAY,2026-06-17 05:15:00+00:00,india_morning
2026-06-17,2026-06-17 11:00:00,6267.817582500623,6274.085400083123,6261.5497649181225,6267.817582500623,938,83.0,CRUDEOILM-SYNTH,INR,MCX,MCX Crude Oil Mini Futures,MCX,synthetic,15m,15,synthetic_intraday,SYNTHETIC_INTRADAY,2026-06-17 05:30:00+00:00,india_morning
2026-06-17,2026-06-17 11:15:00,6269.138175583061,6275.407313758643,6262.869037407478,6269.138175583061,389,83.0,CRUDEOILM-SYNTH,INR,MCX,MCX Crude Oil Mini Futures,MCX,synthetic,15m,15,synthetic_intraday,SYNTHETIC_INTRADAY,2026-06-17 05:45:00+00:00,india_morning
2026-06-17,2026-06-17 11:30:00,6263.963788404222,6270.227752192625,6257.699824615818,6263.963788404222,267,83.0,CRUDEOILM-SYNTH,INR,MCX,MCX Crude Oil Mini Futures,MCX,synthetic,15m,15,synthetic_intraday,SYNTHETIC_INTRADAY,2026-06-17 06:00:00+00:00,india_morning
2026-06-17,2026-06-17 11:45:00,6261.957338170622,6268.219295508792,6255.6953808324515,6261.957338170622,901,83.0,CRUDEOILM-SYNTH,INR,MCX,MCX Crude Oil Mini Futures,MCX,synthetic,15m,15,synthetic_intraday,SYNTHETIC_INTRADAY,2026-06-17 06:15:00+00:00,india_morning
2026-06-17,2026-06-17 12:00:00,6263.261382239837,6269.524643622076,6256.998120857597,6263.261382239837,471,83.0,CRUDEOILM-SYNTH,INR,MCX,MCX Crude Oil Mini Futures,MCX,synthetic,15m,15,synthetic_intraday,SYNTHETIC_INTRADAY,2026-06-17 06:30:00+00:00,india_morning
2026-06-17,2026-06-17 12:15:00,6260.66040699551,6266.921067402505,6254.399746588515,6260.66040699551,155,83.0,CRUDEOILM-SYNTH,INR,MCX,MCX Crude Oil Mini Futures,MCX,synthetic,15m,15,synthetic_intraday,SYNTHETIC_INTRADAY,2026-06-17 06:45:00+00:00,india_morning
2026-06-17,2026-06-17 12:30:00,6253.818047110808,6260.071865157918,6247.564229063697,6253.818047110808,265,83.0,CRUDEOILM-SYNTH,INR,MCX,MCX Crude Oil Mini Futures,MCX,synthetic,15m,15,synthetic_intraday,SYNTHETIC_INTRADAY,2026-06-17 07:00:00+00:00,india_midday
2026-06-17,2026-06-17 12:45:00,6253.4195312432685,6259.672950774511,6247.166111712025,6253.4195312432685,910,83.0,CRUDEOILM-SYNTH,INR,MCX,MCX Crude Oil Mini Futures,MCX,synthetic,15m,15,synthetic_intraday,SYNTHETIC_INTRADAY,2026-06-17 07:15:00+00:00,india_midday
2026-06-17,2026-06-17 13:00:00,6249.320374394098,6255.569694768491,6243.071054019703,6249.320374394098,969,83.0,CRUDEOILM-SYNTH,INR,MCX,MCX Crude Oil Mini Futures,MCX,synthetic,15m,15,synthetic_intraday,SYNTHETIC_INTRADAY,2026-06-17 07:30:00+00:00,india_midday
2026-06-17,2026-06-17 13:15:00,6243.7814476072535,6250.02522905486,6237.5376661596465,6243.7814476072535,991,83.0,CRUDEOILM-SYNTH,INR,MCX,MCX Crude Oil Mini Futures,MCX,synthetic,15m,15,synthetic_intraday,SYNTHETIC_INTRADAY,2026-06-17 07:45:00+00:00,india_midday
2026-06-17,2026-06-17 13:30:00,6241.023984973383,6247.265008958356,6234.78296098841,6241.023984973383,796,83.0,CRUDEOILM-SYNTH,INR,MCX,MCX Crude Oil Mini Futures,MCX,synthetic,15m,15,synthetic_intraday,SYNTHETIC_INTRADAY,2026-06-17 08:00:00+00:00,india_midday
2026-06-17,2026-06-17 13:45:00,6239.29401072478,6245.533304735503,6233.054716714055,6239.29401072478,724,83.0,CRUDEOILM-SYNTH,INR,MCX,MCX Crude Oil Mini Futures,MCX,synthetic,15m,15,synthetic_intraday,SYNTHETIC_INTRADAY,2026-06-17 08:15:00+00:00,india_midday
2026-06-17,2026-06-17 14:00:00,6237.373218988577,6243.610592207565,6231.135845769588,6237.373218988577,431,83.0,CRUDEOILM-SYNTH,INR,MCX,MCX Crude Oil Mini Futures,MCX,synthetic,15m,15,synthetic_intraday,SYNTHETIC_INTRADAY,2026-06-17 08:30:00+00:00,india_midday
2026-06-17,2026-06-17 14:15:00,6232.751859964236,6238.984611824199,6226.519108104272,6232.751859964236,535,83.0,CRUDEOILM-SYNTH,INR,MCX,MCX Crude Oil Mini Futures,MCX,synthetic,15m,15,synthetic_intraday,SYNTHETIC_INTRADAY,2026-06-17 08:45:00+00:00,india_midday
2026-06-17,2026-06-17 14:30:00,6225.627541716497,6231.853169258213,6219.40191417478,6225.627541716497,283,83.0,CRUDEOILM-SYNTH,INR,MCX,MCX Crude Oil Mini Futures,MCX,synthetic,15m,15,synthetic_intraday,SYNTHETIC_INTRADAY,2026-06-17 09:00:00+00:00,india_midday
2026-06-17,2026-06-17 14:45:00,6226.324906569784,6232.551231476353,6220.098581663214,6226.324906569784,838,83.0,CRUDEOILM-SYNTH,INR,MCX,MCX Crude Oil Mini Futures,MCX,synthetic,15m,15,synthetic_intraday,SYNTHETIC_INTRADAY,2026-06-17 09:15:00+00:00,india_midday
2026-06-18,2026-06-18 09:00:00,6229.025741961799,6235.25476770376,6222.796716219837,6229.025741961799,856,83.0,CRUDEOILM-SYNTH,INR,MCX,MCX Crude Oil Mini Futures,MCX,synthetic,15m,15,synthetic_intraday,SYNTHETIC_INTRADAY,2026-06-18 03:30:00+00:00,mcx_open_drive
2026-06-18,2026-06-18 09:15:00,6223.60651339696,6229.830119910356,6217.382906883563,6223.60651339696,242,83.0,CRUDEOILM-SYNTH,INR,MCX,MCX Crude Oil Mini Futures,MCX,synthetic,15m,15,synthetic_intraday,SYNTHETIC_INTRADAY,2026-06-18 03:45:00+00:00,mcx_open_drive
2026-06-18,2026-06-18 09:30:00,6229.168136375651,6235.397304512026,6222.938968239275,6229.168136375651,314,83.0,CRUDEOILM-SYNTH,INR,MCX,MCX Crude Oil Mini Futures,MCX,synthetic,15m,15,synthetic_intraday,SYNTHETIC_INTRADAY,2026-06-18 04:00:00+00:00,mcx_open_drive
2026-06-18,2026-06-18 09:45:00,6234.210968316702,6240.445179285018,6227.976757348385,6234.210968316702,608,83.0,CRUDEOILM-SYNTH,INR,MCX,MCX Crude Oil Mini Futures,MCX,synthetic,15m,15,synthetic_intraday,SYNTHETIC_INTRADAY,2026-06-18 04:15:00+00:00,mcx_open_drive
2026-06-18,2026-06-18 10:00:00,6234.3228802910835,6240.557203171374,6228.088557410792,6234.3228802910835,798,83.0,CRUDEOILM-SYNTH,INR,MCX,MCX Crude Oil Mini Futures,MCX,synthetic,15m,15,synthetic_intraday,SYNTHETIC_INTRADAY,2026-06-18 04:30:00+00:00,mcx_open_drive
2026-06-18,2026-06-18 10:15:00,6235.278228174726,6241.5135064029,6229.042949946551,6235.278228174726,547,83.0,CRUDEOILM-SYNTH,INR,MCX,MCX Crude Oil Mini Futures,MCX,synthetic,15m,15,synthetic_intraday,SYNTHETIC_INTRADAY,2026-06-18 04:45:00+00:00,mcx_open_drive
2026-06-18,2026-06-18 10:30:00,6239.109779503621,6245.348889283124,6232.870669724118,6239.109779503621,936,83.0,CRUDEOILM-SYNTH,INR,MCX,MCX Crude Oil Mini Futures,MCX,synthetic,15m,15,synthetic_intraday,SYNTHETIC_INTRADAY,2026-06-18 05:00:00+00:00,india_morning
2026-06-18,2026-06-18 10:45:00,6236.914465838707,6243.151380304545,6230.677551372868,6236.914465838707,525,83.0,CRUDEOILM-SYNTH,INR,MCX,MCX Crude Oil Mini Futures,MCX,synthetic,15m,15,synthetic_intraday,SYNTHETIC_INTRADAY,2026-06-18 05:15:00+00:00,india_morning
2026-06-18,2026-06-18 11:00:00,6241.0532518678365,6247.2943051197035,6234.812198615969,6241.0532518678365,387,83.0,CRUDEOILM-SYNTH,INR,MCX,MCX Crude Oil Mini Futures,MCX,synthetic,15m,15,synthetic_intraday,SYNTHETIC_INTRADAY,2026-06-18 05:30:00+00:00,india_morning
2026-06-18,2026-06-18 11:15:00,6237.752724223179,6243.9904769474015,6231.514971498956,6237.752724223179,469,83.0,CRUDEOILM-SYNTH,INR,MCX,MCX Crude Oil Mini Futures,MCX,synthetic,15m,15,synthetic_intraday,SYNTHETIC_INTRADAY,2026-06-18 05:45:00+00:00,india_morning
2026-06-18,2026-06-18 11:30:00,6246.182517568656,6252.428700086224,6239.936335051088,6246.182517568656,651,83.0,CRUDEOILM-SYNTH,INR,MCX,MCX Crude Oil Mini Futures,MCX,synthetic,15m,15,synthetic_intraday,SYNTHETIC_INTRADAY,2026-06-18 06:00:00+00:00,india_morning
2026-06-18,2026-06-18 11:45:00,6244.21755456743,6250.461772121997,6237.973337012862,6244.21755456743,927,83.0,CRUDEOILM-SYNTH,INR,MCX,MCX Crude Oil Mini Futures,MCX,synthetic,15m,15,synthetic_intraday,SYNTHETIC_INTRADAY,2026-06-18 06:15:00+00:00,india_morning
2026-06-18,2026-06-18 12:00:00,6252.9909364548785,6259.243927391332,6246.737945518424,6252.9909364548785,788,83.0,CRUDEOILM-SYNTH,INR,MCX,MCX Crude Oil Mini Futures,MCX,synthetic,15m,15,synthetic_intraday,SYNTHETIC_INTRADAY,2026-06-18 06:30:00+00:00,india_morning
2026-06-18,2026-06-18 12:15:00,6246.427938466771,6252.6743664052365,6240.181510528304,6246.427938466771,289,83.0,CRUDEOILM-SYNTH,INR,MCX,MCX Crude Oil Mini Futures,MCX,synthetic,15m,15,synthetic_intraday,SYNTHETIC_INTRADAY,2026-06-18 06:45:00+00:00,india_morning
2026-06-18,2026-06-18 12:30:00,6251.373455337482,6257.624828792818,6245.122081882144,6251.373455337482,299,83.0,CRUDEOILM-SYNTH,INR,MCX,MCX Crude Oil Mini Futures,MCX,synthetic,15m,15,synthetic_intraday,SYNTHETIC_INTRADAY,2026-06-18 07:00:00+00:00,india_midday
2026-06-18,2026-06-18 12:45:00,6252.686086536692,6258.938772623228,6246.433400450155,6252.686086536692,467,83.0,CRUDEOILM-SYNTH,INR,MCX,MCX Crude Oil Mini Futures,MCX,synthetic,15m,15,synthetic_intraday,SYNTHETIC_INTRADAY,2026-06-18 07:15:00+00:00,india_midday
2026-06-18,2026-06-18 13:00:00,6257.517107720777,6263.774624828497,6251.259590613056,6257.517107720777,372,83.0,CRUDEOILM-SYNTH,INR,MCX,MCX Crude Oil Mini Futures,MCX,synthetic,15m,15,synthetic_intraday,SYNTHETIC_INTRADAY,2026-06-18 07:30:00+00:00,india_midday
2026-06-18,2026-06-18 13:15:00,6255.930021604774,6262.1859516263785,6249.67409158317,6255.930021604774,332,83.0,CRUDEOILM-SYNTH,INR,MCX,MCX Crude Oil Mini Futures,MCX,synthetic,15m,15,synthetic_intraday,SYNTHETIC_INTRADAY,2026-06-18 07:45:00+00:00,india_midday
2026-06-18,2026-06-18 13:30:00,6255.849451710442,6262.105301162152,6249.593602258731,6255.849451710442,283,83.0,CRUDEOILM-SYNTH,INR,MCX,MCX Crude Oil Mini Futures,MCX,synthetic,15m,15,synthetic_intraday,SYNTHETIC_INTRADAY,2026-06-18 08:00:00+00:00,india_midday
2026-06-18,2026-06-18 13:45:00,6267.181832852553,6273.449014685405,6260.914651019701,6267.181832852553,469,83.0,CRUDEOILM-SYNTH,INR,MCX,MCX Crude Oil Mini Futures,MCX,synthetic,15m,15,synthetic_intraday,SYNTHETIC_INTRADAY,2026-06-18 08:15:00+00:00,india_midday
2026-06-18,2026-06-18 14:00:00,6264.125095115145,6270.38922021026,6257.8609700200295,6264.125095115145,339,83.0,CRUDEOILM-SYNTH,INR,MCX,MCX Crude Oil Mini Futures,MCX,synthetic,15m,15,synthetic_intraday,SYNTHETIC_INTRADAY,2026-06-18 08:30:00+00:00,india_midday
2026-06-18,2026-06-18 14:15:00,6265.62173235169,6271.887354084041,6259.356110619338,6265.62173235169,147,83.0,CRUDEOILM-SYNTH,INR,MCX,MCX Crude Oil Mini Futures,MCX,synthetic,15m,15,synthetic_intraday,SYNTHETIC_INTRADAY,2026-06-18 08:45:00+00:00,india_midday
2026-06-18,2026-06-18 14:30:00,6264.171237246237,6270.435408483482,6257.907066008991,6264.171237246237,784,83.0,CRUDEOILM-SYNTH,INR,MCX,MCX Crude Oil Mini Futures,MCX,synthetic,15m,15,synthetic_intraday,SYNTHETIC_INTRADAY,2026-06-18 09:00:00+00:00,india_midday
2026-06-18,2026-06-18 14:45:00,6264.809988399018,6271.074798387416,6258.545178410619,6264.809988399018,710,83.0,CRUDEOILM-SYNTH,INR,MCX,MCX Crude Oil Mini Futures,MCX,synthetic,15m,15,synthetic_intraday,SYNTHETIC_INTRADAY,2026-06-18 09:15:00+00:00,india_midday
2026-06-19,2026-06-19 09:00:00,6264.9650137384515,6271.229978752189,6258.700048724713,6264.9650137384515,921,83.0,CRUDEOILM-SYNTH,INR,MCX,MCX Crude Oil Mini Futures,MCX,synthetic,15m,15,synthetic_intraday,SYNTHETIC_INTRADAY,2026-06-19 03:30:00+00:00,mcx_open_drive
2026-06-19,2026-06-19 09:15:00,6267.3322250989395,6273.599557324038,6261.06489287384,6267.3322250989395,287,83.0,CRUDEOILM-SYNTH,INR,MCX,MCX Crude Oil Mini Futures,MCX,synthetic,15m,15,synthetic_intraday,SYNTHETIC_INTRADAY,2026-06-19 03:45:00+00:00,mcx_open_drive
2026-06-19,2026-06-19 09:30:00,6265.515276623606,6271.780791900229,6259.249761346982,6265.515276623606,272,83.0,CRUDEOILM-SYNTH,INR,MCX,MCX Crude Oil Mini Futures,MCX,synthetic,15m,15,synthetic_intraday,SYNTHETIC_INTRADAY,2026-06-19 04:00:00+00:00,mcx_open_drive
2026-06-19,2026-06-19 09:45:00,6268.062522448096,6274.330584970544,6261.794459925648,6268.062522448096,318,83.0,CRUDEOILM-SYNTH,INR,MCX,MCX Crude Oil Mini Futures,MCX,synthetic,15m,15,synthetic_intraday,SYNTHETIC_INTRADAY,2026-06-19 04:15:00+00:00,mcx_open_drive
2026-06-19,2026-06-19 10:00:00,6267.138276050261,6273.405414326311,6260.871137774211,6267.138276050261,710,83.0,CRUDEOILM-SYNTH,INR,MCX,MCX Crude Oil Mini Futures,MCX,synthetic,15m,15,synthetic_intraday,SYNTHETIC_INTRADAY,2026-06-19 04:30:00+00:00,mcx_open_drive
2026-06-19,2026-06-19 10:15:00,6263.886710114198,6270.150596824311,6257.622823404084,6263.886710114198,195,83.0,CRUDEOILM-SYNTH,INR,MCX,MCX Crude Oil Mini Futures,MCX,synthetic,15m,15,synthetic_intraday,SYNTHETIC_INTRADAY,2026-06-19 04:45:00+00:00,mcx_open_drive
2026-06-19,2026-06-19 10:30:00,6265.223896438171,6271.489120334609,6258.958672541733,6265.223896438171,276,83.0,CRUDEOILM-SYNTH,INR,MCX,MCX Crude Oil Mini Futures,MCX,synthetic,15m,15,synthetic_intraday,SYNTHETIC_INTRADAY,2026-06-19 05:00:00+00:00,india_morning
2026-06-19,2026-06-19 10:45:00,6263.080886544292,6269.343967430836,6256.817805657748,6263.080886544292,694,83.0,CRUDEOILM-SYNTH,INR,MCX,MCX Crude Oil Mini Futures,MCX,synthetic,15m,15,synthetic_intraday,SYNTHETIC_INTRADAY,2026-06-19 05:15:00+00:00,india_morning
2026-06-19,2026-06-19 11:00:00,6259.291758119302,6265.551049877421,6253.032466361183,6259.291758119302,536,83.0,CRUDEOILM-SYNTH,INR,MCX,MCX Crude Oil Mini Futures,MCX,synthetic,15m,15,synthetic_intraday,SYNTHETIC_INTRADAY,2026-06-19 05:30:00+00:00,india_morning
2026-06-19,2026-06-19 11:15:00,6261.17488266892,6267.436057551588,6254.913707786251,6261.17488266892,744,83.0,CRUDEOILM-SYNTH,INR,MCX,MCX Crude Oil Mini Futures,MCX,synthetic,15m,15,synthetic_intraday,SYNTHETIC_INTRADAY,2026-06-19 05:45:00+00:00,india_morning
2026-06-19,2026-06-19 11:30:00,6259.2269460884245,6265.486173034512,6252.967719142336,6259.2269460884245,903,83.0,CRUDEOILM-SYNTH,INR,MCX,MCX Crude Oil Mini Futures,MCX,synthetic,15m,15,synthetic_intraday,SYNTHETIC_INTRADAY,2026-06-19 06:00:00+00:00,india_morning
2026-06-19,2026-06-19 11:45:00,6259.622822805686,6265.882445628491,6253.36319998288,6259.622822805686,138,83.0,CRUDEOILM-SYNTH,INR,MCX,MCX Crude Oil Mini Futures,MCX,synthetic,15m,15,synthetic_intraday,SYNTHETIC_INTRADAY,2026-06-19 06:15:00+00:00,india_morning
2026-06-19,2026-06-19 12:00:00,6254.635508047227,6260.890143555273,6248.380872539179,6254.635508047227,833,83.0,CRUDEOILM-SYNTH,INR,MCX,MCX Crude Oil Mini Futures,MCX,synthetic,15m,15,synthetic_intraday,SYNTHETIC_INTRADAY,2026-06-19 06:30:00+00:00,india_morning
2026-06-19,2026-06-19 12:15:00,6253.772013751434,6260.025785765185,6247.518241737683,6253.772013751434,944,83.0,CRUDEOILM-SYNTH,INR,MCX,MCX Crude Oil Mini Futures,MCX,synthetic,15m,15,synthetic_intraday,SYNTHETIC_INTRADAY,2026-06-19 06:45:00+00:00,india_morning
2026-06-19,2026-06-19 12:30:00,6259.243440865736,6265.502684306602,6252.98419742487,6259.243440865736,438,83.0,CRUDEOILM-SYNTH,INR,MCX,MCX Crude Oil Mini Futures,MCX,synthetic,15m,15,synthetic_intraday,SYNTHETIC_INTRADAY,2026-06-19 07:00:00+00:00,india_midday
2026-06-19,2026-06-19 12:45:00,6255.200232490046,6261.455432722535,6248.945032257556,6255.200232490046,997,83.0,CRUDEOILM-SYNTH,INR,MCX,MCX Crude Oil Mini Futures,MCX,synthetic,15m,15,synthetic_intraday,SYNTHETIC_INTRADAY,2026-06-19 07:15:00+00:00,india_midday
2026-06-19,2026-06-19 13:00:00,6249.911939900259,6256.161851840159,6243.662027960359,6249.911939900259,608,83.0,CRUDEOILM-SYNTH,INR,MCX,MCX Crude Oil Mini Futures,MCX,synthetic,15m,15,synthetic_intraday,SYNTHETIC_INTRADAY,2026-06-19 07:30:00+00:00,india_midday
2026-06-19,2026-06-19 13:15:00,6251.596855087007,6257.848451942093,6245.34525823192,6251.596855087007,594,83.0,CRUDEOILM-SYNTH,INR,MCX,MCX Crude Oil Mini Futures,MCX,synthetic,15m,15,synthetic_intraday,SYNTHETIC_INTRADAY,2026-06-19 07:45:00+00:00,india_midday
2026-06-19,2026-06-19 13:30:00,6249.4081099592395,6255.657518069198,6243.15870184928,6249.4081099592395,823,83.0,CRUDEOILM-SYNTH,INR,MCX,MCX Crude Oil Mini Futures,MCX,synthetic,15m,15,synthetic_intraday,SYNTHETIC_INTRADAY,2026-06-19 08:00:00+00:00,india_midday
2026-06-19,2026-06-19 13:45:00,6252.375299511462,6258.627674810973,6246.122924211951,6252.375299511462,747,83.0,CRUDEOILM-SYNTH,INR,MCX,MCX Crude Oil Mini Futures,MCX,synthetic,15m,15,synthetic_intraday,SYNTHETIC_INTRADAY,2026-06-19 08:15:00+00:00,india_midday
2026-06-19,2026-06-19 14:00:00,6247.041474007847,6253.288515481854,6240.7944325338385,6247.041474007847,196,83.0,CRUDEOILM-SYNTH,INR,MCX,MCX Crude Oil Mini Futures,MCX,synthetic,15m,15,synthetic_intraday,SYNTHETIC_INTRADAY,2026-06-19 08:30:00+00:00,india_midday
2026-06-19,2026-06-19 14:15:00,6246.319010866398,6252.565329877263,6240.072691855531,6246.319010866398,510,83.0,CRUDEOILM-SYNTH,INR,MCX,MCX Crude Oil Mini Futures,MCX,synthetic,15m,15,synthetic_intraday,SYNTHETIC_INTRADAY,2026-06-19 08:45:00+00:00,india_midday
2026-06-19,2026-06-19 14:30:00,6244.6818761505465,6250.9265580266965,6238.437194274396,6244.6818761505465,638,83.0,CRUDEOILM-SYNTH,INR,MCX,MCX Crude Oil Mini Futures,MCX,synthetic,15m,15,synthetic_intraday,SYNTHETIC_INTRADAY,2026-06-19 09:00:00+00:00,india_midday
2026-06-19,2026-06-19 14:45:00,6246.941415365396,6253.188356780761,6240.69447395003,6246.941415365396,506,83.0,CRUDEOILM-SYNTH,INR,MCX,MCX Crude Oil Mini Futures,MCX,synthetic,15m,15,synthetic_intraday,SYNTHETIC_INTRADAY,2026-06-19 09:15:00+00:00,india_midday
2026-06-22,2026-06-22 09:00:00,6289.2918755964,6295.581167471996,6283.002583720804,6289.2918755964,233,83.0,CRUDEOILM-SYNTH,INR,MCX,MCX Crude Oil Mini Futures,MCX,synthetic,15m,15,synthetic_intraday,SYNTHETIC_INTRADAY,2026-06-22 03:30:00+00:00,mcx_open_drive
2026-06-22,2026-06-22 09:15:00,6289.2918755964,6295.581167471996,6283.002583720804,6289.2918755964,952,83.0,CRUDEOILM-SYNTH,INR,MCX,MCX Crude Oil Mini Futures,MCX,synthetic,15m,15,synthetic_intraday,SYNTHETIC_INTRADAY,2026-06-22 03:45:00+00:00,mcx_open_drive
2026-06-22,2026-06-22 09:30:00,6289.2918755964,6295.581167471996,6283.002583720804,6289.2918755964,121,83.0,CRUDEOILM-SYNTH,INR,MCX,MCX Crude Oil Mini Futures,MCX,synthetic,15m,15,synthetic_intraday,SYNTHETIC_INTRADAY,2026-06-22 04:00:00+00:00,mcx_open_drive
2026-06-22,2026-06-22 09:45:00,6289.2918755964,6295.581167471996,6283.002583720804,6289.2918755964,371,83.0,CRUDEOILM-SYNTH,INR,MCX,MCX Crude Oil Mini Futures,MCX,synthetic,15m,15,synthetic_intraday,SYNTHETIC_INTRADAY,2026-06-22 04:15:00+00:00,mcx_open_drive
2026-06-22,2026-06-22 10:00:00,6289.2918755964,6295.581167471996,6283.002583720804,6289.2918755964,146,83.0,CRUDEOILM-SYNTH,INR,MCX,MCX Crude Oil Mini Futures,MCX,synthetic,15m,15,synthetic_intraday,SYNTHETIC_INTRADAY,2026-06-22 04:30:00+00:00,mcx_open_drive
2026-06-22,2026-06-22 10:15:00,6289.2918755964,6295.581167471996,6283.002583720804,6289.2918755964,368,83.0,CRUDEOILM-SYNTH,INR,MCX,MCX Crude Oil Mini Futures,MCX,synthetic,15m,15,synthetic_intraday,SYNTHETIC_INTRADAY,2026-06-22 04:45:00+00:00,mcx_open_drive
2026-06-22,2026-06-22 10:30:00,6289.2918755964,6295.581167471996,6283.002583720804,6289.2918755964,496,83.0,CRUDEOILM-SYNTH,INR,MCX,MCX Crude Oil Mini Futures,MCX,synthetic,15m,15,synthetic_intraday,SYNTHETIC_INTRADAY,2026-06-22 05:00:00+00:00,india_morning
2026-06-22,2026-06-22 10:45:00,6289.2918755964,6295.581167471996,6283.002583720804,6289.2918755964,985,83.0,CRUDEOILM-SYNTH,INR,MCX,MCX Crude Oil Mini Futures,MCX,synthetic,15m,15,synthetic_intraday,SYNTHETIC_INTRADAY,2026-06-22 05:15:00+00:00,india_morning
2026-06-22,2026-06-22 11:00:00,6289.2918755964,6295.581167471996,6283.002583720804,6289.2918755964,875,83.0,CRUDEOILM-SYNTH,INR,MCX,MCX Crude Oil Mini Futures,MCX,synthetic,15m,15,synthetic_intraday,SYNTHETIC_INTRADAY,2026-06-22 05:30:00+00:00,india_morning
2026-06-22,2026-06-22 11:15:00,6289.2918755964,6295.581167471996,6283.002583720804,6289.2918755964,311,83.0,CRUDEOILM-SYNTH,INR,MCX,MCX Crude Oil Mini Futures,MCX,synthetic,15m,15,synthetic_intraday,SYNTHETIC_INTRADAY,2026-06-22 05:45:00+00:00,india_morning
2026-06-22,2026-06-22 11:30:00,6292.729939062012,6299.022669001073,6286.43720912295,6292.729939062012,342,83.0,CRUDEOILM-SYNTH,INR,MCX,MCX Crude Oil Mini Futures,MCX,synthetic,15m,15,synthetic_intraday,SYNTHETIC_INTRADAY,2026-06-22 06:00:00+00:00,india_morning
2026-06-22,2026-06-22 11:45:00,6297.18154702903,6303.4787285760585,6290.884365482001,6297.18154702903,333,83.0,CRUDEOILM-SYNTH,INR,MCX,MCX Crude Oil Mini Futures,MCX,synthetic,15m,15,synthetic_intraday,SYNTHETIC_INTRADAY,2026-06-22 06:15:00+00:00,india_morning
2026-06-22,2026-06-22 12:00:00,6312.717495109578,6319.030212604686,6306.404777614468,6312.717495109578,312,83.0,CRUDEOILM-SYNTH,INR,MCX,MCX Crude Oil Mini Futures,MCX,synthetic,15m,15,synthetic_intraday,SYNTHETIC_INTRADAY,2026-06-22 06:30:00+00:00,india_morning
2026-06-22,2026-06-22 12:15:00,6306.356302580639,6312.662658883219,6300.049946278058,6306.356302580639,770,83.0,CRUDEOILM-SYNTH,INR,MCX,MCX Crude Oil Mini Futures,MCX,synthetic,15m,15,synthetic_intraday,SYNTHETIC_INTRADAY,2026-06-22 06:45:00+00:00,india_morning
2026-06-22,2026-06-22 12:30:00,6312.786646048579,6319.0994326946275,6306.473859402531,6312.786646048579,980,83.0,CRUDEOILM-SYNTH,INR,MCX,MCX Crude Oil Mini Futures,MCX,synthetic,15m,15,synthetic_intraday,SYNTHETIC_INTRADAY,2026-06-22 07:00:00+00:00,india_midday
2026-06-22,2026-06-22 12:45:00,6309.045608662003,6315.3546542706645,6302.736563053341,6309.045608662003,337,83.0,CRUDEOILM-SYNTH,INR,MCX,MCX Crude Oil Mini Futures,MCX,synthetic,15m,15,synthetic_intraday,SYNTHETIC_INTRADAY,2026-06-22 07:15:00+00:00,india_midday
2026-06-22,2026-06-22 13:00:00,6320.197189399486,6326.517386588885,6313.876992210086,6320.197189399486,582,83.0,CRUDEOILM-SYNTH,INR,MCX,MCX Crude Oil Mini Futures,MCX,synthetic,15m,15,synthetic_intraday,SYNTHETIC_INTRADAY,2026-06-22 07:30:00+00:00,india_midday
2026-06-22,2026-06-22 13:15:00,6323.413619901924,6329.737033521826,6317.090206282022,6323.413619901924,742,83.0,CRUDEOILM-SYNTH,INR,MCX,MCX Crude Oil Mini Futures,MCX,synthetic,15m,15,synthetic_intraday,SYNTHETIC_INTRADAY,2026-06-22 07:45:00+00:00,india_midday
2026-06-22,2026-06-22 13:30:00,6331.561077213635,6337.8926382908485,6325.229516136422,6331.561077213635,745,83.0,CRUDEOILM-SYNTH,INR,MCX,MCX Crude Oil Mini Futures,MCX,synthetic,15m,15,synthetic_intraday,SYNTHETIC_INTRADAY,2026-06-22 08:00:00+00:00,india_midday
2026-06-22,2026-06-22 13:45:00,6330.723405784445,6337.054129190229,6324.3926823786605,6330.723405784445,354,83.0,CRUDEOILM-SYNTH,INR,MCX,MCX Crude Oil Mini Futures,MCX,synthetic,15m,15,synthetic_intraday,SYNTHETIC_INTRADAY,2026-06-22 08:15:00+00:00,india_midday
2026-06-22,2026-06-22 14:00:00,6340.048623995678,6346.388672619673,6333.708575371683,6340.048623995678,124,83.0,CRUDEOILM-SYNTH,INR,MCX,MCX Crude Oil Mini Futures,MCX,synthetic,15m,15,synthetic_intraday,SYNTHETIC_INTRADAY,2026-06-22 08:30:00+00:00,india_midday
2026-06-22,2026-06-22 14:15:00,6343.457264267192,6349.800721531458,6337.113807002925,6343.457264267192,257,83.0,CRUDEOILM-SYNTH,INR,MCX,MCX Crude Oil Mini Futures,MCX,synthetic,15m,15,synthetic_intraday,SYNTHETIC_INTRADAY,2026-06-22 08:45:00+00:00,india_midday
2026-06-22,2026-06-22 14:30:00,6347.982866073603,6354.330848939676,6341.634883207529,6347.982866073603,185,83.0,CRUDEOILM-SYNTH,INR,MCX,MCX Crude Oil Mini Futures,MCX,synthetic,15m,15,synthetic_intraday,SYNTHETIC_INTRADAY,2026-06-22 09:00:00+00:00,india_midday
2026-06-22,2026-06-22 14:45:00,6352.230081403038,6358.58231148444,6345.877851321635,6352.230081403038,276,83.0,CRUDEOILM-SYNTH,INR,MCX,MCX Crude Oil Mini Futures,MCX,synthetic,15m,15,synthetic_intraday,SYNTHETIC_INTRADAY,2026-06-22 09:15:00+00:00,india_midday
2026-06-23,2026-06-23 09:00:00,6123.7817556815,6129.905537437181,6117.657973925819,6123.7817556815,106,83.0,CRUDEOILM-SYNTH,INR,MCX,MCX Crude Oil Mini Futures,MCX,synthetic,15m,15,synthetic_intraday,SYNTHETIC_INTRADAY,2026-06-23 03:30:00+00:00,mcx_open_drive
2026-06-23,2026-06-23 09:15:00,6123.7817556815,6129.905537437181,6117.657973925819,6123.7817556815,927,83.0,CRUDEOILM-SYNTH,INR,MCX,MCX Crude Oil Mini Futures,MCX,synthetic,15m,15,synthetic_intraday,SYNTHETIC_INTRADAY,2026-06-23 03:45:00+00:00,mcx_open_drive
2026-06-23,2026-06-23 09:30:00,6123.7817556815,6129.905537437181,6117.657973925819,6123.7817556815,580,83.0,CRUDEOILM-SYNTH,INR,MCX,MCX Crude Oil Mini Futures,MCX,synthetic,15m,15,synthetic_intraday,SYNTHETIC_INTRADAY,2026-06-23 04:00:00+00:00,mcx_open_drive
2026-06-23,2026-06-23 09:45:00,6123.7817556815,6129.905537437181,6117.657973925819,6123.7817556815,308,83.0,CRUDEOILM-SYNTH,INR,MCX,MCX Crude Oil Mini Futures,MCX,synthetic,15m,15,synthetic_intraday,SYNTHETIC_INTRADAY,2026-06-23 04:15:00+00:00,mcx_open_drive
2026-06-23,2026-06-23 10:00:00,6123.7817556815,6129.905537437181,6117.657973925819,6123.7817556815,453,83.0,CRUDEOILM-SYNTH,INR,MCX,MCX Crude Oil Mini Futures,MCX,synthetic,15m,15,synthetic_intraday,SYNTHETIC_INTRADAY,2026-06-23 04:30:00+00:00,mcx_open_drive
2026-06-23,2026-06-23 10:15:00,6123.7817556815,6129.905537437181,6117.657973925819,6123.7817556815,949,83.0,CRUDEOILM-SYNTH,INR,MCX,MCX Crude Oil Mini Futures,MCX,synthetic,15m,15,synthetic_intraday,SYNTHETIC_INTRADAY,2026-06-23 04:45:00+00:00,mcx_open_drive
2026-06-23,2026-06-23 10:30:00,6123.7817556815,6129.905537437181,6117.657973925819,6123.7817556815,388,83.0,CRUDEOILM-SYNTH,INR,MCX,MCX Crude Oil Mini Futures,MCX,synthetic,15m,15,synthetic_intraday,SYNTHETIC_INTRADAY,2026-06-23 05:00:00+00:00,india_morning
2026-06-23,2026-06-23 10:45:00,6123.7817556815,6129.905537437181,6117.657973925819,6123.7817556815,642,83.0,CRUDEOILM-SYNTH,INR,MCX,MCX Crude Oil Mini Futures,MCX,synthetic,15m,15,synthetic_intraday,SYNTHETIC_INTRADAY,2026-06-23 05:15:00+00:00,india_morning
2026-06-23,2026-06-23 11:00:00,6123.7817556815,6129.905537437181,6117.657973925819,6123.7817556815,390,83.0,CRUDEOILM-SYNTH,INR,MCX,MCX Crude Oil Mini Futures,MCX,synthetic,15m,15,synthetic_intraday,SYNTHETIC_INTRADAY,2026-06-23 05:30:00+00:00,india_morning
2026-06-23,2026-06-23 11:15:00,6123.7817556815,6129.905537437181,6117.657973925819,6123.7817556815,744,83.0,CRUDEOILM-SYNTH,INR,MCX,MCX Crude Oil Mini Futures,MCX,synthetic,15m,15,synthetic_intraday,SYNTHETIC_INTRADAY,2026-06-23 05:45:00+00:00,india_morning
2026-06-23,2026-06-23 11:30:00,6123.7817556815,6129.905537437181,6117.657973925819,6123.7817556815,219,83.0,CRUDEOILM-SYNTH,INR,MCX,MCX Crude Oil Mini Futures,MCX,synthetic,15m,15,synthetic_intraday,SYNTHETIC_INTRADAY,2026-06-23 06:00:00+00:00,india_morning
2026-06-23,2026-06-23 11:45:00,6123.7817556815,6129.905537437181,6117.657973925819,6123.7817556815,657,83.0,CRUDEOILM-SYNTH,INR,MCX,MCX Crude Oil Mini Futures,MCX,synthetic,15m,15,synthetic_intraday,SYNTHETIC_INTRADAY,2026-06-23 06:15:00+00:00,india_morning
2026-06-23,2026-06-23 12:00:00,6123.7817556815,6129.905537437181,6117.657973925819,6123.7817556815,627,83.0,CRUDEOILM-SYNTH,INR,MCX,MCX Crude Oil Mini Futures,MCX,synthetic,15m,15,synthetic_intraday,SYNTHETIC_INTRADAY,2026-06-23 06:30:00+00:00,india_morning
2026-06-23,2026-06-23 12:15:00,6123.7817556815,6129.905537437181,6117.657973925819,6123.7817556815,579,83.0,CRUDEOILM-SYNTH,INR,MCX,MCX Crude Oil Mini Futures,MCX,synthetic,15m,15,synthetic_intraday,SYNTHETIC_INTRADAY,2026-06-23 06:45:00+00:00,india_morning
2026-06-23,2026-06-23 12:30:00,6123.7817556815,6129.905537437181,6117.657973925819,6123.7817556815,368,83.0,CRUDEOILM-SYNTH,INR,MCX,MCX Crude Oil Mini Futures,MCX,synthetic,15m,15,synthetic_intraday,SYNTHETIC_INTRADAY,2026-06-23 07:00:00+00:00,india_midday
2026-06-23,2026-06-23 12:45:00,6123.7817556815,6129.905537437181,6117.657973925819,6123.7817556815,476,83.0,CRUDEOILM-SYNTH,INR,MCX,MCX Crude Oil Mini Futures,MCX,synthetic,15m,15,synthetic_intraday,SYNTHETIC_INTRADAY,2026-06-23 07:15:00+00:00,india_midday
2026-06-23,2026-06-23 13:00:00,6123.7817556815,6129.905537437181,6117.657973925819,6123.7817556815,543,83.0,CRUDEOILM-SYNTH,INR,MCX,MCX Crude Oil Mini Futures,MCX,synthetic,15m,15,synthetic_intraday,SYNTHETIC_INTRADAY,2026-06-23 07:30:00+00:00,india_midday
2026-06-23,2026-06-23 13:15:00,6123.7817556815,6129.905537437181,6117.657973925819,6123.7817556815,467,83.0,CRUDEOILM-SYNTH,INR,MCX,MCX Crude Oil Mini Futures,MCX,synthetic,15m,15,synthetic_intraday,SYNTHETIC_INTRADAY,2026-06-23 07:45:00+00:00,india_midday
2026-06-23,2026-06-23 13:30:00,6122.317850509178,6128.440168359687,6116.195532658669,6122.317850509178,948,83.0,CRUDEOILM-SYNTH,INR,MCX,MCX Crude Oil Mini Futures,MCX,synthetic,15m,15,synthetic_intraday,SYNTHETIC_INTRADAY,2026-06-23 08:00:00+00:00,india_midday
2026-06-23,2026-06-23 13:45:00,6111.20792922405,6117.319137153273,6105.096721294825,6111.20792922405,131,83.0,CRUDEOILM-SYNTH,INR,MCX,MCX Crude Oil Mini Futures,MCX,synthetic,15m,15,synthetic_intraday,SYNTHETIC_INTRADAY,2026-06-23 08:15:00+00:00,india_midday
2026-06-23,2026-06-23 14:00:00,6100.426983277595,6106.527410260872,6094.326556294318,6100.426983277595,914,83.0,CRUDEOILM-SYNTH,INR,MCX,MCX Crude Oil Mini Futures,MCX,synthetic,15m,15,synthetic_intraday,SYNTHETIC_INTRADAY,2026-06-23 08:30:00+00:00,india_midday
2026-06-23,2026-06-23 14:15:00,6090.827781479602,6096.918609261081,6084.736953698122,6090.827781479602,516,83.0,CRUDEOILM-SYNTH,INR,MCX,MCX Crude Oil Mini Futures,MCX,synthetic,15m,15,synthetic_intraday,SYNTHETIC_INTRADAY,2026-06-23 08:45:00+00:00,india_midday
2026-06-23,2026-06-23 14:30:00,6074.819078552797,6080.893897631349,6068.744259474244,6074.819078552797,495,83.0,CRUDEOILM-SYNTH,INR,MCX,MCX Crude Oil Mini Futures,MCX,synthetic,15m,15,synthetic_intraday,SYNTHETIC_INTRADAY,2026-06-23 09:00:00+00:00,india_midday
2026-06-23,2026-06-23 14:45:00,6064.749831403815,6070.814581235218,6058.685081572411,6064.749831403815,195,83.0,CRUDEOILM-SYNTH,INR,MCX,MCX Crude Oil Mini Futures,MCX,synthetic,15m,15,synthetic_intraday,SYNTHETIC_INTRADAY,2026-06-23 09:15:00+00:00,india_midday
2026-06-24,2026-06-24 09:00:00,5857.2023305325,5863.059532863032,5851.345128201968,5857.2023305325,478,83.0,CRUDEOILM-SYNTH,INR,MCX,MCX Crude Oil Mini Futures,MCX,synthetic,15m,15,synthetic_intraday,SYNTHETIC_INTRADAY,2026-06-24 03:30:00+00:00,mcx_open_drive
2026-06-24,2026-06-24 09:15:00,5857.2023305325,5863.059532863032,5851.345128201968,5857.2023305325,677,83.0,CRUDEOILM-SYNTH,INR,MCX,MCX Crude Oil Mini Futures,MCX,synthetic,15m,15,synthetic_intraday,SYNTHETIC_INTRADAY,2026-06-24 03:45:00+00:00,mcx_open_drive
2026-06-24,2026-06-24 09:30:00,5857.2023305325,5863.059532863032,5851.345128201968,5857.2023305325,103,83.0,CRUDEOILM-SYNTH,INR,MCX,MCX Crude Oil Mini Futures,MCX,synthetic,15m,15,synthetic_intraday,SYNTHETIC_INTRADAY,2026-06-24 04:00:00+00:00,mcx_open_drive
2026-06-24,2026-06-24 09:45:00,5857.2023305325,5863.059532863032,5851.345128201968,5857.2023305325,778,83.0,CRUDEOILM-SYNTH,INR,MCX,MCX Crude Oil Mini Futures,MCX,synthetic,15m,15,synthetic_intraday,SYNTHETIC_INTRADAY,2026-06-24 04:15:00+00:00,mcx_open_drive
2026-06-24,2026-06-24 10:00:00,5857.2023305325,5863.059532863032,5851.345128201968,5857.2023305325,763,83.0,CRUDEOILM-SYNTH,INR,MCX,MCX Crude Oil Mini Futures,MCX,synthetic,15m,15,synthetic_intraday,SYNTHETIC_INTRADAY,2026-06-24 04:30:00+00:00,mcx_open_drive
2026-06-24,2026-06-24 10:15:00,5857.2023305325,5863.059532863032,5851.345128201968,5857.2023305325,821,83.0,CRUDEOILM-SYNTH,INR,MCX,MCX Crude Oil Mini Futures,MCX,synthetic,15m,15,synthetic_intraday,SYNTHETIC_INTRADAY,2026-06-24 04:45:00+00:00,mcx_open_drive
2026-06-24,2026-06-24 10:30:00,5857.2023305325,5863.059532863032,5851.345128201968,5857.2023305325,284,83.0,CRUDEOILM-SYNTH,INR,MCX,MCX Crude Oil Mini Futures,MCX,synthetic,15m,15,synthetic_intraday,SYNTHETIC_INTRADAY,2026-06-24 05:00:00+00:00,india_morning
2026-06-24,2026-06-24 10:45:00,5857.2023305325,5863.059532863032,5851.345128201968,5857.2023305325,627,83.0,CRUDEOILM-SYNTH,INR,MCX,MCX Crude Oil Mini Futures,MCX,synthetic,15m,15,synthetic_intraday,SYNTHETIC_INTRADAY,2026-06-24 05:15:00+00:00,india_morning
2026-06-24,2026-06-24 11:00:00,5857.2023305325,5863.059532863032,5851.345128201968,5857.2023305325,866,83.0,CRUDEOILM-SYNTH,INR,MCX,MCX Crude Oil Mini Futures,MCX,synthetic,15m,15,synthetic_intraday,SYNTHETIC_INTRADAY,2026-06-24 05:30:00+00:00,india_morning
2026-06-24,2026-06-24 11:15:00,5857.2023305325,5863.059532863032,5851.345128201968,5857.2023305325,106,83.0,CRUDEOILM-SYNTH,INR,MCX,MCX Crude Oil Mini Futures,MCX,synthetic,15m,15,synthetic_intraday,SYNTHETIC_INTRADAY,2026-06-24 05:45:00+00:00,india_morning
2026-06-24,2026-06-24 11:30:00,5857.2023305325,5863.059532863032,5851.345128201968,5857.2023305325,754,83.0,CRUDEOILM-SYNTH,INR,MCX,MCX Crude Oil Mini Futures,MCX,synthetic,15m,15,synthetic_intraday,SYNTHETIC_INTRADAY,2026-06-24 06:00:00+00:00,india_morning
2026-06-24,2026-06-24 11:45:00,5857.2023305325,5863.059532863032,5851.345128201968,5857.2023305325,196,83.0,CRUDEOILM-SYNTH,INR,MCX,MCX Crude Oil Mini Futures,MCX,synthetic,15m,15,synthetic_intraday,SYNTHETIC_INTRADAY,2026-06-24 06:15:00+00:00,india_morning
2026-06-24,2026-06-24 12:00:00,5857.2023305325,5863.059532863032,5851.345128201968,5857.2023305325,163,83.0,CRUDEOILM-SYNTH,INR,MCX,MCX Crude Oil Mini Futures,MCX,synthetic,15m,15,synthetic_intraday,SYNTHETIC_INTRADAY,2026-06-24 06:30:00+00:00,india_morning
2026-06-24,2026-06-24 12:15:00,5857.2023305325,5863.059532863032,5851.345128201968,5857.2023305325,200,83.0,CRUDEOILM-SYNTH,INR,MCX,MCX Crude Oil Mini Futures,MCX,synthetic,15m,15,synthetic_intraday,SYNTHETIC_INTRADAY,2026-06-24 06:45:00+00:00,india_morning
2026-06-24,2026-06-24 12:30:00,5857.2023305325,5863.059532863032,5851.345128201968,5857.2023305325,186,83.0,CRUDEOILM-SYNTH,INR,MCX,MCX Crude Oil Mini Futures,MCX,synthetic,15m,15,synthetic_intraday,SYNTHETIC_INTRADAY,2026-06-24 07:00:00+00:00,india_midday
2026-06-24,2026-06-24 12:45:00,5857.2023305325,5863.059532863032,5851.345128201968,5857.2023305325,801,83.0,CRUDEOILM-SYNTH,INR,MCX,MCX Crude Oil Mini Futures,MCX,synthetic,15m,15,synthetic_intraday,SYNTHETIC_INTRADAY,2026-06-24 07:15:00+00:00,india_midday
2026-06-24,2026-06-24 13:00:00,5857.2023305325,5863.059532863032,5851.345128201968,5857.2023305325,651,83.0,CRUDEOILM-SYNTH,INR,MCX,MCX Crude Oil Mini Futures,MCX,synthetic,15m,15,synthetic_intraday,SYNTHETIC_INTRADAY,2026-06-24 07:30:00+00:00,india_midday
2026-06-24,2026-06-24 13:15:00,5857.2023305325,5863.059532863032,5851.345128201968,5857.2023305325,874,83.0,CRUDEOILM-SYNTH,INR,MCX,MCX Crude Oil Mini Futures,MCX,synthetic,15m,15,synthetic_intraday,SYNTHETIC_INTRADAY,2026-06-24 07:45:00+00:00,india_midday
2026-06-24,2026-06-24 13:30:00,5853.710960999307,5859.5646719603055,5847.857250038307,5853.710960999307,537,83.0,CRUDEOILM-SYNTH,INR,MCX,MCX Crude Oil Mini Futures,MCX,synthetic,15m,15,synthetic_intraday,SYNTHETIC_INTRADAY,2026-06-24 08:00:00+00:00,india_midday
2026-06-24,2026-06-24 13:45:00,5844.7743065393815,5850.6190808459205,5838.929532232843,5844.7743065393815,662,83.0,CRUDEOILM-SYNTH,INR,MCX,MCX Crude Oil Mini Futures,MCX,synthetic,15m,15,synthetic_intraday,SYNTHETIC_INTRADAY,2026-06-24 08:15:00+00:00,india_midday
2026-06-24,2026-06-24 14:00:00,5831.425977450502,5837.257403427951,5825.594551473051,5831.425977450502,201,83.0,CRUDEOILM-SYNTH,INR,MCX,MCX Crude Oil Mini Futures,MCX,synthetic,15m,15,synthetic_intraday,SYNTHETIC_INTRADAY,2026-06-24 08:30:00+00:00,india_midday
2026-06-24,2026-06-24 14:15:00,5819.637620017737,5825.457257637754,5813.81798239772,5819.637620017737,207,83.0,CRUDEOILM-SYNTH,INR,MCX,MCX Crude Oil Mini Futures,MCX,synthetic,15m,15,synthetic_intraday,SYNTHETIC_INTRADAY,2026-06-24 08:45:00+00:00,india_midday
2026-06-24,2026-06-24 14:30:00,5807.455784533372,5813.263240317905,5801.648328748839,5807.455784533372,184,83.0,CRUDEOILM-SYNTH,INR,MCX,MCX Crude Oil Mini Futures,MCX,synthetic,15m,15,synthetic_intraday,SYNTHETIC_INTRADAY,2026-06-24 09:00:00+00:00,india_midday
2026-06-24,2026-06-24 14:45:00,5801.922368676286,5807.724291044962,5796.12044630761,5801.922368676286,689,83.0,CRUDEOILM-SYNTH,INR,MCX,MCX Crude Oil Mini Futures,MCX,synthetic,15m,15,synthetic_intraday,SYNTHETIC_INTRADAY,2026-06-24 09:15:00+00:00,india_midday
2026-06-25,2026-06-25 09:00:00,5872.690000247399,5878.562690247646,5866.817310247152,5872.690000247399,169,83.0,CRUDEOILM-SYNTH,INR,MCX,MCX Crude Oil Mini Futures,MCX,synthetic,15m,15,synthetic_intraday,SYNTHETIC_INTRADAY,2026-06-25 03:30:00+00:00,mcx_open_drive
2026-06-25,2026-06-25 09:15:00,5872.690000247399,5878.562690247646,5866.817310247152,5872.690000247399,450,83.0,CRUDEOILM-SYNTH,INR,MCX,MCX Crude Oil Mini Futures,MCX,synthetic,15m,15,synthetic_intraday,SYNTHETIC_INTRADAY,2026-06-25 03:45:00+00:00,mcx_open_drive
2026-06-25,2026-06-25 09:30:00,5872.690000247399,5878.562690247646,5866.817310247152,5872.690000247399,293,83.0,CRUDEOILM-SYNTH,INR,MCX,MCX Crude Oil Mini Futures,MCX,synthetic,15m,15,synthetic_intraday,SYNTHETIC_INTRADAY,2026-06-25 04:00:00+00:00,mcx_open_drive
2026-06-25,2026-06-25 09:45:00,5872.690000247399,5878.562690247646,5866.817310247152,5872.690000247399,408,83.0,CRUDEOILM-SYNTH,INR,MCX,MCX Crude Oil Mini Futures,MCX,synthetic,15m,15,synthetic_intraday,SYNTHETIC_INTRADAY,2026-06-25 04:15:00+00:00,mcx_open_drive
2026-06-25,2026-06-25 10:00:00,5872.690000247399,5878.562690247646,5866.817310247152,5872.690000247399,956,83.0,CRUDEOILM-SYNTH,INR,MCX,MCX Crude Oil Mini Futures,MCX,synthetic,15m,15,synthetic_intraday,SYNTHETIC_INTRADAY,2026-06-25 04:30:00+00:00,mcx_open_drive
2026-06-25,2026-06-25 10:15:00,5872.690000247399,5878.562690247646,5866.817310247152,5872.690000247399,932,83.0,CRUDEOILM-SYNTH,INR,MCX,MCX Crude Oil Mini Futures,MCX,synthetic,15m,15,synthetic_intraday,SYNTHETIC_INTRADAY,2026-06-25 04:45:00+00:00,mcx_open_drive
2026-06-25,2026-06-25 10:30:00,5872.690000247399,5878.562690247646,5866.817310247152,5872.690000247399,315,83.0,CRUDEOILM-SYNTH,INR,MCX,MCX Crude Oil Mini Futures,MCX,synthetic,15m,15,synthetic_intraday,SYNTHETIC_INTRADAY,2026-06-25 05:00:00+00:00,india_morning
2026-06-25,2026-06-25 10:45:00,5872.690000247399,5878.562690247646,5866.817310247152,5872.690000247399,785,83.0,CRUDEOILM-SYNTH,INR,MCX,MCX Crude Oil Mini Futures,MCX,synthetic,15m,15,synthetic_intraday,SYNTHETIC_INTRADAY,2026-06-25 05:15:00+00:00,india_morning
2026-06-25,2026-06-25 11:00:00,5872.690000247399,5878.562690247646,5866.817310247152,5872.690000247399,850,83.0,CRUDEOILM-SYNTH,INR,MCX,MCX Crude Oil Mini Futures,MCX,synthetic,15m,15,synthetic_intraday,SYNTHETIC_INTRADAY,2026-06-25 05:30:00+00:00,india_morning
2026-06-25,2026-06-25 11:15:00,5872.690000247399,5878.562690247646,5866.817310247152,5872.690000247399,777,83.0,CRUDEOILM-SYNTH,INR,MCX,MCX Crude Oil Mini Futures,MCX,synthetic,15m,15,synthetic_intraday,SYNTHETIC_INTRADAY,2026-06-25 05:45:00+00:00,india_morning
2026-06-25,2026-06-25 11:30:00,5872.690000247399,5878.562690247646,5866.817310247152,5872.690000247399,231,83.0,CRUDEOILM-SYNTH,INR,MCX,MCX Crude Oil Mini Futures,MCX,synthetic,15m,15,synthetic_intraday,SYNTHETIC_INTRADAY,2026-06-25 06:00:00+00:00,india_morning
2026-06-25,2026-06-25 11:45:00,5872.690000247399,5878.562690247646,5866.817310247152,5872.690000247399,198,83.0,CRUDEOILM-SYNTH,INR,MCX,MCX Crude Oil Mini Futures,MCX,synthetic,15m,15,synthetic_intraday,SYNTHETIC_INTRADAY,2026-06-25 06:15:00+00:00,india_morning
2026-06-25,2026-06-25 12:00:00,5872.690000247399,5878.562690247646,5866.817310247152,5872.690000247399,385,83.0,CRUDEOILM-SYNTH,INR,MCX,MCX Crude Oil Mini Futures,MCX,synthetic,15m,15,synthetic_intraday,SYNTHETIC_INTRADAY,2026-06-25 06:30:00+00:00,india_morning
2026-06-25,2026-06-25 12:15:00,5874.01799017067,5879.892008160839,5868.143972180499,5874.01799017067,559,83.0,CRUDEOILM-SYNTH,INR,MCX,MCX Crude Oil Mini Futures,MCX,synthetic,15m,15,synthetic_intraday,SYNTHETIC_INTRADAY,2026-06-25 06:45:00+00:00,india_morning
2026-06-25,2026-06-25 12:30:00,5884.329205349177,5890.213534554526,5878.444876143828,5884.329205349177,985,83.0,CRUDEOILM-SYNTH,INR,MCX,MCX Crude Oil Mini Futures,MCX,synthetic,15m,15,synthetic_intraday,SYNTHETIC_INTRADAY,2026-06-25 07:00:00+00:00,india_midday
2026-06-25,2026-06-25 12:45:00,5887.540449418055,5893.427989867472,5881.652908968636,5887.540449418055,951,83.0,CRUDEOILM-SYNTH,INR,MCX,MCX Crude Oil Mini Futures,MCX,synthetic,15m,15,synthetic_intraday,SYNTHETIC_INTRADAY,2026-06-25 07:15:00+00:00,india_midday
2026-06-25,2026-06-25 13:00:00,5890.203302010132,5896.093505312141,5884.313098708121,5890.203302010132,194,83.0,CRUDEOILM-SYNTH,INR,MCX,MCX Crude Oil Mini Futures,MCX,synthetic,15m,15,synthetic_intraday,SYNTHETIC_INTRADAY,2026-06-25 07:30:00+00:00,india_midday
2026-06-25,2026-06-25 13:15:00,5897.970477379333,5903.868447856711,5892.072506901954,5897.970477379333,609,83.0,CRUDEOILM-SYNTH,INR,MCX,MCX Crude Oil Mini Futures,MCX,synthetic,15m,15,synthetic_intraday,SYNTHETIC_INTRADAY,2026-06-25 07:45:00+00:00,india_midday
2026-06-25,2026-06-25 13:30:00,5903.548207549176,5909.451755756725,5897.644659341628,5903.548207549176,272,83.0,CRUDEOILM-SYNTH,INR,MCX,MCX Crude Oil Mini Futures,MCX,synthetic,15m,15,synthetic_intraday,SYNTHETIC_INTRADAY,2026-06-25 08:00:00+00:00,india_midday
2026-06-25,2026-06-25 13:45:00,5910.040672198063,5915.95071287026,5904.130631525864,5910.040672198063,480,83.0,CRUDEOILM-SYNTH,INR,MCX,MCX Crude Oil Mini Futures,MCX,synthetic,15m,15,synthetic_intraday,SYNTHETIC_INTRADAY,2026-06-25 08:15:00+00:00,india_midday
2026-06-25,2026-06-25 14:00:00,5915.8177883013495,5921.7336060896505,5909.901970513049,5915.8177883013495,346,83.0,CRUDEOILM-SYNTH,INR,MCX,MCX Crude Oil Mini Futures,MCX,synthetic,15m,15,synthetic_intraday,SYNTHETIC_INTRADAY,2026-06-25 08:30:00+00:00,india_midday
2026-06-25,2026-06-25 14:15:00,5922.376880130581,5928.299257010712,5916.454503250451,5922.376880130581,288,83.0,CRUDEOILM-SYNTH,INR,MCX,MCX Crude Oil Mini Futures,MCX,synthetic,15m,15,synthetic_intraday,SYNTHETIC_INTRADAY,2026-06-25 08:45:00+00:00,india_midday
2026-06-25,2026-06-25 14:30:00,5922.920490081024,5928.843410571104,5916.9975695909425,5922.920490081024,581,83.0,CRUDEOILM-SYNTH,INR,MCX,MCX Crude Oil Mini Futures,MCX,synthetic,15m,15,synthetic_intraday,SYNTHETIC_INTRADAY,2026-06-25 09:00:00+00:00,india_midday
2026-06-25,2026-06-25 14:45:00,5931.172420380463,5937.103592800843,5925.241247960083,5931.172420380463,531,83.0,CRUDEOILM-SYNTH,INR,MCX,MCX Crude Oil Mini Futures,MCX,synthetic,15m,15,synthetic_intraday,SYNTHETIC_INTRADAY,2026-06-25 09:15:00+00:00,india_midday
2026-06-26,2026-06-26 09:00:00,5803.5511816687995,5809.354732850467,5797.747630487131,5803.5511816687995,278,83.0,CRUDEOILM-SYNTH,INR,MCX,MCX Crude Oil Mini Futures,MCX,synthetic,15m,15,synthetic_intraday,SYNTHETIC_INTRADAY,2026-06-26 03:30:00+00:00,mcx_open_drive
2026-06-26,2026-06-26 09:15:00,5803.5511816687995,5809.354732850467,5797.747630487131,5803.5511816687995,398,83.0,CRUDEOILM-SYNTH,INR,MCX,MCX Crude Oil Mini Futures,MCX,synthetic,15m,15,synthetic_intraday,SYNTHETIC_INTRADAY,2026-06-26 03:45:00+00:00,mcx_open_drive
2026-06-26,2026-06-26 09:30:00,5803.5511816687995,5809.354732850467,5797.747630487131,5803.5511816687995,320,83.0,CRUDEOILM-SYNTH,INR,MCX,MCX Crude Oil Mini Futures,MCX,synthetic,15m,15,synthetic_intraday,SYNTHETIC_INTRADAY,2026-06-26 04:00:00+00:00,mcx_open_drive
2026-06-26,2026-06-26 09:45:00,5803.5511816687995,5809.354732850467,5797.747630487131,5803.5511816687995,321,83.0,CRUDEOILM-SYNTH,INR,MCX,MCX Crude Oil Mini Futures,MCX,synthetic,15m,15,synthetic_intraday,SYNTHETIC_INTRADAY,2026-06-26 04:15:00+00:00,mcx_open_drive
2026-06-26,2026-06-26 10:00:00,5803.5511816687995,5809.354732850467,5797.747630487131,5803.5511816687995,807,83.0,CRUDEOILM-SYNTH,INR,MCX,MCX Crude Oil Mini Futures,MCX,synthetic,15m,15,synthetic_intraday,SYNTHETIC_INTRADAY,2026-06-26 04:30:00+00:00,mcx_open_drive
2026-06-26,2026-06-26 10:15:00,5803.5511816687995,5809.354732850467,5797.747630487131,5803.5511816687995,636,83.0,CRUDEOILM-SYNTH,INR,MCX,MCX Crude Oil Mini Futures,MCX,synthetic,15m,15,synthetic_intraday,SYNTHETIC_INTRADAY,2026-06-26 04:45:00+00:00,mcx_open_drive
2026-06-26,2026-06-26 10:30:00,5803.5511816687995,5809.354732850467,5797.747630487131,5803.5511816687995,511,83.0,CRUDEOILM-SYNTH,INR,MCX,MCX Crude Oil Mini Futures,MCX,synthetic,15m,15,synthetic_intraday,SYNTHETIC_INTRADAY,2026-06-26 05:00:00+00:00,india_morning
2026-06-26,2026-06-26 10:45:00,5803.5511816687995,5809.354732850467,5797.747630487131,5803.5511816687995,866,83.0,CRUDEOILM-SYNTH,INR,MCX,MCX Crude Oil Mini Futures,MCX,synthetic,15m,15,synthetic_intraday,SYNTHETIC_INTRADAY,2026-06-26 05:15:00+00:00,india_morning
2026-06-26,2026-06-26 11:00:00,5803.5511816687995,5809.354732850467,5797.747630487131,5803.5511816687995,819,83.0,CRUDEOILM-SYNTH,INR,MCX,MCX Crude Oil Mini Futures,MCX,synthetic,15m,15,synthetic_intraday,SYNTHETIC_INTRADAY,2026-06-26 05:30:00+00:00,india_morning
2026-06-26,2026-06-26 11:15:00,5803.5511816687995,5809.354732850467,5797.747630487131,5803.5511816687995,486,83.0,CRUDEOILM-SYNTH,INR,MCX,MCX Crude Oil Mini Futures,MCX,synthetic,15m,15,synthetic_intraday,SYNTHETIC_INTRADAY,2026-06-26 05:45:00+00:00,india_morning
2026-06-26,2026-06-26 11:30:00,5803.5511816687995,5809.354732850467,5797.747630487131,5803.5511816687995,135,83.0,CRUDEOILM-SYNTH,INR,MCX,MCX Crude Oil Mini Futures,MCX,synthetic,15m,15,synthetic_intraday,SYNTHETIC_INTRADAY,2026-06-26 06:00:00+00:00,india_morning
2026-06-26,2026-06-26 11:45:00,5803.5511816687995,5809.354732850467,5797.747630487131,5803.5511816687995,956,83.0,CRUDEOILM-SYNTH,INR,MCX,MCX Crude Oil Mini Futures,MCX,synthetic,15m,15,synthetic_intraday,SYNTHETIC_INTRADAY,2026-06-26 06:15:00+00:00,india_morning
2026-06-26,2026-06-26 12:00:00,5803.5511816687995,5809.354732850467,5797.747630487131,5803.5511816687995,772,83.0,CRUDEOILM-SYNTH,INR,MCX,MCX Crude Oil Mini Futures,MCX,synthetic,15m,15,synthetic_intraday,SYNTHETIC_INTRADAY,2026-06-26 06:30:00+00:00,india_morning
2026-06-26,2026-06-26 12:15:00,5803.5511816687995,5809.354732850467,5797.747630487131,5803.5511816687995,731,83.0,CRUDEOILM-SYNTH,INR,MCX,MCX Crude Oil Mini Futures,MCX,synthetic,15m,15,synthetic_intraday,SYNTHETIC_INTRADAY,2026-06-26 06:45:00+00:00,india_morning
2026-06-26,2026-06-26 12:30:00,5803.5511816687995,5809.354732850467,5797.747630487131,5803.5511816687995,275,83.0,CRUDEOILM-SYNTH,INR,MCX,MCX Crude Oil Mini Futures,MCX,synthetic,15m,15,synthetic_intraday,SYNTHETIC_INTRADAY,2026-06-26 07:00:00+00:00,india_midday
2026-06-26,2026-06-26 12:45:00,5803.5511816687995,5809.354732850467,5797.747630487131,5803.5511816687995,700,83.0,CRUDEOILM-SYNTH,INR,MCX,MCX Crude Oil Mini Futures,MCX,synthetic,15m,15,synthetic_intraday,SYNTHETIC_INTRADAY,2026-06-26 07:15:00+00:00,india_midday
2026-06-26,2026-06-26 13:00:00,5803.5511816687995,5809.354732850467,5797.747630487131,5803.5511816687995,241,83.0,CRUDEOILM-SYNTH,INR,MCX,MCX Crude Oil Mini Futures,MCX,synthetic,15m,15,synthetic_intraday,SYNTHETIC_INTRADAY,2026-06-26 07:30:00+00:00,india_midday
2026-06-26,2026-06-26 13:15:00,5791.767309308526,5797.559076617834,5785.975541999217,5791.767309308526,505,83.0,CRUDEOILM-SYNTH,INR,MCX,MCX Crude Oil Mini Futures,MCX,synthetic,15m,15,synthetic_intraday,SYNTHETIC_INTRADAY,2026-06-26 07:45:00+00:00,india_midday
2026-06-26,2026-06-26 13:30:00,5784.056423631841,5789.840480055473,5778.272367208209,5784.056423631841,399,83.0,CRUDEOILM-SYNTH,INR,MCX,MCX Crude Oil Mini Futures,MCX,synthetic,15m,15,synthetic_intraday,SYNTHETIC_INTRADAY,2026-06-26 08:00:00+00:00,india_midday
2026-06-26,2026-06-26 13:45:00,5774.525712837825,5780.3002385506625,5768.751187124987,5774.525712837825,813,83.0,CRUDEOILM-SYNTH,INR,MCX,MCX Crude Oil Mini Futures,MCX,synthetic,15m,15,synthetic_intraday,SYNTHETIC_INTRADAY,2026-06-26 08:15:00+00:00,india_midday
2026-06-26,2026-06-26 14:00:00,5767.745770352173,5773.513516122524,5761.978024581821,5767.745770352173,422,83.0,CRUDEOILM-SYNTH,INR,MCX,MCX Crude Oil Mini Futures,MCX,synthetic,15m,15,synthetic_intraday,SYNTHETIC_INTRADAY,2026-06-26 08:30:00+00:00,india_midday
2026-06-26,2026-06-26 14:15:00,5764.565999005694,5770.330565004699,5758.801433006688,5764.565999005694,290,83.0,CRUDEOILM-SYNTH,INR,MCX,MCX Crude Oil Mini Futures,MCX,synthetic,15m,15,synthetic_intraday,SYNTHETIC_INTRADAY,2026-06-26 08:45:00+00:00,india_midday
2026-06-26,2026-06-26 14:30:00,5751.791672328102,5757.54346400043,5746.039880655774,5751.791672328102,247,83.0,CRUDEOILM-SYNTH,INR,MCX,MCX Crude Oil Mini Futures,MCX,synthetic,15m,15,synthetic_intraday,SYNTHETIC_INTRADAY,2026-06-26 09:00:00+00:00,india_midday
2026-06-26,2026-06-26 14:45:00,5745.114109719432,5750.859223829151,5739.368995609713,5745.114109719432,560,83.0,CRUDEOILM-SYNTH,INR,MCX,MCX Crude Oil Mini Futures,MCX,synthetic,15m,15,synthetic_intraday,SYNTHETIC_INTRADAY,2026-06-26 09:15:00+00:00,india_midday
2026-06-29,2026-06-29 09:00:00,5786.4112496289,5792.197660878528,5780.624838379271,5786.4112496289,485,83.0,CRUDEOILM-SYNTH,INR,MCX,MCX Crude Oil Mini Futures,MCX,synthetic,15m,15,synthetic_intraday,SYNTHETIC_INTRADAY,2026-06-29 03:30:00+00:00,mcx_open_drive
2026-06-29,2026-06-29 09:15:00,5786.4112496289,5792.197660878528,5780.624838379271,5786.4112496289,202,83.0,CRUDEOILM-SYNTH,INR,MCX,MCX Crude Oil Mini Futures,MCX,synthetic,15m,15,synthetic_intraday,SYNTHETIC_INTRADAY,2026-06-29 03:45:00+00:00,mcx_open_drive
2026-06-29,2026-06-29 09:30:00,5786.4112496289,5792.197660878528,5780.624838379271,5786.4112496289,868,83.0,CRUDEOILM-SYNTH,INR,MCX,MCX Crude Oil Mini Futures,MCX,synthetic,15m,15,synthetic_intraday,SYNTHETIC_INTRADAY,2026-06-29 04:00:00+00:00,mcx_open_drive
2026-06-29,2026-06-29 09:45:00,5786.4112496289,5792.197660878528,5780.624838379271,5786.4112496289,405,83.0,CRUDEOILM-SYNTH,INR,MCX,MCX Crude Oil Mini Futures,MCX,synthetic,15m,15,synthetic_intraday,SYNTHETIC_INTRADAY,2026-06-29 04:15:00+00:00,mcx_open_drive
2026-06-29,2026-06-29 10:00:00,5786.4112496289,5792.197660878528,5780.624838379271,5786.4112496289,616,83.0,CRUDEOILM-SYNTH,INR,MCX,MCX Crude Oil Mini Futures,MCX,synthetic,15m,15,synthetic_intraday,SYNTHETIC_INTRADAY,2026-06-29 04:30:00+00:00,mcx_open_drive
2026-06-29,2026-06-29 10:15:00,5786.4112496289,5792.197660878528,5780.624838379271,5786.4112496289,280,83.0,CRUDEOILM-SYNTH,INR,MCX,MCX Crude Oil Mini Futures,MCX,synthetic,15m,15,synthetic_intraday,SYNTHETIC_INTRADAY,2026-06-29 04:45:00+00:00,mcx_open_drive
2026-06-29,2026-06-29 10:30:00,5786.4112496289,5792.197660878528,5780.624838379271,5786.4112496289,883,83.0,CRUDEOILM-SYNTH,INR,MCX,MCX Crude Oil Mini Futures,MCX,synthetic,15m,15,synthetic_intraday,SYNTHETIC_INTRADAY,2026-06-29 05:00:00+00:00,india_morning
2026-06-29,2026-06-29 10:45:00,5786.4112496289,5792.197660878528,5780.624838379271,5786.4112496289,597,83.0,CRUDEOILM-SYNTH,INR,MCX,MCX Crude Oil Mini Futures,MCX,synthetic,15m,15,synthetic_intraday,SYNTHETIC_INTRADAY,2026-06-29 05:15:00+00:00,india_morning
2026-06-29,2026-06-29 11:00:00,5786.4112496289,5792.197660878528,5780.624838379271,5786.4112496289,391,83.0,CRUDEOILM-SYNTH,INR,MCX,MCX Crude Oil Mini Futures,MCX,synthetic,15m,15,synthetic_intraday,SYNTHETIC_INTRADAY,2026-06-29 05:30:00+00:00,india_morning
2026-06-29,2026-06-29 11:15:00,5786.4112496289,5792.197660878528,5780.624838379271,5786.4112496289,430,83.0,CRUDEOILM-SYNTH,INR,MCX,MCX Crude Oil Mini Futures,MCX,synthetic,15m,15,synthetic_intraday,SYNTHETIC_INTRADAY,2026-06-29 05:45:00+00:00,india_morning
2026-06-29,2026-06-29 11:30:00,5788.514103269272,5794.30261737254,5782.7255891660025,5788.514103269272,871,83.0,CRUDEOILM-SYNTH,INR,MCX,MCX Crude Oil Mini Futures,MCX,synthetic,15m,15,synthetic_intraday,SYNTHETIC_INTRADAY,2026-06-29 06:00:00+00:00,india_morning
2026-06-29,2026-06-29 11:45:00,5792.0776114275695,5797.8696890389965,5786.285533816142,5792.0776114275695,826,83.0,CRUDEOILM-SYNTH,INR,MCX,MCX Crude Oil Mini Futures,MCX,synthetic,15m,15,synthetic_intraday,SYNTHETIC_INTRADAY,2026-06-29 06:15:00+00:00,india_morning
2026-06-29,2026-06-29 12:00:00,5795.712268934396,5801.50798120333,5789.916556665462,5795.712268934396,517,83.0,CRUDEOILM-SYNTH,INR,MCX,MCX Crude Oil Mini Futures,MCX,synthetic,15m,15,synthetic_intraday,SYNTHETIC_INTRADAY,2026-06-29 06:30:00+00:00,india_morning
2026-06-29,2026-06-29 12:15:00,5800.882908054569,5806.683790962623,5795.082025146515,5800.882908054569,428,83.0,CRUDEOILM-SYNTH,INR,MCX,MCX Crude Oil Mini Futures,MCX,synthetic,15m,15,synthetic_intraday,SYNTHETIC_INTRADAY,2026-06-29 06:45:00+00:00,india_morning
2026-06-29,2026-06-29 12:30:00,5805.226916706114,5811.03214362282,5799.4216897894075,5805.226916706114,749,83.0,CRUDEOILM-SYNTH,INR,MCX,MCX Crude Oil Mini Futures,MCX,synthetic,15m,15,synthetic_intraday,SYNTHETIC_INTRADAY,2026-06-29 07:00:00+00:00,india_midday
2026-06-29,2026-06-29 12:45:00,5810.792867195799,5816.603660062994,5804.982074328603,5810.792867195799,221,83.0,CRUDEOILM-SYNTH,INR,MCX,MCX Crude Oil Mini Futures,MCX,synthetic,15m,15,synthetic_intraday,SYNTHETIC_INTRADAY,2026-06-29 07:15:00+00:00,india_midday
2026-06-29,2026-06-29 13:00:00,5812.678675602316,5818.491354277918,5806.865996926714,5812.678675602316,300,83.0,CRUDEOILM-SYNTH,INR,MCX,MCX Crude Oil Mini Futures,MCX,synthetic,15m,15,synthetic_intraday,SYNTHETIC_INTRADAY,2026-06-29 07:30:00+00:00,india_midday
2026-06-29,2026-06-29 13:15:00,5819.184910887556,5825.004095798443,5813.365725976668,5819.184910887556,953,83.0,CRUDEOILM-SYNTH,INR,MCX,MCX Crude Oil Mini Futures,MCX,synthetic,15m,15,synthetic_intraday,SYNTHETIC_INTRADAY,2026-06-29 07:45:00+00:00,india_midday
2026-06-29,2026-06-29 13:30:00,5825.569766133071,5831.395335899204,5819.744196366938,5825.569766133071,427,83.0,CRUDEOILM-SYNTH,INR,MCX,MCX Crude Oil Mini Futures,MCX,synthetic,15m,15,synthetic_intraday,SYNTHETIC_INTRADAY,2026-06-29 08:00:00+00:00,india_midday
2026-06-29,2026-06-29 13:45:00,5825.7849673328,5831.610752300132,5819.959182365467,5825.7849673328,554,83.0,CRUDEOILM-SYNTH,INR,MCX,MCX Crude Oil Mini Futures,MCX,synthetic,15m,15,synthetic_intraday,SYNTHETIC_INTRADAY,2026-06-29 08:15:00+00:00,india_midday
2026-06-29,2026-06-29 14:00:00,5828.649929845668,5834.478579775513,5822.821279915823,5828.649929845668,530,83.0,CRUDEOILM-SYNTH,INR,MCX,MCX Crude Oil Mini Futures,MCX,synthetic,15m,15,synthetic_intraday,SYNTHETIC_INTRADAY,2026-06-29 08:30:00+00:00,india_midday
2026-06-29,2026-06-29 14:15:00,5839.588744812312,5845.428333557124,5833.7491560675,5839.588744812312,981,83.0,CRUDEOILM-SYNTH,INR,MCX,MCX Crude Oil Mini Futures,MCX,synthetic,15m,15,synthetic_intraday,SYNTHETIC_INTRADAY,2026-06-29 08:45:00+00:00,india_midday
2026-06-29,2026-06-29 14:30:00,5839.326253288747,5845.165579542035,5833.4869270354575,5839.326253288747,949,83.0,CRUDEOILM-SYNTH,INR,MCX,MCX Crude Oil Mini Futures,MCX,synthetic,15m,15,synthetic_intraday,SYNTHETIC_INTRADAY,2026-06-29 09:00:00+00:00,india_midday
2026-06-29,2026-06-29 14:45:00,5850.4001269310065,5856.250527057937,5844.549726804075,5850.4001269310065,362,83.0,CRUDEOILM-SYNTH,INR,MCX,MCX Crude Oil Mini Futures,MCX,synthetic,15m,15,synthetic_intraday,SYNTHETIC_INTRADAY,2026-06-29 09:15:00+00:00,india_midday
2026-06-30,2026-06-30 09:00:00,5840.827587093956,5846.668414681049,5834.986759506862,5840.827587093956,262,83.0,CRUDEOILM-SYNTH,INR,MCX,MCX Crude Oil Mini Futures,MCX,synthetic,15m,15,synthetic_intraday,SYNTHETIC_INTRADAY,2026-06-30 03:30:00+00:00,mcx_open_drive
2026-06-30,2026-06-30 09:15:00,5843.616699043847,5849.46031574289,5837.773082344803,5843.616699043847,794,83.0,CRUDEOILM-SYNTH,INR,MCX,MCX Crude Oil Mini Futures,MCX,synthetic,15m,15,synthetic_intraday,SYNTHETIC_INTRADAY,2026-06-30 03:45:00+00:00,mcx_open_drive
2026-06-30,2026-06-30 09:30:00,5836.586575588526,5842.423162164114,5830.7499890129375,5836.586575588526,619,83.0,CRUDEOILM-SYNTH,INR,MCX,MCX Crude Oil Mini Futures,MCX,synthetic,15m,15,synthetic_intraday,SYNTHETIC_INTRADAY,2026-06-30 04:00:00+00:00,mcx_open_drive
2026-06-30,2026-06-30 09:45:00,5842.375006921171,5848.2173819280915,5836.53263191425,5842.375006921171,898,83.0,CRUDEOILM-SYNTH,INR,MCX,MCX Crude Oil Mini Futures,MCX,synthetic,15m,15,synthetic_intraday,SYNTHETIC_INTRADAY,2026-06-30 04:15:00+00:00,mcx_open_drive
2026-06-30,2026-06-30 10:00:00,5834.7534576169155,5840.5882110745315,5828.918704159299,5834.7534576169155,148,83.0,CRUDEOILM-SYNTH,INR,MCX,MCX Crude Oil Mini Futures,MCX,synthetic,15m,15,synthetic_intraday,SYNTHETIC_INTRADAY,2026-06-30 04:30:00+00:00,mcx_open_drive
2026-06-30,2026-06-30 10:15:00,5839.5365250389605,5845.3760615639985,5833.6969885139215,5839.5365250389605,569,83.0,CRUDEOILM-SYNTH,INR,MCX,MCX Crude Oil Mini Futures,MCX,synthetic,15m,15,synthetic_intraday,SYNTHETIC_INTRADAY,2026-06-30 04:45:00+00:00,mcx_open_drive
2026-06-30,2026-06-30 10:30:00,5834.122735343235,5839.956858078578,5828.288612607892,5834.122735343235,639,83.0,CRUDEOILM-SYNTH,INR,MCX,MCX Crude Oil Mini Futures,MCX,synthetic,15m,15,synthetic_intraday,SYNTHETIC_INTRADAY,2026-06-30 05:00:00+00:00,india_morning
2026-06-30,2026-06-30 10:45:00,5834.032050213569,5839.866082263782,5828.198018163355,5834.032050213569,563,83.0,CRUDEOILM-SYNTH,INR,MCX,MCX Crude Oil Mini Futures,MCX,synthetic,15m,15,synthetic_intraday,SYNTHETIC_INTRADAY,2026-06-30 05:15:00+00:00,india_morning
2026-06-30,2026-06-30 11:00:00,5835.21674925501,5841.051966004264,5829.381532505755,5835.21674925501,500,83.0,CRUDEOILM-SYNTH,INR,MCX,MCX Crude Oil Mini Futures,MCX,synthetic,15m,15,synthetic_intraday,SYNTHETIC_INTRADAY,2026-06-30 05:30:00+00:00,india_morning
2026-06-30,2026-06-30 11:15:00,5832.142080232797,5837.974222313029,5826.3099381525635,5832.142080232797,559,83.0,CRUDEOILM-SYNTH,INR,MCX,MCX Crude Oil Mini Futures,MCX,synthetic,15m,15,synthetic_intraday,SYNTHETIC_INTRADAY,2026-06-30 05:45:00+00:00,india_morning
2026-06-30,2026-06-30 11:30:00,5830.065261521335,5835.895326782856,5824.235196259813,5830.065261521335,900,83.0,CRUDEOILM-SYNTH,INR,MCX,MCX Crude Oil Mini Futures,MCX,synthetic,15m,15,synthetic_intraday,SYNTHETIC_INTRADAY,2026-06-30 06:00:00+00:00,india_morning
2026-06-30,2026-06-30 11:45:00,5825.338038761232,5831.163376799993,5819.512700722471,5825.338038761232,605,83.0,CRUDEOILM-SYNTH,INR,MCX,MCX Crude Oil Mini Futures,MCX,synthetic,15m,15,synthetic_intraday,SYNTHETIC_INTRADAY,2026-06-30 06:15:00+00:00,india_morning
2026-06-30,2026-06-30 12:00:00,5827.520845650988,5833.348366496639,5821.693324805337,5827.520845650988,713,83.0,CRUDEOILM-SYNTH,INR,MCX,MCX Crude Oil Mini Futures,MCX,synthetic,15m,15,synthetic_intraday,SYNTHETIC_INTRADAY,2026-06-30 06:30:00+00:00,india_morning
2026-06-30,2026-06-30 12:15:00,5820.41045064827,5826.230861098918,5814.590040197621,5820.41045064827,110,83.0,CRUDEOILM-SYNTH,INR,MCX,MCX Crude Oil Mini Futures,MCX,synthetic,15m,15,synthetic_intraday,SYNTHETIC_INTRADAY,2026-06-30 06:45:00+00:00,india_morning
2026-06-30,2026-06-30 12:30:00,5821.237415296145,5827.05865271144,5815.416177880848,5821.237415296145,578,83.0,CRUDEOILM-SYNTH,INR,MCX,MCX Crude Oil Mini Futures,MCX,synthetic,15m,15,synthetic_intraday,SYNTHETIC_INTRADAY,2026-06-30 07:00:00+00:00,india_midday
2026-06-30,2026-06-30 12:45:00,5828.0246018919615,5833.852626493853,5822.196577290069,5828.0246018919615,174,83.0,CRUDEOILM-SYNTH,INR,MCX,MCX Crude Oil Mini Futures,MCX,synthetic,15m,15,synthetic_intraday,SYNTHETIC_INTRADAY,2026-06-30 07:15:00+00:00,india_midday
2026-06-30,2026-06-30 13:00:00,5821.341008372261,5827.162349380633,5815.519667363888,5821.341008372261,642,83.0,CRUDEOILM-SYNTH,INR,MCX,MCX Crude Oil Mini Futures,MCX,synthetic,15m,15,synthetic_intraday,SYNTHETIC_INTRADAY,2026-06-30 07:30:00+00:00,india_midday
2026-06-30,2026-06-30 13:15:00,5821.731159307477,5827.552890466784,5815.90942814817,5821.731159307477,820,83.0,CRUDEOILM-SYNTH,INR,MCX,MCX Crude Oil Mini Futures,MCX,synthetic,15m,15,synthetic_intraday,SYNTHETIC_INTRADAY,2026-06-30 07:45:00+00:00,india_midday
2026-06-30,2026-06-30 13:30:00,5818.574411618666,5824.392986030284,5812.755837207047,5818.574411618666,671,83.0,CRUDEOILM-SYNTH,INR,MCX,MCX Crude Oil Mini Futures,MCX,synthetic,15m,15,synthetic_intraday,SYNTHETIC_INTRADAY,2026-06-30 08:00:00+00:00,india_midday
2026-06-30,2026-06-30 13:45:00,5814.133270965861,5819.9474042368265,5808.319137694895,5814.133270965861,911,83.0,CRUDEOILM-SYNTH,INR,MCX,MCX Crude Oil Mini Futures,MCX,synthetic,15m,15,synthetic_intraday,SYNTHETIC_INTRADAY,2026-06-30 08:15:00+00:00,india_midday
2026-06-30,2026-06-30 14:00:00,5816.133628233401,5821.949761861634,5810.317494605168,5816.133628233401,489,83.0,CRUDEOILM-SYNTH,INR,MCX,MCX Crude Oil Mini Futures,MCX,synthetic,15m,15,synthetic_intraday,SYNTHETIC_INTRADAY,2026-06-30 08:30:00+00:00,india_midday
2026-06-30,2026-06-30 14:15:00,5811.793377227868,5817.605170605096,5805.98158385064,5811.793377227868,939,83.0,CRUDEOILM-SYNTH,INR,MCX,MCX Crude Oil Mini Futures,MCX,synthetic,15m,15,synthetic_intraday,SYNTHETIC_INTRADAY,2026-06-30 08:45:00+00:00,india_midday
2026-06-30,2026-06-30 14:30:00,5811.276425570327,5817.087701995896,5805.465149144757,5811.276425570327,494,83.0,CRUDEOILM-SYNTH,INR,MCX,MCX Crude Oil Mini Futures,MCX,synthetic,15m,15,synthetic_intraday,SYNTHETIC_INTRADAY,2026-06-30 09:00:00+00:00,india_midday
2026-06-30,2026-06-30 14:45:00,5816.391434911522,5822.207826346433,5810.5750434766105,5816.391434911522,138,83.0,CRUDEOILM-SYNTH,INR,MCX,MCX Crude Oil Mini Futures,MCX,synthetic,15m,15,synthetic_intraday,SYNTHETIC_INTRADAY,2026-06-30 09:15:00+00:00,india_midday
2026-07-01,2026-07-01 09:00:00,5707.9843931822,5713.692377575381,5702.276408789017,5707.9843931822,384,83.0,CRUDEOILM-SYNTH,INR,MCX,MCX Crude Oil Mini Futures,MCX,synthetic,15m,15,synthetic_intraday,SYNTHETIC_INTRADAY,2026-07-01 03:30:00+00:00,mcx_open_drive
2026-07-01,2026-07-01 09:15:00,5707.9843931822,5713.692377575381,5702.276408789017,5707.9843931822,658,83.0,CRUDEOILM-SYNTH,INR,MCX,MCX Crude Oil Mini Futures,MCX,synthetic,15m,15,synthetic_intraday,SYNTHETIC_INTRADAY,2026-07-01 03:45:00+00:00,mcx_open_drive
2026-07-01,2026-07-01 09:30:00,5707.9843931822,5713.692377575381,5702.276408789017,5707.9843931822,835,83.0,CRUDEOILM-SYNTH,INR,MCX,MCX Crude Oil Mini Futures,MCX,synthetic,15m,15,synthetic_intraday,SYNTHETIC_INTRADAY,2026-07-01 04:00:00+00:00,mcx_open_drive
2026-07-01,2026-07-01 09:45:00,5707.9843931822,5713.692377575381,5702.276408789017,5707.9843931822,436,83.0,CRUDEOILM-SYNTH,INR,MCX,MCX Crude Oil Mini Futures,MCX,synthetic,15m,15,synthetic_intraday,SYNTHETIC_INTRADAY,2026-07-01 04:15:00+00:00,mcx_open_drive
2026-07-01,2026-07-01 10:00:00,5707.9843931822,5713.692377575381,5702.276408789017,5707.9843931822,792,83.0,CRUDEOILM-SYNTH,INR,MCX,MCX Crude Oil Mini Futures,MCX,synthetic,15m,15,synthetic_intraday,SYNTHETIC_INTRADAY,2026-07-01 04:30:00+00:00,mcx_open_drive
2026-07-01,2026-07-01 10:15:00,5707.9843931822,5713.692377575381,5702.276408789017,5707.9843931822,351,83.0,CRUDEOILM-SYNTH,INR,MCX,MCX Crude Oil Mini Futures,MCX,synthetic,15m,15,synthetic_intraday,SYNTHETIC_INTRADAY,2026-07-01 04:45:00+00:00,mcx_open_drive
2026-07-01,2026-07-01 10:30:00,5707.9843931822,5713.692377575381,5702.276408789017,5707.9843931822,412,83.0,CRUDEOILM-SYNTH,INR,MCX,MCX Crude Oil Mini Futures,MCX,synthetic,15m,15,synthetic_intraday,SYNTHETIC_INTRADAY,2026-07-01 05:00:00+00:00,india_morning
2026-07-01,2026-07-01 10:45:00,5707.9843931822,5713.692377575381,5702.276408789017,5707.9843931822,467,83.0,CRUDEOILM-SYNTH,INR,MCX,MCX Crude Oil Mini Futures,MCX,synthetic,15m,15,synthetic_intraday,SYNTHETIC_INTRADAY,2026-07-01 05:15:00+00:00,india_morning
2026-07-01,2026-07-01 11:00:00,5707.9843931822,5713.692377575381,5702.276408789017,5707.9843931822,825,83.0,CRUDEOILM-SYNTH,INR,MCX,MCX Crude Oil Mini Futures,MCX,synthetic,15m,15,synthetic_intraday,SYNTHETIC_INTRADAY,2026-07-01 05:30:00+00:00,india_morning
2026-07-01,2026-07-01 11:15:00,5707.9843931822,5713.692377575381,5702.276408789017,5707.9843931822,730,83.0,CRUDEOILM-SYNTH,INR,MCX,MCX Crude Oil Mini Futures,MCX,synthetic,15m,15,synthetic_intraday,SYNTHETIC_INTRADAY,2026-07-01 05:45:00+00:00,india_morning
2026-07-01,2026-07-01 11:30:00,5707.9843931822,5713.692377575381,5702.276408789017,5707.9843931822,427,83.0,CRUDEOILM-SYNTH,INR,MCX,MCX Crude Oil Mini Futures,MCX,synthetic,15m,15,synthetic_intraday,SYNTHETIC_INTRADAY,2026-07-01 06:00:00+00:00,india_morning
2026-07-01,2026-07-01 11:45:00,5707.9843931822,5713.692377575381,5702.276408789017,5707.9843931822,809,83.0,CRUDEOILM-SYNTH,INR,MCX,MCX Crude Oil Mini Futures,MCX,synthetic,15m,15,synthetic_intraday,SYNTHETIC_INTRADAY,2026-07-01 06:15:00+00:00,india_morning
2026-07-01,2026-07-01 12:00:00,5707.9843931822,5713.692377575381,5702.276408789017,5707.9843931822,396,83.0,CRUDEOILM-SYNTH,INR,MCX,MCX Crude Oil Mini Futures,MCX,synthetic,15m,15,synthetic_intraday,SYNTHETIC_INTRADAY,2026-07-01 06:30:00+00:00,india_morning
2026-07-01,2026-07-01 12:15:00,5707.9843931822,5713.692377575381,5702.276408789017,5707.9843931822,918,83.0,CRUDEOILM-SYNTH,INR,MCX,MCX Crude Oil Mini Futures,MCX,synthetic,15m,15,synthetic_intraday,SYNTHETIC_INTRADAY,2026-07-01 06:45:00+00:00,india_morning
2026-07-01,2026-07-01 12:30:00,5707.9843931822,5713.692377575381,5702.276408789017,5707.9843931822,935,83.0,CRUDEOILM-SYNTH,INR,MCX,MCX Crude Oil Mini Futures,MCX,synthetic,15m,15,synthetic_intraday,SYNTHETIC_INTRADAY,2026-07-01 07:00:00+00:00,india_midday
2026-07-01,2026-07-01 12:45:00,5704.009512727557,5709.713522240284,5698.3055032148295,5704.009512727557,857,83.0,CRUDEOILM-SYNTH,INR,MCX,MCX Crude Oil Mini Futures,MCX,synthetic,15m,15,synthetic_intraday,SYNTHETIC_INTRADAY,2026-07-01 07:15:00+00:00,india_midday
2026-07-01,2026-07-01 13:00:00,5703.343112183234,5709.046455295416,5697.63976907105,5703.343112183234,754,83.0,CRUDEOILM-SYNTH,INR,MCX,MCX Crude Oil Mini Futures,MCX,synthetic,15m,15,synthetic_intraday,SYNTHETIC_INTRADAY,2026-07-01 07:30:00+00:00,india_midday
2026-07-01,2026-07-01 13:15:00,5696.850480588857,5702.547331069445,5691.153630108268,5696.850480588857,918,83.0,CRUDEOILM-SYNTH,INR,MCX,MCX Crude Oil Mini Futures,MCX,synthetic,15m,15,synthetic_intraday,SYNTHETIC_INTRADAY,2026-07-01 07:45:00+00:00,india_midday
2026-07-01,2026-07-01 13:30:00,5686.197840330928,5691.884038171258,5680.511642490596,5686.197840330928,583,83.0,CRUDEOILM-SYNTH,INR,MCX,MCX Crude Oil Mini Futures,MCX,synthetic,15m,15,synthetic_intraday,SYNTHETIC_INTRADAY,2026-07-01 08:00:00+00:00,india_midday
2026-07-01,2026-07-01 13:45:00,5682.17252400592,5687.854696529926,5676.490351481914,5682.17252400592,383,83.0,CRUDEOILM-SYNTH,INR,MCX,MCX Crude Oil Mini Futures,MCX,synthetic,15m,15,synthetic_intraday,SYNTHETIC_INTRADAY,2026-07-01 08:15:00+00:00,india_midday
2026-07-01,2026-07-01 14:00:00,5673.009942142626,5678.682952084768,5667.336932200483,5673.009942142626,844,83.0,CRUDEOILM-SYNTH,INR,MCX,MCX Crude Oil Mini Futures,MCX,synthetic,15m,15,synthetic_intraday,SYNTHETIC_INTRADAY,2026-07-01 08:30:00+00:00,india_midday
2026-07-01,2026-07-01 14:15:00,5669.264654493915,5674.933919148409,5663.595389839421,5669.264654493915,427,83.0,CRUDEOILM-SYNTH,INR,MCX,MCX Crude Oil Mini Futures,MCX,synthetic,15m,15,synthetic_intraday,SYNTHETIC_INTRADAY,2026-07-01 08:45:00+00:00,india_midday
2026-07-01,2026-07-01 14:30:00,5660.221205394467,5665.881426599861,5654.560984189072,5660.221205394467,345,83.0,CRUDEOILM-SYNTH,INR,MCX,MCX Crude Oil Mini Futures,MCX,synthetic,15m,15,synthetic_intraday,SYNTHETIC_INTRADAY,2026-07-01 09:00:00+00:00,india_midday
2026-07-01,2026-07-01 14:45:00,5652.368944422798,5658.0213133672205,5646.7165754783755,5652.368944422798,131,83.0,CRUDEOILM-SYNTH,INR,MCX,MCX Crude Oil Mini Futures,MCX,synthetic,15m,15,synthetic_intraday,SYNTHETIC_INTRADAY,2026-07-01 09:15:00+00:00,india_midday
2026-07-02,2026-07-02 09:00:00,5653.012591055845,5658.6656036469,5647.35957846479,5653.012591055845,752,83.0,CRUDEOILM-SYNTH,INR,MCX,MCX Crude Oil Mini Futures,MCX,synthetic,15m,15,synthetic_intraday,SYNTHETIC_INTRADAY,2026-07-02 03:30:00+00:00,mcx_open_drive
2026-07-02,2026-07-02 09:15:00,5653.681607419575,5659.335289026993,5648.027925812155,5653.681607419575,120,83.0,CRUDEOILM-SYNTH,INR,MCX,MCX Crude Oil Mini Futures,MCX,synthetic,15m,15,synthetic_intraday,SYNTHETIC_INTRADAY,2026-07-02 03:45:00+00:00,mcx_open_drive
2026-07-02,2026-07-02 09:30:00,5655.162631853424,5660.817794485276,5649.50746922157,5655.162631853424,189,83.0,CRUDEOILM-SYNTH,INR,MCX,MCX Crude Oil Mini Futures,MCX,synthetic,15m,15,synthetic_intraday,SYNTHETIC_INTRADAY,2026-07-02 04:00:00+00:00,mcx_open_drive
2026-07-02,2026-07-02 09:45:00,5652.536633993404,5658.189170627397,5646.884097359411,5652.536633993404,697,83.0,CRUDEOILM-SYNTH,INR,MCX,MCX Crude Oil Mini Futures,MCX,synthetic,15m,15,synthetic_intraday,SYNTHETIC_INTRADAY,2026-07-02 04:15:00+00:00,mcx_open_drive
2026-07-02,2026-07-02 10:00:00,5657.779423858435,5663.437203282292,5652.121644434576,5657.779423858435,708,83.0,CRUDEOILM-SYNTH,INR,MCX,MCX Crude Oil Mini Futures,MCX,synthetic,15m,15,synthetic_intraday,SYNTHETIC_INTRADAY,2026-07-02 04:30:00+00:00,mcx_open_drive
2026-07-02,2026-07-02 10:15:00,5655.1737286731,5660.828902401773,5649.518554944428,5655.1737286731,319,83.0,CRUDEOILM-SYNTH,INR,MCX,MCX Crude Oil Mini Futures,MCX,synthetic,15m,15,synthetic_intraday,SYNTHETIC_INTRADAY,2026-07-02 04:45:00+00:00,mcx_open_drive
2026-07-02,2026-07-02 10:30:00,5659.264105118099,5664.9233692232165,5653.604841012981,5659.264105118099,558,83.0,CRUDEOILM-SYNTH,INR,MCX,MCX Crude Oil Mini Futures,MCX,synthetic,15m,15,synthetic_intraday,SYNTHETIC_INTRADAY,2026-07-02 05:00:00+00:00,india_morning
2026-07-02,2026-07-02 10:45:00,5663.20070691142,5668.863907618331,5657.537506204509,5663.20070691142,963,83.0,CRUDEOILM-SYNTH,INR,MCX,MCX Crude Oil Mini Futures,MCX,synthetic,15m,15,synthetic_intraday,SYNTHETIC_INTRADAY,2026-07-02 05:15:00+00:00,india_morning
2026-07-02,2026-07-02 11:00:00,5661.409520953821,5667.070930474774,5655.7481114328675,5661.409520953821,556,83.0,CRUDEOILM-SYNTH,INR,MCX,MCX Crude Oil Mini Futures,MCX,synthetic,15m,15,synthetic_intraday,SYNTHETIC_INTRADAY,2026-07-02 05:30:00+00:00,india_morning
2026-07-02,2026-07-02 11:15:00,5661.24980329998,5666.911053103279,5655.58855349668,5661.24980329998,162,83.0,CRUDEOILM-SYNTH,INR,MCX,MCX Crude Oil Mini Futures,MCX,synthetic,15m,15,synthetic_intraday,SYNTHETIC_INTRADAY,2026-07-02 05:45:00+00:00,india_morning
2026-07-02,2026-07-02 11:30:00,5666.082332964374,5671.7484152973375,5660.41625063141,5666.082332964374,315,83.0,CRUDEOILM-SYNTH,INR,MCX,MCX Crude Oil Mini Futures,MCX,synthetic,15m,15,synthetic_intraday,SYNTHETIC_INTRADAY,2026-07-02 06:00:00+00:00,india_morning
2026-07-02,2026-07-02 11:45:00,5665.511180908953,5671.176692089862,5659.845669728044,5665.511180908953,583,83.0,CRUDEOILM-SYNTH,INR,MCX,MCX Crude Oil Mini Futures,MCX,synthetic,15m,15,synthetic_intraday,SYNTHETIC_INTRADAY,2026-07-02 06:15:00+00:00,india_morning
2026-07-02,2026-07-02 12:00:00,5665.0197341066,5670.6847538407055,5659.354714372493,5665.0197341066,360,83.0,CRUDEOILM-SYNTH,INR,MCX,MCX Crude Oil Mini Futures,MCX,synthetic,15m,15,synthetic_intraday,SYNTHETIC_INTRADAY,2026-07-02 06:30:00+00:00,india_morning
2026-07-02,2026-07-02 12:15:00,5670.963322185722,5676.634285507907,5665.292358863537,5670.963322185722,664,83.0,CRUDEOILM-SYNTH,INR,MCX,MCX Crude Oil Mini Futures,MCX,synthetic,15m,15,synthetic_intraday,SYNTHETIC_INTRADAY,2026-07-02 06:45:00+00:00,india_morning
2026-07-02,2026-07-02 12:30:00,5671.519375216165,5677.19089459138,5665.847855840949,5671.519375216165,109,83.0,CRUDEOILM-SYNTH,INR,MCX,MCX Crude Oil Mini Futures,MCX,synthetic,15m,15,synthetic_intraday,SYNTHETIC_INTRADAY,2026-07-02 07:00:00+00:00,india_midday
2026-07-02,2026-07-02 12:45:00,5673.017782994656,5678.69080077765,5667.344765211661,5673.017782994656,470,83.0,CRUDEOILM-SYNTH,INR,MCX,MCX Crude Oil Mini Futures,MCX,synthetic,15m,15,synthetic_intraday,SYNTHETIC_INTRADAY,2026-07-02 07:15:00+00:00,india_midday
2026-07-02,2026-07-02 13:00:00,5674.407593537234,5680.082001130771,5668.733185943696,5674.407593537234,871,83.0,CRUDEOILM-SYNTH,INR,MCX,MCX Crude Oil Mini Futures,MCX,synthetic,15m,15,synthetic_intraday,SYNTHETIC_INTRADAY,2026-07-02 07:30:00+00:00,india_midday
2026-07-02,2026-07-02 13:15:00,5678.496963912665,5684.175460876577,5672.818466948752,5678.496963912665,767,83.0,CRUDEOILM-SYNTH,INR,MCX,MCX Crude Oil Mini Futures,MCX,synthetic,15m,15,synthetic_intraday,SYNTHETIC_INTRADAY,2026-07-02 07:45:00+00:00,india_midday
2026-07-02,2026-07-02 13:30:00,5674.8951436752195,5680.570038818894,5669.220248531545,5674.8951436752195,395,83.0,CRUDEOILM-SYNTH,INR,MCX,MCX Crude Oil Mini Futures,MCX,synthetic,15m,15,synthetic_intraday,SYNTHETIC_INTRADAY,2026-07-02 08:00:00+00:00,india_midday
2026-07-02,2026-07-02 13:45:00,5675.920823882507,5681.596744706389,5670.244903058624,5675.920823882507,448,83.0,CRUDEOILM-SYNTH,INR,MCX,MCX Crude Oil Mini Futures,MCX,synthetic,15m,15,synthetic_intraday,SYNTHETIC_INTRADAY,2026-07-02 08:15:00+00:00,india_midday
2026-07-02,2026-07-02 14:00:00,5676.363413131124,5682.039776544254,5670.6870497179925,5676.363413131124,824,83.0,CRUDEOILM-SYNTH,INR,MCX,MCX Crude Oil Mini Futures,MCX,synthetic,15m,15,synthetic_intraday,SYNTHETIC_INTRADAY,2026-07-02 08:30:00+00:00,india_midday
2026-07-02,2026-07-02 14:15:00,5676.544952375929,5682.221497328304,5670.868407423553,5676.544952375929,270,83.0,CRUDEOILM-SYNTH,INR,MCX,MCX Crude Oil Mini Futures,MCX,synthetic,15m,15,synthetic_intraday,SYNTHETIC_INTRADAY,2026-07-02 08:45:00+00:00,india_midday
2026-07-02,2026-07-02 14:30:00,5683.728764227574,5689.412492991801,5678.045035463347,5683.728764227574,324,83.0,CRUDEOILM-SYNTH,INR,MCX,MCX Crude Oil Mini Futures,MCX,synthetic,15m,15,synthetic_intraday,SYNTHETIC_INTRADAY,2026-07-02 09:00:00+00:00,india_midday
2026-07-02,2026-07-02 14:45:00,5678.872554311228,5684.551426865539,5673.193681756917,5678.872554311228,627,83.0,CRUDEOILM-SYNTH,INR,MCX,MCX Crude Oil Mini Futures,MCX,synthetic,15m,15,synthetic_intraday,SYNTHETIC_INTRADAY,2026-07-02 09:15:00+00:00,india_midday
2026-07-03,2026-07-03 09:00:00,5686.559347552272,5692.245906899823,5680.87278820472,5686.559347552272,130,83.0,CRUDEOILM-SYNTH,INR,MCX,MCX Crude Oil Mini Futures,MCX,synthetic,15m,15,synthetic_intraday,SYNTHETIC_INTRADAY,2026-07-03 03:30:00+00:00,mcx_open_drive
2026-07-03,2026-07-03 09:15:00,5687.096330477431,5692.783426807908,5681.409234146954,5687.096330477431,382,83.0,CRUDEOILM-SYNTH,INR,MCX,MCX Crude Oil Mini Futures,MCX,synthetic,15m,15,synthetic_intraday,SYNTHETIC_INTRADAY,2026-07-03 03:45:00+00:00,mcx_open_drive
2026-07-03,2026-07-03 09:30:00,5687.110280746732,5692.797391027479,5681.423170465986,5687.110280746732,582,83.0,CRUDEOILM-SYNTH,INR,MCX,MCX Crude Oil Mini Futures,MCX,synthetic,15m,15,synthetic_intraday,SYNTHETIC_INTRADAY,2026-07-03 04:00:00+00:00,mcx_open_drive
2026-07-03,2026-07-03 09:45:00,5690.383840331711,5696.074224172043,5684.69345649138,5690.383840331711,508,83.0,CRUDEOILM-SYNTH,INR,MCX,MCX Crude Oil Mini Futures,MCX,synthetic,15m,15,synthetic_intraday,SYNTHETIC_INTRADAY,2026-07-03 04:15:00+00:00,mcx_open_drive
2026-07-03,2026-07-03 10:00:00,5689.94427073061,5695.63421500134,5684.254326459879,5689.94427073061,687,83.0,CRUDEOILM-SYNTH,INR,MCX,MCX Crude Oil Mini Futures,MCX,synthetic,15m,15,synthetic_intraday,SYNTHETIC_INTRADAY,2026-07-03 04:30:00+00:00,mcx_open_drive
2026-07-03,2026-07-03 10:15:00,5696.859903580075,5702.556763483654,5691.163043676495,5696.859903580075,208,83.0,CRUDEOILM-SYNTH,INR,MCX,MCX Crude Oil Mini Futures,MCX,synthetic,15m,15,synthetic_intraday,SYNTHETIC_INTRADAY,2026-07-03 04:45:00+00:00,mcx_open_drive
2026-07-03,2026-07-03 10:30:00,5690.171124014466,5695.861295138479,5684.480952890452,5690.171124014466,539,83.0,CRUDEOILM-SYNTH,INR,MCX,MCX Crude Oil Mini Futures,MCX,synthetic,15m,15,synthetic_intraday,SYNTHETIC_INTRADAY,2026-07-03 05:00:00+00:00,india_morning
2026-07-03,2026-07-03 10:45:00,5695.334067980065,5701.029402048044,5689.638733912085,5695.334067980065,903,83.0,CRUDEOILM-SYNTH,INR,MCX,MCX Crude Oil Mini Futures,MCX,synthetic,15m,15,synthetic_intraday,SYNTHETIC_INTRADAY,2026-07-03 05:15:00+00:00,india_morning
2026-07-03,2026-07-03 11:00:00,5700.74846497277,5706.449213437742,5695.047716507797,5700.74846497277,327,83.0,CRUDEOILM-SYNTH,INR,MCX,MCX Crude Oil Mini Futures,MCX,synthetic,15m,15,synthetic_intraday,SYNTHETIC_INTRADAY,2026-07-03 05:30:00+00:00,india_morning
2026-07-03,2026-07-03 11:15:00,5701.488778540054,5707.190267318593,5695.787289761514,5701.488778540054,986,83.0,CRUDEOILM-SYNTH,INR,MCX,MCX Crude Oil Mini Futures,MCX,synthetic,15m,15,synthetic_intraday,SYNTHETIC_INTRADAY,2026-07-03 05:45:00+00:00,india_morning
2026-07-03,2026-07-03 11:30:00,5702.979461329859,5708.682440791188,5697.276481868529,5702.979461329859,868,83.0,CRUDEOILM-SYNTH,INR,MCX,MCX Crude Oil Mini Futures,MCX,synthetic,15m,15,synthetic_intraday,SYNTHETIC_INTRADAY,2026-07-03 06:00:00+00:00,india_morning
2026-07-03,2026-07-03 11:45:00,5702.9256250775725,5708.62855070265,5697.222699452494,5702.9256250775725,828,83.0,CRUDEOILM-SYNTH,INR,MCX,MCX Crude Oil Mini Futures,MCX,synthetic,15m,15,synthetic_intraday,SYNTHETIC_INTRADAY,2026-07-03 06:15:00+00:00,india_morning
2026-07-03,2026-07-03 12:00:00,5705.107029208576,5710.812136237784,5699.401922179368,5705.107029208576,384,83.0,CRUDEOILM-SYNTH,INR,MCX,MCX Crude Oil Mini Futures,MCX,synthetic,15m,15,synthetic_intraday,SYNTHETIC_INTRADAY,2026-07-03 06:30:00+00:00,india_morning
2026-07-03,2026-07-03 12:15:00,5707.2235921151505,5712.930815707265,5701.516368523035,5707.2235921151505,559,83.0,CRUDEOILM-SYNTH,INR,MCX,MCX Crude Oil Mini Futures,MCX,synthetic,15m,15,synthetic_intraday,SYNTHETIC_INTRADAY,2026-07-03 06:45:00+00:00,india_morning
2026-07-03,2026-07-03 12:30:00,5710.060071302367,5715.770131373669,5704.350011231065,5710.060071302367,685,83.0,CRUDEOILM-SYNTH,INR,MCX,MCX Crude Oil Mini Futures,MCX,synthetic,15m,15,synthetic_intraday,SYNTHETIC_INTRADAY,2026-07-03 07:00:00+00:00,india_midday
2026-07-03,2026-07-03 12:45:00,5716.489832500574,5722.206322333074,5710.773342668073,5716.489832500574,982,83.0,CRUDEOILM-SYNTH,INR,MCX,MCX Crude Oil Mini Futures,MCX,synthetic,15m,15,synthetic_intraday,SYNTHETIC_INTRADAY,2026-07-03 07:15:00+00:00,india_midday
2026-07-03,2026-07-03 13:00:00,5711.346825944294,5717.058172770238,5705.63547911835,5711.346825944294,238,83.0,CRUDEOILM-SYNTH,INR,MCX,MCX Crude Oil Mini Futures,MCX,synthetic,15m,15,synthetic_intraday,SYNTHETIC_INTRADAY,2026-07-03 07:30:00+00:00,india_midday
2026-07-03,2026-07-03 13:15:00,5718.01919454876,5723.7372137433085,5712.301175354211,5718.01919454876,132,83.0,CRUDEOILM-SYNTH,INR,MCX,MCX Crude Oil Mini Futures,MCX,synthetic,15m,15,synthetic_intraday,SYNTHETIC_INTRADAY,2026-07-03 07:45:00+00:00,india_midday
2026-07-03,2026-07-03 13:30:00,5720.722444554841,5726.443166999395,5715.001722110286,5720.722444554841,258,83.0,CRUDEOILM-SYNTH,INR,MCX,MCX Crude Oil Mini Futures,MCX,synthetic,15m,15,synthetic_intraday,SYNTHETIC_INTRADAY,2026-07-03 08:00:00+00:00,india_midday
2026-07-03,2026-07-03 13:45:00,5716.1971307871445,5721.913327917931,5710.480933656358,5716.1971307871445,811,83.0,CRUDEOILM-SYNTH,INR,MCX,MCX Crude Oil Mini Futures,MCX,synthetic,15m,15,synthetic_intraday,SYNTHETIC_INTRADAY,2026-07-03 08:15:00+00:00,india_midday
2026-07-03,2026-07-03 14:00:00,5716.175368049395,5721.891543417443,5710.4591926813455,5716.175368049395,938,83.0,CRUDEOILM-SYNTH,INR,MCX,MCX Crude Oil Mini Futures,MCX,synthetic,15m,15,synthetic_intraday,SYNTHETIC_INTRADAY,2026-07-03 08:30:00+00:00,india_midday
2026-07-03,2026-07-03 14:15:00,5719.835796074066,5725.555631870139,5714.115960277992,5719.835796074066,458,83.0,CRUDEOILM-SYNTH,INR,MCX,MCX Crude Oil Mini Futures,MCX,synthetic,15m,15,synthetic_intraday,SYNTHETIC_INTRADAY,2026-07-03 08:45:00+00:00,india_midday
2026-07-03,2026-07-03 14:30:00,5726.421301199787,5732.147722500987,5720.694879898588,5726.421301199787,611,83.0,CRUDEOILM-SYNTH,INR,MCX,MCX Crude Oil Mini Futures,MCX,synthetic,15m,15,synthetic_intraday,SYNTHETIC_INTRADAY,2026-07-03 09:00:00+00:00,india_midday
2026-07-03,2026-07-03 14:45:00,5726.375074382277,5732.101449456658,5720.648699307894,5726.375074382277,531,83.0,CRUDEOILM-SYNTH,INR,MCX,MCX Crude Oil Mini Futures,MCX,synthetic,15m,15,synthetic_intraday,SYNTHETIC_INTRADAY,2026-07-03 09:15:00+00:00,india_midday
2026-07-06,2026-07-06 09:00:00,5727.033384089995,5732.7604174740845,5721.306350705905,5727.033384089995,560,83.0,CRUDEOILM-SYNTH,INR,MCX,MCX Crude Oil Mini Futures,MCX,synthetic,15m,15,synthetic_intraday,SYNTHETIC_INTRADAY,2026-07-06 03:30:00+00:00,mcx_open_drive
2026-07-06,2026-07-06 09:15:00,5730.840815611343,5736.571656426953,5725.109974795731,5730.840815611343,128,83.0,CRUDEOILM-SYNTH,INR,MCX,MCX Crude Oil Mini Futures,MCX,synthetic,15m,15,synthetic_intraday,SYNTHETIC_INTRADAY,2026-07-06 03:45:00+00:00,mcx_open_drive
2026-07-06,2026-07-06 09:30:00,5722.599196043274,5728.321795239316,5716.876596847231,5722.599196043274,466,83.0,CRUDEOILM-SYNTH,INR,MCX,MCX Crude Oil Mini Futures,MCX,synthetic,15m,15,synthetic_intraday,SYNTHETIC_INTRADAY,2026-07-06 04:00:00+00:00,mcx_open_drive
2026-07-06,2026-07-06 09:45:00,5721.920222715238,5727.6421429379525,5716.198302492523,5721.920222715238,753,83.0,CRUDEOILM-SYNTH,INR,MCX,MCX Crude Oil Mini Futures,MCX,synthetic,15m,15,synthetic_intraday,SYNTHETIC_INTRADAY,2026-07-06 04:15:00+00:00,mcx_open_drive
2026-07-06,2026-07-06 10:00:00,5725.238223785565,5730.96346200935,5719.51298556178,5725.238223785565,102,83.0,CRUDEOILM-SYNTH,INR,MCX,MCX Crude Oil Mini Futures,MCX,synthetic,15m,15,synthetic_intraday,SYNTHETIC_INTRADAY,2026-07-06 04:30:00+00:00,mcx_open_drive
2026-07-06,2026-07-06 10:15:00,5722.800769076095,5728.523569845171,5717.077968307019,5722.800769076095,138,83.0,CRUDEOILM-SYNTH,INR,MCX,MCX Crude Oil Mini Futures,MCX,synthetic,15m,15,synthetic_intraday,SYNTHETIC_INTRADAY,2026-07-06 04:45:00+00:00,mcx_open_drive
2026-07-06,2026-07-06 10:30:00,5720.749131359928,5726.469880491287,5715.028382228567,5720.749131359928,560,83.0,CRUDEOILM-SYNTH,INR,MCX,MCX Crude Oil Mini Futures,MCX,synthetic,15m,15,synthetic_intraday,SYNTHETIC_INTRADAY,2026-07-06 05:00:00+00:00,india_morning
2026-07-06,2026-07-06 10:45:00,5724.08735428321,5729.811441637492,5718.363266928926,5724.08735428321,218,83.0,CRUDEOILM-SYNTH,INR,MCX,MCX Crude Oil Mini Futures,MCX,synthetic,15m,15,synthetic_intraday,SYNTHETIC_INTRADAY,2026-07-06 05:15:00+00:00,india_morning
2026-07-06,2026-07-06 11:00:00,5722.197946141228,5727.920144087369,5716.475748195087,5722.197946141228,915,83.0,CRUDEOILM-SYNTH,INR,MCX,MCX Crude Oil Mini Futures,MCX,synthetic,15m,15,synthetic_intraday,SYNTHETIC_INTRADAY,2026-07-06 05:30:00+00:00,india_morning
2026-07-06,2026-07-06 11:15:00,5719.436291711634,5725.155728003345,5713.7168554199225,5719.436291711634,533,83.0,CRUDEOILM-SYNTH,INR,MCX,MCX Crude Oil Mini Futures,MCX,synthetic,15m,15,synthetic_intraday,SYNTHETIC_INTRADAY,2026-07-06 05:45:00+00:00,india_morning
2026-07-06,2026-07-06 11:30:00,5714.381548383367,5720.095929931749,5708.667166834984,5714.381548383367,174,83.0,CRUDEOILM-SYNTH,INR,MCX,MCX Crude Oil Mini Futures,MCX,synthetic,15m,15,synthetic_intraday,SYNTHETIC_INTRADAY,2026-07-06 06:00:00+00:00,india_morning
2026-07-06,2026-07-06 11:45:00,5721.485235588567,5727.206720824155,5715.763750352979,5721.485235588567,136,83.0,CRUDEOILM-SYNTH,INR,MCX,MCX Crude Oil Mini Futures,MCX,synthetic,15m,15,synthetic_intraday,SYNTHETIC_INTRADAY,2026-07-06 06:15:00+00:00,india_morning
2026-07-06,2026-07-06 12:00:00,5717.364442361316,5723.081806803677,5711.647077918955,5717.364442361316,771,83.0,CRUDEOILM-SYNTH,INR,MCX,MCX Crude Oil Mini Futures,MCX,synthetic,15m,15,synthetic_intraday,SYNTHETIC_INTRADAY,2026-07-06 06:30:00+00:00,india_morning
2026-07-06,2026-07-06 12:15:00,5718.7289647818525,5724.447693746633,5713.010235817071,5718.7289647818525,180,83.0,CRUDEOILM-SYNTH,INR,MCX,MCX Crude Oil Mini Futures,MCX,synthetic,15m,15,synthetic_intraday,SYNTHETIC_INTRADAY,2026-07-06 06:45:00+00:00,india_morning
2026-07-06,2026-07-06 12:30:00,5714.961984939939,5720.676946924878,5709.247022954999,5714.961984939939,741,83.0,CRUDEOILM-SYNTH,INR,MCX,MCX Crude Oil Mini Futures,MCX,synthetic,15m,15,synthetic_intraday,SYNTHETIC_INTRADAY,2026-07-06 07:00:00+00:00,india_midday
2026-07-06,2026-07-06 12:45:00,5717.421346256286,5723.1387676025415,5711.703924910029,5717.421346256286,559,83.0,CRUDEOILM-SYNTH,INR,MCX,MCX Crude Oil Mini Futures,MCX,synthetic,15m,15,synthetic_intraday,SYNTHETIC_INTRADAY,2026-07-06 07:15:00+00:00,india_midday
2026-07-06,2026-07-06 13:00:00,5712.778460424586,5718.49123888501,5707.065681964162,5712.778460424586,382,83.0,CRUDEOILM-SYNTH,INR,MCX,MCX Crude Oil Mini Futures,MCX,synthetic,15m,15,synthetic_intraday,SYNTHETIC_INTRADAY,2026-07-06 07:30:00+00:00,india_midday
2026-07-06,2026-07-06 13:15:00,5714.4101199092775,5720.124530029186,5708.695709789368,5714.4101199092775,516,83.0,CRUDEOILM-SYNTH,INR,MCX,MCX Crude Oil Mini Futures,MCX,synthetic,15m,15,synthetic_intraday,SYNTHETIC_INTRADAY,2026-07-06 07:45:00+00:00,india_midday
2026-07-06,2026-07-06 13:30:00,5710.768155336174,5716.478923491509,5705.057387180837,5710.768155336174,486,83.0,CRUDEOILM-SYNTH,INR,MCX,MCX Crude Oil Mini Futures,MCX,synthetic,15m,15,synthetic_intraday,SYNTHETIC_INTRADAY,2026-07-06 08:00:00+00:00,india_midday
2026-07-06,2026-07-06 13:45:00,5712.602047349369,5718.314649396718,5706.889445302019,5712.602047349369,512,83.0,CRUDEOILM-SYNTH,INR,MCX,MCX Crude Oil Mini Futures,MCX,synthetic,15m,15,synthetic_intraday,SYNTHETIC_INTRADAY,2026-07-06 08:15:00+00:00,india_midday
2026-07-06,2026-07-06 14:00:00,5710.951382399119,5716.662333781518,5705.24043101672,5710.951382399119,866,83.0,CRUDEOILM-SYNTH,INR,MCX,MCX Crude Oil Mini Futures,MCX,synthetic,15m,15,synthetic_intraday,SYNTHETIC_INTRADAY,2026-07-06 08:30:00+00:00,india_midday
2026-07-06,2026-07-06 14:15:00,5708.32190254686,5714.030224449406,5702.613580644313,5708.32190254686,532,83.0,CRUDEOILM-SYNTH,INR,MCX,MCX Crude Oil Mini Futures,MCX,synthetic,15m,15,synthetic_intraday,SYNTHETIC_INTRADAY,2026-07-06 08:45:00+00:00,india_midday
2026-07-06,2026-07-06 14:30:00,5714.409673339397,5720.124083012736,5708.695263666058,5714.409673339397,258,83.0,CRUDEOILM-SYNTH,INR,MCX,MCX Crude Oil Mini Futures,MCX,synthetic,15m,15,synthetic_intraday,SYNTHETIC_INTRADAY,2026-07-06 09:00:00+00:00,india_midday
2026-07-06,2026-07-06 14:45:00,5709.822786384646,5715.53260917103,5704.112963598262,5709.822786384646,501,83.0,CRUDEOILM-SYNTH,INR,MCX,MCX Crude Oil Mini Futures,MCX,synthetic,15m,15,synthetic_intraday,SYNTHETIC_INTRADAY,2026-07-06 09:15:00+00:00,india_midday
2026-07-07,2026-07-07 09:00:00,5932.6737493815,5938.606423130881,5926.741075632119,5932.6737493815,989,83.0,CRUDEOILM-SYNTH,INR,MCX,MCX Crude Oil Mini Futures,MCX,synthetic,15m,15,synthetic_intraday,SYNTHETIC_INTRADAY,2026-07-07 03:30:00+00:00,mcx_open_drive
2026-07-07,2026-07-07 09:15:00,5932.6737493815,5938.606423130881,5926.741075632119,5932.6737493815,291,83.0,CRUDEOILM-SYNTH,INR,MCX,MCX Crude Oil Mini Futures,MCX,synthetic,15m,15,synthetic_intraday,SYNTHETIC_INTRADAY,2026-07-07 03:45:00+00:00,mcx_open_drive
2026-07-07,2026-07-07 09:30:00,5932.6737493815,5938.606423130881,5926.741075632119,5932.6737493815,442,83.0,CRUDEOILM-SYNTH,INR,MCX,MCX Crude Oil Mini Futures,MCX,synthetic,15m,15,synthetic_intraday,SYNTHETIC_INTRADAY,2026-07-07 04:00:00+00:00,mcx_open_drive
2026-07-07,2026-07-07 09:45:00,5932.6737493815,5938.606423130881,5926.741075632119,5932.6737493815,825,83.0,CRUDEOILM-SYNTH,INR,MCX,MCX Crude Oil Mini Futures,MCX,synthetic,15m,15,synthetic_intraday,SYNTHETIC_INTRADAY,2026-07-07 04:15:00+00:00,mcx_open_drive
2026-07-07,2026-07-07 10:00:00,5932.6737493815,5938.606423130881,5926.741075632119,5932.6737493815,934,83.0,CRUDEOILM-SYNTH,INR,MCX,MCX Crude Oil Mini Futures,MCX,synthetic,15m,15,synthetic_intraday,SYNTHETIC_INTRADAY,2026-07-07 04:30:00+00:00,mcx_open_drive
2026-07-07,2026-07-07 10:15:00,5932.6737493815,5938.606423130881,5926.741075632119,5932.6737493815,210,83.0,CRUDEOILM-SYNTH,INR,MCX,MCX Crude Oil Mini Futures,MCX,synthetic,15m,15,synthetic_intraday,SYNTHETIC_INTRADAY,2026-07-07 04:45:00+00:00,mcx_open_drive
2026-07-07,2026-07-07 10:30:00,5932.6737493815,5938.606423130881,5926.741075632119,5932.6737493815,406,83.0,CRUDEOILM-SYNTH,INR,MCX,MCX Crude Oil Mini Futures,MCX,synthetic,15m,15,synthetic_intraday,SYNTHETIC_INTRADAY,2026-07-07 05:00:00+00:00,india_morning
2026-07-07,2026-07-07 10:45:00,5932.6737493815,5938.606423130881,5926.741075632119,5932.6737493815,702,83.0,CRUDEOILM-SYNTH,INR,MCX,MCX Crude Oil Mini Futures,MCX,synthetic,15m,15,synthetic_intraday,SYNTHETIC_INTRADAY,2026-07-07 05:15:00+00:00,india_morning
2026-07-07,2026-07-07 11:00:00,5932.6737493815,5938.606423130881,5926.741075632119,5932.6737493815,715,83.0,CRUDEOILM-SYNTH,INR,MCX,MCX Crude Oil Mini Futures,MCX,synthetic,15m,15,synthetic_intraday,SYNTHETIC_INTRADAY,2026-07-07 05:30:00+00:00,india_morning
2026-07-07,2026-07-07 11:15:00,5932.6737493815,5938.606423130881,5926.741075632119,5932.6737493815,660,83.0,CRUDEOILM-SYNTH,INR,MCX,MCX Crude Oil Mini Futures,MCX,synthetic,15m,15,synthetic_intraday,SYNTHETIC_INTRADAY,2026-07-07 05:45:00+00:00,india_morning
2026-07-07,2026-07-07 11:30:00,5932.6737493815,5938.606423130881,5926.741075632119,5932.6737493815,363,83.0,CRUDEOILM-SYNTH,INR,MCX,MCX Crude Oil Mini Futures,MCX,synthetic,15m,15,synthetic_intraday,SYNTHETIC_INTRADAY,2026-07-07 06:00:00+00:00,india_morning
2026-07-07,2026-07-07 11:45:00,5932.6737493815,5938.606423130881,5926.741075632119,5932.6737493815,519,83.0,CRUDEOILM-SYNTH,INR,MCX,MCX Crude Oil Mini Futures,MCX,synthetic,15m,15,synthetic_intraday,SYNTHETIC_INTRADAY,2026-07-07 06:15:00+00:00,india_morning
2026-07-07,2026-07-07 12:00:00,5932.6737493815,5938.606423130881,5926.741075632119,5932.6737493815,717,83.0,CRUDEOILM-SYNTH,INR,MCX,MCX Crude Oil Mini Futures,MCX,synthetic,15m,15,synthetic_intraday,SYNTHETIC_INTRADAY,2026-07-07 06:30:00+00:00,india_morning
2026-07-07,2026-07-07 12:15:00,5932.6737493815,5938.606423130881,5926.741075632119,5932.6737493815,400,83.0,CRUDEOILM-SYNTH,INR,MCX,MCX Crude Oil Mini Futures,MCX,synthetic,15m,15,synthetic_intraday,SYNTHETIC_INTRADAY,2026-07-07 06:45:00+00:00,india_morning
2026-07-07,2026-07-07 12:30:00,5932.6737493815,5938.606423130881,5926.741075632119,5932.6737493815,672,83.0,CRUDEOILM-SYNTH,INR,MCX,MCX Crude Oil Mini Futures,MCX,synthetic,15m,15,synthetic_intraday,SYNTHETIC_INTRADAY,2026-07-07 07:00:00+00:00,india_midday
2026-07-07,2026-07-07 12:45:00,5932.6737493815,5938.606423130881,5926.741075632119,5932.6737493815,674,83.0,CRUDEOILM-SYNTH,INR,MCX,MCX Crude Oil Mini Futures,MCX,synthetic,15m,15,synthetic_intraday,SYNTHETIC_INTRADAY,2026-07-07 07:15:00+00:00,india_midday
2026-07-07,2026-07-07 13:00:00,5932.6737493815,5938.606423130881,5926.741075632119,5932.6737493815,523,83.0,CRUDEOILM-SYNTH,INR,MCX,MCX Crude Oil Mini Futures,MCX,synthetic,15m,15,synthetic_intraday,SYNTHETIC_INTRADAY,2026-07-07 07:30:00+00:00,india_midday
2026-07-07,2026-07-07 13:15:00,5932.6737493815,5938.606423130881,5926.741075632119,5932.6737493815,862,83.0,CRUDEOILM-SYNTH,INR,MCX,MCX Crude Oil Mini Futures,MCX,synthetic,15m,15,synthetic_intraday,SYNTHETIC_INTRADAY,2026-07-07 07:45:00+00:00,india_midday
2026-07-07,2026-07-07 13:30:00,5932.6737493815,5938.606423130881,5926.741075632119,5932.6737493815,267,83.0,CRUDEOILM-SYNTH,INR,MCX,MCX Crude Oil Mini Futures,MCX,synthetic,15m,15,synthetic_intraday,SYNTHETIC_INTRADAY,2026-07-07 08:00:00+00:00,india_midday
2026-07-07,2026-07-07 13:45:00,5939.852749284928,5945.792602034212,5933.912896535643,5939.852749284928,121,83.0,CRUDEOILM-SYNTH,INR,MCX,MCX Crude Oil Mini Futures,MCX,synthetic,15m,15,synthetic_intraday,SYNTHETIC_INTRADAY,2026-07-07 08:15:00+00:00,india_midday
2026-07-07,2026-07-07 14:00:00,5956.592122545652,5962.548714668197,5950.6355304231065,5956.592122545652,979,83.0,CRUDEOILM-SYNTH,INR,MCX,MCX Crude Oil Mini Futures,MCX,synthetic,15m,15,synthetic_intraday,SYNTHETIC_INTRADAY,2026-07-07 08:30:00+00:00,india_midday
2026-07-07,2026-07-07 14:15:00,5966.643614539119,5972.610258153657,5960.67697092458,5966.643614539119,887,83.0,CRUDEOILM-SYNTH,INR,MCX,MCX Crude Oil Mini Futures,MCX,synthetic,15m,15,synthetic_intraday,SYNTHETIC_INTRADAY,2026-07-07 08:45:00+00:00,india_midday
2026-07-07,2026-07-07 14:30:00,5978.631438353073,5984.610069791425,5972.65280691472,5978.631438353073,584,83.0,CRUDEOILM-SYNTH,INR,MCX,MCX Crude Oil Mini Futures,MCX,synthetic,15m,15,synthetic_intraday,SYNTHETIC_INTRADAY,2026-07-07 09:00:00+00:00,india_midday
2026-07-07,2026-07-07 14:45:00,5993.857401725765,5999.85125912749,5987.863544324039,5993.857401725765,488,83.0,CRUDEOILM-SYNTH,INR,MCX,MCX Crude Oil Mini Futures,MCX,synthetic,15m,15,synthetic_intraday,SYNTHETIC_INTRADAY,2026-07-07 09:15:00+00:00,india_midday
2026-07-08,2026-07-08 09:00:00,6041.9599997526,6048.001959752352,6035.918039752848,6041.9599997526,496,83.0,CRUDEOILM-SYNTH,INR,MCX,MCX Crude Oil Mini Futures,MCX,synthetic,15m,15,synthetic_intraday,SYNTHETIC_INTRADAY,2026-07-08 03:30:00+00:00,mcx_open_drive
2026-07-08,2026-07-08 09:15:00,6041.9599997526,6048.001959752352,6035.918039752848,6041.9599997526,264,83.0,CRUDEOILM-SYNTH,INR,MCX,MCX Crude Oil Mini Futures,MCX,synthetic,15m,15,synthetic_intraday,SYNTHETIC_INTRADAY,2026-07-08 03:45:00+00:00,mcx_open_drive
2026-07-08,2026-07-08 09:30:00,6041.9599997526,6048.001959752352,6035.918039752848,6041.9599997526,837,83.0,CRUDEOILM-SYNTH,INR,MCX,MCX Crude Oil Mini Futures,MCX,synthetic,15m,15,synthetic_intraday,SYNTHETIC_INTRADAY,2026-07-08 04:00:00+00:00,mcx_open_drive
2026-07-08,2026-07-08 09:45:00,6041.9599997526,6048.001959752352,6035.918039752848,6041.9599997526,473,83.0,CRUDEOILM-SYNTH,INR,MCX,MCX Crude Oil Mini Futures,MCX,synthetic,15m,15,synthetic_intraday,SYNTHETIC_INTRADAY,2026-07-08 04:15:00+00:00,mcx_open_drive
2026-07-08,2026-07-08 10:00:00,6041.9599997526,6048.001959752352,6035.918039752848,6041.9599997526,530,83.0,CRUDEOILM-SYNTH,INR,MCX,MCX Crude Oil Mini Futures,MCX,synthetic,15m,15,synthetic_intraday,SYNTHETIC_INTRADAY,2026-07-08 04:30:00+00:00,mcx_open_drive
2026-07-08,2026-07-08 10:15:00,6041.9599997526,6048.001959752352,6035.918039752848,6041.9599997526,773,83.0,CRUDEOILM-SYNTH,INR,MCX,MCX Crude Oil Mini Futures,MCX,synthetic,15m,15,synthetic_intraday,SYNTHETIC_INTRADAY,2026-07-08 04:45:00+00:00,mcx_open_drive
2026-07-08,2026-07-08 10:30:00,6041.9599997526,6048.001959752352,6035.918039752848,6041.9599997526,376,83.0,CRUDEOILM-SYNTH,INR,MCX,MCX Crude Oil Mini Futures,MCX,synthetic,15m,15,synthetic_intraday,SYNTHETIC_INTRADAY,2026-07-08 05:00:00+00:00,india_morning
2026-07-08,2026-07-08 10:45:00,6041.9599997526,6048.001959752352,6035.918039752848,6041.9599997526,503,83.0,CRUDEOILM-SYNTH,INR,MCX,MCX Crude Oil Mini Futures,MCX,synthetic,15m,15,synthetic_intraday,SYNTHETIC_INTRADAY,2026-07-08 05:15:00+00:00,india_morning
2026-07-08,2026-07-08 11:00:00,6041.9599997526,6048.001959752352,6035.918039752848,6041.9599997526,601,83.0,CRUDEOILM-SYNTH,INR,MCX,MCX Crude Oil Mini Futures,MCX,synthetic,15m,15,synthetic_intraday,SYNTHETIC_INTRADAY,2026-07-08 05:30:00+00:00,india_morning
2026-07-08,2026-07-08 11:15:00,6041.9599997526,6048.001959752352,6035.918039752848,6041.9599997526,117,83.0,CRUDEOILM-SYNTH,INR,MCX,MCX Crude Oil Mini Futures,MCX,synthetic,15m,15,synthetic_intraday,SYNTHETIC_INTRADAY,2026-07-08 05:45:00+00:00,india_morning
2026-07-08,2026-07-08 11:30:00,6041.9599997526,6048.001959752352,6035.918039752848,6041.9599997526,599,83.0,CRUDEOILM-SYNTH,INR,MCX,MCX Crude Oil Mini Futures,MCX,synthetic,15m,15,synthetic_intraday,SYNTHETIC_INTRADAY,2026-07-08 06:00:00+00:00,india_morning
2026-07-08,2026-07-08 11:45:00,6047.970622217395,6054.018592839612,6041.922651595178,6047.970622217395,619,83.0,CRUDEOILM-SYNTH,INR,MCX,MCX Crude Oil Mini Futures,MCX,synthetic,15m,15,synthetic_intraday,SYNTHETIC_INTRADAY,2026-07-08 06:15:00+00:00,india_morning
2026-07-08,2026-07-08 12:00:00,6049.781775234226,6055.83155700946,6043.731993458992,6049.781775234226,431,83.0,CRUDEOILM-SYNTH,INR,MCX,MCX Crude Oil Mini Futures,MCX,synthetic,15m,15,synthetic_intraday,SYNTHETIC_INTRADAY,2026-07-08 06:30:00+00:00,india_morning
2026-07-08,2026-07-08 12:15:00,6057.155306641296,6063.212461947936,6051.098151334655,6057.155306641296,246,83.0,CRUDEOILM-SYNTH,INR,MCX,MCX Crude Oil Mini Futures,MCX,synthetic,15m,15,synthetic_intraday,SYNTHETIC_INTRADAY,2026-07-08 06:45:00+00:00,india_morning
2026-07-08,2026-07-08 12:30:00,6056.855607196612,6062.912462803808,6050.798751589416,6056.855607196612,528,83.0,CRUDEOILM-SYNTH,INR,MCX,MCX Crude Oil Mini Futures,MCX,synthetic,15m,15,synthetic_intraday,SYNTHETIC_INTRADAY,2026-07-08 07:00:00+00:00,india_midday
2026-07-08,2026-07-08 12:45:00,6065.855422575897,6071.921277998473,6059.7895671533215,6065.855422575897,365,83.0,CRUDEOILM-SYNTH,INR,MCX,MCX Crude Oil Mini Futures,MCX,synthetic,15m,15,synthetic_intraday,SYNTHETIC_INTRADAY,2026-07-08 07:15:00+00:00,india_midday
2026-07-08,2026-07-08 13:00:00,6072.285537893058,6078.357823430951,6066.213252355165,6072.285537893058,327,83.0,CRUDEOILM-SYNTH,INR,MCX,MCX Crude Oil Mini Futures,MCX,synthetic,15m,15,synthetic_intraday,SYNTHETIC_INTRADAY,2026-07-08 07:30:00+00:00,india_midday
2026-07-08,2026-07-08 13:15:00,6070.6365547632495,6076.707191318012,6064.565918208486,6070.6365547632495,105,83.0,CRUDEOILM-SYNTH,INR,MCX,MCX Crude Oil Mini Futures,MCX,synthetic,15m,15,synthetic_intraday,SYNTHETIC_INTRADAY,2026-07-08 07:45:00+00:00,india_midday
2026-07-08,2026-07-08 13:30:00,6079.628709277045,6085.708337986322,6073.549080567768,6079.628709277045,582,83.0,CRUDEOILM-SYNTH,INR,MCX,MCX Crude Oil Mini Futures,MCX,synthetic,15m,15,synthetic_intraday,SYNTHETIC_INTRADAY,2026-07-08 08:00:00+00:00,india_midday
2026-07-08,2026-07-08 13:45:00,6081.5574437805035,6087.639001224284,6075.475886336723,6081.5574437805035,920,83.0,CRUDEOILM-SYNTH,INR,MCX,MCX Crude Oil Mini Futures,MCX,synthetic,15m,15,synthetic_intraday,SYNTHETIC_INTRADAY,2026-07-08 08:15:00+00:00,india_midday
2026-07-08,2026-07-08 14:00:00,6086.860780790671,6092.947641571461,6080.77392000988,6086.860780790671,982,83.0,CRUDEOILM-SYNTH,INR,MCX,MCX Crude Oil Mini Futures,MCX,synthetic,15m,15,synthetic_intraday,SYNTHETIC_INTRADAY,2026-07-08 08:30:00+00:00,india_midday
2026-07-08,2026-07-08 14:15:00,6095.309992775315,6101.405302768089,6089.214682782539,6095.309992775315,879,83.0,CRUDEOILM-SYNTH,INR,MCX,MCX Crude Oil Mini Futures,MCX,synthetic,15m,15,synthetic_intraday,SYNTHETIC_INTRADAY,2026-07-08 08:45:00+00:00,india_midday
2026-07-08,2026-07-08 14:30:00,6097.575741105032,6103.673316846136,6091.478165363927,6097.575741105032,385,83.0,CRUDEOILM-SYNTH,INR,MCX,MCX Crude Oil Mini Futures,MCX,synthetic,15m,15,synthetic_intraday,SYNTHETIC_INTRADAY,2026-07-08 09:00:00+00:00,india_midday
2026-07-08,2026-07-08 14:45:00,6099.217285705192,6105.316502990896,6093.118068419487,6099.217285705192,727,83.0,CRUDEOILM-SYNTH,INR,MCX,MCX Crude Oil Mini Futures,MCX,synthetic,15m,15,synthetic_intraday,SYNTHETIC_INTRADAY,2026-07-08 09:15:00+00:00,india_midday
2026-07-09,2026-07-09 09:00:00,6019.832095454801,6025.851927550255,6013.812263359346,6019.832095454801,647,83.0,CRUDEOILM-SYNTH,INR,MCX,MCX Crude Oil Mini Futures,MCX,synthetic,15m,15,synthetic_intraday,SYNTHETIC_INTRADAY,2026-07-09 03:30:00+00:00,mcx_open_drive
2026-07-09,2026-07-09 09:15:00,6019.832095454801,6025.851927550255,6013.812263359346,6019.832095454801,735,83.0,CRUDEOILM-SYNTH,INR,MCX,MCX Crude Oil Mini Futures,MCX,synthetic,15m,15,synthetic_intraday,SYNTHETIC_INTRADAY,2026-07-09 03:45:00+00:00,mcx_open_drive
2026-07-09,2026-07-09 09:30:00,6019.832095454801,6025.851927550255,6013.812263359346,6019.832095454801,712,83.0,CRUDEOILM-SYNTH,INR,MCX,MCX Crude Oil Mini Futures,MCX,synthetic,15m,15,synthetic_intraday,SYNTHETIC_INTRADAY,2026-07-09 04:00:00+00:00,mcx_open_drive
2026-07-09,2026-07-09 09:45:00,6019.832095454801,6025.851927550255,6013.812263359346,6019.832095454801,862,83.0,CRUDEOILM-SYNTH,INR,MCX,MCX Crude Oil Mini Futures,MCX,synthetic,15m,15,synthetic_intraday,SYNTHETIC_INTRADAY,2026-07-09 04:15:00+00:00,mcx_open_drive
2026-07-09,2026-07-09 10:00:00,6019.832095454801,6025.851927550255,6013.812263359346,6019.832095454801,926,83.0,CRUDEOILM-SYNTH,INR,MCX,MCX Crude Oil Mini Futures,MCX,synthetic,15m,15,synthetic_intraday,SYNTHETIC_INTRADAY,2026-07-09 04:30:00+00:00,mcx_open_drive
2026-07-09,2026-07-09 10:15:00,6019.832095454801,6025.851927550255,6013.812263359346,6019.832095454801,164,83.0,CRUDEOILM-SYNTH,INR,MCX,MCX Crude Oil Mini Futures,MCX,synthetic,15m,15,synthetic_intraday,SYNTHETIC_INTRADAY,2026-07-09 04:45:00+00:00,mcx_open_drive
2026-07-09,2026-07-09 10:30:00,6019.832095454801,6025.851927550255,6013.812263359346,6019.832095454801,311,83.0,CRUDEOILM-SYNTH,INR,MCX,MCX Crude Oil Mini Futures,MCX,synthetic,15m,15,synthetic_intraday,SYNTHETIC_INTRADAY,2026-07-09 05:00:00+00:00,india_morning
2026-07-09,2026-07-09 10:45:00,6019.832095454801,6025.851927550255,6013.812263359346,6019.832095454801,502,83.0,CRUDEOILM-SYNTH,INR,MCX,MCX Crude Oil Mini Futures,MCX,synthetic,15m,15,synthetic_intraday,SYNTHETIC_INTRADAY,2026-07-09 05:15:00+00:00,india_morning
2026-07-09,2026-07-09 11:00:00,6019.832095454801,6025.851927550255,6013.812263359346,6019.832095454801,730,83.0,CRUDEOILM-SYNTH,INR,MCX,MCX Crude Oil Mini Futures,MCX,synthetic,15m,15,synthetic_intraday,SYNTHETIC_INTRADAY,2026-07-09 05:30:00+00:00,india_morning
2026-07-09,2026-07-09 11:15:00,6019.832095454801,6025.851927550255,6013.812263359346,6019.832095454801,723,83.0,CRUDEOILM-SYNTH,INR,MCX,MCX Crude Oil Mini Futures,MCX,synthetic,15m,15,synthetic_intraday,SYNTHETIC_INTRADAY,2026-07-09 05:45:00+00:00,india_morning
2026-07-09,2026-07-09 11:30:00,6019.832095454801,6025.851927550255,6013.812263359346,6019.832095454801,204,83.0,CRUDEOILM-SYNTH,INR,MCX,MCX Crude Oil Mini Futures,MCX,synthetic,15m,15,synthetic_intraday,SYNTHETIC_INTRADAY,2026-07-09 06:00:00+00:00,india_morning
2026-07-09,2026-07-09 11:45:00,6019.832095454801,6025.851927550255,6013.812263359346,6019.832095454801,890,83.0,CRUDEOILM-SYNTH,INR,MCX,MCX Crude Oil Mini Futures,MCX,synthetic,15m,15,synthetic_intraday,SYNTHETIC_INTRADAY,2026-07-09 06:15:00+00:00,india_morning
2026-07-09,2026-07-09 12:00:00,6019.832095454801,6025.851927550255,6013.812263359346,6019.832095454801,878,83.0,CRUDEOILM-SYNTH,INR,MCX,MCX Crude Oil Mini Futures,MCX,synthetic,15m,15,synthetic_intraday,SYNTHETIC_INTRADAY,2026-07-09 06:30:00+00:00,india_morning
2026-07-09,2026-07-09 12:15:00,6019.832095454801,6025.851927550255,6013.812263359346,6019.832095454801,101,83.0,CRUDEOILM-SYNTH,INR,MCX,MCX Crude Oil Mini Futures,MCX,synthetic,15m,15,synthetic_intraday,SYNTHETIC_INTRADAY,2026-07-09 06:45:00+00:00,india_morning
2026-07-09,2026-07-09 12:30:00,6009.535298308951,6015.544833607259,6003.525763010642,6009.535298308951,272,83.0,CRUDEOILM-SYNTH,INR,MCX,MCX Crude Oil Mini Futures,MCX,synthetic,15m,15,synthetic_intraday,SYNTHETIC_INTRADAY,2026-07-09 07:00:00+00:00,india_midday
2026-07-09,2026-07-09 12:45:00,6011.048218837667,6017.059267056505,6005.03717061883,6011.048218837667,213,83.0,CRUDEOILM-SYNTH,INR,MCX,MCX Crude Oil Mini Futures,MCX,synthetic,15m,15,synthetic_intraday,SYNTHETIC_INTRADAY,2026-07-09 07:15:00+00:00,india_midday
2026-07-09,2026-07-09 13:00:00,6003.159364117688,6009.162523481805,5997.15620475357,6003.159364117688,764,83.0,CRUDEOILM-SYNTH,INR,MCX,MCX Crude Oil Mini Futures,MCX,synthetic,15m,15,synthetic_intraday,SYNTHETIC_INTRADAY,2026-07-09 07:30:00+00:00,india_midday
2026-07-09,2026-07-09 13:15:00,5994.549258355919,6000.543807614275,5988.554709097563,5994.549258355919,749,83.0,CRUDEOILM-SYNTH,INR,MCX,MCX Crude Oil Mini Futures,MCX,synthetic,15m,15,synthetic_intraday,SYNTHETIC_INTRADAY,2026-07-09 07:45:00+00:00,india_midday
2026-07-09,2026-07-09 13:30:00,5990.251984192218,5996.242236176409,5984.261732208025,5990.251984192218,760,83.0,CRUDEOILM-SYNTH,INR,MCX,MCX Crude Oil Mini Futures,MCX,synthetic,15m,15,synthetic_intraday,SYNTHETIC_INTRADAY,2026-07-09 08:00:00+00:00,india_midday
2026-07-09,2026-07-09 13:45:00,5986.197394380915,5992.183591775295,5980.211196986535,5986.197394380915,441,83.0,CRUDEOILM-SYNTH,INR,MCX,MCX Crude Oil Mini Futures,MCX,synthetic,15m,15,synthetic_intraday,SYNTHETIC_INTRADAY,2026-07-09 08:15:00+00:00,india_midday
2026-07-09,2026-07-09 14:00:00,5976.774398774329,5982.751173173103,5970.797624375555,5976.774398774329,967,83.0,CRUDEOILM-SYNTH,INR,MCX,MCX Crude Oil Mini Futures,MCX,synthetic,15m,15,synthetic_intraday,SYNTHETIC_INTRADAY,2026-07-09 08:30:00+00:00,india_midday
2026-07-09,2026-07-09 14:15:00,5971.520762736913,5977.492283499649,5965.549241974176,5971.520762736913,615,83.0,CRUDEOILM-SYNTH,INR,MCX,MCX Crude Oil Mini Futures,MCX,synthetic,15m,15,synthetic_intraday,SYNTHETIC_INTRADAY,2026-07-09 08:45:00+00:00,india_midday
2026-07-09,2026-07-09 14:30:00,5967.650778911605,5973.618429690516,5961.683128132693,5967.650778911605,377,83.0,CRUDEOILM-SYNTH,INR,MCX,MCX Crude Oil Mini Futures,MCX,synthetic,15m,15,synthetic_intraday,SYNTHETIC_INTRADAY,2026-07-09 09:00:00+00:00,india_midday
2026-07-09,2026-07-09 14:45:00,5962.656139657268,5968.618795796924,5956.693483517611,5962.656139657268,846,83.0,CRUDEOILM-SYNTH,INR,MCX,MCX Crude Oil Mini Futures,MCX,synthetic,15m,15,synthetic_intraday,SYNTHETIC_INTRADAY,2026-07-09 09:15:00+00:00,india_midday
2026-07-10,2026-07-10 09:00:00,5960.638678545182,5966.599317223727,5954.678039866637,5960.638678545182,486,83.0,CRUDEOILM-SYNTH,INR,MCX,MCX Crude Oil Mini Futures,MCX,synthetic,15m,15,synthetic_intraday,SYNTHETIC_INTRADAY,2026-07-10 03:30:00+00:00,mcx_open_drive
2026-07-10,2026-07-10 09:15:00,5962.064993474125,5968.027058467598,5956.102928480651,5962.064993474125,397,83.0,CRUDEOILM-SYNTH,INR,MCX,MCX Crude Oil Mini Futures,MCX,synthetic,15m,15,synthetic_intraday,SYNTHETIC_INTRADAY,2026-07-10 03:45:00+00:00,mcx_open_drive
2026-07-10,2026-07-10 09:30:00,5953.701110021147,5959.654811131167,5947.747408911126,5953.701110021147,371,83.0,CRUDEOILM-SYNTH,INR,MCX,MCX Crude Oil Mini Futures,MCX,synthetic,15m,15,synthetic_intraday,SYNTHETIC_INTRADAY,2026-07-10 04:00:00+00:00,mcx_open_drive
2026-07-10,2026-07-10 09:45:00,5955.034653766563,5960.989688420329,5949.0796191127965,5955.034653766563,826,83.0,CRUDEOILM-SYNTH,INR,MCX,MCX Crude Oil Mini Futures,MCX,synthetic,15m,15,synthetic_intraday,SYNTHETIC_INTRADAY,2026-07-10 04:15:00+00:00,mcx_open_drive
2026-07-10,2026-07-10 10:00:00,5955.972747696036,5961.928720443731,5950.01677494834,5955.972747696036,170,83.0,CRUDEOILM-SYNTH,INR,MCX,MCX Crude Oil Mini Futures,MCX,synthetic,15m,15,synthetic_intraday,SYNTHETIC_INTRADAY,2026-07-10 04:30:00+00:00,mcx_open_drive
2026-07-10,2026-07-10 10:15:00,5948.028182638698,5953.976210821336,5942.080154456059,5948.028182638698,315,83.0,CRUDEOILM-SYNTH,INR,MCX,MCX Crude Oil Mini Futures,MCX,synthetic,15m,15,synthetic_intraday,SYNTHETIC_INTRADAY,2026-07-10 04:45:00+00:00,mcx_open_drive
2026-07-10,2026-07-10 10:30:00,5950.782805447666,5956.733588253112,5944.832022642218,5950.782805447666,503,83.0,CRUDEOILM-SYNTH,INR,MCX,MCX Crude Oil Mini Futures,MCX,synthetic,15m,15,synthetic_intraday,SYNTHETIC_INTRADAY,2026-07-10 05:00:00+00:00,india_morning
2026-07-10,2026-07-10 10:45:00,5951.110345296332,5957.061455641628,5945.159234951036,5951.110345296332,763,83.0,CRUDEOILM-SYNTH,INR,MCX,MCX Crude Oil Mini Futures,MCX,synthetic,15m,15,synthetic_intraday,SYNTHETIC_INTRADAY,2026-07-10 05:15:00+00:00,india_morning
2026-07-10,2026-07-10 11:00:00,5953.5529063777785,5959.506459284155,5947.599353471401,5953.5529063777785,562,83.0,CRUDEOILM-SYNTH,INR,MCX,MCX Crude Oil Mini Futures,MCX,synthetic,15m,15,synthetic_intraday,SYNTHETIC_INTRADAY,2026-07-10 05:30:00+00:00,india_morning
2026-07-10,2026-07-10 11:15:00,5947.265807070826,5953.213072877896,5941.318541263755,5947.265807070826,834,83.0,CRUDEOILM-SYNTH,INR,MCX,MCX Crude Oil Mini Futures,MCX,synthetic,15m,15,synthetic_intraday,SYNTHETIC_INTRADAY,2026-07-10 05:45:00+00:00,india_morning
2026-07-10,2026-07-10 11:30:00,5944.900013919227,5950.844913933145,5938.955113905307,5944.900013919227,458,83.0,CRUDEOILM-SYNTH,INR,MCX,MCX Crude Oil Mini Futures,MCX,synthetic,15m,15,synthetic_intraday,SYNTHETIC_INTRADAY,2026-07-10 06:00:00+00:00,india_morning
2026-07-10,2026-07-10 11:45:00,5943.082027710589,5949.025109738299,5937.138945682878,5943.082027710589,277,83.0,CRUDEOILM-SYNTH,INR,MCX,MCX Crude Oil Mini Futures,MCX,synthetic,15m,15,synthetic_intraday,SYNTHETIC_INTRADAY,2026-07-10 06:15:00+00:00,india_morning
2026-07-10,2026-07-10 12:00:00,5938.120720978449,5944.058841699427,5932.182600257471,5938.120720978449,160,83.0,CRUDEOILM-SYNTH,INR,MCX,MCX Crude Oil Mini Futures,MCX,synthetic,15m,15,synthetic_intraday,SYNTHETIC_INTRADAY,2026-07-10 06:30:00+00:00,india_morning
2026-07-10,2026-07-10 12:15:00,5938.342652833473,5944.280995486306,5932.404310180639,5938.342652833473,874,83.0,CRUDEOILM-SYNTH,INR,MCX,MCX Crude Oil Mini Futures,MCX,synthetic,15m,15,synthetic_intraday,SYNTHETIC_INTRADAY,2026-07-10 06:45:00+00:00,india_morning
2026-07-10,2026-07-10 12:30:00,5940.399669958359,5946.340069628316,5934.4592702884,5940.399669958359,729,83.0,CRUDEOILM-SYNTH,INR,MCX,MCX Crude Oil Mini Futures,MCX,synthetic,15m,15,synthetic_intraday,SYNTHETIC_INTRADAY,2026-07-10 07:00:00+00:00,india_midday
2026-07-10,2026-07-10 12:45:00,5939.96761605169,5945.907583667741,5934.027648435638,5939.96761605169,545,83.0,CRUDEOILM-SYNTH,INR,MCX,MCX Crude Oil Mini Futures,MCX,synthetic,15m,15,synthetic_intraday,SYNTHETIC_INTRADAY,2026-07-10 07:15:00+00:00,india_midday
2026-07-10,2026-07-10 13:00:00,5936.289836504767,5942.226126341271,5930.353546668262,5936.289836504767,432,83.0,CRUDEOILM-SYNTH,INR,MCX,MCX Crude Oil Mini Futures,MCX,synthetic,15m,15,synthetic_intraday,SYNTHETIC_INTRADAY,2026-07-10 07:30:00+00:00,india_midday
2026-07-10,2026-07-10 13:15:00,5933.919286058308,5939.853205344366,5927.98536677225,5933.919286058308,881,83.0,CRUDEOILM-SYNTH,INR,MCX,MCX Crude Oil Mini Futures,MCX,synthetic,15m,15,synthetic_intraday,SYNTHETIC_INTRADAY,2026-07-10 07:45:00+00:00,india_midday
2026-07-10,2026-07-10 13:30:00,5936.184275147853,5942.120459423,5930.248090872706,5936.184275147853,321,83.0,CRUDEOILM-SYNTH,INR,MCX,MCX Crude Oil Mini Futures,MCX,synthetic,15m,15,synthetic_intraday,SYNTHETIC_INTRADAY,2026-07-10 08:00:00+00:00,india_midday
2026-07-10,2026-07-10 13:45:00,5930.432662591879,5936.363095254471,5924.502229929288,5930.432662591879,298,83.0,CRUDEOILM-SYNTH,INR,MCX,MCX Crude Oil Mini Futures,MCX,synthetic,15m,15,synthetic_intraday,SYNTHETIC_INTRADAY,2026-07-10 08:15:00+00:00,india_midday
2026-07-10,2026-07-10 14:00:00,5931.310981964473,5937.242292946437,5925.379670982509,5931.310981964473,169,83.0,CRUDEOILM-SYNTH,INR,MCX,MCX Crude Oil Mini Futures,MCX,synthetic,15m,15,synthetic_intraday,SYNTHETIC_INTRADAY,2026-07-10 08:30:00+00:00,india_midday
2026-07-10,2026-07-10 14:15:00,5929.061870645597,5934.990932516242,5923.132808774952,5929.061870645597,908,83.0,CRUDEOILM-SYNTH,INR,MCX,MCX Crude Oil Mini Futures,MCX,synthetic,15m,15,synthetic_intraday,SYNTHETIC_INTRADAY,2026-07-10 08:45:00+00:00,india_midday
2026-07-10,2026-07-10 14:30:00,5933.705707032421,5939.639412739452,5927.772001325388,5933.705707032421,688,83.0,CRUDEOILM-SYNTH,INR,MCX,MCX Crude Oil Mini Futures,MCX,synthetic,15m,15,synthetic_intraday,SYNTHETIC_INTRADAY,2026-07-10 09:00:00+00:00,india_midday
2026-07-10,2026-07-10 14:45:00,5922.207001485377,5928.129208486862,5916.284794483891,5922.207001485377,114,83.0,CRUDEOILM-SYNTH,INR,MCX,MCX Crude Oil Mini Futures,MCX,synthetic,15m,15,synthetic_intraday,SYNTHETIC_INTRADAY,2026-07-10 09:15:00+00:00,india_midday
2026-07-13,2026-07-13 09:00:00,6409.26,6415.66926,6402.85074,6409.26,861,83.0,CRUDEOILM-SYNTH,INR,MCX,MCX Crude Oil Mini Futures,MCX,synthetic,15m,15,synthetic_intraday,SYNTHETIC_INTRADAY,2026-07-13 03:30:00+00:00,mcx_open_drive
2026-07-13,2026-07-13 09:15:00,6409.26,6415.66926,6402.85074,6409.26,342,83.0,CRUDEOILM-SYNTH,INR,MCX,MCX Crude Oil Mini Futures,MCX,synthetic,15m,15,synthetic_intraday,SYNTHETIC_INTRADAY,2026-07-13 03:45:00+00:00,mcx_open_drive
2026-07-13,2026-07-13 09:30:00,6409.26,6415.66926,6402.85074,6409.26,662,83.0,CRUDEOILM-SYNTH,INR,MCX,MCX Crude Oil Mini Futures,MCX,synthetic,15m,15,synthetic_intraday,SYNTHETIC_INTRADAY,2026-07-13 04:00:00+00:00,mcx_open_drive
2026-07-13,2026-07-13 09:45:00,6409.26,6415.66926,6402.85074,6409.26,962,83.0,CRUDEOILM-SYNTH,INR,MCX,MCX Crude Oil Mini Futures,MCX,synthetic,15m,15,synthetic_intraday,SYNTHETIC_INTRADAY,2026-07-13 04:15:00+00:00,mcx_open_drive
2026-07-13,2026-07-13 10:00:00,6409.26,6415.66926,6402.85074,6409.26,184,83.0,CRUDEOILM-SYNTH,INR,MCX,MCX Crude Oil Mini Futures,MCX,synthetic,15m,15,synthetic_intraday,SYNTHETIC_INTRADAY,2026-07-13 04:30:00+00:00,mcx_open_drive
2026-07-13,2026-07-13 10:15:00,6409.26,6415.66926,6402.85074,6409.26,683,83.0,CRUDEOILM-SYNTH,INR,MCX,MCX Crude Oil Mini Futures,MCX,synthetic,15m,15,synthetic_intraday,SYNTHETIC_INTRADAY,2026-07-13 04:45:00+00:00,mcx_open_drive
2026-07-13,2026-07-13 10:30:00,6409.26,6415.66926,6402.85074,6409.26,153,83.0,CRUDEOILM-SYNTH,INR,MCX,MCX Crude Oil Mini Futures,MCX,synthetic,15m,15,synthetic_intraday,SYNTHETIC_INTRADAY,2026-07-13 05:00:00+00:00,india_morning
2026-07-13,2026-07-13 10:45:00,6409.26,6415.66926,6402.85074,6409.26,545,83.0,CRUDEOILM-SYNTH,INR,MCX,MCX Crude Oil Mini Futures,MCX,synthetic,15m,15,synthetic_intraday,SYNTHETIC_INTRADAY,2026-07-13 05:15:00+00:00,india_morning
2026-07-13,2026-07-13 11:00:00,6409.26,6415.66926,6402.85074,6409.26,672,83.0,CRUDEOILM-SYNTH,INR,MCX,MCX Crude Oil Mini Futures,MCX,synthetic,15m,15,synthetic_intraday,SYNTHETIC_INTRADAY,2026-07-13 05:30:00+00:00,india_morning
2026-07-13,2026-07-13 11:15:00,6409.26,6415.66926,6402.85074,6409.26,930,83.0,CRUDEOILM-SYNTH,INR,MCX,MCX Crude Oil Mini Futures,MCX,synthetic,15m,15,synthetic_intraday,SYNTHETIC_INTRADAY,2026-07-13 05:45:00+00:00,india_morning
2026-07-13,2026-07-13 11:30:00,6409.26,6415.66926,6402.85074,6409.26,809,83.0,CRUDEOILM-SYNTH,INR,MCX,MCX Crude Oil Mini Futures,MCX,synthetic,15m,15,synthetic_intraday,SYNTHETIC_INTRADAY,2026-07-13 06:00:00+00:00,india_morning
2026-07-13,2026-07-13 11:45:00,6409.26,6415.66926,6402.85074,6409.26,921,83.0,CRUDEOILM-SYNTH,INR,MCX,MCX Crude Oil Mini Futures,MCX,synthetic,15m,15,synthetic_intraday,SYNTHETIC_INTRADAY,2026-07-13 06:15:00+00:00,india_morning
2026-07-13,2026-07-13 12:00:00,6409.26,6415.66926,6402.85074,6409.26,227,83.0,CRUDEOILM-SYNTH,INR,MCX,MCX Crude Oil Mini Futures,MCX,synthetic,15m,15,synthetic_intraday,SYNTHETIC_INTRADAY,2026-07-13 06:30:00+00:00,india_morning
2026-07-13,2026-07-13 12:15:00,6409.26,6415.66926,6402.85074,6409.26,428,83.0,CRUDEOILM-SYNTH,INR,MCX,MCX Crude Oil Mini Futures,MCX,synthetic,15m,15,synthetic_intraday,SYNTHETIC_INTRADAY,2026-07-13 06:45:00+00:00,india_morning
2026-07-13,2026-07-13 12:30:00,6409.26,6415.66926,6402.85074,6409.26,614,83.0,CRUDEOILM-SYNTH,INR,MCX,MCX Crude Oil Mini Futures,MCX,synthetic,15m,15,synthetic_intraday,SYNTHETIC_INTRADAY,2026-07-13 07:00:00+00:00,india_midday
2026-07-13,2026-07-13 12:45:00,6409.26,6415.66926,6402.85074,6409.26,496,83.0,CRUDEOILM-SYNTH,INR,MCX,MCX Crude Oil Mini Futures,MCX,synthetic,15m,15,synthetic_intraday,SYNTHETIC_INTRADAY,2026-07-13 07:15:00+00:00,india_midday
2026-07-13,2026-07-13 13:00:00,6409.26,6415.66926,6402.85074,6409.26,421,83.0,CRUDEOILM-SYNTH,INR,MCX,MCX Crude Oil Mini Futures,MCX,synthetic,15m,15,synthetic_intraday,SYNTHETIC_INTRADAY,2026-07-13 07:30:00+00:00,india_midday
2026-07-13,2026-07-13 13:15:00,6409.26,6415.66926,6402.85074,6409.26,576,83.0,CRUDEOILM-SYNTH,INR,MCX,MCX Crude Oil Mini Futures,MCX,synthetic,15m,15,synthetic_intraday,SYNTHETIC_INTRADAY,2026-07-13 07:45:00+00:00,india_midday
2026-07-13,2026-07-13 13:30:00,6409.26,6415.66926,6402.85074,6409.26,756,83.0,CRUDEOILM-SYNTH,INR,MCX,MCX Crude Oil Mini Futures,MCX,synthetic,15m,15,synthetic_intraday,SYNTHETIC_INTRADAY,2026-07-13 08:00:00+00:00,india_midday
2026-07-13,2026-07-13 13:45:00,6409.26,6415.66926,6402.85074,6409.26,219,83.0,CRUDEOILM-SYNTH,INR,MCX,MCX Crude Oil Mini Futures,MCX,synthetic,15m,15,synthetic_intraday,SYNTHETIC_INTRADAY,2026-07-13 08:15:00+00:00,india_midday
2026-07-13,2026-07-13 14:00:00,6409.26,6415.66926,6402.85074,6409.26,561,83.0,CRUDEOILM-SYNTH,INR,MCX,MCX Crude Oil Mini Futures,MCX,synthetic,15m,15,synthetic_intraday,SYNTHETIC_INTRADAY,2026-07-13 08:30:00+00:00,india_midday
2026-07-13,2026-07-13 14:15:00,6428.607134282185,6435.035741416466,6422.178527147903,6428.607134282185,847,83.0,CRUDEOILM-SYNTH,INR,MCX,MCX Crude Oil Mini Futures,MCX,synthetic,15m,15,synthetic_intraday,SYNTHETIC_INTRADAY,2026-07-13 08:45:00+00:00,india_midday
2026-07-13,2026-07-13 14:30:00,6448.9780132359465,6455.426991249182,6442.52903522271,6448.9780132359465,193,83.0,CRUDEOILM-SYNTH,INR,MCX,MCX Crude Oil Mini Futures,MCX,synthetic,15m,15,synthetic_intraday,SYNTHETIC_INTRADAY,2026-07-13 09:00:00+00:00,india_midday
2026-07-13,2026-07-13 14:45:00,6475.251149547942,6481.726400697489,6468.775898398394,6475.251149547942,168,83.0,CRUDEOILM-SYNTH,INR,MCX,MCX Crude Oil Mini Futures,MCX,synthetic,15m,15,synthetic_intraday,SYNTHETIC_INTRADAY,2026-07-13 09:15:00+00:00,india_midday
2026-07-14,2026-07-14 09:00:00,6559.631250371101,6566.190881621471,6553.071619120729,6559.631250371101,369,83.0,CRUDEOILM-SYNTH,INR,MCX,MCX Crude Oil Mini Futures,MCX,synthetic,15m,15,synthetic_intraday,SYNTHETIC_INTRADAY,2026-07-14 03:30:00+00:00,mcx_open_drive
2026-07-14,2026-07-14 09:15:00,6559.631250371101,6566.190881621471,6553.071619120729,6559.631250371101,538,83.0,CRUDEOILM-SYNTH,INR,MCX,MCX Crude Oil Mini Futures,MCX,synthetic,15m,15,synthetic_intraday,SYNTHETIC_INTRADAY,2026-07-14 03:45:00+00:00,mcx_open_drive
2026-07-14,2026-07-14 09:30:00,6559.631250371101,6566.190881621471,6553.071619120729,6559.631250371101,748,83.0,CRUDEOILM-SYNTH,INR,MCX,MCX Crude Oil Mini Futures,MCX,synthetic,15m,15,synthetic_intraday,SYNTHETIC_INTRADAY,2026-07-14 04:00:00+00:00,mcx_open_drive
2026-07-14,2026-07-14 09:45:00,6559.631250371101,6566.190881621471,6553.071619120729,6559.631250371101,384,83.0,CRUDEOILM-SYNTH,INR,MCX,MCX Crude Oil Mini Futures,MCX,synthetic,15m,15,synthetic_intraday,SYNTHETIC_INTRADAY,2026-07-14 04:15:00+00:00,mcx_open_drive
2026-07-14,2026-07-14 10:00:00,6559.631250371101,6566.190881621471,6553.071619120729,6559.631250371101,886,83.0,CRUDEOILM-SYNTH,INR,MCX,MCX Crude Oil Mini Futures,MCX,synthetic,15m,15,synthetic_intraday,SYNTHETIC_INTRADAY,2026-07-14 04:30:00+00:00,mcx_open_drive
2026-07-14,2026-07-14 10:15:00,6559.631250371101,6566.190881621471,6553.071619120729,6559.631250371101,778,83.0,CRUDEOILM-SYNTH,INR,MCX,MCX Crude Oil Mini Futures,MCX,synthetic,15m,15,synthetic_intraday,SYNTHETIC_INTRADAY,2026-07-14 04:45:00+00:00,mcx_open_drive
2026-07-14,2026-07-14 10:30:00,6559.631250371101,6566.190881621471,6553.071619120729,6559.631250371101,192,83.0,CRUDEOILM-SYNTH,INR,MCX,MCX Crude Oil Mini Futures,MCX,synthetic,15m,15,synthetic_intraday,SYNTHETIC_INTRADAY,2026-07-14 05:00:00+00:00,india_morning
2026-07-14,2026-07-14 10:45:00,6559.631250371101,6566.190881621471,6553.071619120729,6559.631250371101,980,83.0,CRUDEOILM-SYNTH,INR,MCX,MCX Crude Oil Mini Futures,MCX,synthetic,15m,15,synthetic_intraday,SYNTHETIC_INTRADAY,2026-07-14 05:15:00+00:00,india_morning
2026-07-14,2026-07-14 11:00:00,6559.631250371101,6566.190881621471,6553.071619120729,6559.631250371101,572,83.0,CRUDEOILM-SYNTH,INR,MCX,MCX Crude Oil Mini Futures,MCX,synthetic,15m,15,synthetic_intraday,SYNTHETIC_INTRADAY,2026-07-14 05:30:00+00:00,india_morning
2026-07-14,2026-07-14 11:15:00,6559.631250371101,6566.190881621471,6553.071619120729,6559.631250371101,801,83.0,CRUDEOILM-SYNTH,INR,MCX,MCX Crude Oil Mini Futures,MCX,synthetic,15m,15,synthetic_intraday,SYNTHETIC_INTRADAY,2026-07-14 05:45:00+00:00,india_morning
2026-07-14,2026-07-14 11:30:00,6559.631250371101,6566.190881621471,6553.071619120729,6559.631250371101,599,83.0,CRUDEOILM-SYNTH,INR,MCX,MCX Crude Oil Mini Futures,MCX,synthetic,15m,15,synthetic_intraday,SYNTHETIC_INTRADAY,2026-07-14 06:00:00+00:00,india_morning
2026-07-14,2026-07-14 11:45:00,6559.631250371101,6566.190881621471,6553.071619120729,6559.631250371101,569,83.0,CRUDEOILM-SYNTH,INR,MCX,MCX Crude Oil Mini Futures,MCX,synthetic,15m,15,synthetic_intraday,SYNTHETIC_INTRADAY,2026-07-14 06:15:00+00:00,india_morning
2026-07-14,2026-07-14 12:00:00,6559.631250371101,6566.190881621471,6553.071619120729,6559.631250371101,401,83.0,CRUDEOILM-SYNTH,INR,MCX,MCX Crude Oil Mini Futures,MCX,synthetic,15m,15,synthetic_intraday,SYNTHETIC_INTRADAY,2026-07-14 06:30:00+00:00,india_morning
2026-07-14,2026-07-14 12:15:00,6559.969756694114,6566.529726450807,6553.40978693742,6559.969756694114,542,83.0,CRUDEOILM-SYNTH,INR,MCX,MCX Crude Oil Mini Futures,MCX,synthetic,15m,15,synthetic_intraday,SYNTHETIC_INTRADAY,2026-07-14 06:45:00+00:00,india_morning
2026-07-14,2026-07-14 12:30:00,6567.383728490235,6573.951112218724,6560.816344761744,6567.383728490235,251,83.0,CRUDEOILM-SYNTH,INR,MCX,MCX Crude Oil Mini Futures,MCX,synthetic,15m,15,synthetic_intraday,SYNTHETIC_INTRADAY,2026-07-14 07:00:00+00:00,india_midday
2026-07-14,2026-07-14 12:45:00,6575.91919218274,6582.495111374921,6569.343272990557,6575.91919218274,787,83.0,CRUDEOILM-SYNTH,INR,MCX,MCX Crude Oil Mini Futures,MCX,synthetic,15m,15,synthetic_intraday,SYNTHETIC_INTRADAY,2026-07-14 07:15:00+00:00,india_midday
2026-07-14,2026-07-14 13:00:00,6581.486081610621,6588.067567692231,6574.90459552901,6581.486081610621,385,83.0,CRUDEOILM-SYNTH,INR,MCX,MCX Crude Oil Mini Futures,MCX,synthetic,15m,15,synthetic_intraday,SYNTHETIC_INTRADAY,2026-07-14 07:30:00+00:00,india_midday
2026-07-14,2026-07-14 13:15:00,6586.436057578614,6593.022493636192,6579.849621521035,6586.436057578614,746,83.0,CRUDEOILM-SYNTH,INR,MCX,MCX Crude Oil Mini Futures,MCX,synthetic,15m,15,synthetic_intraday,SYNTHETIC_INTRADAY,2026-07-14 07:45:00+00:00,india_midday
2026-07-14,2026-07-14 13:30:00,6594.460610640998,6601.055071251639,6587.866150030357,6594.460610640998,960,83.0,CRUDEOILM-SYNTH,INR,MCX,MCX Crude Oil Mini Futures,MCX,synthetic,15m,15,synthetic_intraday,SYNTHETIC_INTRADAY,2026-07-14 08:00:00+00:00,india_midday
2026-07-14,2026-07-14 13:45:00,6602.15132225349,6608.753473575744,6595.549170931237,6602.15132225349,964,83.0,CRUDEOILM-SYNTH,INR,MCX,MCX Crude Oil Mini Futures,MCX,synthetic,15m,15,synthetic_intraday,SYNTHETIC_INTRADAY,2026-07-14 08:15:00+00:00,india_midday
2026-07-14,2026-07-14 14:00:00,6606.386425067394,6612.9928114924605,6599.780038642327,6606.386425067394,277,83.0,CRUDEOILM-SYNTH,INR,MCX,MCX Crude Oil Mini Futures,MCX,synthetic,15m,15,synthetic_intraday,SYNTHETIC_INTRADAY,2026-07-14 08:30:00+00:00,india_midday
2026-07-14,2026-07-14 14:15:00,6614.878753300463,6621.493632053763,6608.263874547163,6614.878753300463,532,83.0,CRUDEOILM-SYNTH,INR,MCX,MCX Crude Oil Mini Futures,MCX,synthetic,15m,15,synthetic_intraday,SYNTHETIC_INTRADAY,2026-07-14 08:45:00+00:00,india_midday
2026-07-14,2026-07-14 14:30:00,6620.012400890727,6626.632413291617,6613.392388489836,6620.012400890727,103,83.0,CRUDEOILM-SYNTH,INR,MCX,MCX Crude Oil Mini Futures,MCX,synthetic,15m,15,synthetic_intraday,SYNTHETIC_INTRADAY,2026-07-14 09:00:00+00:00,india_midday
2026-07-14,2026-07-14 14:45:00,6626.564806806232,6633.1913716130375,6619.938241999425,6626.564806806232,254,83.0,CRUDEOILM-SYNTH,INR,MCX,MCX Crude Oil Mini Futures,MCX,synthetic,15m,15,synthetic_intraday,SYNTHETIC_INTRADAY,2026-07-14 09:15:00+00:00,india_midday
2026-07-15,2026-07-15 09:00:00,6624.005467057406,6630.629472524463,6617.381461590349,6624.005467057406,263,83.0,CRUDEOILM-SYNTH,INR,MCX,MCX Crude Oil Mini Futures,MCX,synthetic,15m,15,synthetic_intraday,SYNTHETIC_INTRADAY,2026-07-15 03:30:00+00:00,mcx_open_drive
2026-07-15,2026-07-15 09:15:00,6626.361531460948,6632.987892992408,6619.735169929487,6626.361531460948,267,83.0,CRUDEOILM-SYNTH,INR,MCX,MCX Crude Oil Mini Futures,MCX,synthetic,15m,15,synthetic_intraday,SYNTHETIC_INTRADAY,2026-07-15 03:45:00+00:00,mcx_open_drive
2026-07-15,2026-07-15 09:30:00,6625.088597471239,6631.71368606871,6618.463508873768,6625.088597471239,328,83.0,CRUDEOILM-SYNTH,INR,MCX,MCX Crude Oil Mini Futures,MCX,synthetic,15m,15,synthetic_intraday,SYNTHETIC_INTRADAY,2026-07-15 04:00:00+00:00,mcx_open_drive
2026-07-15,2026-07-15 09:45:00,6631.227709401722,6637.858937111123,6624.59648169232,6631.227709401722,174,83.0,CRUDEOILM-SYNTH,INR,MCX,MCX Crude Oil Mini Futures,MCX,synthetic,15m,15,synthetic_intraday,SYNTHETIC_INTRADAY,2026-07-15 04:15:00+00:00,mcx_open_drive
2026-07-15,2026-07-15 10:00:00,6634.952701355834,6641.587654057189,6628.317748654477,6634.952701355834,746,83.0,CRUDEOILM-SYNTH,INR,MCX,MCX Crude Oil Mini Futures,MCX,synthetic,15m,15,synthetic_intraday,SYNTHETIC_INTRADAY,2026-07-15 04:30:00+00:00,mcx_open_drive
2026-07-15,2026-07-15 10:15:00,6636.832091632335,6643.468923723966,6630.195259540702,6636.832091632335,317,83.0,CRUDEOILM-SYNTH,INR,MCX,MCX Crude Oil Mini Futures,MCX,synthetic,15m,15,synthetic_intraday,SYNTHETIC_INTRADAY,2026-07-15 04:45:00+00:00,mcx_open_drive
2026-07-15,2026-07-15 10:30:00,6641.579680965713,6648.221260646678,6634.938101284747,6641.579680965713,964,83.0,CRUDEOILM-SYNTH,INR,MCX,MCX Crude Oil Mini Futures,MCX,synthetic,15m,15,synthetic_intraday,SYNTHETIC_INTRADAY,2026-07-15 05:00:00+00:00,india_morning
2026-07-15,2026-07-15 10:45:00,6633.225326568023,6639.85855189459,6626.592101241455,6633.225326568023,759,83.0,CRUDEOILM-SYNTH,INR,MCX,MCX Crude Oil Mini Futures,MCX,synthetic,15m,15,synthetic_intraday,SYNTHETIC_INTRADAY,2026-07-15 05:15:00+00:00,india_morning
2026-07-15,2026-07-15 11:00:00,6641.399494521631,6648.0408940161515,6634.758095027109,6641.399494521631,627,83.0,CRUDEOILM-SYNTH,INR,MCX,MCX Crude Oil Mini Futures,MCX,synthetic,15m,15,synthetic_intraday,SYNTHETIC_INTRADAY,2026-07-15 05:30:00+00:00,india_morning
2026-07-15,2026-07-15 11:15:00,6638.689416503784,6645.328105920287,6632.05072708728,6638.689416503784,484,83.0,CRUDEOILM-SYNTH,INR,MCX,MCX Crude Oil Mini Futures,MCX,synthetic,15m,15,synthetic_intraday,SYNTHETIC_INTRADAY,2026-07-15 05:45:00+00:00,india_morning
2026-07-15,2026-07-15 11:30:00,6640.605446342258,6647.246051788599,6633.964840895916,6640.605446342258,280,83.0,CRUDEOILM-SYNTH,INR,MCX,MCX Crude Oil Mini Futures,MCX,synthetic,15m,15,synthetic_intraday,SYNTHETIC_INTRADAY,2026-07-15 06:00:00+00:00,india_morning
2026-07-15,2026-07-15 11:45:00,6642.306547595127,6648.948854142722,6635.6642410475315,6642.306547595127,659,83.0,CRUDEOILM-SYNTH,INR,MCX,MCX Crude Oil Mini Futures,MCX,synthetic,15m,15,synthetic_intraday,SYNTHETIC_INTRADAY,2026-07-15 06:15:00+00:00,india_morning
2026-07-15,2026-07-15 12:00:00,6640.249881612655,6646.890131494268,6633.609631731043,6640.249881612655,576,83.0,CRUDEOILM-SYNTH,INR,MCX,MCX Crude Oil Mini Futures,MCX,synthetic,15m,15,synthetic_intraday,SYNTHETIC_INTRADAY,2026-07-15 06:30:00+00:00,india_morning
2026-07-15,2026-07-15 12:15:00,6644.36186664529,6651.006228511935,6637.717504778645,6644.36186664529,830,83.0,CRUDEOILM-SYNTH,INR,MCX,MCX Crude Oil Mini Futures,MCX,synthetic,15m,15,synthetic_intraday,SYNTHETIC_INTRADAY,2026-07-15 06:45:00+00:00,india_morning
2026-07-15,2026-07-15 12:30:00,6647.624079558977,6654.271703638536,6640.976455479418,6647.624079558977,310,83.0,CRUDEOILM-SYNTH,INR,MCX,MCX Crude Oil Mini Futures,MCX,synthetic,15m,15,synthetic_intraday,SYNTHETIC_INTRADAY,2026-07-15 07:00:00+00:00,india_midday
2026-07-15,2026-07-15 12:45:00,6649.035427887347,6655.684463315234,6642.38639245946,6649.035427887347,313,83.0,CRUDEOILM-SYNTH,INR,MCX,MCX Crude Oil Mini Futures,MCX,synthetic,15m,15,synthetic_intraday,SYNTHETIC_INTRADAY,2026-07-15 07:15:00+00:00,india_midday
2026-07-15,2026-07-15 13:00:00,6650.683870402214,6657.334554272616,6644.033186531811,6650.683870402214,734,83.0,CRUDEOILM-SYNTH,INR,MCX,MCX Crude Oil Mini Futures,MCX,synthetic,15m,15,synthetic_intraday,SYNTHETIC_INTRADAY,2026-07-15 07:30:00+00:00,india_midday
2026-07-15,2026-07-15 13:15:00,6648.569309423725,6655.217878733148,6641.920740114301,6648.569309423725,550,83.0,CRUDEOILM-SYNTH,INR,MCX,MCX Crude Oil Mini Futures,MCX,synthetic,15m,15,synthetic_intraday,SYNTHETIC_INTRADAY,2026-07-15 07:45:00+00:00,india_midday
2026-07-15,2026-07-15 13:30:00,6653.815391640679,6660.469207032319,6647.161576249038,6653.815391640679,342,83.0,CRUDEOILM-SYNTH,INR,MCX,MCX Crude Oil Mini Futures,MCX,synthetic,15m,15,synthetic_intraday,SYNTHETIC_INTRADAY,2026-07-15 08:00:00+00:00,india_midday
2026-07-15,2026-07-15 13:45:00,6654.218022688563,6660.872240711251,6647.563804665874,6654.218022688563,836,83.0,CRUDEOILM-SYNTH,INR,MCX,MCX Crude Oil Mini Futures,MCX,synthetic,15m,15,synthetic_intraday,SYNTHETIC_INTRADAY,2026-07-15 08:15:00+00:00,india_midday
2026-07-15,2026-07-15 14:00:00,6656.078807628725,6662.734886436353,6649.422728821097,6656.078807628725,584,83.0,CRUDEOILM-SYNTH,INR,MCX,MCX Crude Oil Mini Futures,MCX,synthetic,15m,15,synthetic_intraday,SYNTHETIC_INTRADAY,2026-07-15 08:30:00+00:00,india_midday
2026-07-15,2026-07-15 14:15:00,6654.833316089801,6661.48814940589,6648.178482773711,6654.833316089801,287,83.0,CRUDEOILM-SYNTH,INR,MCX,MCX Crude Oil Mini Futures,MCX,synthetic,15m,15,synthetic_intraday,SYNTHETIC_INTRADAY,2026-07-15 08:45:00+00:00,india_midday
2026-07-15,2026-07-15 14:30:00,6658.428324328102,6665.086752652429,6651.769896003773,6658.428324328102,651,83.0,CRUDEOILM-SYNTH,INR,MCX,MCX Crude Oil Mini Futures,MCX,synthetic,15m,15,synthetic_intraday,SYNTHETIC_INTRADAY,2026-07-15 09:00:00+00:00,india_midday
2026-07-15,2026-07-15 14:45:00,6661.7868558282735,6668.448642684101,6655.125068972445,6661.7868558282735,679,83.0,CRUDEOILM-SYNTH,INR,MCX,MCX Crude Oil Mini Futures,MCX,synthetic,15m,15,synthetic_intraday,SYNTHETIC_INTRADAY,2026-07-15 09:15:00+00:00,india_midday
2026-07-16,2026-07-16 09:00:00,6613.3486488637,6619.961997512563,6606.735300214837,6613.3486488637,583,83.0,CRUDEOILM-SYNTH,INR,MCX,MCX Crude Oil Mini Futures,MCX,synthetic,15m,15,synthetic_intraday,SYNTHETIC_INTRADAY,2026-07-16 03:30:00+00:00,mcx_open_drive
2026-07-16,2026-07-16 09:15:00,6613.3486488637,6619.961997512563,6606.735300214837,6613.3486488637,131,83.0,CRUDEOILM-SYNTH,INR,MCX,MCX Crude Oil Mini Futures,MCX,synthetic,15m,15,synthetic_intraday,SYNTHETIC_INTRADAY,2026-07-16 03:45:00+00:00,mcx_open_drive
2026-07-16,2026-07-16 09:30:00,6613.3486488637,6619.961997512563,6606.735300214837,6613.3486488637,364,83.0,CRUDEOILM-SYNTH,INR,MCX,MCX Crude Oil Mini Futures,MCX,synthetic,15m,15,synthetic_intraday,SYNTHETIC_INTRADAY,2026-07-16 04:00:00+00:00,mcx_open_drive
2026-07-16,2026-07-16 09:45:00,6613.3486488637,6619.961997512563,6606.735300214837,6613.3486488637,842,83.0,CRUDEOILM-SYNTH,INR,MCX,MCX Crude Oil Mini Futures,MCX,synthetic,15m,15,synthetic_intraday,SYNTHETIC_INTRADAY,2026-07-16 04:15:00+00:00,mcx_open_drive
2026-07-16,2026-07-16 10:00:00,6613.3486488637,6619.961997512563,6606.735300214837,6613.3486488637,577,83.0,CRUDEOILM-SYNTH,INR,MCX,MCX Crude Oil Mini Futures,MCX,synthetic,15m,15,synthetic_intraday,SYNTHETIC_INTRADAY,2026-07-16 04:30:00+00:00,mcx_open_drive
2026-07-16,2026-07-16 10:15:00,6613.3486488637,6619.961997512563,6606.735300214837,6613.3486488637,879,83.0,CRUDEOILM-SYNTH,INR,MCX,MCX Crude Oil Mini Futures,MCX,synthetic,15m,15,synthetic_intraday,SYNTHETIC_INTRADAY,2026-07-16 04:45:00+00:00,mcx_open_drive
2026-07-16,2026-07-16 10:30:00,6613.3486488637,6619.961997512563,6606.735300214837,6613.3486488637,887,83.0,CRUDEOILM-SYNTH,INR,MCX,MCX Crude Oil Mini Futures,MCX,synthetic,15m,15,synthetic_intraday,SYNTHETIC_INTRADAY,2026-07-16 05:00:00+00:00,india_morning
2026-07-16,2026-07-16 10:45:00,6613.3486488637,6619.961997512563,6606.735300214837,6613.3486488637,911,83.0,CRUDEOILM-SYNTH,INR,MCX,MCX Crude Oil Mini Futures,MCX,synthetic,15m,15,synthetic_intraday,SYNTHETIC_INTRADAY,2026-07-16 05:15:00+00:00,india_morning
2026-07-16,2026-07-16 11:00:00,6613.3486488637,6619.961997512563,6606.735300214837,6613.3486488637,403,83.0,CRUDEOILM-SYNTH,INR,MCX,MCX Crude Oil Mini Futures,MCX,synthetic,15m,15,synthetic_intraday,SYNTHETIC_INTRADAY,2026-07-16 05:30:00+00:00,india_morning
2026-07-16,2026-07-16 11:15:00,6613.3486488637,6619.961997512563,6606.735300214837,6613.3486488637,233,83.0,CRUDEOILM-SYNTH,INR,MCX,MCX Crude Oil Mini Futures,MCX,synthetic,15m,15,synthetic_intraday,SYNTHETIC_INTRADAY,2026-07-16 05:45:00+00:00,india_morning
2026-07-16,2026-07-16 11:30:00,6613.3486488637,6619.961997512563,6606.735300214837,6613.3486488637,774,83.0,CRUDEOILM-SYNTH,INR,MCX,MCX Crude Oil Mini Futures,MCX,synthetic,15m,15,synthetic_intraday,SYNTHETIC_INTRADAY,2026-07-16 06:00:00+00:00,india_morning
2026-07-16,2026-07-16 11:45:00,6608.482934098795,6615.091417032893,6601.874451164696,6608.482934098795,963,83.0,CRUDEOILM-SYNTH,INR,MCX,MCX Crude Oil Mini Futures,MCX,synthetic,15m,15,synthetic_intraday,SYNTHETIC_INTRADAY,2026-07-16 06:15:00+00:00,india_morning
2026-07-16,2026-07-16 12:00:00,6596.43228595959,6603.0287182455495,6589.8358536736305,6596.43228595959,223,83.0,CRUDEOILM-SYNTH,INR,MCX,MCX Crude Oil Mini Futures,MCX,synthetic,15m,15,synthetic_intraday,SYNTHETIC_INTRADAY,2026-07-16 06:30:00+00:00,india_morning
2026-07-16,2026-07-16 12:15:00,6596.304878180529,6602.901183058709,6589.708573302349,6596.304878180529,795,83.0,CRUDEOILM-SYNTH,INR,MCX,MCX Crude Oil Mini Futures,MCX,synthetic,15m,15,synthetic_intraday,SYNTHETIC_INTRADAY,2026-07-16 06:45:00+00:00,india_morning
2026-07-16,2026-07-16 12:30:00,6588.879885850425,6595.468765736275,6582.291005964575,6588.879885850425,413,83.0,CRUDEOILM-SYNTH,INR,MCX,MCX Crude Oil Mini Futures,MCX,synthetic,15m,15,synthetic_intraday,SYNTHETIC_INTRADAY,2026-07-16 07:00:00+00:00,india_midday
2026-07-16,2026-07-16 12:45:00,6584.517611958507,6591.102129570464,6577.933094346548,6584.517611958507,952,83.0,CRUDEOILM-SYNTH,INR,MCX,MCX Crude Oil Mini Futures,MCX,synthetic,15m,15,synthetic_intraday,SYNTHETIC_INTRADAY,2026-07-16 07:15:00+00:00,india_midday
2026-07-16,2026-07-16 13:00:00,6584.035749775956,6590.6197855257315,6577.45171402618,6584.035749775956,932,83.0,CRUDEOILM-SYNTH,INR,MCX,MCX Crude Oil Mini Futures,MCX,synthetic,15m,15,synthetic_intraday,SYNTHETIC_INTRADAY,2026-07-16 07:30:00+00:00,india_midday
2026-07-16,2026-07-16 13:15:00,6579.339439249576,6585.918778688824,6572.760099810326,6579.339439249576,671,83.0,CRUDEOILM-SYNTH,INR,MCX,MCX Crude Oil Mini Futures,MCX,synthetic,15m,15,synthetic_intraday,SYNTHETIC_INTRADAY,2026-07-16 07:45:00+00:00,india_midday
2026-07-16,2026-07-16 13:30:00,6569.6262516548895,6576.1958779065435,6563.056625403235,6569.6262516548895,662,83.0,CRUDEOILM-SYNTH,INR,MCX,MCX Crude Oil Mini Futures,MCX,synthetic,15m,15,synthetic_intraday,SYNTHETIC_INTRADAY,2026-07-16 08:00:00+00:00,india_midday
2026-07-16,2026-07-16 13:45:00,6568.656912418113,6575.225569330531,6562.088255505695,6568.656912418113,397,83.0,CRUDEOILM-SYNTH,INR,MCX,MCX Crude Oil Mini Futures,MCX,synthetic,15m,15,synthetic_intraday,SYNTHETIC_INTRADAY,2026-07-16 08:15:00+00:00,india_midday
2026-07-16,2026-07-16 14:00:00,6558.344267862515,6564.902612130377,6551.785923594653,6558.344267862515,711,83.0,CRUDEOILM-SYNTH,INR,MCX,MCX Crude Oil Mini Futures,MCX,synthetic,15m,15,synthetic_intraday,SYNTHETIC_INTRADAY,2026-07-16 08:30:00+00:00,india_midday
2026-07-16,2026-07-16 14:15:00,6560.036836971582,6566.596873808552,6553.47680013461,6560.036836971582,848,83.0,CRUDEOILM-SYNTH,INR,MCX,MCX Crude Oil Mini Futures,MCX,synthetic,15m,15,synthetic_intraday,SYNTHETIC_INTRADAY,2026-07-16 08:45:00+00:00,india_midday
2026-07-16,2026-07-16 14:30:00,6550.138555452862,6556.688694008315,6543.58841689741,6550.138555452862,538,83.0,CRUDEOILM-SYNTH,INR,MCX,MCX Crude Oil Mini Futures,MCX,synthetic,15m,15,synthetic_intraday,SYNTHETIC_INTRADAY,2026-07-16 09:00:00+00:00,india_midday
2026-07-16,2026-07-16 14:45:00,6546.491493584249,6553.037985077833,6539.945002090664,6546.491493584249,938,83.0,CRUDEOILM-SYNTH,INR,MCX,MCX Crude Oil Mini Futures,MCX,synthetic,15m,15,synthetic_intraday,SYNTHETIC_INTRADAY,2026-07-16 09:15:00+00:00,india_midday
2026-07-17,2026-07-17 09:00:00,6719.8624997526,6726.582362252352,6713.142637252848,6719.8624997526,440,83.0,CRUDEOILM-SYNTH,INR,MCX,MCX Crude Oil Mini Futures,MCX,synthetic,15m,15,synthetic_intraday,SYNTHETIC_INTRADAY,2026-07-17 03:30:00+00:00,mcx_open_drive
2026-07-17,2026-07-17 09:15:00,6719.8624997526,6726.582362252352,6713.142637252848,6719.8624997526,968,83.0,CRUDEOILM-SYNTH,INR,MCX,MCX Crude Oil Mini Futures,MCX,synthetic,15m,15,synthetic_intraday,SYNTHETIC_INTRADAY,2026-07-17 03:45:00+00:00,mcx_open_drive
2026-07-17,2026-07-17 09:30:00,6719.8624997526,6726.582362252352,6713.142637252848,6719.8624997526,956,83.0,CRUDEOILM-SYNTH,INR,MCX,MCX Crude Oil Mini Futures,MCX,synthetic,15m,15,synthetic_intraday,SYNTHETIC_INTRADAY,2026-07-17 04:00:00+00:00,mcx_open_drive
2026-07-17,2026-07-17 09:45:00,6719.8624997526,6726.582362252352,6713.142637252848,6719.8624997526,643,83.0,CRUDEOILM-SYNTH,INR,MCX,MCX Crude Oil Mini Futures,MCX,synthetic,15m,15,synthetic_intraday,SYNTHETIC_INTRADAY,2026-07-17 04:15:00+00:00,mcx_open_drive
2026-07-17,2026-07-17 10:00:00,6719.8624997526,6726.582362252352,6713.142637252848,6719.8624997526,686,83.0,CRUDEOILM-SYNTH,INR,MCX,MCX Crude Oil Mini Futures,MCX,synthetic,15m,15,synthetic_intraday,SYNTHETIC_INTRADAY,2026-07-17 04:30:00+00:00,mcx_open_drive
2026-07-17,2026-07-17 10:15:00,6719.8624997526,6726.582362252352,6713.142637252848,6719.8624997526,221,83.0,CRUDEOILM-SYNTH,INR,MCX,MCX Crude Oil Mini Futures,MCX,synthetic,15m,15,synthetic_intraday,SYNTHETIC_INTRADAY,2026-07-17 04:45:00+00:00,mcx_open_drive
2026-07-17,2026-07-17 10:30:00,6719.8624997526,6726.582362252352,6713.142637252848,6719.8624997526,122,83.0,CRUDEOILM-SYNTH,INR,MCX,MCX Crude Oil Mini Futures,MCX,synthetic,15m,15,synthetic_intraday,SYNTHETIC_INTRADAY,2026-07-17 05:00:00+00:00,india_morning
2026-07-17,2026-07-17 10:45:00,6719.8624997526,6726.582362252352,6713.142637252848,6719.8624997526,779,83.0,CRUDEOILM-SYNTH,INR,MCX,MCX Crude Oil Mini Futures,MCX,synthetic,15m,15,synthetic_intraday,SYNTHETIC_INTRADAY,2026-07-17 05:15:00+00:00,india_morning
2026-07-17,2026-07-17 11:00:00,6719.8624997526,6726.582362252352,6713.142637252848,6719.8624997526,484,83.0,CRUDEOILM-SYNTH,INR,MCX,MCX Crude Oil Mini Futures,MCX,synthetic,15m,15,synthetic_intraday,SYNTHETIC_INTRADAY,2026-07-17 05:30:00+00:00,india_morning
2026-07-17,2026-07-17 11:15:00,6719.8624997526,6726.582362252352,6713.142637252848,6719.8624997526,583,83.0,CRUDEOILM-SYNTH,INR,MCX,MCX Crude Oil Mini Futures,MCX,synthetic,15m,15,synthetic_intraday,SYNTHETIC_INTRADAY,2026-07-17 05:45:00+00:00,india_morning
2026-07-17,2026-07-17 11:30:00,6719.8624997526,6726.582362252352,6713.142637252848,6719.8624997526,542,83.0,CRUDEOILM-SYNTH,INR,MCX,MCX Crude Oil Mini Futures,MCX,synthetic,15m,15,synthetic_intraday,SYNTHETIC_INTRADAY,2026-07-17 06:00:00+00:00,india_morning
2026-07-17,2026-07-17 11:45:00,6719.8624997526,6726.582362252352,6713.142637252848,6719.8624997526,998,83.0,CRUDEOILM-SYNTH,INR,MCX,MCX Crude Oil Mini Futures,MCX,synthetic,15m,15,synthetic_intraday,SYNTHETIC_INTRADAY,2026-07-17 06:15:00+00:00,india_morning
2026-07-17,2026-07-17 12:00:00,6719.8624997526,6726.582362252352,6713.142637252848,6719.8624997526,128,83.0,CRUDEOILM-SYNTH,INR,MCX,MCX Crude Oil Mini Futures,MCX,synthetic,15m,15,synthetic_intraday,SYNTHETIC_INTRADAY,2026-07-17 06:30:00+00:00,india_morning
2026-07-17,2026-07-17 12:15:00,6719.8624997526,6726.582362252352,6713.142637252848,6719.8624997526,788,83.0,CRUDEOILM-SYNTH,INR,MCX,MCX Crude Oil Mini Futures,MCX,synthetic,15m,15,synthetic_intraday,SYNTHETIC_INTRADAY,2026-07-17 06:45:00+00:00,india_morning
2026-07-17,2026-07-17 12:30:00,6719.8624997526,6726.582362252352,6713.142637252848,6719.8624997526,435,83.0,CRUDEOILM-SYNTH,INR,MCX,MCX Crude Oil Mini Futures,MCX,synthetic,15m,15,synthetic_intraday,SYNTHETIC_INTRADAY,2026-07-17 07:00:00+00:00,india_midday
2026-07-17,2026-07-17 12:45:00,6719.8624997526,6726.582362252352,6713.142637252848,6719.8624997526,987,83.0,CRUDEOILM-SYNTH,INR,MCX,MCX Crude Oil Mini Futures,MCX,synthetic,15m,15,synthetic_intraday,SYNTHETIC_INTRADAY,2026-07-17 07:15:00+00:00,india_midday
2026-07-17,2026-07-17 13:00:00,6719.8624997526,6726.582362252352,6713.142637252848,6719.8624997526,161,83.0,CRUDEOILM-SYNTH,INR,MCX,MCX Crude Oil Mini Futures,MCX,synthetic,15m,15,synthetic_intraday,SYNTHETIC_INTRADAY,2026-07-17 07:30:00+00:00,india_midday
2026-07-17,2026-07-17 13:15:00,6727.498850859743,6734.226349710601,6720.771352008883,6727.498850859743,392,83.0,CRUDEOILM-SYNTH,INR,MCX,MCX Crude Oil Mini Futures,MCX,synthetic,15m,15,synthetic_intraday,SYNTHETIC_INTRADAY,2026-07-17 07:45:00+00:00,india_midday
2026-07-17,2026-07-17 13:30:00,6736.085409792372,6742.8214952021635,6729.34932438258,6736.085409792372,371,83.0,CRUDEOILM-SYNTH,INR,MCX,MCX Crude Oil Mini Futures,MCX,synthetic,15m,15,synthetic_intraday,SYNTHETIC_INTRADAY,2026-07-17 08:00:00+00:00,india_midday
2026-07-17,2026-07-17 13:45:00,6743.881068310519,6750.624949378829,6737.137187242209,6743.881068310519,381,83.0,CRUDEOILM-SYNTH,INR,MCX,MCX Crude Oil Mini Futures,MCX,synthetic,15m,15,synthetic_intraday,SYNTHETIC_INTRADAY,2026-07-17 08:15:00+00:00,india_midday
2026-07-17,2026-07-17 14:00:00,6757.480586180807,6764.238066766988,6750.723105594627,6757.480586180807,720,83.0,CRUDEOILM-SYNTH,INR,MCX,MCX Crude Oil Mini Futures,MCX,synthetic,15m,15,synthetic_intraday,SYNTHETIC_INTRADAY,2026-07-17 08:30:00+00:00,india_midday
2026-07-17,2026-07-17 14:15:00,6768.656076361817,6775.424732438179,6761.887420285455,6768.656076361817,894,83.0,CRUDEOILM-SYNTH,INR,MCX,MCX Crude Oil Mini Futures,MCX,synthetic,15m,15,synthetic_intraday,SYNTHETIC_INTRADAY,2026-07-17 08:45:00+00:00,india_midday
2026-07-17,2026-07-17 14:30:00,6772.75551777043,6779.5282732882,6765.982762252659,6772.75551777043,297,83.0,CRUDEOILM-SYNTH,INR,MCX,MCX Crude Oil Mini Futures,MCX,synthetic,15m,15,synthetic_intraday,SYNTHETIC_INTRADAY,2026-07-17 09:00:00+00:00,india_midday
2026-07-17,2026-07-17 14:45:00,6789.386978071337,6796.176365049408,6782.597591093266,6789.386978071337,750,83.0,CRUDEOILM-SYNTH,INR,MCX,MCX Crude Oil Mini Futures,MCX,synthetic,15m,15,synthetic_intraday,SYNTHETIC_INTRADAY,2026-07-17 09:15:00+00:00,india_midday
2026-07-20,2026-07-20 09:00:00,6794.015002151441,6800.809017153591,6787.22098714929,6794.015002151441,673,83.0,CRUDEOILM-SYNTH,INR,MCX,MCX Crude Oil Mini Futures,MCX,synthetic,15m,15,synthetic_intraday,SYNTHETIC_INTRADAY,2026-07-20 03:30:00+00:00,mcx_open_drive
2026-07-20,2026-07-20 09:15:00,6791.659587865888,6798.451247453753,6784.867928278022,6791.659587865888,472,83.0,CRUDEOILM-SYNTH,INR,MCX,MCX Crude Oil Mini Futures,MCX,synthetic,15m,15,synthetic_intraday,SYNTHETIC_INTRADAY,2026-07-20 03:45:00+00:00,mcx_open_drive
2026-07-20,2026-07-20 09:30:00,6791.587172444031,6798.378759616475,6784.795585271587,6791.587172444031,488,83.0,CRUDEOILM-SYNTH,INR,MCX,MCX Crude Oil Mini Futures,MCX,synthetic,15m,15,synthetic_intraday,SYNTHETIC_INTRADAY,2026-07-20 04:00:00+00:00,mcx_open_drive
2026-07-20,2026-07-20 09:45:00,6796.127771203612,6802.923898974815,6789.331643432408,6796.127771203612,849,83.0,CRUDEOILM-SYNTH,INR,MCX,MCX Crude Oil Mini Futures,MCX,synthetic,15m,15,synthetic_intraday,SYNTHETIC_INTRADAY,2026-07-20 04:15:00+00:00,mcx_open_drive
2026-07-20,2026-07-20 10:00:00,6800.770810076253,6807.571580886329,6793.970039266177,6800.770810076253,653,83.0,CRUDEOILM-SYNTH,INR,MCX,MCX Crude Oil Mini Futures,MCX,synthetic,15m,15,synthetic_intraday,SYNTHETIC_INTRADAY,2026-07-20 04:30:00+00:00,mcx_open_drive
2026-07-20,2026-07-20 10:15:00,6799.83804323436,6806.637881277594,6793.038205191126,6799.83804323436,784,83.0,CRUDEOILM-SYNTH,INR,MCX,MCX Crude Oil Mini Futures,MCX,synthetic,15m,15,synthetic_intraday,SYNTHETIC_INTRADAY,2026-07-20 04:45:00+00:00,mcx_open_drive
2026-07-20,2026-07-20 10:30:00,6802.149479502894,6808.951628982396,6795.347330023391,6802.149479502894,796,83.0,CRUDEOILM-SYNTH,INR,MCX,MCX Crude Oil Mini Futures,MCX,synthetic,15m,15,synthetic_intraday,SYNTHETIC_INTRADAY,2026-07-20 05:00:00+00:00,india_morning
2026-07-20,2026-07-20 10:45:00,6807.401106986925,6814.208508093911,6800.593705879938,6807.401106986925,897,83.0,CRUDEOILM-SYNTH,INR,MCX,MCX Crude Oil Mini Futures,MCX,synthetic,15m,15,synthetic_intraday,SYNTHETIC_INTRADAY,2026-07-20 05:15:00+00:00,india_morning
2026-07-20,2026-07-20 11:00:00,6808.770634029375,6815.579404663404,6801.961863395346,6808.770634029375,652,83.0,CRUDEOILM-SYNTH,INR,MCX,MCX Crude Oil Mini Futures,MCX,synthetic,15m,15,synthetic_intraday,SYNTHETIC_INTRADAY,2026-07-20 05:30:00+00:00,india_morning
2026-07-20,2026-07-20 11:15:00,6807.083227338581,6813.890310565919,6800.2761441112425,6807.083227338581,799,83.0,CRUDEOILM-SYNTH,INR,MCX,MCX Crude Oil Mini Futures,MCX,synthetic,15m,15,synthetic_intraday,SYNTHETIC_INTRADAY,2026-07-20 05:45:00+00:00,india_morning
2026-07-20,2026-07-20 11:30:00,6814.119855973876,6820.933975829849,6807.305736117902,6814.119855973876,606,83.0,CRUDEOILM-SYNTH,INR,MCX,MCX Crude Oil Mini Futures,MCX,synthetic,15m,15,synthetic_intraday,SYNTHETIC_INTRADAY,2026-07-20 06:00:00+00:00,india_morning
2026-07-20,2026-07-20 11:45:00,6817.2523946138635,6824.069647008477,6810.435142219249,6817.2523946138635,638,83.0,CRUDEOILM-SYNTH,INR,MCX,MCX Crude Oil Mini Futures,MCX,synthetic,15m,15,synthetic_intraday,SYNTHETIC_INTRADAY,2026-07-20 06:15:00+00:00,india_morning
2026-07-20,2026-07-20 12:00:00,6819.142281364275,6825.961423645638,6812.3231390829105,6819.142281364275,743,83.0,CRUDEOILM-SYNTH,INR,MCX,MCX Crude Oil Mini Futures,MCX,synthetic,15m,15,synthetic_intraday,SYNTHETIC_INTRADAY,2026-07-20 06:30:00+00:00,india_morning
2026-07-20,2026-07-20 12:15:00,6815.60080960639,6822.416410415995,6808.785208796783,6815.60080960639,668,83.0,CRUDEOILM-SYNTH,INR,MCX,MCX Crude Oil Mini Futures,MCX,synthetic,15m,15,synthetic_intraday,SYNTHETIC_INTRADAY,2026-07-20 06:45:00+00:00,india_morning
2026-07-20,2026-07-20 12:30:00,6822.819047001392,6829.641866048393,6815.996227954391,6822.819047001392,922,83.0,CRUDEOILM-SYNTH,INR,MCX,MCX Crude Oil Mini Futures,MCX,synthetic,15m,15,synthetic_intraday,SYNTHETIC_INTRADAY,2026-07-20 07:00:00+00:00,india_midday
2026-07-20,2026-07-20 12:45:00,6826.913172403474,6833.740085575877,6820.0862592310705,6826.913172403474,577,83.0,CRUDEOILM-SYNTH,INR,MCX,MCX Crude Oil Mini Futures,MCX,synthetic,15m,15,synthetic_intraday,SYNTHETIC_INTRADAY,2026-07-20 07:15:00+00:00,india_midday
2026-07-20,2026-07-20 13:00:00,6822.5140501347,6829.336564184833,6815.691536084565,6822.5140501347,339,83.0,CRUDEOILM-SYNTH,INR,MCX,MCX Crude Oil Mini Futures,MCX,synthetic,15m,15,synthetic_intraday,SYNTHETIC_INTRADAY,2026-07-20 07:30:00+00:00,india_midday
2026-07-20,2026-07-20 13:15:00,6825.8249313199085,6832.650756251228,6818.999106388588,6825.8249313199085,438,83.0,CRUDEOILM-SYNTH,INR,MCX,MCX Crude Oil Mini Futures,MCX,synthetic,15m,15,synthetic_intraday,SYNTHETIC_INTRADAY,2026-07-20 07:45:00+00:00,india_midday
2026-07-20,2026-07-20 13:30:00,6829.732614125555,6836.56234673968,6822.90288151143,6829.732614125555,862,83.0,CRUDEOILM-SYNTH,INR,MCX,MCX Crude Oil Mini Futures,MCX,synthetic,15m,15,synthetic_intraday,SYNTHETIC_INTRADAY,2026-07-20 08:00:00+00:00,india_midday
2026-07-20,2026-07-20 13:45:00,6830.290127751586,6837.120417879337,6823.459837623835,6830.290127751586,799,83.0,CRUDEOILM-SYNTH,INR,MCX,MCX Crude Oil Mini Futures,MCX,synthetic,15m,15,synthetic_intraday,SYNTHETIC_INTRADAY,2026-07-20 08:15:00+00:00,india_midday
2026-07-20,2026-07-20 14:00:00,6835.7051166137135,6842.540821730327,6828.8694114970995,6835.7051166137135,345,83.0,CRUDEOILM-SYNTH,INR,MCX,MCX Crude Oil Mini Futures,MCX,synthetic,15m,15,synthetic_intraday,SYNTHETIC_INTRADAY,2026-07-20 08:30:00+00:00,india_midday
2026-07-20,2026-07-20 14:15:00,6838.272224262114,6845.110496486375,6831.433952037852,6838.272224262114,211,83.0,CRUDEOILM-SYNTH,INR,MCX,MCX Crude Oil Mini Futures,MCX,synthetic,15m,15,synthetic_intraday,SYNTHETIC_INTRADAY,2026-07-20 08:45:00+00:00,india_midday
2026-07-20,2026-07-20 14:30:00,6840.4354056183765,6847.275841023994,6833.594970212758,6840.4354056183765,125,83.0,CRUDEOILM-SYNTH,INR,MCX,MCX Crude Oil Mini Futures,MCX,synthetic,15m,15,synthetic_intraday,SYNTHETIC_INTRADAY,2026-07-20 09:00:00+00:00,india_midday
2026-07-20,2026-07-20 14:45:00,6838.363270773511,6845.201634044284,6831.524907502738,6838.363270773511,764,83.0,CRUDEOILM-SYNTH,INR,MCX,MCX Crude Oil Mini Futures,MCX,synthetic,15m,15,synthetic_intraday,SYNTHETIC_INTRADAY,2026-07-20 09:15:00+00:00,india_midday
2026-07-21,2026-07-21 09:00:00,6946.6518755964,6953.598527471995,6939.705223720804,6946.6518755964,115,83.0,CRUDEOILM-SYNTH,INR,MCX,MCX Crude Oil Mini Futures,MCX,synthetic,15m,15,synthetic_intraday,SYNTHETIC_INTRADAY,2026-07-21 03:30:00+00:00,mcx_open_drive
2026-07-21,2026-07-21 09:15:00,6946.6518755964,6953.598527471995,6939.705223720804,6946.6518755964,646,83.0,CRUDEOILM-SYNTH,INR,MCX,MCX Crude Oil Mini Futures,MCX,synthetic,15m,15,synthetic_intraday,SYNTHETIC_INTRADAY,2026-07-21 03:45:00+00:00,mcx_open_drive
2026-07-21,2026-07-21 09:30:00,6946.6518755964,6953.598527471995,6939.705223720804,6946.6518755964,905,83.0,CRUDEOILM-SYNTH,INR,MCX,MCX Crude Oil Mini Futures,MCX,synthetic,15m,15,synthetic_intraday,SYNTHETIC_INTRADAY,2026-07-21 04:00:00+00:00,mcx_open_drive
2026-07-21,2026-07-21 09:45:00,6946.6518755964,6953.598527471995,6939.705223720804,6946.6518755964,802,83.0,CRUDEOILM-SYNTH,INR,MCX,MCX Crude Oil Mini Futures,MCX,synthetic,15m,15,synthetic_intraday,SYNTHETIC_INTRADAY,2026-07-21 04:15:00+00:00,mcx_open_drive
2026-07-21,2026-07-21 10:00:00,6946.6518755964,6953.598527471995,6939.705223720804,6946.6518755964,299,83.0,CRUDEOILM-SYNTH,INR,MCX,MCX Crude Oil Mini Futures,MCX,synthetic,15m,15,synthetic_intraday,SYNTHETIC_INTRADAY,2026-07-21 04:30:00+00:00,mcx_open_drive
2026-07-21,2026-07-21 10:15:00,6946.6518755964,6953.598527471995,6939.705223720804,6946.6518755964,463,83.0,CRUDEOILM-SYNTH,INR,MCX,MCX Crude Oil Mini Futures,MCX,synthetic,15m,15,synthetic_intraday,SYNTHETIC_INTRADAY,2026-07-21 04:45:00+00:00,mcx_open_drive
2026-07-21,2026-07-21 10:30:00,6946.6518755964,6953.598527471995,6939.705223720804,6946.6518755964,970,83.0,CRUDEOILM-SYNTH,INR,MCX,MCX Crude Oil Mini Futures,MCX,synthetic,15m,15,synthetic_intraday,SYNTHETIC_INTRADAY,2026-07-21 05:00:00+00:00,india_morning
2026-07-21,2026-07-21 10:45:00,6946.6518755964,6953.598527471995,6939.705223720804,6946.6518755964,312,83.0,CRUDEOILM-SYNTH,INR,MCX,MCX Crude Oil Mini Futures,MCX,synthetic,15m,15,synthetic_intraday,SYNTHETIC_INTRADAY,2026-07-21 05:15:00+00:00,india_morning
2026-07-21,2026-07-21 11:00:00,6946.6518755964,6953.598527471995,6939.705223720804,6946.6518755964,302,83.0,CRUDEOILM-SYNTH,INR,MCX,MCX Crude Oil Mini Futures,MCX,synthetic,15m,15,synthetic_intraday,SYNTHETIC_INTRADAY,2026-07-21 05:30:00+00:00,india_morning
2026-07-21,2026-07-21 11:15:00,6946.6518755964,6953.598527471995,6939.705223720804,6946.6518755964,440,83.0,CRUDEOILM-SYNTH,INR,MCX,MCX Crude Oil Mini Futures,MCX,synthetic,15m,15,synthetic_intraday,SYNTHETIC_INTRADAY,2026-07-21 05:45:00+00:00,india_morning
2026-07-21,2026-07-21 11:30:00,6946.6518755964,6953.598527471995,6939.705223720804,6946.6518755964,378,83.0,CRUDEOILM-SYNTH,INR,MCX,MCX Crude Oil Mini Futures,MCX,synthetic,15m,15,synthetic_intraday,SYNTHETIC_INTRADAY,2026-07-21 06:00:00+00:00,india_morning
2026-07-21,2026-07-21 11:45:00,6946.6518755964,6953.598527471995,6939.705223720804,6946.6518755964,298,83.0,CRUDEOILM-SYNTH,INR,MCX,MCX Crude Oil Mini Futures,MCX,synthetic,15m,15,synthetic_intraday,SYNTHETIC_INTRADAY,2026-07-21 06:15:00+00:00,india_morning
2026-07-21,2026-07-21 12:00:00,6946.6518755964,6953.598527471995,6939.705223720804,6946.6518755964,393,83.0,CRUDEOILM-SYNTH,INR,MCX,MCX Crude Oil Mini Futures,MCX,synthetic,15m,15,synthetic_intraday,SYNTHETIC_INTRADAY,2026-07-21 06:30:00+00:00,india_morning
2026-07-21,2026-07-21 12:15:00,6946.6518755964,6953.598527471995,6939.705223720804,6946.6518755964,709,83.0,CRUDEOILM-SYNTH,INR,MCX,MCX Crude Oil Mini Futures,MCX,synthetic,15m,15,synthetic_intraday,SYNTHETIC_INTRADAY,2026-07-21 06:45:00+00:00,india_morning
2026-07-21,2026-07-21 12:30:00,6949.244599435326,6956.19384403476,6942.29535483589,6949.244599435326,877,83.0,CRUDEOILM-SYNTH,INR,MCX,MCX Crude Oil Mini Futures,MCX,synthetic,15m,15,synthetic_intraday,SYNTHETIC_INTRADAY,2026-07-21 07:00:00+00:00,india_midday
2026-07-21,2026-07-21 12:45:00,6959.13484085867,6966.093975699528,6952.1757060178115,6959.13484085867,460,83.0,CRUDEOILM-SYNTH,INR,MCX,MCX Crude Oil Mini Futures,MCX,synthetic,15m,15,synthetic_intraday,SYNTHETIC_INTRADAY,2026-07-21 07:15:00+00:00,india_midday
2026-07-21,2026-07-21 13:00:00,6964.715997844688,6971.680713842532,6957.751281846843,6964.715997844688,871,83.0,CRUDEOILM-SYNTH,INR,MCX,MCX Crude Oil Mini Futures,MCX,synthetic,15m,15,synthetic_intraday,SYNTHETIC_INTRADAY,2026-07-21 07:30:00+00:00,india_midday
2026-07-21,2026-07-21 13:15:00,6968.487455416484,6975.4559428719,6961.518967961068,6968.487455416484,895,83.0,CRUDEOILM-SYNTH,INR,MCX,MCX Crude Oil Mini Futures,MCX,synthetic,15m,15,synthetic_intraday,SYNTHETIC_INTRADAY,2026-07-21 07:45:00+00:00,india_midday
2026-07-21,2026-07-21 13:30:00,6979.560254557162,6986.539814811718,6972.580694302605,6979.560254557162,787,83.0,CRUDEOILM-SYNTH,INR,MCX,MCX Crude Oil Mini Futures,MCX,synthetic,15m,15,synthetic_intraday,SYNTHETIC_INTRADAY,2026-07-21 08:00:00+00:00,india_midday
2026-07-21,2026-07-21 13:45:00,6985.878280321951,6992.864158602272,6978.892402041629,6985.878280321951,309,83.0,CRUDEOILM-SYNTH,INR,MCX,MCX Crude Oil Mini Futures,MCX,synthetic,15m,15,synthetic_intraday,SYNTHETIC_INTRADAY,2026-07-21 08:15:00+00:00,india_midday
2026-07-21,2026-07-21 14:00:00,6996.1589827951875,7003.155141777982,6989.162823812392,6996.1589827951875,466,83.0,CRUDEOILM-SYNTH,INR,MCX,MCX Crude Oil Mini Futures,MCX,synthetic,15m,15,synthetic_intraday,SYNTHETIC_INTRADAY,2026-07-21 08:30:00+00:00,india_midday
2026-07-21,2026-07-21 14:15:00,7005.6541372873935,7012.65979142468,6998.648483150106,7005.6541372873935,262,83.0,CRUDEOILM-SYNTH,INR,MCX,MCX Crude Oil Mini Futures,MCX,synthetic,15m,15,synthetic_intraday,SYNTHETIC_INTRADAY,2026-07-21 08:45:00+00:00,india_midday
2026-07-21,2026-07-21 14:30:00,7007.90140208111,7014.90930348319,7000.893500679029,7007.90140208111,569,83.0,CRUDEOILM-SYNTH,INR,MCX,MCX Crude Oil Mini Futures,MCX,synthetic,15m,15,synthetic_intraday,SYNTHETIC_INTRADAY,2026-07-21 09:00:00+00:00,india_midday
2026-07-21,2026-07-21 14:45:00,7019.015645601369,7026.03466124697,7011.996629955768,7019.015645601369,143,83.0,CRUDEOILM-SYNTH,INR,MCX,MCX Crude Oil Mini Futures,MCX,synthetic,15m,15,synthetic_intraday,SYNTHETIC_INTRADAY,2026-07-21 09:15:00+00:00,india_midday
2026-07-22,2026-07-22 09:00:00,7106.061876091199,7113.16793796729,7098.955814215108,7106.061876091199,205,83.0,CRUDEOILM-SYNTH,INR,MCX,MCX Crude Oil Mini Futures,MCX,synthetic,15m,15,synthetic_intraday,SYNTHETIC_INTRADAY,2026-07-22 03:30:00+00:00,mcx_open_drive
2026-07-22,2026-07-22 09:15:00,7106.061876091199,7113.16793796729,7098.955814215108,7106.061876091199,288,83.0,CRUDEOILM-SYNTH,INR,MCX,MCX Crude Oil Mini Futures,MCX,synthetic,15m,15,synthetic_intraday,SYNTHETIC_INTRADAY,2026-07-22 03:45:00+00:00,mcx_open_drive
2026-07-22,2026-07-22 09:30:00,7106.061876091199,7113.16793796729,7098.955814215108,7106.061876091199,107,83.0,CRUDEOILM-SYNTH,INR,MCX,MCX Crude Oil Mini Futures,MCX,synthetic,15m,15,synthetic_intraday,SYNTHETIC_INTRADAY,2026-07-22 04:00:00+00:00,mcx_open_drive
2026-07-22,2026-07-22 09:45:00,7106.061876091199,7113.16793796729,7098.955814215108,7106.061876091199,250,83.0,CRUDEOILM-SYNTH,INR,MCX,MCX Crude Oil Mini Futures,MCX,synthetic,15m,15,synthetic_intraday,SYNTHETIC_INTRADAY,2026-07-22 04:15:00+00:00,mcx_open_drive
2026-07-22,2026-07-22 10:00:00,7106.061876091199,7113.16793796729,7098.955814215108,7106.061876091199,533,83.0,CRUDEOILM-SYNTH,INR,MCX,MCX Crude Oil Mini Futures,MCX,synthetic,15m,15,synthetic_intraday,SYNTHETIC_INTRADAY,2026-07-22 04:30:00+00:00,mcx_open_drive
2026-07-22,2026-07-22 10:15:00,7106.061876091199,7113.16793796729,7098.955814215108,7106.061876091199,774,83.0,CRUDEOILM-SYNTH,INR,MCX,MCX Crude Oil Mini Futures,MCX,synthetic,15m,15,synthetic_intraday,SYNTHETIC_INTRADAY,2026-07-22 04:45:00+00:00,mcx_open_drive
2026-07-22,2026-07-22 10:30:00,7106.061876091199,7113.16793796729,7098.955814215108,7106.061876091199,643,83.0,CRUDEOILM-SYNTH,INR,MCX,MCX Crude Oil Mini Futures,MCX,synthetic,15m,15,synthetic_intraday,SYNTHETIC_INTRADAY,2026-07-22 05:00:00+00:00,india_morning
2026-07-22,2026-07-22 10:45:00,7106.061876091199,7113.16793796729,7098.955814215108,7106.061876091199,494,83.0,CRUDEOILM-SYNTH,INR,MCX,MCX Crude Oil Mini Futures,MCX,synthetic,15m,15,synthetic_intraday,SYNTHETIC_INTRADAY,2026-07-22 05:15:00+00:00,india_morning
2026-07-22,2026-07-22 11:00:00,7106.061876091199,7113.16793796729,7098.955814215108,7106.061876091199,935,83.0,CRUDEOILM-SYNTH,INR,MCX,MCX Crude Oil Mini Futures,MCX,synthetic,15m,15,synthetic_intraday,SYNTHETIC_INTRADAY,2026-07-22 05:30:00+00:00,india_morning
2026-07-22,2026-07-22 11:15:00,7106.061876091199,7113.16793796729,7098.955814215108,7106.061876091199,408,83.0,CRUDEOILM-SYNTH,INR,MCX,MCX Crude Oil Mini Futures,MCX,synthetic,15m,15,synthetic_intraday,SYNTHETIC_INTRADAY,2026-07-22 05:45:00+00:00,india_morning
2026-07-22,2026-07-22 11:30:00,7106.061876091199,7113.16793796729,7098.955814215108,7106.061876091199,762,83.0,CRUDEOILM-SYNTH,INR,MCX,MCX Crude Oil Mini Futures,MCX,synthetic,15m,15,synthetic_intraday,SYNTHETIC_INTRADAY,2026-07-22 06:00:00+00:00,india_morning
2026-07-22,2026-07-22 11:45:00,7106.061876091199,7113.16793796729,7098.955814215108,7106.061876091199,593,83.0,CRUDEOILM-SYNTH,INR,MCX,MCX Crude Oil Mini Futures,MCX,synthetic,15m,15,synthetic_intraday,SYNTHETIC_INTRADAY,2026-07-22 06:15:00+00:00,india_morning
2026-07-22,2026-07-22 12:00:00,7106.061876091199,7113.16793796729,7098.955814215108,7106.061876091199,952,83.0,CRUDEOILM-SYNTH,INR,MCX,MCX Crude Oil Mini Futures,MCX,synthetic,15m,15,synthetic_intraday,SYNTHETIC_INTRADAY,2026-07-22 06:30:00+00:00,india_morning
2026-07-22,2026-07-22 12:15:00,7107.1729562496585,7114.2801292059075,7100.0657832934085,7107.1729562496585,527,83.0,CRUDEOILM-SYNTH,INR,MCX,MCX Crude Oil Mini Futures,MCX,synthetic,15m,15,synthetic_intraday,SYNTHETIC_INTRADAY,2026-07-22 06:45:00+00:00,india_morning
2026-07-22,2026-07-22 12:30:00,7114.222190589305,7121.336412779893,7107.1079683987155,7114.222190589305,879,83.0,CRUDEOILM-SYNTH,INR,MCX,MCX Crude Oil Mini Futures,MCX,synthetic,15m,15,synthetic_intraday,SYNTHETIC_INTRADAY,2026-07-22 07:00:00+00:00,india_midday
2026-07-22,2026-07-22 12:45:00,7123.531075894988,7130.654606970882,7116.407544819093,7123.531075894988,332,83.0,CRUDEOILM-SYNTH,INR,MCX,MCX Crude Oil Mini Futures,MCX,synthetic,15m,15,synthetic_intraday,SYNTHETIC_INTRADAY,2026-07-22 07:15:00+00:00,india_midday
2026-07-22,2026-07-22 13:00:00,7131.421386360449,7138.552807746809,7124.289964974088,7131.421386360449,265,83.0,CRUDEOILM-SYNTH,INR,MCX,MCX Crude Oil Mini Futures,MCX,synthetic,15m,15,synthetic_intraday,SYNTHETIC_INTRADAY,2026-07-22 07:30:00+00:00,india_midday
2026-07-22,2026-07-22 13:15:00,7135.805688511174,7142.941494199684,7128.669882822663,7135.805688511174,977,83.0,CRUDEOILM-SYNTH,INR,MCX,MCX Crude Oil Mini Futures,MCX,synthetic,15m,15,synthetic_intraday,SYNTHETIC_INTRADAY,2026-07-22 07:45:00+00:00,india_midday
2026-07-22,2026-07-22 13:30:00,7144.39907260108,7151.54347167368,7137.254673528479,7144.39907260108,721,83.0,CRUDEOILM-SYNTH,INR,MCX,MCX Crude Oil Mini Futures,MCX,synthetic,15m,15,synthetic_intraday,SYNTHETIC_INTRADAY,2026-07-22 08:00:00+00:00,india_midday
2026-07-22,2026-07-22 13:45:00,7150.805747305121,7157.956553052426,7143.6549415578165,7150.805747305121,833,83.0,CRUDEOILM-SYNTH,INR,MCX,MCX Crude Oil Mini Futures,MCX,synthetic,15m,15,synthetic_intraday,SYNTHETIC_INTRADAY,2026-07-22 08:15:00+00:00,india_midday
2026-07-22,2026-07-22 14:00:00,7154.480941967874,7161.6354229098415,7147.326461025907,7154.480941967874,278,83.0,CRUDEOILM-SYNTH,INR,MCX,MCX Crude Oil Mini Futures,MCX,synthetic,15m,15,synthetic_intraday,SYNTHETIC_INTRADAY,2026-07-22 08:30:00+00:00,india_midday
2026-07-22,2026-07-22 14:15:00,7161.989775091976,7169.151764867068,7154.827785316885,7161.989775091976,489,83.0,CRUDEOILM-SYNTH,INR,MCX,MCX Crude Oil Mini Futures,MCX,synthetic,15m,15,synthetic_intraday,SYNTHETIC_INTRADAY,2026-07-22 08:45:00+00:00,india_midday
2026-07-22,2026-07-22 14:30:00,7171.809036708441,7178.980845745149,7164.637227671733,7171.809036708441,370,83.0,CRUDEOILM-SYNTH,INR,MCX,MCX Crude Oil Mini Futures,MCX,synthetic,15m,15,synthetic_intraday,SYNTHETIC_INTRADAY,2026-07-22 09:00:00+00:00,india_midday
2026-07-22,2026-07-22 14:45:00,7182.298885013753,7189.481183898765,7175.116586128739,7182.298885013753,110,83.0,CRUDEOILM-SYNTH,INR,MCX,MCX Crude Oil Mini Futures,MCX,synthetic,15m,15,synthetic_intraday,SYNTHETIC_INTRADAY,2026-07-22 09:15:00+00:00,india_midday
2026-07-23,2026-07-23 09:00:00,7589.2212501237,7596.810471373823,7581.632028873576,7589.2212501237,102,83.0,CRUDEOILM-SYNTH,INR,MCX,MCX Crude Oil Mini Futures,MCX,synthetic,15m,15,synthetic_intraday,SYNTHETIC_INTRADAY,2026-07-23 03:30:00+00:00,mcx_open_drive
2026-07-23,2026-07-23 09:15:00,7589.2212501237,7596.810471373823,7581.632028873576,7589.2212501237,891,83.0,CRUDEOILM-SYNTH,INR,MCX,MCX Crude Oil Mini Futures,MCX,synthetic,15m,15,synthetic_intraday,SYNTHETIC_INTRADAY,2026-07-23 03:45:00+00:00,mcx_open_drive
2026-07-23,2026-07-23 09:30:00,7589.2212501237,7596.810471373823,7581.632028873576,7589.2212501237,477,83.0,CRUDEOILM-SYNTH,INR,MCX,MCX Crude Oil Mini Futures,MCX,synthetic,15m,15,synthetic_intraday,SYNTHETIC_INTRADAY,2026-07-23 04:00:00+00:00,mcx_open_drive
2026-07-23,2026-07-23 09:45:00,7589.2212501237,7596.810471373823,7581.632028873576,7589.2212501237,914,83.0,CRUDEOILM-SYNTH,INR,MCX,MCX Crude Oil Mini Futures,MCX,synthetic,15m,15,synthetic_intraday,SYNTHETIC_INTRADAY,2026-07-23 04:15:00+00:00,mcx_open_drive
2026-07-23,2026-07-23 10:00:00,7589.2212501237,7596.810471373823,7581.632028873576,7589.2212501237,386,83.0,CRUDEOILM-SYNTH,INR,MCX,MCX Crude Oil Mini Futures,MCX,synthetic,15m,15,synthetic_intraday,SYNTHETIC_INTRADAY,2026-07-23 04:30:00+00:00,mcx_open_drive
2026-07-23,2026-07-23 10:15:00,7589.2212501237,7596.810471373823,7581.632028873576,7589.2212501237,718,83.0,CRUDEOILM-SYNTH,INR,MCX,MCX Crude Oil Mini Futures,MCX,synthetic,15m,15,synthetic_intraday,SYNTHETIC_INTRADAY,2026-07-23 04:45:00+00:00,mcx_open_drive
2026-07-23,2026-07-23 10:30:00,7589.2212501237,7596.810471373823,7581.632028873576,7589.2212501237,888,83.0,CRUDEOILM-SYNTH,INR,MCX,MCX Crude Oil Mini Futures,MCX,synthetic,15m,15,synthetic_intraday,SYNTHETIC_INTRADAY,2026-07-23 05:00:00+00:00,india_morning
2026-07-23,2026-07-23 10:45:00,7589.2212501237,7596.810471373823,7581.632028873576,7589.2212501237,107,83.0,CRUDEOILM-SYNTH,INR,MCX,MCX Crude Oil Mini Futures,MCX,synthetic,15m,15,synthetic_intraday,SYNTHETIC_INTRADAY,2026-07-23 05:15:00+00:00,india_morning
2026-07-23,2026-07-23 11:00:00,7589.2212501237,7596.810471373823,7581.632028873576,7589.2212501237,684,83.0,CRUDEOILM-SYNTH,INR,MCX,MCX Crude Oil Mini Futures,MCX,synthetic,15m,15,synthetic_intraday,SYNTHETIC_INTRADAY,2026-07-23 05:30:00+00:00,india_morning
2026-07-23,2026-07-23 11:15:00,7589.2212501237,7596.810471373823,7581.632028873576,7589.2212501237,883,83.0,CRUDEOILM-SYNTH,INR,MCX,MCX Crude Oil Mini Futures,MCX,synthetic,15m,15,synthetic_intraday,SYNTHETIC_INTRADAY,2026-07-23 05:45:00+00:00,india_morning
2026-07-23,2026-07-23 11:30:00,7589.2212501237,7596.810471373823,7581.632028873576,7589.2212501237,410,83.0,CRUDEOILM-SYNTH,INR,MCX,MCX Crude Oil Mini Futures,MCX,synthetic,15m,15,synthetic_intraday,SYNTHETIC_INTRADAY,2026-07-23 06:00:00+00:00,india_morning
2026-07-23,2026-07-23 11:45:00,7589.2212501237,7596.810471373823,7581.632028873576,7589.2212501237,493,83.0,CRUDEOILM-SYNTH,INR,MCX,MCX Crude Oil Mini Futures,MCX,synthetic,15m,15,synthetic_intraday,SYNTHETIC_INTRADAY,2026-07-23 06:15:00+00:00,india_morning
2026-07-23,2026-07-23 12:00:00,7589.2212501237,7596.810471373823,7581.632028873576,7589.2212501237,514,83.0,CRUDEOILM-SYNTH,INR,MCX,MCX Crude Oil Mini Futures,MCX,synthetic,15m,15,synthetic_intraday,SYNTHETIC_INTRADAY,2026-07-23 06:30:00+00:00,india_morning
2026-07-23,2026-07-23 12:15:00,7589.2212501237,7596.810471373823,7581.632028873576,7589.2212501237,580,83.0,CRUDEOILM-SYNTH,INR,MCX,MCX Crude Oil Mini Futures,MCX,synthetic,15m,15,synthetic_intraday,SYNTHETIC_INTRADAY,2026-07-23 06:45:00+00:00,india_morning
2026-07-23,2026-07-23 12:30:00,7589.2212501237,7596.810471373823,7581.632028873576,7589.2212501237,628,83.0,CRUDEOILM-SYNTH,INR,MCX,MCX Crude Oil Mini Futures,MCX,synthetic,15m,15,synthetic_intraday,SYNTHETIC_INTRADAY,2026-07-23 07:00:00+00:00,india_midday
2026-07-23,2026-07-23 12:45:00,7589.2212501237,7596.810471373823,7581.632028873576,7589.2212501237,372,83.0,CRUDEOILM-SYNTH,INR,MCX,MCX Crude Oil Mini Futures,MCX,synthetic,15m,15,synthetic_intraday,SYNTHETIC_INTRADAY,2026-07-23 07:15:00+00:00,india_midday
2026-07-23,2026-07-23 13:00:00,7589.2212501237,7596.810471373823,7581.632028873576,7589.2212501237,787,83.0,CRUDEOILM-SYNTH,INR,MCX,MCX Crude Oil Mini Futures,MCX,synthetic,15m,15,synthetic_intraday,SYNTHETIC_INTRADAY,2026-07-23 07:30:00+00:00,india_midday
2026-07-23,2026-07-23 13:15:00,7589.2212501237,7596.810471373823,7581.632028873576,7589.2212501237,718,83.0,CRUDEOILM-SYNTH,INR,MCX,MCX Crude Oil Mini Futures,MCX,synthetic,15m,15,synthetic_intraday,SYNTHETIC_INTRADAY,2026-07-23 07:45:00+00:00,india_midday
2026-07-23,2026-07-23 13:30:00,7589.2212501237,7596.810471373823,7581.632028873576,7589.2212501237,523,83.0,CRUDEOILM-SYNTH,INR,MCX,MCX Crude Oil Mini Futures,MCX,synthetic,15m,15,synthetic_intraday,SYNTHETIC_INTRADAY,2026-07-23 08:00:00+00:00,india_midday
2026-07-23,2026-07-23 13:45:00,7589.2212501237,7596.810471373823,7581.632028873576,7589.2212501237,722,83.0,CRUDEOILM-SYNTH,INR,MCX,MCX Crude Oil Mini Futures,MCX,synthetic,15m,15,synthetic_intraday,SYNTHETIC_INTRADAY,2026-07-23 08:15:00+00:00,india_midday
2026-07-23,2026-07-23 14:00:00,7603.693446131109,7611.297139577239,7596.0897526849785,7603.693446131109,724,83.0,CRUDEOILM-SYNTH,INR,MCX,MCX Crude Oil Mini Futures,MCX,synthetic,15m,15,synthetic_intraday,SYNTHETIC_INTRADAY,2026-07-23 08:30:00+00:00,india_midday
2026-07-23,2026-07-23 14:15:00,7623.955935901524,7631.579891837425,7616.331979965622,7623.955935901524,875,83.0,CRUDEOILM-SYNTH,INR,MCX,MCX Crude Oil Mini Futures,MCX,synthetic,15m,15,synthetic_intraday,SYNTHETIC_INTRADAY,2026-07-23 08:45:00+00:00,india_midday
2026-07-23,2026-07-23 14:30:00,7641.842155311711,7649.483997467022,7634.2003131564,7641.842155311711,569,83.0,CRUDEOILM-SYNTH,INR,MCX,MCX Crude Oil Mini Futures,MCX,synthetic,15m,15,synthetic_intraday,SYNTHETIC_INTRADAY,2026-07-23 09:00:00+00:00,india_midday
2026-07-23,2026-07-23 14:45:00,7669.6102465755475,7677.279856822122,7661.940636328972,7669.6102465755475,492,83.0,CRUDEOILM-SYNTH,INR,MCX,MCX Crude Oil Mini Futures,MCX,synthetic,15m,15,synthetic_intraday,SYNTHETIC_INTRADAY,2026-07-23 09:15:00+00:00,india_midday
2026-07-24,2026-07-24 09:00:00,7486.8570954548,7494.3439525502545,7479.370238359345,7486.8570954548,215,83.0,CRUDEOILM-SYNTH,INR,MCX,MCX Crude Oil Mini Futures,MCX,synthetic,15m,15,synthetic_intraday,SYNTHETIC_INTRADAY,2026-07-24 03:30:00+00:00,mcx_open_drive
2026-07-24,2026-07-24 09:15:00,7486.8570954548,7494.3439525502545,7479.370238359345,7486.8570954548,750,83.0,CRUDEOILM-SYNTH,INR,MCX,MCX Crude Oil Mini Futures,MCX,synthetic,15m,15,synthetic_intraday,SYNTHETIC_INTRADAY,2026-07-24 03:45:00+00:00,mcx_open_drive
2026-07-24,2026-07-24 09:30:00,7486.8570954548,7494.3439525502545,7479.370238359345,7486.8570954548,197,83.0,CRUDEOILM-SYNTH,INR,MCX,MCX Crude Oil Mini Futures,MCX,synthetic,15m,15,synthetic_intraday,SYNTHETIC_INTRADAY,2026-07-24 04:00:00+00:00,mcx_open_drive
2026-07-24,2026-07-24 09:45:00,7486.8570954548,7494.3439525502545,7479.370238359345,7486.8570954548,816,83.0,CRUDEOILM-SYNTH,INR,MCX,MCX Crude Oil Mini Futures,MCX,synthetic,15m,15,synthetic_intraday,SYNTHETIC_INTRADAY,2026-07-24 04:15:00+00:00,mcx_open_drive
2026-07-24,2026-07-24 10:00:00,7486.8570954548,7494.3439525502545,7479.370238359345,7486.8570954548,370,83.0,CRUDEOILM-SYNTH,INR,MCX,MCX Crude Oil Mini Futures,MCX,synthetic,15m,15,synthetic_intraday,SYNTHETIC_INTRADAY,2026-07-24 04:30:00+00:00,mcx_open_drive
2026-07-24,2026-07-24 10:15:00,7486.8570954548,7494.3439525502545,7479.370238359345,7486.8570954548,159,83.0,CRUDEOILM-SYNTH,INR,MCX,MCX Crude Oil Mini Futures,MCX,synthetic,15m,15,synthetic_intraday,SYNTHETIC_INTRADAY,2026-07-24 04:45:00+00:00,mcx_open_drive
2026-07-24,2026-07-24 10:30:00,7486.8570954548,7494.3439525502545,7479.370238359345,7486.8570954548,483,83.0,CRUDEOILM-SYNTH,INR,MCX,MCX Crude Oil Mini Futures,MCX,synthetic,15m,15,synthetic_intraday,SYNTHETIC_INTRADAY,2026-07-24 05:00:00+00:00,india_morning
2026-07-24,2026-07-24 10:45:00,7486.8570954548,7494.3439525502545,7479.370238359345,7486.8570954548,421,83.0,CRUDEOILM-SYNTH,INR,MCX,MCX Crude Oil Mini Futures,MCX,synthetic,15m,15,synthetic_intraday,SYNTHETIC_INTRADAY,2026-07-24 05:15:00+00:00,india_morning
2026-07-24,2026-07-24 11:00:00,7486.8570954548,7494.3439525502545,7479.370238359345,7486.8570954548,663,83.0,CRUDEOILM-SYNTH,INR,MCX,MCX Crude Oil Mini Futures,MCX,synthetic,15m,15,synthetic_intraday,SYNTHETIC_INTRADAY,2026-07-24 05:30:00+00:00,india_morning
2026-07-24,2026-07-24 11:15:00,7486.8570954548,7494.3439525502545,7479.370238359345,7486.8570954548,669,83.0,CRUDEOILM-SYNTH,INR,MCX,MCX Crude Oil Mini Futures,MCX,synthetic,15m,15,synthetic_intraday,SYNTHETIC_INTRADAY,2026-07-24 05:45:00+00:00,india_morning
2026-07-24,2026-07-24 11:30:00,7486.8570954548,7494.3439525502545,7479.370238359345,7486.8570954548,600,83.0,CRUDEOILM-SYNTH,INR,MCX,MCX Crude Oil Mini Futures,MCX,synthetic,15m,15,synthetic_intraday,SYNTHETIC_INTRADAY,2026-07-24 06:00:00+00:00,india_morning
2026-07-24,2026-07-24 11:45:00,7486.8570954548,7494.3439525502545,7479.370238359345,7486.8570954548,406,83.0,CRUDEOILM-SYNTH,INR,MCX,MCX Crude Oil Mini Futures,MCX,synthetic,15m,15,synthetic_intraday,SYNTHETIC_INTRADAY,2026-07-24 06:15:00+00:00,india_morning
2026-07-24,2026-07-24 12:00:00,7486.8570954548,7494.3439525502545,7479.370238359345,7486.8570954548,228,83.0,CRUDEOILM-SYNTH,INR,MCX,MCX Crude Oil Mini Futures,MCX,synthetic,15m,15,synthetic_intraday,SYNTHETIC_INTRADAY,2026-07-24 06:30:00+00:00,india_morning
2026-07-24,2026-07-24 12:15:00,7486.8570954548,7494.3439525502545,7479.370238359345,7486.8570954548,752,83.0,CRUDEOILM-SYNTH,INR,MCX,MCX Crude Oil Mini Futures,MCX,synthetic,15m,15,synthetic_intraday,SYNTHETIC_INTRADAY,2026-07-24 06:45:00+00:00,india_morning
2026-07-24,2026-07-24 12:30:00,7486.8570954548,7494.3439525502545,7479.370238359345,7486.8570954548,134,83.0,CRUDEOILM-SYNTH,INR,MCX,MCX Crude Oil Mini Futures,MCX,synthetic,15m,15,synthetic_intraday,SYNTHETIC_INTRADAY,2026-07-24 07:00:00+00:00,india_midday
2026-07-24,2026-07-24 12:45:00,7486.8570954548,7494.3439525502545,7479.370238359345,7486.8570954548,454,83.0,CRUDEOILM-SYNTH,INR,MCX,MCX Crude Oil Mini Futures,MCX,synthetic,15m,15,synthetic_intraday,SYNTHETIC_INTRADAY,2026-07-24 07:15:00+00:00,india_midday
2026-07-24,2026-07-24 13:00:00,7486.8570954548,7494.3439525502545,7479.370238359345,7486.8570954548,577,83.0,CRUDEOILM-SYNTH,INR,MCX,MCX Crude Oil Mini Futures,MCX,synthetic,15m,15,synthetic_intraday,SYNTHETIC_INTRADAY,2026-07-24 07:30:00+00:00,india_midday
2026-07-24,2026-07-24 13:15:00,7481.092827089197,7488.573919916285,7473.611734262108,7481.092827089197,415,83.0,CRUDEOILM-SYNTH,INR,MCX,MCX Crude Oil Mini Futures,MCX,synthetic,15m,15,synthetic_intraday,SYNTHETIC_INTRADAY,2026-07-24 07:45:00+00:00,india_midday
2026-07-24,2026-07-24 13:30:00,7464.1540550496,7471.618209104649,7456.689900994551,7464.1540550496,723,83.0,CRUDEOILM-SYNTH,INR,MCX,MCX Crude Oil Mini Futures,MCX,synthetic,15m,15,synthetic_intraday,SYNTHETIC_INTRADAY,2026-07-24 08:00:00+00:00,india_midday
2026-07-24,2026-07-24 13:45:00,7458.145812246293,7465.603958058538,7450.687666434046,7458.145812246293,501,83.0,CRUDEOILM-SYNTH,INR,MCX,MCX Crude Oil Mini Futures,MCX,synthetic,15m,15,synthetic_intraday,SYNTHETIC_INTRADAY,2026-07-24 08:15:00+00:00,india_midday
2026-07-24,2026-07-24 14:00:00,7442.512726452853,7449.955239179305,7435.0702137264,7442.512726452853,715,83.0,CRUDEOILM-SYNTH,INR,MCX,MCX Crude Oil Mini Futures,MCX,synthetic,15m,15,synthetic_intraday,SYNTHETIC_INTRADAY,2026-07-24 08:30:00+00:00,india_midday
2026-07-24,2026-07-24 14:15:00,7436.4591677687085,7443.895626936476,7429.02270860094,7436.4591677687085,680,83.0,CRUDEOILM-SYNTH,INR,MCX,MCX Crude Oil Mini Futures,MCX,synthetic,15m,15,synthetic_intraday,SYNTHETIC_INTRADAY,2026-07-24 08:45:00+00:00,india_midday
2026-07-24,2026-07-24 14:30:00,7419.69361594072,7427.113309556659,7412.273922324779,7419.69361594072,276,83.0,CRUDEOILM-SYNTH,INR,MCX,MCX Crude Oil Mini Futures,MCX,synthetic,15m,15,synthetic_intraday,SYNTHETIC_INTRADAY,2026-07-24 09:00:00+00:00,india_midday
2026-07-24,2026-07-24 14:45:00,7417.089185708273,7424.506274893981,7409.672096522565,7417.089185708273,997,83.0,CRUDEOILM-SYNTH,INR,MCX,MCX Crude Oil Mini Futures,MCX,synthetic,15m,15,synthetic_intraday,SYNTHETIC_INTRADAY,2026-07-24 09:15:00+00:00,india_midday
2026-07-27,2026-07-27 09:00:00,6866.5156068178,6873.382122424618,6859.649091210982,6866.5156068178,296,83.0,CRUDEOILM-SYNTH,INR,MCX,MCX Crude Oil Mini Futures,MCX,synthetic,15m,15,synthetic_intraday,SYNTHETIC_INTRADAY,2026-07-27 03:30:00+00:00,mcx_open_drive
2026-07-27,2026-07-27 09:15:00,6866.5156068178,6873.382122424618,6859.649091210982,6866.5156068178,125,83.0,CRUDEOILM-SYNTH,INR,MCX,MCX Crude Oil Mini Futures,MCX,synthetic,15m,15,synthetic_intraday,SYNTHETIC_INTRADAY,2026-07-27 03:45:00+00:00,mcx_open_drive
2026-07-27,2026-07-27 09:30:00,6866.5156068178,6873.382122424618,6859.649091210982,6866.5156068178,836,83.0,CRUDEOILM-SYNTH,INR,MCX,MCX Crude Oil Mini Futures,MCX,synthetic,15m,15,synthetic_intraday,SYNTHETIC_INTRADAY,2026-07-27 04:00:00+00:00,mcx_open_drive
2026-07-27,2026-07-27 09:45:00,6866.5156068178,6873.382122424618,6859.649091210982,6866.5156068178,416,83.0,CRUDEOILM-SYNTH,INR,MCX,MCX Crude Oil Mini Futures,MCX,synthetic,15m,15,synthetic_intraday,SYNTHETIC_INTRADAY,2026-07-27 04:15:00+00:00,mcx_open_drive
2026-07-27,2026-07-27 10:00:00,6866.5156068178,6873.382122424618,6859.649091210982,6866.5156068178,202,83.0,CRUDEOILM-SYNTH,INR,MCX,MCX Crude Oil Mini Futures,MCX,synthetic,15m,15,synthetic_intraday,SYNTHETIC_INTRADAY,2026-07-27 04:30:00+00:00,mcx_open_drive
2026-07-27,2026-07-27 10:15:00,6866.5156068178,6873.382122424618,6859.649091210982,6866.5156068178,765,83.0,CRUDEOILM-SYNTH,INR,MCX,MCX Crude Oil Mini Futures,MCX,synthetic,15m,15,synthetic_intraday,SYNTHETIC_INTRADAY,2026-07-27 04:45:00+00:00,mcx_open_drive
2026-07-27,2026-07-27 10:30:00,6866.5156068178,6873.382122424618,6859.649091210982,6866.5156068178,203,83.0,CRUDEOILM-SYNTH,INR,MCX,MCX Crude Oil Mini Futures,MCX,synthetic,15m,15,synthetic_intraday,SYNTHETIC_INTRADAY,2026-07-27 05:00:00+00:00,india_morning
2026-07-27,2026-07-27 10:45:00,6866.5156068178,6873.382122424618,6859.649091210982,6866.5156068178,333,83.0,CRUDEOILM-SYNTH,INR,MCX,MCX Crude Oil Mini Futures,MCX,synthetic,15m,15,synthetic_intraday,SYNTHETIC_INTRADAY,2026-07-27 05:15:00+00:00,india_morning
2026-07-27,2026-07-27 11:00:00,6866.5156068178,6873.382122424618,6859.649091210982,6866.5156068178,787,83.0,CRUDEOILM-SYNTH,INR,MCX,MCX Crude Oil Mini Futures,MCX,synthetic,15m,15,synthetic_intraday,SYNTHETIC_INTRADAY,2026-07-27 05:30:00+00:00,india_morning
2026-07-27,2026-07-27 11:15:00,6866.5156068178,6873.382122424618,6859.649091210982,6866.5156068178,433,83.0,CRUDEOILM-SYNTH,INR,MCX,MCX Crude Oil Mini Futures,MCX,synthetic,15m,15,synthetic_intraday,SYNTHETIC_INTRADAY,2026-07-27 05:45:00+00:00,india_morning
2026-07-27,2026-07-27 11:30:00,6866.5156068178,6873.382122424618,6859.649091210982,6866.5156068178,115,83.0,CRUDEOILM-SYNTH,INR,MCX,MCX Crude Oil Mini Futures,MCX,synthetic,15m,15,synthetic_intraday,SYNTHETIC_INTRADAY,2026-07-27 06:00:00+00:00,india_morning
2026-07-27,2026-07-27 11:45:00,6866.5156068178,6873.382122424618,6859.649091210982,6866.5156068178,974,83.0,CRUDEOILM-SYNTH,INR,MCX,MCX Crude Oil Mini Futures,MCX,synthetic,15m,15,synthetic_intraday,SYNTHETIC_INTRADAY,2026-07-27 06:15:00+00:00,india_morning
2026-07-27,2026-07-27 12:00:00,6866.5156068178,6873.382122424618,6859.649091210982,6866.5156068178,788,83.0,CRUDEOILM-SYNTH,INR,MCX,MCX Crude Oil Mini Futures,MCX,synthetic,15m,15,synthetic_intraday,SYNTHETIC_INTRADAY,2026-07-27 06:30:00+00:00,india_morning
2026-07-27,2026-07-27 12:15:00,6866.5156068178,6873.382122424618,6859.649091210982,6866.5156068178,282,83.0,CRUDEOILM-SYNTH,INR,MCX,MCX Crude Oil Mini Futures,MCX,synthetic,15m,15,synthetic_intraday,SYNTHETIC_INTRADAY,2026-07-27 06:45:00+00:00,india_morning
2026-07-27,2026-07-27 12:30:00,6866.5156068178,6873.382122424618,6859.649091210982,6866.5156068178,983,83.0,CRUDEOILM-SYNTH,INR,MCX,MCX Crude Oil Mini Futures,MCX,synthetic,15m,15,synthetic_intraday,SYNTHETIC_INTRADAY,2026-07-27 07:00:00+00:00,india_midday
2026-07-27,2026-07-27 12:45:00,6866.5156068178,6873.382122424618,6859.649091210982,6866.5156068178,339,83.0,CRUDEOILM-SYNTH,INR,MCX,MCX Crude Oil Mini Futures,MCX,synthetic,15m,15,synthetic_intraday,SYNTHETIC_INTRADAY,2026-07-27 07:15:00+00:00,india_midday
2026-07-27,2026-07-27 13:00:00,6866.5156068178,6873.382122424618,6859.649091210982,6866.5156068178,589,83.0,CRUDEOILM-SYNTH,INR,MCX,MCX Crude Oil Mini Futures,MCX,synthetic,15m,15,synthetic_intraday,SYNTHETIC_INTRADAY,2026-07-27 07:30:00+00:00,india_midday
2026-07-27,2026-07-27 13:15:00,6866.5156068178,6873.382122424618,6859.649091210982,6866.5156068178,614,83.0,CRUDEOILM-SYNTH,INR,MCX,MCX Crude Oil Mini Futures,MCX,synthetic,15m,15,synthetic_intraday,SYNTHETIC_INTRADAY,2026-07-27 07:45:00+00:00,india_midday
2026-07-27,2026-07-27 13:30:00,6866.5156068178,6873.382122424618,6859.649091210982,6866.5156068178,482,83.0,CRUDEOILM-SYNTH,INR,MCX,MCX Crude Oil Mini Futures,MCX,synthetic,15m,15,synthetic_intraday,SYNTHETIC_INTRADAY,2026-07-27 08:00:00+00:00,india_midday
2026-07-27,2026-07-27 13:45:00,6866.5156068178,6873.382122424618,6859.649091210982,6866.5156068178,745,83.0,CRUDEOILM-SYNTH,INR,MCX,MCX Crude Oil Mini Futures,MCX,synthetic,15m,15,synthetic_intraday,SYNTHETIC_INTRADAY,2026-07-27 08:15:00+00:00,india_midday
2026-07-27,2026-07-27 14:00:00,6866.5156068178,6873.382122424618,6859.649091210982,6866.5156068178,419,83.0,CRUDEOILM-SYNTH,INR,MCX,MCX Crude Oil Mini Futures,MCX,synthetic,15m,15,synthetic_intraday,SYNTHETIC_INTRADAY,2026-07-27 08:30:00+00:00,india_midday
2026-07-27,2026-07-27 14:15:00,6851.729435985132,6858.581165421117,6844.877706549147,6851.729435985132,149,83.0,CRUDEOILM-SYNTH,INR,MCX,MCX Crude Oil Mini Futures,MCX,synthetic,15m,15,synthetic_intraday,SYNTHETIC_INTRADAY,2026-07-27 08:45:00+00:00,india_midday
2026-07-27,2026-07-27 14:30:00,6828.654942123725,6835.483597065848,6821.826287181601,6828.654942123725,540,83.0,CRUDEOILM-SYNTH,INR,MCX,MCX Crude Oil Mini Futures,MCX,synthetic,15m,15,synthetic_intraday,SYNTHETIC_INTRADAY,2026-07-27 09:00:00+00:00,india_midday
2026-07-27,2026-07-27 14:45:00,6796.456021246342,6803.252477267588,6789.659565225095,6796.456021246342,848,83.0,CRUDEOILM-SYNTH,INR,MCX,MCX Crude Oil Mini Futures,MCX,synthetic,15m,15,synthetic_intraday,SYNTHETIC_INTRADAY,2026-07-27 09:15:00+00:00,india_midday
2026-07-28,2026-07-28 09:00:00,6633.4676694675,6640.101137136967,6626.834201798032,6633.4676694675,774,83.0,CRUDEOILM-SYNTH,INR,MCX,MCX Crude Oil Mini Futures,MCX,synthetic,15m,15,synthetic_intraday,SYNTHETIC_INTRADAY,2026-07-28 03:30:00+00:00,mcx_open_drive
2026-07-28,2026-07-28 09:15:00,6633.4676694675,6640.101137136967,6626.834201798032,6633.4676694675,794,83.0,CRUDEOILM-SYNTH,INR,MCX,MCX Crude Oil Mini Futures,MCX,synthetic,15m,15,synthetic_intraday,SYNTHETIC_INTRADAY,2026-07-28 03:45:00+00:00,mcx_open_drive
2026-07-28,2026-07-28 09:30:00,6633.4676694675,6640.101137136967,6626.834201798032,6633.4676694675,269,83.0,CRUDEOILM-SYNTH,INR,MCX,MCX Crude Oil Mini Futures,MCX,synthetic,15m,15,synthetic_intraday,SYNTHETIC_INTRADAY,2026-07-28 04:00:00+00:00,mcx_open_drive
2026-07-28,2026-07-28 09:45:00,6633.4676694675,6640.101137136967,6626.834201798032,6633.4676694675,773,83.0,CRUDEOILM-SYNTH,INR,MCX,MCX Crude Oil Mini Futures,MCX,synthetic,15m,15,synthetic_intraday,SYNTHETIC_INTRADAY,2026-07-28 04:15:00+00:00,mcx_open_drive
2026-07-28,2026-07-28 10:00:00,6633.4676694675,6640.101137136967,6626.834201798032,6633.4676694675,587,83.0,CRUDEOILM-SYNTH,INR,MCX,MCX Crude Oil Mini Futures,MCX,synthetic,15m,15,synthetic_intraday,SYNTHETIC_INTRADAY,2026-07-28 04:30:00+00:00,mcx_open_drive
2026-07-28,2026-07-28 10:15:00,6633.4676694675,6640.101137136967,6626.834201798032,6633.4676694675,386,83.0,CRUDEOILM-SYNTH,INR,MCX,MCX Crude Oil Mini Futures,MCX,synthetic,15m,15,synthetic_intraday,SYNTHETIC_INTRADAY,2026-07-28 04:45:00+00:00,mcx_open_drive
2026-07-28,2026-07-28 10:30:00,6633.4676694675,6640.101137136967,6626.834201798032,6633.4676694675,733,83.0,CRUDEOILM-SYNTH,INR,MCX,MCX Crude Oil Mini Futures,MCX,synthetic,15m,15,synthetic_intraday,SYNTHETIC_INTRADAY,2026-07-28 05:00:00+00:00,india_morning
2026-07-28,2026-07-28 10:45:00,6633.4676694675,6640.101137136967,6626.834201798032,6633.4676694675,450,83.0,CRUDEOILM-SYNTH,INR,MCX,MCX Crude Oil Mini Futures,MCX,synthetic,15m,15,synthetic_intraday,SYNTHETIC_INTRADAY,2026-07-28 05:15:00+00:00,india_morning
2026-07-28,2026-07-28 11:00:00,6633.4676694675,6640.101137136967,6626.834201798032,6633.4676694675,976,83.0,CRUDEOILM-SYNTH,INR,MCX,MCX Crude Oil Mini Futures,MCX,synthetic,15m,15,synthetic_intraday,SYNTHETIC_INTRADAY,2026-07-28 05:30:00+00:00,india_morning
2026-07-28,2026-07-28 11:15:00,6633.4676694675,6640.101137136967,6626.834201798032,6633.4676694675,998,83.0,CRUDEOILM-SYNTH,INR,MCX,MCX Crude Oil Mini Futures,MCX,synthetic,15m,15,synthetic_intraday,SYNTHETIC_INTRADAY,2026-07-28 05:45:00+00:00,india_morning
2026-07-28,2026-07-28 11:30:00,6633.4676694675,6640.101137136967,6626.834201798032,6633.4676694675,609,83.0,CRUDEOILM-SYNTH,INR,MCX,MCX Crude Oil Mini Futures,MCX,synthetic,15m,15,synthetic_intraday,SYNTHETIC_INTRADAY,2026-07-28 06:00:00+00:00,india_morning
2026-07-28,2026-07-28 11:45:00,6633.4676694675,6640.101137136967,6626.834201798032,6633.4676694675,462,83.0,CRUDEOILM-SYNTH,INR,MCX,MCX Crude Oil Mini Futures,MCX,synthetic,15m,15,synthetic_intraday,SYNTHETIC_INTRADAY,2026-07-28 06:15:00+00:00,india_morning
2026-07-28,2026-07-28 12:00:00,6633.4676694675,6640.101137136967,6626.834201798032,6633.4676694675,212,83.0,CRUDEOILM-SYNTH,INR,MCX,MCX Crude Oil Mini Futures,MCX,synthetic,15m,15,synthetic_intraday,SYNTHETIC_INTRADAY,2026-07-28 06:30:00+00:00,india_morning
2026-07-28,2026-07-28 12:15:00,6633.4676694675,6640.101137136967,6626.834201798032,6633.4676694675,704,83.0,CRUDEOILM-SYNTH,INR,MCX,MCX Crude Oil Mini Futures,MCX,synthetic,15m,15,synthetic_intraday,SYNTHETIC_INTRADAY,2026-07-28 06:45:00+00:00,india_morning
2026-07-28,2026-07-28 12:30:00,6633.4676694675,6640.101137136967,6626.834201798032,6633.4676694675,393,83.0,CRUDEOILM-SYNTH,INR,MCX,MCX Crude Oil Mini Futures,MCX,synthetic,15m,15,synthetic_intraday,SYNTHETIC_INTRADAY,2026-07-28 07:00:00+00:00,india_midday
2026-07-28,2026-07-28 12:45:00,6633.4676694675,6640.101137136967,6626.834201798032,6633.4676694675,217,83.0,CRUDEOILM-SYNTH,INR,MCX,MCX Crude Oil Mini Futures,MCX,synthetic,15m,15,synthetic_intraday,SYNTHETIC_INTRADAY,2026-07-28 07:15:00+00:00,india_midday
2026-07-28,2026-07-28 13:00:00,6633.4676694675,6640.101137136967,6626.834201798032,6633.4676694675,579,83.0,CRUDEOILM-SYNTH,INR,MCX,MCX Crude Oil Mini Futures,MCX,synthetic,15m,15,synthetic_intraday,SYNTHETIC_INTRADAY,2026-07-28 07:30:00+00:00,india_midday
2026-07-28,2026-07-28 13:15:00,6630.441966690433,6637.072408657123,6623.811524723743,6630.441966690433,533,83.0,CRUDEOILM-SYNTH,INR,MCX,MCX Crude Oil Mini Futures,MCX,synthetic,15m,15,synthetic_intraday,SYNTHETIC_INTRADAY,2026-07-28 07:45:00+00:00,india_midday
2026-07-28,2026-07-28 13:30:00,6619.100475971265,6625.719576447235,6612.481375495294,6619.100475971265,246,83.0,CRUDEOILM-SYNTH,INR,MCX,MCX Crude Oil Mini Futures,MCX,synthetic,15m,15,synthetic_intraday,SYNTHETIC_INTRADAY,2026-07-28 08:00:00+00:00,india_midday
2026-07-28,2026-07-28 13:45:00,6609.499010870877,6616.1085098817475,6602.889511860006,6609.499010870877,220,83.0,CRUDEOILM-SYNTH,INR,MCX,MCX Crude Oil Mini Futures,MCX,synthetic,15m,15,synthetic_intraday,SYNTHETIC_INTRADAY,2026-07-28 08:15:00+00:00,india_midday
2026-07-28,2026-07-28 14:00:00,6600.45069051505,6607.051141205565,6593.8502398245355,6600.45069051505,974,83.0,CRUDEOILM-SYNTH,INR,MCX,MCX Crude Oil Mini Futures,MCX,synthetic,15m,15,synthetic_intraday,SYNTHETIC_INTRADAY,2026-07-28 08:30:00+00:00,india_midday
2026-07-28,2026-07-28 14:15:00,6587.457563635054,6594.045021198688,6580.870106071418,6587.457563635054,348,83.0,CRUDEOILM-SYNTH,INR,MCX,MCX Crude Oil Mini Futures,MCX,synthetic,15m,15,synthetic_intraday,SYNTHETIC_INTRADAY,2026-07-28 08:45:00+00:00,india_midday
2026-07-28,2026-07-28 14:30:00,6579.513260507132,6586.092773767638,6572.933747246625,6579.513260507132,557,83.0,CRUDEOILM-SYNTH,INR,MCX,MCX Crude Oil Mini Futures,MCX,synthetic,15m,15,synthetic_intraday,SYNTHETIC_INTRADAY,2026-07-28 09:00:00+00:00,india_midday
2026-07-28,2026-07-28 14:45:00,6566.2162215828685,6572.782437804451,6559.650005361285,6566.2162215828685,906,83.0,CRUDEOILM-SYNTH,INR,MCX,MCX Crude Oil Mini Futures,MCX,synthetic,15m,15,synthetic_intraday,SYNTHETIC_INTRADAY,2026-07-28 09:15:00+00:00,india_midday
2026-07-29,2026-07-29 09:00:00,6951.5818742799,6958.5334561541795,6944.63029240562,6951.5818742799,143,83.0,CRUDEOILM-SYNTH,INR,MCX,MCX Crude Oil Mini Futures,MCX,synthetic,15m,15,synthetic_intraday,SYNTHETIC_INTRADAY,2026-07-29 03:30:00+00:00,mcx_open_drive
2026-07-29,2026-07-29 09:15:00,6951.5818742799,6958.5334561541795,6944.63029240562,6951.5818742799,664,83.0,CRUDEOILM-SYNTH,INR,MCX,MCX Crude Oil Mini Futures,MCX,synthetic,15m,15,synthetic_intraday,SYNTHETIC_INTRADAY,2026-07-29 03:45:00+00:00,mcx_open_drive
2026-07-29,2026-07-29 09:30:00,6951.5818742799,6958.5334561541795,6944.63029240562,6951.5818742799,146,83.0,CRUDEOILM-SYNTH,INR,MCX,MCX Crude Oil Mini Futures,MCX,synthetic,15m,15,synthetic_intraday,SYNTHETIC_INTRADAY,2026-07-29 04:00:00+00:00,mcx_open_drive
2026-07-29,2026-07-29 09:45:00,6951.5818742799,6958.5334561541795,6944.63029240562,6951.5818742799,337,83.0,CRUDEOILM-SYNTH,INR,MCX,MCX Crude Oil Mini Futures,MCX,synthetic,15m,15,synthetic_intraday,SYNTHETIC_INTRADAY,2026-07-29 04:15:00+00:00,mcx_open_drive
2026-07-29,2026-07-29 10:00:00,6951.5818742799,6958.5334561541795,6944.63029240562,6951.5818742799,448,83.0,CRUDEOILM-SYNTH,INR,MCX,MCX Crude Oil Mini Futures,MCX,synthetic,15m,15,synthetic_intraday,SYNTHETIC_INTRADAY,2026-07-29 04:30:00+00:00,mcx_open_drive
2026-07-29,2026-07-29 10:15:00,6951.5818742799,6958.5334561541795,6944.63029240562,6951.5818742799,776,83.0,CRUDEOILM-SYNTH,INR,MCX,MCX Crude Oil Mini Futures,MCX,synthetic,15m,15,synthetic_intraday,SYNTHETIC_INTRADAY,2026-07-29 04:45:00+00:00,mcx_open_drive
2026-07-29,2026-07-29 10:30:00,6951.5818742799,6958.5334561541795,6944.63029240562,6951.5818742799,705,83.0,CRUDEOILM-SYNTH,INR,MCX,MCX Crude Oil Mini Futures,MCX,synthetic,15m,15,synthetic_intraday,SYNTHETIC_INTRADAY,2026-07-29 05:00:00+00:00,india_morning
2026-07-29,2026-07-29 10:45:00,6951.5818742799,6958.5334561541795,6944.63029240562,6951.5818742799,822,83.0,CRUDEOILM-SYNTH,INR,MCX,MCX Crude Oil Mini Futures,MCX,synthetic,15m,15,synthetic_intraday,SYNTHETIC_INTRADAY,2026-07-29 05:15:00+00:00,india_morning
2026-07-29,2026-07-29 11:00:00,6951.5818742799,6958.5334561541795,6944.63029240562,6951.5818742799,174,83.0,CRUDEOILM-SYNTH,INR,MCX,MCX Crude Oil Mini Futures,MCX,synthetic,15m,15,synthetic_intraday,SYNTHETIC_INTRADAY,2026-07-29 05:30:00+00:00,india_morning
2026-07-29,2026-07-29 11:15:00,6951.5818742799,6958.5334561541795,6944.63029240562,6951.5818742799,537,83.0,CRUDEOILM-SYNTH,INR,MCX,MCX Crude Oil Mini Futures,MCX,synthetic,15m,15,synthetic_intraday,SYNTHETIC_INTRADAY,2026-07-29 05:45:00+00:00,india_morning
2026-07-29,2026-07-29 11:30:00,6951.5818742799,6958.5334561541795,6944.63029240562,6951.5818742799,230,83.0,CRUDEOILM-SYNTH,INR,MCX,MCX Crude Oil Mini Futures,MCX,synthetic,15m,15,synthetic_intraday,SYNTHETIC_INTRADAY,2026-07-29 06:00:00+00:00,india_morning
2026-07-29,2026-07-29 11:45:00,6951.5818742799,6958.5334561541795,6944.63029240562,6951.5818742799,945,83.0,CRUDEOILM-SYNTH,INR,MCX,MCX Crude Oil Mini Futures,MCX,synthetic,15m,15,synthetic_intraday,SYNTHETIC_INTRADAY,2026-07-29 06:15:00+00:00,india_morning
2026-07-29,2026-07-29 12:00:00,6951.5818742799,6958.5334561541795,6944.63029240562,6951.5818742799,587,83.0,CRUDEOILM-SYNTH,INR,MCX,MCX Crude Oil Mini Futures,MCX,synthetic,15m,15,synthetic_intraday,SYNTHETIC_INTRADAY,2026-07-29 06:30:00+00:00,india_morning
2026-07-29,2026-07-29 12:15:00,6951.5818742799,6958.5334561541795,6944.63029240562,6951.5818742799,269,83.0,CRUDEOILM-SYNTH,INR,MCX,MCX Crude Oil Mini Futures,MCX,synthetic,15m,15,synthetic_intraday,SYNTHETIC_INTRADAY,2026-07-29 06:45:00+00:00,india_morning
2026-07-29,2026-07-29 12:30:00,6951.5818742799,6958.5334561541795,6944.63029240562,6951.5818742799,639,83.0,CRUDEOILM-SYNTH,INR,MCX,MCX Crude Oil Mini Futures,MCX,synthetic,15m,15,synthetic_intraday,SYNTHETIC_INTRADAY,2026-07-29 07:00:00+00:00,india_midday
2026-07-29,2026-07-29 12:45:00,6951.5818742799,6958.5334561541795,6944.63029240562,6951.5818742799,455,83.0,CRUDEOILM-SYNTH,INR,MCX,MCX Crude Oil Mini Futures,MCX,synthetic,15m,15,synthetic_intraday,SYNTHETIC_INTRADAY,2026-07-29 07:15:00+00:00,india_midday
2026-07-29,2026-07-29 13:00:00,6951.5818742799,6958.5334561541795,6944.63029240562,6951.5818742799,237,83.0,CRUDEOILM-SYNTH,INR,MCX,MCX Crude Oil Mini Futures,MCX,synthetic,15m,15,synthetic_intraday,SYNTHETIC_INTRADAY,2026-07-29 07:30:00+00:00,india_midday
2026-07-29,2026-07-29 13:15:00,6951.5818742799,6958.5334561541795,6944.63029240562,6951.5818742799,316,83.0,CRUDEOILM-SYNTH,INR,MCX,MCX Crude Oil Mini Futures,MCX,synthetic,15m,15,synthetic_intraday,SYNTHETIC_INTRADAY,2026-07-29 07:45:00+00:00,india_midday
2026-07-29,2026-07-29 13:30:00,6951.5818742799,6958.5334561541795,6944.63029240562,6951.5818742799,580,83.0,CRUDEOILM-SYNTH,INR,MCX,MCX Crude Oil Mini Futures,MCX,synthetic,15m,15,synthetic_intraday,SYNTHETIC_INTRADAY,2026-07-29 08:00:00+00:00,india_midday
2026-07-29,2026-07-29 13:45:00,6951.5818742799,6958.5334561541795,6944.63029240562,6951.5818742799,648,83.0,CRUDEOILM-SYNTH,INR,MCX,MCX Crude Oil Mini Futures,MCX,synthetic,15m,15,synthetic_intraday,SYNTHETIC_INTRADAY,2026-07-29 08:15:00+00:00,india_midday
2026-07-29,2026-07-29 14:00:00,6963.167989619509,6970.1311576091275,6956.20482162989,6963.167989619509,453,83.0,CRUDEOILM-SYNTH,INR,MCX,MCX Crude Oil Mini Futures,MCX,synthetic,15m,15,synthetic_intraday,SYNTHETIC_INTRADAY,2026-07-29 08:30:00+00:00,india_midday
2026-07-29,2026-07-29 14:15:00,6981.035293620608,6988.016328914228,6974.054258326987,6981.035293620608,778,83.0,CRUDEOILM-SYNTH,INR,MCX,MCX Crude Oil Mini Futures,MCX,synthetic,15m,15,synthetic_intraday,SYNTHETIC_INTRADAY,2026-07-29 08:45:00+00:00,india_midday
2026-07-29,2026-07-29 14:30:00,7006.013957598856,7013.019971556454,6999.007943641257,7006.013957598856,608,83.0,CRUDEOILM-SYNTH,INR,MCX,MCX Crude Oil Mini Futures,MCX,synthetic,15m,15,synthetic_intraday,SYNTHETIC_INTRADAY,2026-07-29 09:00:00+00:00,india_midday
2026-07-29,2026-07-29 14:45:00,7024.093065720888,7031.117158786608,7017.068972655167,7024.093065720888,956,83.0,CRUDEOILM-SYNTH,INR,MCX,MCX Crude Oil Mini Futures,MCX,synthetic,15m,15,synthetic_intraday,SYNTHETIC_INTRADAY,2026-07-29 09:15:00+00:00,india_midday
2026-07-30,2026-07-30 09:00:00,7024.935852313043,7031.960788165356,7017.91091646073,7024.935852313043,130,83.0,CRUDEOILM-SYNTH,INR,MCX,MCX Crude Oil Mini Futures,MCX,synthetic,15m,15,synthetic_intraday,SYNTHETIC_INTRADAY,2026-07-30 03:30:00+00:00,mcx_open_drive
2026-07-30,2026-07-30 09:15:00,7015.072185582252,7022.087257767834,7008.05711339667,7015.072185582252,987,83.0,CRUDEOILM-SYNTH,INR,MCX,MCX Crude Oil Mini Futures,MCX,synthetic,15m,15,synthetic_intraday,SYNTHETIC_INTRADAY,2026-07-30 03:45:00+00:00,mcx_open_drive
2026-07-30,2026-07-30 09:30:00,7014.946746509725,7021.961693256234,7007.931799763215,7014.946746509725,824,83.0,CRUDEOILM-SYNTH,INR,MCX,MCX Crude Oil Mini Futures,MCX,synthetic,15m,15,synthetic_intraday,SYNTHETIC_INTRADAY,2026-07-30 04:00:00+00:00,mcx_open_drive
2026-07-30,2026-07-30 09:45:00,7015.792456342546,7022.808248798888,7008.776663886203,7015.792456342546,955,83.0,CRUDEOILM-SYNTH,INR,MCX,MCX Crude Oil Mini Futures,MCX,synthetic,15m,15,synthetic_intraday,SYNTHETIC_INTRADAY,2026-07-30 04:15:00+00:00,mcx_open_drive
2026-07-30,2026-07-30 10:00:00,7010.337699453022,7017.348037152474,7003.327361753569,7010.337699453022,884,83.0,CRUDEOILM-SYNTH,INR,MCX,MCX Crude Oil Mini Futures,MCX,synthetic,15m,15,synthetic_intraday,SYNTHETIC_INTRADAY,2026-07-30 04:30:00+00:00,mcx_open_drive
2026-07-30,2026-07-30 10:15:00,7009.222588397003,7016.2318109853995,7002.213365808606,7009.222588397003,875,83.0,CRUDEOILM-SYNTH,INR,MCX,MCX Crude Oil Mini Futures,MCX,synthetic,15m,15,synthetic_intraday,SYNTHETIC_INTRADAY,2026-07-30 04:45:00+00:00,mcx_open_drive
2026-07-30,2026-07-30 10:30:00,7006.4563154874595,7013.462771802946,6999.449859171972,7006.4563154874595,655,83.0,CRUDEOILM-SYNTH,INR,MCX,MCX Crude Oil Mini Futures,MCX,synthetic,15m,15,synthetic_intraday,SYNTHETIC_INTRADAY,2026-07-30 05:00:00+00:00,india_morning
2026-07-30,2026-07-30 10:45:00,7008.43417270923,7015.442606881938,7001.425738536521,7008.43417270923,672,83.0,CRUDEOILM-SYNTH,INR,MCX,MCX Crude Oil Mini Futures,MCX,synthetic,15m,15,synthetic_intraday,SYNTHETIC_INTRADAY,2026-07-30 05:15:00+00:00,india_morning
2026-07-30,2026-07-30 11:00:00,7003.17188464666,7010.175056531306,6996.1687127620135,7003.17188464666,539,83.0,CRUDEOILM-SYNTH,INR,MCX,MCX Crude Oil Mini Futures,MCX,synthetic,15m,15,synthetic_intraday,SYNTHETIC_INTRADAY,2026-07-30 05:30:00+00:00,india_morning
2026-07-30,2026-07-30 11:15:00,7000.739595030077,7007.740334625107,6993.738855435047,7000.739595030077,106,83.0,CRUDEOILM-SYNTH,INR,MCX,MCX Crude Oil Mini Futures,MCX,synthetic,15m,15,synthetic_intraday,SYNTHETIC_INTRADAY,2026-07-30 05:45:00+00:00,india_morning
2026-07-30,2026-07-30 11:30:00,6998.088281958042,7005.086370239999,6991.090193676084,6998.088281958042,544,83.0,CRUDEOILM-SYNTH,INR,MCX,MCX Crude Oil Mini Futures,MCX,synthetic,15m,15,synthetic_intraday,SYNTHETIC_INTRADAY,2026-07-30 06:00:00+00:00,india_morning
2026-07-30,2026-07-30 11:45:00,6993.537462038936,7000.530999500974,6986.543924576897,6993.537462038936,199,83.0,CRUDEOILM-SYNTH,INR,MCX,MCX Crude Oil Mini Futures,MCX,synthetic,15m,15,synthetic_intraday,SYNTHETIC_INTRADAY,2026-07-30 06:15:00+00:00,india_morning
2026-07-30,2026-07-30 12:00:00,6994.867324340102,7001.862191664441,6987.872457015762,6994.867324340102,932,83.0,CRUDEOILM-SYNTH,INR,MCX,MCX Crude Oil Mini Futures,MCX,synthetic,15m,15,synthetic_intraday,SYNTHETIC_INTRADAY,2026-07-30 06:30:00+00:00,india_morning
2026-07-30,2026-07-30 12:15:00,6990.954756829848,6997.945711586677,6983.963802073018,6990.954756829848,197,83.0,CRUDEOILM-SYNTH,INR,MCX,MCX Crude Oil Mini Futures,MCX,synthetic,15m,15,synthetic_intraday,SYNTHETIC_INTRADAY,2026-07-30 06:45:00+00:00,india_morning
2026-07-30,2026-07-30 12:30:00,6988.984889899484,6995.9738747893825,6981.995905009585,6988.984889899484,792,83.0,CRUDEOILM-SYNTH,INR,MCX,MCX Crude Oil Mini Futures,MCX,synthetic,15m,15,synthetic_intraday,SYNTHETIC_INTRADAY,2026-07-30 07:00:00+00:00,india_midday
2026-07-30,2026-07-30 12:45:00,6989.388628157491,6996.3780167856485,6982.3992395293335,6989.388628157491,723,83.0,CRUDEOILM-SYNTH,INR,MCX,MCX Crude Oil Mini Futures,MCX,synthetic,15m,15,synthetic_intraday,SYNTHETIC_INTRADAY,2026-07-30 07:15:00+00:00,india_midday
2026-07-30,2026-07-30 13:00:00,6982.869337723046,6989.852207060768,6975.886468385323,6982.869337723046,350,83.0,CRUDEOILM-SYNTH,INR,MCX,MCX Crude Oil Mini Futures,MCX,synthetic,15m,15,synthetic_intraday,SYNTHETIC_INTRADAY,2026-07-30 07:30:00+00:00,india_midday
2026-07-30,2026-07-30 13:15:00,6980.469972074679,6987.450442046753,6973.489502102605,6980.469972074679,735,83.0,CRUDEOILM-SYNTH,INR,MCX,MCX Crude Oil Mini Futures,MCX,synthetic,15m,15,synthetic_intraday,SYNTHETIC_INTRADAY,2026-07-30 07:45:00+00:00,india_midday
2026-07-30,2026-07-30 13:30:00,6987.860145320122,6994.848005465441,6980.872285174802,6987.860145320122,260,83.0,CRUDEOILM-SYNTH,INR,MCX,MCX Crude Oil Mini Futures,MCX,synthetic,15m,15,synthetic_intraday,SYNTHETIC_INTRADAY,2026-07-30 08:00:00+00:00,india_midday
2026-07-30,2026-07-30 13:45:00,6977.217127848498,6984.194344976346,6970.23991072065,6977.217127848498,151,83.0,CRUDEOILM-SYNTH,INR,MCX,MCX Crude Oil Mini Futures,MCX,synthetic,15m,15,synthetic_intraday,SYNTHETIC_INTRADAY,2026-07-30 08:15:00+00:00,india_midday
2026-07-30,2026-07-30 14:00:00,6977.407474051209,6984.3848815252595,6970.430066577158,6977.407474051209,212,83.0,CRUDEOILM-SYNTH,INR,MCX,MCX Crude Oil Mini Futures,MCX,synthetic,15m,15,synthetic_intraday,SYNTHETIC_INTRADAY,2026-07-30 08:30:00+00:00,india_midday
2026-07-30,2026-07-30 14:15:00,6975.156677927052,6982.131834604978,6968.181521249126,6975.156677927052,345,83.0,CRUDEOILM-SYNTH,INR,MCX,MCX Crude Oil Mini Futures,MCX,synthetic,15m,15,synthetic_intraday,SYNTHETIC_INTRADAY,2026-07-30 08:45:00+00:00,india_midday
2026-07-30,2026-07-30 14:30:00,6970.677049765811,6977.647726815576,6963.706372716045,6970.677049765811,756,83.0,CRUDEOILM-SYNTH,INR,MCX,MCX Crude Oil Mini Futures,MCX,synthetic,15m,15,synthetic_intraday,SYNTHETIC_INTRADAY,2026-07-30 09:00:00+00:00,india_midday
2026-07-30,2026-07-30 14:45:00,6968.571382310783,6975.539953693093,6961.602810928472,6968.571382310783,145,83.0,CRUDEOILM-SYNTH,INR,MCX,MCX Crude Oil Mini Futures,MCX,synthetic,15m,15,synthetic_intraday,SYNTHETIC_INTRADAY,2026-07-30 09:15:00+00:00,india_midday
2026-07-31,2026-07-31 09:00:00,6967.376008070278,6974.343384078347,6960.408632062207,6967.376008070278,205,83.0,CRUDEOILM-SYNTH,INR,MCX,MCX Crude Oil Mini Futures,MCX,synthetic,15m,15,synthetic_intraday,SYNTHETIC_INTRADAY,2026-07-31 03:30:00+00:00,mcx_open_drive
2026-07-31,2026-07-31 09:15:00,6975.535193607223,6982.510728800829,6968.559658413616,6975.535193607223,476,83.0,CRUDEOILM-SYNTH,INR,MCX,MCX Crude Oil Mini Futures,MCX,synthetic,15m,15,synthetic_intraday,SYNTHETIC_INTRADAY,2026-07-31 03:45:00+00:00,mcx_open_drive
2026-07-31,2026-07-31 09:30:00,6979.468750588518,6986.448219339105,6972.489281837929,6979.468750588518,815,83.0,CRUDEOILM-SYNTH,INR,MCX,MCX Crude Oil Mini Futures,MCX,synthetic,15m,15,synthetic_intraday,SYNTHETIC_INTRADAY,2026-07-31 04:00:00+00:00,mcx_open_drive
2026-07-31,2026-07-31 09:45:00,6973.743506082358,6980.71724958844,6966.769762576276,6973.743506082358,854,83.0,CRUDEOILM-SYNTH,INR,MCX,MCX Crude Oil Mini Futures,MCX,synthetic,15m,15,synthetic_intraday,SYNTHETIC_INTRADAY,2026-07-31 04:15:00+00:00,mcx_open_drive
2026-07-31,2026-07-31 10:00:00,6980.097250294824,6987.077347545119,6973.11715304453,6980.097250294824,547,83.0,CRUDEOILM-SYNTH,INR,MCX,MCX Crude Oil Mini Futures,MCX,synthetic,15m,15,synthetic_intraday,SYNTHETIC_INTRADAY,2026-07-31 04:30:00+00:00,mcx_open_drive
2026-07-31,2026-07-31 10:15:00,6982.734084310065,6989.716818394374,6975.751350225754,6982.734084310065,771,83.0,CRUDEOILM-SYNTH,INR,MCX,MCX Crude Oil Mini Futures,MCX,synthetic,15m,15,synthetic_intraday,SYNTHETIC_INTRADAY,2026-07-31 04:45:00+00:00,mcx_open_drive
2026-07-31,2026-07-31 10:30:00,6983.641442766293,6990.6250842090585,6976.657801323527,6983.641442766293,743,83.0,CRUDEOILM-SYNTH,INR,MCX,MCX Crude Oil Mini Futures,MCX,synthetic,15m,15,synthetic_intraday,SYNTHETIC_INTRADAY,2026-07-31 05:00:00+00:00,india_morning
2026-07-31,2026-07-31 10:45:00,6988.958348257015,6995.9473066052715,6981.969389908758,6988.958348257015,151,83.0,CRUDEOILM-SYNTH,INR,MCX,MCX Crude Oil Mini Futures,MCX,synthetic,15m,15,synthetic_intraday,SYNTHETIC_INTRADAY,2026-07-31 05:15:00+00:00,india_morning
2026-07-31,2026-07-31 11:00:00,6990.266985346528,6997.257252331873,6983.276718361181,6990.266985346528,348,83.0,CRUDEOILM-SYNTH,INR,MCX,MCX Crude Oil Mini Futures,MCX,synthetic,15m,15,synthetic_intraday,SYNTHETIC_INTRADAY,2026-07-31 05:30:00+00:00,india_morning
2026-07-31,2026-07-31 11:15:00,6989.113345997621,6996.102459343618,6982.124232651623,6989.113345997621,327,83.0,CRUDEOILM-SYNTH,INR,MCX,MCX Crude Oil Mini Futures,MCX,synthetic,15m,15,synthetic_intraday,SYNTHETIC_INTRADAY,2026-07-31 05:45:00+00:00,india_morning
2026-07-31,2026-07-31 11:30:00,6990.946582099582,6997.937528681681,6983.955635517483,6990.946582099582,732,83.0,CRUDEOILM-SYNTH,INR,MCX,MCX Crude Oil Mini Futures,MCX,synthetic,15m,15,synthetic_intraday,SYNTHETIC_INTRADAY,2026-07-31 06:00:00+00:00,india_morning
2026-07-31,2026-07-31 11:45:00,6995.088752289372,7002.08384104166,6988.093663537083,6995.088752289372,242,83.0,CRUDEOILM-SYNTH,INR,MCX,MCX Crude Oil Mini Futures,MCX,synthetic,15m,15,synthetic_intraday,SYNTHETIC_INTRADAY,2026-07-31 06:15:00+00:00,india_morning
2026-07-31,2026-07-31 12:00:00,7001.046406373297,7008.04745277967,6994.045359966924,7001.046406373297,224,83.0,CRUDEOILM-SYNTH,INR,MCX,MCX Crude Oil Mini Futures,MCX,synthetic,15m,15,synthetic_intraday,SYNTHETIC_INTRADAY,2026-07-31 06:30:00+00:00,india_morning
2026-07-31,2026-07-31 12:15:00,7001.718656172928,7008.7203748290995,6994.716937516755,7001.718656172928,497,83.0,CRUDEOILM-SYNTH,INR,MCX,MCX Crude Oil Mini Futures,MCX,synthetic,15m,15,synthetic_intraday,SYNTHETIC_INTRADAY,2026-07-31 06:45:00+00:00,india_morning
2026-07-31,2026-07-31 12:30:00,7005.272363706529,7012.277636070235,6998.267091342823,7005.272363706529,760,83.0,CRUDEOILM-SYNTH,INR,MCX,MCX Crude Oil Mini Futures,MCX,synthetic,15m,15,synthetic_intraday,SYNTHETIC_INTRADAY,2026-07-31 07:00:00+00:00,india_midday
2026-07-31,2026-07-31 12:45:00,7003.722053262597,7010.725775315859,6996.718331209335,7003.722053262597,503,83.0,CRUDEOILM-SYNTH,INR,MCX,MCX Crude Oil Mini Futures,MCX,synthetic,15m,15,synthetic_intraday,SYNTHETIC_INTRADAY,2026-07-31 07:15:00+00:00,india_midday
2026-07-31,2026-07-31 13:00:00,7011.442125995173,7018.453568121167,7004.430683869178,7011.442125995173,865,83.0,CRUDEOILM-SYNTH,INR,MCX,MCX Crude Oil Mini Futures,MCX,synthetic,15m,15,synthetic_intraday,SYNTHETIC_INTRADAY,2026-07-31 07:30:00+00:00,india_midday
2026-07-31,2026-07-31 13:15:00,7011.893433907174,7018.90532734108,7004.881540473267,7011.893433907174,171,83.0,CRUDEOILM-SYNTH,INR,MCX,MCX Crude Oil Mini Futures,MCX,synthetic,15m,15,synthetic_intraday,SYNTHETIC_INTRADAY,2026-07-31 07:45:00+00:00,india_midday
2026-07-31,2026-07-31 13:30:00,7012.850104174809,7019.862954278982,7005.837254070634,7012.850104174809,384,83.0,CRUDEOILM-SYNTH,INR,MCX,MCX Crude Oil Mini Futures,MCX,synthetic,15m,15,synthetic_intraday,SYNTHETIC_INTRADAY,2026-07-31 08:00:00+00:00,india_midday
2026-07-31,2026-07-31 13:45:00,7019.684694400206,7026.704379094605,7012.665009705806,7019.684694400206,256,83.0,CRUDEOILM-SYNTH,INR,MCX,MCX Crude Oil Mini Futures,MCX,synthetic,15m,15,synthetic_intraday,SYNTHETIC_INTRADAY,2026-07-31 08:15:00+00:00,india_midday
2026-07-31,2026-07-31 14:00:00,7017.512877283836,7024.53039016112,7010.495364406553,7017.512877283836,621,83.0,CRUDEOILM-SYNTH,INR,MCX,MCX Crude Oil Mini Futures,MCX,synthetic,15m,15,synthetic_intraday,SYNTHETIC_INTRADAY,2026-07-31 08:30:00+00:00,india_midday
2026-07-31,2026-07-31 14:15:00,7021.610480637988,7028.632091118625,7014.58887015735,7021.610480637988,265,83.0,CRUDEOILM-SYNTH,INR,MCX,MCX Crude Oil Mini Futures,MCX,synthetic,15m,15,synthetic_intraday,SYNTHETIC_INTRADAY,2026-07-31 08:45:00+00:00,india_midday
2026-07-31,2026-07-31 14:30:00,7029.689099549768,7036.718788649317,7022.659410450218,7029.689099549768,361,83.0,CRUDEOILM-SYNTH,INR,MCX,MCX Crude Oil Mini Futures,MCX,synthetic,15m,15,synthetic_intraday,SYNTHETIC_INTRADAY,2026-07-31 09:00:00+00:00,india_midday
2026-07-31,2026-07-31 14:45:00,7024.72012727644,7031.7448474037155,7017.695407149163,7024.72012727644,895,83.0,CRUDEOILM-SYNTH,INR,MCX,MCX Crude Oil Mini Futures,MCX,synthetic,15m,15,synthetic_intraday,SYNTHETIC_INTRADAY,2026-07-31 09:15:00+00:00,india_midday
2026-08-03,2026-08-03 09:00:00,6711.429595454801,6718.141025050255,6704.718165859345,6711.429595454801,657,83.0,CRUDEOILM-SYNTH,INR,MCX,MCX Crude Oil Mini Futures,MCX,synthetic,15m,15,synthetic_intraday,SYNTHETIC_INTRADAY,2026-08-03 03:30:00+00:00,mcx_open_drive
2026-08-03,2026-08-03 09:15:00,6711.429595454801,6718.141025050255,6704.718165859345,6711.429595454801,213,83.0,CRUDEOILM-SYNTH,INR,MCX,MCX Crude Oil Mini Futures,MCX,synthetic,15m,15,synthetic_intraday,SYNTHETIC_INTRADAY,2026-08-03 03:45:00+00:00,mcx_open_drive
2026-08-03,2026-08-03 09:30:00,6711.429595454801,6718.141025050255,6704.718165859345,6711.429595454801,391,83.0,CRUDEOILM-SYNTH,INR,MCX,MCX Crude Oil Mini Futures,MCX,synthetic,15m,15,synthetic_intraday,SYNTHETIC_INTRADAY,2026-08-03 04:00:00+00:00,mcx_open_drive
2026-08-03,2026-08-03 09:45:00,6711.429595454801,6718.141025050255,6704.718165859345,6711.429595454801,374,83.0,CRUDEOILM-SYNTH,INR,MCX,MCX Crude Oil Mini Futures,MCX,synthetic,15m,15,synthetic_intraday,SYNTHETIC_INTRADAY,2026-08-03 04:15:00+00:00,mcx_open_drive
2026-08-03,2026-08-03 10:00:00,6711.429595454801,6718.141025050255,6704.718165859345,6711.429595454801,891,83.0,CRUDEOILM-SYNTH,INR,MCX,MCX Crude Oil Mini Futures,MCX,synthetic,15m,15,synthetic_intraday,SYNTHETIC_INTRADAY,2026-08-03 04:30:00+00:00,mcx_open_drive
2026-08-03,2026-08-03 10:15:00,6711.429595454801,6718.141025050255,6704.718165859345,6711.429595454801,677,83.0,CRUDEOILM-SYNTH,INR,MCX,MCX Crude Oil Mini Futures,MCX,synthetic,15m,15,synthetic_intraday,SYNTHETIC_INTRADAY,2026-08-03 04:45:00+00:00,mcx_open_drive
2026-08-03,2026-08-03 10:30:00,6711.429595454801,6718.141025050255,6704.718165859345,6711.429595454801,403,83.0,CRUDEOILM-SYNTH,INR,MCX,MCX Crude Oil Mini Futures,MCX,synthetic,15m,15,synthetic_intraday,SYNTHETIC_INTRADAY,2026-08-03 05:00:00+00:00,india_morning
2026-08-03,2026-08-03 10:45:00,6711.429595454801,6718.141025050255,6704.718165859345,6711.429595454801,499,83.0,CRUDEOILM-SYNTH,INR,MCX,MCX Crude Oil Mini Futures,MCX,synthetic,15m,15,synthetic_intraday,SYNTHETIC_INTRADAY,2026-08-03 05:15:00+00:00,india_morning
2026-08-03,2026-08-03 11:00:00,6711.429595454801,6718.141025050255,6704.718165859345,6711.429595454801,538,83.0,CRUDEOILM-SYNTH,INR,MCX,MCX Crude Oil Mini Futures,MCX,synthetic,15m,15,synthetic_intraday,SYNTHETIC_INTRADAY,2026-08-03 05:30:00+00:00,india_morning
2026-08-03,2026-08-03 11:15:00,6711.429595454801,6718.141025050255,6704.718165859345,6711.429595454801,388,83.0,CRUDEOILM-SYNTH,INR,MCX,MCX Crude Oil Mini Futures,MCX,synthetic,15m,15,synthetic_intraday,SYNTHETIC_INTRADAY,2026-08-03 05:45:00+00:00,india_morning
2026-08-03,2026-08-03 11:30:00,6711.429595454801,6718.141025050255,6704.718165859345,6711.429595454801,632,83.0,CRUDEOILM-SYNTH,INR,MCX,MCX Crude Oil Mini Futures,MCX,synthetic,15m,15,synthetic_intraday,SYNTHETIC_INTRADAY,2026-08-03 06:00:00+00:00,india_morning
2026-08-03,2026-08-03 11:45:00,6711.429595454801,6718.141025050255,6704.718165859345,6711.429595454801,433,83.0,CRUDEOILM-SYNTH,INR,MCX,MCX Crude Oil Mini Futures,MCX,synthetic,15m,15,synthetic_intraday,SYNTHETIC_INTRADAY,2026-08-03 06:15:00+00:00,india_morning
2026-08-03,2026-08-03 12:00:00,6711.429595454801,6718.141025050255,6704.718165859345,6711.429595454801,699,83.0,CRUDEOILM-SYNTH,INR,MCX,MCX Crude Oil Mini Futures,MCX,synthetic,15m,15,synthetic_intraday,SYNTHETIC_INTRADAY,2026-08-03 06:30:00+00:00,india_morning
2026-08-03,2026-08-03 12:15:00,6711.429595454801,6718.141025050255,6704.718165859345,6711.429595454801,171,83.0,CRUDEOILM-SYNTH,INR,MCX,MCX Crude Oil Mini Futures,MCX,synthetic,15m,15,synthetic_intraday,SYNTHETIC_INTRADAY,2026-08-03 06:45:00+00:00,india_morning
2026-08-03,2026-08-03 12:30:00,6711.429595454801,6718.141025050255,6704.718165859345,6711.429595454801,668,83.0,CRUDEOILM-SYNTH,INR,MCX,MCX Crude Oil Mini Futures,MCX,synthetic,15m,15,synthetic_intraday,SYNTHETIC_INTRADAY,2026-08-03 07:00:00+00:00,india_midday
2026-08-03,2026-08-03 12:45:00,6711.429595454801,6718.141025050255,6704.718165859345,6711.429595454801,697,83.0,CRUDEOILM-SYNTH,INR,MCX,MCX Crude Oil Mini Futures,MCX,synthetic,15m,15,synthetic_intraday,SYNTHETIC_INTRADAY,2026-08-03 07:15:00+00:00,india_midday
2026-08-03,2026-08-03 13:00:00,6711.429595454801,6718.141025050255,6704.718165859345,6711.429595454801,987,83.0,CRUDEOILM-SYNTH,INR,MCX,MCX Crude Oil Mini Futures,MCX,synthetic,15m,15,synthetic_intraday,SYNTHETIC_INTRADAY,2026-08-03 07:30:00+00:00,india_midday
2026-08-03,2026-08-03 13:15:00,6711.429595454801,6718.141025050255,6704.718165859345,6711.429595454801,777,83.0,CRUDEOILM-SYNTH,INR,MCX,MCX Crude Oil Mini Futures,MCX,synthetic,15m,15,synthetic_intraday,SYNTHETIC_INTRADAY,2026-08-03 07:45:00+00:00,india_midday
2026-08-03,2026-08-03 13:30:00,6711.429595454801,6718.141025050255,6704.718165859345,6711.429595454801,354,83.0,CRUDEOILM-SYNTH,INR,MCX,MCX Crude Oil Mini Futures,MCX,synthetic,15m,15,synthetic_intraday,SYNTHETIC_INTRADAY,2026-08-03 08:00:00+00:00,india_midday
2026-08-03,2026-08-03 13:45:00,6710.763571777753,6717.47433534953,6704.052808205975,6710.763571777753,535,83.0,CRUDEOILM-SYNTH,INR,MCX,MCX Crude Oil Mini Futures,MCX,synthetic,15m,15,synthetic_intraday,SYNTHETIC_INTRADAY,2026-08-03 08:15:00+00:00,india_midday
2026-08-03,2026-08-03 14:00:00,6695.3885666404085,6702.083955207048,6688.693178073768,6695.3885666404085,364,83.0,CRUDEOILM-SYNTH,INR,MCX,MCX Crude Oil Mini Futures,MCX,synthetic,15m,15,synthetic_intraday,SYNTHETIC_INTRADAY,2026-08-03 08:30:00+00:00,india_midday
2026-08-03,2026-08-03 14:15:00,6683.615200808006,6690.298816008813,6676.931585607198,6683.615200808006,740,83.0,CRUDEOILM-SYNTH,INR,MCX,MCX Crude Oil Mini Futures,MCX,synthetic,15m,15,synthetic_intraday,SYNTHETIC_INTRADAY,2026-08-03 08:45:00+00:00,india_midday
2026-08-03,2026-08-03 14:30:00,6660.577953565359,6667.238531518924,6653.917375611793,6660.577953565359,599,83.0,CRUDEOILM-SYNTH,INR,MCX,MCX Crude Oil Mini Futures,MCX,synthetic,15m,15,synthetic_intraday,SYNTHETIC_INTRADAY,2026-08-03 09:00:00+00:00,india_midday
2026-08-03,2026-08-03 14:45:00,6639.154215928648,6645.793370144576,6632.515061712719,6639.154215928648,178,83.0,CRUDEOILM-SYNTH,INR,MCX,MCX Crude Oil Mini Futures,MCX,synthetic,15m,15,synthetic_intraday,SYNTHETIC_INTRADAY,2026-08-03 09:15:00+00:00,india_midday
2026-08-04,2026-08-04 09:00:00,6298.9861488637,6305.285135012563,6292.687162714836,6298.9861488637,851,83.0,CRUDEOILM-SYNTH,INR,MCX,MCX Crude Oil Mini Futures,MCX,synthetic,15m,15,synthetic_intraday,SYNTHETIC_INTRADAY,2026-08-04 03:30:00+00:00,mcx_open_drive
2026-08-04,2026-08-04 09:15:00,6298.9861488637,6305.285135012563,6292.687162714836,6298.9861488637,606,83.0,CRUDEOILM-SYNTH,INR,MCX,MCX Crude Oil Mini Futures,MCX,synthetic,15m,15,synthetic_intraday,SYNTHETIC_INTRADAY,2026-08-04 03:45:00+00:00,mcx_open_drive
2026-08-04,2026-08-04 09:30:00,6298.9861488637,6305.285135012563,6292.687162714836,6298.9861488637,514,83.0,CRUDEOILM-SYNTH,INR,MCX,MCX Crude Oil Mini Futures,MCX,synthetic,15m,15,synthetic_intraday,SYNTHETIC_INTRADAY,2026-08-04 04:00:00+00:00,mcx_open_drive
2026-08-04,2026-08-04 09:45:00,6298.9861488637,6305.285135012563,6292.687162714836,6298.9861488637,409,83.0,CRUDEOILM-SYNTH,INR,MCX,MCX Crude Oil Mini Futures,MCX,synthetic,15m,15,synthetic_intraday,SYNTHETIC_INTRADAY,2026-08-04 04:15:00+00:00,mcx_open_drive
2026-08-04,2026-08-04 10:00:00,6298.9861488637,6305.285135012563,6292.687162714836,6298.9861488637,613,83.0,CRUDEOILM-SYNTH,INR,MCX,MCX Crude Oil Mini Futures,MCX,synthetic,15m,15,synthetic_intraday,SYNTHETIC_INTRADAY,2026-08-04 04:30:00+00:00,mcx_open_drive
2026-08-04,2026-08-04 10:15:00,6298.9861488637,6305.285135012563,6292.687162714836,6298.9861488637,318,83.0,CRUDEOILM-SYNTH,INR,MCX,MCX Crude Oil Mini Futures,MCX,synthetic,15m,15,synthetic_intraday,SYNTHETIC_INTRADAY,2026-08-04 04:45:00+00:00,mcx_open_drive
2026-08-04,2026-08-04 10:30:00,6298.9861488637,6305.285135012563,6292.687162714836,6298.9861488637,742,83.0,CRUDEOILM-SYNTH,INR,MCX,MCX Crude Oil Mini Futures,MCX,synthetic,15m,15,synthetic_intraday,SYNTHETIC_INTRADAY,2026-08-04 05:00:00+00:00,india_morning
2026-08-04,2026-08-04 10:45:00,6298.9861488637,6305.285135012563,6292.687162714836,6298.9861488637,531,83.0,CRUDEOILM-SYNTH,INR,MCX,MCX Crude Oil Mini Futures,MCX,synthetic,15m,15,synthetic_intraday,SYNTHETIC_INTRADAY,2026-08-04 05:15:00+00:00,india_morning
2026-08-04,2026-08-04 11:00:00,6298.9861488637,6305.285135012563,6292.687162714836,6298.9861488637,748,83.0,CRUDEOILM-SYNTH,INR,MCX,MCX Crude Oil Mini Futures,MCX,synthetic,15m,15,synthetic_intraday,SYNTHETIC_INTRADAY,2026-08-04 05:30:00+00:00,india_morning
2026-08-04,2026-08-04 11:15:00,6298.9861488637,6305.285135012563,6292.687162714836,6298.9861488637,869,83.0,CRUDEOILM-SYNTH,INR,MCX,MCX Crude Oil Mini Futures,MCX,synthetic,15m,15,synthetic_intraday,SYNTHETIC_INTRADAY,2026-08-04 05:45:00+00:00,india_morning
2026-08-04,2026-08-04 11:30:00,6298.9861488637,6305.285135012563,6292.687162714836,6298.9861488637,790,83.0,CRUDEOILM-SYNTH,INR,MCX,MCX Crude Oil Mini Futures,MCX,synthetic,15m,15,synthetic_intraday,SYNTHETIC_INTRADAY,2026-08-04 06:00:00+00:00,india_morning
2026-08-04,2026-08-04 11:45:00,6298.9861488637,6305.285135012563,6292.687162714836,6298.9861488637,334,83.0,CRUDEOILM-SYNTH,INR,MCX,MCX Crude Oil Mini Futures,MCX,synthetic,15m,15,synthetic_intraday,SYNTHETIC_INTRADAY,2026-08-04 06:15:00+00:00,india_morning
2026-08-04,2026-08-04 12:00:00,6298.9861488637,6305.285135012563,6292.687162714836,6298.9861488637,916,83.0,CRUDEOILM-SYNTH,INR,MCX,MCX Crude Oil Mini Futures,MCX,synthetic,15m,15,synthetic_intraday,SYNTHETIC_INTRADAY,2026-08-04 06:30:00+00:00,india_morning
2026-08-04,2026-08-04 12:15:00,6298.9861488637,6305.285135012563,6292.687162714836,6298.9861488637,520,83.0,CRUDEOILM-SYNTH,INR,MCX,MCX Crude Oil Mini Futures,MCX,synthetic,15m,15,synthetic_intraday,SYNTHETIC_INTRADAY,2026-08-04 06:45:00+00:00,india_morning
2026-08-04,2026-08-04 12:30:00,6298.9861488637,6305.285135012563,6292.687162714836,6298.9861488637,591,83.0,CRUDEOILM-SYNTH,INR,MCX,MCX Crude Oil Mini Futures,MCX,synthetic,15m,15,synthetic_intraday,SYNTHETIC_INTRADAY,2026-08-04 07:00:00+00:00,india_midday
2026-08-04,2026-08-04 12:45:00,6298.9861488637,6305.285135012563,6292.687162714836,6298.9861488637,296,83.0,CRUDEOILM-SYNTH,INR,MCX,MCX Crude Oil Mini Futures,MCX,synthetic,15m,15,synthetic_intraday,SYNTHETIC_INTRADAY,2026-08-04 07:15:00+00:00,india_midday
2026-08-04,2026-08-04 13:00:00,6298.9861488637,6305.285135012563,6292.687162714836,6298.9861488637,114,83.0,CRUDEOILM-SYNTH,INR,MCX,MCX Crude Oil Mini Futures,MCX,synthetic,15m,15,synthetic_intraday,SYNTHETIC_INTRADAY,2026-08-04 07:30:00+00:00,india_midday
2026-08-04,2026-08-04 13:15:00,6298.9861488637,6305.285135012563,6292.687162714836,6298.9861488637,241,83.0,CRUDEOILM-SYNTH,INR,MCX,MCX Crude Oil Mini Futures,MCX,synthetic,15m,15,synthetic_intraday,SYNTHETIC_INTRADAY,2026-08-04 07:45:00+00:00,india_midday
2026-08-04,2026-08-04 13:30:00,6298.9861488637,6305.285135012563,6292.687162714836,6298.9861488637,368,83.0,CRUDEOILM-SYNTH,INR,MCX,MCX Crude Oil Mini Futures,MCX,synthetic,15m,15,synthetic_intraday,SYNTHETIC_INTRADAY,2026-08-04 08:00:00+00:00,india_midday
2026-08-04,2026-08-04 13:45:00,6298.9861488637,6305.285135012563,6292.687162714836,6298.9861488637,959,83.0,CRUDEOILM-SYNTH,INR,MCX,MCX Crude Oil Mini Futures,MCX,synthetic,15m,15,synthetic_intraday,SYNTHETIC_INTRADAY,2026-08-04 08:15:00+00:00,india_midday
2026-08-04,2026-08-04 14:00:00,6290.856080583146,6297.146936663728,6284.565224502562,6290.856080583146,186,83.0,CRUDEOILM-SYNTH,INR,MCX,MCX Crude Oil Mini Futures,MCX,synthetic,15m,15,synthetic_intraday,SYNTHETIC_INTRADAY,2026-08-04 08:30:00+00:00,india_midday
2026-08-04,2026-08-04 14:15:00,6270.212870984805,6276.483083855789,6263.94265811382,6270.212870984805,199,83.0,CRUDEOILM-SYNTH,INR,MCX,MCX Crude Oil Mini Futures,MCX,synthetic,15m,15,synthetic_intraday,SYNTHETIC_INTRADAY,2026-08-04 08:45:00+00:00,india_midday
2026-08-04,2026-08-04 14:30:00,6254.254157504039,6260.508411661542,6247.999903346535,6254.254157504039,761,83.0,CRUDEOILM-SYNTH,INR,MCX,MCX Crude Oil Mini Futures,MCX,synthetic,15m,15,synthetic_intraday,SYNTHETIC_INTRADAY,2026-08-04 09:00:00+00:00,india_midday
2026-08-04,2026-08-04 14:45:00,6238.783711715067,6245.022495426781,6232.544928003352,6238.783711715067,428,83.0,CRUDEOILM-SYNTH,INR,MCX,MCX Crude Oil Mini Futures,MCX,synthetic,15m,15,synthetic_intraday,SYNTHETIC_INTRADAY,2026-08-04 09:15:00+00:00,india_midday
2026-08-05,2026-08-05 09:00:00,6235.795363295436,6242.03115865873,6229.55956793214,6235.795363295436,514,83.0,CRUDEOILM-SYNTH,INR,MCX,MCX Crude Oil Mini Futures,MCX,synthetic,15m,15,synthetic_intraday,SYNTHETIC_INTRADAY,2026-08-05 03:30:00+00:00,mcx_open_drive
2026-08-05,2026-08-05 09:15:00,6235.698220101348,6241.933918321449,6229.462521881246,6235.698220101348,977,83.0,CRUDEOILM-SYNTH,INR,MCX,MCX Crude Oil Mini Futures,MCX,synthetic,15m,15,synthetic_intraday,SYNTHETIC_INTRADAY,2026-08-05 03:45:00+00:00,mcx_open_drive
2026-08-05,2026-08-05 09:30:00,6231.159530455942,6237.390689986398,6224.928370925486,6231.159530455942,622,83.0,CRUDEOILM-SYNTH,INR,MCX,MCX Crude Oil Mini Futures,MCX,synthetic,15m,15,synthetic_intraday,SYNTHETIC_INTRADAY,2026-08-05 04:00:00+00:00,mcx_open_drive
2026-08-05,2026-08-05 09:45:00,6232.359983419707,6238.592343403126,6226.127623436287,6232.359983419707,240,83.0,CRUDEOILM-SYNTH,INR,MCX,MCX Crude Oil Mini Futures,MCX,synthetic,15m,15,synthetic_intraday,SYNTHETIC_INTRADAY,2026-08-05 04:15:00+00:00,mcx_open_drive
2026-08-05,2026-08-05 10:00:00,6235.021488868993,6241.256510357862,6228.786467380124,6235.021488868993,729,83.0,CRUDEOILM-SYNTH,INR,MCX,MCX Crude Oil Mini Futures,MCX,synthetic,15m,15,synthetic_intraday,SYNTHETIC_INTRADAY,2026-08-05 04:30:00+00:00,mcx_open_drive
2026-08-05,2026-08-05 10:15:00,6232.211972099372,6238.444184071471,6225.979760127273,6232.211972099372,511,83.0,CRUDEOILM-SYNTH,INR,MCX,MCX Crude Oil Mini Futures,MCX,synthetic,15m,15,synthetic_intraday,SYNTHETIC_INTRADAY,2026-08-05 04:45:00+00:00,mcx_open_drive
2026-08-05,2026-08-05 10:30:00,6231.776761329051,6238.008538090379,6225.544984567721,6231.776761329051,674,83.0,CRUDEOILM-SYNTH,INR,MCX,MCX Crude Oil Mini Futures,MCX,synthetic,15m,15,synthetic_intraday,SYNTHETIC_INTRADAY,2026-08-05 05:00:00+00:00,india_morning
2026-08-05,2026-08-05 10:45:00,6236.353338781762,6242.589692120543,6230.116985442981,6236.353338781762,147,83.0,CRUDEOILM-SYNTH,INR,MCX,MCX Crude Oil Mini Futures,MCX,synthetic,15m,15,synthetic_intraday,SYNTHETIC_INTRADAY,2026-08-05 05:15:00+00:00,india_morning
2026-08-05,2026-08-05 11:00:00,6231.738847341847,6237.970586189188,6225.507108494505,6231.738847341847,838,83.0,CRUDEOILM-SYNTH,INR,MCX,MCX Crude Oil Mini Futures,MCX,synthetic,15m,15,synthetic_intraday,SYNTHETIC_INTRADAY,2026-08-05 05:30:00+00:00,india_morning
2026-08-05,2026-08-05 11:15:00,6239.069236568819,6245.308305805387,6232.83016733225,6239.069236568819,829,83.0,CRUDEOILM-SYNTH,INR,MCX,MCX Crude Oil Mini Futures,MCX,synthetic,15m,15,synthetic_intraday,SYNTHETIC_INTRADAY,2026-08-05 05:45:00+00:00,india_morning
2026-08-05,2026-08-05 11:30:00,6230.673302320762,6236.903975623081,6224.442629018441,6230.673302320762,115,83.0,CRUDEOILM-SYNTH,INR,MCX,MCX Crude Oil Mini Futures,MCX,synthetic,15m,15,synthetic_intraday,SYNTHETIC_INTRADAY,2026-08-05 06:00:00+00:00,india_morning
2026-08-05,2026-08-05 11:45:00,6233.452261110645,6239.685713371755,6227.218808849534,6233.452261110645,623,83.0,CRUDEOILM-SYNTH,INR,MCX,MCX Crude Oil Mini Futures,MCX,synthetic,15m,15,synthetic_intraday,SYNTHETIC_INTRADAY,2026-08-05 06:15:00+00:00,india_morning
2026-08-05,2026-08-05 12:00:00,6231.057239036114,6237.288296275149,6224.826181797078,6231.057239036114,246,83.0,CRUDEOILM-SYNTH,INR,MCX,MCX Crude Oil Mini Futures,MCX,synthetic,15m,15,synthetic_intraday,SYNTHETIC_INTRADAY,2026-08-05 06:30:00+00:00,india_morning
2026-08-05,2026-08-05 12:15:00,6237.3233397150425,6243.560663054757,6231.086016375328,6237.3233397150425,505,83.0,CRUDEOILM-SYNTH,INR,MCX,MCX Crude Oil Mini Futures,MCX,synthetic,15m,15,synthetic_intraday,SYNTHETIC_INTRADAY,2026-08-05 06:45:00+00:00,india_morning
2026-08-05,2026-08-05 12:30:00,6231.527342286571,6237.758869628857,6225.295814944285,6231.527342286571,846,83.0,CRUDEOILM-SYNTH,INR,MCX,MCX Crude Oil Mini Futures,MCX,synthetic,15m,15,synthetic_intraday,SYNTHETIC_INTRADAY,2026-08-05 07:00:00+00:00,india_midday
2026-08-05,2026-08-05 12:45:00,6233.762318295373,6239.996080613668,6227.528555977077,6233.762318295373,415,83.0,CRUDEOILM-SYNTH,INR,MCX,MCX Crude Oil Mini Futures,MCX,synthetic,15m,15,synthetic_intraday,SYNTHETIC_INTRADAY,2026-08-05 07:15:00+00:00,india_midday
2026-08-05,2026-08-05 13:00:00,6230.100225423246,6236.330325648669,6223.870125197823,6230.100225423246,994,83.0,CRUDEOILM-SYNTH,INR,MCX,MCX Crude Oil Mini Futures,MCX,synthetic,15m,15,synthetic_intraday,SYNTHETIC_INTRADAY,2026-08-05 07:30:00+00:00,india_midday
2026-08-05,2026-08-05 13:15:00,6233.305376753796,6239.538682130549,6227.072071377042,6233.305376753796,739,83.0,CRUDEOILM-SYNTH,INR,MCX,MCX Crude Oil Mini Futures,MCX,synthetic,15m,15,synthetic_intraday,SYNTHETIC_INTRADAY,2026-08-05 07:45:00+00:00,india_midday
2026-08-05,2026-08-05 13:30:00,6228.872067755588,6235.100939823344,6222.643195687833,6228.872067755588,422,83.0,CRUDEOILM-SYNTH,INR,MCX,MCX Crude Oil Mini Futures,MCX,synthetic,15m,15,synthetic_intraday,SYNTHETIC_INTRADAY,2026-08-05 08:00:00+00:00,india_midday
2026-08-05,2026-08-05 13:45:00,6234.833241484593,6241.068074726077,6228.598408243108,6234.833241484593,116,83.0,CRUDEOILM-SYNTH,INR,MCX,MCX Crude Oil Mini Futures,MCX,synthetic,15m,15,synthetic_intraday,SYNTHETIC_INTRADAY,2026-08-05 08:15:00+00:00,india_midday
2026-08-05,2026-08-05 14:00:00,6227.79267049921,6234.020463169708,6221.56487782871,6227.79267049921,529,83.0,CRUDEOILM-SYNTH,INR,MCX,MCX Crude Oil Mini Futures,MCX,synthetic,15m,15,synthetic_intraday,SYNTHETIC_INTRADAY,2026-08-05 08:30:00+00:00,india_midday
2026-08-05,2026-08-05 14:15:00,6227.260765751603,6233.488026517353,6221.033504985851,6227.260765751603,144,83.0,CRUDEOILM-SYNTH,INR,MCX,MCX Crude Oil Mini Futures,MCX,synthetic,15m,15,synthetic_intraday,SYNTHETIC_INTRADAY,2026-08-05 08:45:00+00:00,india_midday
2026-08-05,2026-08-05 14:30:00,6232.541056242457,6238.773597298698,6226.308515186214,6232.541056242457,792,83.0,CRUDEOILM-SYNTH,INR,MCX,MCX Crude Oil Mini Futures,MCX,synthetic,15m,15,synthetic_intraday,SYNTHETIC_INTRADAY,2026-08-05 09:00:00+00:00,india_midday
2026-08-05,2026-08-05 14:45:00,6229.341784850604,6235.571126635454,6223.112443065754,6229.341784850604,887,83.0,CRUDEOILM-SYNTH,INR,MCX,MCX Crude Oil Mini Futures,MCX,synthetic,15m,15,synthetic_intraday,SYNTHETIC_INTRADAY,2026-08-05 09:15:00+00:00,india_midday
2026-08-06,2026-08-06 09:00:00,6428.159376091199,6434.58753546729,6421.731216715108,6428.159376091199,401,83.0,CRUDEOILM-SYNTH,INR,MCX,MCX Crude Oil Mini Futures,MCX,synthetic,15m,15,synthetic_intraday,SYNTHETIC_INTRADAY,2026-08-06 03:30:00+00:00,mcx_open_drive
2026-08-06,2026-08-06 09:15:00,6428.159376091199,6434.58753546729,6421.731216715108,6428.159376091199,389,83.0,CRUDEOILM-SYNTH,INR,MCX,MCX Crude Oil Mini Futures,MCX,synthetic,15m,15,synthetic_intraday,SYNTHETIC_INTRADAY,2026-08-06 03:45:00+00:00,mcx_open_drive
2026-08-06,2026-08-06 09:30:00,6428.159376091199,6434.58753546729,6421.731216715108,6428.159376091199,672,83.0,CRUDEOILM-SYNTH,INR,MCX,MCX Crude Oil Mini Futures,MCX,synthetic,15m,15,synthetic_intraday,SYNTHETIC_INTRADAY,2026-08-06 04:00:00+00:00,mcx_open_drive
2026-08-06,2026-08-06 09:45:00,6428.159376091199,6434.58753546729,6421.731216715108,6428.159376091199,199,83.0,CRUDEOILM-SYNTH,INR,MCX,MCX Crude Oil Mini Futures,MCX,synthetic,15m,15,synthetic_intraday,SYNTHETIC_INTRADAY,2026-08-06 04:15:00+00:00,mcx_open_drive
2026-08-06,2026-08-06 10:00:00,6428.159376091199,6434.58753546729,6421.731216715108,6428.159376091199,464,83.0,CRUDEOILM-SYNTH,INR,MCX,MCX Crude Oil Mini Futures,MCX,synthetic,15m,15,synthetic_intraday,SYNTHETIC_INTRADAY,2026-08-06 04:30:00+00:00,mcx_open_drive
2026-08-06,2026-08-06 10:15:00,6428.159376091199,6434.58753546729,6421.731216715108,6428.159376091199,405,83.0,CRUDEOILM-SYNTH,INR,MCX,MCX Crude Oil Mini Futures,MCX,synthetic,15m,15,synthetic_intraday,SYNTHETIC_INTRADAY,2026-08-06 04:45:00+00:00,mcx_open_drive
2026-08-06,2026-08-06 10:30:00,6428.159376091199,6434.58753546729,6421.731216715108,6428.159376091199,788,83.0,CRUDEOILM-SYNTH,INR,MCX,MCX Crude Oil Mini Futures,MCX,synthetic,15m,15,synthetic_intraday,SYNTHETIC_INTRADAY,2026-08-06 05:00:00+00:00,india_morning
2026-08-06,2026-08-06 10:45:00,6428.159376091199,6434.58753546729,6421.731216715108,6428.159376091199,997,83.0,CRUDEOILM-SYNTH,INR,MCX,MCX Crude Oil Mini Futures,MCX,synthetic,15m,15,synthetic_intraday,SYNTHETIC_INTRADAY,2026-08-06 05:15:00+00:00,india_morning
2026-08-06,2026-08-06 11:00:00,6428.159376091199,6434.58753546729,6421.731216715108,6428.159376091199,933,83.0,CRUDEOILM-SYNTH,INR,MCX,MCX Crude Oil Mini Futures,MCX,synthetic,15m,15,synthetic_intraday,SYNTHETIC_INTRADAY,2026-08-06 05:30:00+00:00,india_morning
2026-08-06,2026-08-06 11:15:00,6428.159376091199,6434.58753546729,6421.731216715108,6428.159376091199,953,83.0,CRUDEOILM-SYNTH,INR,MCX,MCX Crude Oil Mini Futures,MCX,synthetic,15m,15,synthetic_intraday,SYNTHETIC_INTRADAY,2026-08-06 05:45:00+00:00,india_morning
2026-08-06,2026-08-06 11:30:00,6428.159376091199,6434.58753546729,6421.731216715108,6428.159376091199,145,83.0,CRUDEOILM-SYNTH,INR,MCX,MCX Crude Oil Mini Futures,MCX,synthetic,15m,15,synthetic_intraday,SYNTHETIC_INTRADAY,2026-08-06 06:00:00+00:00,india_morning
2026-08-06,2026-08-06 11:45:00,6428.159376091199,6434.58753546729,6421.731216715108,6428.159376091199,761,83.0,CRUDEOILM-SYNTH,INR,MCX,MCX Crude Oil Mini Futures,MCX,synthetic,15m,15,synthetic_intraday,SYNTHETIC_INTRADAY,2026-08-06 06:15:00+00:00,india_morning
2026-08-06,2026-08-06 12:00:00,6428.159376091199,6434.58753546729,6421.731216715108,6428.159376091199,969,83.0,CRUDEOILM-SYNTH,INR,MCX,MCX Crude Oil Mini Futures,MCX,synthetic,15m,15,synthetic_intraday,SYNTHETIC_INTRADAY,2026-08-06 06:30:00+00:00,india_morning
2026-08-06,2026-08-06 12:15:00,6428.159376091199,6434.58753546729,6421.731216715108,6428.159376091199,170,83.0,CRUDEOILM-SYNTH,INR,MCX,MCX Crude Oil Mini Futures,MCX,synthetic,15m,15,synthetic_intraday,SYNTHETIC_INTRADAY,2026-08-06 06:45:00+00:00,india_morning
2026-08-06,2026-08-06 12:30:00,6428.159376091199,6434.58753546729,6421.731216715108,6428.159376091199,581,83.0,CRUDEOILM-SYNTH,INR,MCX,MCX Crude Oil Mini Futures,MCX,synthetic,15m,15,synthetic_intraday,SYNTHETIC_INTRADAY,2026-08-06 07:00:00+00:00,india_midday
2026-08-06,2026-08-06 12:45:00,6428.159376091199,6434.58753546729,6421.731216715108,6428.159376091199,187,83.0,CRUDEOILM-SYNTH,INR,MCX,MCX Crude Oil Mini Futures,MCX,synthetic,15m,15,synthetic_intraday,SYNTHETIC_INTRADAY,2026-08-06 07:15:00+00:00,india_midday
2026-08-06,2026-08-06 13:00:00,6428.159376091199,6434.58753546729,6421.731216715108,6428.159376091199,544,83.0,CRUDEOILM-SYNTH,INR,MCX,MCX Crude Oil Mini Futures,MCX,synthetic,15m,15,synthetic_intraday,SYNTHETIC_INTRADAY,2026-08-06 07:30:00+00:00,india_midday
2026-08-06,2026-08-06 13:15:00,6428.159376091199,6434.58753546729,6421.731216715108,6428.159376091199,943,83.0,CRUDEOILM-SYNTH,INR,MCX,MCX Crude Oil Mini Futures,MCX,synthetic,15m,15,synthetic_intraday,SYNTHETIC_INTRADAY,2026-08-06 07:45:00+00:00,india_midday
2026-08-06,2026-08-06 13:30:00,6438.088769697295,6444.526858466991,6431.650680927598,6438.088769697295,647,83.0,CRUDEOILM-SYNTH,INR,MCX,MCX Crude Oil Mini Futures,MCX,synthetic,15m,15,synthetic_intraday,SYNTHETIC_INTRADAY,2026-08-06 08:00:00+00:00,india_midday
2026-08-06,2026-08-06 13:45:00,6443.54986976733,6449.993419637097,6437.106319897563,6443.54986976733,818,83.0,CRUDEOILM-SYNTH,INR,MCX,MCX Crude Oil Mini Futures,MCX,synthetic,15m,15,synthetic_intraday,SYNTHETIC_INTRADAY,2026-08-06 08:15:00+00:00,india_midday
2026-08-06,2026-08-06 14:00:00,6462.587529780699,6469.0501173104785,6456.124942250918,6462.587529780699,241,83.0,CRUDEOILM-SYNTH,INR,MCX,MCX Crude Oil Mini Futures,MCX,synthetic,15m,15,synthetic_intraday,SYNTHETIC_INTRADAY,2026-08-06 08:30:00+00:00,india_midday
2026-08-06,2026-08-06 14:15:00,6475.652289558509,6482.127941848067,6469.176637268951,6475.652289558509,520,83.0,CRUDEOILM-SYNTH,INR,MCX,MCX Crude Oil Mini Futures,MCX,synthetic,15m,15,synthetic_intraday,SYNTHETIC_INTRADAY,2026-08-06 08:45:00+00:00,india_midday
2026-08-06,2026-08-06 14:30:00,6481.918298255048,6488.400216553303,6475.436379956794,6481.918298255048,783,83.0,CRUDEOILM-SYNTH,INR,MCX,MCX Crude Oil Mini Futures,MCX,synthetic,15m,15,synthetic_intraday,SYNTHETIC_INTRADAY,2026-08-06 09:00:00+00:00,india_midday
2026-08-06,2026-08-06 14:45:00,6495.074143317682,6501.5692174609985,6488.579069174364,6495.074143317682,866,83.0,CRUDEOILM-SYNTH,INR,MCX,MCX Crude Oil Mini Futures,MCX,synthetic,15m,15,synthetic_intraday,SYNTHETIC_INTRADAY,2026-08-06 09:15:00+00:00,india_midday
2026-08-07,2026-08-07 09:00:00,6497.232348483205,6503.729580831688,6490.7351161347215,6497.232348483205,861,83.0,CRUDEOILM-SYNTH,INR,MCX,MCX Crude Oil Mini Futures,MCX,synthetic,15m,15,synthetic_intraday,SYNTHETIC_INTRADAY,2026-08-07 03:30:00+00:00,mcx_open_drive
2026-08-07,2026-08-07 09:15:00,6493.800151207811,6500.293951359018,6487.306351056603,6493.800151207811,471,83.0,CRUDEOILM-SYNTH,INR,MCX,MCX Crude Oil Mini Futures,MCX,synthetic,15m,15,synthetic_intraday,SYNTHETIC_INTRADAY,2026-08-07 03:45:00+00:00,mcx_open_drive
2026-08-07,2026-08-07 09:30:00,6492.345860169941,6498.83820603011,6485.8535143097715,6492.345860169941,342,83.0,CRUDEOILM-SYNTH,INR,MCX,MCX Crude Oil Mini Futures,MCX,synthetic,15m,15,synthetic_intraday,SYNTHETIC_INTRADAY,2026-08-07 04:00:00+00:00,mcx_open_drive
2026-08-07,2026-08-07 09:45:00,6490.7962535817605,6497.287049835341,6484.305457328179,6490.7962535817605,560,83.0,CRUDEOILM-SYNTH,INR,MCX,MCX Crude Oil Mini Futures,MCX,synthetic,15m,15,synthetic_intraday,SYNTHETIC_INTRADAY,2026-08-07 04:15:00+00:00,mcx_open_drive
2026-08-07,2026-08-07 10:00:00,6494.046386941028,6500.5404333279685,6487.552340554087,6494.046386941028,835,83.0,CRUDEOILM-SYNTH,INR,MCX,MCX Crude Oil Mini Futures,MCX,synthetic,15m,15,synthetic_intraday,SYNTHETIC_INTRADAY,2026-08-07 04:30:00+00:00,mcx_open_drive
2026-08-07,2026-08-07 10:15:00,6489.835562445434,6496.325398007879,6483.345726882989,6489.835562445434,381,83.0,CRUDEOILM-SYNTH,INR,MCX,MCX Crude Oil Mini Futures,MCX,synthetic,15m,15,synthetic_intraday,SYNTHETIC_INTRADAY,2026-08-07 04:45:00+00:00,mcx_open_drive
2026-08-07,2026-08-07 10:30:00,6490.479431598555,6496.969911030153,6483.988952166956,6490.479431598555,111,83.0,CRUDEOILM-SYNTH,INR,MCX,MCX Crude Oil Mini Futures,MCX,synthetic,15m,15,synthetic_intraday,SYNTHETIC_INTRADAY,2026-08-07 05:00:00+00:00,india_morning
2026-08-07,2026-08-07 10:45:00,6490.278696489667,6496.768975186155,6483.788417793177,6490.278696489667,592,83.0,CRUDEOILM-SYNTH,INR,MCX,MCX Crude Oil Mini Futures,MCX,synthetic,15m,15,synthetic_intraday,SYNTHETIC_INTRADAY,2026-08-07 05:15:00+00:00,india_morning
2026-08-07,2026-08-07 11:00:00,6494.717725961486,6501.212443687447,6488.2230082355245,6494.717725961486,140,83.0,CRUDEOILM-SYNTH,INR,MCX,MCX Crude Oil Mini Futures,MCX,synthetic,15m,15,synthetic_intraday,SYNTHETIC_INTRADAY,2026-08-07 05:30:00+00:00,india_morning
2026-08-07,2026-08-07 11:15:00,6490.501404766624,6496.99190617139,6484.010903361857,6490.501404766624,692,83.0,CRUDEOILM-SYNTH,INR,MCX,MCX Crude Oil Mini Futures,MCX,synthetic,15m,15,synthetic_intraday,SYNTHETIC_INTRADAY,2026-08-07 05:45:00+00:00,india_morning
2026-08-07,2026-08-07 11:30:00,6489.596695949929,6496.0862926458785,6483.107099253979,6489.596695949929,611,83.0,CRUDEOILM-SYNTH,INR,MCX,MCX Crude Oil Mini Futures,MCX,synthetic,15m,15,synthetic_intraday,SYNTHETIC_INTRADAY,2026-08-07 06:00:00+00:00,india_morning
2026-08-07,2026-08-07 11:45:00,6486.557767595443,6493.044325363037,6480.071209827847,6486.557767595443,501,83.0,CRUDEOILM-SYNTH,INR,MCX,MCX Crude Oil Mini Futures,MCX,synthetic,15m,15,synthetic_intraday,SYNTHETIC_INTRADAY,2026-08-07 06:15:00+00:00,india_morning
2026-08-07,2026-08-07 12:00:00,6492.205388624472,6498.697594013096,6485.713183235847,6492.205388624472,143,83.0,CRUDEOILM-SYNTH,INR,MCX,MCX Crude Oil Mini Futures,MCX,synthetic,15m,15,synthetic_intraday,SYNTHETIC_INTRADAY,2026-08-07 06:30:00+00:00,india_morning
2026-08-07,2026-08-07 12:15:00,6490.135003932735,6496.625138936667,6483.644868928803,6490.135003932735,653,83.0,CRUDEOILM-SYNTH,INR,MCX,MCX Crude Oil Mini Futures,MCX,synthetic,15m,15,synthetic_intraday,SYNTHETIC_INTRADAY,2026-08-07 06:45:00+00:00,india_morning
2026-08-07,2026-08-07 12:30:00,6487.739720163177,6494.227459883339,6481.251980443013,6487.739720163177,249,83.0,CRUDEOILM-SYNTH,INR,MCX,MCX Crude Oil Mini Futures,MCX,synthetic,15m,15,synthetic_intraday,SYNTHETIC_INTRADAY,2026-08-07 07:00:00+00:00,india_midday
2026-08-07,2026-08-07 12:45:00,6494.337361912718,6500.8316992746295,6487.843024550805,6494.337361912718,573,83.0,CRUDEOILM-SYNTH,INR,MCX,MCX Crude Oil Mini Futures,MCX,synthetic,15m,15,synthetic_intraday,SYNTHETIC_INTRADAY,2026-08-07 07:15:00+00:00,india_midday
2026-08-07,2026-08-07 13:00:00,6491.183101477236,6497.674284578713,6484.691918375759,6491.183101477236,568,83.0,CRUDEOILM-SYNTH,INR,MCX,MCX Crude Oil Mini Futures,MCX,synthetic,15m,15,synthetic_intraday,SYNTHETIC_INTRADAY,2026-08-07 07:30:00+00:00,india_midday
2026-08-07,2026-08-07 13:15:00,6488.216570801939,6494.704787372741,6481.728354231137,6488.216570801939,428,83.0,CRUDEOILM-SYNTH,INR,MCX,MCX Crude Oil Mini Futures,MCX,synthetic,15m,15,synthetic_intraday,SYNTHETIC_INTRADAY,2026-08-07 07:45:00+00:00,india_midday
2026-08-07,2026-08-07 13:30:00,6489.097359339198,6495.5864566985365,6482.608261979859,6489.097359339198,998,83.0,CRUDEOILM-SYNTH,INR,MCX,MCX Crude Oil Mini Futures,MCX,synthetic,15m,15,synthetic_intraday,SYNTHETIC_INTRADAY,2026-08-07 08:00:00+00:00,india_midday
2026-08-07,2026-08-07 13:45:00,6491.238518428383,6497.729756946811,6484.747279909955,6491.238518428383,585,83.0,CRUDEOILM-SYNTH,INR,MCX,MCX Crude Oil Mini Futures,MCX,synthetic,15m,15,synthetic_intraday,SYNTHETIC_INTRADAY,2026-08-07 08:15:00+00:00,india_midday
2026-08-07,2026-08-07 14:00:00,6490.496740121094,6496.987236861215,6484.0062433809735,6490.496740121094,589,83.0,CRUDEOILM-SYNTH,INR,MCX,MCX Crude Oil Mini Futures,MCX,synthetic,15m,15,synthetic_intraday,SYNTHETIC_INTRADAY,2026-08-07 08:30:00+00:00,india_midday
2026-08-07,2026-08-07 14:15:00,6492.493238391825,6498.985731630216,6486.000745153433,6492.493238391825,835,83.0,CRUDEOILM-SYNTH,INR,MCX,MCX Crude Oil Mini Futures,MCX,synthetic,15m,15,synthetic_intraday,SYNTHETIC_INTRADAY,2026-08-07 08:45:00+00:00,india_midday
2026-08-07,2026-08-07 14:30:00,6490.004855573408,6496.494860428981,6483.514850717835,6490.004855573408,514,83.0,CRUDEOILM-SYNTH,INR,MCX,MCX Crude Oil Mini Futures,MCX,synthetic,15m,15,synthetic_intraday,SYNTHETIC_INTRADAY,2026-08-07 09:00:00+00:00,india_midday
2026-08-07,2026-08-07 14:45:00,6485.93623728379,6492.422173521073,6479.450301046507,6485.93623728379,601,83.0,CRUDEOILM-SYNTH,INR,MCX,MCX Crude Oil Mini Futures,MCX,synthetic,15m,15,synthetic_intraday,SYNTHETIC_INTRADAY,2026-08-07 09:15:00+00:00,india_midday
2026-08-10,2026-08-10 09:00:00,6762.5912506184995,6769.353841869117,6755.828659367881,6762.5912506184995,232,83.0,CRUDEOILM-SYNTH,INR,MCX,MCX Crude Oil Mini Futures,MCX,synthetic,15m,15,synthetic_intraday,SYNTHETIC_INTRADAY,2026-08-10 03:30:00+00:00,mcx_open_drive
2026-08-10,2026-08-10 09:15:00,6762.5912506184995,6769.353841869117,6755.828659367881,6762.5912506184995,371,83.0,CRUDEOILM-SYNTH,INR,MCX,MCX Crude Oil Mini Futures,MCX,synthetic,15m,15,synthetic_intraday,SYNTHETIC_INTRADAY,2026-08-10 03:45:00+00:00,mcx_open_drive
2026-08-10,2026-08-10 09:30:00,6762.5912506184995,6769.353841869117,6755.828659367881,6762.5912506184995,671,83.0,CRUDEOILM-SYNTH,INR,MCX,MCX Crude Oil Mini Futures,MCX,synthetic,15m,15,synthetic_intraday,SYNTHETIC_INTRADAY,2026-08-10 04:00:00+00:00,mcx_open_drive
2026-08-10,2026-08-10 09:45:00,6762.5912506184995,6769.353841869117,6755.828659367881,6762.5912506184995,463,83.0,CRUDEOILM-SYNTH,INR,MCX,MCX Crude Oil Mini Futures,MCX,synthetic,15m,15,synthetic_intraday,SYNTHETIC_INTRADAY,2026-08-10 04:15:00+00:00,mcx_open_drive
2026-08-10,2026-08-10 10:00:00,6762.5912506184995,6769.353841869117,6755.828659367881,6762.5912506184995,769,83.0,CRUDEOILM-SYNTH,INR,MCX,MCX Crude Oil Mini Futures,MCX,synthetic,15m,15,synthetic_intraday,SYNTHETIC_INTRADAY,2026-08-10 04:30:00+00:00,mcx_open_drive
2026-08-10,2026-08-10 10:15:00,6762.5912506184995,6769.353841869117,6755.828659367881,6762.5912506184995,549,83.0,CRUDEOILM-SYNTH,INR,MCX,MCX Crude Oil Mini Futures,MCX,synthetic,15m,15,synthetic_intraday,SYNTHETIC_INTRADAY,2026-08-10 04:45:00+00:00,mcx_open_drive
2026-08-10,2026-08-10 10:30:00,6762.5912506184995,6769.353841869117,6755.828659367881,6762.5912506184995,261,83.0,CRUDEOILM-SYNTH,INR,MCX,MCX Crude Oil Mini Futures,MCX,synthetic,15m,15,synthetic_intraday,SYNTHETIC_INTRADAY,2026-08-10 05:00:00+00:00,india_morning
2026-08-10,2026-08-10 10:45:00,6762.5912506184995,6769.353841869117,6755.828659367881,6762.5912506184995,280,83.0,CRUDEOILM-SYNTH,INR,MCX,MCX Crude Oil Mini Futures,MCX,synthetic,15m,15,synthetic_intraday,SYNTHETIC_INTRADAY,2026-08-10 05:15:00+00:00,india_morning
2026-08-10,2026-08-10 11:00:00,6762.5912506184995,6769.353841869117,6755.828659367881,6762.5912506184995,743,83.0,CRUDEOILM-SYNTH,INR,MCX,MCX Crude Oil Mini Futures,MCX,synthetic,15m,15,synthetic_intraday,SYNTHETIC_INTRADAY,2026-08-10 05:30:00+00:00,india_morning
2026-08-10,2026-08-10 11:15:00,6762.5912506184995,6769.353841869117,6755.828659367881,6762.5912506184995,364,83.0,CRUDEOILM-SYNTH,INR,MCX,MCX Crude Oil Mini Futures,MCX,synthetic,15m,15,synthetic_intraday,SYNTHETIC_INTRADAY,2026-08-10 05:45:00+00:00,india_morning
2026-08-10,2026-08-10 11:30:00,6762.5912506184995,6769.353841869117,6755.828659367881,6762.5912506184995,881,83.0,CRUDEOILM-SYNTH,INR,MCX,MCX Crude Oil Mini Futures,MCX,synthetic,15m,15,synthetic_intraday,SYNTHETIC_INTRADAY,2026-08-10 06:00:00+00:00,india_morning
2026-08-10,2026-08-10 11:45:00,6762.5912506184995,6769.353841869117,6755.828659367881,6762.5912506184995,331,83.0,CRUDEOILM-SYNTH,INR,MCX,MCX Crude Oil Mini Futures,MCX,synthetic,15m,15,synthetic_intraday,SYNTHETIC_INTRADAY,2026-08-10 06:15:00+00:00,india_morning
2026-08-10,2026-08-10 12:00:00,6762.5912506184995,6769.353841869117,6755.828659367881,6762.5912506184995,500,83.0,CRUDEOILM-SYNTH,INR,MCX,MCX Crude Oil Mini Futures,MCX,synthetic,15m,15,synthetic_intraday,SYNTHETIC_INTRADAY,2026-08-10 06:30:00+00:00,india_morning
2026-08-10,2026-08-10 12:15:00,6762.5912506184995,6769.353841869117,6755.828659367881,6762.5912506184995,130,83.0,CRUDEOILM-SYNTH,INR,MCX,MCX Crude Oil Mini Futures,MCX,synthetic,15m,15,synthetic_intraday,SYNTHETIC_INTRADAY,2026-08-10 06:45:00+00:00,india_morning
2026-08-10,2026-08-10 12:30:00,6762.5912506184995,6769.353841869117,6755.828659367881,6762.5912506184995,703,83.0,CRUDEOILM-SYNTH,INR,MCX,MCX Crude Oil Mini Futures,MCX,synthetic,15m,15,synthetic_intraday,SYNTHETIC_INTRADAY,2026-08-10 07:00:00+00:00,india_midday
2026-08-10,2026-08-10 12:45:00,6762.5912506184995,6769.353841869117,6755.828659367881,6762.5912506184995,737,83.0,CRUDEOILM-SYNTH,INR,MCX,MCX Crude Oil Mini Futures,MCX,synthetic,15m,15,synthetic_intraday,SYNTHETIC_INTRADAY,2026-08-10 07:15:00+00:00,india_midday
2026-08-10,2026-08-10 13:00:00,6762.5912506184995,6769.353841869117,6755.828659367881,6762.5912506184995,936,83.0,CRUDEOILM-SYNTH,INR,MCX,MCX Crude Oil Mini Futures,MCX,synthetic,15m,15,synthetic_intraday,SYNTHETIC_INTRADAY,2026-08-10 07:30:00+00:00,india_midday
2026-08-10,2026-08-10 13:15:00,6762.5912506184995,6769.353841869117,6755.828659367881,6762.5912506184995,771,83.0,CRUDEOILM-SYNTH,INR,MCX,MCX Crude Oil Mini Futures,MCX,synthetic,15m,15,synthetic_intraday,SYNTHETIC_INTRADAY,2026-08-10 07:45:00+00:00,india_midday
2026-08-10,2026-08-10 13:30:00,6762.5912506184995,6769.353841869117,6755.828659367881,6762.5912506184995,708,83.0,CRUDEOILM-SYNTH,INR,MCX,MCX Crude Oil Mini Futures,MCX,synthetic,15m,15,synthetic_intraday,SYNTHETIC_INTRADAY,2026-08-10 08:00:00+00:00,india_midday
2026-08-10,2026-08-10 13:45:00,6768.372849416589,6775.141222266005,6761.604476567172,6768.372849416589,938,83.0,CRUDEOILM-SYNTH,INR,MCX,MCX Crude Oil Mini Futures,MCX,synthetic,15m,15,synthetic_intraday,SYNTHETIC_INTRADAY,2026-08-10 08:15:00+00:00,india_midday
2026-08-10,2026-08-10 14:00:00,6785.41716846861,6792.202585637077,6778.631751300141,6785.41716846861,686,83.0,CRUDEOILM-SYNTH,INR,MCX,MCX Crude Oil Mini Futures,MCX,synthetic,15m,15,synthetic_intraday,SYNTHETIC_INTRADAY,2026-08-10 08:30:00+00:00,india_midday
2026-08-10,2026-08-10 14:15:00,6804.681257407111,6811.485938664518,6797.876576149703,6804.681257407111,213,83.0,CRUDEOILM-SYNTH,INR,MCX,MCX Crude Oil Mini Futures,MCX,synthetic,15m,15,synthetic_intraday,SYNTHETIC_INTRADAY,2026-08-10 08:45:00+00:00,india_midday
2026-08-10,2026-08-10 14:30:00,6811.391526226452,6818.202917752677,6804.580134700225,6811.391526226452,532,83.0,CRUDEOILM-SYNTH,INR,MCX,MCX Crude Oil Mini Futures,MCX,synthetic,15m,15,synthetic_intraday,SYNTHETIC_INTRADAY,2026-08-10 09:00:00+00:00,india_midday
2026-08-10,2026-08-10 14:45:00,6832.742829643843,6839.575572473486,6825.910086814199,6832.742829643843,433,83.0,CRUDEOILM-SYNTH,INR,MCX,MCX Crude Oil Mini Futures,MCX,synthetic,15m,15,synthetic_intraday,SYNTHETIC_INTRADAY,2026-08-10 09:15:00+00:00,india_midday
2026-08-11,2026-08-11 09:00:00,6839.0093760912,6845.84838546729,6832.170366715109,6839.0093760912,414,83.0,CRUDEOILM-SYNTH,INR,MCX,MCX Crude Oil Mini Futures,MCX,synthetic,15m,15,synthetic_intraday,SYNTHETIC_INTRADAY,2026-08-11 03:30:00+00:00,mcx_open_drive
2026-08-11,2026-08-11 09:15:00,6839.0093760912,6845.84838546729,6832.170366715109,6839.0093760912,327,83.0,CRUDEOILM-SYNTH,INR,MCX,MCX Crude Oil Mini Futures,MCX,synthetic,15m,15,synthetic_intraday,SYNTHETIC_INTRADAY,2026-08-11 03:45:00+00:00,mcx_open_drive
2026-08-11,2026-08-11 09:30:00,6839.0093760912,6845.84838546729,6832.170366715109,6839.0093760912,257,83.0,CRUDEOILM-SYNTH,INR,MCX,MCX Crude Oil Mini Futures,MCX,synthetic,15m,15,synthetic_intraday,SYNTHETIC_INTRADAY,2026-08-11 04:00:00+00:00,mcx_open_drive
2026-08-11,2026-08-11 09:45:00,6844.835130036579,6851.679965166615,6837.990294906543,6844.835130036579,388,83.0,CRUDEOILM-SYNTH,INR,MCX,MCX Crude Oil Mini Futures,MCX,synthetic,15m,15,synthetic_intraday,SYNTHETIC_INTRADAY,2026-08-11 04:15:00+00:00,mcx_open_drive
2026-08-11,2026-08-11 10:00:00,6846.818289112864,6853.665107401976,6839.971470823751,6846.818289112864,496,83.0,CRUDEOILM-SYNTH,INR,MCX,MCX Crude Oil Mini Futures,MCX,synthetic,15m,15,synthetic_intraday,SYNTHETIC_INTRADAY,2026-08-11 04:30:00+00:00,mcx_open_drive
2026-08-11,2026-08-11 10:15:00,6850.197603048404,6857.047800651451,6843.347405445355,6850.197603048404,243,83.0,CRUDEOILM-SYNTH,INR,MCX,MCX Crude Oil Mini Futures,MCX,synthetic,15m,15,synthetic_intraday,SYNTHETIC_INTRADAY,2026-08-11 04:45:00+00:00,mcx_open_drive
2026-08-11,2026-08-11 10:30:00,6852.727207335371,6859.579934542705,6845.874480128035,6852.727207335371,435,83.0,CRUDEOILM-SYNTH,INR,MCX,MCX Crude Oil Mini Futures,MCX,synthetic,15m,15,synthetic_intraday,SYNTHETIC_INTRADAY,2026-08-11 05:00:00+00:00,india_morning
2026-08-11,2026-08-11 10:45:00,6854.421095679748,6861.275516775427,6847.566674584068,6854.421095679748,884,83.0,CRUDEOILM-SYNTH,INR,MCX,MCX Crude Oil Mini Futures,MCX,synthetic,15m,15,synthetic_intraday,SYNTHETIC_INTRADAY,2026-08-11 05:15:00+00:00,india_morning
2026-08-11,2026-08-11 11:00:00,6854.702614770964,6861.557317385734,6847.847912156193,6854.702614770964,816,83.0,CRUDEOILM-SYNTH,INR,MCX,MCX Crude Oil Mini Futures,MCX,synthetic,15m,15,synthetic_intraday,SYNTHETIC_INTRADAY,2026-08-11 05:30:00+00:00,india_morning
2026-08-11,2026-08-11 11:15:00,6863.437043624689,6870.300480668313,6856.573606581064,6863.437043624689,473,83.0,CRUDEOILM-SYNTH,INR,MCX,MCX Crude Oil Mini Futures,MCX,synthetic,15m,15,synthetic_intraday,SYNTHETIC_INTRADAY,2026-08-11 05:45:00+00:00,india_morning
2026-08-11,2026-08-11 11:30:00,6865.789940776263,6872.655730717039,6858.924150835487,6865.789940776263,498,83.0,CRUDEOILM-SYNTH,INR,MCX,MCX Crude Oil Mini Futures,MCX,synthetic,15m,15,synthetic_intraday,SYNTHETIC_INTRADAY,2026-08-11 06:00:00+00:00,india_morning
2026-08-11,2026-08-11 11:45:00,6865.181038250452,6872.046219288702,6858.315857212201,6865.181038250452,480,83.0,CRUDEOILM-SYNTH,INR,MCX,MCX Crude Oil Mini Futures,MCX,synthetic,15m,15,synthetic_intraday,SYNTHETIC_INTRADAY,2026-08-11 06:15:00+00:00,india_morning
2026-08-11,2026-08-11 12:00:00,6871.307312923193,6878.178620236115,6864.4360056102705,6871.307312923193,728,83.0,CRUDEOILM-SYNTH,INR,MCX,MCX Crude Oil Mini Futures,MCX,synthetic,15m,15,synthetic_intraday,SYNTHETIC_INTRADAY,2026-08-11 06:30:00+00:00,india_morning
2026-08-11,2026-08-11 12:15:00,6871.069757904292,6877.940827662195,6864.198688146387,6871.069757904292,303,83.0,CRUDEOILM-SYNTH,INR,MCX,MCX Crude Oil Mini Futures,MCX,synthetic,15m,15,synthetic_intraday,SYNTHETIC_INTRADAY,2026-08-11 06:45:00+00:00,india_morning
2026-08-11,2026-08-11 12:30:00,6881.712915634431,6888.594628550065,6874.831202718797,6881.712915634431,162,83.0,CRUDEOILM-SYNTH,INR,MCX,MCX Crude Oil Mini Futures,MCX,synthetic,15m,15,synthetic_intraday,SYNTHETIC_INTRADAY,2026-08-11 07:00:00+00:00,india_midday
2026-08-11,2026-08-11 12:45:00,6885.715855077853,6892.60157093293,6878.830139222775,6885.715855077853,841,83.0,CRUDEOILM-SYNTH,INR,MCX,MCX Crude Oil Mini Futures,MCX,synthetic,15m,15,synthetic_intraday,SYNTHETIC_INTRADAY,2026-08-11 07:15:00+00:00,india_midday
2026-08-11,2026-08-11 13:00:00,6885.499407576114,6892.38490698369,6878.613908168538,6885.499407576114,718,83.0,CRUDEOILM-SYNTH,INR,MCX,MCX Crude Oil Mini Futures,MCX,synthetic,15m,15,synthetic_intraday,SYNTHETIC_INTRADAY,2026-08-11 07:30:00+00:00,india_midday
2026-08-11,2026-08-11 13:15:00,6888.606205140791,6895.49481134593,6881.71759893565,6888.606205140791,326,83.0,CRUDEOILM-SYNTH,INR,MCX,MCX Crude Oil Mini Futures,MCX,synthetic,15m,15,synthetic_intraday,SYNTHETIC_INTRADAY,2026-08-11 07:45:00+00:00,india_midday
2026-08-11,2026-08-11 13:30:00,6892.50062841184,6899.393129040251,6885.608127783428,6892.50062841184,618,83.0,CRUDEOILM-SYNTH,INR,MCX,MCX Crude Oil Mini Futures,MCX,synthetic,15m,15,synthetic_intraday,SYNTHETIC_INTRADAY,2026-08-11 08:00:00+00:00,india_midday
2026-08-11,2026-08-11 13:45:00,6889.0699881429855,6895.959058131128,6882.180918154842,6889.0699881429855,588,83.0,CRUDEOILM-SYNTH,INR,MCX,MCX Crude Oil Mini Futures,MCX,synthetic,15m,15,synthetic_intraday,SYNTHETIC_INTRADAY,2026-08-11 08:15:00+00:00,india_midday
2026-08-11,2026-08-11 14:00:00,6894.076267835667,6900.970344103502,6887.182191567831,6894.076267835667,878,83.0,CRUDEOILM-SYNTH,INR,MCX,MCX Crude Oil Mini Futures,MCX,synthetic,15m,15,synthetic_intraday,SYNTHETIC_INTRADAY,2026-08-11 08:30:00+00:00,india_midday
2026-08-11,2026-08-11 14:15:00,6905.558699144752,6912.464257843896,6898.653140445607,6905.558699144752,954,83.0,CRUDEOILM-SYNTH,INR,MCX,MCX Crude Oil Mini Futures,MCX,synthetic,15m,15,synthetic_intraday,SYNTHETIC_INTRADAY,2026-08-11 08:45:00+00:00,india_midday
2026-08-11,2026-08-11 14:30:00,6905.669903151383,6912.575573054533,6898.764233248231,6905.669903151383,764,83.0,CRUDEOILM-SYNTH,INR,MCX,MCX Crude Oil Mini Futures,MCX,synthetic,15m,15,synthetic_intraday,SYNTHETIC_INTRADAY,2026-08-11 09:00:00+00:00,india_midday
2026-08-11,2026-08-11 14:45:00,6908.477296761217,6915.385774057978,6901.568819464456,6908.477296761217,686,83.0,CRUDEOILM-SYNTH,INR,MCX,MCX Crude Oil Mini Futures,MCX,synthetic,15m,15,synthetic_intraday,SYNTHETIC_INTRADAY,2026-08-11 09:15:00+00:00,india_midday
2026-08-12,2026-08-12 09:00:00,6907.091703582649,6913.99879528623,6900.184611879066,6907.091703582649,147,83.0,CRUDEOILM-SYNTH,INR,MCX,MCX Crude Oil Mini Futures,MCX,synthetic,15m,15,synthetic_intraday,SYNTHETIC_INTRADAY,2026-08-12 03:30:00+00:00,mcx_open_drive
2026-08-12,2026-08-12 09:15:00,6898.869482240078,6905.768351722317,6891.970612757837,6898.869482240078,163,83.0,CRUDEOILM-SYNTH,INR,MCX,MCX Crude Oil Mini Futures,MCX,synthetic,15m,15,synthetic_intraday,SYNTHETIC_INTRADAY,2026-08-12 03:45:00+00:00,mcx_open_drive
2026-08-12,2026-08-12 09:30:00,6906.488910653892,6913.395399564545,6899.582421743238,6906.488910653892,209,83.0,CRUDEOILM-SYNTH,INR,MCX,MCX Crude Oil Mini Futures,MCX,synthetic,15m,15,synthetic_intraday,SYNTHETIC_INTRADAY,2026-08-12 04:00:00+00:00,mcx_open_drive
2026-08-12,2026-08-12 09:45:00,6906.12234585577,6913.0284682016245,6899.216223509914,6906.12234585577,186,83.0,CRUDEOILM-SYNTH,INR,MCX,MCX Crude Oil Mini Futures,MCX,synthetic,15m,15,synthetic_intraday,SYNTHETIC_INTRADAY,2026-08-12 04:15:00+00:00,mcx_open_drive
2026-08-12,2026-08-12 10:00:00,6898.612868131137,6905.5114809992665,6891.714255263006,6898.612868131137,292,83.0,CRUDEOILM-SYNTH,INR,MCX,MCX Crude Oil Mini Futures,MCX,synthetic,15m,15,synthetic_intraday,SYNTHETIC_INTRADAY,2026-08-12 04:30:00+00:00,mcx_open_drive
2026-08-12,2026-08-12 10:15:00,6896.542697125358,6903.439239822483,6889.646154428233,6896.542697125358,712,83.0,CRUDEOILM-SYNTH,INR,MCX,MCX Crude Oil Mini Futures,MCX,synthetic,15m,15,synthetic_intraday,SYNTHETIC_INTRADAY,2026-08-12 04:45:00+00:00,mcx_open_drive
2026-08-12,2026-08-12 10:30:00,6892.220777950222,6899.112998728172,6885.328557172272,6892.220777950222,427,83.0,CRUDEOILM-SYNTH,INR,MCX,MCX Crude Oil Mini Futures,MCX,synthetic,15m,15,synthetic_intraday,SYNTHETIC_INTRADAY,2026-08-12 05:00:00+00:00,india_morning
2026-08-12,2026-08-12 10:45:00,6884.1718348433715,6891.056006678214,6877.287663008528,6884.1718348433715,902,83.0,CRUDEOILM-SYNTH,INR,MCX,MCX Crude Oil Mini Futures,MCX,synthetic,15m,15,synthetic_intraday,SYNTHETIC_INTRADAY,2026-08-12 05:15:00+00:00,india_morning
2026-08-12,2026-08-12 11:00:00,6889.4531519796465,6896.3426051316255,6882.5636988276665,6889.4531519796465,942,83.0,CRUDEOILM-SYNTH,INR,MCX,MCX Crude Oil Mini Futures,MCX,synthetic,15m,15,synthetic_intraday,SYNTHETIC_INTRADAY,2026-08-12 05:30:00+00:00,india_morning
2026-08-12,2026-08-12 11:15:00,6888.106140135127,6894.9942462752615,6881.218033994992,6888.106140135127,850,83.0,CRUDEOILM-SYNTH,INR,MCX,MCX Crude Oil Mini Futures,MCX,synthetic,15m,15,synthetic_intraday,SYNTHETIC_INTRADAY,2026-08-12 05:45:00+00:00,india_morning
2026-08-12,2026-08-12 11:30:00,6881.738388403441,6888.620126791843,6874.856650015037,6881.738388403441,490,83.0,CRUDEOILM-SYNTH,INR,MCX,MCX Crude Oil Mini Futures,MCX,synthetic,15m,15,synthetic_intraday,SYNTHETIC_INTRADAY,2026-08-12 06:00:00+00:00,india_morning
2026-08-12,2026-08-12 11:45:00,6883.483574803246,6890.367058378048,6876.600091228443,6883.483574803246,600,83.0,CRUDEOILM-SYNTH,INR,MCX,MCX Crude Oil Mini Futures,MCX,synthetic,15m,15,synthetic_intraday,SYNTHETIC_INTRADAY,2026-08-12 06:15:00+00:00,india_morning
2026-08-12,2026-08-12 12:00:00,6882.420984238396,6889.303405222634,6875.538563254157,6882.420984238396,533,83.0,CRUDEOILM-SYNTH,INR,MCX,MCX Crude Oil Mini Futures,MCX,synthetic,15m,15,synthetic_intraday,SYNTHETIC_INTRADAY,2026-08-12 06:30:00+00:00,india_morning
2026-08-12,2026-08-12 12:15:00,6876.046547657219,6882.922594204875,6869.170501109562,6876.046547657219,533,83.0,CRUDEOILM-SYNTH,INR,MCX,MCX Crude Oil Mini Futures,MCX,synthetic,15m,15,synthetic_intraday,SYNTHETIC_INTRADAY,2026-08-12 06:45:00+00:00,india_morning
2026-08-12,2026-08-12 12:30:00,6870.364871228771,6877.235236099999,6863.494506357542,6870.364871228771,908,83.0,CRUDEOILM-SYNTH,INR,MCX,MCX Crude Oil Mini Futures,MCX,synthetic,15m,15,synthetic_intraday,SYNTHETIC_INTRADAY,2026-08-12 07:00:00+00:00,india_midday
2026-08-12,2026-08-12 12:45:00,6869.491167907115,6876.360659075021,6862.621676739208,6869.491167907115,317,83.0,CRUDEOILM-SYNTH,INR,MCX,MCX Crude Oil Mini Futures,MCX,synthetic,15m,15,synthetic_intraday,SYNTHETIC_INTRADAY,2026-08-12 07:15:00+00:00,india_midday
2026-08-12,2026-08-12 13:00:00,6866.956855591591,6873.823812447182,6860.089898736,6866.956855591591,450,83.0,CRUDEOILM-SYNTH,INR,MCX,MCX Crude Oil Mini Futures,MCX,synthetic,15m,15,synthetic_intraday,SYNTHETIC_INTRADAY,2026-08-12 07:30:00+00:00,india_midday
2026-08-12,2026-08-12 13:15:00,6865.976260139748,6872.842236399887,6859.110283879608,6865.976260139748,739,83.0,CRUDEOILM-SYNTH,INR,MCX,MCX Crude Oil Mini Futures,MCX,synthetic,15m,15,synthetic_intraday,SYNTHETIC_INTRADAY,2026-08-12 07:45:00+00:00,india_midday
2026-08-12,2026-08-12 13:30:00,6863.970875076473,6870.834845951549,6857.106904201397,6863.970875076473,725,83.0,CRUDEOILM-SYNTH,INR,MCX,MCX Crude Oil Mini Futures,MCX,synthetic,15m,15,synthetic_intraday,SYNTHETIC_INTRADAY,2026-08-12 08:00:00+00:00,india_midday
2026-08-12,2026-08-12 13:45:00,6862.240698572598,6869.10293927117,6855.378457874026,6862.240698572598,551,83.0,CRUDEOILM-SYNTH,INR,MCX,MCX Crude Oil Mini Futures,MCX,synthetic,15m,15,synthetic_intraday,SYNTHETIC_INTRADAY,2026-08-12 08:15:00+00:00,india_midday
2026-08-12,2026-08-12 14:00:00,6859.384071390664,6866.243455462054,6852.524687319273,6859.384071390664,666,83.0,CRUDEOILM-SYNTH,INR,MCX,MCX Crude Oil Mini Futures,MCX,synthetic,15m,15,synthetic_intraday,SYNTHETIC_INTRADAY,2026-08-12 08:30:00+00:00,india_midday
2026-08-12,2026-08-12 14:15:00,6860.472267004599,6867.332739271604,6853.611794737595,6860.472267004599,940,83.0,CRUDEOILM-SYNTH,INR,MCX,MCX Crude Oil Mini Futures,MCX,synthetic,15m,15,synthetic_intraday,SYNTHETIC_INTRADAY,2026-08-12 08:45:00+00:00,india_midday
2026-08-12,2026-08-12 14:30:00,6856.53257338906,6863.389105962448,6849.6760408156715,6856.53257338906,167,83.0,CRUDEOILM-SYNTH,INR,MCX,MCX Crude Oil Mini Futures,MCX,synthetic,15m,15,synthetic_intraday,SYNTHETIC_INTRADAY,2026-08-12 09:00:00+00:00,india_midday
2026-08-12,2026-08-12 14:45:00,6847.847842159554,6854.695690001712,6840.999994317394,6847.847842159554,834,83.0,CRUDEOILM-SYNTH,INR,MCX,MCX Crude Oil Mini Futures,MCX,synthetic,15m,15,synthetic_intraday,SYNTHETIC_INTRADAY,2026-08-12 09:15:00+00:00,india_midday
2026-08-13,2026-08-13 09:00:00,6807.8342228764,6814.642057099276,6801.026388653524,6807.8342228764,990,83.0,CRUDEOILM-SYNTH,INR,MCX,MCX Crude Oil Mini Futures,MCX,synthetic,15m,15,synthetic_intraday,SYNTHETIC_INTRADAY,2026-08-13 03:30:00+00:00,mcx_open_drive
2026-08-13,2026-08-13 09:15:00,6807.8342228764,6814.642057099276,6801.026388653524,6807.8342228764,757,83.0,CRUDEOILM-SYNTH,INR,MCX,MCX Crude Oil Mini Futures,MCX,synthetic,15m,15,synthetic_intraday,SYNTHETIC_INTRADAY,2026-08-13 03:45:00+00:00,mcx_open_drive
2026-08-13,2026-08-13 09:30:00,6807.8342228764,6814.642057099276,6801.026388653524,6807.8342228764,484,83.0,CRUDEOILM-SYNTH,INR,MCX,MCX Crude Oil Mini Futures,MCX,synthetic,15m,15,synthetic_intraday,SYNTHETIC_INTRADAY,2026-08-13 04:00:00+00:00,mcx_open_drive
2026-08-13,2026-08-13 09:45:00,6807.8342228764,6814.642057099276,6801.026388653524,6807.8342228764,520,83.0,CRUDEOILM-SYNTH,INR,MCX,MCX Crude Oil Mini Futures,MCX,synthetic,15m,15,synthetic_intraday,SYNTHETIC_INTRADAY,2026-08-13 04:15:00+00:00,mcx_open_drive
2026-08-13,2026-08-13 10:00:00,6807.8342228764,6814.642057099276,6801.026388653524,6807.8342228764,861,83.0,CRUDEOILM-SYNTH,INR,MCX,MCX Crude Oil Mini Futures,MCX,synthetic,15m,15,synthetic_intraday,SYNTHETIC_INTRADAY,2026-08-13 04:30:00+00:00,mcx_open_drive
2026-08-13,2026-08-13 10:15:00,6807.8342228764,6814.642057099276,6801.026388653524,6807.8342228764,450,83.0,CRUDEOILM-SYNTH,INR,MCX,MCX Crude Oil Mini Futures,MCX,synthetic,15m,15,synthetic_intraday,SYNTHETIC_INTRADAY,2026-08-13 04:45:00+00:00,mcx_open_drive
2026-08-13,2026-08-13 10:30:00,6807.8342228764,6814.642057099276,6801.026388653524,6807.8342228764,144,83.0,CRUDEOILM-SYNTH,INR,MCX,MCX Crude Oil Mini Futures,MCX,synthetic,15m,15,synthetic_intraday,SYNTHETIC_INTRADAY,2026-08-13 05:00:00+00:00,india_morning
2026-08-13,2026-08-13 10:45:00,6807.8342228764,6814.642057099276,6801.026388653524,6807.8342228764,141,83.0,CRUDEOILM-SYNTH,INR,MCX,MCX Crude Oil Mini Futures,MCX,synthetic,15m,15,synthetic_intraday,SYNTHETIC_INTRADAY,2026-08-13 05:15:00+00:00,india_morning
2026-08-13,2026-08-13 11:00:00,6807.8342228764,6814.642057099276,6801.026388653524,6807.8342228764,724,83.0,CRUDEOILM-SYNTH,INR,MCX,MCX Crude Oil Mini Futures,MCX,synthetic,15m,15,synthetic_intraday,SYNTHETIC_INTRADAY,2026-08-13 05:30:00+00:00,india_morning
2026-08-13,2026-08-13 11:15:00,6807.8342228764,6814.642057099276,6801.026388653524,6807.8342228764,331,83.0,CRUDEOILM-SYNTH,INR,MCX,MCX Crude Oil Mini Futures,MCX,synthetic,15m,15,synthetic_intraday,SYNTHETIC_INTRADAY,2026-08-13 05:45:00+00:00,india_morning
2026-08-13,2026-08-13 11:30:00,6805.936661744482,6812.742598406226,6799.130725082738,6805.936661744482,844,83.0,CRUDEOILM-SYNTH,INR,MCX,MCX Crude Oil Mini Futures,MCX,synthetic,15m,15,synthetic_intraday,SYNTHETIC_INTRADAY,2026-08-13 06:00:00+00:00,india_morning
2026-08-13,2026-08-13 11:45:00,6800.518714120584,6807.319232834704,6793.718195406464,6800.518714120584,659,83.0,CRUDEOILM-SYNTH,INR,MCX,MCX Crude Oil Mini Futures,MCX,synthetic,15m,15,synthetic_intraday,SYNTHETIC_INTRADAY,2026-08-13 06:15:00+00:00,india_morning
2026-08-13,2026-08-13 12:00:00,6794.437479069365,6801.231916548433,6787.643041590295,6794.437479069365,239,83.0,CRUDEOILM-SYNTH,INR,MCX,MCX Crude Oil Mini Futures,MCX,synthetic,15m,15,synthetic_intraday,SYNTHETIC_INTRADAY,2026-08-13 06:30:00+00:00,india_morning
2026-08-13,2026-08-13 12:15:00,6790.399973234673,6797.190373207907,6783.6095732614385,6790.399973234673,335,83.0,CRUDEOILM-SYNTH,INR,MCX,MCX Crude Oil Mini Futures,MCX,synthetic,15m,15,synthetic_intraday,SYNTHETIC_INTRADAY,2026-08-13 06:45:00+00:00,india_morning
2026-08-13,2026-08-13 12:30:00,6783.077388489659,6789.860465878148,6776.294311101169,6783.077388489659,991,83.0,CRUDEOILM-SYNTH,INR,MCX,MCX Crude Oil Mini Futures,MCX,synthetic,15m,15,synthetic_intraday,SYNTHETIC_INTRADAY,2026-08-13 07:00:00+00:00,india_midday
2026-08-13,2026-08-13 12:45:00,6779.275045538141,6786.054320583678,6772.495770492603,6779.275045538141,794,83.0,CRUDEOILM-SYNTH,INR,MCX,MCX Crude Oil Mini Futures,MCX,synthetic,15m,15,synthetic_intraday,SYNTHETIC_INTRADAY,2026-08-13 07:15:00+00:00,india_midday
2026-08-13,2026-08-13 13:00:00,6776.907048969552,6783.683956018521,6770.130141920583,6776.907048969552,708,83.0,CRUDEOILM-SYNTH,INR,MCX,MCX Crude Oil Mini Futures,MCX,synthetic,15m,15,synthetic_intraday,SYNTHETIC_INTRADAY,2026-08-13 07:30:00+00:00,india_midday
2026-08-13,2026-08-13 13:15:00,6769.979885263939,6776.749865149202,6763.209905378675,6769.979885263939,324,83.0,CRUDEOILM-SYNTH,INR,MCX,MCX Crude Oil Mini Futures,MCX,synthetic,15m,15,synthetic_intraday,SYNTHETIC_INTRADAY,2026-08-13 07:45:00+00:00,india_midday
2026-08-13,2026-08-13 13:30:00,6763.4701104575315,6770.233580567989,6756.706640347074,6763.4701104575315,493,83.0,CRUDEOILM-SYNTH,INR,MCX,MCX Crude Oil Mini Futures,MCX,synthetic,15m,15,synthetic_intraday,SYNTHETIC_INTRADAY,2026-08-13 08:00:00+00:00,india_midday
2026-08-13,2026-08-13 13:45:00,6760.794976989432,6767.555771966421,6754.034182012443,6760.794976989432,646,83.0,CRUDEOILM-SYNTH,INR,MCX,MCX Crude Oil Mini Futures,MCX,synthetic,15m,15,synthetic_intraday,SYNTHETIC_INTRADAY,2026-08-13 08:15:00+00:00,india_midday
2026-08-13,2026-08-13 14:00:00,6754.558134884162,6761.312693019046,6747.803576749278,6754.558134884162,855,83.0,CRUDEOILM-SYNTH,INR,MCX,MCX Crude Oil Mini Futures,MCX,synthetic,15m,15,synthetic_intraday,SYNTHETIC_INTRADAY,2026-08-13 08:30:00+00:00,india_midday
2026-08-13,2026-08-13 14:15:00,6749.125819421578,6755.874945240998,6742.376693602157,6749.125819421578,511,83.0,CRUDEOILM-SYNTH,INR,MCX,MCX Crude Oil Mini Futures,MCX,synthetic,15m,15,synthetic_intraday,SYNTHETIC_INTRADAY,2026-08-13 08:45:00+00:00,india_midday
2026-08-13,2026-08-13 14:30:00,6747.6306125131605,6754.378243125673,6740.882981900647,6747.6306125131605,237,83.0,CRUDEOILM-SYNTH,INR,MCX,MCX Crude Oil Mini Futures,MCX,synthetic,15m,15,synthetic_intraday,SYNTHETIC_INTRADAY,2026-08-13 09:00:00+00:00,india_midday
2026-08-13,2026-08-13 14:45:00,6743.481425824766,6750.22490725059,6736.737944398941,6743.481425824766,517,83.0,CRUDEOILM-SYNTH,INR,MCX,MCX Crude Oil Mini Futures,MCX,synthetic,15m,15,synthetic_intraday,SYNTHETIC_INTRADAY,2026-08-13 09:15:00+00:00,india_midday
2026-08-14,2026-08-14 09:00:00,6770.8081257201,6777.57893384582,6764.0373175943805,6770.8081257201,471,83.0,CRUDEOILM-SYNTH,INR,MCX,MCX Crude Oil Mini Futures,MCX,synthetic,15m,15,synthetic_intraday,SYNTHETIC_INTRADAY,2026-08-14 03:30:00+00:00,mcx_open_drive
2026-08-14,2026-08-14 09:15:00,6770.8081257201,6777.57893384582,6764.0373175943805,6770.8081257201,979,83.0,CRUDEOILM-SYNTH,INR,MCX,MCX Crude Oil Mini Futures,MCX,synthetic,15m,15,synthetic_intraday,SYNTHETIC_INTRADAY,2026-08-14 03:45:00+00:00,mcx_open_drive
2026-08-14,2026-08-14 09:30:00,6770.8081257201,6777.57893384582,6764.0373175943805,6770.8081257201,183,83.0,CRUDEOILM-SYNTH,INR,MCX,MCX Crude Oil Mini Futures,MCX,synthetic,15m,15,synthetic_intraday,SYNTHETIC_INTRADAY,2026-08-14 04:00:00+00:00,mcx_open_drive
2026-08-14,2026-08-14 09:45:00,6770.8081257201,6777.57893384582,6764.0373175943805,6770.8081257201,906,83.0,CRUDEOILM-SYNTH,INR,MCX,MCX Crude Oil Mini Futures,MCX,synthetic,15m,15,synthetic_intraday,SYNTHETIC_INTRADAY,2026-08-14 04:15:00+00:00,mcx_open_drive
2026-08-14,2026-08-14 10:00:00,6770.8081257201,6777.57893384582,6764.0373175943805,6770.8081257201,471,83.0,CRUDEOILM-SYNTH,INR,MCX,MCX Crude Oil Mini Futures,MCX,synthetic,15m,15,synthetic_intraday,SYNTHETIC_INTRADAY,2026-08-14 04:30:00+00:00,mcx_open_drive
2026-08-14,2026-08-14 10:15:00,6770.8081257201,6777.57893384582,6764.0373175943805,6770.8081257201,447,83.0,CRUDEOILM-SYNTH,INR,MCX,MCX Crude Oil Mini Futures,MCX,synthetic,15m,15,synthetic_intraday,SYNTHETIC_INTRADAY,2026-08-14 04:45:00+00:00,mcx_open_drive
2026-08-14,2026-08-14 10:30:00,6770.8081257201,6777.57893384582,6764.0373175943805,6770.8081257201,469,83.0,CRUDEOILM-SYNTH,INR,MCX,MCX Crude Oil Mini Futures,MCX,synthetic,15m,15,synthetic_intraday,SYNTHETIC_INTRADAY,2026-08-14 05:00:00+00:00,india_morning
2026-08-14,2026-08-14 10:45:00,6770.8081257201,6777.57893384582,6764.0373175943805,6770.8081257201,705,83.0,CRUDEOILM-SYNTH,INR,MCX,MCX Crude Oil Mini Futures,MCX,synthetic,15m,15,synthetic_intraday,SYNTHETIC_INTRADAY,2026-08-14 05:15:00+00:00,india_morning
2026-08-14,2026-08-14 11:00:00,6775.628192229129,6782.4038204213575,6768.8525640369,6775.628192229129,608,83.0,CRUDEOILM-SYNTH,INR,MCX,MCX Crude Oil Mini Futures,MCX,synthetic,15m,15,synthetic_intraday,SYNTHETIC_INTRADAY,2026-08-14 05:30:00+00:00,india_morning
2026-08-14,2026-08-14 11:15:00,6782.35375158122,6789.136105332801,6775.571397829639,6782.35375158122,841,83.0,CRUDEOILM-SYNTH,INR,MCX,MCX Crude Oil Mini Futures,MCX,synthetic,15m,15,synthetic_intraday,SYNTHETIC_INTRADAY,2026-08-14 05:45:00+00:00,india_morning
2026-08-14,2026-08-14 11:30:00,6787.498424903659,6794.285923328562,6780.710926478755,6787.498424903659,601,83.0,CRUDEOILM-SYNTH,INR,MCX,MCX Crude Oil Mini Futures,MCX,synthetic,15m,15,synthetic_intraday,SYNTHETIC_INTRADAY,2026-08-14 06:00:00+00:00,india_morning
2026-08-14,2026-08-14 11:45:00,6788.066576226874,6794.8546428030995,6781.278509650647,6788.066576226874,379,83.0,CRUDEOILM-SYNTH,INR,MCX,MCX Crude Oil Mini Futures,MCX,synthetic,15m,15,synthetic_intraday,SYNTHETIC_INTRADAY,2026-08-14 06:15:00+00:00,india_morning
2026-08-14,2026-08-14 12:00:00,6793.7202904516,6800.51401074205,6786.926570161148,6793.7202904516,722,83.0,CRUDEOILM-SYNTH,INR,MCX,MCX Crude Oil Mini Futures,MCX,synthetic,15m,15,synthetic_intraday,SYNTHETIC_INTRADAY,2026-08-14 06:30:00+00:00,india_morning
2026-08-14,2026-08-14 12:15:00,6801.682188503371,6808.4838706918745,6794.880506314868,6801.682188503371,750,83.0,CRUDEOILM-SYNTH,INR,MCX,MCX Crude Oil Mini Futures,MCX,synthetic,15m,15,synthetic_intraday,SYNTHETIC_INTRADAY,2026-08-14 06:45:00+00:00,india_morning
2026-08-14,2026-08-14 12:30:00,6798.243628544849,6805.041872173393,6791.445384916305,6798.243628544849,807,83.0,CRUDEOILM-SYNTH,INR,MCX,MCX Crude Oil Mini Futures,MCX,synthetic,15m,15,synthetic_intraday,SYNTHETIC_INTRADAY,2026-08-14 07:00:00+00:00,india_midday
2026-08-14,2026-08-14 12:45:00,6805.405005799232,6812.21041080503,6798.599600793433,6805.405005799232,679,83.0,CRUDEOILM-SYNTH,INR,MCX,MCX Crude Oil Mini Futures,MCX,synthetic,15m,15,synthetic_intraday,SYNTHETIC_INTRADAY,2026-08-14 07:15:00+00:00,india_midday
2026-08-14,2026-08-14 13:00:00,6812.201088118202,6819.013289206319,6805.388887030084,6812.201088118202,112,83.0,CRUDEOILM-SYNTH,INR,MCX,MCX Crude Oil Mini Futures,MCX,synthetic,15m,15,synthetic_intraday,SYNTHETIC_INTRADAY,2026-08-14 07:30:00+00:00,india_midday
2026-08-14,2026-08-14 13:15:00,6814.291213243622,6821.105504456865,6807.476922030379,6814.291213243622,441,83.0,CRUDEOILM-SYNTH,INR,MCX,MCX Crude Oil Mini Futures,MCX,synthetic,15m,15,synthetic_intraday,SYNTHETIC_INTRADAY,2026-08-14 07:45:00+00:00,india_midday
2026-08-14,2026-08-14 13:30:00,6822.255351476285,6829.07760682776,6815.433096124809,6822.255351476285,126,83.0,CRUDEOILM-SYNTH,INR,MCX,MCX Crude Oil Mini Futures,MCX,synthetic,15m,15,synthetic_intraday,SYNTHETIC_INTRADAY,2026-08-14 08:00:00+00:00,india_midday
2026-08-14,2026-08-14 13:45:00,6819.175829973691,6825.995005803664,6812.356654143718,6819.175829973691,849,83.0,CRUDEOILM-SYNTH,INR,MCX,MCX Crude Oil Mini Futures,MCX,synthetic,15m,15,synthetic_intraday,SYNTHETIC_INTRADAY,2026-08-14 08:15:00+00:00,india_midday
2026-08-14,2026-08-14 14:00:00,6830.744404237756,6837.575148641992,6823.913659833518,6830.744404237756,166,83.0,CRUDEOILM-SYNTH,INR,MCX,MCX Crude Oil Mini Futures,MCX,synthetic,15m,15,synthetic_intraday,SYNTHETIC_INTRADAY,2026-08-14 08:30:00+00:00,india_midday
2026-08-14,2026-08-14 14:15:00,6828.58473283191,6835.413317564741,6821.756148099078,6828.58473283191,729,83.0,CRUDEOILM-SYNTH,INR,MCX,MCX Crude Oil Mini Futures,MCX,synthetic,15m,15,synthetic_intraday,SYNTHETIC_INTRADAY,2026-08-14 08:45:00+00:00,india_midday
2026-08-14,2026-08-14 14:30:00,6834.966072455994,6841.80103852845,6828.131106383538,6834.966072455994,558,83.0,CRUDEOILM-SYNTH,INR,MCX,MCX Crude Oil Mini Futures,MCX,synthetic,15m,15,synthetic_intraday,SYNTHETIC_INTRADAY,2026-08-14 09:00:00+00:00,india_midday
2026-08-14,2026-08-14 14:45:00,6834.997276700062,6841.832273976761,6828.162279423362,6834.997276700062,307,83.0,CRUDEOILM-SYNTH,INR,MCX,MCX Crude Oil Mini Futures,MCX,synthetic,15m,15,synthetic_intraday,SYNTHETIC_INTRADAY,2026-08-14 09:15:00+00:00,india_midday
