trade_date_ist,session_window_ist,open_native,high_native,low_native,close_native,volume,fx_rate_used,symbol,instrument_name,market
2026-03-02,mcx_pre_open,,5971.211181668799,5852.9693760912,5912.0902788799995,10000,83.0,MCX,MCX Crude Oil Mini Futures,MCX
2026-03-02,mcx_open_drive,,5971.211181668799,5852.9693760912,5912.0902788799995,10000,83.0,MCX,MCX Crude Oil Mini Futures,MCX
2026-03-02,india_morning,,5971.211181668799,5852.9693760912,5912.0902788799995,10000,83.0,MCX,MCX Crude Oil Mini Futures,MCX
2026-03-02,india_midday,,5971.211181668799,5852.9693760912,5912.0902788799995,10000,83.0,MCX,MCX Crude Oil Mini Futures,MCX
2026-03-02,europe_overlap,,5971.211181668799,5852.9693760912,5912.0902788799995,10000,83.0,MCX,MCX Crude Oil Mini Futures,MCX
2026-03-02,us_pre_open,,5971.211181668799,5852.9693760912,5912.0902788799995,10000,83.0,MCX,MCX Crude Oil Mini Futures,MCX
2026-03-02,us_open,,5971.211181668799,5852.9693760912,5912.0902788799995,10000,83.0,MCX,MCX Crude Oil Mini Futures,MCX
2026-03-02,mcx_tail,,5971.211181668799,5852.9693760912,5912.0902788799995,10000,83.0,MCX,MCX Crude Oil Mini Futures,MCX
2026-03-03,mcx_pre_open,5912.0902788799995,6250.3645954548,6126.594999505201,6188.47979748,10000,83.0,MCX,MCX Crude Oil Mini Futures,MCX
2026-03-03,mcx_open_drive,5912.0902788799995,6250.3645954548,6126.594999505201,6188.47979748,10000,83.0,MCX,MCX Crude Oil Mini Futures,MCX
2026-03-03,india_morning,5912.0902788799995,6250.3645954548,6126.594999505201,6188.47979748,10000,83.0,MCX,MCX Crude Oil Mini Futures,MCX
2026-03-03,india_midday,5912.0902788799995,6250.3645954548,6126.594999505201,6188.47979748,10000,83.0,MCX,MCX Crude Oil Mini Futures,MCX
2026-03-03,europe_overlap,5912.0902788799995,6250.3645954548,6126.594999505201,6188.47979748,10000,83.0,MCX,MCX Crude Oil Mini Futures,MCX
2026-03-03,us_pre_open,5912.0902788799995,6250.3645954548,6126.594999505201,6188.47979748,10000,83.0,MCX,MCX Crude Oil Mini Futures,MCX
2026-03-03,us_open,5912.0902788799995,6250.3645954548,6126.594999505201,6188.47979748,10000,83.0,MCX,MCX Crude Oil Mini Futures,MCX
2026-03-03,mcx_tail,5912.0902788799995,6250.3645954548,6126.594999505201,6188.47979748,10000,83.0,MCX,MCX Crude Oil Mini Futures,MCX
2026-03-04,mcx_pre_open,6188.47979748,6258.7481068178,6134.8125007422,6196.78030378,10000,83.0,MCX,MCX Crude Oil Mini Futures,MCX
2026-03-04,mcx_open_drive,6188.47979748,6258.7481068178,6134.8125007422,6196.78030378,10000,83.0,MCX,MCX Crude Oil Mini Futures,MCX
2026-03-04,india_morning,6188.47979748,6258.7481068178,6134.8125007422,6196.78030378,10000,83.0,MCX,MCX Crude Oil Mini Futures,MCX
2026-03-04,india_midday,6188.47979748,6258.7481068178,6134.8125007422,6196.78030378,10000,83.0,MCX,MCX Crude Oil Mini Futures,MCX
2026-03-04,europe_overlap,6188.47979748,6258.7481068178,6134.8125007422,6196.78030378,10000,83.0,MCX,MCX Crude Oil Mini Futures,MCX
2026-03-04,us_pre_open,6188.47979748,6258.7481068178,6134.8125007422,6196.78030378,10000,83.0,MCX,MCX Crude Oil Mini Futures,MCX
2026-03-04,us_open,6188.47979748,6258.7481068178,6134.8125007422,6196.78030378,10000,83.0,MCX,MCX Crude Oil Mini Futures,MCX
2026-03-04,mcx_tail,6188.47979748,6258.7481068178,6134.8125007422,6196.78030378,10000,83.0,MCX,MCX Crude Oil Mini Futures,MCX
2026-03-05,mcx_pre_open,6196.78030378,6791.0684793962,6656.591875843799,6723.83017762,10000,83.0,MCX,MCX Crude Oil Mini Futures,MCX
2026-03-05,mcx_open_drive,6196.78030378,6791.0684793962,6656.591875843799,6723.83017762,10000,83.0,MCX,MCX Crude Oil Mini Futures,MCX
2026-03-05,india_morning,6196.78030378,6791.0684793962,6656.591875843799,6723.83017762,10000,83.0,MCX,MCX Crude Oil Mini Futures,MCX
2026-03-05,india_midday,6196.78030378,6791.0684793962,6656.591875843799,6723.83017762,10000,83.0,MCX,MCX Crude Oil Mini Futures,MCX
2026-03-05,europe_overlap,6196.78030378,6791.0684793962,6656.591875843799,6723.83017762,10000,83.0,MCX,MCX Crude Oil Mini Futures,MCX
2026-03-05,us_pre_open,6196.78030378,6791.0684793962,6656.591875843799,6723.83017762,10000,83.0,MCX,MCX Crude Oil Mini Futures,MCX
2026-03-05,us_open,6196.78030378,6791.0684793962,6656.591875843799,6723.83017762,10000,83.0,MCX,MCX Crude Oil Mini Futures,MCX
2026-03-05,mcx_tail,6196.78030378,6791.0684793962,6656.591875843799,6723.83017762,10000,83.0,MCX,MCX Crude Oil Mini Futures,MCX
2026-03-06,mcx_pre_open,6723.83017762,7620.1471282599005,7469.2531257201,7544.70012699,10000,83.0,MCX,MCX Crude Oil Mini Futures,MCX
2026-03-06,mcx_open_drive,6723.83017762,7620.1471282599005,7469.2531257201,7544.70012699,10000,83.0,MCX,MCX Crude Oil Mini Futures,MCX
2026-03-06,india_morning,6723.83017762,7620.1471282599005,7469.2531257201,7544.70012699,10000,83.0,MCX,MCX Crude Oil Mini Futures,MCX
2026-03-06,india_midday,6723.83017762,7620.1471282599005,7469.2531257201,7544.70012699,10000,83.0,MCX,MCX Crude Oil Mini Futures,MCX
2026-03-06,europe_overlap,6723.83017762,7620.1471282599005,7469.2531257201,7544.70012699,10000,83.0,MCX,MCX Crude Oil Mini Futures,MCX
2026-03-06,us_pre_open,6723.83017762,7620.1471282599005,7469.2531257201,7544.70012699,10000,83.0,MCX,MCX Crude Oil Mini Futures,MCX
2026-03-06,us_open,6723.83017762,7620.1471282599005,7469.2531257201,7544.70012699,10000,83.0,MCX,MCX Crude Oil Mini Futures,MCX
2026-03-06,mcx_tail,6723.83017762,7620.1471282599005,7469.2531257201,7544.70012699,10000,83.0,MCX,MCX Crude Oil Mini Futures,MCX
2026-03-09,mcx_pre_open,7544.70012699,7944.5688183312,7787.250623908801,7865.9097211200005,10000,83.0,MCX,MCX Crude Oil Mini Futures,MCX
2026-03-09,mcx_open_drive,7544.70012699,7944.5688183312,7787.250623908801,7865.9097211200005,10000,83.0,MCX,MCX Crude Oil Mini Futures,MCX
2026-03-09,india_morning,7544.70012699,7944.5688183312,7787.250623908801,7865.9097211200005,10000,83.0,MCX,MCX Crude Oil Mini Futures,MCX
2026-03-09,india_midday,7544.70012699,7944.5688183312,7787.250623908801,7865.9097211200005,10000,83.0,MCX,MCX Crude Oil Mini Futures,MCX
2026-03-09,europe_overlap,7544.70012699,7944.5688183312,7787.250623908801,7865.9097211200005,10000,83.0,MCX,MCX Crude Oil Mini Futures,MCX
2026-03-09,us_pre_open,7544.70012699,7944.5688183312,7787.250623908801,7865.9097211200005,10000,83.0,MCX,MCX Crude Oil Mini Futures,MCX
2026-03-09,us_open,7544.70012699,7944.5688183312,7787.250623908801,7865.9097211200005,10000,83.0,MCX,MCX Crude Oil Mini Futures,MCX
2026-03-09,mcx_tail,7544.70012699,7944.5688183312,7787.250623908801,7865.9097211200005,10000,83.0,MCX,MCX Crude Oil Mini Futures,MCX
2026-03-10,mcx_pre_open,7865.9097211200005,6995.6132443185,6857.0862493815,6926.34974685,10000,83.0,MCX,MCX Crude Oil Mini Futures,MCX
2026-03-10,mcx_open_drive,7865.9097211200005,6995.6132443185,6857.0862493815,6926.34974685,10000,83.0,MCX,MCX Crude Oil Mini Futures,MCX
2026-03-10,india_morning,7865.9097211200005,6995.6132443185,6857.0862493815,6926.34974685,10000,83.0,MCX,MCX Crude Oil Mini Futures,MCX
2026-03-10,india_midday,7865.9097211200005,6995.6132443185,6857.0862493815,6926.34974685,10000,83.0,MCX,MCX Crude Oil Mini Futures,MCX
2026-03-10,europe_overlap,7865.9097211200005,6995.6132443185,6857.0862493815,6926.34974685,10000,83.0,MCX,MCX Crude Oil Mini Futures,MCX
2026-03-10,us_pre_open,7865.9097211200005,6995.6132443185,6857.0862493815,6926.34974685,10000,83.0,MCX,MCX Crude Oil Mini Futures,MCX
2026-03-10,us_open,7865.9097211200005,6995.6132443185,6857.0862493815,6926.34974685,10000,83.0,MCX,MCX Crude Oil Mini Futures,MCX
2026-03-10,mcx_tail,7865.9097211200005,6995.6132443185,6857.0862493815,6926.34974685,10000,83.0,MCX,MCX Crude Oil Mini Futures,MCX
2026-03-11,mcx_pre_open,6926.34974685,7314.1675000000005,7169.3324999999995,7241.75,10000,83.0,MCX,MCX Crude Oil Mini Futures,MCX
2026-03-11,mcx_open_drive,6926.34974685,7314.1675000000005,7169.3324999999995,7241.75,10000,83.0,MCX,MCX Crude Oil Mini Futures,MCX
2026-03-11,india_morning,6926.34974685,7314.1675000000005,7169.3324999999995,7241.75,10000,83.0,MCX,MCX Crude Oil Mini Futures,MCX
2026-03-11,india_midday,6926.34974685,7314.1675000000005,7169.3324999999995,7241.75,10000,83.0,MCX,MCX Crude Oil Mini Futures,MCX
2026-03-11,europe_overlap,6926.34974685,7314.1675000000005,7169.3324999999995,7241.75,10000,83.0,MCX,MCX Crude Oil Mini Futures,MCX
2026-03-11,us_pre_open,6926.34974685,7314.1675000000005,7169.3324999999995,7241.75,10000,83.0,MCX,MCX Crude Oil Mini Futures,MCX
2026-03-11,us_open,6926.34974685,7314.1675000000005,7169.3324999999995,7241.75,10000,83.0,MCX,MCX Crude Oil Mini Futures,MCX
2026-03-11,mcx_tail,6926.34974685,7314.1675000000005,7169.3324999999995,7241.75,10000,83.0,MCX,MCX Crude Oil Mini Futures,MCX
2026-03-12,mcx_pre_open,7241.75,8080.3736488637,7920.3662498763,8000.36994937,10000,83.0,MCX,MCX Crude Oil Mini Futures,MCX
2026-03-12,mcx_open_drive,7241.75,8080.3736488637,7920.3662498763,8000.36994937,10000,83.0,MCX,MCX Crude Oil Mini Futures,MCX
2026-03-12,india_morning,7241.75,8080.3736488637,7920.3662498763,8000.36994937,10000,83.0,MCX,MCX Crude Oil Mini Futures,MCX
2026-03-12,india_midday,7241.75,8080.3736488637,7920.3662498763,8000.36994937,10000,83.0,MCX,MCX Crude Oil Mini Futures,MCX
2026-03-12,europe_overlap,7241.75,8080.3736488637,7920.3662498763,8000.36994937,10000,83.0,MCX,MCX Crude Oil Mini Futures,MCX
2026-03-12,us_pre_open,7241.75,8080.3736488637,7920.3662498763,8000.36994937,10000,83.0,MCX,MCX Crude Oil Mini Futures,MCX
2026-03-12,us_open,7241.75,8080.3736488637,7920.3662498763,8000.36994937,10000,83.0,MCX,MCX Crude Oil Mini Futures,MCX
2026-03-12,mcx_tail,7241.75,8080.3736488637,7920.3662498763,8000.36994937,10000,83.0,MCX,MCX Crude Oil Mini Futures,MCX
2026-03-13,mcx_pre_open,8000.36994937,8322.6422977274,8157.837499752599,8240.23989874,10000,83.0,MCX,MCX Crude Oil Mini Futures,MCX
2026-03-13,mcx_open_drive,8000.36994937,8322.6422977274,8157.837499752599,8240.23989874,10000,83.0,MCX,MCX Crude Oil Mini Futures,MCX
2026-03-13,india_morning,8000.36994937,8322.6422977274,8157.837499752599,8240.23989874,10000,83.0,MCX,MCX Crude Oil Mini Futures,MCX
2026-03-13,india_midday,8000.36994937,8322.6422977274,8157.837499752599,8240.23989874,10000,83.0,MCX,MCX Crude Oil Mini Futures,MCX
2026-03-13,europe_overlap,8000.36994937,8322.6422977274,8157.837499752599,8240.23989874,10000,83.0,MCX,MCX Crude Oil Mini Futures,MCX
2026-03-13,us_pre_open,8000.36994937,8322.6422977274,8157.837499752599,8240.23989874,10000,83.0,MCX,MCX Crude Oil Mini Futures,MCX
2026-03-13,us_open,8000.36994937,8322.6422977274,8157.837499752599,8240.23989874,10000,83.0,MCX,MCX Crude Oil Mini Futures,MCX
2026-03-13,mcx_tail,8000.36994937,8322.6422977274,8157.837499752599,8240.23989874,10000,83.0,MCX,MCX Crude Oil Mini Futures,MCX
2026-03-16,mcx_pre_open,8240.23989874,7898.4627022726,7742.0575002474,7820.26010126,10000,83.0,MCX,MCX Crude Oil Mini Futures,MCX
2026-03-16,mcx_open_drive,8240.23989874,7898.4627022726,7742.0575002474,7820.26010126,10000,83.0,MCX,MCX Crude Oil Mini Futures,MCX
2026-03-16,india_morning,8240.23989874,7898.4627022726,7742.0575002474,7820.26010126,10000,83.0,MCX,MCX Crude Oil Mini Futures,MCX
2026-03-16,india_midday,8240.23989874,7898.4627022726,7742.0575002474,7820.26010126,10000,83.0,MCX,MCX Crude Oil Mini Futures,MCX
2026-03-16,europe_overlap,8240.23989874,7898.4627022726,7742.0575002474,7820.26010126,10000,83.0,MCX,MCX Crude Oil Mini Futures,MCX
2026-03-16,us_pre_open,8240.23989874,7898.4627022726,7742.0575002474,7820.26010126,10000,83.0,MCX,MCX Crude Oil Mini Futures,MCX
2026-03-16,us_open,8240.23989874,7898.4627022726,7742.0575002474,7820.26010126,10000,83.0,MCX,MCX Crude Oil Mini Futures,MCX
2026-03-16,mcx_tail,8240.23989874,7898.4627022726,7742.0575002474,7820.26010126,10000,83.0,MCX,MCX Crude Oil Mini Futures,MCX
2026-03-17,mcx_pre_open,7820.26010126,7988.9992556815005,7830.8012506185,7909.90025315,10000,83.0,MCX,MCX Crude Oil Mini Futures,MCX
2026-03-17,mcx_open_drive,7820.26010126,7988.9992556815005,7830.8012506185,7909.90025315,10000,83.0,MCX,MCX Crude Oil Mini Futures,MCX
2026-03-17,india_morning,7820.26010126,7988.9992556815005,7830.8012506185,7909.90025315,10000,83.0,MCX,MCX Crude Oil Mini Futures,MCX
2026-03-17,india_midday,7820.26010126,7988.9992556815005,7830.8012506185,7909.90025315,10000,83.0,MCX,MCX Crude Oil Mini Futures,MCX
2026-03-17,europe_overlap,7820.26010126,7988.9992556815005,7830.8012506185,7909.90025315,10000,83.0,MCX,MCX Crude Oil Mini Futures,MCX
2026-03-17,us_pre_open,7820.26010126,7988.9992556815005,7830.8012506185,7909.90025315,10000,83.0,MCX,MCX Crude Oil Mini Futures,MCX
2026-03-17,us_open,7820.26010126,7988.9992556815005,7830.8012506185,7909.90025315,10000,83.0,MCX,MCX Crude Oil Mini Futures,MCX
2026-03-17,mcx_tail,7820.26010126,7988.9992556815005,7830.8012506185,7909.90025315,10000,83.0,MCX,MCX Crude Oil Mini Futures,MCX
2026-03-18,mcx_pre_open,7909.90025315,8303.3617556815,8138.938750618501,8221.150253150001,10000,83.0,MCX,MCX Crude Oil Mini Futures,MCX
2026-03-18,mcx_open_drive,7909.90025315,8303.3617556815,8138.938750618501,8221.150253150001,10000,83.0,MCX,MCX Crude Oil Mini Futures,MCX
2026-03-18,india_morning,7909.90025315,8303.3617556815,8138.938750618501,8221.150253150001,10000,83.0,MCX,MCX Crude Oil Mini Futures,MCX
2026-03-18,india_midday,7909.90025315,8303.3617556815,8138.938750618501,8221.150253150001,10000,83.0,MCX,MCX Crude Oil Mini Futures,MCX
2026-03-18,europe_overlap,7909.90025315,8303.3617556815,8138.938750618501,8221.150253150001,10000,83.0,MCX,MCX Crude Oil Mini Futures,MCX
2026-03-18,us_pre_open,7909.90025315,8303.3617556815,8138.938750618501,8221.150253150001,10000,83.0,MCX,MCX Crude Oil Mini Futures,MCX
2026-03-18,us_open,7909.90025315,8303.3617556815,8138.938750618501,8221.150253150001,10000,83.0,MCX,MCX Crude Oil Mini Futures,MCX
2026-03-18,mcx_tail,7909.90025315,8303.3617556815,8138.938750618501,8221.150253150001,10000,83.0,MCX,MCX Crude Oil Mini Futures,MCX
2026-03-19,mcx_pre_open,8221.150253150001,7929.4793931822,7772.4599992578,7850.96969622,10000,83.0,MCX,MCX Crude Oil Mini Futures,MCX
2026-03-19,mcx_open_drive,8221.150253150001,7929.4793931822,7772.4599992578,7850.96969622,10000,83.0,MCX,MCX Crude Oil Mini Futures,MCX
2026-03-19,india_morning,8221.150253150001,7929.4793931822,7772.4599992578,7850.96969622,10000,83.0,MCX,MCX Crude Oil Mini Futures,MCX
2026-03-19,india_midday,8221.150253150001,7929.4793931822,7772.4599992578,7850.96969622,10000,83.0,MCX,MCX Crude Oil Mini Futures,MCX
2026-03-19,europe_overlap,8221.150253150001,7929.4793931822,7772.4599992578,7850.96969622,10000,83.0,MCX,MCX Crude Oil Mini Futures,MCX
2026-03-19,us_pre_open,8221.150253150001,7929.4793931822,7772.4599992578,7850.96969622,10000,83.0,MCX,MCX Crude Oil Mini Futures,MCX
2026-03-19,us_open,8221.150253150001,7929.4793931822,7772.4599992578,7850.96969622,10000,83.0,MCX,MCX Crude Oil Mini Futures,MCX
2026-03-19,mcx_tail,8221.150253150001,7929.4793931822,7772.4599992578,7850.96969622,10000,83.0,MCX,MCX Crude Oil Mini Futures,MCX
2026-03-20,mcx_pre_open,7850.96969622,8222.8843931822,8060.0549992578,8141.46969622,10000,83.0,MCX,MCX Crude Oil Mini Futures,MCX
2026-03-20,mcx_open_drive,7850.96969622,8222.8843931822,8060.0549992578,8141.46969622,10000,83.0,MCX,MCX Crude Oil Mini Futures,MCX
2026-03-20,india_morning,7850.96969622,8222.8843931822,8060.0549992578,8141.46969622,10000,83.0,MCX,MCX Crude Oil Mini Futures,MCX
2026-03-20,india_midday,7850.96969622,8222.8843931822,8060.0549992578,8141.46969622,10000,83.0,MCX,MCX Crude Oil Mini Futures,MCX
2026-03-20,europe_overlap,7850.96969622,8222.8843931822,8060.0549992578,8141.46969622,10000,83.0,MCX,MCX Crude Oil Mini Futures,MCX
2026-03-20,us_pre_open,7850.96969622,8222.8843931822,8060.0549992578,8141.46969622,10000,83.0,MCX,MCX Crude Oil Mini Futures,MCX
2026-03-20,us_open,7850.96969622,8222.8843931822,8060.0549992578,8141.46969622,10000,83.0,MCX,MCX Crude Oil Mini Futures,MCX
2026-03-20,mcx_tail,7850.96969622,8222.8843931822,8060.0549992578,8141.46969622,10000,83.0,MCX,MCX Crude Oil Mini Futures,MCX
2026-03-23,mcx_pre_open,8141.46969622,7449.9723305325,7302.4481259675,7376.21022825,10000,83.0,MCX,MCX Crude Oil Mini Futures,MCX
2026-03-23,mcx_open_drive,8141.46969622,7449.9723305325,7302.4481259675,7376.21022825,10000,83.0,MCX,MCX Crude Oil Mini Futures,MCX
2026-03-23,india_morning,8141.46969622,7449.9723305325,7302.4481259675,7376.21022825,10000,83.0,MCX,MCX Crude Oil Mini Futures,MCX
2026-03-23,india_midday,8141.46969622,7449.9723305325,7302.4481259675,7376.21022825,10000,83.0,MCX,MCX Crude Oil Mini Futures,MCX
2026-03-23,europe_overlap,8141.46969622,7449.9723305325,7302.4481259675,7376.21022825,10000,83.0,MCX,MCX Crude Oil Mini Futures,MCX
2026-03-23,us_pre_open,8141.46969622,7449.9723305325,7302.4481259675,7376.21022825,10000,83.0,MCX,MCX Crude Oil Mini Futures,MCX
2026-03-23,us_open,8141.46969622,7449.9723305325,7302.4481259675,7376.21022825,10000,83.0,MCX,MCX Crude Oil Mini Futures,MCX
2026-03-23,mcx_tail,8141.46969622,7449.9723305325,7302.4481259675,7376.21022825,10000,83.0,MCX,MCX Crude Oil Mini Futures,MCX
2026-03-24,mcx_pre_open,7376.21022825,7409.733648863699,7263.0062498763,7336.36994937,10000,83.0,MCX,MCX Crude Oil Mini Futures,MCX
2026-03-24,mcx_open_drive,7376.21022825,7409.733648863699,7263.0062498763,7336.36994937,10000,83.0,MCX,MCX Crude Oil Mini Futures,MCX
2026-03-24,india_morning,7376.21022825,7409.733648863699,7263.0062498763,7336.36994937,10000,83.0,MCX,MCX Crude Oil Mini Futures,MCX
2026-03-24,india_midday,7376.21022825,7409.733648863699,7263.0062498763,7336.36994937,10000,83.0,MCX,MCX Crude Oil Mini Futures,MCX
2026-03-24,europe_overlap,7376.21022825,7409.733648863699,7263.0062498763,7336.36994937,10000,83.0,MCX,MCX Crude Oil Mini Futures,MCX
2026-03-24,us_pre_open,7376.21022825,7409.733648863699,7263.0062498763,7336.36994937,10000,83.0,MCX,MCX Crude Oil Mini Futures,MCX
2026-03-24,us_open,7376.21022825,7409.733648863699,7263.0062498763,7336.36994937,10000,83.0,MCX,MCX Crude Oil Mini Futures,MCX
2026-03-24,mcx_tail,7376.21022825,7409.733648863699,7263.0062498763,7336.36994937,10000,83.0,MCX,MCX Crude Oil Mini Futures,MCX
2026-03-25,mcx_pre_open,7336.36994937,7652.8407771236,7501.2993755964,7577.07007636,10000,83.0,MCX,MCX Crude Oil Mini Futures,MCX
2026-03-25,mcx_open_drive,7336.36994937,7652.8407771236,7501.2993755964,7577.07007636,10000,83.0,MCX,MCX Crude Oil Mini Futures,MCX
2026-03-25,india_morning,7336.36994937,7652.8407771236,7501.2993755964,7577.07007636,10000,83.0,MCX,MCX Crude Oil Mini Futures,MCX
2026-03-25,india_midday,7336.36994937,7652.8407771236,7501.2993755964,7577.07007636,10000,83.0,MCX,MCX Crude Oil Mini Futures,MCX
2026-03-25,europe_overlap,7336.36994937,7652.8407771236,7501.2993755964,7577.07007636,10000,83.0,MCX,MCX Crude Oil Mini Futures,MCX
2026-03-25,us_pre_open,7336.36994937,7652.8407771236,7501.2993755964,7577.07007636,10000,83.0,MCX,MCX Crude Oil Mini Futures,MCX
2026-03-25,us_open,7336.36994937,7652.8407771236,7501.2993755964,7577.07007636,10000,83.0,MCX,MCX Crude Oil Mini Futures,MCX
2026-03-25,mcx_tail,7336.36994937,7652.8407771236,7501.2993755964,7577.07007636,10000,83.0,MCX,MCX Crude Oil Mini Futures,MCX
2026-03-26,mcx_pre_open,7577.07007636,7862.4157771236,7706.7243755964,7784.57007636,10000,83.0,MCX,MCX Crude Oil Mini Futures,MCX
2026-03-26,mcx_open_drive,7577.07007636,7862.4157771236,7706.7243755964,7784.57007636,10000,83.0,MCX,MCX Crude Oil Mini Futures,MCX
2026-03-26,india_morning,7577.07007636,7862.4157771236,7706.7243755964,7784.57007636,10000,83.0,MCX,MCX Crude Oil Mini Futures,MCX
2026-03-26,india_midday,7577.07007636,7862.4157771236,7706.7243755964,7784.57007636,10000,83.0,MCX,MCX Crude Oil Mini Futures,MCX
2026-03-26,europe_overlap,7577.07007636,7862.4157771236,7706.7243755964,7784.57007636,10000,83.0,MCX,MCX Crude Oil Mini Futures,MCX
2026-03-26,us_pre_open,7577.07007636,7862.4157771236,7706.7243755964,7784.57007636,10000,83.0,MCX,MCX Crude Oil Mini Futures,MCX
2026-03-26,us_open,7577.07007636,7862.4157771236,7706.7243755964,7784.57007636,10000,83.0,MCX,MCX Crude Oil Mini Futures,MCX
2026-03-26,mcx_tail,7577.07007636,7862.4157771236,7706.7243755964,7784.57007636,10000,83.0,MCX,MCX Crude Oil Mini Futures,MCX
2026-03-27,mcx_pre_open,7784.57007636,8481.919425149,8313.960624651001,8397.940024900001,10000,83.0,MCX,MCX Crude Oil Mini Futures,MCX
2026-03-27,mcx_open_drive,7784.57007636,8481.919425149,8313.960624651001,8397.940024900001,10000,83.0,MCX,MCX Crude Oil Mini Futures,MCX
2026-03-27,india_morning,7784.57007636,8481.919425149,8313.960624651001,8397.940024900001,10000,83.0,MCX,MCX Crude Oil Mini Futures,MCX
2026-03-27,india_midday,7784.57007636,8481.919425149,8313.960624651001,8397.940024900001,10000,83.0,MCX,MCX Crude Oil Mini Futures,MCX
2026-03-27,europe_overlap,7784.57007636,8481.919425149,8313.960624651001,8397.940024900001,10000,83.0,MCX,MCX Crude Oil Mini Futures,MCX
2026-03-27,us_pre_open,7784.57007636,8481.919425149,8313.960624651001,8397.940024900001,10000,83.0,MCX,MCX Crude Oil Mini Futures,MCX
2026-03-27,us_open,7784.57007636,8481.919425149,8313.960624651001,8397.940024900001,10000,83.0,MCX,MCX Crude Oil Mini Futures,MCX
2026-03-27,mcx_tail,7784.57007636,8481.919425149,8313.960624651001,8397.940024900001,10000,83.0,MCX,MCX Crude Oil Mini Futures,MCX
2026-03-30,mcx_pre_open,8397.940024900001,8802.988476043,8628.671872556999,8715.8301743,10000,83.0,MCX,MCX Crude Oil Mini Futures,MCX
2026-03-30,mcx_open_drive,8397.940024900001,8802.988476043,8628.671872556999,8715.8301743,10000,83.0,MCX,MCX Crude Oil Mini Futures,MCX
2026-03-30,india_morning,8397.940024900001,8802.988476043,8628.671872556999,8715.8301743,10000,83.0,MCX,MCX Crude Oil Mini Futures,MCX
2026-03-30,india_midday,8397.940024900001,8802.988476043,8628.671872556999,8715.8301743,10000,83.0,MCX,MCX Crude Oil Mini Futures,MCX
2026-03-30,europe_overlap,8397.940024900001,8802.988476043,8628.671872556999,8715.8301743,10000,83.0,MCX,MCX Crude Oil Mini Futures,MCX
2026-03-30,us_pre_open,8397.940024900001,8802.988476043,8628.671872556999,8715.8301743,10000,83.0,MCX,MCX Crude Oil Mini Futures,MCX
2026-03-30,us_open,8397.940024900001,8802.988476043,8628.671872556999,8715.8301743,10000,83.0,MCX,MCX Crude Oil Mini Futures,MCX
2026-03-30,mcx_tail,8397.940024900001,8802.988476043,8628.671872556999,8715.8301743,10000,83.0,MCX,MCX Crude Oil Mini Futures,MCX
2026-03-31,mcx_pre_open,8715.8301743,8513.774598808,8345.185002791999,8429.4798008,10000,83.0,MCX,MCX Crude Oil Mini Futures,MCX
2026-03-31,mcx_open_drive,8715.8301743,8513.774598808,8345.185002791999,8429.4798008,10000,83.0,MCX,MCX Crude Oil Mini Futures,MCX
2026-03-31,india_morning,8715.8301743,8513.774598808,8345.185002791999,8429.4798008,10000,83.0,MCX,MCX Crude Oil Mini Futures,MCX
2026-03-31,india_midday,8715.8301743,8513.774598808,8345.185002791999,8429.4798008,10000,83.0,MCX,MCX Crude Oil Mini Futures,MCX
2026-03-31,europe_overlap,8715.8301743,8513.774598808,8345.185002791999,8429.4798008,10000,83.0,MCX,MCX Crude Oil Mini Futures,MCX
2026-03-31,us_pre_open,8715.8301743,8513.774598808,8345.185002791999,8429.4798008,10000,83.0,MCX,MCX Crude Oil Mini Futures,MCX
2026-03-31,us_open,8715.8301743,8513.774598808,8345.185002791999,8429.4798008,10000,83.0,MCX,MCX Crude Oil Mini Futures,MCX
2026-03-31,mcx_tail,8715.8301743,8513.774598808,8345.185002791999,8429.4798008,10000,83.0,MCX,MCX Crude Oil Mini Futures,MCX
2026-04-01,mcx_pre_open,8429.4798008,8291.6256068178,8127.4350007422,8209.53030378,10000,83.0,MCX,MCX Crude Oil Mini Futures,MCX
2026-04-01,mcx_open_drive,8429.4798008,8291.6256068178,8127.4350007422,8209.53030378,10000,83.0,MCX,MCX Crude Oil Mini Futures,MCX
2026-04-01,india_morning,8429.4798008,8291.6256068178,8127.4350007422,8209.53030378,10000,83.0,MCX,MCX Crude Oil Mini Futures,MCX
2026-04-01,india_midday,8429.4798008,8291.6256068178,8127.4350007422,8209.53030378,10000,83.0,MCX,MCX Crude Oil Mini Futures,MCX
2026-04-01,europe_overlap,8429.4798008,8291.6256068178,8127.4350007422,8209.53030378,10000,83.0,MCX,MCX Crude Oil Mini Futures,MCX
2026-04-01,us_pre_open,8429.4798008,8291.6256068178,8127.4350007422,8209.53030378,10000,83.0,MCX,MCX Crude Oil Mini Futures,MCX
2026-04-01,us_open,8429.4798008,8291.6256068178,8127.4350007422,8209.53030378,10000,83.0,MCX,MCX Crude Oil Mini Futures,MCX
2026-04-01,mcx_tail,8429.4798008,8291.6256068178,8127.4350007422,8209.53030378,10000,83.0,MCX,MCX Crude Oil Mini Futures,MCX
2026-04-02,mcx_pre_open,8209.53030378,9388.960000000001,9203.039999999999,9296.0,10000,83.0,MCX,MCX Crude Oil Mini Futures,MCX
2026-04-02,mcx_open_drive,8209.53030378,9388.960000000001,9203.039999999999,9296.0,10000,83.0,MCX,MCX Crude Oil Mini Futures,MCX
2026-04-02,india_morning,8209.53030378,9388.960000000001,9203.039999999999,9296.0,10000,83.0,MCX,MCX Crude Oil Mini Futures,MCX
2026-04-02,india_midday,8209.53030378,9388.960000000001,9203.039999999999,9296.0,10000,83.0,MCX,MCX Crude Oil Mini Futures,MCX
2026-04-02,europe_overlap,8209.53030378,9388.960000000001,9203.039999999999,9296.0,10000,83.0,MCX,MCX Crude Oil Mini Futures,MCX
2026-04-02,us_pre_open,8209.53030378,9388.960000000001,9203.039999999999,9296.0,10000,83.0,MCX,MCX Crude Oil Mini Futures,MCX
2026-04-02,us_open,8209.53030378,9388.960000000001,9203.039999999999,9296.0,10000,83.0,MCX,MCX Crude Oil Mini Futures,MCX
2026-04-02,mcx_tail,8209.53030378,9388.960000000001,9203.039999999999,9296.0,10000,83.0,MCX,MCX Crude Oil Mini Futures,MCX
2026-04-03,mcx_pre_open,9296.0,9388.960000000001,9203.039999999999,9296.0,10000,83.0,MCX,MCX Crude Oil Mini Futures,MCX
2026-04-03,mcx_open_drive,9296.0,9388.960000000001,9203.039999999999,9296.0,10000,83.0,MCX,MCX Crude Oil Mini Futures,MCX
2026-04-03,india_morning,9296.0,9388.960000000001,9203.039999999999,9296.0,10000,83.0,MCX,MCX Crude Oil Mini Futures,MCX
2026-04-03,india_midday,9296.0,9388.960000000001,9203.039999999999,9296.0,10000,83.0,MCX,MCX Crude Oil Mini Futures,MCX
2026-04-03,europe_overlap,9296.0,9388.960000000001,9203.039999999999,9296.0,10000,83.0,MCX,MCX Crude Oil Mini Futures,MCX
2026-04-03,us_pre_open,9296.0,9388.960000000001,9203.039999999999,9296.0,10000,83.0,MCX,MCX Crude Oil Mini Futures,MCX
2026-04-03,us_open,9296.0,9388.960000000001,9203.039999999999,9296.0,10000,83.0,MCX,MCX Crude Oil Mini Futures,MCX
2026-04-03,mcx_tail,9296.0,9388.960000000001,9203.039999999999,9296.0,10000,83.0,MCX,MCX Crude Oil Mini Futures,MCX
2026-04-06,mcx_pre_open,9296.0,9440.096350298,9253.163749302,9346.6300498,10000,83.0,MCX,MCX Crude Oil Mini Futures,MCX
2026-04-06,mcx_open_drive,9296.0,9440.096350298,9253.163749302,9346.6300498,10000,83.0,MCX,MCX Crude Oil Mini Futures,MCX
2026-04-06,india_morning,9296.0,9440.096350298,9253.163749302,9346.6300498,10000,83.0,MCX,MCX Crude Oil Mini Futures,MCX
2026-04-06,india_midday,9296.0,9440.096350298,9253.163749302,9346.6300498,10000,83.0,MCX,MCX Crude Oil Mini Futures,MCX
2026-04-06,europe_overlap,9296.0,9440.096350298,9253.163749302,9346.6300498,10000,83.0,MCX,MCX Crude Oil Mini Futures,MCX
2026-04-06,us_pre_open,9296.0,9440.096350298,9253.163749302,9346.6300498,10000,83.0,MCX,MCX Crude Oil Mini Futures,MCX
2026-04-06,us_open,9296.0,9440.096350298,9253.163749302,9346.6300498,10000,83.0,MCX,MCX Crude Oil Mini Futures,MCX
2026-04-06,mcx_tail,9296.0,9440.096350298,9253.163749302,9346.6300498,10000,83.0,MCX,MCX Crude Oil Mini Futures,MCX
2026-04-07,mcx_pre_open,9346.6300498,9249.801889829001,9066.637495971,9158.2196929,10000,83.0,MCX,MCX Crude Oil Mini Futures,MCX
2026-04-07,mcx_open_drive,9346.6300498,9249.801889829001,9066.637495971,9158.2196929,10000,83.0,MCX,MCX Crude Oil Mini Futures,MCX
2026-04-07,india_morning,9346.6300498,9249.801889829001,9066.637495971,9158.2196929,10000,83.0,MCX,MCX Crude Oil Mini Futures,MCX
2026-04-07,india_midday,9346.6300498,9249.801889829001,9066.637495971,9158.2196929,10000,83.0,MCX,MCX Crude Oil Mini Futures,MCX
2026-04-07,europe_overlap,9346.6300498,9249.801889829001,9066.637495971,9158.2196929,10000,83.0,MCX,MCX Crude Oil Mini Futures,MCX
2026-04-07,us_pre_open,9346.6300498,9249.801889829001,9066.637495971,9158.2196929,10000,83.0,MCX,MCX Crude Oil Mini Futures,MCX
2026-04-07,us_open,9346.6300498,9249.801889829001,9066.637495971,9158.2196929,10000,83.0,MCX,MCX Crude Oil Mini Futures,MCX
2026-04-07,mcx_tail,9346.6300498,9249.801889829001,9066.637495971,9158.2196929,10000,83.0,MCX,MCX Crude Oil Mini Futures,MCX
2026-04-08,mcx_pre_open,9158.2196929,8089.595,7929.405,8009.5,10000,83.0,MCX,MCX Crude Oil Mini Futures,MCX
2026-04-08,mcx_open_drive,9158.2196929,8089.595,7929.405,8009.5,10000,83.0,MCX,MCX Crude Oil Mini Futures,MCX
2026-04-08,india_morning,9158.2196929,8089.595,7929.405,8009.5,10000,83.0,MCX,MCX Crude Oil Mini Futures,MCX
2026-04-08,india_midday,9158.2196929,8089.595,7929.405,8009.5,10000,83.0,MCX,MCX Crude Oil Mini Futures,MCX
2026-04-08,europe_overlap,9158.2196929,8089.595,7929.405,8009.5,10000,83.0,MCX,MCX Crude Oil Mini Futures,MCX
2026-04-08,us_pre_open,9158.2196929,8089.595,7929.405,8009.5,10000,83.0,MCX,MCX Crude Oil Mini Futures,MCX
2026-04-08,us_open,9158.2196929,8089.595,7929.405,8009.5,10000,83.0,MCX,MCX Crude Oil Mini Futures,MCX
2026-04-08,mcx_tail,9158.2196929,8089.595,7929.405,8009.5,10000,83.0,MCX,MCX Crude Oil Mini Futures,MCX
2026-04-09,mcx_pre_open,8009.5,8213.663681668799,8051.016876091199,8132.3402788799995,10000,83.0,MCX,MCX Crude Oil Mini Futures,MCX
2026-04-09,mcx_open_drive,8009.5,8213.663681668799,8051.016876091199,8132.3402788799995,10000,83.0,MCX,MCX Crude Oil Mini Futures,MCX
2026-04-09,india_morning,8009.5,8213.663681668799,8051.016876091199,8132.3402788799995,10000,83.0,MCX,MCX Crude Oil Mini Futures,MCX
2026-04-09,india_midday,8009.5,8213.663681668799,8051.016876091199,8132.3402788799995,10000,83.0,MCX,MCX Crude Oil Mini Futures,MCX
2026-04-09,europe_overlap,8009.5,8213.663681668799,8051.016876091199,8132.3402788799995,10000,83.0,MCX,MCX Crude Oil Mini Futures,MCX
2026-04-09,us_pre_open,8009.5,8213.663681668799,8051.016876091199,8132.3402788799995,10000,83.0,MCX,MCX Crude Oil Mini Futures,MCX
2026-04-09,us_open,8009.5,8213.663681668799,8051.016876091199,8132.3402788799995,10000,83.0,MCX,MCX Crude Oil Mini Futures,MCX
2026-04-09,mcx_tail,8009.5,8213.663681668799,8051.016876091199,8132.3402788799995,10000,83.0,MCX,MCX Crude Oil Mini Futures,MCX
2026-04-10,mcx_pre_open,8132.3402788799995,8095.4630740127,7935.156874527301,8015.309974270001,10000,83.0,MCX,MCX Crude Oil Mini Futures,MCX
2026-04-10,mcx_open_drive,8132.3402788799995,8095.4630740127,7935.156874527301,8015.309974270001,10000,83.0,MCX,MCX Crude Oil Mini Futures,MCX
2026-04-10,india_morning,8132.3402788799995,8095.4630740127,7935.156874527301,8015.309974270001,10000,83.0,MCX,MCX Crude Oil Mini Futures,MCX
2026-04-10,india_midday,8132.3402788799995,8095.4630740127,7935.156874527301,8015.309974270001,10000,83.0,MCX,MCX Crude Oil Mini Futures,MCX
2026-04-10,europe_overlap,8132.3402788799995,8095.4630740127,7935.156874527301,8015.309974270001,10000,83.0,MCX,MCX Crude Oil Mini Futures,MCX
2026-04-10,us_pre_open,8132.3402788799995,8095.4630740127,7935.156874527301,8015.309974270001,10000,83.0,MCX,MCX Crude Oil Mini Futures,MCX
2026-04-10,us_open,8132.3402788799995,8095.4630740127,7935.156874527301,8015.309974270001,10000,83.0,MCX,MCX Crude Oil Mini Futures,MCX
2026-04-10,mcx_tail,8132.3402788799995,8095.4630740127,7935.156874527301,8015.309974270001,10000,83.0,MCX,MCX Crude Oil Mini Futures,MCX
2026-04-13,mcx_pre_open,8015.309974270001,8216.1784793962,8053.4818758438,8134.83017762,10000,83.0,MCX,MCX Crude Oil Mini Futures,MCX
2026-04-13,mcx_open_drive,8015.309974270001,8216.1784793962,8053.4818758438,8134.83017762,10000,83.0,MCX,MCX Crude Oil Mini Futures,MCX
2026-04-13,india_morning,8015.309974270001,8216.1784793962,8053.4818758438,8134.83017762,10000,83.0,MCX,MCX Crude Oil Mini Futures,MCX
2026-04-13,india_midday,8015.309974270001,8216.1784793962,8053.4818758438,8134.83017762,10000,83.0,MCX,MCX Crude Oil Mini Futures,MCX
2026-04-13,europe_overlap,8015.309974270001,8216.1784793962,8053.4818758438,8134.83017762,10000,83.0,MCX,MCX Crude Oil Mini Futures,MCX
2026-04-13,us_pre_open,8015.309974270001,8216.1784793962,8053.4818758438,8134.83017762,10000,83.0,MCX,MCX Crude Oil Mini Futures,MCX
2026-04-13,us_open,8015.309974270001,8216.1784793962,8053.4818758438,8134.83017762,10000,83.0,MCX,MCX Crude Oil Mini Futures,MCX
2026-04-13,mcx_tail,8015.309974270001,8216.1784793962,8053.4818758438,8134.83017762,10000,83.0,MCX,MCX Crude Oil Mini Futures,MCX
2026-04-14,mcx_pre_open,8134.83017762,7718.228074012701,7565.3918745273,7641.809974270001,10000,83.0,MCX,MCX Crude Oil Mini Futures,MCX
2026-04-14,mcx_open_drive,8134.83017762,7718.228074012701,7565.3918745273,7641.809974270001,10000,83.0,MCX,MCX Crude Oil Mini Futures,MCX
2026-04-14,india_morning,8134.83017762,7718.228074012701,7565.3918745273,7641.809974270001,10000,83.0,MCX,MCX Crude Oil Mini Futures,MCX
2026-04-14,india_midday,8134.83017762,7718.228074012701,7565.3918745273,7641.809974270001,10000,83.0,MCX,MCX Crude Oil Mini Futures,MCX
2026-04-14,europe_overlap,8134.83017762,7718.228074012701,7565.3918745273,7641.809974270001,10000,83.0,MCX,MCX Crude Oil Mini Futures,MCX
2026-04-14,us_pre_open,8134.83017762,7718.228074012701,7565.3918745273,7641.809974270001,10000,83.0,MCX,MCX Crude Oil Mini Futures,MCX
2026-04-14,us_open,8134.83017762,7718.228074012701,7565.3918745273,7641.809974270001,10000,83.0,MCX,MCX Crude Oil Mini Futures,MCX
2026-04-14,mcx_tail,8134.83017762,7718.228074012701,7565.3918745273,7641.809974270001,10000,83.0,MCX,MCX Crude Oil Mini Futures,MCX
2026-04-15,mcx_pre_open,7641.809974270001,7661.2236488637,7509.516249876299,7585.36994937,10000,83.0,MCX,MCX Crude Oil Mini Futures,MCX
2026-04-15,mcx_open_drive,7641.809974270001,7661.2236488637,7509.516249876299,7585.36994937,10000,83.0,MCX,MCX Crude Oil Mini Futures,MCX
2026-04-15,india_morning,7641.809974270001,7661.2236488637,7509.516249876299,7585.36994937,10000,83.0,MCX,MCX Crude Oil Mini Futures,MCX
2026-04-15,india_midday,7641.809974270001,7661.2236488637,7509.516249876299,7585.36994937,10000,83.0,MCX,MCX Crude Oil Mini Futures,MCX
2026-04-15,europe_overlap,7641.809974270001,7661.2236488637,7509.516249876299,7585.36994937,10000,83.0,MCX,MCX Crude Oil Mini Futures,MCX
2026-04-15,us_pre_open,7641.809974270001,7661.2236488637,7509.516249876299,7585.36994937,10000,83.0,MCX,MCX Crude Oil Mini Futures,MCX
2026-04-15,us_open,7641.809974270001,7661.2236488637,7509.516249876299,7585.36994937,10000,83.0,MCX,MCX Crude Oil Mini Futures,MCX
2026-04-15,mcx_tail,7641.809974270001,7661.2236488637,7509.516249876299,7585.36994937,10000,83.0,MCX,MCX Crude Oil Mini Futures,MCX
2026-04-16,mcx_pre_open,7585.36994937,7515.3596282599,7366.5406257201,7440.95012699,10000,83.0,MCX,MCX Crude Oil Mini Futures,MCX
2026-04-16,mcx_open_drive,7585.36994937,7515.3596282599,7366.5406257201,7440.95012699,10000,83.0,MCX,MCX Crude Oil Mini Futures,MCX
2026-04-16,india_morning,7585.36994937,7515.3596282599,7366.5406257201,7440.95012699,10000,83.0,MCX,MCX Crude Oil Mini Futures,MCX
2026-04-16,india_midday,7585.36994937,7515.3596282599,7366.5406257201,7440.95012699,10000,83.0,MCX,MCX Crude Oil Mini Futures,MCX
2026-04-16,europe_overlap,7585.36994937,7515.3596282599,7366.5406257201,7440.95012699,10000,83.0,MCX,MCX Crude Oil Mini Futures,MCX
2026-04-16,us_pre_open,7585.36994937,7515.3596282599,7366.5406257201,7440.95012699,10000,83.0,MCX,MCX Crude Oil Mini Futures,MCX
2026-04-16,us_open,7585.36994937,7515.3596282599,7366.5406257201,7440.95012699,10000,83.0,MCX,MCX Crude Oil Mini Futures,MCX
2026-04-16,mcx_tail,7585.36994937,7515.3596282599,7366.5406257201,7440.95012699,10000,83.0,MCX,MCX Crude Oil Mini Futures,MCX
2026-04-17,mcx_pre_open,7440.95012699,6923.5193931822,6786.4199992578,6854.96969622,10000,83.0,MCX,MCX Crude Oil Mini Futures,MCX
2026-04-17,mcx_open_drive,7440.95012699,6923.5193931822,6786.4199992578,6854.96969622,10000,83.0,MCX,MCX Crude Oil Mini Futures,MCX
2026-04-17,india_morning,7440.95012699,6923.5193931822,6786.4199992578,6854.96969622,10000,83.0,MCX,MCX Crude Oil Mini Futures,MCX
2026-04-17,india_midday,7440.95012699,6923.5193931822,6786.4199992578,6854.96969622,10000,83.0,MCX,MCX Crude Oil Mini Futures,MCX
2026-04-17,europe_overlap,7440.95012699,6923.5193931822,6786.4199992578,6854.96969622,10000,83.0,MCX,MCX Crude Oil Mini Futures,MCX
2026-04-17,us_pre_open,7440.95012699,6923.5193931822,6786.4199992578,6854.96969622,10000,83.0,MCX,MCX Crude Oil Mini Futures,MCX
2026-04-17,us_open,7440.95012699,6923.5193931822,6786.4199992578,6854.96969622,10000,83.0,MCX,MCX Crude Oil Mini Futures,MCX
2026-04-17,mcx_tail,7440.95012699,6923.5193931822,6786.4199992578,6854.96969622,10000,83.0,MCX,MCX Crude Oil Mini Futures,MCX
2026-04-20,mcx_pre_open,6854.96969622,7200.158648863699,7057.5812498763,7128.86994937,10000,83.0,MCX,MCX Crude Oil Mini Futures,MCX
2026-04-20,mcx_open_drive,6854.96969622,7200.158648863699,7057.5812498763,7128.86994937,10000,83.0,MCX,MCX Crude Oil Mini Futures,MCX
2026-04-20,india_morning,6854.96969622,7200.158648863699,7057.5812498763,7128.86994937,10000,83.0,MCX,MCX Crude Oil Mini Futures,MCX
2026-04-20,india_midday,6854.96969622,7200.158648863699,7057.5812498763,7128.86994937,10000,83.0,MCX,MCX Crude Oil Mini Futures,MCX
2026-04-20,europe_overlap,6854.96969622,7200.158648863699,7057.5812498763,7128.86994937,10000,83.0,MCX,MCX Crude Oil Mini Futures,MCX
2026-04-20,us_pre_open,6854.96969622,7200.158648863699,7057.5812498763,7128.86994937,10000,83.0,MCX,MCX Crude Oil Mini Futures,MCX
2026-04-20,us_open,6854.96969622,7200.158648863699,7057.5812498763,7128.86994937,10000,83.0,MCX,MCX Crude Oil Mini Futures,MCX
2026-04-20,mcx_tail,6854.96969622,7200.158648863699,7057.5812498763,7128.86994937,10000,83.0,MCX,MCX Crude Oil Mini Futures,MCX
2026-04-21,mcx_pre_open,7128.86994937,7563.1427022726,7413.377500247399,7488.26010126,10000,83.0,MCX,MCX Crude Oil Mini Futures,MCX
2026-04-21,mcx_open_drive,7128.86994937,7563.1427022726,7413.377500247399,7488.26010126,10000,83.0,MCX,MCX Crude Oil Mini Futures,MCX
2026-04-21,india_morning,7128.86994937,7563.1427022726,7413.377500247399,7488.26010126,10000,83.0,MCX,MCX Crude Oil Mini Futures,MCX
2026-04-21,india_midday,7128.86994937,7563.1427022726,7413.377500247399,7488.26010126,10000,83.0,MCX,MCX Crude Oil Mini Futures,MCX
2026-04-21,europe_overlap,7128.86994937,7563.1427022726,7413.377500247399,7488.26010126,10000,83.0,MCX,MCX Crude Oil Mini Futures,MCX
2026-04-21,us_pre_open,7128.86994937,7563.1427022726,7413.377500247399,7488.26010126,10000,83.0,MCX,MCX Crude Oil Mini Futures,MCX
2026-04-21,us_open,7128.86994937,7563.1427022726,7413.377500247399,7488.26010126,10000,83.0,MCX,MCX Crude Oil Mini Futures,MCX
2026-04-21,mcx_tail,7128.86994937,7563.1427022726,7413.377500247399,7488.26010126,10000,83.0,MCX,MCX Crude Oil Mini Futures,MCX
2026-04-22,mcx_pre_open,7488.26010126,7785.2923305325,7631.1281259675,7708.21022825,10000,83.0,MCX,MCX Crude Oil Mini Futures,MCX
2026-04-22,mcx_open_drive,7488.26010126,7785.2923305325,7631.1281259675,7708.21022825,10000,83.0,MCX,MCX Crude Oil Mini Futures,MCX
2026-04-22,india_morning,7488.26010126,7785.2923305325,7631.1281259675,7708.21022825,10000,83.0,MCX,MCX Crude Oil Mini Futures,MCX
2026-04-22,india_midday,7488.26010126,7785.2923305325,7631.1281259675,7708.21022825,10000,83.0,MCX,MCX Crude Oil Mini Futures,MCX
2026-04-22,europe_overlap,7488.26010126,7785.2923305325,7631.1281259675,7708.21022825,10000,83.0,MCX,MCX Crude Oil Mini Futures,MCX
2026-04-22,us_pre_open,7488.26010126,7785.2923305325,7631.1281259675,7708.21022825,10000,83.0,MCX,MCX Crude Oil Mini Futures,MCX
2026-04-22,us_open,7488.26010126,7785.2923305325,7631.1281259675,7708.21022825,10000,83.0,MCX,MCX Crude Oil Mini Futures,MCX
2026-04-22,mcx_tail,7488.26010126,7785.2923305325,7631.1281259675,7708.21022825,10000,83.0,MCX,MCX Crude Oil Mini Futures,MCX
2026-04-23,mcx_pre_open,7708.21022825,8131.51,7970.49,8051.0,10000,83.0,MCX,MCX Crude Oil Mini Futures,MCX
2026-04-23,mcx_open_drive,7708.21022825,8131.51,7970.49,8051.0,10000,83.0,MCX,MCX Crude Oil Mini Futures,MCX
2026-04-23,india_morning,7708.21022825,8131.51,7970.49,8051.0,10000,83.0,MCX,MCX Crude Oil Mini Futures,MCX
2026-04-23,india_midday,7708.21022825,8131.51,7970.49,8051.0,10000,83.0,MCX,MCX Crude Oil Mini Futures,MCX
2026-04-23,europe_overlap,7708.21022825,8131.51,7970.49,8051.0,10000,83.0,MCX,MCX Crude Oil Mini Futures,MCX
2026-04-23,us_pre_open,7708.21022825,8131.51,7970.49,8051.0,10000,83.0,MCX,MCX Crude Oil Mini Futures,MCX
2026-04-23,us_open,7708.21022825,8131.51,7970.49,8051.0,10000,83.0,MCX,MCX Crude Oil Mini Futures,MCX
2026-04-23,mcx_tail,7708.21022825,8131.51,7970.49,8051.0,10000,83.0,MCX,MCX Crude Oil Mini Futures,MCX
2026-04-24,mcx_pre_open,8051.0,7913.5521282599,7756.8481257201,7835.20012699,10000,83.0,MCX,MCX Crude Oil Mini Futures,MCX
2026-04-24,mcx_open_drive,8051.0,7913.5521282599,7756.8481257201,7835.20012699,10000,83.0,MCX,MCX Crude Oil Mini Futures,MCX
2026-04-24,india_morning,8051.0,7913.5521282599,7756.8481257201,7835.20012699,10000,83.0,MCX,MCX Crude Oil Mini Futures,MCX
2026-04-24,india_midday,8051.0,7913.5521282599,7756.8481257201,7835.20012699,10000,83.0,MCX,MCX Crude Oil Mini Futures,MCX
2026-04-24,europe_overlap,8051.0,7913.5521282599,7756.8481257201,7835.20012699,10000,83.0,MCX,MCX Crude Oil Mini Futures,MCX
2026-04-24,us_pre_open,8051.0,7913.5521282599,7756.8481257201,7835.20012699,10000,83.0,MCX,MCX Crude Oil Mini Futures,MCX
2026-04-24,us_open,8051.0,7913.5521282599,7756.8481257201,7835.20012699,10000,83.0,MCX,MCX Crude Oil Mini Futures,MCX
2026-04-24,mcx_tail,8051.0,7913.5521282599,7756.8481257201,7835.20012699,10000,83.0,MCX,MCX Crude Oil Mini Futures,MCX
2026-04-27,mcx_pre_open,7835.20012699,8104.6844259873,7944.195625472699,8024.440025729999,10000,83.0,MCX,MCX Crude Oil Mini Futures,MCX
2026-04-27,mcx_open_drive,7835.20012699,8104.6844259873,7944.195625472699,8024.440025729999,10000,83.0,MCX,MCX Crude Oil Mini Futures,MCX
2026-04-27,india_morning,7835.20012699,8104.6844259873,7944.195625472699,8024.440025729999,10000,83.0,MCX,MCX Crude Oil Mini Futures,MCX
2026-04-27,india_midday,7835.20012699,8104.6844259873,7944.195625472699,8024.440025729999,10000,83.0,MCX,MCX Crude Oil Mini Futures,MCX
2026-04-27,europe_overlap,7835.20012699,8104.6844259873,7944.195625472699,8024.440025729999,10000,83.0,MCX,MCX Crude Oil Mini Futures,MCX
2026-04-27,us_pre_open,7835.20012699,8104.6844259873,7944.195625472699,8024.440025729999,10000,83.0,MCX,MCX Crude Oil Mini Futures,MCX
2026-04-27,us_open,7835.20012699,8104.6844259873,7944.195625472699,8024.440025729999,10000,83.0,MCX,MCX Crude Oil Mini Futures,MCX
2026-04-27,mcx_tail,7835.20012699,8104.6844259873,7944.195625472699,8024.440025729999,10000,83.0,MCX,MCX Crude Oil Mini Futures,MCX
2026-04-28,mcx_pre_open,8024.440025729999,8351.1448305325,8185.7756259675,8268.46022825,10000,83.0,MCX,MCX Crude Oil Mini Futures,MCX
2026-04-28,mcx_open_drive,8024.440025729999,8351.1448305325,8185.7756259675,8268.46022825,10000,83.0,MCX,MCX Crude Oil Mini Futures,MCX
2026-04-28,india_morning,8024.440025729999,8351.1448305325,8185.7756259675,8268.46022825,10000,83.0,MCX,MCX Crude Oil Mini Futures,MCX
2026-04-28,india_midday,8024.440025729999,8351.1448305325,8185.7756259675,8268.46022825,10000,83.0,MCX,MCX Crude Oil Mini Futures,MCX
2026-04-28,europe_overlap,8024.440025729999,8351.1448305325,8185.7756259675,8268.46022825,10000,83.0,MCX,MCX Crude Oil Mini Futures,MCX
2026-04-28,us_pre_open,8024.440025729999,8351.1448305325,8185.7756259675,8268.46022825,10000,83.0,MCX,MCX Crude Oil Mini Futures,MCX
2026-04-28,us_open,8024.440025729999,8351.1448305325,8185.7756259675,8268.46022825,10000,83.0,MCX,MCX Crude Oil Mini Futures,MCX
2026-04-28,mcx_tail,8024.440025729999,8351.1448305325,8185.7756259675,8268.46022825,10000,83.0,MCX,MCX Crude Oil Mini Futures,MCX
2026-04-29,mcx_pre_open,8268.46022825,9094.716523957,8914.623127443001,9004.6698257,10000,83.0,MCX,MCX Crude Oil Mini Futures,MCX
2026-04-29,mcx_open_drive,8268.46022825,9094.716523957,8914.623127443001,9004.6698257,10000,83.0,MCX,MCX Crude Oil Mini Futures,MCX
2026-04-29,india_morning,8268.46022825,9094.716523957,8914.623127443001,9004.6698257,10000,83.0,MCX,MCX Crude Oil Mini Futures,MCX
2026-04-29,india_midday,8268.46022825,9094.716523957,8914.623127443001,9004.6698257,10000,83.0,MCX,MCX Crude Oil Mini Futures,MCX
2026-04-29,europe_overlap,8268.46022825,9094.716523957,8914.623127443001,9004.6698257,10000,83.0,MCX,MCX Crude Oil Mini Futures,MCX
2026-04-29,us_pre_open,8268.46022825,9094.716523957,8914.623127443001,9004.6698257,10000,83.0,MCX,MCX Crude Oil Mini Futures,MCX
2026-04-29,us_open,8268.46022825,9094.716523957,8914.623127443001,9004.6698257,10000,83.0,MCX,MCX Crude Oil Mini Futures,MCX
2026-04-29,mcx_tail,8268.46022825,9094.716523957,8914.623127443001,9004.6698257,10000,83.0,MCX,MCX Crude Oil Mini Futures,MCX
2026-04-30,mcx_pre_open,9004.6698257,8836.520610171,8661.540004029,8749.0303071,10000,83.0,MCX,MCX Crude Oil Mini Futures,MCX
2026-04-30,mcx_open_drive,9004.6698257,8836.520610171,8661.540004029,8749.0303071,10000,83.0,MCX,MCX Crude Oil Mini Futures,MCX
2026-04-30,india_morning,9004.6698257,8836.520610171,8661.540004029,8749.0303071,10000,83.0,MCX,MCX Crude Oil Mini Futures,MCX
2026-04-30,india_midday,9004.6698257,8836.520610171,8661.540004029,8749.0303071,10000,83.0,MCX,MCX Crude Oil Mini Futures,MCX
2026-04-30,europe_overlap,9004.6698257,8836.520610171,8661.540004029,8749.0303071,10000,83.0,MCX,MCX Crude Oil Mini Futures,MCX
2026-04-30,us_pre_open,9004.6698257,8836.520610171,8661.540004029,8749.0303071,10000,83.0,MCX,MCX Crude Oil Mini Futures,MCX
2026-04-30,us_open,9004.6698257,8836.520610171,8661.540004029,8749.0303071,10000,83.0,MCX,MCX Crude Oil Mini Futures,MCX
2026-04-30,mcx_tail,9004.6698257,8836.520610171,8661.540004029,8749.0303071,10000,83.0,MCX,MCX Crude Oil Mini Futures,MCX
2026-05-01,mcx_pre_open,8749.0303071,8545.630401192,8376.409997208,8461.0201992,10000,83.0,MCX,MCX Crude Oil Mini Futures,MCX
2026-05-01,mcx_open_drive,8749.0303071,8545.630401192,8376.409997208,8461.0201992,10000,83.0,MCX,MCX Crude Oil Mini Futures,MCX
2026-05-01,india_morning,8749.0303071,8545.630401192,8376.409997208,8461.0201992,10000,83.0,MCX,MCX Crude Oil Mini Futures,MCX
2026-05-01,india_midday,8749.0303071,8545.630401192,8376.409997208,8461.0201992,10000,83.0,MCX,MCX Crude Oil Mini Futures,MCX
2026-05-01,europe_overlap,8749.0303071,8545.630401192,8376.409997208,8461.0201992,10000,83.0,MCX,MCX Crude Oil Mini Futures,MCX
2026-05-01,us_pre_open,8749.0303071,8545.630401192,8376.409997208,8461.0201992,10000,83.0,MCX,MCX Crude Oil Mini Futures,MCX
2026-05-01,us_open,8749.0303071,8545.630401192,8376.409997208,8461.0201992,10000,83.0,MCX,MCX Crude Oil Mini Futures,MCX
2026-05-01,mcx_tail,8749.0303071,8545.630401192,8376.409997208,8461.0201992,10000,83.0,MCX,MCX Crude Oil Mini Futures,MCX
2026-05-04,mcx_pre_open,8461.0201992,8813.886149702,8639.353750698,8726.6199502,10000,83.0,MCX,MCX Crude Oil Mini Futures,MCX
2026-05-04,mcx_open_drive,8461.0201992,8813.886149702,8639.353750698,8726.6199502,10000,83.0,MCX,MCX Crude Oil Mini Futures,MCX
2026-05-04,india_morning,8461.0201992,8813.886149702,8639.353750698,8726.6199502,10000,83.0,MCX,MCX Crude Oil Mini Futures,MCX
2026-05-04,india_midday,8461.0201992,8813.886149702,8639.353750698,8726.6199502,10000,83.0,MCX,MCX Crude Oil Mini Futures,MCX
2026-05-04,europe_overlap,8461.0201992,8813.886149702,8639.353750698,8726.6199502,10000,83.0,MCX,MCX Crude Oil Mini Futures,MCX
2026-05-04,us_pre_open,8461.0201992,8813.886149702,8639.353750698,8726.6199502,10000,83.0,MCX,MCX Crude Oil Mini Futures,MCX
2026-05-04,us_open,8461.0201992,8813.886149702,8639.353750698,8726.6199502,10000,83.0,MCX,MCX Crude Oil Mini Futures,MCX
2026-05-04,mcx_tail,8461.0201992,8813.886149702,8639.353750698,8726.6199502,10000,83.0,MCX,MCX Crude Oil Mini Futures,MCX
2026-05-05,mcx_pre_open,8726.6199502,8607.664425149002,8437.215624651,8522.440024900001,10000,83.0,MCX,MCX Crude Oil Mini Futures,MCX
2026-05-05,mcx_open_drive,8726.6199502,8607.664425149002,8437.215624651,8522.440024900001,10000,83.0,MCX,MCX Crude Oil Mini Futures,MCX
2026-05-05,india_morning,8726.6199502,8607.664425149002,8437.215624651,8522.440024900001,10000,83.0,MCX,MCX Crude Oil Mini Futures,MCX
2026-05-05,india_midday,8726.6199502,8607.664425149002,8437.215624651,8522.440024900001,10000,83.0,MCX,MCX Crude Oil Mini Futures,MCX
2026-05-05,europe_overlap,8726.6199502,8607.664425149002,8437.215624651,8522.440024900001,10000,83.0,MCX,MCX Crude Oil Mini Futures,MCX
2026-05-05,us_pre_open,8726.6199502,8607.664425149002,8437.215624651,8522.440024900001,10000,83.0,MCX,MCX Crude Oil Mini Futures,MCX
2026-05-05,us_open,8726.6199502,8607.664425149002,8437.215624651,8522.440024900001,10000,83.0,MCX,MCX Crude Oil Mini Futures,MCX
2026-05-05,mcx_tail,8726.6199502,8607.664425149002,8437.215624651,8522.440024900001,10000,83.0,MCX,MCX Crude Oil Mini Futures,MCX
2026-05-06,mcx_pre_open,8522.440024900001,8065.2842228764,7905.5756244036,7985.42992364,10000,83.0,MCX,MCX Crude Oil Mini Futures,MCX
2026-05-06,mcx_open_drive,8522.440024900001,8065.2842228764,7905.5756244036,7985.42992364,10000,83.0,MCX,MCX Crude Oil Mini Futures,MCX
2026-05-06,india_morning,8522.440024900001,8065.2842228764,7905.5756244036,7985.42992364,10000,83.0,MCX,MCX Crude Oil Mini Futures,MCX
2026-05-06,india_midday,8522.440024900001,8065.2842228764,7905.5756244036,7985.42992364,10000,83.0,MCX,MCX Crude Oil Mini Futures,MCX
2026-05-06,europe_overlap,8522.440024900001,8065.2842228764,7905.5756244036,7985.42992364,10000,83.0,MCX,MCX Crude Oil Mini Futures,MCX
2026-05-06,us_pre_open,8522.440024900001,8065.2842228764,7905.5756244036,7985.42992364,10000,83.0,MCX,MCX Crude Oil Mini Futures,MCX
2026-05-06,us_open,8522.440024900001,8065.2842228764,7905.5756244036,7985.42992364,10000,83.0,MCX,MCX Crude Oil Mini Futures,MCX
2026-05-06,mcx_tail,8522.440024900001,8065.2842228764,7905.5756244036,7985.42992364,10000,83.0,MCX,MCX Crude Oil Mini Futures,MCX
2026-05-07,mcx_pre_open,7985.42992364,8186.8381068178005,8024.7225007422,8105.78030378,10000,83.0,MCX,MCX Crude Oil Mini Futures,MCX
2026-05-07,mcx_open_drive,7985.42992364,8186.8381068178005,8024.7225007422,8105.78030378,10000,83.0,MCX,MCX Crude Oil Mini Futures,MCX
2026-05-07,india_morning,7985.42992364,8186.8381068178005,8024.7225007422,8105.78030378,10000,83.0,MCX,MCX Crude Oil Mini Futures,MCX
2026-05-07,india_midday,7985.42992364,8186.8381068178005,8024.7225007422,8105.78030378,10000,83.0,MCX,MCX Crude Oil Mini Futures,MCX
2026-05-07,europe_overlap,7985.42992364,8186.8381068178005,8024.7225007422,8105.78030378,10000,83.0,MCX,MCX Crude Oil Mini Futures,MCX
2026-05-07,us_pre_open,7985.42992364,8186.8381068178005,8024.7225007422,8105.78030378,10000,83.0,MCX,MCX Crude Oil Mini Futures,MCX
2026-05-07,us_open,7985.42992364,8186.8381068178005,8024.7225007422,8105.78030378,10000,83.0,MCX,MCX Crude Oil Mini Futures,MCX
2026-05-07,mcx_tail,7985.42992364,8186.8381068178005,8024.7225007422,8105.78030378,10000,83.0,MCX,MCX Crude Oil Mini Futures,MCX
2026-05-08,mcx_pre_open,8105.78030378,7996.5436488637,7838.1962498763,7917.36994937,10000,83.0,MCX,MCX Crude Oil Mini Futures,MCX
2026-05-08,mcx_open_drive,8105.78030378,7996.5436488637,7838.1962498763,7917.36994937,10000,83.0,MCX,MCX Crude Oil Mini Futures,MCX
2026-05-08,india_morning,8105.78030378,7996.5436488637,7838.1962498763,7917.36994937,10000,83.0,MCX,MCX Crude Oil Mini Futures,MCX
2026-05-08,india_midday,8105.78030378,7996.5436488637,7838.1962498763,7917.36994937,10000,83.0,MCX,MCX Crude Oil Mini Futures,MCX
2026-05-08,europe_overlap,8105.78030378,7996.5436488637,7838.1962498763,7917.36994937,10000,83.0,MCX,MCX Crude Oil Mini Futures,MCX
2026-05-08,us_pre_open,8105.78030378,7996.5436488637,7838.1962498763,7917.36994937,10000,83.0,MCX,MCX Crude Oil Mini Futures,MCX
2026-05-08,us_open,8105.78030378,7996.5436488637,7838.1962498763,7917.36994937,10000,83.0,MCX,MCX Crude Oil Mini Futures,MCX
2026-05-08,mcx_tail,8105.78030378,7996.5436488637,7838.1962498763,7917.36994937,10000,83.0,MCX,MCX Crude Oil Mini Futures,MCX
2026-05-11,mcx_pre_open,7917.36994937,8236.2975,8073.2025,8154.75,10000,83.0,MCX,MCX Crude Oil Mini Futures,MCX
2026-05-11,mcx_open_drive,7917.36994937,8236.2975,8073.2025,8154.75,10000,83.0,MCX,MCX Crude Oil Mini Futures,MCX
2026-05-11,india_morning,7917.36994937,8236.2975,8073.2025,8154.75,10000,83.0,MCX,MCX Crude Oil Mini Futures,MCX
2026-05-11,india_midday,7917.36994937,8236.2975,8073.2025,8154.75,10000,83.0,MCX,MCX Crude Oil Mini Futures,MCX
2026-05-11,europe_overlap,7917.36994937,8236.2975,8073.2025,8154.75,10000,83.0,MCX,MCX Crude Oil Mini Futures,MCX
2026-05-11,us_pre_open,7917.36994937,8236.2975,8073.2025,8154.75,10000,83.0,MCX,MCX Crude Oil Mini Futures,MCX
2026-05-11,us_open,7917.36994937,8236.2975,8073.2025,8154.75,10000,83.0,MCX,MCX Crude Oil Mini Futures,MCX
2026-05-11,mcx_tail,7917.36994937,8236.2975,8073.2025,8154.75,10000,83.0,MCX,MCX Crude Oil Mini Futures,MCX
2026-05-12,mcx_pre_open,8154.75,8554.851755828855,8385.448750762938,8470.150253295897,10000,83.0,MCX,MCX Crude Oil Mini Futures,MCX
2026-05-12,mcx_open_drive,8154.75,8554.851755828855,8385.448750762938,8470.150253295897,10000,83.0,MCX,MCX Crude Oil Mini Futures,MCX
2026-05-12,india_morning,8154.75,8554.851755828855,8385.448750762938,8470.150253295897,10000,83.0,MCX,MCX Crude Oil Mini Futures,MCX
2026-05-12,india_midday,8154.75,8554.851755828855,8385.448750762938,8470.150253295897,10000,83.0,MCX,MCX Crude Oil Mini Futures,MCX
2026-05-12,europe_overlap,8154.75,8554.851755828855,8385.448750762938,8470.150253295897,10000,83.0,MCX,MCX Crude Oil Mini Futures,MCX
2026-05-12,us_pre_open,8154.75,8554.851755828855,8385.448750762938,8470.150253295897,10000,83.0,MCX,MCX Crude Oil Mini Futures,MCX
2026-05-12,us_open,8154.75,8554.851755828855,8385.448750762938,8470.150253295897,10000,83.0,MCX,MCX Crude Oil Mini Futures,MCX
2026-05-12,mcx_tail,8154.75,8554.851755828855,8385.448750762938,8470.150253295897,10000,83.0,MCX,MCX Crude Oil Mini Futures,MCX
2026-05-13,mcx_pre_open,8470.150253295897,8466.83,8299.17,8383.0,10000,83.0,MCX,MCX Crude Oil Mini Futures,MCX
2026-05-13,mcx_open_drive,8470.150253295897,8466.83,8299.17,8383.0,10000,83.0,MCX,MCX Crude Oil Mini Futures,MCX
2026-05-13,india_morning,8470.150253295897,8466.83,8299.17,8383.0,10000,83.0,MCX,MCX Crude Oil Mini Futures,MCX
2026-05-13,india_midday,8470.150253295897,8466.83,8299.17,8383.0,10000,83.0,MCX,MCX Crude Oil Mini Futures,MCX
2026-05-13,europe_overlap,8470.150253295897,8466.83,8299.17,8383.0,10000,83.0,MCX,MCX Crude Oil Mini Futures,MCX
2026-05-13,us_pre_open,8470.150253295897,8466.83,8299.17,8383.0,10000,83.0,MCX,MCX Crude Oil Mini Futures,MCX
2026-05-13,us_open,8470.150253295897,8466.83,8299.17,8383.0,10000,83.0,MCX,MCX Crude Oil Mini Futures,MCX
2026-05-13,mcx_tail,8470.150253295897,8466.83,8299.17,8383.0,10000,83.0,MCX,MCX Crude Oil Mini Futures,MCX
2026-05-14,mcx_pre_open,8383.0,8552.336318588257,8382.983124160766,8467.659721374512,10000,83.0,MCX,MCX Crude Oil Mini Futures,MCX
2026-05-14,mcx_open_drive,8383.0,8552.336318588257,8382.983124160766,8467.659721374512,10000,83.0,MCX,MCX Crude Oil Mini Futures,MCX
2026-05-14,india_morning,8383.0,8552.336318588257,8382.983124160766,8467.659721374512,10000,83.0,MCX,MCX Crude Oil Mini Futures,MCX
2026-05-14,india_midday,8383.0,8552.336318588257,8382.983124160766,8467.659721374512,10000,83.0,MCX,MCX Crude Oil Mini Futures,MCX
2026-05-14,europe_overlap,8383.0,8552.336318588257,8382.983124160766,8467.659721374512,10000,83.0,MCX,MCX Crude Oil Mini Futures,MCX
2026-05-14,us_pre_open,8383.0,8552.336318588257,8382.983124160766,8467.659721374512,10000,83.0,MCX,MCX Crude Oil Mini Futures,MCX
2026-05-14,us_open,8383.0,8552.336318588257,8382.983124160766,8467.659721374512,10000,83.0,MCX,MCX Crude Oil Mini Futures,MCX
2026-05-14,mcx_tail,8383.0,8552.336318588257,8382.983124160766,8467.659721374512,10000,83.0,MCX,MCX Crude Oil Mini Futures,MCX
2026-05-15,mcx_pre_open,8467.659721374512,8468.506318588257,8300.813124160766,8384.659721374512,10000,83.0,MCX,MCX Crude Oil Mini Futures,MCX
2026-05-15,mcx_open_drive,8467.659721374512,8468.506318588257,8300.813124160766,8384.659721374512,10000,83.0,MCX,MCX Crude Oil Mini Futures,MCX
2026-05-15,india_morning,8467.659721374512,8468.506318588257,8300.813124160766,8384.659721374512,10000,83.0,MCX,MCX Crude Oil Mini Futures,MCX
2026-05-15,india_midday,8467.659721374512,8468.506318588257,8300.813124160766,8384.659721374512,10000,83.0,MCX,MCX Crude Oil Mini Futures,MCX
2026-05-15,europe_overlap,8467.659721374512,8468.506318588257,8300.813124160766,8384.659721374512,10000,83.0,MCX,MCX Crude Oil Mini Futures,MCX
2026-05-15,us_pre_open,8467.659721374512,8468.506318588257,8300.813124160766,8384.659721374512,10000,83.0,MCX,MCX Crude Oil Mini Futures,MCX
2026-05-15,us_open,8467.659721374512,8468.506318588257,8300.813124160766,8384.659721374512,10000,83.0,MCX,MCX Crude Oil Mini Futures,MCX
2026-05-15,mcx_tail,8467.659721374512,8468.506318588257,8300.813124160766,8384.659721374512,10000,83.0,MCX,MCX Crude Oil Mini Futures,MCX
2026-05-18,mcx_pre_open,8384.659721374512,8591.736520919798,8421.60312446594,8506.66982269287,10000,83.0,MCX,MCX Crude Oil Mini Futures,MCX
2026-05-18,mcx_open_drive,8384.659721374512,8591.736520919798,8421.60312446594,8506.66982269287,10000,83.0,MCX,MCX Crude Oil Mini Futures,MCX
2026-05-18,india_morning,8384.659721374512,8591.736520919798,8421.60312446594,8506.66982269287,10000,83.0,MCX,MCX Crude Oil Mini Futures,MCX
2026-05-18,india_midday,8384.659721374512,8591.736520919798,8421.60312446594,8506.66982269287,10000,83.0,MCX,MCX Crude Oil Mini Futures,MCX
2026-05-18,europe_overlap,8384.659721374512,8591.736520919798,8421.60312446594,8506.66982269287,10000,83.0,MCX,MCX Crude Oil Mini Futures,MCX
2026-05-18,us_pre_open,8384.659721374512,8591.736520919798,8421.60312446594,8506.66982269287,10000,83.0,MCX,MCX Crude Oil Mini Futures,MCX
2026-05-18,us_open,8384.659721374512,8591.736520919798,8421.60312446594,8506.66982269287,10000,83.0,MCX,MCX Crude Oil Mini Futures,MCX
2026-05-18,mcx_tail,8384.659721374512,8591.736520919798,8421.60312446594,8506.66982269287,10000,83.0,MCX,MCX Crude Oil Mini Futures,MCX
2026-05-19,mcx_pre_open,8506.66982269287,8720.834797668458,8548.144999694827,8634.489898681642,10000,83.0,MCX,MCX Crude Oil Mini Futures,MCX
2026-05-19,mcx_open_drive,8506.66982269287,8720.834797668458,8548.144999694827,8634.489898681642,10000,83.0,MCX,MCX Crude Oil Mini Futures,MCX
2026-05-19,india_morning,8506.66982269287,8720.834797668458,8548.144999694827,8634.489898681642,10000,83.0,MCX,MCX Crude Oil Mini Futures,MCX
2026-05-19,india_midday,8506.66982269287,8720.834797668458,8548.144999694827,8634.489898681642,10000,83.0,MCX,MCX Crude Oil Mini Futures,MCX
2026-05-19,europe_overlap,8506.66982269287,8720.834797668458,8548.144999694827,8634.489898681642,10000,83.0,MCX,MCX Crude Oil Mini Futures,MCX
2026-05-19,us_pre_open,8506.66982269287,8720.834797668458,8548.144999694827,8634.489898681642,10000,83.0,MCX,MCX Crude Oil Mini Futures,MCX
2026-05-19,us_open,8506.66982269287,8720.834797668458,8548.144999694827,8634.489898681642,10000,83.0,MCX,MCX Crude Oil Mini Futures,MCX
2026-05-19,mcx_tail,8506.66982269287,8720.834797668458,8548.144999694827,8634.489898681642,10000,83.0,MCX,MCX Crude Oil Mini Futures,MCX
2026-05-20,mcx_pre_open,8634.489898681642,8305.876553497315,8141.403750457764,8223.640151977539,10000,83.0,MCX,MCX Crude Oil Mini Futures,MCX
2026-05-20,mcx_open_drive,8634.489898681642,8305.876553497315,8141.403750457764,8223.640151977539,10000,83.0,MCX,MCX Crude Oil Mini Futures,MCX
2026-05-20,india_morning,8634.489898681642,8305.876553497315,8141.403750457764,8223.640151977539,10000,83.0,MCX,MCX Crude Oil Mini Futures,MCX
2026-05-20,india_midday,8634.489898681642,8305.876553497315,8141.403750457764,8223.640151977539,10000,83.0,MCX,MCX Crude Oil Mini Futures,MCX
2026-05-20,europe_overlap,8634.489898681642,8305.876553497315,8141.403750457764,8223.640151977539,10000,83.0,MCX,MCX Crude Oil Mini Futures,MCX
2026-05-20,us_pre_open,8634.489898681642,8305.876553497315,8141.403750457764,8223.640151977539,10000,83.0,MCX,MCX Crude Oil Mini Futures,MCX
2026-05-20,us_open,8634.489898681642,8305.876553497315,8141.403750457764,8223.640151977539,10000,83.0,MCX,MCX Crude Oil Mini Futures,MCX
2026-05-20,mcx_tail,8634.489898681642,8305.876553497315,8141.403750457764,8223.640151977539,10000,83.0,MCX,MCX Crude Oil Mini Futures,MCX
2026-05-21,mcx_pre_open,8223.640151977539,8215.34,8052.66,8134.0,10000,83.0,MCX,MCX Crude Oil Mini Futures,MCX
2026-05-21,mcx_open_drive,8223.640151977539,8215.34,8052.66,8134.0,10000,83.0,MCX,MCX Crude Oil Mini Futures,MCX
2026-05-21,india_morning,8223.640151977539,8215.34,8052.66,8134.0,10000,83.0,MCX,MCX Crude Oil Mini Futures,MCX
2026-05-21,india_midday,8223.640151977539,8215.34,8052.66,8134.0,10000,83.0,MCX,MCX Crude Oil Mini Futures,MCX
2026-05-21,europe_overlap,8223.640151977539,8215.34,8052.66,8134.0,10000,83.0,MCX,MCX Crude Oil Mini Futures,MCX
2026-05-21,us_pre_open,8223.640151977539,8215.34,8052.66,8134.0,10000,83.0,MCX,MCX Crude Oil Mini Futures,MCX
2026-05-21,us_open,8223.640151977539,8215.34,8052.66,8134.0,10000,83.0,MCX,MCX Crude Oil Mini Futures,MCX
2026-05-21,mcx_tail,8223.640151977539,8215.34,8052.66,8134.0,10000,83.0,MCX,MCX Crude Oil Mini Futures,MCX
2026-05-22,mcx_pre_open,8134.0,8097.977872085571,7937.6218746185305,8017.799873352051,10000,83.0,MCX,MCX Crude Oil Mini Futures,MCX
2026-05-22,mcx_open_drive,8134.0,8097.977872085571,7937.6218746185305,8017.799873352051,10000,83.0,MCX,MCX Crude Oil Mini Futures,MCX
2026-05-22,india_morning,8134.0,8097.977872085571,7937.6218746185305,8017.799873352051,10000,83.0,MCX,MCX Crude Oil Mini Futures,MCX
2026-05-22,india_midday,8134.0,8097.977872085571,7937.6218746185305,8017.799873352051,10000,83.0,MCX,MCX Crude Oil Mini Futures,MCX
2026-05-22,europe_overlap,8134.0,8097.977872085571,7937.6218746185305,8017.799873352051,10000,83.0,MCX,MCX Crude Oil Mini Futures,MCX
2026-05-22,us_pre_open,8134.0,8097.977872085571,7937.6218746185305,8017.799873352051,10000,83.0,MCX,MCX Crude Oil Mini Futures,MCX
2026-05-22,us_open,8134.0,8097.977872085571,7937.6218746185305,8017.799873352051,10000,83.0,MCX,MCX Crude Oil Mini Futures,MCX
2026-05-22,mcx_tail,8134.0,8097.977872085571,7937.6218746185305,8017.799873352051,10000,83.0,MCX,MCX Crude Oil Mini Futures,MCX
2026-05-25,mcx_pre_open,8017.799873352051,8097.977872085571,7937.6218746185305,8017.799873352051,10000,83.0,MCX,MCX Crude Oil Mini Futures,MCX
2026-05-25,mcx_open_drive,8017.799873352051,8097.977872085571,7937.6218746185305,8017.799873352051,10000,83.0,MCX,MCX Crude Oil Mini Futures,MCX
2026-05-25,india_morning,8017.799873352051,8097.977872085571,7937.6218746185305,8017.799873352051,10000,83.0,MCX,MCX Crude Oil Mini Futures,MCX
2026-05-25,india_midday,8017.799873352051,8097.977872085571,7937.6218746185305,8017.799873352051,10000,83.0,MCX,MCX Crude Oil Mini Futures,MCX
2026-05-25,europe_overlap,8017.799873352051,8097.977872085571,7937.6218746185305,8017.799873352051,10000,83.0,MCX,MCX Crude Oil Mini Futures,MCX
2026-05-25,us_pre_open,8017.799873352051,8097.977872085571,7937.6218746185305,8017.799873352051,10000,83.0,MCX,MCX Crude Oil Mini Futures,MCX
2026-05-25,us_open,8017.799873352051,8097.977872085571,7937.6218746185305,8017.799873352051,10000,83.0,MCX,MCX Crude Oil Mini Futures,MCX
2026-05-25,mcx_tail,8017.799873352051,8097.977872085571,7937.6218746185305,8017.799873352051,10000,83.0,MCX,MCX Crude Oil Mini Futures,MCX
2026-05-26,mcx_pre_open,8017.799873352051,7843.973074417115,7688.646874923706,7766.30997467041,10000,83.0,MCX,MCX Crude Oil Mini Futures,MCX
2026-05-26,mcx_open_drive,8017.799873352051,7843.973074417115,7688.646874923706,7766.30997467041,10000,83.0,MCX,MCX Crude Oil Mini Futures,MCX
2026-05-26,india_morning,8017.799873352051,7843.973074417115,7688.646874923706,7766.30997467041,10000,83.0,MCX,MCX Crude Oil Mini Futures,MCX
2026-05-26,india_midday,8017.799873352051,7843.973074417115,7688.646874923706,7766.30997467041,10000,83.0,MCX,MCX Crude Oil Mini Futures,MCX
2026-05-26,europe_overlap,8017.799873352051,7843.973074417115,7688.646874923706,7766.30997467041,10000,83.0,MCX,MCX Crude Oil Mini Futures,MCX
2026-05-26,us_pre_open,8017.799873352051,7843.973074417115,7688.646874923706,7766.30997467041,10000,83.0,MCX,MCX Crude Oil Mini Futures,MCX
2026-05-26,us_open,8017.799873352051,7843.973074417115,7688.646874923706,7766.30997467041,10000,83.0,MCX,MCX Crude Oil Mini Futures,MCX
2026-05-26,mcx_tail,8017.799873352051,7843.973074417115,7688.646874923706,7766.30997467041,10000,83.0,MCX,MCX Crude Oil Mini Futures,MCX
2026-05-27,mcx_pre_open,7766.30997467041,7427.337872085572,7280.26187461853,7353.799873352051,10000,83.0,MCX,MCX Crude Oil Mini Futures,MCX
2026-05-27,mcx_open_drive,7766.30997467041,7427.337872085572,7280.26187461853,7353.799873352051,10000,83.0,MCX,MCX Crude Oil Mini Futures,MCX
2026-05-27,india_morning,7766.30997467041,7427.337872085572,7280.26187461853,7353.799873352051,10000,83.0,MCX,MCX Crude Oil Mini Futures,MCX
2026-05-27,india_midday,7766.30997467041,7427.337872085572,7280.26187461853,7353.799873352051,10000,83.0,MCX,MCX Crude Oil Mini Futures,MCX
2026-05-27,europe_overlap,7766.30997467041,7427.337872085572,7280.26187461853,7353.799873352051,10000,83.0,MCX,MCX Crude Oil Mini Futures,MCX
2026-05-27,us_pre_open,7766.30997467041,7427.337872085572,7280.26187461853,7353.799873352051,10000,83.0,MCX,MCX Crude Oil Mini Futures,MCX
2026-05-27,us_open,7766.30997467041,7427.337872085572,7280.26187461853,7353.799873352051,10000,83.0,MCX,MCX Crude Oil Mini Futures,MCX
2026-05-27,mcx_tail,7766.30997467041,7427.337872085572,7280.26187461853,7353.799873352051,10000,83.0,MCX,MCX Crude Oil Mini Futures,MCX
2026-05-28,mcx_pre_open,7353.799873352051,7421.469797668457,7274.509999694824,7347.989898681641,10000,83.0,MCX,MCX Crude Oil Mini Futures,MCX
2026-05-28,mcx_open_drive,7353.799873352051,7421.469797668457,7274.509999694824,7347.989898681641,10000,83.0,MCX,MCX Crude Oil Mini Futures,MCX
2026-05-28,india_morning,7353.799873352051,7421.469797668457,7274.509999694824,7347.989898681641,10000,83.0,MCX,MCX Crude Oil Mini Futures,MCX
2026-05-28,india_midday,7353.799873352051,7421.469797668457,7274.509999694824,7347.989898681641,10000,83.0,MCX,MCX Crude Oil Mini Futures,MCX
2026-05-28,europe_overlap,7353.799873352051,7421.469797668457,7274.509999694824,7347.989898681641,10000,83.0,MCX,MCX Crude Oil Mini Futures,MCX
2026-05-28,us_pre_open,7353.799873352051,7421.469797668457,7274.509999694824,7347.989898681641,10000,83.0,MCX,MCX Crude Oil Mini Futures,MCX
2026-05-28,us_open,7353.799873352051,7421.469797668457,7274.509999694824,7347.989898681641,10000,83.0,MCX,MCX Crude Oil Mini Futures,MCX
2026-05-28,mcx_tail,7353.799873352051,7421.469797668457,7274.509999694824,7347.989898681641,10000,83.0,MCX,MCX Crude Oil Mini Futures,MCX
2026-05-29,mcx_pre_open,7347.989898681641,7323.3888511363,7178.3712501237005,7250.88005063,10000,83.0,MCX,MCX Crude Oil Mini Futures,MCX
2026-05-29,mcx_open_drive,7347.989898681641,7323.3888511363,7178.3712501237005,7250.88005063,10000,83.0,MCX,MCX Crude Oil Mini Futures,MCX
2026-05-29,india_morning,7347.989898681641,7323.3888511363,7178.3712501237005,7250.88005063,10000,83.0,MCX,MCX Crude Oil Mini Futures,MCX
2026-05-29,india_midday,7347.989898681641,7323.3888511363,7178.3712501237005,7250.88005063,10000,83.0,MCX,MCX Crude Oil Mini Futures,MCX
2026-05-29,europe_overlap,7347.989898681641,7323.3888511363,7178.3712501237005,7250.88005063,10000,83.0,MCX,MCX Crude Oil Mini Futures,MCX
2026-05-29,us_pre_open,7347.989898681641,7323.3888511363,7178.3712501237005,7250.88005063,10000,83.0,MCX,MCX Crude Oil Mini Futures,MCX
2026-05-29,us_open,7347.989898681641,7323.3888511363,7178.3712501237005,7250.88005063,10000,83.0,MCX,MCX Crude Oil Mini Futures,MCX
2026-05-29,mcx_tail,7347.989898681641,7323.3888511363,7178.3712501237005,7250.88005063,10000,83.0,MCX,MCX Crude Oil Mini Futures,MCX
2026-06-01,mcx_pre_open,7250.88005063,7751.7602022726,7598.2600002474,7675.01010126,10000,83.0,MCX,MCX Crude Oil Mini Futures,MCX
2026-06-01,mcx_open_drive,7250.88005063,7751.7602022726,7598.2600002474,7675.01010126,10000,83.0,MCX,MCX Crude Oil Mini Futures,MCX
2026-06-01,india_morning,7250.88005063,7751.7602022726,7598.2600002474,7675.01010126,10000,83.0,MCX,MCX Crude Oil Mini Futures,MCX
2026-06-01,india_midday,7250.88005063,7751.7602022726,7598.2600002474,7675.01010126,10000,83.0,MCX,MCX Crude Oil Mini Futures,MCX
2026-06-01,europe_overlap,7250.88005063,7751.7602022726,7598.2600002474,7675.01010126,10000,83.0,MCX,MCX Crude Oil Mini Futures,MCX
2026-06-01,us_pre_open,7250.88005063,7751.7602022726,7598.2600002474,7675.01010126,10000,83.0,MCX,MCX Crude Oil Mini Futures,MCX
2026-06-01,us_open,7250.88005063,7751.7602022726,7598.2600002474,7675.01010126,10000,83.0,MCX,MCX Crude Oil Mini Futures,MCX
2026-06-01,mcx_tail,7250.88005063,7751.7602022726,7598.2600002474,7675.01010126,10000,83.0,MCX,MCX Crude Oil Mini Futures,MCX
2026-06-02,mcx_pre_open,7675.01010126,7828.8836488637,7673.856249876299,7751.36994937,10000,83.0,MCX,MCX Crude Oil Mini Futures,MCX
2026-06-02,mcx_open_drive,7675.01010126,7828.8836488637,7673.856249876299,7751.36994937,10000,83.0,MCX,MCX Crude Oil Mini Futures,MCX
2026-06-02,india_morning,7675.01010126,7828.8836488637,7673.856249876299,7751.36994937,10000,83.0,MCX,MCX Crude Oil Mini Futures,MCX
2026-06-02,india_midday,7675.01010126,7828.8836488637,7673.856249876299,7751.36994937,10000,83.0,MCX,MCX Crude Oil Mini Futures,MCX
2026-06-02,europe_overlap,7675.01010126,7828.8836488637,7673.856249876299,7751.36994937,10000,83.0,MCX,MCX Crude Oil Mini Futures,MCX
2026-06-02,us_pre_open,7675.01010126,7828.8836488637,7673.856249876299,7751.36994937,10000,83.0,MCX,MCX Crude Oil Mini Futures,MCX
2026-06-02,us_open,7675.01010126,7828.8836488637,7673.856249876299,7751.36994937,10000,83.0,MCX,MCX Crude Oil Mini Futures,MCX
2026-06-02,mcx_tail,7675.01010126,7828.8836488637,7673.856249876299,7751.36994937,10000,83.0,MCX,MCX Crude Oil Mini Futures,MCX
2026-06-03,mcx_pre_open,7751.36994937,8064.4457443185,7904.7537493815,7984.59974685,10000,83.0,MCX,MCX Crude Oil Mini Futures,MCX
2026-06-03,mcx_open_drive,7751.36994937,8064.4457443185,7904.7537493815,7984.59974685,10000,83.0,MCX,MCX Crude Oil Mini Futures,MCX
2026-06-03,india_morning,7751.36994937,8064.4457443185,7904.7537493815,7984.59974685,10000,83.0,MCX,MCX Crude Oil Mini Futures,MCX
2026-06-03,india_midday,7751.36994937,8064.4457443185,7904.7537493815,7984.59974685,10000,83.0,MCX,MCX Crude Oil Mini Futures,MCX
2026-06-03,europe_overlap,7751.36994937,8064.4457443185,7904.7537493815,7984.59974685,10000,83.0,MCX,MCX Crude Oil Mini Futures,MCX
2026-06-03,us_pre_open,7751.36994937,8064.4457443185,7904.7537493815,7984.59974685,10000,83.0,MCX,MCX Crude Oil Mini Futures,MCX
2026-06-03,us_open,7751.36994937,8064.4457443185,7904.7537493815,7984.59974685,10000,83.0,MCX,MCX Crude Oil Mini Futures,MCX
2026-06-03,mcx_tail,7751.36994937,8064.4457443185,7904.7537493815,7984.59974685,10000,83.0,MCX,MCX Crude Oil Mini Futures,MCX
2026-06-04,mcx_pre_open,7984.59974685,7788.6456068178,7634.4150007422,7711.53030378,10000,83.0,MCX,MCX Crude Oil Mini Futures,MCX
2026-06-04,mcx_open_drive,7984.59974685,7788.6456068178,7634.4150007422,7711.53030378,10000,83.0,MCX,MCX Crude Oil Mini Futures,MCX
2026-06-04,india_morning,7984.59974685,7788.6456068178,7634.4150007422,7711.53030378,10000,83.0,MCX,MCX Crude Oil Mini Futures,MCX
2026-06-04,india_midday,7984.59974685,7788.6456068178,7634.4150007422,7711.53030378,10000,83.0,MCX,MCX Crude Oil Mini Futures,MCX
2026-06-04,europe_overlap,7984.59974685,7788.6456068178,7634.4150007422,7711.53030378,10000,83.0,MCX,MCX Crude Oil Mini Futures,MCX
2026-06-04,us_pre_open,7984.59974685,7788.6456068178,7634.4150007422,7711.53030378,10000,83.0,MCX,MCX Crude Oil Mini Futures,MCX
2026-06-04,us_open,7984.59974685,7788.6456068178,7634.4150007422,7711.53030378,10000,83.0,MCX,MCX Crude Oil Mini Futures,MCX
2026-06-04,mcx_tail,7984.59974685,7788.6456068178,7634.4150007422,7711.53030378,10000,83.0,MCX,MCX Crude Oil Mini Futures,MCX
2026-06-05,mcx_pre_open,7711.53030378,7589.9682771236,7439.671875596399,7514.82007636,10000,83.0,MCX,MCX Crude Oil Mini Futures,MCX
2026-06-05,mcx_open_drive,7711.53030378,7589.9682771236,7439.671875596399,7514.82007636,10000,83.0,MCX,MCX Crude Oil Mini Futures,MCX
2026-06-05,india_morning,7711.53030378,7589.9682771236,7439.671875596399,7514.82007636,10000,83.0,MCX,MCX Crude Oil Mini Futures,MCX
2026-06-05,india_midday,7711.53030378,7589.9682771236,7439.671875596399,7514.82007636,10000,83.0,MCX,MCX Crude Oil Mini Futures,MCX
2026-06-05,europe_overlap,7711.53030378,7589.9682771236,7439.671875596399,7514.82007636,10000,83.0,MCX,MCX Crude Oil Mini Futures,MCX
2026-06-05,us_pre_open,7711.53030378,7589.9682771236,7439.671875596399,7514.82007636,10000,83.0,MCX,MCX Crude Oil Mini Futures,MCX
2026-06-05,us_open,7711.53030378,7589.9682771236,7439.671875596399,7514.82007636,10000,83.0,MCX,MCX Crude Oil Mini Futures,MCX
2026-06-05,mcx_tail,7711.53030378,7589.9682771236,7439.671875596399,7514.82007636,10000,83.0,MCX,MCX Crude Oil Mini Futures,MCX
2026-06-08,mcx_pre_open,7514.82007636,7652.0022977274,7500.4774997526,7576.23989874,10000,83.0,MCX,MCX Crude Oil Mini Futures,MCX
2026-06-08,mcx_open_drive,7514.82007636,7652.0022977274,7500.4774997526,7576.23989874,10000,83.0,MCX,MCX Crude Oil Mini Futures,MCX
2026-06-08,india_morning,7514.82007636,7652.0022977274,7500.4774997526,7576.23989874,10000,83.0,MCX,MCX Crude Oil Mini Futures,MCX
2026-06-08,india_midday,7514.82007636,7652.0022977274,7500.4774997526,7576.23989874,10000,83.0,MCX,MCX Crude Oil Mini Futures,MCX
2026-06-08,europe_overlap,7514.82007636,7652.0022977274,7500.4774997526,7576.23989874,10000,83.0,MCX,MCX Crude Oil Mini Futures,MCX
2026-06-08,us_pre_open,7514.82007636,7652.0022977274,7500.4774997526,7576.23989874,10000,83.0,MCX,MCX Crude Oil Mini Futures,MCX
2026-06-08,us_open,7514.82007636,7652.0022977274,7500.4774997526,7576.23989874,10000,83.0,MCX,MCX Crude Oil Mini Futures,MCX
2026-06-08,mcx_tail,7514.82007636,7652.0022977274,7500.4774997526,7576.23989874,10000,83.0,MCX,MCX Crude Oil Mini Futures,MCX
2026-06-09,mcx_pre_open,7576.23989874,7435.7207443185,7288.4787493815,7362.09974685,10000,83.0,MCX,MCX Crude Oil Mini Futures,MCX
2026-06-09,mcx_open_drive,7576.23989874,7435.7207443185,7288.4787493815,7362.09974685,10000,83.0,MCX,MCX Crude Oil Mini Futures,MCX
2026-06-09,india_morning,7576.23989874,7435.7207443185,7288.4787493815,7362.09974685,10000,83.0,MCX,MCX Crude Oil Mini Futures,MCX
2026-06-09,india_midday,7576.23989874,7435.7207443185,7288.4787493815,7362.09974685,10000,83.0,MCX,MCX Crude Oil Mini Futures,MCX
2026-06-09,europe_overlap,7576.23989874,7435.7207443185,7288.4787493815,7362.09974685,10000,83.0,MCX,MCX Crude Oil Mini Futures,MCX
2026-06-09,us_pre_open,7576.23989874,7435.7207443185,7288.4787493815,7362.09974685,10000,83.0,MCX,MCX Crude Oil Mini Futures,MCX
2026-06-09,us_open,7576.23989874,7435.7207443185,7288.4787493815,7362.09974685,10000,83.0,MCX,MCX Crude Oil Mini Futures,MCX
2026-06-09,mcx_tail,7576.23989874,7435.7207443185,7288.4787493815,7362.09974685,10000,83.0,MCX,MCX Crude Oil Mini Futures,MCX
2026-06-10,mcx_pre_open,7362.09974685,7699.7853717401,7547.314374279899,7623.54987301,10000,83.0,MCX,MCX Crude Oil Mini Futures,MCX
2026-06-10,mcx_open_drive,7362.09974685,7699.7853717401,7547.314374279899,7623.54987301,10000,83.0,MCX,MCX Crude Oil Mini Futures,MCX
2026-06-10,india_morning,7362.09974685,7699.7853717401,7547.314374279899,7623.54987301,10000,83.0,MCX,MCX Crude Oil Mini Futures,MCX
2026-06-10,india_midday,7362.09974685,7699.7853717401,7547.314374279899,7623.54987301,10000,83.0,MCX,MCX Crude Oil Mini Futures,MCX
2026-06-10,europe_overlap,7362.09974685,7699.7853717401,7547.314374279899,7623.54987301,10000,83.0,MCX,MCX Crude Oil Mini Futures,MCX
2026-06-10,us_pre_open,7362.09974685,7699.7853717401,7547.314374279899,7623.54987301,10000,83.0,MCX,MCX Crude Oil Mini Futures,MCX
2026-06-10,us_open,7362.09974685,7699.7853717401,7547.314374279899,7623.54987301,10000,83.0,MCX,MCX Crude Oil Mini Futures,MCX
2026-06-10,mcx_tail,7362.09974685,7699.7853717401,7547.314374279899,7623.54987301,10000,83.0,MCX,MCX Crude Oil Mini Futures,MCX
2026-06-11,mcx_pre_open,7623.54987301,7244.5884465910995,7101.1312496289,7172.85984811,10000,83.0,MCX,MCX Crude Oil Mini Futures,MCX
2026-06-11,mcx_open_drive,7623.54987301,7244.5884465910995,7101.1312496289,7172.85984811,10000,83.0,MCX,MCX Crude Oil Mini Futures,MCX
2026-06-11,india_morning,7623.54987301,7244.5884465910995,7101.1312496289,7172.85984811,10000,83.0,MCX,MCX Crude Oil Mini Futures,MCX
2026-06-11,india_midday,7623.54987301,7244.5884465910995,7101.1312496289,7172.85984811,10000,83.0,MCX,MCX Crude Oil Mini Futures,MCX
2026-06-11,europe_overlap,7623.54987301,7244.5884465910995,7101.1312496289,7172.85984811,10000,83.0,MCX,MCX Crude Oil Mini Futures,MCX
2026-06-11,us_pre_open,7623.54987301,7244.5884465910995,7101.1312496289,7172.85984811,10000,83.0,MCX,MCX Crude Oil Mini Futures,MCX
2026-06-11,us_open,7623.54987301,7244.5884465910995,7101.1312496289,7172.85984811,10000,83.0,MCX,MCX Crude Oil Mini Futures,MCX
2026-06-11,mcx_tail,7623.54987301,7244.5884465910995,7101.1312496289,7172.85984811,10000,83.0,MCX,MCX Crude Oil Mini Futures,MCX
2026-06-12,mcx_pre_open,7172.85984811,7115.4901694675,6974.5893740325,7045.03977175,10000,83.0,MCX,MCX Crude Oil Mini Futures,MCX
2026-06-12,mcx_open_drive,7172.85984811,7115.4901694675,6974.5893740325,7045.03977175,10000,83.0,MCX,MCX Crude Oil Mini Futures,MCX
2026-06-12,india_morning,7172.85984811,7115.4901694675,6974.5893740325,7045.03977175,10000,83.0,MCX,MCX Crude Oil Mini Futures,MCX
2026-06-12,india_midday,7172.85984811,7115.4901694675,6974.5893740325,7045.03977175,10000,83.0,MCX,MCX Crude Oil Mini Futures,MCX
2026-06-12,europe_overlap,7172.85984811,7115.4901694675,6974.5893740325,7045.03977175,10000,83.0,MCX,MCX Crude Oil Mini Futures,MCX
2026-06-12,us_pre_open,7172.85984811,7115.4901694675,6974.5893740325,7045.03977175,10000,83.0,MCX,MCX Crude Oil Mini Futures,MCX
2026-06-12,us_open,7172.85984811,7115.4901694675,6974.5893740325,7045.03977175,10000,83.0,MCX,MCX Crude Oil Mini Futures,MCX
2026-06-12,mcx_tail,7172.85984811,7115.4901694675,6974.5893740325,7045.03977175,10000,83.0,MCX,MCX Crude Oil Mini Futures,MCX
2026-06-15,mcx_pre_open,7045.03977175,6803.643106817801,6668.9175007422,6736.28030378,10000,83.0,MCX,MCX Crude Oil Mini Futures,MCX
2026-06-15,mcx_open_drive,7045.03977175,6803.643106817801,6668.9175007422,6736.28030378,10000,83.0,MCX,MCX Crude Oil Mini Futures,MCX
2026-06-15,india_morning,7045.03977175,6803.643106817801,6668.9175007422,6736.28030378,10000,83.0,MCX,MCX Crude Oil Mini Futures,MCX
2026-06-15,india_midday,7045.03977175,6803.643106817801,6668.9175007422,6736.28030378,10000,83.0,MCX,MCX Crude Oil Mini Futures,MCX
2026-06-15,europe_overlap,7045.03977175,6803.643106817801,6668.9175007422,6736.28030378,10000,83.0,MCX,MCX Crude Oil Mini Futures,MCX
2026-06-15,us_pre_open,7045.03977175,6803.643106817801,6668.9175007422,6736.28030378,10000,83.0,MCX,MCX Crude Oil Mini Futures,MCX
2026-06-15,us_open,7045.03977175,6803.643106817801,6668.9175007422,6736.28030378,10000,83.0,MCX,MCX Crude Oil Mini Futures,MCX
2026-06-15,mcx_tail,7045.03977175,6803.643106817801,6668.9175007422,6736.28030378,10000,83.0,MCX,MCX Crude Oil Mini Futures,MCX
2026-06-16,mcx_pre_open,6736.28030378,6356.8290534089,6230.9512503711,6293.89015189,10000,83.0,MCX,MCX Crude Oil Mini Futures,MCX
2026-06-16,mcx_open_drive,6736.28030378,6356.8290534089,6230.9512503711,6293.89015189,10000,83.0,MCX,MCX Crude Oil Mini Futures,MCX
2026-06-16,india_morning,6736.28030378,6356.8290534089,6230.9512503711,6293.89015189,10000,83.0,MCX,MCX Crude Oil Mini Futures,MCX
2026-06-16,india_midday,6736.28030378,6356.8290534089,6230.9512503711,6293.89015189,10000,83.0,MCX,MCX Crude Oil Mini Futures,MCX
2026-06-16,europe_overlap,6736.28030378,6356.8290534089,6230.9512503711,6293.89015189,10000,83.0,MCX,MCX Crude Oil Mini Futures,MCX
2026-06-16,us_pre_open,6736.28030378,6356.8290534089,6230.9512503711,6293.89015189,10000,83.0,MCX,MCX Crude Oil Mini Futures,MCX
2026-06-16,us_open,6736.28030378,6356.8290534089,6230.9512503711,6293.89015189,10000,83.0,MCX,MCX Crude Oil Mini Futures,MCX
2026-06-16,mcx_tail,6736.28030378,6356.8290534089,6230.9512503711,6293.89015189,10000,83.0,MCX,MCX Crude Oil Mini Futures,MCX
2026-06-17,mcx_pre_open,6293.89015189,6288.0884793962,6163.5718758438,6225.83017762,10000,83.0,MCX,MCX Crude Oil Mini Futures,MCX
2026-06-17,mcx_open_drive,6293.89015189,6288.0884793962,6163.5718758438,6225.83017762,10000,83.0,MCX,MCX Crude Oil Mini Futures,MCX
2026-06-17,india_morning,6293.89015189,6288.0884793962,6163.5718758438,6225.83017762,10000,83.0,MCX,MCX Crude Oil Mini Futures,MCX
2026-06-17,india_midday,6293.89015189,6288.0884793962,6163.5718758438,6225.83017762,10000,83.0,MCX,MCX Crude Oil Mini Futures,MCX
2026-06-17,europe_overlap,6293.89015189,6288.0884793962,6163.5718758438,6225.83017762,10000,83.0,MCX,MCX Crude Oil Mini Futures,MCX
2026-06-17,us_pre_open,6293.89015189,6288.0884793962,6163.5718758438,6225.83017762,10000,83.0,MCX,MCX Crude Oil Mini Futures,MCX
2026-06-17,us_open,6293.89015189,6288.0884793962,6163.5718758438,6225.83017762,10000,83.0,MCX,MCX Crude Oil Mini Futures,MCX
2026-06-17,mcx_tail,6293.89015189,6288.0884793962,6163.5718758438,6225.83017762,10000,83.0,MCX,MCX Crude Oil Mini Futures,MCX
2026-06-18,mcx_pre_open,6225.83017762,6330.8413183312005,6205.478123908801,6268.1597211200005,10000,83.0,MCX,MCX Crude Oil Mini Futures,MCX
2026-06-18,mcx_open_drive,6225.83017762,6330.8413183312005,6205.478123908801,6268.1597211200005,10000,83.0,MCX,MCX Crude Oil Mini Futures,MCX
2026-06-18,india_morning,6225.83017762,6330.8413183312005,6205.478123908801,6268.1597211200005,10000,83.0,MCX,MCX Crude Oil Mini Futures,MCX
2026-06-18,india_midday,6225.83017762,6330.8413183312005,6205.478123908801,6268.1597211200005,10000,83.0,MCX,MCX Crude Oil Mini Futures,MCX
2026-06-18,europe_overlap,6225.83017762,6330.8413183312005,6205.478123908801,6268.1597211200005,10000,83.0,MCX,MCX Crude Oil Mini Futures,MCX
2026-06-18,us_pre_open,6225.83017762,6330.8413183312005,6205.478123908801,6268.1597211200005,10000,83.0,MCX,MCX Crude Oil Mini Futures,MCX
2026-06-18,us_open,6225.83017762,6330.8413183312005,6205.478123908801,6268.1597211200005,10000,83.0,MCX,MCX Crude Oil Mini Futures,MCX
2026-06-18,mcx_tail,6225.83017762,6330.8413183312005,6205.478123908801,6268.1597211200005,10000,83.0,MCX,MCX Crude Oil Mini Futures,MCX
2026-06-19,mcx_pre_open,6268.1597211200005,6309.0459793962,6184.114375843799,6246.58017762,10000,83.0,MCX,MCX Crude Oil Mini Futures,MCX
2026-06-19,mcx_open_drive,6268.1597211200005,6309.0459793962,6184.114375843799,6246.58017762,10000,83.0,MCX,MCX Crude Oil Mini Futures,MCX
2026-06-19,india_morning,6268.1597211200005,6309.0459793962,6184.114375843799,6246.58017762,10000,83.0,MCX,MCX Crude Oil Mini Futures,MCX
2026-06-19,india_midday,6268.1597211200005,6309.0459793962,6184.114375843799,6246.58017762,10000,83.0,MCX,MCX Crude Oil Mini Futures,MCX
2026-06-19,europe_overlap,6268.1597211200005,6309.0459793962,6184.114375843799,6246.58017762,10000,83.0,MCX,MCX Crude Oil Mini Futures,MCX
2026-06-19,us_pre_open,6268.1597211200005,6309.0459793962,6184.114375843799,6246.58017762,10000,83.0,MCX,MCX Crude Oil Mini Futures,MCX
2026-06-19,us_open,6268.1597211200005,6309.0459793962,6184.114375843799,6246.58017762,10000,83.0,MCX,MCX Crude Oil Mini Futures,MCX
2026-06-19,mcx_tail,6268.1597211200005,6309.0459793962,6184.114375843799,6246.58017762,10000,83.0,MCX,MCX Crude Oil Mini Futures,MCX
2026-06-22,mcx_pre_open,6246.58017762,6416.3482771235995,6289.2918755964,6352.82007636,10000,83.0,MCX,MCX Crude Oil Mini Futures,MCX
2026-06-22,mcx_open_drive,6246.58017762,6416.3482771235995,6289.2918755964,6352.82007636,10000,83.0,MCX,MCX Crude Oil Mini Futures,MCX
2026-06-22,india_morning,6246.58017762,6416.3482771235995,6289.2918755964,6352.82007636,10000,83.0,MCX,MCX Crude Oil Mini Futures,MCX
2026-06-22,india_midday,6246.58017762,6416.3482771235995,6289.2918755964,6352.82007636,10000,83.0,MCX,MCX Crude Oil Mini Futures,MCX
2026-06-22,europe_overlap,6246.58017762,6416.3482771235995,6289.2918755964,6352.82007636,10000,83.0,MCX,MCX Crude Oil Mini Futures,MCX
2026-06-22,us_pre_open,6246.58017762,6416.3482771235995,6289.2918755964,6352.82007636,10000,83.0,MCX,MCX Crude Oil Mini Futures,MCX
2026-06-22,us_open,6246.58017762,6416.3482771235995,6289.2918755964,6352.82007636,10000,83.0,MCX,MCX Crude Oil Mini Futures,MCX
2026-06-22,mcx_tail,6246.58017762,6416.3482771235995,6289.2918755964,6352.82007636,10000,83.0,MCX,MCX Crude Oil Mini Futures,MCX
2026-06-23,mcx_pre_open,6352.82007636,6123.7817556815,6002.5187506185,6063.15025315,10000,83.0,MCX,MCX Crude Oil Mini Futures,MCX
2026-06-23,mcx_open_drive,6352.82007636,6123.7817556815,6002.5187506185,6063.15025315,10000,83.0,MCX,MCX Crude Oil Mini Futures,MCX
2026-06-23,india_morning,6352.82007636,6123.7817556815,6002.5187506185,6063.15025315,10000,83.0,MCX,MCX Crude Oil Mini Futures,MCX
2026-06-23,india_midday,6352.82007636,6123.7817556815,6002.5187506185,6063.15025315,10000,83.0,MCX,MCX Crude Oil Mini Futures,MCX
2026-06-23,europe_overlap,6352.82007636,6123.7817556815,6002.5187506185,6063.15025315,10000,83.0,MCX,MCX Crude Oil Mini Futures,MCX
2026-06-23,us_pre_open,6352.82007636,6123.7817556815,6002.5187506185,6063.15025315,10000,83.0,MCX,MCX Crude Oil Mini Futures,MCX
2026-06-23,us_open,6352.82007636,6123.7817556815,6002.5187506185,6063.15025315,10000,83.0,MCX,MCX Crude Oil Mini Futures,MCX
2026-06-23,mcx_tail,6352.82007636,6123.7817556815,6002.5187506185,6063.15025315,10000,83.0,MCX,MCX Crude Oil Mini Futures,MCX
2026-06-24,mcx_pre_open,6063.15025315,5857.2023305325,5741.2181259675,5799.21022825,10000,83.0,MCX,MCX Crude Oil Mini Futures,MCX
2026-06-24,mcx_open_drive,6063.15025315,5857.2023305325,5741.2181259675,5799.21022825,10000,83.0,MCX,MCX Crude Oil Mini Futures,MCX
2026-06-24,india_morning,6063.15025315,5857.2023305325,5741.2181259675,5799.21022825,10000,83.0,MCX,MCX Crude Oil Mini Futures,MCX
2026-06-24,india_midday,6063.15025315,5857.2023305325,5741.2181259675,5799.21022825,10000,83.0,MCX,MCX Crude Oil Mini Futures,MCX
2026-06-24,europe_overlap,6063.15025315,5857.2023305325,5741.2181259675,5799.21022825,10000,83.0,MCX,MCX Crude Oil Mini Futures,MCX
2026-06-24,us_pre_open,6063.15025315,5857.2023305325,5741.2181259675,5799.21022825,10000,83.0,MCX,MCX Crude Oil Mini Futures,MCX
2026-06-24,us_open,6063.15025315,5857.2023305325,5741.2181259675,5799.21022825,10000,83.0,MCX,MCX Crude Oil Mini Futures,MCX
2026-06-24,mcx_tail,6063.15025315,5857.2023305325,5741.2181259675,5799.21022825,10000,83.0,MCX,MCX Crude Oil Mini Futures,MCX
2026-06-25,mcx_pre_open,5799.21022825,5991.3302022726,5872.690000247399,5932.01010126,10000,83.0,MCX,MCX Crude Oil Mini Futures,MCX
2026-06-25,mcx_open_drive,5799.21022825,5991.3302022726,5872.690000247399,5932.01010126,10000,83.0,MCX,MCX Crude Oil Mini Futures,MCX
2026-06-25,india_morning,5799.21022825,5991.3302022726,5872.690000247399,5932.01010126,10000,83.0,MCX,MCX Crude Oil Mini Futures,MCX
2026-06-25,india_midday,5799.21022825,5991.3302022726,5872.690000247399,5932.01010126,10000,83.0,MCX,MCX Crude Oil Mini Futures,MCX
2026-06-25,europe_overlap,5799.21022825,5991.3302022726,5872.690000247399,5932.01010126,10000,83.0,MCX,MCX Crude Oil Mini Futures,MCX
2026-06-25,us_pre_open,5799.21022825,5991.3302022726,5872.690000247399,5932.01010126,10000,83.0,MCX,MCX Crude Oil Mini Futures,MCX
2026-06-25,us_open,5799.21022825,5991.3302022726,5872.690000247399,5932.01010126,10000,83.0,MCX,MCX Crude Oil Mini Futures,MCX
2026-06-25,mcx_tail,5799.21022825,5991.3302022726,5872.690000247399,5932.01010126,10000,83.0,MCX,MCX Crude Oil Mini Futures,MCX
2026-06-26,mcx_pre_open,5932.01010126,5803.5511816687995,5688.629376091199,5746.0902788799995,10000,83.0,MCX,MCX Crude Oil Mini Futures,MCX
2026-06-26,mcx_open_drive,5932.01010126,5803.5511816687995,5688.629376091199,5746.0902788799995,10000,83.0,MCX,MCX Crude Oil Mini Futures,MCX
2026-06-26,india_morning,5932.01010126,5803.5511816687995,5688.629376091199,5746.0902788799995,10000,83.0,MCX,MCX Crude Oil Mini Futures,MCX
2026-06-26,india_midday,5932.01010126,5803.5511816687995,5688.629376091199,5746.0902788799995,10000,83.0,MCX,MCX Crude Oil Mini Futures,MCX
2026-06-26,europe_overlap,5932.01010126,5803.5511816687995,5688.629376091199,5746.0902788799995,10000,83.0,MCX,MCX Crude Oil Mini Futures,MCX
2026-06-26,us_pre_open,5932.01010126,5803.5511816687995,5688.629376091199,5746.0902788799995,10000,83.0,MCX,MCX Crude Oil Mini Futures,MCX
2026-06-26,us_open,5932.01010126,5803.5511816687995,5688.629376091199,5746.0902788799995,10000,83.0,MCX,MCX Crude Oil Mini Futures,MCX
2026-06-26,mcx_tail,5932.01010126,5803.5511816687995,5688.629376091199,5746.0902788799995,10000,83.0,MCX,MCX Crude Oil Mini Futures,MCX
2026-06-29,mcx_pre_open,5746.0902788799995,5903.3084465911,5786.4112496289,5844.85984811,10000,83.0,MCX,MCX Crude Oil Mini Futures,MCX
2026-06-29,mcx_open_drive,5746.0902788799995,5903.3084465911,5786.4112496289,5844.85984811,10000,83.0,MCX,MCX Crude Oil Mini Futures,MCX
2026-06-29,india_morning,5746.0902788799995,5903.3084465911,5786.4112496289,5844.85984811,10000,83.0,MCX,MCX Crude Oil Mini Futures,MCX
2026-06-29,india_midday,5746.0902788799995,5903.3084465911,5786.4112496289,5844.85984811,10000,83.0,MCX,MCX Crude Oil Mini Futures,MCX
2026-06-29,europe_overlap,5746.0902788799995,5903.3084465911,5786.4112496289,5844.85984811,10000,83.0,MCX,MCX Crude Oil Mini Futures,MCX
2026-06-29,us_pre_open,5746.0902788799995,5903.3084465911,5786.4112496289,5844.85984811,10000,83.0,MCX,MCX Crude Oil Mini Futures,MCX
2026-06-29,us_open,5746.0902788799995,5903.3084465911,5786.4112496289,5844.85984811,10000,83.0,MCX,MCX Crude Oil Mini Futures,MCX
2026-06-29,mcx_tail,5746.0902788799995,5903.3084465911,5786.4112496289,5844.85984811,10000,83.0,MCX,MCX Crude Oil Mini Futures,MCX
2026-06-30,mcx_pre_open,5844.85984811,5870.6147977274,5754.3649997526,5812.48989874,10000,83.0,MCX,MCX Crude Oil Mini Futures,MCX
2026-06-30,mcx_open_drive,5844.85984811,5870.6147977274,5754.3649997526,5812.48989874,10000,83.0,MCX,MCX Crude Oil Mini Futures,MCX
2026-06-30,india_morning,5844.85984811,5870.6147977274,5754.3649997526,5812.48989874,10000,83.0,MCX,MCX Crude Oil Mini Futures,MCX
2026-06-30,india_midday,5844.85984811,5870.6147977274,5754.3649997526,5812.48989874,10000,83.0,MCX,MCX Crude Oil Mini Futures,MCX
2026-06-30,europe_overlap,5844.85984811,5870.6147977274,5754.3649997526,5812.48989874,10000,83.0,MCX,MCX Crude Oil Mini Futures,MCX
2026-06-30,us_pre_open,5844.85984811,5870.6147977274,5754.3649997526,5812.48989874,10000,83.0,MCX,MCX Crude Oil Mini Futures,MCX
2026-06-30,us_open,5844.85984811,5870.6147977274,5754.3649997526,5812.48989874,10000,83.0,MCX,MCX Crude Oil Mini Futures,MCX
2026-06-30,mcx_tail,5844.85984811,5870.6147977274,5754.3649997526,5812.48989874,10000,83.0,MCX,MCX Crude Oil Mini Futures,MCX
2026-07-01,mcx_pre_open,5812.48989874,5707.9843931822,5594.9549992577995,5651.46969622,10000,83.0,MCX,MCX Crude Oil Mini Futures,MCX
2026-07-01,mcx_open_drive,5812.48989874,5707.9843931822,5594.9549992577995,5651.46969622,10000,83.0,MCX,MCX Crude Oil Mini Futures,MCX
2026-07-01,india_morning,5812.48989874,5707.9843931822,5594.9549992577995,5651.46969622,10000,83.0,MCX,MCX Crude Oil Mini Futures,MCX
2026-07-01,india_midday,5812.48989874,5707.9843931822,5594.9549992577995,5651.46969622,10000,83.0,MCX,MCX Crude Oil Mini Futures,MCX
2026-07-01,europe_overlap,5812.48989874,5707.9843931822,5594.9549992577995,5651.46969622,10000,83.0,MCX,MCX Crude Oil Mini Futures,MCX
2026-07-01,us_pre_open,5812.48989874,5707.9843931822,5594.9549992577995,5651.46969622,10000,83.0,MCX,MCX Crude Oil Mini Futures,MCX
2026-07-01,us_open,5812.48989874,5707.9843931822,5594.9549992577995,5651.46969622,10000,83.0,MCX,MCX Crude Oil Mini Futures,MCX
2026-07-01,mcx_tail,5812.48989874,5707.9843931822,5594.9549992577995,5651.46969622,10000,83.0,MCX,MCX Crude Oil Mini Futures,MCX
2026-07-02,mcx_pre_open,5651.46969622,5739.0017228764,5625.3581244036,5682.17992364,10000,83.0,MCX,MCX Crude Oil Mini Futures,MCX
2026-07-02,mcx_open_drive,5651.46969622,5739.0017228764,5625.3581244036,5682.17992364,10000,83.0,MCX,MCX Crude Oil Mini Futures,MCX
2026-07-02,india_morning,5651.46969622,5739.0017228764,5625.3581244036,5682.17992364,10000,83.0,MCX,MCX Crude Oil Mini Futures,MCX
2026-07-02,india_midday,5651.46969622,5739.0017228764,5625.3581244036,5682.17992364,10000,83.0,MCX,MCX Crude Oil Mini Futures,MCX
2026-07-02,europe_overlap,5651.46969622,5739.0017228764,5625.3581244036,5682.17992364,10000,83.0,MCX,MCX Crude Oil Mini Futures,MCX
2026-07-02,us_pre_open,5651.46969622,5739.0017228764,5625.3581244036,5682.17992364,10000,83.0,MCX,MCX Crude Oil Mini Futures,MCX
2026-07-02,us_open,5651.46969622,5739.0017228764,5625.3581244036,5682.17992364,10000,83.0,MCX,MCX Crude Oil Mini Futures,MCX
2026-07-02,mcx_tail,5651.46969622,5739.0017228764,5625.3581244036,5682.17992364,10000,83.0,MCX,MCX Crude Oil Mini Futures,MCX
2026-07-03,mcx_pre_open,5682.17992364,5785.1084793962,5670.551875843799,5727.83017762,10000,83.0,MCX,MCX Crude Oil Mini Futures,MCX
2026-07-03,mcx_open_drive,5682.17992364,5785.1084793962,5670.551875843799,5727.83017762,10000,83.0,MCX,MCX Crude Oil Mini Futures,MCX
2026-07-03,india_morning,5682.17992364,5785.1084793962,5670.551875843799,5727.83017762,10000,83.0,MCX,MCX Crude Oil Mini Futures,MCX
2026-07-03,india_midday,5682.17992364,5785.1084793962,5670.551875843799,5727.83017762,10000,83.0,MCX,MCX Crude Oil Mini Futures,MCX
2026-07-03,europe_overlap,5682.17992364,5785.1084793962,5670.551875843799,5727.83017762,10000,83.0,MCX,MCX Crude Oil Mini Futures,MCX
2026-07-03,us_pre_open,5682.17992364,5785.1084793962,5670.551875843799,5727.83017762,10000,83.0,MCX,MCX Crude Oil Mini Futures,MCX
2026-07-03,us_open,5682.17992364,5785.1084793962,5670.551875843799,5727.83017762,10000,83.0,MCX,MCX Crude Oil Mini Futures,MCX
2026-07-03,mcx_tail,5682.17992364,5785.1084793962,5670.551875843799,5727.83017762,10000,83.0,MCX,MCX Crude Oil Mini Futures,MCX
2026-07-06,mcx_pre_open,5727.83017762,5765.8272977274,5651.6524997526,5708.73989874,10000,83.0,MCX,MCX Crude Oil Mini Futures,MCX
2026-07-06,mcx_open_drive,5727.83017762,5765.8272977274,5651.6524997526,5708.73989874,10000,83.0,MCX,MCX Crude Oil Mini Futures,MCX
2026-07-06,india_morning,5727.83017762,5765.8272977274,5651.6524997526,5708.73989874,10000,83.0,MCX,MCX Crude Oil Mini Futures,MCX
2026-07-06,india_midday,5727.83017762,5765.8272977274,5651.6524997526,5708.73989874,10000,83.0,MCX,MCX Crude Oil Mini Futures,MCX
2026-07-06,europe_overlap,5727.83017762,5765.8272977274,5651.6524997526,5708.73989874,10000,83.0,MCX,MCX Crude Oil Mini Futures,MCX
2026-07-06,us_pre_open,5727.83017762,5765.8272977274,5651.6524997526,5708.73989874,10000,83.0,MCX,MCX Crude Oil Mini Futures,MCX
2026-07-06,us_open,5727.83017762,5765.8272977274,5651.6524997526,5708.73989874,10000,83.0,MCX,MCX Crude Oil Mini Futures,MCX
2026-07-06,mcx_tail,5727.83017762,5765.8272977274,5651.6524997526,5708.73989874,10000,83.0,MCX,MCX Crude Oil Mini Futures,MCX
2026-07-07,mcx_pre_open,5708.73989874,6052.5257443185,5932.6737493815,5992.59974685,10000,83.0,MCX,MCX Crude Oil Mini Futures,MCX
2026-07-07,mcx_open_drive,5708.73989874,6052.5257443185,5932.6737493815,5992.59974685,10000,83.0,MCX,MCX Crude Oil Mini Futures,MCX
2026-07-07,india_morning,5708.73989874,6052.5257443185,5932.6737493815,5992.59974685,10000,83.0,MCX,MCX Crude Oil Mini Futures,MCX
2026-07-07,india_midday,5708.73989874,6052.5257443185,5932.6737493815,5992.59974685,10000,83.0,MCX,MCX Crude Oil Mini Futures,MCX
2026-07-07,europe_overlap,5708.73989874,6052.5257443185,5932.6737493815,5992.59974685,10000,83.0,MCX,MCX Crude Oil Mini Futures,MCX
2026-07-07,us_pre_open,5708.73989874,6052.5257443185,5932.6737493815,5992.59974685,10000,83.0,MCX,MCX Crude Oil Mini Futures,MCX
2026-07-07,us_open,5708.73989874,6052.5257443185,5932.6737493815,5992.59974685,10000,83.0,MCX,MCX Crude Oil Mini Futures,MCX
2026-07-07,mcx_tail,5708.73989874,6052.5257443185,5932.6737493815,5992.59974685,10000,83.0,MCX,MCX Crude Oil Mini Futures,MCX
2026-07-08,mcx_pre_open,5992.59974685,6164.0197977274,6041.9599997526,6102.98989874,10000,83.0,MCX,MCX Crude Oil Mini Futures,MCX
2026-07-08,mcx_open_drive,5992.59974685,6164.0197977274,6041.9599997526,6102.98989874,10000,83.0,MCX,MCX Crude Oil Mini Futures,MCX
2026-07-08,india_morning,5992.59974685,6164.0197977274,6041.9599997526,6102.98989874,10000,83.0,MCX,MCX Crude Oil Mini Futures,MCX
2026-07-08,india_midday,5992.59974685,6164.0197977274,6041.9599997526,6102.98989874,10000,83.0,MCX,MCX Crude Oil Mini Futures,MCX
2026-07-08,europe_overlap,5992.59974685,6164.0197977274,6041.9599997526,6102.98989874,10000,83.0,MCX,MCX Crude Oil Mini Futures,MCX
2026-07-08,us_pre_open,5992.59974685,6164.0197977274,6041.9599997526,6102.98989874,10000,83.0,MCX,MCX Crude Oil Mini Futures,MCX
2026-07-08,us_open,5992.59974685,6164.0197977274,6041.9599997526,6102.98989874,10000,83.0,MCX,MCX Crude Oil Mini Futures,MCX
2026-07-08,mcx_tail,5992.59974685,6164.0197977274,6041.9599997526,6102.98989874,10000,83.0,MCX,MCX Crude Oil Mini Futures,MCX
2026-07-09,mcx_pre_open,6102.98989874,6019.832095454801,5900.6274995052,5960.22979748,10000,83.0,MCX,MCX Crude Oil Mini Futures,MCX
2026-07-09,mcx_open_drive,6102.98989874,6019.832095454801,5900.6274995052,5960.22979748,10000,83.0,MCX,MCX Crude Oil Mini Futures,MCX
2026-07-09,india_morning,6102.98989874,6019.832095454801,5900.6274995052,5960.22979748,10000,83.0,MCX,MCX Crude Oil Mini Futures,MCX
2026-07-09,india_midday,6102.98989874,6019.832095454801,5900.6274995052,5960.22979748,10000,83.0,MCX,MCX Crude Oil Mini Futures,MCX
2026-07-09,europe_overlap,6102.98989874,6019.832095454801,5900.6274995052,5960.22979748,10000,83.0,MCX,MCX Crude Oil Mini Futures,MCX
2026-07-09,us_pre_open,6102.98989874,6019.832095454801,5900.6274995052,5960.22979748,10000,83.0,MCX,MCX Crude Oil Mini Futures,MCX
2026-07-09,us_open,6102.98989874,6019.832095454801,5900.6274995052,5960.22979748,10000,83.0,MCX,MCX Crude Oil Mini Futures,MCX
2026-07-09,mcx_tail,6102.98989874,6019.832095454801,5900.6274995052,5960.22979748,10000,83.0,MCX,MCX Crude Oil Mini Futures,MCX
2026-07-10,mcx_pre_open,5960.22979748,5986.3006068178,5867.760000742201,5927.03030378,10000,83.0,MCX,MCX Crude Oil Mini Futures,MCX
2026-07-10,mcx_open_drive,5960.22979748,5986.3006068178,5867.760000742201,5927.03030378,10000,83.0,MCX,MCX Crude Oil Mini Futures,MCX
2026-07-10,india_morning,5960.22979748,5986.3006068178,5867.760000742201,5927.03030378,10000,83.0,MCX,MCX Crude Oil Mini Futures,MCX
2026-07-10,india_midday,5960.22979748,5986.3006068178,5867.760000742201,5927.03030378,10000,83.0,MCX,MCX Crude Oil Mini Futures,MCX
2026-07-10,europe_overlap,5960.22979748,5986.3006068178,5867.760000742201,5927.03030378,10000,83.0,MCX,MCX Crude Oil Mini Futures,MCX
2026-07-10,us_pre_open,5960.22979748,5986.3006068178,5867.760000742201,5927.03030378,10000,83.0,MCX,MCX Crude Oil Mini Futures,MCX
2026-07-10,us_open,5960.22979748,5986.3006068178,5867.760000742201,5927.03030378,10000,83.0,MCX,MCX Crude Oil Mini Futures,MCX
2026-07-10,mcx_tail,5960.22979748,5986.3006068178,5867.760000742201,5927.03030378,10000,83.0,MCX,MCX Crude Oil Mini Futures,MCX
2026-07-13,mcx_pre_open,5927.03030378,6538.74,6409.26,6474.0,10000,83.0,MCX,MCX Crude Oil Mini Futures,MCX
2026-07-13,mcx_open_drive,5927.03030378,6538.74,6409.26,6474.0,10000,83.0,MCX,MCX Crude Oil Mini Futures,MCX
2026-07-13,india_morning,5927.03030378,6538.74,6409.26,6474.0,10000,83.0,MCX,MCX Crude Oil Mini Futures,MCX
2026-07-13,india_midday,5927.03030378,6538.74,6409.26,6474.0,10000,83.0,MCX,MCX Crude Oil Mini Futures,MCX
2026-07-13,europe_overlap,5927.03030378,6538.74,6409.26,6474.0,10000,83.0,MCX,MCX Crude Oil Mini Futures,MCX
2026-07-13,us_pre_open,5927.03030378,6538.74,6409.26,6474.0,10000,83.0,MCX,MCX Crude Oil Mini Futures,MCX
2026-07-13,us_open,5927.03030378,6538.74,6409.26,6474.0,10000,83.0,MCX,MCX Crude Oil Mini Futures,MCX
2026-07-13,mcx_tail,5927.03030378,6538.74,6409.26,6474.0,10000,83.0,MCX,MCX Crude Oil Mini Futures,MCX
2026-07-14,mcx_pre_open,6474.0,6692.1490534089,6559.631250371101,6625.89015189,10000,83.0,MCX,MCX Crude Oil Mini Futures,MCX
2026-07-14,mcx_open_drive,6474.0,6692.1490534089,6559.631250371101,6625.89015189,10000,83.0,MCX,MCX Crude Oil Mini Futures,MCX
2026-07-14,india_morning,6474.0,6692.1490534089,6559.631250371101,6625.89015189,10000,83.0,MCX,MCX Crude Oil Mini Futures,MCX
2026-07-14,india_midday,6474.0,6692.1490534089,6559.631250371101,6625.89015189,10000,83.0,MCX,MCX Crude Oil Mini Futures,MCX
2026-07-14,europe_overlap,6474.0,6692.1490534089,6559.631250371101,6625.89015189,10000,83.0,MCX,MCX Crude Oil Mini Futures,MCX
2026-07-14,us_pre_open,6474.0,6692.1490534089,6559.631250371101,6625.89015189,10000,83.0,MCX,MCX Crude Oil Mini Futures,MCX
2026-07-14,us_open,6474.0,6692.1490534089,6559.631250371101,6625.89015189,10000,83.0,MCX,MCX Crude Oil Mini Futures,MCX
2026-07-14,mcx_tail,6474.0,6692.1490534089,6559.631250371101,6625.89015189,10000,83.0,MCX,MCX Crude Oil Mini Futures,MCX
2026-07-15,mcx_pre_open,6625.89015189,6726.5190206038005,6593.3206241562,6659.91982238,10000,83.0,MCX,MCX Crude Oil Mini Futures,MCX
2026-07-15,mcx_open_drive,6625.89015189,6726.5190206038005,6593.3206241562,6659.91982238,10000,83.0,MCX,MCX Crude Oil Mini Futures,MCX
2026-07-15,india_morning,6625.89015189,6726.5190206038005,6593.3206241562,6659.91982238,10000,83.0,MCX,MCX Crude Oil Mini Futures,MCX
2026-07-15,india_midday,6625.89015189,6726.5190206038005,6593.3206241562,6659.91982238,10000,83.0,MCX,MCX Crude Oil Mini Futures,MCX
2026-07-15,europe_overlap,6625.89015189,6726.5190206038005,6593.3206241562,6659.91982238,10000,83.0,MCX,MCX Crude Oil Mini Futures,MCX
2026-07-15,us_pre_open,6625.89015189,6726.5190206038005,6593.3206241562,6659.91982238,10000,83.0,MCX,MCX Crude Oil Mini Futures,MCX
2026-07-15,us_open,6625.89015189,6726.5190206038005,6593.3206241562,6659.91982238,10000,83.0,MCX,MCX Crude Oil Mini Futures,MCX
2026-07-15,mcx_tail,6625.89015189,6726.5190206038005,6593.3206241562,6659.91982238,10000,83.0,MCX,MCX Crude Oil Mini Futures,MCX
2026-07-16,mcx_pre_open,6659.91982238,6613.3486488637,6482.391249876299,6547.86994937,10000,83.0,MCX,MCX Crude Oil Mini Futures,MCX
2026-07-16,mcx_open_drive,6659.91982238,6613.3486488637,6482.391249876299,6547.86994937,10000,83.0,MCX,MCX Crude Oil Mini Futures,MCX
2026-07-16,india_morning,6659.91982238,6613.3486488637,6482.391249876299,6547.86994937,10000,83.0,MCX,MCX Crude Oil Mini Futures,MCX
2026-07-16,india_midday,6659.91982238,6613.3486488637,6482.391249876299,6547.86994937,10000,83.0,MCX,MCX Crude Oil Mini Futures,MCX
2026-07-16,europe_overlap,6659.91982238,6613.3486488637,6482.391249876299,6547.86994937,10000,83.0,MCX,MCX Crude Oil Mini Futures,MCX
2026-07-16,us_pre_open,6659.91982238,6613.3486488637,6482.391249876299,6547.86994937,10000,83.0,MCX,MCX Crude Oil Mini Futures,MCX
2026-07-16,us_open,6659.91982238,6613.3486488637,6482.391249876299,6547.86994937,10000,83.0,MCX,MCX Crude Oil Mini Futures,MCX
2026-07-16,mcx_tail,6659.91982238,6613.3486488637,6482.391249876299,6547.86994937,10000,83.0,MCX,MCX Crude Oil Mini Futures,MCX
2026-07-17,mcx_pre_open,6547.86994937,6855.6172977274,6719.8624997526,6787.73989874,10000,83.0,MCX,MCX Crude Oil Mini Futures,MCX
2026-07-17,mcx_open_drive,6547.86994937,6855.6172977274,6719.8624997526,6787.73989874,10000,83.0,MCX,MCX Crude Oil Mini Futures,MCX
2026-07-17,india_morning,6547.86994937,6855.6172977274,6719.8624997526,6787.73989874,10000,83.0,MCX,MCX Crude Oil Mini Futures,MCX
2026-07-17,india_midday,6547.86994937,6855.6172977274,6719.8624997526,6787.73989874,10000,83.0,MCX,MCX Crude Oil Mini Futures,MCX
2026-07-17,europe_overlap,6547.86994937,6855.6172977274,6719.8624997526,6787.73989874,10000,83.0,MCX,MCX Crude Oil Mini Futures,MCX
2026-07-17,us_pre_open,6547.86994937,6855.6172977274,6719.8624997526,6787.73989874,10000,83.0,MCX,MCX Crude Oil Mini Futures,MCX
2026-07-17,us_open,6547.86994937,6855.6172977274,6719.8624997526,6787.73989874,10000,83.0,MCX,MCX Crude Oil Mini Futures,MCX
2026-07-17,mcx_tail,6547.86994937,6855.6172977274,6719.8624997526,6787.73989874,10000,83.0,MCX,MCX Crude Oil Mini Futures,MCX
2026-07-20,mcx_pre_open,6787.73989874,6909.2684465911,6772.4512496289,6840.85984811,10000,83.0,MCX,MCX Crude Oil Mini Futures,MCX
2026-07-20,mcx_open_drive,6787.73989874,6909.2684465911,6772.4512496289,6840.85984811,10000,83.0,MCX,MCX Crude Oil Mini Futures,MCX
2026-07-20,india_morning,6787.73989874,6909.2684465911,6772.4512496289,6840.85984811,10000,83.0,MCX,MCX Crude Oil Mini Futures,MCX
2026-07-20,india_midday,6787.73989874,6909.2684465911,6772.4512496289,6840.85984811,10000,83.0,MCX,MCX Crude Oil Mini Futures,MCX
2026-07-20,europe_overlap,6787.73989874,6909.2684465911,6772.4512496289,6840.85984811,10000,83.0,MCX,MCX Crude Oil Mini Futures,MCX
2026-07-20,us_pre_open,6787.73989874,6909.2684465911,6772.4512496289,6840.85984811,10000,83.0,MCX,MCX Crude Oil Mini Futures,MCX
2026-07-20,us_open,6787.73989874,6909.2684465911,6772.4512496289,6840.85984811,10000,83.0,MCX,MCX Crude Oil Mini Futures,MCX
2026-07-20,mcx_tail,6787.73989874,6909.2684465911,6772.4512496289,6840.85984811,10000,83.0,MCX,MCX Crude Oil Mini Futures,MCX
2026-07-21,mcx_pre_open,6840.85984811,7086.9882771236,6946.6518755964,7016.82007636,10000,83.0,MCX,MCX Crude Oil Mini Futures,MCX
2026-07-21,mcx_open_drive,6840.85984811,7086.9882771236,6946.6518755964,7016.82007636,10000,83.0,MCX,MCX Crude Oil Mini Futures,MCX
2026-07-21,india_morning,6840.85984811,7086.9882771236,6946.6518755964,7016.82007636,10000,83.0,MCX,MCX Crude Oil Mini Futures,MCX
2026-07-21,india_midday,6840.85984811,7086.9882771236,6946.6518755964,7016.82007636,10000,83.0,MCX,MCX Crude Oil Mini Futures,MCX
2026-07-21,europe_overlap,6840.85984811,7086.9882771236,6946.6518755964,7016.82007636,10000,83.0,MCX,MCX Crude Oil Mini Futures,MCX
2026-07-21,us_pre_open,6840.85984811,7086.9882771236,6946.6518755964,7016.82007636,10000,83.0,MCX,MCX Crude Oil Mini Futures,MCX
2026-07-21,us_open,6840.85984811,7086.9882771236,6946.6518755964,7016.82007636,10000,83.0,MCX,MCX Crude Oil Mini Futures,MCX
2026-07-21,mcx_tail,6840.85984811,7086.9882771236,6946.6518755964,7016.82007636,10000,83.0,MCX,MCX Crude Oil Mini Futures,MCX
2026-07-22,mcx_pre_open,7016.82007636,7249.6186816688,7106.061876091199,7177.8402788799995,10000,83.0,MCX,MCX Crude Oil Mini Futures,MCX
2026-07-22,mcx_open_drive,7016.82007636,7249.6186816688,7106.061876091199,7177.8402788799995,10000,83.0,MCX,MCX Crude Oil Mini Futures,MCX
2026-07-22,india_morning,7016.82007636,7249.6186816688,7106.061876091199,7177.8402788799995,10000,83.0,MCX,MCX Crude Oil Mini Futures,MCX
2026-07-22,india_midday,7016.82007636,7249.6186816688,7106.061876091199,7177.8402788799995,10000,83.0,MCX,MCX Crude Oil Mini Futures,MCX
2026-07-22,europe_overlap,7016.82007636,7249.6186816688,7106.061876091199,7177.8402788799995,10000,83.0,MCX,MCX Crude Oil Mini Futures,MCX
2026-07-22,us_pre_open,7016.82007636,7249.6186816688,7106.061876091199,7177.8402788799995,10000,83.0,MCX,MCX Crude Oil Mini Futures,MCX
2026-07-22,us_open,7016.82007636,7249.6186816688,7106.061876091199,7177.8402788799995,10000,83.0,MCX,MCX Crude Oil Mini Futures,MCX
2026-07-22,mcx_tail,7016.82007636,7249.6186816688,7106.061876091199,7177.8402788799995,10000,83.0,MCX,MCX Crude Oil Mini Futures,MCX
2026-07-23,mcx_pre_open,7177.8402788799995,7742.538851136301,7589.2212501237,7665.88005063,10000,83.0,MCX,MCX Crude Oil Mini Futures,MCX
2026-07-23,mcx_open_drive,7177.8402788799995,7742.538851136301,7589.2212501237,7665.88005063,10000,83.0,MCX,MCX Crude Oil Mini Futures,MCX
2026-07-23,india_morning,7177.8402788799995,7742.538851136301,7589.2212501237,7665.88005063,10000,83.0,MCX,MCX Crude Oil Mini Futures,MCX
2026-07-23,india_midday,7177.8402788799995,7742.538851136301,7589.2212501237,7665.88005063,10000,83.0,MCX,MCX Crude Oil Mini Futures,MCX
2026-07-23,europe_overlap,7177.8402788799995,7742.538851136301,7589.2212501237,7665.88005063,10000,83.0,MCX,MCX Crude Oil Mini Futures,MCX
2026-07-23,us_pre_open,7177.8402788799995,7742.538851136301,7589.2212501237,7665.88005063,10000,83.0,MCX,MCX Crude Oil Mini Futures,MCX
2026-07-23,us_open,7177.8402788799995,7742.538851136301,7589.2212501237,7665.88005063,10000,83.0,MCX,MCX Crude Oil Mini Futures,MCX
2026-07-23,mcx_tail,7177.8402788799995,7742.538851136301,7589.2212501237,7665.88005063,10000,83.0,MCX,MCX Crude Oil Mini Futures,MCX
2026-07-24,mcx_pre_open,7665.88005063,7486.8570954548,7338.6024995052,7412.72979748,10000,83.0,MCX,MCX Crude Oil Mini Futures,MCX
2026-07-24,mcx_open_drive,7665.88005063,7486.8570954548,7338.6024995052,7412.72979748,10000,83.0,MCX,MCX Crude Oil Mini Futures,MCX
2026-07-24,india_morning,7665.88005063,7486.8570954548,7338.6024995052,7412.72979748,10000,83.0,MCX,MCX Crude Oil Mini Futures,MCX
2026-07-24,india_midday,7665.88005063,7486.8570954548,7338.6024995052,7412.72979748,10000,83.0,MCX,MCX Crude Oil Mini Futures,MCX
2026-07-24,europe_overlap,7665.88005063,7486.8570954548,7338.6024995052,7412.72979748,10000,83.0,MCX,MCX Crude Oil Mini Futures,MCX
2026-07-24,us_pre_open,7665.88005063,7486.8570954548,7338.6024995052,7412.72979748,10000,83.0,MCX,MCX Crude Oil Mini Futures,MCX
2026-07-24,us_open,7665.88005063,7486.8570954548,7338.6024995052,7412.72979748,10000,83.0,MCX,MCX Crude Oil Mini Futures,MCX
2026-07-24,mcx_tail,7665.88005063,7486.8570954548,7338.6024995052,7412.72979748,10000,83.0,MCX,MCX Crude Oil Mini Futures,MCX
2026-07-27,mcx_pre_open,7412.72979748,6866.5156068178,6730.5450007422005,6798.53030378,10000,83.0,MCX,MCX Crude Oil Mini Futures,MCX
2026-07-27,mcx_open_drive,7412.72979748,6866.5156068178,6730.5450007422005,6798.53030378,10000,83.0,MCX,MCX Crude Oil Mini Futures,MCX
2026-07-27,india_morning,7412.72979748,6866.5156068178,6730.5450007422005,6798.53030378,10000,83.0,MCX,MCX Crude Oil Mini Futures,MCX
2026-07-27,india_midday,7412.72979748,6866.5156068178,6730.5450007422005,6798.53030378,10000,83.0,MCX,MCX Crude Oil Mini Futures,MCX
2026-07-27,europe_overlap,7412.72979748,6866.5156068178,6730.5450007422005,6798.53030378,10000,83.0,MCX,MCX Crude Oil Mini Futures,MCX
2026-07-27,us_pre_open,7412.72979748,6866.5156068178,6730.5450007422005,6798.53030378,10000,83.0,MCX,MCX Crude Oil Mini Futures,MCX
2026-07-27,us_open,7412.72979748,6866.5156068178,6730.5450007422005,6798.53030378,10000,83.0,MCX,MCX Crude Oil Mini Futures,MCX
2026-07-27,mcx_tail,7412.72979748,6866.5156068178,6730.5450007422005,6798.53030378,10000,83.0,MCX,MCX Crude Oil Mini Futures,MCX
2026-07-28,mcx_pre_open,6798.53030378,6633.4676694675,6502.1118740325,6567.78977175,10000,83.0,MCX,MCX Crude Oil Mini Futures,MCX
2026-07-28,mcx_open_drive,6798.53030378,6633.4676694675,6502.1118740325,6567.78977175,10000,83.0,MCX,MCX Crude Oil Mini Futures,MCX
2026-07-28,india_morning,6798.53030378,6633.4676694675,6502.1118740325,6567.78977175,10000,83.0,MCX,MCX Crude Oil Mini Futures,MCX
2026-07-28,india_midday,6798.53030378,6633.4676694675,6502.1118740325,6567.78977175,10000,83.0,MCX,MCX Crude Oil Mini Futures,MCX
2026-07-28,europe_overlap,6798.53030378,6633.4676694675,6502.1118740325,6567.78977175,10000,83.0,MCX,MCX Crude Oil Mini Futures,MCX
2026-07-28,us_pre_open,6798.53030378,6633.4676694675,6502.1118740325,6567.78977175,10000,83.0,MCX,MCX Crude Oil Mini Futures,MCX
2026-07-28,us_open,6798.53030378,6633.4676694675,6502.1118740325,6567.78977175,10000,83.0,MCX,MCX Crude Oil Mini Futures,MCX
2026-07-28,mcx_tail,6798.53030378,6633.4676694675,6502.1118740325,6567.78977175,10000,83.0,MCX,MCX Crude Oil Mini Futures,MCX
2026-07-29,mcx_pre_open,6567.78977175,7092.0178717400995,6951.5818742799,7021.79987301,10000,83.0,MCX,MCX Crude Oil Mini Futures,MCX
2026-07-29,mcx_open_drive,6567.78977175,7092.0178717400995,6951.5818742799,7021.79987301,10000,83.0,MCX,MCX Crude Oil Mini Futures,MCX
2026-07-29,india_morning,6567.78977175,7092.0178717400995,6951.5818742799,7021.79987301,10000,83.0,MCX,MCX Crude Oil Mini Futures,MCX
2026-07-29,india_midday,6567.78977175,7092.0178717400995,6951.5818742799,7021.79987301,10000,83.0,MCX,MCX Crude Oil Mini Futures,MCX
2026-07-29,europe_overlap,6567.78977175,7092.0178717400995,6951.5818742799,7021.79987301,10000,83.0,MCX,MCX Crude Oil Mini Futures,MCX
2026-07-29,us_pre_open,6567.78977175,7092.0178717400995,6951.5818742799,7021.79987301,10000,83.0,MCX,MCX Crude Oil Mini Futures,MCX
2026-07-29,us_open,6567.78977175,7092.0178717400995,6951.5818742799,7021.79987301,10000,83.0,MCX,MCX Crude Oil Mini Futures,MCX
2026-07-29,mcx_tail,6567.78977175,7092.0178717400995,6951.5818742799,7021.79987301,10000,83.0,MCX,MCX Crude Oil Mini Futures,MCX
2026-07-30,mcx_pre_open,7021.79987301,7038.366722876401,6898.9931244036,6968.67992364,10000,83.0,MCX,MCX Crude Oil Mini Futures,MCX
2026-07-30,mcx_open_drive,7021.79987301,7038.366722876401,6898.9931244036,6968.67992364,10000,83.0,MCX,MCX Crude Oil Mini Futures,MCX
2026-07-30,india_morning,7021.79987301,7038.366722876401,6898.9931244036,6968.67992364,10000,83.0,MCX,MCX Crude Oil Mini Futures,MCX
2026-07-30,india_midday,7021.79987301,7038.366722876401,6898.9931244036,6968.67992364,10000,83.0,MCX,MCX Crude Oil Mini Futures,MCX
2026-07-30,europe_overlap,7021.79987301,7038.366722876401,6898.9931244036,6968.67992364,10000,83.0,MCX,MCX Crude Oil Mini Futures,MCX
2026-07-30,us_pre_open,7021.79987301,7038.366722876401,6898.9931244036,6968.67992364,10000,83.0,MCX,MCX Crude Oil Mini Futures,MCX
2026-07-30,us_open,7021.79987301,7038.366722876401,6898.9931244036,6968.67992364,10000,83.0,MCX,MCX Crude Oil Mini Futures,MCX
2026-07-30,mcx_tail,7021.79987301,7038.366722876401,6898.9931244036,6968.67992364,10000,83.0,MCX,MCX Crude Oil Mini Futures,MCX
2026-07-31,mcx_pre_open,6968.67992364,7097.8859465911,6957.3337496289,7027.60984811,10000,83.0,MCX,MCX Crude Oil Mini Futures,MCX
2026-07-31,mcx_open_drive,6968.67992364,7097.8859465911,6957.3337496289,7027.60984811,10000,83.0,MCX,MCX Crude Oil Mini Futures,MCX
2026-07-31,india_morning,6968.67992364,7097.8859465911,6957.3337496289,7027.60984811,10000,83.0,MCX,MCX Crude Oil Mini Futures,MCX
2026-07-31,india_midday,6968.67992364,7097.8859465911,6957.3337496289,7027.60984811,10000,83.0,MCX,MCX Crude Oil Mini Futures,MCX
2026-07-31,europe_overlap,6968.67992364,7097.8859465911,6957.3337496289,7027.60984811,10000,83.0,MCX,MCX Crude Oil Mini Futures,MCX
2026-07-31,us_pre_open,6968.67992364,7097.8859465911,6957.3337496289,7027.60984811,10000,83.0,MCX,MCX Crude Oil Mini Futures,MCX
2026-07-31,us_open,6968.67992364,7097.8859465911,6957.3337496289,7027.60984811,10000,83.0,MCX,MCX Crude Oil Mini Futures,MCX
2026-07-31,mcx_tail,6968.67992364,7097.8859465911,6957.3337496289,7027.60984811,10000,83.0,MCX,MCX Crude Oil Mini Futures,MCX
2026-08-03,mcx_pre_open,7027.60984811,6711.429595454801,6578.5299995052,6644.97979748,10000,83.0,MCX,MCX Crude Oil Mini Futures,MCX
2026-08-03,mcx_open_drive,7027.60984811,6711.429595454801,6578.5299995052,6644.97979748,10000,83.0,MCX,MCX Crude Oil Mini Futures,MCX
2026-08-03,india_morning,7027.60984811,6711.429595454801,6578.5299995052,6644.97979748,10000,83.0,MCX,MCX Crude Oil Mini Futures,MCX
2026-08-03,india_midday,7027.60984811,6711.429595454801,6578.5299995052,6644.97979748,10000,83.0,MCX,MCX Crude Oil Mini Futures,MCX
2026-08-03,europe_overlap,7027.60984811,6711.429595454801,6578.5299995052,6644.97979748,10000,83.0,MCX,MCX Crude Oil Mini Futures,MCX
2026-08-03,us_pre_open,7027.60984811,6711.429595454801,6578.5299995052,6644.97979748,10000,83.0,MCX,MCX Crude Oil Mini Futures,MCX
2026-08-03,us_open,7027.60984811,6711.429595454801,6578.5299995052,6644.97979748,10000,83.0,MCX,MCX Crude Oil Mini Futures,MCX
2026-08-03,mcx_tail,7027.60984811,6711.429595454801,6578.5299995052,6644.97979748,10000,83.0,MCX,MCX Crude Oil Mini Futures,MCX
2026-08-04,mcx_pre_open,6644.97979748,6298.9861488637,6174.2537498762995,6236.61994937,10000,83.0,MCX,MCX Crude Oil Mini Futures,MCX
2026-08-04,mcx_open_drive,6644.97979748,6298.9861488637,6174.2537498762995,6236.61994937,10000,83.0,MCX,MCX Crude Oil Mini Futures,MCX
2026-08-04,india_morning,6644.97979748,6298.9861488637,6174.2537498762995,6236.61994937,10000,83.0,MCX,MCX Crude Oil Mini Futures,MCX
2026-08-04,india_midday,6644.97979748,6298.9861488637,6174.2537498762995,6236.61994937,10000,83.0,MCX,MCX Crude Oil Mini Futures,MCX
2026-08-04,europe_overlap,6644.97979748,6298.9861488637,6174.2537498762995,6236.61994937,10000,83.0,MCX,MCX Crude Oil Mini Futures,MCX
2026-08-04,us_pre_open,6644.97979748,6298.9861488637,6174.2537498762995,6236.61994937,10000,83.0,MCX,MCX Crude Oil Mini Futures,MCX
2026-08-04,us_open,6644.97979748,6298.9861488637,6174.2537498762995,6236.61994937,10000,83.0,MCX,MCX Crude Oil Mini Futures,MCX
2026-08-04,mcx_tail,6644.97979748,6298.9861488637,6174.2537498762995,6236.61994937,10000,83.0,MCX,MCX Crude Oil Mini Futures,MCX
2026-08-05,mcx_pre_open,6236.61994937,6293.956553408901,6169.3237503711,6231.64015189,10000,83.0,MCX,MCX Crude Oil Mini Futures,MCX
2026-08-05,mcx_open_drive,6236.61994937,6293.956553408901,6169.3237503711,6231.64015189,10000,83.0,MCX,MCX Crude Oil Mini Futures,MCX
2026-08-05,india_morning,6236.61994937,6293.956553408901,6169.3237503711,6231.64015189,10000,83.0,MCX,MCX Crude Oil Mini Futures,MCX
2026-08-05,india_midday,6236.61994937,6293.956553408901,6169.3237503711,6231.64015189,10000,83.0,MCX,MCX Crude Oil Mini Futures,MCX
2026-08-05,europe_overlap,6236.61994937,6293.956553408901,6169.3237503711,6231.64015189,10000,83.0,MCX,MCX Crude Oil Mini Futures,MCX
2026-08-05,us_pre_open,6236.61994937,6293.956553408901,6169.3237503711,6231.64015189,10000,83.0,MCX,MCX Crude Oil Mini Futures,MCX
2026-08-05,us_open,6236.61994937,6293.956553408901,6169.3237503711,6231.64015189,10000,83.0,MCX,MCX Crude Oil Mini Futures,MCX
2026-08-05,mcx_tail,6236.61994937,6293.956553408901,6169.3237503711,6231.64015189,10000,83.0,MCX,MCX Crude Oil Mini Futures,MCX
2026-08-06,mcx_pre_open,6231.64015189,6558.0211816688,6428.159376091199,6493.0902788799995,10000,83.0,MCX,MCX Crude Oil Mini Futures,MCX
2026-08-06,mcx_open_drive,6231.64015189,6558.0211816688,6428.159376091199,6493.0902788799995,10000,83.0,MCX,MCX Crude Oil Mini Futures,MCX
2026-08-06,india_morning,6231.64015189,6558.0211816688,6428.159376091199,6493.0902788799995,10000,83.0,MCX,MCX Crude Oil Mini Futures,MCX
2026-08-06,india_midday,6231.64015189,6558.0211816688,6428.159376091199,6493.0902788799995,10000,83.0,MCX,MCX Crude Oil Mini Futures,MCX
2026-08-06,europe_overlap,6231.64015189,6558.0211816688,6428.159376091199,6493.0902788799995,10000,83.0,MCX,MCX Crude Oil Mini Futures,MCX
2026-08-06,us_pre_open,6231.64015189,6558.0211816688,6428.159376091199,6493.0902788799995,10000,83.0,MCX,MCX Crude Oil Mini Futures,MCX
2026-08-06,us_open,6231.64015189,6558.0211816688,6428.159376091199,6493.0902788799995,10000,83.0,MCX,MCX Crude Oil Mini Futures,MCX
2026-08-06,mcx_tail,6231.64015189,6558.0211816688,6428.159376091199,6493.0902788799995,10000,83.0,MCX,MCX Crude Oil Mini Futures,MCX
2026-08-07,mcx_pre_open,6493.0902788799995,6553.829425987299,6424.0506254727,6488.940025729999,10000,83.0,MCX,MCX Crude Oil Mini Futures,MCX
2026-08-07,mcx_open_drive,6493.0902788799995,6553.829425987299,6424.0506254727,6488.940025729999,10000,83.0,MCX,MCX Crude Oil Mini Futures,MCX
2026-08-07,india_morning,6493.0902788799995,6553.829425987299,6424.0506254727,6488.940025729999,10000,83.0,MCX,MCX Crude Oil Mini Futures,MCX
2026-08-07,india_midday,6493.0902788799995,6553.829425987299,6424.0506254727,6488.940025729999,10000,83.0,MCX,MCX Crude Oil Mini Futures,MCX
2026-08-07,europe_overlap,6493.0902788799995,6553.829425987299,6424.0506254727,6488.940025729999,10000,83.0,MCX,MCX Crude Oil Mini Futures,MCX
2026-08-07,us_pre_open,6493.0902788799995,6553.829425987299,6424.0506254727,6488.940025729999,10000,83.0,MCX,MCX Crude Oil Mini Futures,MCX
2026-08-07,us_open,6493.0902788799995,6553.829425987299,6424.0506254727,6488.940025729999,10000,83.0,MCX,MCX Crude Oil Mini Futures,MCX
2026-08-07,mcx_tail,6493.0902788799995,6553.829425987299,6424.0506254727,6488.940025729999,10000,83.0,MCX,MCX Crude Oil Mini Futures,MCX
2026-08-10,mcx_pre_open,6488.940025729999,6899.2092556815005,6762.5912506184995,6830.90025315,10000,83.0,MCX,MCX Crude Oil Mini Futures,MCX
2026-08-10,mcx_open_drive,6488.940025729999,6899.2092556815005,6762.5912506184995,6830.90025315,10000,83.0,MCX,MCX Crude Oil Mini Futures,MCX
2026-08-10,india_morning,6488.940025729999,6899.2092556815005,6762.5912506184995,6830.90025315,10000,83.0,MCX,MCX Crude Oil Mini Futures,MCX
2026-08-10,india_midday,6488.940025729999,6899.2092556815005,6762.5912506184995,6830.90025315,10000,83.0,MCX,MCX Crude Oil Mini Futures,MCX
2026-08-10,europe_overlap,6488.940025729999,6899.2092556815005,6762.5912506184995,6830.90025315,10000,83.0,MCX,MCX Crude Oil Mini Futures,MCX
2026-08-10,us_pre_open,6488.940025729999,6899.2092556815005,6762.5912506184995,6830.90025315,10000,83.0,MCX,MCX Crude Oil Mini Futures,MCX
2026-08-10,us_open,6488.940025729999,6899.2092556815005,6762.5912506184995,6830.90025315,10000,83.0,MCX,MCX Crude Oil Mini Futures,MCX
2026-08-10,mcx_tail,6488.940025729999,6899.2092556815005,6762.5912506184995,6830.90025315,10000,83.0,MCX,MCX Crude Oil Mini Futures,MCX
2026-08-11,mcx_pre_open,6830.90025315,6977.171181668799,6839.0093760912,6908.0902788799995,10000,83.0,MCX,MCX Crude Oil Mini Futures,MCX
2026-08-11,mcx_open_drive,6830.90025315,6977.171181668799,6839.0093760912,6908.0902788799995,10000,83.0,MCX,MCX Crude Oil Mini Futures,MCX
2026-08-11,india_morning,6830.90025315,6977.171181668799,6839.0093760912,6908.0902788799995,10000,83.0,MCX,MCX Crude Oil Mini Futures,MCX
2026-08-11,india_midday,6830.90025315,6977.171181668799,6839.0093760912,6908.0902788799995,10000,83.0,MCX,MCX Crude Oil Mini Futures,MCX
2026-08-11,europe_overlap,6830.90025315,6977.171181668799,6839.0093760912,6908.0902788799995,10000,83.0,MCX,MCX Crude Oil Mini Futures,MCX
2026-08-11,us_pre_open,6830.90025315,6977.171181668799,6839.0093760912,6908.0902788799995,10000,83.0,MCX,MCX Crude Oil Mini Futures,MCX
2026-08-11,us_open,6830.90025315,6977.171181668799,6839.0093760912,6908.0902788799995,10000,83.0,MCX,MCX Crude Oil Mini Futures,MCX
2026-08-11,mcx_tail,6830.90025315,6977.171181668799,6839.0093760912,6908.0902788799995,10000,83.0,MCX,MCX Crude Oil Mini Futures,MCX
2026-08-12,mcx_pre_open,6908.0902788799995,6922.6815534089,6785.5987503711,6854.14015189,10000,83.0,MCX,MCX Crude Oil Mini Futures,MCX
2026-08-12,mcx_open_drive,6908.0902788799995,6922.6815534089,6785.5987503711,6854.14015189,10000,83.0,MCX,MCX Crude Oil Mini Futures,MCX
2026-08-12,india_morning,6908.0902788799995,6922.6815534089,6785.5987503711,6854.14015189,10000,83.0,MCX,MCX Crude Oil Mini Futures,MCX
2026-08-12,india_midday,6908.0902788799995,6922.6815534089,6785.5987503711,6854.14015189,10000,83.0,MCX,MCX Crude Oil Mini Futures,MCX
2026-08-12,europe_overlap,6908.0902788799995,6922.6815534089,6785.5987503711,6854.14015189,10000,83.0,MCX,MCX Crude Oil Mini Futures,MCX
2026-08-12,us_pre_open,6908.0902788799995,6922.6815534089,6785.5987503711,6854.14015189,10000,83.0,MCX,MCX Crude Oil Mini Futures,MCX
2026-08-12,us_open,6908.0902788799995,6922.6815534089,6785.5987503711,6854.14015189,10000,83.0,MCX,MCX Crude Oil Mini Futures,MCX
2026-08-12,mcx_tail,6908.0902788799995,6922.6815534089,6785.5987503711,6854.14015189,10000,83.0,MCX,MCX Crude Oil Mini Futures,MCX
2026-08-13,mcx_pre_open,6854.14015189,6807.8342228764,6673.0256244036,6740.42992364,10000,83.0,MCX,MCX Crude Oil Mini Futures,MCX
2026-08-13,mcx_open_drive,6854.14015189,6807.8342228764,6673.0256244036,6740.42992364,10000,83.0,MCX,MCX Crude Oil Mini Futures,MCX
2026-08-13,india_morning,6854.14015189,6807.8342228764,6673.0256244036,6740.42992364,10000,83.0,MCX,MCX Crude Oil Mini Futures,MCX
2026-08-13,india_midday,6854.14015189,6807.8342228764,6673.0256244036,6740.42992364,10000,83.0,MCX,MCX Crude Oil Mini Futures,MCX
2026-08-13,europe_overlap,6854.14015189,6807.8342228764,6673.0256244036,6740.42992364,10000,83.0,MCX,MCX Crude Oil Mini Futures,MCX
2026-08-13,us_pre_open,6854.14015189,6807.8342228764,6673.0256244036,6740.42992364,10000,83.0,MCX,MCX Crude Oil Mini Futures,MCX
2026-08-13,us_open,6854.14015189,6807.8342228764,6673.0256244036,6740.42992364,10000,83.0,MCX,MCX Crude Oil Mini Futures,MCX
2026-08-13,mcx_tail,6854.14015189,6807.8342228764,6673.0256244036,6740.42992364,10000,83.0,MCX,MCX Crude Oil Mini Futures,MCX
2026-08-14,mcx_pre_open,6740.42992364,6907.5921282599,6770.8081257201,6839.20012699,10000,83.0,MCX,MCX Crude Oil Mini Futures,MCX
2026-08-14,mcx_open_drive,6740.42992364,6907.5921282599,6770.8081257201,6839.20012699,10000,83.0,MCX,MCX Crude Oil Mini Futures,MCX
2026-08-14,india_morning,6740.42992364,6907.5921282599,6770.8081257201,6839.20012699,10000,83.0,MCX,MCX Crude Oil Mini Futures,MCX
2026-08-14,india_midday,6740.42992364,6907.5921282599,6770.8081257201,6839.20012699,10000,83.0,MCX,MCX Crude Oil Mini Futures,MCX
2026-08-14,europe_overlap,6740.42992364,6907.5921282599,6770.8081257201,6839.20012699,10000,83.0,MCX,MCX Crude Oil Mini Futures,MCX
2026-08-14,us_pre_open,6740.42992364,6907.5921282599,6770.8081257201,6839.20012699,10000,83.0,MCX,MCX Crude Oil Mini Futures,MCX
2026-08-14,us_open,6740.42992364,6907.5921282599,6770.8081257201,6839.20012699,10000,83.0,MCX,MCX Crude Oil Mini Futures,MCX
2026-08-14,mcx_tail,6740.42992364,6907.5921282599,6770.8081257201,6839.20012699,10000,83.0,MCX,MCX Crude Oil Mini Futures,MCX
2026-08-17,mcx_pre_open,6839.20012699,7121.3582443185,6980.3412493815,7050.84974685,10000,83.0,MCX,MCX Crude Oil Mini Futures,MCX
2026-08-17,mcx_open_drive,6839.20012699,7121.3582443185,6980.3412493815,7050.84974685,10000,83.0,MCX,MCX Crude Oil Mini Futures,MCX
2026-08-17,india_morning,6839.20012699,7121.3582443185,6980.3412493815,7050.84974685,10000,83.0,MCX,MCX Crude Oil Mini Futures,MCX
2026-08-17,india_midday,6839.20012699,7121.3582443185,6980.3412493815,7050.84974685,10000,83.0,MCX,MCX Crude Oil Mini Futures,MCX
2026-08-17,europe_overlap,6839.20012699,7121.3582443185,6980.3412493815,7050.84974685,10000,83.0,MCX,MCX Crude Oil Mini Futures,MCX
2026-08-17,us_pre_open,6839.20012699,7121.3582443185,6980.3412493815,7050.84974685,10000,83.0,MCX,MCX Crude Oil Mini Futures,MCX
2026-08-17,us_open,6839.20012699,7121.3582443185,6980.3412493815,7050.84974685,10000,83.0,MCX,MCX Crude Oil Mini Futures,MCX
2026-08-17,mcx_tail,6839.20012699,7121.3582443185,6980.3412493815,7050.84974685,10000,83.0,MCX,MCX Crude Oil Mini Futures,MCX
2026-08-18,mcx_pre_open,7050.84974685,7076.9284465911,6936.7912496289,7006.85984811,10000,83.0,MCX,MCX Crude Oil Mini Futures,MCX
2026-08-18,mcx_open_drive,7050.84974685,7076.9284465911,6936.7912496289,7006.85984811,10000,83.0,MCX,MCX Crude Oil Mini Futures,MCX
2026-08-18,india_morning,7050.84974685,7076.9284465911,6936.7912496289,7006.85984811,10000,83.0,MCX,MCX Crude Oil Mini Futures,MCX
2026-08-18,india_midday,7050.84974685,7076.9284465911,6936.7912496289,7006.85984811,10000,83.0,MCX,MCX Crude Oil Mini Futures,MCX
2026-08-18,europe_overlap,7050.84974685,7076.9284465911,6936.7912496289,7006.85984811,10000,83.0,MCX,MCX Crude Oil Mini Futures,MCX
2026-08-18,us_pre_open,7050.84974685,7076.9284465911,6936.7912496289,7006.85984811,10000,83.0,MCX,MCX Crude Oil Mini Futures,MCX
2026-08-18,us_open,7050.84974685,7076.9284465911,6936.7912496289,7006.85984811,10000,83.0,MCX,MCX Crude Oil Mini Futures,MCX
2026-08-18,mcx_tail,7050.84974685,7076.9284465911,6936.7912496289,7006.85984811,10000,83.0,MCX,MCX Crude Oil Mini Futures,MCX
2026-08-19,mcx_pre_open,7006.85984811,7075.2521282599,6935.1481257201,7005.20012699,10000,83.0,MCX,MCX Crude Oil Mini Futures,MCX
2026-08-19,mcx_open_drive,7006.85984811,7075.2521282599,6935.1481257201,7005.20012699,10000,83.0,MCX,MCX Crude Oil Mini Futures,MCX
2026-08-19,india_morning,7006.85984811,7075.2521282599,6935.1481257201,7005.20012699,10000,83.0,MCX,MCX Crude Oil Mini Futures,MCX
2026-08-19,india_midday,7006.85984811,7075.2521282599,6935.1481257201,7005.20012699,10000,83.0,MCX,MCX Crude Oil Mini Futures,MCX
2026-08-19,europe_overlap,7006.85984811,7075.2521282599,6935.1481257201,7005.20012699,10000,83.0,MCX,MCX Crude Oil Mini Futures,MCX
2026-08-19,us_pre_open,7006.85984811,7075.2521282599,6935.1481257201,7005.20012699,10000,83.0,MCX,MCX Crude Oil Mini Futures,MCX
2026-08-19,us_open,7006.85984811,7075.2521282599,6935.1481257201,7005.20012699,10000,83.0,MCX,MCX Crude Oil Mini Futures,MCX
2026-08-19,mcx_tail,7006.85984811,7075.2521282599,6935.1481257201,7005.20012699,10000,83.0,MCX,MCX Crude Oil Mini Futures,MCX
2026-08-20,mcx_pre_open,7005.20012699,7288.1804045452,7143.860000494799,7216.02020252,10000,83.0,MCX,MCX Crude Oil Mini Futures,MCX
2026-08-20,mcx_open_drive,7005.20012699,7288.1804045452,7143.860000494799,7216.02020252,10000,83.0,MCX,MCX Crude Oil Mini Futures,MCX
2026-08-20,india_morning,7005.20012699,7288.1804045452,7143.860000494799,7216.02020252,10000,83.0,MCX,MCX Crude Oil Mini Futures,MCX
2026-08-20,india_midday,7005.20012699,7288.1804045452,7143.860000494799,7216.02020252,10000,83.0,MCX,MCX Crude Oil Mini Futures,MCX
2026-08-20,europe_overlap,7005.20012699,7288.1804045452,7143.860000494799,7216.02020252,10000,83.0,MCX,MCX Crude Oil Mini Futures,MCX
2026-08-20,us_pre_open,7005.20012699,7288.1804045452,7143.860000494799,7216.02020252,10000,83.0,MCX,MCX Crude Oil Mini Futures,MCX
2026-08-20,us_open,7005.20012699,7288.1804045452,7143.860000494799,7216.02020252,10000,83.0,MCX,MCX Crude Oil Mini Futures,MCX
2026-08-20,mcx_tail,7005.20012699,7288.1804045452,7143.860000494799,7216.02020252,10000,83.0,MCX,MCX Crude Oil Mini Futures,MCX
