timestamp_original,timestamp_ist,trade_date_ist,instrument_name,market,timeframe,source_resolution_used,source_resolution_minutes,open_native,high_native,low_native,close_native,volume,currency_native,open_inr,high_inr,low_inr,close_inr,fx_rate_used,session_window_ist,sub_window_label,notes_data_quality,symbol,coverage_method,contract_logic,contract_symbol,source_name,source_url,source_timezone,data_quality_flags
2026-03-12 07:00:00+00:00,2026-03-12 12:00:00,2026-03-12 00:00:00,Brent Crude Futures,ICE,60m,60m,60,93.91000366,93.91000366,91.70999908,92.29000092,0,USD,,,,,,other_valid_hours,,Yahoo 60m history truncated by provider lookback window,,,,,,,,
2026-03-12 07:30:00+00:00,2026-03-12 13:00:00,2026-03-12 00:00:00,Brent Crude Futures,ICE,60m,15m,15,92.16000366,94.29000092,91.70999908,94.16000366,4146,USD,,,,,,other_valid_hours,,Yahoo 15m history truncated by provider lookback window,,,,,,,,
2026-03-12 08:30:00+00:00,2026-03-12 14:00:00,2026-03-12 00:00:00,Brent Crude Futures,ICE,60m,5m,5,94.15000153,94.51999664,93.62000275,94.09999847,4732,USD,,,,,,other_valid_hours,,Yahoo 5m history truncated by provider lookback window,,,,,,,,
2026-03-12 09:30:00+00:00,2026-03-12 15:00:00,2026-03-12 00:00:00,Brent Crude Futures,ICE,60m,5m,5,94.06999969,94.23999786,92.73000336,93.23000336,3466,USD,,,,,,other_valid_hours,,Yahoo 5m history truncated by provider lookback window,,,,,,,,
2026-03-12 10:30:00+00:00,2026-03-12 16:00:00,2026-03-12 00:00:00,Brent Crude Futures,ICE,60m,5m,5,93.18000031,94.12999725,92.48999786,93.69999695,3702,USD,,,,,,europe_open,first_hour_after_europe_open,Yahoo 5m history truncated by provider lookback window,,,,,,,,
2026-03-12 11:30:00+00:00,2026-03-12 17:00:00,2026-03-12 00:00:00,Brent Crude Futures,ICE,60m,5m,5,93.44000244,94.94000244,93.13999939,94.62999725,3911,USD,,,,,,europe_open,,Yahoo 5m history truncated by provider lookback window,,,,,,,,
2026-03-12 12:30:00+00:00,2026-03-12 18:00:00,2026-03-12 00:00:00,Brent Crude Futures,ICE,60m,5m,5,94.72000122,96.36000061,94.08000183,95.55999756,6713,USD,,,,,,europe_mid,,Yahoo 5m history truncated by provider lookback window,,,,,,,,
2026-03-12 13:30:00+00:00,2026-03-12 19:00:00,2026-03-12 00:00:00,Brent Crude Futures,ICE,60m,5m,5,95.25,96.72000122,94.95999908,96.69999695,6424,USD,,,,,,europe_mid,,Yahoo 5m history truncated by provider lookback window,,,,,,,,
2026-03-12 14:30:00+00:00,2026-03-12 20:00:00,2026-03-12 00:00:00,Brent Crude Futures,ICE,60m,5m,5,96.55000305,97.09999847,95.06999969,96.77999878,11180,USD,,,,,,us_pre_open,,Yahoo 5m history truncated by provider lookback window,,,,,,,,
2026-03-12 15:30:00+00:00,2026-03-12 21:00:00,2026-03-12 00:00:00,Brent Crude Futures,ICE,60m,5m,5,96.93000031,97.19999695,94.83000183,95.43000031,9053,USD,,,,,,us_open,first_30m_after_us_open,Yahoo 5m history truncated by provider lookback window,,,,,,,,
2026-03-12 16:30:00+00:00,2026-03-12 22:00:00,2026-03-12 00:00:00,Brent Crude Futures,ICE,60m,5m,5,95.43000031,96.23999786,94.08999634,95.98000336,8230,USD,,,,,,us_open,,Yahoo 5m history truncated by provider lookback window,,,,,,,,
2026-03-12 17:30:00+00:00,2026-03-12 23:00:00,2026-03-12 00:00:00,Brent Crude Futures,ICE,60m,5m,5,95.97000122,96.73999786,95.11000061,96.58000183,6525,USD,,,,,,us_late,us_late_reversal_window,Yahoo 5m history truncated by provider lookback window,,,,,,,,
2026-03-12 18:30:00+00:00,2026-03-13 00:00:00,2026-03-12 00:00:00,Brent Crude Futures,ICE,60m,5m,5,96.65000153,98.05000305,96.63999939,97.37000275,3964,USD,,,,,,us_late,final_hour_of_session_if_identifiable,Yahoo 5m history truncated by provider lookback window,,,,,,,,
2026-03-12 19:30:00+00:00,2026-03-13 01:00:00,2026-03-12 00:00:00,Brent Crude Futures,ICE,60m,5m,5,97.30999756,97.58999634,96.72000122,97.44999695,1520,USD,,,,,,us_late,,Yahoo 5m history truncated by provider lookback window,,,,,,,,
2026-03-12 20:30:00+00:00,2026-03-13 02:00:00,2026-03-12 00:00:00,Brent Crude Futures,ICE,60m,5m,5,97.40000153,97.58999634,97.18000031,97.27999878,767,USD,,,,,,other_valid_hours,,Yahoo 5m history truncated by provider lookback window | Partial 5m coverage used for 60m bucket because no fuller finer bucket was available,,,,,,,,
2026-03-12 22:00:00+00:00,2026-03-13 03:00:00,2026-03-13 00:00:00,Brent Crude Futures,ICE,60m,60m,60,98.63999939,99.15000153,97.26999664,97.90000153,0,USD,,,,,,other_valid_hours,,Yahoo 60m history truncated by provider lookback window,,,,,,,,
2026-03-12 22:30:00+00:00,2026-03-13 04:00:00,2026-03-13 00:00:00,Brent Crude Futures,ICE,60m,15m,15,98.38999939,98.5,97.26999664,98.19999695,228,USD,,,,,,asia_early,,Yahoo 15m history truncated by provider lookback window,,,,,,,,
2026-03-12 23:30:00+00:00,2026-03-13 05:00:00,2026-03-13 00:00:00,Brent Crude Futures,ICE,60m,5m,5,98.12000275,98.18000031,96.30999756,96.30999756,1385,USD,,,,,,asia_early,,Yahoo 5m history truncated by provider lookback window,,,,,,,,
2026-03-13 00:30:00+00:00,2026-03-13 06:00:00,2026-03-13 00:00:00,Brent Crude Futures,ICE,60m,5m,5,96.66000366,97.01000214,95.98999786,96.22000122,1495,USD,,,,,,asia_early,,Yahoo 5m history truncated by provider lookback window,,,,,,,,
2026-03-13 01:30:00+00:00,2026-03-13 07:00:00,2026-03-13 00:00:00,Brent Crude Futures,ICE,60m,5m,5,96.26999664,97.13999939,96.26999664,97.01999664,798,USD,,,,,,asia_early,,Yahoo 5m history truncated by provider lookback window,,,,,,,,
2026-03-13 02:30:00+00:00,2026-03-13 08:00:00,2026-03-13 00:00:00,Brent Crude Futures,ICE,60m,5m,5,97.13999939,97.70999908,96.76000214,97.16999817,750,USD,,,,,,asia_early,,Yahoo 5m history truncated by provider lookback window,,,,,,,,
2026-03-13 03:30:00+00:00,2026-03-13 09:00:00,2026-03-13 00:00:00,Brent Crude Futures,ICE,60m,15m,15,97.06999969,97.18000031,96.61000061,96.90000153,915,USD,,,,,,other_valid_hours,,Yahoo 15m history truncated by provider lookback window,,,,,,,,
2026-03-13 04:30:00+00:00,2026-03-13 10:00:00,2026-03-13 00:00:00,Brent Crude Futures,ICE,60m,15m,15,96.83999634,97.08000183,96.43000031,96.43000031,784,USD,,,,,,other_valid_hours,,Yahoo 15m history truncated by provider lookback window,,,,,,,,
2026-03-13 05:30:00+00:00,2026-03-13 11:00:00,2026-03-13 00:00:00,Brent Crude Futures,ICE,60m,5m,5,96.58000183,96.79000092,95.76999664,96.66000366,1664,USD,,,,,,other_valid_hours,,Yahoo 5m history truncated by provider lookback window,,,,,,,,
2026-03-13 06:30:00+00:00,2026-03-13 12:00:00,2026-03-13 00:00:00,Brent Crude Futures,ICE,60m,5m,5,96.51000214,97.87000275,96.29000092,97.55000305,1654,USD,,,,,,other_valid_hours,,Yahoo 5m history truncated by provider lookback window,,,,,,,,
2026-03-13 07:30:00+00:00,2026-03-13 13:00:00,2026-03-13 00:00:00,Brent Crude Futures,ICE,60m,5m,5,97.69000244,98.69999695,97.23999786,98.04000092,4212,USD,,,,,,other_valid_hours,,Yahoo 5m history truncated by provider lookback window,,,,,,,,
2026-03-13 08:30:00+00:00,2026-03-13 14:00:00,2026-03-13 00:00:00,Brent Crude Futures,ICE,60m,5m,5,98.08999634,98.09999847,96.41000366,97.22000122,3922,USD,,,,,,other_valid_hours,,Yahoo 5m history truncated by provider lookback window,,,,,,,,
2026-03-13 09:30:00+00:00,2026-03-13 15:00:00,2026-03-13 00:00:00,Brent Crude Futures,ICE,60m,5m,5,101.2099991,101.4499969,100.3799973,100.5199966,3569,USD,,,,,,other_valid_hours,,Yahoo 5m history truncated by provider lookback window,,,,,,,,
2026-03-13 10:30:00+00:00,2026-03-13 16:00:00,2026-03-13 00:00:00,Brent Crude Futures,ICE,60m,5m,5,100.5199966,100.6800003,98.44999695,99.93000031,5655,USD,,,,,,europe_open,first_hour_after_europe_open,Yahoo 5m history truncated by provider lookback window,,,,,,,,
2026-03-13 11:30:00+00:00,2026-03-13 17:00:00,2026-03-13 00:00:00,Brent Crude Futures,ICE,60m,5m,5,99.93000031,100.0699997,98.55000305,99.37999725,2567,USD,,,,,,europe_open,,Yahoo 5m history truncated by provider lookback window,,,,,,,,
2026-03-13 12:30:00+00:00,2026-03-13 18:00:00,2026-03-13 00:00:00,Brent Crude Futures,ICE,60m,5m,5,99.44000244,99.81999969,97.55000305,98.98999786,6850,USD,,,,,,europe_mid,,Yahoo 5m history truncated by provider lookback window,,,,,,,,
2026-03-13 13:30:00+00:00,2026-03-13 19:00:00,2026-03-13 00:00:00,Brent Crude Futures,ICE,60m,5m,5,98.94000244,100.2900009,98.75,99.98000336,6449,USD,,,,,,europe_mid,,Yahoo 5m history truncated by provider lookback window,,,,,,,,
2026-03-13 14:30:00+00:00,2026-03-13 20:00:00,2026-03-13 00:00:00,Brent Crude Futures,ICE,60m,5m,5,99.95999908,101.25,99.47000122,101.0100021,4618,USD,,,,,,us_pre_open,,Yahoo 5m history truncated by provider lookback window,,,,,,,,
2026-03-13 15:30:00+00:00,2026-03-13 21:00:00,2026-03-13 00:00:00,Brent Crude Futures,ICE,60m,5m,5,101.0199966,102.3000031,100.6600037,101.9599991,5648,USD,,,,,,us_open,first_30m_after_us_open,Yahoo 5m history truncated by provider lookback window,,,,,,,,
2026-03-13 16:30:00+00:00,2026-03-13 22:00:00,2026-03-13 00:00:00,Brent Crude Futures,ICE,60m,5m,5,102.0100021,102.1100006,100.8600006,100.9700012,4626,USD,,,,,,us_open,,Yahoo 5m history truncated by provider lookback window,,,,,,,,
2026-03-13 17:30:00+00:00,2026-03-13 23:00:00,2026-03-13 00:00:00,Brent Crude Futures,ICE,60m,5m,5,101.0400009,103.8099976,101.0100021,103.0,7504,USD,,,,,,us_late,us_late_reversal_window,Yahoo 5m history truncated by provider lookback window,,,,,,,,
2026-03-13 18:30:00+00:00,2026-03-14 00:00:00,2026-03-13 00:00:00,Brent Crude Futures,ICE,60m,5m,5,102.9899979,103.0100021,101.7099991,102.6399994,2648,USD,,,,,,us_late,final_hour_of_session_if_identifiable,Yahoo 5m history truncated by provider lookback window,,,,,,,,
2026-03-13 19:30:00+00:00,2026-03-14 01:00:00,2026-03-13 00:00:00,Brent Crude Futures,ICE,60m,5m,5,102.6299973,103.5500031,102.4000015,103.1500015,1882,USD,,,,,,us_late,,Yahoo 5m history truncated by provider lookback window,,,,,,,,
2026-03-13 20:30:00+00:00,2026-03-14 02:00:00,2026-03-13 00:00:00,Brent Crude Futures,ICE,60m,5m,5,103.0299988,103.9000015,102.7799988,103.1399994,577,USD,,,,,,other_valid_hours,,Yahoo 5m history truncated by provider lookback window | Partial 5m coverage used for 60m bucket because no fuller finer bucket was available,,,,,,,,
2026-03-15 22:00:00+00:00,2026-03-16 03:00:00,2026-03-16 00:00:00,Brent Crude Futures,ICE,60m,60m,60,101.4100037,101.5800018,100.0299988,100.0999985,2279,USD,,,,,,other_valid_hours,,Yahoo 60m history truncated by provider lookback window,,,,,,,,
2026-03-15 22:30:00+00:00,2026-03-16 04:00:00,2026-03-16 00:00:00,Brent Crude Futures,ICE,60m,5m,5,101.3000031,101.3000031,99.80000305,99.94999695,2544,USD,,,,,,asia_early,,Yahoo 5m history truncated by provider lookback window,,,,,,,,
2026-03-15 23:30:00+00:00,2026-03-16 05:00:00,2026-03-16 00:00:00,Brent Crude Futures,ICE,60m,5m,5,100.0299988,100.3799973,98.33999634,98.76999664,2164,USD,,,,,,asia_early,,Yahoo 5m history truncated by provider lookback window,,,,,,,,
2026-03-16 00:30:00+00:00,2026-03-16 06:00:00,2026-03-16 00:00:00,Brent Crude Futures,ICE,60m,5m,5,98.76000214,99.12000275,97.68000031,99.12000275,1369,USD,,,,,,asia_early,,Yahoo 5m history truncated by provider lookback window,,,,,,,,
2026-03-16 01:30:00+00:00,2026-03-16 07:00:00,2026-03-16 00:00:00,Brent Crude Futures,ICE,60m,5m,5,99.16000366,99.84999847,99.05999756,99.84999847,877,USD,,,,,,asia_early,,Yahoo 5m history truncated by provider lookback window,,,,,,,,
2026-03-16 02:30:00+00:00,2026-03-16 08:00:00,2026-03-16 00:00:00,Brent Crude Futures,ICE,60m,5m,5,99.97000122,100.2799988,99.79000092,99.81999969,824,USD,,,,,,asia_early,,Yahoo 5m history truncated by provider lookback window,,,,,,,,
2026-03-16 03:30:00+00:00,2026-03-16 09:00:00,2026-03-16 00:00:00,Brent Crude Futures,ICE,60m,15m,15,99.83999634,100.3199997,99.69000244,100.1800003,662,USD,,,,,,other_valid_hours,,Yahoo 15m history truncated by provider lookback window,,,,,,,,
2026-03-16 04:30:00+00:00,2026-03-16 10:00:00,2026-03-16 00:00:00,Brent Crude Futures,ICE,60m,15m,15,100.2799988,100.4400024,100.1800003,100.3000031,238,USD,,,,,,other_valid_hours,,Yahoo 15m history truncated by provider lookback window,,,,,,,,
2026-03-16 05:30:00+00:00,2026-03-16 11:00:00,2026-03-16 00:00:00,Brent Crude Futures,ICE,60m,5m,5,100.2200012,100.4199982,99.16000366,100.0800018,1286,USD,,,,,,other_valid_hours,,Yahoo 5m history truncated by provider lookback window,,,,,,,,
2026-03-16 06:30:00+00:00,2026-03-16 12:00:00,2026-03-16 00:00:00,Brent Crude Futures,ICE,60m,5m,5,100.1600037,101.1600037,99.59999847,101.1500015,1472,USD,,,,,,other_valid_hours,,Yahoo 5m history truncated by provider lookback window,,,,,,,,
2026-03-16 07:30:00+00:00,2026-03-16 13:00:00,2026-03-16 00:00:00,Brent Crude Futures,ICE,60m,5m,5,101.0599976,101.5,100.7099991,101.0100021,2552,USD,,,,,,other_valid_hours,,Yahoo 5m history truncated by provider lookback window,,,,,,,,
2026-03-16 08:30:00+00:00,2026-03-16 14:00:00,2026-03-16 00:00:00,Brent Crude Futures,ICE,60m,5m,5,100.9800034,101.4300003,100.1100006,100.2600021,2464,USD,,,,,,other_valid_hours,,Yahoo 5m history truncated by provider lookback window,,,,,,,,
2026-03-16 09:30:00+00:00,2026-03-16 15:00:00,2026-03-16 00:00:00,Brent Crude Futures,ICE,60m,5m,5,100.2200012,100.2699966,98.83999634,98.83999634,2242,USD,,,,,,other_valid_hours,,Yahoo 5m history truncated by provider lookback window,,,,,,,,
2026-03-16 10:30:00+00:00,2026-03-16 16:00:00,2026-03-16 00:00:00,Brent Crude Futures,ICE,60m,5m,5,98.81999969,99.12999725,97.98999786,99.0,2746,USD,,,,,,europe_open,first_hour_after_europe_open,Yahoo 5m history truncated by provider lookback window,,,,,,,,
2026-03-16 11:30:00+00:00,2026-03-16 17:00:00,2026-03-16 00:00:00,Brent Crude Futures,ICE,60m,5m,5,98.65000153,99.0,98.09999847,98.62000275,2892,USD,,,,,,europe_open,,Yahoo 5m history truncated by provider lookback window,,,,,,,,
2026-03-16 12:30:00+00:00,2026-03-16 18:00:00,2026-03-16 00:00:00,Brent Crude Futures,ICE,60m,5m,5,98.58000183,98.65000153,96.80000305,97.51999664,8546,USD,,,,,,europe_mid,,Yahoo 5m history truncated by provider lookback window,,,,,,,,
2026-03-16 13:30:00+00:00,2026-03-16 19:00:00,2026-03-16 00:00:00,Brent Crude Futures,ICE,60m,5m,5,97.51000214,97.84999847,95.62000275,96.98000336,7122,USD,,,,,,europe_mid,,Yahoo 5m history truncated by provider lookback window,,,,,,,,
2026-03-16 14:30:00+00:00,2026-03-16 20:00:00,2026-03-16 00:00:00,Brent Crude Futures,ICE,60m,5m,5,97.12999725,98.12000275,97.09999847,97.79000092,4401,USD,,,,,,us_pre_open,,Yahoo 5m history truncated by provider lookback window,,,,,,,,
2026-03-16 15:30:00+00:00,2026-03-16 21:00:00,2026-03-16 00:00:00,Brent Crude Futures,ICE,60m,5m,5,97.81999969,103.2399979,97.81999969,102.8799973,7255,USD,,,,,,us_open,first_30m_after_us_open,Yahoo 5m history truncated by provider lookback window,,,,,,,,
2026-03-16 16:30:00+00:00,2026-03-16 22:00:00,2026-03-16 00:00:00,Brent Crude Futures,ICE,60m,5m,5,102.8700027,102.9199982,100.5,100.6699982,7631,USD,,,,,,us_open,,Yahoo 5m history truncated by provider lookback window,,,,,,,,
2026-03-16 17:30:00+00:00,2026-03-16 23:00:00,2026-03-16 00:00:00,Brent Crude Futures,ICE,60m,5m,5,100.6800003,101.3099976,99.55999756,100.2099991,7809,USD,,,,,,us_late,us_late_reversal_window,Yahoo 5m history truncated by provider lookback window,,,,,,,,
2026-03-16 18:30:00+00:00,2026-03-17 00:00:00,2026-03-16 00:00:00,Brent Crude Futures,ICE,60m,5m,5,100.2399979,101.1800003,100.0299988,100.4899979,2334,USD,,,,,,us_late,final_hour_of_session_if_identifiable,Yahoo 5m history truncated by provider lookback window,,,,,,,,
2026-03-16 19:30:00+00:00,2026-03-17 01:00:00,2026-03-16 00:00:00,Brent Crude Futures,ICE,60m,5m,5,100.5999985,100.8399963,99.65000153,100.3700027,2486,USD,,,,,,us_late,,Yahoo 5m history truncated by provider lookback window,,,,,,,,
2026-03-16 20:30:00+00:00,2026-03-17 02:00:00,2026-03-16 00:00:00,Brent Crude Futures,ICE,60m,5m,5,100.3600006,100.9400024,99.98999786,100.8399963,741,USD,,,,,,other_valid_hours,,Yahoo 5m history truncated by provider lookback window | Partial 5m coverage used for 60m bucket because no fuller finer bucket was available,,,,,,,,
2026-03-16 22:00:00+00:00,2026-03-17 03:00:00,2026-03-17 00:00:00,Brent Crude Futures,ICE,60m,60m,60,101.3700027,102.1100006,100.7600021,101.6800003,301,USD,,,,,,other_valid_hours,,Yahoo 60m history truncated by provider lookback window,,,,,,,,
2026-03-16 22:30:00+00:00,2026-03-17 04:00:00,2026-03-17 00:00:00,Brent Crude Futures,ICE,60m,5m,5,101.1800003,102.1100006,101.0899963,101.7699966,314,USD,,,,,,asia_early,,Yahoo 5m history truncated by provider lookback window,,,,,,,,
2026-03-16 23:30:00+00:00,2026-03-17 05:00:00,2026-03-17 00:00:00,Brent Crude Futures,ICE,60m,5m,5,101.6999969,102.25,101.0999985,102.2099991,1301,USD,,,,,,asia_early,,Yahoo 5m history truncated by provider lookback window,,,,,,,,
2026-03-17 00:30:00+00:00,2026-03-17 06:00:00,2026-03-17 00:00:00,Brent Crude Futures,ICE,60m,5m,5,102.1900024,103.1100006,102.1900024,102.6600037,1999,USD,,,,,,asia_early,,Yahoo 5m history truncated by provider lookback window,,,,,,,,
2026-03-17 01:30:00+00:00,2026-03-17 07:00:00,2026-03-17 00:00:00,Brent Crude Futures,ICE,60m,5m,5,102.5800018,103.1600037,102.3000031,103.0,959,USD,,,,,,asia_early,,Yahoo 5m history truncated by provider lookback window,,,,,,,,
2026-03-17 02:30:00+00:00,2026-03-17 08:00:00,2026-03-17 00:00:00,Brent Crude Futures,ICE,60m,5m,5,102.9800034,103.2300034,102.6399994,102.9800034,554,USD,,,,,,asia_early,,Yahoo 5m history truncated by provider lookback window,,,,,,,,
2026-03-17 03:30:00+00:00,2026-03-17 09:00:00,2026-03-17 00:00:00,Brent Crude Futures,ICE,60m,5m,5,103.0800018,103.2200012,102.7300034,102.8899994,514,USD,,,,,,other_valid_hours,,Yahoo 5m history truncated by provider lookback window,,,,,,,,
2026-03-17 04:30:00+00:00,2026-03-17 10:00:00,2026-03-17 00:00:00,Brent Crude Futures,ICE,60m,15m,15,102.8300018,103.0199966,102.5699997,102.6100006,388,USD,,,,,,other_valid_hours,,Yahoo 15m history truncated by provider lookback window,,,,,,,,
2026-03-17 05:30:00+00:00,2026-03-17 11:00:00,2026-03-17 00:00:00,Brent Crude Futures,ICE,60m,5m,5,102.5999985,104.9800034,102.4599991,103.6299973,2494,USD,,,,,,other_valid_hours,,Yahoo 5m history truncated by provider lookback window,,,,,,,,
2026-03-17 06:30:00+00:00,2026-03-17 12:00:00,2026-03-17 00:00:00,Brent Crude Futures,ICE,60m,5m,5,103.6299973,104.1100006,103.0899963,103.2600021,2838,USD,,,,,,other_valid_hours,,Yahoo 5m history truncated by provider lookback window,,,,,,,,
2026-03-17 07:30:00+00:00,2026-03-17 13:00:00,2026-03-17 00:00:00,Brent Crude Futures,ICE,60m,5m,5,103.3000031,104.4899979,102.9400024,104.0699997,4660,USD,,,,,,other_valid_hours,,Yahoo 5m history truncated by provider lookback window,,,,,,,,
2026-03-17 08:30:00+00:00,2026-03-17 14:00:00,2026-03-17 00:00:00,Brent Crude Futures,ICE,60m,5m,5,104.0699997,104.2900009,102.7200012,102.8000031,4124,USD,,,,,,other_valid_hours,,Yahoo 5m history truncated by provider lookback window,,,,,,,,
2026-03-17 09:30:00+00:00,2026-03-17 15:00:00,2026-03-17 00:00:00,Brent Crude Futures,ICE,60m,5m,5,102.9100037,103.7600021,102.5599976,103.5100021,2796,USD,,,,,,other_valid_hours,,Yahoo 5m history truncated by provider lookback window,,,,,,,,
2026-03-17 10:30:00+00:00,2026-03-17 16:00:00,2026-03-17 00:00:00,Brent Crude Futures,ICE,60m,5m,5,103.5100021,103.5800018,102.8600006,103.2200012,2546,USD,,,,,,europe_open,first_hour_after_europe_open,Yahoo 5m history truncated by provider lookback window,,,,,,,,
2026-03-17 11:30:00+00:00,2026-03-17 17:00:00,2026-03-17 00:00:00,Brent Crude Futures,ICE,60m,5m,5,103.2200012,103.6399994,101.8499985,102.3000031,4075,USD,,,,,,europe_open,,Yahoo 5m history truncated by provider lookback window,,,,,,,,
2026-03-17 12:30:00+00:00,2026-03-17 18:00:00,2026-03-17 00:00:00,Brent Crude Futures,ICE,60m,5m,5,102.2900009,102.75,101.5800018,102.0199966,4214,USD,,,,,,europe_mid,,Yahoo 5m history truncated by provider lookback window,,,,,,,,
2026-03-17 13:30:00+00:00,2026-03-17 19:00:00,2026-03-17 00:00:00,Brent Crude Futures,ICE,60m,5m,5,102.0,102.3799973,100.9499969,101.9100037,3549,USD,,,,,,europe_mid,,Yahoo 5m history truncated by provider lookback window,,,,,,,,
2026-03-17 14:30:00+00:00,2026-03-17 20:00:00,2026-03-17 00:00:00,Brent Crude Futures,ICE,60m,5m,5,101.8899994,102.0100021,100.8799973,101.9499969,5543,USD,,,,,,us_pre_open,,Yahoo 5m history truncated by provider lookback window,,,,,,,,
2026-03-17 15:30:00+00:00,2026-03-17 21:00:00,2026-03-17 00:00:00,Brent Crude Futures,ICE,60m,5m,5,101.9499969,102.8899994,101.3899994,101.4800034,6277,USD,,,,,,us_open,first_30m_after_us_open,Yahoo 5m history truncated by provider lookback window,,,,,,,,
2026-03-17 16:30:00+00:00,2026-03-17 22:00:00,2026-03-17 00:00:00,Brent Crude Futures,ICE,60m,5m,5,101.4899979,103.1999969,101.4400024,102.7399979,4144,USD,,,,,,us_open,,Yahoo 5m history truncated by provider lookback window,,,,,,,,
2026-03-17 17:30:00+00:00,2026-03-17 23:00:00,2026-03-17 00:00:00,Brent Crude Futures,ICE,60m,5m,5,102.75,103.6299973,102.0599976,103.3799973,5134,USD,,,,,,us_late,us_late_reversal_window,Yahoo 5m history truncated by provider lookback window,,,,,,,,
2026-03-17 18:30:00+00:00,2026-03-18 00:00:00,2026-03-17 00:00:00,Brent Crude Futures,ICE,60m,5m,5,103.4300003,103.7099991,103.1200027,103.2600021,1533,USD,,,,,,us_late,final_hour_of_session_if_identifiable,Yahoo 5m history truncated by provider lookback window,,,,,,,,
2026-03-17 19:30:00+00:00,2026-03-18 01:00:00,2026-03-17 00:00:00,Brent Crude Futures,ICE,60m,5m,5,103.4300003,103.8300018,103.3099976,103.4599991,977,USD,,,,,,us_late,,Yahoo 5m history truncated by provider lookback window,,,,,,,,
2026-03-17 20:30:00+00:00,2026-03-18 02:00:00,2026-03-17 00:00:00,Brent Crude Futures,ICE,60m,5m,5,103.4800034,103.7200012,103.4800034,103.5199966,384,USD,,,,,,other_valid_hours,,Yahoo 5m history truncated by provider lookback window | Partial 5m coverage used for 60m bucket because no fuller finer bucket was available,,,,,,,,
2026-03-17 22:00:00+00:00,2026-03-18 03:00:00,2026-03-18 00:00:00,Brent Crude Futures,ICE,60m,60m,60,103.4499969,103.8700027,102.6500015,103.5199966,0,USD,,,,,,other_valid_hours,,Yahoo 60m history truncated by provider lookback window,,,,,,,,
2026-03-17 22:30:00+00:00,2026-03-18 04:00:00,2026-03-18 00:00:00,Brent Crude Futures,ICE,60m,15m,15,103.0999985,103.6999969,102.9700012,103.6500015,127,USD,,,,,,asia_early,,Yahoo 15m history truncated by provider lookback window,,,,,,,,
2026-03-17 23:30:00+00:00,2026-03-18 05:00:00,2026-03-18 00:00:00,Brent Crude Futures,ICE,60m,5m,5,103.7600021,103.8300018,103.0400009,103.1500015,798,USD,,,,,,asia_early,,Yahoo 5m history truncated by provider lookback window,,,,,,,,
2026-03-18 00:30:00+00:00,2026-03-18 06:00:00,2026-03-18 00:00:00,Brent Crude Futures,ICE,60m,5m,5,103.1500015,103.3099976,102.0199966,102.7300034,1017,USD,,,,,,asia_early,,Yahoo 5m history truncated by provider lookback window,,,,,,,,
2026-03-18 01:30:00+00:00,2026-03-18 07:00:00,2026-03-18 00:00:00,Brent Crude Futures,ICE,60m,5m,5,102.7300034,102.9199982,102.3399963,102.3899994,441,USD,,,,,,asia_early,,Yahoo 5m history truncated by provider lookback window,,,,,,,,
2026-03-18 02:30:00+00:00,2026-03-18 08:00:00,2026-03-18 00:00:00,Brent Crude Futures,ICE,60m,5m,5,102.3300018,102.3899994,101.6299973,101.9599991,734,USD,,,,,,asia_early,,Yahoo 5m history truncated by provider lookback window,,,,,,,,
2026-03-18 03:30:00+00:00,2026-03-18 09:00:00,2026-03-18 00:00:00,Brent Crude Futures,ICE,60m,5m,5,102.0299988,102.0699997,100.75,101.1299973,1445,USD,,,,,,other_valid_hours,,Yahoo 5m history truncated by provider lookback window,,,,,,,,
2026-03-18 04:30:00+00:00,2026-03-18 10:00:00,2026-03-18 00:00:00,Brent Crude Futures,ICE,60m,5m,5,101.1399994,101.5100021,100.8300018,100.9499969,857,USD,,,,,,other_valid_hours,,Yahoo 5m history truncated by provider lookback window,,,,,,,,
2026-03-18 05:30:00+00:00,2026-03-18 11:00:00,2026-03-18 00:00:00,Brent Crude Futures,ICE,60m,5m,5,101.0899963,101.4800034,100.3399963,100.8799973,1453,USD,,,,,,other_valid_hours,,Yahoo 5m history truncated by provider lookback window,,,,,,,,
2026-03-18 06:30:00+00:00,2026-03-18 12:00:00,2026-03-18 00:00:00,Brent Crude Futures,ICE,60m,5m,5,100.8700027,102.0,100.75,101.9400024,1269,USD,,,,,,other_valid_hours,,Yahoo 5m history truncated by provider lookback window,,,,,,,,
2026-03-18 07:30:00+00:00,2026-03-18 13:00:00,2026-03-18 00:00:00,Brent Crude Futures,ICE,60m,5m,5,101.8899994,102.7699966,101.8399963,102.7200012,1850,USD,,,,,,other_valid_hours,,Yahoo 5m history truncated by provider lookback window,,,,,,,,
2026-03-18 08:30:00+00:00,2026-03-18 14:00:00,2026-03-18 00:00:00,Brent Crude Futures,ICE,60m,5m,5,102.7399979,103.5299988,102.6200027,103.0299988,2687,USD,,,,,,other_valid_hours,,Yahoo 5m history truncated by provider lookback window,,,,,,,,
2026-03-18 09:30:00+00:00,2026-03-18 15:00:00,2026-03-18 00:00:00,Brent Crude Futures,ICE,60m,5m,5,103.0299988,103.5999985,102.8799973,103.4599991,1295,USD,,,,,,other_valid_hours,,Yahoo 5m history truncated by provider lookback window,,,,,,,,
2026-03-18 10:30:00+00:00,2026-03-18 16:00:00,2026-03-18 00:00:00,Brent Crude Futures,ICE,60m,5m,5,103.4800034,105.25,103.3899994,105.0800018,3220,USD,,,,,,europe_open,first_hour_after_europe_open,Yahoo 5m history truncated by provider lookback window,,,,,,,,
2026-03-18 11:30:00+00:00,2026-03-18 17:00:00,2026-03-18 00:00:00,Brent Crude Futures,ICE,60m,5m,5,105.1699982,106.1800003,103.6699982,105.8099976,4003,USD,,,,,,europe_open,,Yahoo 5m history truncated by provider lookback window,,,,,,,,
2026-03-18 12:30:00+00:00,2026-03-18 18:00:00,2026-03-18 00:00:00,Brent Crude Futures,ICE,60m,5m,5,105.8199997,108.5699997,105.5999985,107.9899979,10752,USD,,,,,,europe_mid,,Yahoo 5m history truncated by provider lookback window,,,,,,,,
2026-03-18 13:30:00+00:00,2026-03-18 19:00:00,2026-03-18 00:00:00,Brent Crude Futures,ICE,60m,5m,5,108.0299988,109.75,107.7099991,109.5500031,6259,USD,,,,,,europe_mid,,Yahoo 5m history truncated by provider lookback window,,,,,,,,
2026-03-18 14:30:00+00:00,2026-03-18 20:00:00,2026-03-18 00:00:00,Brent Crude Futures,ICE,60m,5m,5,109.4599991,109.9499969,108.2600021,109.0800018,5927,USD,,,,,,us_pre_open,,Yahoo 5m history truncated by provider lookback window,,,,,,,,
2026-03-18 15:30:00+00:00,2026-03-18 21:00:00,2026-03-18 00:00:00,Brent Crude Futures,ICE,60m,5m,5,109.0699997,109.0899963,103.4100037,103.6800003,8380,USD,,,,,,us_open,first_30m_after_us_open,Yahoo 5m history truncated by provider lookback window,,,,,,,,
2026-03-18 16:30:00+00:00,2026-03-18 22:00:00,2026-03-18 00:00:00,Brent Crude Futures,ICE,60m,5m,5,103.7799988,104.2300034,103.4800034,104.1600037,4235,USD,,,,,,us_open,,Yahoo 5m history truncated by provider lookback window,,,,,,,,
2026-03-18 17:30:00+00:00,2026-03-18 23:00:00,2026-03-18 00:00:00,Brent Crude Futures,ICE,60m,5m,5,104.0800018,104.1800003,101.4400024,102.7900009,8828,USD,,,,,,us_late,us_late_reversal_window,Yahoo 5m history truncated by provider lookback window,,,,,,,,
2026-03-18 18:30:00+00:00,2026-03-19 00:00:00,2026-03-18 00:00:00,Brent Crude Futures,ICE,60m,5m,5,102.8199997,104.3300018,102.7900009,104.2300034,3031,USD,,,,,,us_late,final_hour_of_session_if_identifiable,Yahoo 5m history truncated by provider lookback window,,,,,,,,
2026-03-18 19:30:00+00:00,2026-03-19 01:00:00,2026-03-18 00:00:00,Brent Crude Futures,ICE,60m,5m,5,104.2099991,106.1600037,104.2099991,106.1100006,3473,USD,,,,,,us_late,,Yahoo 5m history truncated by provider lookback window,,,,,,,,
2026-03-18 20:30:00+00:00,2026-03-19 02:00:00,2026-03-18 00:00:00,Brent Crude Futures,ICE,60m,5m,5,106.1999969,106.7900009,105.9300003,106.1699982,1070,USD,,,,,,other_valid_hours,,Yahoo 5m history truncated by provider lookback window | Partial 5m coverage used for 60m bucket because no fuller finer bucket was available,,,,,,,,
2026-03-18 22:00:00+00:00,2026-03-19 03:00:00,2026-03-19 00:00:00,Brent Crude Futures,ICE,60m,60m,60,106.0299988,106.0299988,104.6600037,105.3399963,0,USD,,,,,,other_valid_hours,,Yahoo 60m history truncated by provider lookback window,,,,,,,,
2026-03-18 22:30:00+00:00,2026-03-19 04:00:00,2026-03-19 00:00:00,Brent Crude Futures,ICE,60m,15m,15,105.3099976,105.5,105.0,105.0899963,56,USD,,,,,,asia_early,,Yahoo 15m history truncated by provider lookback window,,,,,,,,
2026-03-18 23:30:00+00:00,2026-03-19 05:00:00,2026-03-19 00:00:00,Brent Crude Futures,ICE,60m,5m,5,105.0100021,106.9499969,104.2799988,106.5999985,1993,USD,,,,,,asia_early,,Yahoo 5m history truncated by provider lookback window,,,,,,,,
2026-03-19 00:30:00+00:00,2026-03-19 06:00:00,2026-03-19 00:00:00,Brent Crude Futures,ICE,60m,5m,5,106.5699997,107.1900024,105.8199997,105.9300003,2292,USD,,,,,,asia_early,,Yahoo 5m history truncated by provider lookback window,,,,,,,,
2026-03-19 01:30:00+00:00,2026-03-19 07:00:00,2026-03-19 00:00:00,Brent Crude Futures,ICE,60m,5m,5,106.0299988,107.6399994,105.7900009,106.6299973,4368,USD,,,,,,asia_early,,Yahoo 5m history truncated by provider lookback window,,,,,,,,
2026-03-19 02:30:00+00:00,2026-03-19 08:00:00,2026-03-19 00:00:00,Brent Crude Futures,ICE,60m,5m,5,106.6399994,107.1200027,105.5699997,105.9000015,1918,USD,,,,,,asia_early,,Yahoo 5m history truncated by provider lookback window,,,,,,,,
2026-03-19 03:30:00+00:00,2026-03-19 09:00:00,2026-03-19 00:00:00,Brent Crude Futures,ICE,60m,5m,5,106.0,107.0299988,105.9899979,106.8199997,658,USD,,,,,,other_valid_hours,,Yahoo 5m history truncated by provider lookback window,,,,,,,,
2026-03-19 04:30:00+00:00,2026-03-19 10:00:00,2026-03-19 00:00:00,Brent Crude Futures,ICE,60m,5m,5,106.8600006,107.0500031,106.4700012,106.5899963,549,USD,,,,,,other_valid_hours,,Yahoo 5m history truncated by provider lookback window,,,,,,,,
2026-03-19 05:30:00+00:00,2026-03-19 11:00:00,2026-03-19 00:00:00,Brent Crude Futures,ICE,60m,5m,5,106.7099991,108.0,106.6299973,107.7699966,2898,USD,,,,,,other_valid_hours,,Yahoo 5m history truncated by provider lookback window,,,,,,,,
2026-03-19 06:30:00+00:00,2026-03-19 12:00:00,2026-03-19 00:00:00,Brent Crude Futures,ICE,60m,5m,5,107.9400024,109.4100037,107.5400009,107.8399963,3596,USD,,,,,,other_valid_hours,,Yahoo 5m history truncated by provider lookback window,,,,,,,,
2026-03-19 07:30:00+00:00,2026-03-19 13:00:00,2026-03-19 00:00:00,Brent Crude Futures,ICE,60m,5m,5,107.9499969,108.9599991,107.5,108.5199966,3908,USD,,,,,,other_valid_hours,,Yahoo 5m history truncated by provider lookback window,,,,,,,,
2026-03-19 08:30:00+00:00,2026-03-19 14:00:00,2026-03-19 00:00:00,Brent Crude Futures,ICE,60m,5m,5,108.4300003,112.0599976,108.4300003,111.5599976,10921,USD,,,,,,other_valid_hours,,Yahoo 5m history truncated by provider lookback window,,,,,,,,
2026-03-19 09:30:00+00:00,2026-03-19 15:00:00,2026-03-19 00:00:00,Brent Crude Futures,ICE,60m,5m,5,111.5699997,111.7900009,107.3600006,107.5800018,6553,USD,,,,,,other_valid_hours,,Yahoo 5m history truncated by provider lookback window,,,,,,,,
2026-03-19 10:30:00+00:00,2026-03-19 16:00:00,2026-03-19 00:00:00,Brent Crude Futures,ICE,60m,5m,5,107.6600037,108.6500015,107.4100037,108.0500031,3186,USD,,,,,,europe_open,first_hour_after_europe_open,Yahoo 5m history truncated by provider lookback window,,,,,,,,
2026-03-19 11:30:00+00:00,2026-03-19 17:00:00,2026-03-19 00:00:00,Brent Crude Futures,ICE,60m,5m,5,108.0599976,108.8399963,106.3199997,107.0999985,5420,USD,,,,,,europe_open,,Yahoo 5m history truncated by provider lookback window,,,,,,,,
2026-03-19 12:30:00+00:00,2026-03-19 18:00:00,2026-03-19 00:00:00,Brent Crude Futures,ICE,60m,5m,5,107.1699982,107.4700012,104.3099976,106.4599991,8027,USD,,,,,,europe_mid,,Yahoo 5m history truncated by provider lookback window,,,,,,,,
2026-03-19 13:30:00+00:00,2026-03-19 19:00:00,2026-03-19 00:00:00,Brent Crude Futures,ICE,60m,5m,5,106.4300003,106.9000015,104.9199982,106.5,9902,USD,,,,,,europe_mid,,Yahoo 5m history truncated by provider lookback window,,,,,,,,
2026-03-19 14:30:00+00:00,2026-03-19 20:00:00,2026-03-19 00:00:00,Brent Crude Futures,ICE,60m,5m,5,106.5500031,107.4000015,105.5,106.7900009,4827,USD,,,,,,us_pre_open,,Yahoo 5m history truncated by provider lookback window,,,,,,,,
2026-03-19 15:30:00+00:00,2026-03-19 21:00:00,2026-03-19 00:00:00,Brent Crude Futures,ICE,60m,5m,5,106.8799973,107.5100021,104.0400009,106.1999969,17482,USD,,,,,,us_open,first_30m_after_us_open,Yahoo 5m history truncated by provider lookback window,,,,,,,,
2026-03-19 16:30:00+00:00,2026-03-19 22:00:00,2026-03-19 00:00:00,Brent Crude Futures,ICE,60m,5m,5,106.0899963,106.5999985,103.2399979,103.4599991,5025,USD,,,,,,us_open,,Yahoo 5m history truncated by provider lookback window,,,,,,,,
2026-03-19 17:30:00+00:00,2026-03-19 23:00:00,2026-03-19 00:00:00,Brent Crude Futures,ICE,60m,5m,5,103.25,104.4100037,102.4100037,103.9899979,6076,USD,,,,,,us_late,us_late_reversal_window,Yahoo 5m history truncated by provider lookback window,,,,,,,,
2026-03-19 18:30:00+00:00,2026-03-20 00:00:00,2026-03-19 00:00:00,Brent Crude Futures,ICE,60m,5m,5,103.9599991,104.5500031,99.62000275,101.5999985,6893,USD,,,,,,us_late,final_hour_of_session_if_identifiable,Yahoo 5m history truncated by provider lookback window,,,,,,,,
2026-03-19 19:30:00+00:00,2026-03-20 01:00:00,2026-03-19 00:00:00,Brent Crude Futures,ICE,60m,5m,5,101.6100006,103.1500015,101.1800003,102.9400024,1485,USD,,,,,,us_late,,Yahoo 5m history truncated by provider lookback window,,,,,,,,
2026-03-19 20:30:00+00:00,2026-03-20 02:00:00,2026-03-19 00:00:00,Brent Crude Futures,ICE,60m,5m,5,102.9100037,103.5899963,102.7099991,103.0199966,732,USD,,,,,,other_valid_hours,,Yahoo 5m history truncated by provider lookback window | Partial 5m coverage used for 60m bucket because no fuller finer bucket was available,,,,,,,,
2026-03-19 22:00:00+00:00,2026-03-20 03:00:00,2026-03-20 00:00:00,Brent Crude Futures,ICE,60m,60m,60,103.2099991,103.6600037,102.6900024,102.6999969,295,USD,,,,,,other_valid_hours,,Yahoo 60m history truncated by provider lookback window,,,,,,,,
2026-03-19 22:30:00+00:00,2026-03-20 04:00:00,2026-03-20 00:00:00,Brent Crude Futures,ICE,60m,5m,5,103.0999985,103.1100006,102.3700027,102.6800003,211,USD,,,,,,asia_early,,Yahoo 5m history truncated by provider lookback window,,,,,,,,
2026-03-19 23:30:00+00:00,2026-03-20 05:00:00,2026-03-20 00:00:00,Brent Crude Futures,ICE,60m,15m,15,102.6299973,102.6399994,101.7900009,102.2799988,540,USD,,,,,,asia_early,,Yahoo 15m history truncated by provider lookback window,,,,,,,,
2026-03-20 00:30:00+00:00,2026-03-20 06:00:00,2026-03-20 00:00:00,Brent Crude Futures,ICE,60m,5m,5,102.4000015,102.9599991,100.4800034,101.0299988,1984,USD,,,,,,asia_early,,Yahoo 5m history truncated by provider lookback window,,,,,,,,
2026-03-20 01:30:00+00:00,2026-03-20 07:00:00,2026-03-20 00:00:00,Brent Crude Futures,ICE,60m,5m,5,101.0199966,101.6100006,100.5,101.5599976,1897,USD,,,,,,asia_early,,Yahoo 5m history truncated by provider lookback window,,,,,,,,
2026-03-20 02:30:00+00:00,2026-03-20 08:00:00,2026-03-20 00:00:00,Brent Crude Futures,ICE,60m,5m,5,101.5199966,102.9300003,101.4499969,102.75,1006,USD,,,,,,asia_early,,Yahoo 5m history truncated by provider lookback window,,,,,,,,
2026-03-20 03:30:00+00:00,2026-03-20 09:00:00,2026-03-20 00:00:00,Brent Crude Futures,ICE,60m,15m,15,102.7699966,102.7699966,102.2699966,102.4400024,333,USD,,,,,,other_valid_hours,,Yahoo 15m history truncated by provider lookback window,,,,,,,,
2026-03-20 04:30:00+00:00,2026-03-20 10:00:00,2026-03-20 00:00:00,Brent Crude Futures,ICE,60m,15m,15,102.5,102.9499969,102.4599991,102.7600021,559,USD,,,,,,other_valid_hours,,Yahoo 15m history truncated by provider lookback window,,,,,,,,
2026-03-20 05:30:00+00:00,2026-03-20 11:00:00,2026-03-20 00:00:00,Brent Crude Futures,ICE,60m,5m,5,102.7799988,103.1900024,102.0100021,102.8099976,787,USD,,,,,,other_valid_hours,,Yahoo 5m history truncated by provider lookback window,,,,,,,,
2026-03-20 06:30:00+00:00,2026-03-20 12:00:00,2026-03-20 00:00:00,Brent Crude Futures,ICE,60m,5m,5,103.0500031,104.0299988,102.9700012,103.8000031,1942,USD,,,,,,other_valid_hours,,Yahoo 5m history truncated by provider lookback window,,,,,,,,
2026-03-20 07:30:00+00:00,2026-03-20 13:00:00,2026-03-20 00:00:00,Brent Crude Futures,ICE,60m,5m,5,103.7399979,103.8600006,102.5999985,103.8000031,2410,USD,,,,,,other_valid_hours,,Yahoo 5m history truncated by provider lookback window,,,,,,,,
2026-03-20 08:30:00+00:00,2026-03-20 14:00:00,2026-03-20 00:00:00,Brent Crude Futures,ICE,60m,5m,5,103.8000031,105.5800018,103.3799973,105.5800018,3347,USD,,,,,,other_valid_hours,,Yahoo 5m history truncated by provider lookback window,,,,,,,,
2026-03-20 09:30:00+00:00,2026-03-20 15:00:00,2026-03-20 00:00:00,Brent Crude Futures,ICE,60m,5m,5,105.6900024,106.4100037,105.0299988,105.5500031,1716,USD,,,,,,other_valid_hours,,Yahoo 5m history truncated by provider lookback window,,,,,,,,
2026-03-20 10:30:00+00:00,2026-03-20 16:00:00,2026-03-20 00:00:00,Brent Crude Futures,ICE,60m,5m,5,105.6600037,105.6600037,103.6200027,104.0199966,2421,USD,,,,,,europe_open,first_hour_after_europe_open,Yahoo 5m history truncated by provider lookback window,,,,,,,,
2026-03-20 11:30:00+00:00,2026-03-20 17:00:00,2026-03-20 00:00:00,Brent Crude Futures,ICE,60m,5m,5,103.7600021,104.0699997,102.4300003,102.7600021,3339,USD,,,,,,europe_open,,Yahoo 5m history truncated by provider lookback window,,,,,,,,
2026-03-20 12:30:00+00:00,2026-03-20 18:00:00,2026-03-20 00:00:00,Brent Crude Futures,ICE,60m,5m,5,102.7300034,104.5999985,102.6100006,104.5,3805,USD,,,,,,europe_mid,,Yahoo 5m history truncated by provider lookback window,,,,,,,,
2026-03-20 13:30:00+00:00,2026-03-20 19:00:00,2026-03-20 00:00:00,Brent Crude Futures,ICE,60m,5m,5,104.3300018,105.1100006,103.9199982,104.4700012,3719,USD,,,,,,europe_mid,,Yahoo 5m history truncated by provider lookback window,,,,,,,,
2026-03-20 14:30:00+00:00,2026-03-20 20:00:00,2026-03-20 00:00:00,Brent Crude Futures,ICE,60m,5m,5,104.5400009,106.0599976,104.3799973,105.4800034,5006,USD,,,,,,us_pre_open,,Yahoo 5m history truncated by provider lookback window,,,,,,,,
2026-03-20 15:30:00+00:00,2026-03-20 21:00:00,2026-03-20 00:00:00,Brent Crude Futures,ICE,60m,5m,5,105.4599991,105.5999985,104.6299973,105.2699966,4303,USD,,,,,,us_open,first_30m_after_us_open,Yahoo 5m history truncated by provider lookback window,,,,,,,,
2026-03-20 16:30:00+00:00,2026-03-20 22:00:00,2026-03-20 00:00:00,Brent Crude Futures,ICE,60m,5m,5,105.2099991,106.0,104.9100037,105.7099991,4421,USD,,,,,,us_open,,Yahoo 5m history truncated by provider lookback window,,,,,,,,
2026-03-20 17:30:00+00:00,2026-03-20 23:00:00,2026-03-20 00:00:00,Brent Crude Futures,ICE,60m,5m,5,105.6999969,106.6800003,104.8199997,106.3099976,4260,USD,,,,,,us_late,us_late_reversal_window,Yahoo 5m history truncated by provider lookback window,,,,,,,,
2026-03-20 18:30:00+00:00,2026-03-21 00:00:00,2026-03-20 00:00:00,Brent Crude Futures,ICE,60m,5m,5,106.3099976,107.2900009,106.1699982,106.75,1839,USD,,,,,,us_late,final_hour_of_session_if_identifiable,Yahoo 5m history truncated by provider lookback window,,,,,,,,
2026-03-20 19:30:00+00:00,2026-03-21 01:00:00,2026-03-20 00:00:00,Brent Crude Futures,ICE,60m,5m,5,106.7300034,107.0899963,105.8899994,106.5,1024,USD,,,,,,us_late,,Yahoo 5m history truncated by provider lookback window,,,,,,,,
2026-03-20 20:30:00+00:00,2026-03-21 02:00:00,2026-03-20 00:00:00,Brent Crude Futures,ICE,60m,5m,5,106.6399994,106.9000015,106.4800034,106.7699966,322,USD,,,,,,other_valid_hours,,Yahoo 5m history truncated by provider lookback window | Partial 5m coverage used for 60m bucket because no fuller finer bucket was available,,,,,,,,
2026-03-22 22:00:00+00:00,2026-03-23 03:00:00,2026-03-23 00:00:00,Brent Crude Futures,ICE,60m,60m,60,107.4100037,107.9599991,105.3300018,106.6299973,2503,USD,,,,,,other_valid_hours,,Yahoo 60m history truncated by provider lookback window,,,,,,,,
2026-03-22 22:30:00+00:00,2026-03-23 04:00:00,2026-03-23 00:00:00,Brent Crude Futures,ICE,60m,5m,5,106.0199966,107.1200027,105.3300018,107.0,1311,USD,,,,,,asia_early,,Yahoo 5m history truncated by provider lookback window,,,,,,,,
2026-03-22 23:30:00+00:00,2026-03-23 05:00:00,2026-03-23 00:00:00,Brent Crude Futures,ICE,60m,5m,5,107.1999969,107.3300018,106.3300018,106.3799973,729,USD,,,,,,asia_early,,Yahoo 5m history truncated by provider lookback window,,,,,,,,
2026-03-23 00:30:00+00:00,2026-03-23 06:00:00,2026-03-23 00:00:00,Brent Crude Futures,ICE,60m,5m,5,106.3199997,107.2600021,106.2099991,107.1699982,1115,USD,,,,,,asia_early,,Yahoo 5m history truncated by provider lookback window,,,,,,,,
2026-03-23 01:30:00+00:00,2026-03-23 07:00:00,2026-03-23 00:00:00,Brent Crude Futures,ICE,60m,5m,5,107.1600037,107.5800018,106.6299973,107.5800018,1649,USD,,,,,,asia_early,,Yahoo 5m history truncated by provider lookback window,,,,,,,,
2026-03-23 02:30:00+00:00,2026-03-23 08:00:00,2026-03-23 00:00:00,Brent Crude Futures,ICE,60m,5m,5,107.5500031,107.9800034,107.3300018,107.8199997,947,USD,,,,,,asia_early,,Yahoo 5m history truncated by provider lookback window,,,,,,,,
2026-03-23 03:30:00+00:00,2026-03-23 09:00:00,2026-03-23 00:00:00,Brent Crude Futures,ICE,60m,15m,15,107.8700027,108.0899963,107.7600021,107.9499969,410,USD,,,,,,other_valid_hours,,Yahoo 15m history truncated by provider lookback window,,,,,,,,
2026-03-23 04:30:00+00:00,2026-03-23 10:00:00,2026-03-23 00:00:00,Brent Crude Futures,ICE,60m,5m,5,108.0199966,108.1399994,107.6800003,107.7799988,536,USD,,,,,,other_valid_hours,,Yahoo 5m history truncated by provider lookback window,,,,,,,,
2026-03-23 05:30:00+00:00,2026-03-23 11:00:00,2026-03-23 00:00:00,Brent Crude Futures,ICE,60m,5m,5,107.6600037,108.8700027,106.9300003,108.3600006,2073,USD,,,,,,other_valid_hours,,Yahoo 5m history truncated by provider lookback window,,,,,,,,
2026-03-23 06:30:00+00:00,2026-03-23 12:00:00,2026-03-23 00:00:00,Brent Crude Futures,ICE,60m,5m,5,108.25,109.3700027,107.7699966,109.3700027,3120,USD,,,,,,other_valid_hours,,Yahoo 5m history truncated by provider lookback window,,,,,,,,
2026-03-23 07:30:00+00:00,2026-03-23 13:00:00,2026-03-23 00:00:00,Brent Crude Futures,ICE,60m,5m,5,109.3499985,109.6999969,108.3399963,109.5800018,2713,USD,,,,,,other_valid_hours,,Yahoo 5m history truncated by provider lookback window,,,,,,,,
2026-03-23 08:30:00+00:00,2026-03-23 14:00:00,2026-03-23 00:00:00,Brent Crude Futures,ICE,60m,5m,5,109.5400009,109.7099991,108.1399994,108.6299973,2660,USD,,,,,,other_valid_hours,,Yahoo 5m history truncated by provider lookback window,,,,,,,,
2026-03-23 09:30:00+00:00,2026-03-23 15:00:00,2026-03-23 00:00:00,Brent Crude Futures,ICE,60m,5m,5,108.6399994,109.0699997,108.4199982,108.9499969,1389,USD,,,,,,other_valid_hours,,Yahoo 5m history truncated by provider lookback window,,,,,,,,
2026-03-23 10:30:00+00:00,2026-03-23 16:00:00,2026-03-23 00:00:00,Brent Crude Futures,ICE,60m,5m,5,108.7799988,108.7900009,92.0,100.3000031,10805,USD,,,,,,europe_open,first_hour_after_europe_open,Yahoo 5m history truncated by provider lookback window,,,,,,,,
2026-03-23 11:30:00+00:00,2026-03-23 17:00:00,2026-03-23 00:00:00,Brent Crude Futures,ICE,60m,5m,5,100.25,102.5100021,98.56999969,99.68000031,7886,USD,,,,,,europe_open,,Yahoo 5m history truncated by provider lookback window,,,,,,,,
2026-03-23 12:30:00+00:00,2026-03-23 18:00:00,2026-03-23 00:00:00,Brent Crude Futures,ICE,60m,5m,5,99.59999847,104.0299988,99.58000183,103.1900024,17157,USD,,,,,,europe_mid,,Yahoo 5m history truncated by provider lookback window,,,,,,,,
2026-03-23 13:30:00+00:00,2026-03-23 19:00:00,2026-03-23 00:00:00,Brent Crude Futures,ICE,60m,5m,5,103.1699982,103.2300034,99.72000122,101.4300003,6621,USD,,,,,,europe_mid,,Yahoo 5m history truncated by provider lookback window,,,,,,,,
2026-03-23 14:30:00+00:00,2026-03-23 20:00:00,2026-03-23 00:00:00,Brent Crude Futures,ICE,60m,5m,5,101.3700027,102.4899979,96.77999878,98.76000214,7498,USD,,,,,,us_pre_open,,Yahoo 5m history truncated by provider lookback window,,,,,,,,
2026-03-23 15:30:00+00:00,2026-03-23 21:00:00,2026-03-23 00:00:00,Brent Crude Futures,ICE,60m,5m,5,98.72000122,104.1200027,98.52999878,103.9100037,6941,USD,,,,,,us_open,first_30m_after_us_open,Yahoo 5m history truncated by provider lookback window,,,,,,,,
2026-03-23 16:30:00+00:00,2026-03-23 22:00:00,2026-03-23 00:00:00,Brent Crude Futures,ICE,60m,5m,5,103.8899994,103.9899979,100.6999969,100.9599991,4407,USD,,,,,,us_open,,Yahoo 5m history truncated by provider lookback window,,,,,,,,
2026-03-23 17:30:00+00:00,2026-03-23 23:00:00,2026-03-23 00:00:00,Brent Crude Futures,ICE,60m,5m,5,101.0100021,101.4800034,98.55999756,100.0199966,5585,USD,,,,,,us_late,us_late_reversal_window,Yahoo 5m history truncated by provider lookback window,,,,,,,,
2026-03-23 18:30:00+00:00,2026-03-24 00:00:00,2026-03-23 00:00:00,Brent Crude Futures,ICE,60m,5m,5,100.0199966,100.0299988,97.87999725,98.91000366,2609,USD,,,,,,us_late,final_hour_of_session_if_identifiable,Yahoo 5m history truncated by provider lookback window,,,,,,,,
2026-03-23 19:30:00+00:00,2026-03-24 01:00:00,2026-03-23 00:00:00,Brent Crude Futures,ICE,60m,5m,5,98.87000275,100.5999985,98.80999756,100.5999985,1527,USD,,,,,,us_late,,Yahoo 5m history truncated by provider lookback window,,,,,,,,
2026-03-23 20:30:00+00:00,2026-03-24 02:00:00,2026-03-23 00:00:00,Brent Crude Futures,ICE,60m,5m,5,100.5299988,100.8000031,100.1100006,100.4899979,399,USD,,,,,,other_valid_hours,,Yahoo 5m history truncated by provider lookback window | Partial 5m coverage used for 60m bucket because no fuller finer bucket was available,,,,,,,,
2026-03-23 22:00:00+00:00,2026-03-24 03:00:00,2026-03-24 00:00:00,Brent Crude Futures,ICE,60m,60m,60,100.5,100.9899979,100.2699966,100.4899979,0,USD,,,,,,other_valid_hours,,Yahoo 60m history truncated by provider lookback window,,,,,,,,
2026-03-23 22:30:00+00:00,2026-03-24 04:00:00,2026-03-24 00:00:00,Brent Crude Futures,ICE,60m,15m,15,100.3099976,100.6999969,99.56999969,99.93000031,478,USD,,,,,,asia_early,,Yahoo 15m history truncated by provider lookback window,,,,,,,,
2026-03-23 23:30:00+00:00,2026-03-24 05:00:00,2026-03-24 00:00:00,Brent Crude Futures,ICE,60m,15m,15,99.91999817,101.3700027,99.91999817,101.2900009,1367,USD,,,,,,asia_early,,Yahoo 15m history truncated by provider lookback window,,,,,,,,
2026-03-24 00:30:00+00:00,2026-03-24 06:00:00,2026-03-24 00:00:00,Brent Crude Futures,ICE,60m,5m,5,101.2300034,103.1999969,101.1999969,102.9599991,1553,USD,,,,,,asia_early,,Yahoo 5m history truncated by provider lookback window,,,,,,,,
2026-03-24 01:30:00+00:00,2026-03-24 07:00:00,2026-03-24 00:00:00,Brent Crude Futures,ICE,60m,5m,5,102.9499969,104.3000031,102.9499969,103.6200027,1069,USD,,,,,,asia_early,,Yahoo 5m history truncated by provider lookback window,,,,,,,,
2026-03-24 02:30:00+00:00,2026-03-24 08:00:00,2026-03-24 00:00:00,Brent Crude Futures,ICE,60m,5m,5,103.5500031,104.1100006,103.2799988,103.6900024,757,USD,,,,,,asia_early,,Yahoo 5m history truncated by provider lookback window,,,,,,,,
2026-03-24 03:30:00+00:00,2026-03-24 09:00:00,2026-03-24 00:00:00,Brent Crude Futures,ICE,60m,5m,5,103.6600037,104.3000031,103.6600037,104.1100006,490,USD,,,,,,other_valid_hours,,Yahoo 5m history truncated by provider lookback window,,,,,,,,
2026-03-24 04:30:00+00:00,2026-03-24 10:00:00,2026-03-24 00:00:00,Brent Crude Futures,ICE,60m,5m,5,104.0800018,104.2099991,103.4400024,104.0500031,697,USD,,,,,,other_valid_hours,,Yahoo 5m history truncated by provider lookback window,,,,,,,,
2026-03-24 05:30:00+00:00,2026-03-24 11:00:00,2026-03-24 00:00:00,Brent Crude Futures,ICE,60m,5m,5,104.0,104.1800003,102.3199997,102.7799988,1250,USD,,,,,,other_valid_hours,,Yahoo 5m history truncated by provider lookback window,,,,,,,,
2026-03-24 06:30:00+00:00,2026-03-24 12:00:00,2026-03-24 00:00:00,Brent Crude Futures,ICE,60m,5m,5,102.6800003,103.0699997,101.4199982,102.3099976,3632,USD,,,,,,other_valid_hours,,Yahoo 5m history truncated by provider lookback window,,,,,,,,
2026-03-24 07:30:00+00:00,2026-03-24 13:00:00,2026-03-24 00:00:00,Brent Crude Futures,ICE,60m,5m,5,102.3399963,102.4199982,96.95999908,98.65000153,7023,USD,,,,,,other_valid_hours,,Yahoo 5m history truncated by provider lookback window,,,,,,,,
2026-03-24 08:30:00+00:00,2026-03-24 14:00:00,2026-03-24 00:00:00,Brent Crude Futures,ICE,60m,5m,5,98.65000153,98.81999969,97.22000122,98.63999939,3147,USD,,,,,,other_valid_hours,,Yahoo 5m history truncated by provider lookback window,,,,,,,,
2026-03-24 09:30:00+00:00,2026-03-24 15:00:00,2026-03-24 00:00:00,Brent Crude Futures,ICE,60m,5m,5,98.58999634,102.7200012,98.58999634,100.9000015,2767,USD,,,,,,other_valid_hours,,Yahoo 5m history truncated by provider lookback window,,,,,,,,
2026-03-24 10:30:00+00:00,2026-03-24 16:00:00,2026-03-24 00:00:00,Brent Crude Futures,ICE,60m,5m,5,100.9199982,101.8899994,100.8000031,101.8600006,1752,USD,,,,,,europe_open,first_hour_after_europe_open,Yahoo 5m history truncated by provider lookback window,,,,,,,,
2026-03-24 11:30:00+00:00,2026-03-24 17:00:00,2026-03-24 00:00:00,Brent Crude Futures,ICE,60m,5m,5,101.7900009,103.0299988,101.5999985,102.4300003,1630,USD,,,,,,europe_open,,Yahoo 5m history truncated by provider lookback window,,,,,,,,
2026-03-24 12:30:00+00:00,2026-03-24 18:00:00,2026-03-24 00:00:00,Brent Crude Futures,ICE,60m,5m,5,102.5,103.7099991,102.4899979,103.5899963,4237,USD,,,,,,europe_mid,,Yahoo 5m history truncated by provider lookback window,,,,,,,,
2026-03-24 13:30:00+00:00,2026-03-24 19:00:00,2026-03-24 00:00:00,Brent Crude Futures,ICE,60m,5m,5,103.5999985,103.8199997,102.5500031,103.0,2179,USD,,,,,,europe_mid,,Yahoo 5m history truncated by provider lookback window,,,,,,,,
2026-03-24 14:30:00+00:00,2026-03-24 20:00:00,2026-03-24 00:00:00,Brent Crude Futures,ICE,60m,5m,5,102.9899979,103.5199966,101.8899994,102.4499969,3329,USD,,,,,,us_pre_open,,Yahoo 5m history truncated by provider lookback window,,,,,,,,
2026-03-24 15:30:00+00:00,2026-03-24 21:00:00,2026-03-24 00:00:00,Brent Crude Futures,ICE,60m,5m,5,102.4599991,104.2799988,102.4000015,103.5599976,3418,USD,,,,,,us_open,first_30m_after_us_open,Yahoo 5m history truncated by provider lookback window,,,,,,,,
2026-03-24 16:30:00+00:00,2026-03-24 22:00:00,2026-03-24 00:00:00,Brent Crude Futures,ICE,60m,5m,5,103.5699997,105.0400009,103.4599991,104.6200027,4012,USD,,,,,,us_open,,Yahoo 5m history truncated by provider lookback window,,,,,,,,
2026-03-24 17:30:00+00:00,2026-03-24 23:00:00,2026-03-24 00:00:00,Brent Crude Futures,ICE,60m,5m,5,104.6600037,104.8099976,102.7200012,104.4300003,6221,USD,,,,,,us_late,us_late_reversal_window,Yahoo 5m history truncated by provider lookback window,,,,,,,,
2026-03-24 18:30:00+00:00,2026-03-25 00:00:00,2026-03-24 00:00:00,Brent Crude Futures,ICE,60m,5m,5,104.4100037,104.6299973,103.0100021,103.5500031,2251,USD,,,,,,us_late,final_hour_of_session_if_identifiable,Yahoo 5m history truncated by provider lookback window,,,,,,,,
2026-03-24 19:30:00+00:00,2026-03-25 01:00:00,2026-03-24 00:00:00,Brent Crude Futures,ICE,60m,5m,5,103.5999985,103.8199997,98.08999634,100.3300018,3866,USD,,,,,,us_late,,Yahoo 5m history truncated by provider lookback window,,,,,,,,
2026-03-24 20:30:00+00:00,2026-03-25 02:00:00,2026-03-24 00:00:00,Brent Crude Futures,ICE,60m,5m,5,100.3700027,101.5,99.05000305,100.0400009,2596,USD,,,,,,other_valid_hours,,Yahoo 5m history truncated by provider lookback window | Partial 5m coverage used for 60m bucket because no fuller finer bucket was available,,,,,,,,
2026-03-24 22:00:00+00:00,2026-03-25 03:00:00,2026-03-25 00:00:00,Brent Crude Futures,ICE,60m,60m,60,99.98999786,100.6900024,99.40000153,100.1399994,247,USD,,,,,,other_valid_hours,,Yahoo 60m history truncated by provider lookback window,,,,,,,,
2026-03-24 22:30:00+00:00,2026-03-25 04:00:00,2026-03-25 00:00:00,Brent Crude Futures,ICE,60m,5m,5,100.2099991,100.5,99.90000153,100.2900009,260,USD,,,,,,asia_early,,Yahoo 5m history truncated by provider lookback window,,,,,,,,
2026-03-24 23:30:00+00:00,2026-03-25 05:00:00,2026-03-25 00:00:00,Brent Crude Futures,ICE,60m,5m,5,100.2200012,100.4000015,97.69999695,98.25,1594,USD,,,,,,asia_early,,Yahoo 5m history truncated by provider lookback window,,,,,,,,
2026-03-25 00:30:00+00:00,2026-03-25 06:00:00,2026-03-25 00:00:00,Brent Crude Futures,ICE,60m,5m,5,98.30000305,98.93000031,97.15000153,98.08000183,1642,USD,,,,,,asia_early,,Yahoo 5m history truncated by provider lookback window,,,,,,,,
2026-03-25 01:30:00+00:00,2026-03-25 07:00:00,2026-03-25 00:00:00,Brent Crude Futures,ICE,60m,5m,5,98.19000244,98.70999908,97.66999817,98.63999939,628,USD,,,,,,asia_early,,Yahoo 5m history truncated by provider lookback window,,,,,,,,
2026-03-25 02:30:00+00:00,2026-03-25 08:00:00,2026-03-25 00:00:00,Brent Crude Futures,ICE,60m,5m,5,98.70999908,99.91999817,98.48999786,99.36000061,1255,USD,,,,,,asia_early,,Yahoo 5m history truncated by provider lookback window,,,,,,,,
2026-03-25 03:30:00+00:00,2026-03-25 09:00:00,2026-03-25 00:00:00,Brent Crude Futures,ICE,60m,5m,5,99.48999786,100.1100006,99.06999969,99.06999969,329,USD,,,,,,other_valid_hours,,Yahoo 5m history truncated by provider lookback window,,,,,,,,
2026-03-25 04:30:00+00:00,2026-03-25 10:00:00,2026-03-25 00:00:00,Brent Crude Futures,ICE,60m,5m,5,99.25,99.83000183,99.08999634,99.79000092,279,USD,,,,,,other_valid_hours,,Yahoo 5m history truncated by provider lookback window,,,,,,,,
2026-03-25 05:30:00+00:00,2026-03-25 11:00:00,2026-03-25 00:00:00,Brent Crude Futures,ICE,60m,5m,5,99.83000183,100.8799973,99.56999969,100.4499969,586,USD,,,,,,other_valid_hours,,Yahoo 5m history truncated by provider lookback window,,,,,,,,
2026-03-25 06:30:00+00:00,2026-03-25 12:00:00,2026-03-25 00:00:00,Brent Crude Futures,ICE,60m,5m,5,100.2900009,100.6800003,99.48000336,99.98000336,860,USD,,,,,,other_valid_hours,,Yahoo 5m history truncated by provider lookback window,,,,,,,,
2026-03-25 07:30:00+00:00,2026-03-25 13:00:00,2026-03-25 00:00:00,Brent Crude Futures,ICE,60m,5m,5,100.0299988,100.0599976,94.26999664,94.48000336,8297,USD,,,,,,other_valid_hours,,Yahoo 5m history truncated by provider lookback window,,,,,,,,
2026-03-25 08:30:00+00:00,2026-03-25 14:00:00,2026-03-25 00:00:00,Brent Crude Futures,ICE,60m,5m,5,94.54000092,95.72000122,93.90000153,95.65000153,3142,USD,,,,,,other_valid_hours,,Yahoo 5m history truncated by provider lookback window,,,,,,,,
2026-03-25 09:30:00+00:00,2026-03-25 15:00:00,2026-03-25 00:00:00,Brent Crude Futures,ICE,60m,5m,5,95.72000122,96.36000061,94.36000061,94.87999725,2120,USD,,,,,,other_valid_hours,,Yahoo 5m history truncated by provider lookback window,,,,,,,,
2026-03-25 10:30:00+00:00,2026-03-25 16:00:00,2026-03-25 00:00:00,Brent Crude Futures,ICE,60m,5m,5,95.01999664,95.30999756,93.63999939,93.95999908,1862,USD,,,,,,europe_open,first_hour_after_europe_open,Yahoo 5m history truncated by provider lookback window,,,,,,,,
2026-03-25 11:30:00+00:00,2026-03-25 17:00:00,2026-03-25 00:00:00,Brent Crude Futures,ICE,60m,5m,5,94.26999664,96.40000153,94.12000275,96.31999969,3704,USD,,,,,,europe_open,,Yahoo 5m history truncated by provider lookback window,,,,,,,,
2026-03-25 12:30:00+00:00,2026-03-25 18:00:00,2026-03-25 00:00:00,Brent Crude Futures,ICE,60m,5m,5,96.30000305,96.69000244,94.72000122,95.01000214,3214,USD,,,,,,europe_mid,,Yahoo 5m history truncated by provider lookback window,,,,,,,,
2026-03-25 13:30:00+00:00,2026-03-25 19:00:00,2026-03-25 00:00:00,Brent Crude Futures,ICE,60m,5m,5,94.94999695,96.65000153,94.83000183,96.13999939,3530,USD,,,,,,europe_mid,,Yahoo 5m history truncated by provider lookback window,,,,,,,,
2026-03-25 14:30:00+00:00,2026-03-25 20:00:00,2026-03-25 00:00:00,Brent Crude Futures,ICE,60m,5m,5,95.98000336,97.41000366,95.88999939,96.65000153,1982,USD,,,,,,us_pre_open,,Yahoo 5m history truncated by provider lookback window,,,,,,,,
2026-03-25 15:30:00+00:00,2026-03-25 21:00:00,2026-03-25 00:00:00,Brent Crude Futures,ICE,60m,5m,5,96.66000366,97.55000305,96.19999695,96.66999817,4319,USD,,,,,,us_open,first_30m_after_us_open,Yahoo 5m history truncated by provider lookback window,,,,,,,,
2026-03-25 16:30:00+00:00,2026-03-25 22:00:00,2026-03-25 00:00:00,Brent Crude Futures,ICE,60m,5m,5,96.68000031,97.33000183,96.36000061,96.93000031,3552,USD,,,,,,us_open,,Yahoo 5m history truncated by provider lookback window,,,,,,,,
2026-03-25 17:30:00+00:00,2026-03-25 23:00:00,2026-03-25 00:00:00,Brent Crude Futures,ICE,60m,5m,5,96.94999695,97.37000275,96.15000153,97.19000244,4968,USD,,,,,,us_late,us_late_reversal_window,Yahoo 5m history truncated by provider lookback window,,,,,,,,
2026-03-25 18:30:00+00:00,2026-03-26 00:00:00,2026-03-25 00:00:00,Brent Crude Futures,ICE,60m,15m,15,97.16000366,98.40000153,97.01999664,97.52999878,1239,USD,,,,,,us_late,final_hour_of_session_if_identifiable,Yahoo 15m history truncated by provider lookback window,,,,,,,,
2026-03-25 19:30:00+00:00,2026-03-26 01:00:00,2026-03-25 00:00:00,Brent Crude Futures,ICE,60m,5m,5,97.62000275,98.20999908,97.62000275,98.18000031,221,USD,,,,,,us_late,,Yahoo 5m history truncated by provider lookback window,,,,,,,,
2026-03-25 20:30:00+00:00,2026-03-26 02:00:00,2026-03-25 00:00:00,Brent Crude Futures,ICE,60m,5m,5,98.08999634,98.20999908,97.98000336,98.05000305,199,USD,,,,,,other_valid_hours,,Yahoo 5m history truncated by provider lookback window | Partial 5m coverage used for 60m bucket because no fuller finer bucket was available,,,,,,,,
2026-03-25 22:00:00+00:00,2026-03-26 03:00:00,2026-03-26 00:00:00,Brent Crude Futures,ICE,60m,60m,60,97.93000031,98.12000275,97.83000183,97.91999817,96,USD,,,,,,other_valid_hours,,Yahoo 60m history truncated by provider lookback window,,,,,,,,
2026-03-25 22:30:00+00:00,2026-03-26 04:00:00,2026-03-26 00:00:00,Brent Crude Futures,ICE,60m,15m,15,98.12000275,98.12000275,97.86000061,97.94000244,79,USD,,,,,,asia_early,,Yahoo 15m history truncated by provider lookback window,,,,,,,,
2026-03-25 23:30:00+00:00,2026-03-26 05:00:00,2026-03-26 00:00:00,Brent Crude Futures,ICE,60m,15m,15,97.94000244,98.26000214,97.70999908,98.08999634,420,USD,,,,,,asia_early,,Yahoo 15m history truncated by provider lookback window,,,,,,,,
2026-03-26 00:30:00+00:00,2026-03-26 06:00:00,2026-03-26 00:00:00,Brent Crude Futures,ICE,60m,5m,5,98.0,98.47000122,97.77999878,98.30000305,641,USD,,,,,,asia_early,,Yahoo 5m history truncated by provider lookback window,,,,,,,,
2026-03-26 01:30:00+00:00,2026-03-26 07:00:00,2026-03-26 00:00:00,Brent Crude Futures,ICE,60m,5m,5,98.26999664,98.36000061,97.81999969,98.12000275,520,USD,,,,,,asia_early,,Yahoo 5m history truncated by provider lookback window,,,,,,,,
2026-03-26 02:30:00+00:00,2026-03-26 08:00:00,2026-03-26 00:00:00,Brent Crude Futures,ICE,60m,5m,5,98.12999725,98.90000153,98.12999725,98.58000183,712,USD,,,,,,asia_early,,Yahoo 5m history truncated by provider lookback window,,,,,,,,
2026-03-26 03:30:00+00:00,2026-03-26 09:00:00,2026-03-26 00:00:00,Brent Crude Futures,ICE,60m,15m,15,98.56999969,98.59999847,98.29000092,98.48000336,513,USD,,,,,,other_valid_hours,,Yahoo 15m history truncated by provider lookback window,,,,,,,,
2026-03-26 04:30:00+00:00,2026-03-26 10:00:00,2026-03-26 00:00:00,Brent Crude Futures,ICE,60m,5m,5,98.48999786,98.81999969,98.48999786,98.68000031,320,USD,,,,,,other_valid_hours,,Yahoo 5m history truncated by provider lookback window,,,,,,,,
2026-03-26 05:30:00+00:00,2026-03-26 11:00:00,2026-03-26 00:00:00,Brent Crude Futures,ICE,60m,5m,5,98.73999786,99.25,98.51999664,98.93000031,697,USD,,,,,,other_valid_hours,,Yahoo 5m history truncated by provider lookback window,,,,,,,,
2026-03-26 06:30:00+00:00,2026-03-26 12:00:00,2026-03-26 00:00:00,Brent Crude Futures,ICE,60m,5m,5,98.93000031,99.94000244,98.87999725,99.77999878,1481,USD,,,,,,other_valid_hours,,Yahoo 5m history truncated by provider lookback window,,,,,,,,
2026-03-26 07:30:00+00:00,2026-03-26 13:00:00,2026-03-26 00:00:00,Brent Crude Futures,ICE,60m,5m,5,99.76000214,100.3600006,99.40000153,100.3099976,2778,USD,,,,,,other_valid_hours,,Yahoo 5m history truncated by provider lookback window,,,,,,,,
2026-03-26 08:30:00+00:00,2026-03-26 14:00:00,2026-03-26 00:00:00,Brent Crude Futures,ICE,60m,5m,5,100.2600021,100.9499969,100.0,100.4599991,3393,USD,,,,,,other_valid_hours,,Yahoo 5m history truncated by provider lookback window,,,,,,,,
2026-03-26 09:30:00+00:00,2026-03-26 15:00:00,2026-03-26 00:00:00,Brent Crude Futures,ICE,60m,5m,5,100.4499969,100.7399979,99.83000183,99.94999695,1929,USD,,,,,,other_valid_hours,,Yahoo 5m history truncated by provider lookback window,,,,,,,,
2026-03-26 10:30:00+00:00,2026-03-26 16:00:00,2026-03-26 00:00:00,Brent Crude Futures,ICE,60m,5m,5,100.0100021,100.9199982,99.76999664,100.8300018,2499,USD,,,,,,europe_open,first_hour_after_europe_open,Yahoo 5m history truncated by provider lookback window,,,,,,,,
2026-03-26 11:30:00+00:00,2026-03-26 17:00:00,2026-03-26 00:00:00,Brent Crude Futures,ICE,60m,5m,5,100.8399963,102.0500031,100.8300018,101.3799973,2572,USD,,,,,,europe_open,,Yahoo 5m history truncated by provider lookback window,,,,,,,,
2026-03-26 12:30:00+00:00,2026-03-26 18:00:00,2026-03-26 00:00:00,Brent Crude Futures,ICE,60m,5m,5,101.5100021,102.1100006,100.7099991,100.8600006,4745,USD,,,,,,europe_mid,,Yahoo 5m history truncated by provider lookback window,,,,,,,,
2026-03-26 13:30:00+00:00,2026-03-26 19:00:00,2026-03-26 00:00:00,Brent Crude Futures,ICE,60m,5m,5,100.9300003,101.5100021,100.4300003,101.0400009,4977,USD,,,,,,europe_mid,,Yahoo 5m history truncated by provider lookback window,,,,,,,,
2026-03-26 14:30:00+00:00,2026-03-26 20:00:00,2026-03-26 00:00:00,Brent Crude Futures,ICE,60m,5m,5,101.0199966,101.8899994,100.0599976,101.4400024,6091,USD,,,,,,us_pre_open,,Yahoo 5m history truncated by provider lookback window,,,,,,,,
2026-03-26 15:30:00+00:00,2026-03-26 21:00:00,2026-03-26 00:00:00,Brent Crude Futures,ICE,60m,5m,5,101.5599976,102.4700012,101.1699982,102.3199997,5885,USD,,,,,,us_open,first_30m_after_us_open,Yahoo 5m history truncated by provider lookback window,,,,,,,,
2026-03-26 16:30:00+00:00,2026-03-26 22:00:00,2026-03-26 00:00:00,Brent Crude Futures,ICE,60m,5m,5,102.3399963,102.4800034,101.6800003,101.8000031,3057,USD,,,,,,us_open,,Yahoo 5m history truncated by provider lookback window,,,,,,,,
2026-03-26 17:30:00+00:00,2026-03-26 23:00:00,2026-03-26 00:00:00,Brent Crude Futures,ICE,60m,5m,5,101.8499985,102.4000015,101.7300034,101.8600006,3848,USD,,,,,,us_late,us_late_reversal_window,Yahoo 5m history truncated by provider lookback window,,,,,,,,
2026-03-26 18:30:00+00:00,2026-03-27 00:00:00,2026-03-26 00:00:00,Brent Crude Futures,ICE,60m,5m,5,101.8399963,101.8399963,101.25,101.5599976,1098,USD,,,,,,us_late,final_hour_of_session_if_identifiable,Yahoo 5m history truncated by provider lookback window,,,,,,,,
2026-03-26 19:30:00+00:00,2026-03-27 01:00:00,2026-03-26 00:00:00,Brent Crude Futures,ICE,60m,5m,5,101.5500031,101.7600021,97.04000092,100.9199982,4105,USD,,,,,,us_late,,Yahoo 5m history truncated by provider lookback window,,,,,,,,
2026-03-26 20:30:00+00:00,2026-03-27 02:00:00,2026-03-26 00:00:00,Brent Crude Futures,ICE,60m,5m,5,100.7600021,101.4000015,100.2300034,101.2600021,587,USD,,,,,,other_valid_hours,,Yahoo 5m history truncated by provider lookback window | Partial 5m coverage used for 60m bucket because no fuller finer bucket was available,,,,,,,,
2026-03-26 22:00:00+00:00,2026-03-27 03:00:00,2026-03-27 00:00:00,Brent Crude Futures,ICE,60m,60m,60,100.6600037,101.1900024,100.6600037,101.0500031,137,USD,,,,,,other_valid_hours,,Yahoo 60m history truncated by provider lookback window,,,,,,,,
2026-03-26 22:30:00+00:00,2026-03-27 04:00:00,2026-03-27 00:00:00,Brent Crude Futures,ICE,60m,15m,15,101.1299973,101.1299973,100.8199997,100.9700012,63,USD,,,,,,asia_early,,Yahoo 15m history truncated by provider lookback window,,,,,,,,
2026-03-26 23:30:00+00:00,2026-03-27 05:00:00,2026-03-27 00:00:00,Brent Crude Futures,ICE,60m,5m,5,100.9000015,101.25,100.0999985,101.0800018,929,USD,,,,,,asia_early,,Yahoo 5m history truncated by provider lookback window,,,,,,,,
2026-03-27 00:30:00+00:00,2026-03-27 06:00:00,2026-03-27 00:00:00,Brent Crude Futures,ICE,60m,5m,5,101.0899963,101.5800018,100.3700027,100.8000031,917,USD,,,,,,asia_early,,Yahoo 5m history truncated by provider lookback window,,,,,,,,
2026-03-27 01:30:00+00:00,2026-03-27 07:00:00,2026-03-27 00:00:00,Brent Crude Futures,ICE,60m,5m,5,100.6500015,101.0,99.30000305,100.1500015,1633,USD,,,,,,asia_early,,Yahoo 5m history truncated by provider lookback window,,,,,,,,
2026-03-27 02:30:00+00:00,2026-03-27 08:00:00,2026-03-27 00:00:00,Brent Crude Futures,ICE,60m,5m,5,100.1900024,101.1200027,100.1800003,101.0899963,347,USD,,,,,,asia_early,,Yahoo 5m history truncated by provider lookback window,,,,,,,,
2026-03-27 03:30:00+00:00,2026-03-27 09:00:00,2026-03-27 00:00:00,Brent Crude Futures,ICE,60m,5m,5,101.0400009,101.1699982,100.8499985,101.1299973,381,USD,,,,,,other_valid_hours,,Yahoo 5m history truncated by provider lookback window,,,,,,,,
2026-03-27 04:30:00+00:00,2026-03-27 10:00:00,2026-03-27 00:00:00,Brent Crude Futures,ICE,60m,5m,5,101.1399994,101.3300018,101.0,101.2099991,277,USD,,,,,,other_valid_hours,,Yahoo 5m history truncated by provider lookback window,,,,,,,,
2026-03-27 05:30:00+00:00,2026-03-27 11:00:00,2026-03-27 00:00:00,Brent Crude Futures,ICE,60m,5m,5,101.1699982,101.8000031,100.9400024,101.6399994,1021,USD,,,,,,other_valid_hours,,Yahoo 5m history truncated by provider lookback window,,,,,,,,
2026-03-27 06:30:00+00:00,2026-03-27 12:00:00,2026-03-27 00:00:00,Brent Crude Futures,ICE,60m,5m,5,101.4800034,102.8499985,101.4499969,102.8300018,1167,USD,,,,,,other_valid_hours,,Yahoo 5m history truncated by provider lookback window,,,,,,,,
2026-03-27 07:30:00+00:00,2026-03-27 13:00:00,2026-03-27 00:00:00,Brent Crude Futures,ICE,60m,5m,5,102.8000031,103.8499985,101.8600006,103.75,3722,USD,,,,,,other_valid_hours,,Yahoo 5m history truncated by provider lookback window,,,,,,,,
2026-03-27 08:30:00+00:00,2026-03-27 14:00:00,2026-03-27 00:00:00,Brent Crude Futures,ICE,60m,5m,5,103.7300034,104.1600037,103.0699997,103.4100037,2688,USD,,,,,,other_valid_hours,,Yahoo 5m history truncated by provider lookback window,,,,,,,,
2026-03-27 09:30:00+00:00,2026-03-27 15:00:00,2026-03-27 00:00:00,Brent Crude Futures,ICE,60m,5m,5,103.4700012,103.5500031,102.9300003,103.5500031,1408,USD,,,,,,other_valid_hours,,Yahoo 5m history truncated by provider lookback window,,,,,,,,
2026-03-27 10:30:00+00:00,2026-03-27 16:00:00,2026-03-27 00:00:00,Brent Crude Futures,ICE,60m,5m,5,103.4499969,104.6299973,103.4000015,104.0100021,1432,USD,,,,,,europe_open,first_hour_after_europe_open,Yahoo 5m history truncated by provider lookback window,,,,,,,,
2026-03-27 11:30:00+00:00,2026-03-27 17:00:00,2026-03-27 00:00:00,Brent Crude Futures,ICE,60m,5m,5,104.0299988,104.5999985,103.7799988,104.3899994,2189,USD,,,,,,europe_open,,Yahoo 5m history truncated by provider lookback window,,,,,,,,
2026-03-27 12:30:00+00:00,2026-03-27 18:00:00,2026-03-27 00:00:00,Brent Crude Futures,ICE,60m,5m,5,104.3499985,104.7900009,103.7099991,104.0400009,3246,USD,,,,,,europe_mid,,Yahoo 5m history truncated by provider lookback window,,,,,,,,
2026-03-27 13:30:00+00:00,2026-03-27 19:00:00,2026-03-27 00:00:00,Brent Crude Futures,ICE,60m,5m,5,104.0999985,104.2699966,102.7900009,103.6800003,4256,USD,,,,,,europe_mid,,Yahoo 5m history truncated by provider lookback window,,,,,,,,
2026-03-27 14:30:00+00:00,2026-03-27 20:00:00,2026-03-27 00:00:00,Brent Crude Futures,ICE,60m,5m,5,103.7300034,104.0,103.0299988,103.3600006,3995,USD,,,,,,us_pre_open,,Yahoo 5m history truncated by provider lookback window,,,,,,,,
2026-03-27 15:30:00+00:00,2026-03-27 21:00:00,2026-03-27 00:00:00,Brent Crude Futures,ICE,60m,5m,5,103.3799973,104.6299973,103.0,104.2399979,5640,USD,,,,,,us_open,first_30m_after_us_open,Yahoo 5m history truncated by provider lookback window,,,,,,,,
2026-03-27 16:30:00+00:00,2026-03-27 22:00:00,2026-03-27 00:00:00,Brent Crude Futures,ICE,60m,5m,5,104.2300034,104.7799988,103.9000015,104.5800018,4436,USD,,,,,,us_open,,Yahoo 5m history truncated by provider lookback window,,,,,,,,
2026-03-27 17:30:00+00:00,2026-03-27 23:00:00,2026-03-27 00:00:00,Brent Crude Futures,ICE,60m,5m,5,104.5800018,105.6800003,104.5199966,105.2200012,5049,USD,,,,,,us_late,us_late_reversal_window,Yahoo 5m history truncated by provider lookback window,,,,,,,,
2026-03-27 18:30:00+00:00,2026-03-28 00:00:00,2026-03-27 00:00:00,Brent Crude Futures,ICE,60m,5m,5,105.1999969,105.9300003,104.3899994,105.8000031,2729,USD,,,,,,us_late,final_hour_of_session_if_identifiable,Yahoo 5m history truncated by provider lookback window,,,,,,,,
2026-03-27 19:30:00+00:00,2026-03-28 01:00:00,2026-03-27 00:00:00,Brent Crude Futures,ICE,60m,5m,5,105.9599991,106.8099976,104.9700012,106.0899963,2733,USD,,,,,,us_late,,Yahoo 5m history truncated by provider lookback window,,,,,,,,
2026-03-27 20:30:00+00:00,2026-03-28 02:00:00,2026-03-27 00:00:00,Brent Crude Futures,ICE,60m,5m,5,106.1299973,106.9599991,106.0199966,106.8399963,643,USD,,,,,,other_valid_hours,,Yahoo 5m history truncated by provider lookback window | Partial 5m coverage used for 60m bucket because no fuller finer bucket was available,,,,,,,,
2026-03-29 22:00:00+00:00,2026-03-30 03:00:00,2026-03-30 00:00:00,Brent Crude Futures,ICE,60m,60m,60,108.1999969,108.2799988,107.5699997,107.6399994,743,USD,,,,,,other_valid_hours,,Yahoo 60m history truncated by provider lookback window,,,,,,,,
2026-03-29 22:30:00+00:00,2026-03-30 04:00:00,2026-03-30 00:00:00,Brent Crude Futures,ICE,60m,5m,5,108.0800018,108.0999985,107.5199966,108.0199966,499,USD,,,,,,asia_early,,Yahoo 5m history truncated by provider lookback window,,,,,,,,
2026-03-29 23:30:00+00:00,2026-03-30 05:00:00,2026-03-30 00:00:00,Brent Crude Futures,ICE,60m,5m,5,108.0599976,108.7600021,106.9000015,108.0100021,1056,USD,,,,,,asia_early,,Yahoo 5m history truncated by provider lookback window,,,,,,,,
2026-03-30 00:30:00+00:00,2026-03-30 06:00:00,2026-03-30 00:00:00,Brent Crude Futures,ICE,60m,5m,5,107.9899979,109.4499969,107.9599991,108.8099976,1574,USD,,,,,,asia_early,,Yahoo 5m history truncated by provider lookback window,,,,,,,,
2026-03-30 01:30:00+00:00,2026-03-30 07:00:00,2026-03-30 00:00:00,Brent Crude Futures,ICE,60m,5m,5,108.8499985,109.1999969,108.0,109.1399994,717,USD,,,,,,asia_early,,Yahoo 5m history truncated by provider lookback window,,,,,,,,
2026-03-30 02:30:00+00:00,2026-03-30 08:00:00,2026-03-30 00:00:00,Brent Crude Futures,ICE,60m,5m,5,109.1399994,109.1399994,106.8499985,107.1100006,914,USD,,,,,,asia_early,,Yahoo 5m history truncated by provider lookback window,,,,,,,,
2026-03-30 03:30:00+00:00,2026-03-30 09:00:00,2026-03-30 00:00:00,Brent Crude Futures,ICE,60m,5m,5,107.25,107.9400024,107.1399994,107.7600021,540,USD,,,,,,other_valid_hours,,Yahoo 5m history truncated by provider lookback window,,,,,,,,
2026-03-30 04:30:00+00:00,2026-03-30 10:00:00,2026-03-30 00:00:00,Brent Crude Futures,ICE,60m,5m,5,107.9199982,108.1600037,107.4800034,108.0899963,502,USD,,,,,,other_valid_hours,,Yahoo 5m history truncated by provider lookback window,,,,,,,,
2026-03-30 05:30:00+00:00,2026-03-30 11:00:00,2026-03-30 00:00:00,Brent Crude Futures,ICE,60m,5m,5,108.0400009,108.1999969,107.3499985,107.8399963,1238,USD,,,,,,other_valid_hours,,Yahoo 5m history truncated by provider lookback window,,,,,,,,
2026-03-30 06:30:00+00:00,2026-03-30 12:00:00,2026-03-30 00:00:00,Brent Crude Futures,ICE,60m,5m,5,107.7699966,108.9800034,107.4800034,108.75,1684,USD,,,,,,other_valid_hours,,Yahoo 5m history truncated by provider lookback window,,,,,,,,
2026-03-30 07:30:00+00:00,2026-03-30 13:00:00,2026-03-30 00:00:00,Brent Crude Futures,ICE,60m,5m,5,108.5699997,109.3399963,108.3799973,109.3099976,1830,USD,,,,,,other_valid_hours,,Yahoo 5m history truncated by provider lookback window,,,,,,,,
2026-03-30 08:30:00+00:00,2026-03-30 14:00:00,2026-03-30 00:00:00,Brent Crude Futures,ICE,60m,5m,5,109.2799988,109.3399963,107.3700027,108.3799973,2907,USD,,,,,,other_valid_hours,,Yahoo 5m history truncated by provider lookback window,,,,,,,,
2026-03-30 09:30:00+00:00,2026-03-30 15:00:00,2026-03-30 00:00:00,Brent Crude Futures,ICE,60m,5m,5,108.2600021,108.2600021,107.5500031,108.1100006,2464,USD,,,,,,other_valid_hours,,Yahoo 5m history truncated by provider lookback window,,,,,,,,
2026-03-30 10:30:00+00:00,2026-03-30 16:00:00,2026-03-30 00:00:00,Brent Crude Futures,ICE,60m,5m,5,108.1200027,108.3300018,106.1399994,107.5800018,2734,USD,,,,,,europe_open,first_hour_after_europe_open,Yahoo 5m history truncated by provider lookback window,,,,,,,,
2026-03-30 11:30:00+00:00,2026-03-30 17:00:00,2026-03-30 00:00:00,Brent Crude Futures,ICE,60m,5m,5,107.5599976,108.0899963,107.1699982,107.4100037,2366,USD,,,,,,europe_open,,Yahoo 5m history truncated by provider lookback window,,,,,,,,
2026-03-30 12:30:00+00:00,2026-03-30 18:00:00,2026-03-30 00:00:00,Brent Crude Futures,ICE,60m,5m,5,107.4100037,108.0500031,106.6299973,107.9700012,3846,USD,,,,,,europe_mid,,Yahoo 5m history truncated by provider lookback window,,,,,,,,
2026-03-30 13:30:00+00:00,2026-03-30 19:00:00,2026-03-30 00:00:00,Brent Crude Futures,ICE,60m,5m,5,107.9599991,108.7699966,107.6500015,107.7900009,4861,USD,,,,,,europe_mid,,Yahoo 5m history truncated by provider lookback window,,,,,,,,
2026-03-30 14:30:00+00:00,2026-03-30 20:00:00,2026-03-30 00:00:00,Brent Crude Futures,ICE,60m,5m,5,107.7600021,108.25,107.2600021,107.4800034,5224,USD,,,,,,us_pre_open,,Yahoo 5m history truncated by provider lookback window,,,,,,,,
2026-03-30 15:30:00+00:00,2026-03-30 21:00:00,2026-03-30 00:00:00,Brent Crude Futures,ICE,60m,5m,5,107.5,108.1699982,106.6399994,107.6200027,5046,USD,,,,,,us_open,first_30m_after_us_open,Yahoo 5m history truncated by provider lookback window,,,,,,,,
2026-03-30 16:30:00+00:00,2026-03-30 22:00:00,2026-03-30 00:00:00,Brent Crude Futures,ICE,60m,5m,5,107.5999985,108.0699997,106.9899979,107.7699966,3158,USD,,,,,,us_open,,Yahoo 5m history truncated by provider lookback window,,,,,,,,
2026-03-30 17:30:00+00:00,2026-03-30 23:00:00,2026-03-30 00:00:00,Brent Crude Futures,ICE,60m,5m,5,107.8300018,108.0199966,107.0,107.4599991,4480,USD,,,,,,us_late,us_late_reversal_window,Yahoo 5m history truncated by provider lookback window,,,,,,,,
2026-03-30 18:30:00+00:00,2026-03-31 00:00:00,2026-03-30 00:00:00,Brent Crude Futures,ICE,60m,5m,5,107.4899979,108.3899994,107.4199982,108.1900024,2171,USD,,,,,,us_late,final_hour_of_session_if_identifiable,Yahoo 5m history truncated by provider lookback window,,,,,,,,
2026-03-30 19:30:00+00:00,2026-03-31 01:00:00,2026-03-30 00:00:00,Brent Crude Futures,ICE,60m,5m,5,108.1900024,108.9700012,107.7699966,108.9100037,1169,USD,,,,,,us_late,,Yahoo 5m history truncated by provider lookback window,,,,,,,,
2026-03-30 20:30:00+00:00,2026-03-31 02:00:00,2026-03-30 00:00:00,Brent Crude Futures,ICE,60m,5m,5,108.8600006,108.9400024,108.6200027,108.7900009,362,USD,,,,,,other_valid_hours,,Yahoo 5m history truncated by provider lookback window | Partial 5m coverage used for 60m bucket because no fuller finer bucket was available,,,,,,,,
2026-03-30 22:00:00+00:00,2026-03-31 03:00:00,2026-03-31 00:00:00,Brent Crude Futures,ICE,60m,60m,60,108.9899979,109.3199997,108.5400009,109.2699966,117,USD,,,,,,other_valid_hours,,Yahoo 60m history truncated by provider lookback window,,,,,,,,
2026-03-30 22:30:00+00:00,2026-03-31 04:00:00,2026-03-31 00:00:00,Brent Crude Futures,ICE,60m,15m,15,108.6699982,110.1900024,108.6699982,109.9300003,365,USD,,,,,,asia_early,,Yahoo 15m history truncated by provider lookback window,,,,,,,,
2026-03-30 23:30:00+00:00,2026-03-31 05:00:00,2026-03-31 00:00:00,Brent Crude Futures,ICE,60m,5m,5,109.7900009,110.3199997,109.1800003,109.8000031,1210,USD,,,,,,asia_early,,Yahoo 5m history truncated by provider lookback window,,,,,,,,
2026-03-31 00:30:00+00:00,2026-03-31 06:00:00,2026-03-31 00:00:00,Brent Crude Futures,ICE,60m,5m,5,109.8000031,109.9899979,106.4899979,106.5999985,3514,USD,,,,,,asia_early,,Yahoo 5m history truncated by provider lookback window,,,,,,,,
2026-03-31 01:30:00+00:00,2026-03-31 07:00:00,2026-03-31 00:00:00,Brent Crude Futures,ICE,60m,5m,5,106.5299988,106.6500015,104.7399979,106.2699966,3369,USD,,,,,,asia_early,,Yahoo 5m history truncated by provider lookback window,,,,,,,,
2026-03-31 02:30:00+00:00,2026-03-31 08:00:00,2026-03-31 00:00:00,Brent Crude Futures,ICE,60m,5m,5,106.3000031,106.5999985,105.6999969,106.1900024,1254,USD,,,,,,asia_early,,Yahoo 5m history truncated by provider lookback window,,,,,,,,
2026-03-31 03:30:00+00:00,2026-03-31 09:00:00,2026-03-31 00:00:00,Brent Crude Futures,ICE,60m,5m,5,106.25,107.5500031,106.25,107.3899994,790,USD,,,,,,other_valid_hours,,Yahoo 5m history truncated by provider lookback window,,,,,,,,
2026-03-31 04:30:00+00:00,2026-03-31 10:00:00,2026-03-31 00:00:00,Brent Crude Futures,ICE,60m,5m,5,107.3499985,107.8899994,107.0400009,107.4300003,638,USD,,,,,,other_valid_hours,,Yahoo 5m history truncated by provider lookback window,,,,,,,,
2026-03-31 05:30:00+00:00,2026-03-31 11:00:00,2026-03-31 00:00:00,Brent Crude Futures,ICE,60m,5m,5,107.3799973,107.5899963,106.7699966,107.1200027,1018,USD,,,,,,other_valid_hours,,Yahoo 5m history truncated by provider lookback window,,,,,,,,
2026-03-31 06:30:00+00:00,2026-03-31 12:00:00,2026-03-31 00:00:00,Brent Crude Futures,ICE,60m,5m,5,107.1999969,107.5199966,106.8399963,107.4000015,1088,USD,,,,,,other_valid_hours,,Yahoo 5m history truncated by provider lookback window,,,,,,,,
2026-03-31 07:30:00+00:00,2026-03-31 13:00:00,2026-03-31 00:00:00,Brent Crude Futures,ICE,60m,5m,5,107.4000015,107.4400024,106.1999969,106.6200027,2816,USD,,,,,,other_valid_hours,,Yahoo 5m history truncated by provider lookback window,,,,,,,,
2026-03-31 08:30:00+00:00,2026-03-31 14:00:00,2026-03-31 00:00:00,Brent Crude Futures,ICE,60m,5m,5,106.6299973,107.5,105.8600006,106.6100006,2643,USD,,,,,,other_valid_hours,,Yahoo 5m history truncated by provider lookback window,,,,,,,,
2026-03-31 09:30:00+00:00,2026-03-31 15:00:00,2026-03-31 00:00:00,Brent Crude Futures,ICE,60m,5m,5,106.5,108.1900024,106.4899979,107.8000031,2570,USD,,,,,,other_valid_hours,,Yahoo 5m history truncated by provider lookback window,,,,,,,,
2026-03-31 10:30:00+00:00,2026-03-31 16:00:00,2026-03-31 00:00:00,Brent Crude Futures,ICE,60m,5m,5,107.7900009,108.3600006,106.8199997,107.6100006,4132,USD,,,,,,europe_open,first_hour_after_europe_open,Yahoo 5m history truncated by provider lookback window,,,,,,,,
2026-03-31 11:30:00+00:00,2026-03-31 17:00:00,2026-03-31 00:00:00,Brent Crude Futures,ICE,60m,5m,5,107.5100021,108.2600021,106.6500015,107.2099991,3230,USD,,,,,,europe_open,,Yahoo 5m history truncated by provider lookback window,,,,,,,,
2026-03-31 12:30:00+00:00,2026-03-31 18:00:00,2026-03-31 00:00:00,Brent Crude Futures,ICE,60m,5m,5,107.2099991,107.9599991,107.0599976,107.8600006,1951,USD,,,,,,europe_mid,,Yahoo 5m history truncated by provider lookback window,,,,,,,,
2026-03-31 13:30:00+00:00,2026-03-31 19:00:00,2026-03-31 00:00:00,Brent Crude Futures,ICE,60m,5m,5,107.8499985,107.8799973,106.5100021,106.8899994,3144,USD,,,,,,europe_mid,,Yahoo 5m history truncated by provider lookback window,,,,,,,,
2026-03-31 14:30:00+00:00,2026-03-31 20:00:00,2026-03-31 00:00:00,Brent Crude Futures,ICE,60m,5m,5,106.8600006,108.0699997,106.6500015,107.5100021,4795,USD,,,,,,us_pre_open,,Yahoo 5m history truncated by provider lookback window,,,,,,,,
2026-03-31 15:30:00+00:00,2026-03-31 21:00:00,2026-03-31 00:00:00,Brent Crude Futures,ICE,60m,5m,5,107.5199966,107.6100006,106.75,107.5,3821,USD,,,,,,us_open,first_30m_after_us_open,Yahoo 5m history truncated by provider lookback window,,,,,,,,
2026-03-31 16:30:00+00:00,2026-03-31 22:00:00,2026-03-31 00:00:00,Brent Crude Futures,ICE,60m,5m,5,107.5100021,107.7200012,102.7200012,104.4300003,13715,USD,,,,,,us_open,,Yahoo 5m history truncated by provider lookback window,,,,,,,,
2026-03-31 17:30:00+00:00,2026-03-31 23:00:00,2026-03-31 00:00:00,Brent Crude Futures,ICE,60m,5m,5,104.4300003,105.0,103.6299973,103.8199997,5727,USD,,,,,,us_late,us_late_reversal_window,Yahoo 5m history truncated by provider lookback window,,,,,,,,
2026-03-31 18:30:00+00:00,2026-04-01 00:00:00,2026-03-31 00:00:00,Brent Crude Futures,ICE,60m,5m,5,103.8000031,104.8499985,103.6999969,104.75,1425,USD,,,,,,us_late,final_hour_of_session_if_identifiable,Yahoo 5m history truncated by provider lookback window,,,,,,,,
2026-03-31 19:30:00+00:00,2026-04-01 01:00:00,2026-03-31 00:00:00,Brent Crude Futures,ICE,60m,5m,5,104.7600021,104.7600021,103.5800018,103.6399994,863,USD,,,,,,us_late,,Yahoo 5m history truncated by provider lookback window,,,,,,,,
2026-03-31 20:30:00+00:00,2026-04-01 02:00:00,2026-03-31 00:00:00,Brent Crude Futures,ICE,60m,5m,5,103.6699982,103.6999969,102.6800003,103.2799988,1231,USD,,,,,,other_valid_hours,,Yahoo 5m history truncated by provider lookback window | Partial 5m coverage used for 60m bucket because no fuller finer bucket was available,,,,,,,,
2026-03-31 22:00:00+00:00,2026-04-01 03:00:00,2026-04-01 00:00:00,Brent Crude Futures,ICE,60m,60m,60,103.8199997,104.9499969,103.4400024,104.5800018,0,USD,,,,,,other_valid_hours,,Yahoo 60m history truncated by provider lookback window,,,,,,,,
2026-03-31 22:30:00+00:00,2026-04-01 04:00:00,2026-04-01 00:00:00,Brent Crude Futures,ICE,60m,5m,5,104.6500015,104.7300034,104.2300034,104.4100037,207,USD,,,,,,asia_early,,Yahoo 5m history truncated by provider lookback window,,,,,,,,
2026-03-31 23:30:00+00:00,2026-04-01 05:00:00,2026-04-01 00:00:00,Brent Crude Futures,ICE,60m,15m,15,104.4100037,104.7900009,103.6500015,104.6600037,834,USD,,,,,,asia_early,,Yahoo 15m history truncated by provider lookback window,,,,,,,,
2026-04-01 00:30:00+00:00,2026-04-01 06:00:00,2026-04-01 00:00:00,Brent Crude Futures,ICE,60m,5m,5,104.7300034,105.6900024,104.2600021,105.2300034,793,USD,,,,,,asia_early,,Yahoo 5m history truncated by provider lookback window,,,,,,,,
2026-04-01 01:30:00+00:00,2026-04-01 07:00:00,2026-04-01 00:00:00,Brent Crude Futures,ICE,60m,5m,5,105.2200012,105.9000015,105.0599976,105.3600006,818,USD,,,,,,asia_early,,Yahoo 5m history truncated by provider lookback window,,,,,,,,
2026-04-01 02:30:00+00:00,2026-04-01 08:00:00,2026-04-01 00:00:00,Brent Crude Futures,ICE,60m,5m,5,105.3499985,105.7399979,105.1200027,105.6600037,651,USD,,,,,,asia_early,,Yahoo 5m history truncated by provider lookback window,,,,,,,,
2026-04-01 03:30:00+00:00,2026-04-01 09:00:00,2026-04-01 00:00:00,Brent Crude Futures,ICE,60m,15m,15,105.5199966,105.5999985,105.1399994,105.3399963,290,USD,,,,,,other_valid_hours,,Yahoo 15m history truncated by provider lookback window,,,,,,,,
2026-04-01 04:30:00+00:00,2026-04-01 10:00:00,2026-04-01 00:00:00,Brent Crude Futures,ICE,60m,5m,5,105.3300018,105.4100037,104.4000015,104.6299973,1113,USD,,,,,,other_valid_hours,,Yahoo 5m history truncated by provider lookback window,,,,,,,,
2026-04-01 05:30:00+00:00,2026-04-01 11:00:00,2026-04-01 00:00:00,Brent Crude Futures,ICE,60m,5m,5,104.6100006,104.6100006,101.0,101.2200012,3509,USD,,,,,,other_valid_hours,,Yahoo 5m history truncated by provider lookback window,,,,,,,,
2026-04-01 06:30:00+00:00,2026-04-01 12:00:00,2026-04-01 00:00:00,Brent Crude Futures,ICE,60m,5m,5,101.1800003,101.1900024,98.45999908,99.97000122,6387,USD,,,,,,other_valid_hours,,Yahoo 5m history truncated by provider lookback window,,,,,,,,
2026-04-01 07:30:00+00:00,2026-04-01 13:00:00,2026-04-01 00:00:00,Brent Crude Futures,ICE,60m,5m,5,100.0199966,102.2900009,99.41000366,102.1699982,3167,USD,,,,,,other_valid_hours,,Yahoo 5m history truncated by provider lookback window,,,,,,,,
2026-04-01 08:30:00+00:00,2026-04-01 14:00:00,2026-04-01 00:00:00,Brent Crude Futures,ICE,60m,5m,5,102.1699982,103.4100037,101.6200027,102.9499969,2172,USD,,,,,,other_valid_hours,,Yahoo 5m history truncated by provider lookback window,,,,,,,,
2026-04-01 09:30:00+00:00,2026-04-01 15:00:00,2026-04-01 00:00:00,Brent Crude Futures,ICE,60m,5m,5,102.9400024,104.0299988,102.8300018,103.6200027,2419,USD,,,,,,other_valid_hours,,Yahoo 5m history truncated by provider lookback window,,,,,,,,
2026-04-01 10:30:00+00:00,2026-04-01 16:00:00,2026-04-01 00:00:00,Brent Crude Futures,ICE,60m,5m,5,103.5500031,103.6500015,102.1299973,102.1699982,1915,USD,,,,,,europe_open,first_hour_after_europe_open,Yahoo 5m history truncated by provider lookback window,,,,,,,,
2026-04-01 11:30:00+00:00,2026-04-01 17:00:00,2026-04-01 00:00:00,Brent Crude Futures,ICE,60m,5m,5,102.1500015,102.1999969,101.0599976,102.0999985,2507,USD,,,,,,europe_open,,Yahoo 5m history truncated by provider lookback window,,,,,,,,
2026-04-01 12:30:00+00:00,2026-04-01 18:00:00,2026-04-01 00:00:00,Brent Crude Futures,ICE,60m,5m,5,102.0100021,102.8099976,100.5999985,101.7900009,5701,USD,,,,,,europe_mid,,Yahoo 5m history truncated by provider lookback window,,,,,,,,
2026-04-01 13:30:00+00:00,2026-04-01 19:00:00,2026-04-01 00:00:00,Brent Crude Futures,ICE,60m,5m,5,101.7699966,101.8099976,100.4499969,101.3899994,6070,USD,,,,,,europe_mid,,Yahoo 5m history truncated by provider lookback window,,,,,,,,
2026-04-01 14:30:00+00:00,2026-04-01 20:00:00,2026-04-01 00:00:00,Brent Crude Futures,ICE,60m,5m,5,101.4100037,102.0599976,100.9499969,101.9800034,5260,USD,,,,,,us_pre_open,,Yahoo 5m history truncated by provider lookback window,,,,,,,,
2026-04-01 15:30:00+00:00,2026-04-01 21:00:00,2026-04-01 00:00:00,Brent Crude Futures,ICE,60m,5m,5,101.9300003,102.4300003,101.7300034,101.9899979,4432,USD,,,,,,us_open,first_30m_after_us_open,Yahoo 5m history truncated by provider lookback window,,,,,,,,
2026-04-01 16:30:00+00:00,2026-04-01 22:00:00,2026-04-01 00:00:00,Brent Crude Futures,ICE,60m,5m,5,101.8899994,102.0699997,100.75,100.9400024,2402,USD,,,,,,us_open,,Yahoo 5m history truncated by provider lookback window,,,,,,,,
2026-04-01 17:30:00+00:00,2026-04-01 23:00:00,2026-04-01 00:00:00,Brent Crude Futures,ICE,60m,5m,5,100.9400024,101.3099976,99.86000061,101.2300034,4272,USD,,,,,,us_late,us_late_reversal_window,Yahoo 5m history truncated by provider lookback window,,,,,,,,
2026-04-01 18:30:00+00:00,2026-04-02 00:00:00,2026-04-01 00:00:00,Brent Crude Futures,ICE,60m,5m,5,101.2399979,101.6200027,100.7699966,101.0299988,1745,USD,,,,,,us_late,final_hour_of_session_if_identifiable,Yahoo 5m history truncated by provider lookback window,,,,,,,,
2026-04-01 19:30:00+00:00,2026-04-02 01:00:00,2026-04-01 00:00:00,Brent Crude Futures,ICE,60m,5m,5,101.0100021,101.3199997,100.2200012,100.5899963,1331,USD,,,,,,us_late,,Yahoo 5m history truncated by provider lookback window,,,,,,,,
2026-04-01 20:30:00+00:00,2026-04-02 02:00:00,2026-04-01 00:00:00,Brent Crude Futures,ICE,60m,5m,5,100.5999985,100.5999985,100.1600037,100.3000031,504,USD,,,,,,other_valid_hours,,Yahoo 5m history truncated by provider lookback window | Partial 5m coverage used for 60m bucket because no fuller finer bucket was available,,,,,,,,
2026-04-01 22:00:00+00:00,2026-04-02 03:00:00,2026-04-02 00:00:00,Brent Crude Futures,ICE,60m,60m,60,100.3000031,100.6699982,100.25,100.6699982,0,USD,,,,,,other_valid_hours,,Yahoo 60m history truncated by provider lookback window,,,,,,,,
2026-04-01 22:30:00+00:00,2026-04-02 04:00:00,2026-04-02 00:00:00,Brent Crude Futures,ICE,60m,5m,5,100.3399963,100.8399963,100.3300018,100.5199966,231,USD,,,,,,asia_early,,Yahoo 5m history truncated by provider lookback window,,,,,,,,
2026-04-01 23:30:00+00:00,2026-04-02 05:00:00,2026-04-02 00:00:00,Brent Crude Futures,ICE,60m,5m,5,100.5500031,100.6999969,99.29000092,100.0999985,1420,USD,,,,,,asia_early,,Yahoo 5m history truncated by provider lookback window,,,,,,,,
2026-04-02 00:30:00+00:00,2026-04-02 06:00:00,2026-04-02 00:00:00,Brent Crude Futures,ICE,60m,5m,5,100.0999985,105.5699997,99.01999664,104.9899979,5445,USD,,,,,,asia_early,,Yahoo 5m history truncated by provider lookback window,,,,,,,,
2026-04-02 01:30:00+00:00,2026-04-02 07:00:00,2026-04-02 00:00:00,Brent Crude Futures,ICE,60m,5m,5,105.1200027,106.4700012,104.5699997,106.1299973,2499,USD,,,,,,asia_early,,Yahoo 5m history truncated by provider lookback window,,,,,,,,
2026-04-02 02:30:00+00:00,2026-04-02 08:00:00,2026-04-02 00:00:00,Brent Crude Futures,ICE,60m,5m,5,106.0899963,106.2300034,105.5999985,105.9000015,1042,USD,,,,,,asia_early,,Yahoo 5m history truncated by provider lookback window,,,,,,,,
2026-04-02 03:30:00+00:00,2026-04-02 09:00:00,2026-04-02 00:00:00,Brent Crude Futures,ICE,60m,5m,5,105.9000015,108.0599976,105.8000031,107.9199982,2107,USD,,,,,,other_valid_hours,,Yahoo 5m history truncated by provider lookback window,,,,,,,,
2026-04-02 04:30:00+00:00,2026-04-02 10:00:00,2026-04-02 00:00:00,Brent Crude Futures,ICE,60m,5m,5,107.8399963,108.1399994,106.8000031,106.8399963,933,USD,,,,,,other_valid_hours,,Yahoo 5m history truncated by provider lookback window,,,,,,,,
2026-04-02 05:30:00+00:00,2026-04-02 11:00:00,2026-04-02 00:00:00,Brent Crude Futures,ICE,60m,5m,5,106.7300034,108.1600037,106.6600037,107.8399963,1942,USD,,,,,,other_valid_hours,,Yahoo 5m history truncated by provider lookback window,,,,,,,,
2026-04-02 06:30:00+00:00,2026-04-02 12:00:00,2026-04-02 00:00:00,Brent Crude Futures,ICE,60m,5m,5,107.8399963,108.3300018,107.3199997,107.8000031,1993,USD,,,,,,other_valid_hours,,Yahoo 5m history truncated by provider lookback window,,,,,,,,
2026-04-02 07:30:00+00:00,2026-04-02 13:00:00,2026-04-02 00:00:00,Brent Crude Futures,ICE,60m,5m,5,107.8700027,108.5899963,107.5699997,108.3099976,1907,USD,,,,,,other_valid_hours,,Yahoo 5m history truncated by provider lookback window,,,,,,,,
2026-04-02 08:30:00+00:00,2026-04-02 14:00:00,2026-04-02 00:00:00,Brent Crude Futures,ICE,60m,5m,5,108.3199997,108.9300003,107.9100037,108.5999985,1453,USD,,,,,,other_valid_hours,,Yahoo 5m history truncated by provider lookback window,,,,,,,,
2026-04-02 09:30:00+00:00,2026-04-02 15:00:00,2026-04-02 00:00:00,Brent Crude Futures,ICE,60m,5m,5,108.5899963,109.1600037,107.9899979,108.6999969,2033,USD,,,,,,other_valid_hours,,Yahoo 5m history truncated by provider lookback window,,,,,,,,
2026-04-02 10:30:00+00:00,2026-04-02 16:00:00,2026-04-02 00:00:00,Brent Crude Futures,ICE,60m,5m,5,108.7099991,109.6200027,108.4199982,109.5899963,2164,USD,,,,,,europe_open,first_hour_after_europe_open,Yahoo 5m history truncated by provider lookback window,,,,,,,,
2026-04-02 11:30:00+00:00,2026-04-02 17:00:00,2026-04-02 00:00:00,Brent Crude Futures,ICE,60m,5m,5,109.6100006,109.6999969,108.5,108.9400024,3855,USD,,,,,,europe_open,,Yahoo 5m history truncated by provider lookback window,,,,,,,,
2026-04-02 12:30:00+00:00,2026-04-02 18:00:00,2026-04-02 00:00:00,Brent Crude Futures,ICE,60m,5m,5,108.9499969,109.7099991,108.6200027,109.1600037,7523,USD,,,,,,europe_mid,,Yahoo 5m history truncated by provider lookback window,,,,,,,,
2026-04-02 13:30:00+00:00,2026-04-02 19:00:00,2026-04-02 00:00:00,Brent Crude Futures,ICE,60m,5m,5,109.1500015,109.4400024,107.5299988,107.6999969,6245,USD,,,,,,europe_mid,,Yahoo 5m history truncated by provider lookback window,,,,,,,,
2026-04-02 14:30:00+00:00,2026-04-02 20:00:00,2026-04-02 00:00:00,Brent Crude Futures,ICE,60m,5m,5,107.7799988,107.8399963,105.2099991,107.0,10842,USD,,,,,,us_pre_open,,Yahoo 5m history truncated by provider lookback window,,,,,,,,
2026-04-02 15:30:00+00:00,2026-04-02 21:00:00,2026-04-02 00:00:00,Brent Crude Futures,ICE,60m,5m,5,107.0100021,108.2099991,106.8799973,107.8899994,2974,USD,,,,,,us_open,first_30m_after_us_open,Yahoo 5m history truncated by provider lookback window,,,,,,,,
2026-04-02 16:30:00+00:00,2026-04-02 22:00:00,2026-04-02 00:00:00,Brent Crude Futures,ICE,60m,5m,5,107.9199982,108.0500031,107.1699982,108.0100021,1834,USD,,,,,,us_open,,Yahoo 5m history truncated by provider lookback window,,,,,,,,
2026-04-02 17:30:00+00:00,2026-04-02 23:00:00,2026-04-02 00:00:00,Brent Crude Futures,ICE,60m,5m,5,108.0100021,109.1900024,107.9899979,108.8399963,3533,USD,,,,,,us_late,us_late_reversal_window,Yahoo 5m history truncated by provider lookback window,,,,,,,,
2026-04-02 18:30:00+00:00,2026-04-03 00:00:00,2026-04-02 00:00:00,Brent Crude Futures,ICE,60m,5m,5,108.8600006,108.9800034,108.0500031,108.5100021,2269,USD,,,,,,us_late,final_hour_of_session_if_identifiable,Yahoo 5m history truncated by provider lookback window,,,,,,,,
2026-04-02 19:30:00+00:00,2026-04-03 01:00:00,2026-04-02 00:00:00,Brent Crude Futures,ICE,60m,5m,5,108.5199966,108.8799973,108.1299973,108.8000031,948,USD,,,,,,us_late,,Yahoo 5m history truncated by provider lookback window,,,,,,,,
2026-04-02 20:30:00+00:00,2026-04-03 02:00:00,2026-04-02 00:00:00,Brent Crude Futures,ICE,60m,5m,5,108.7600021,109.1500015,108.6800003,109.0500031,312,USD,,,,,,other_valid_hours,,Yahoo 5m history truncated by provider lookback window | Partial 5m coverage used for 60m bucket because no fuller finer bucket was available,,,,,,,,
2026-04-05 22:00:00+00:00,2026-04-06 03:00:00,2026-04-06 00:00:00,Brent Crude Futures,ICE,60m,60m,60,109.1999969,111.8700027,109.0500031,111.2300034,1150,USD,,,,,,other_valid_hours,,Yahoo 60m history truncated by provider lookback window,,,,,,,,
2026-04-05 22:30:00+00:00,2026-04-06 04:00:00,2026-04-06 00:00:00,Brent Crude Futures,ICE,60m,5m,5,111.4400024,111.5100021,110.3799973,111.25,645,USD,,,,,,asia_early,,Yahoo 5m history truncated by provider lookback window,,,,,,,,
2026-04-05 23:30:00+00:00,2026-04-06 05:00:00,2026-04-06 00:00:00,Brent Crude Futures,ICE,60m,5m,5,111.25,111.7200012,110.5999985,110.6699982,431,USD,,,,,,asia_early,,Yahoo 5m history truncated by provider lookback window,,,,,,,,
2026-04-06 00:30:00+00:00,2026-04-06 06:00:00,2026-04-06 00:00:00,Brent Crude Futures,ICE,60m,5m,5,110.6900024,111.0,110.25,110.3399963,364,USD,,,,,,asia_early,,Yahoo 5m history truncated by provider lookback window,,,,,,,,
2026-04-06 01:30:00+00:00,2026-04-06 07:00:00,2026-04-06 00:00:00,Brent Crude Futures,ICE,60m,5m,5,110.3499985,110.8099976,109.0,109.6200027,1081,USD,,,,,,asia_early,,Yahoo 5m history truncated by provider lookback window,,,,,,,,
2026-04-06 02:30:00+00:00,2026-04-06 08:00:00,2026-04-06 00:00:00,Brent Crude Futures,ICE,60m,5m,5,109.7200012,110.2900009,109.5899963,109.9300003,521,USD,,,,,,asia_early,,Yahoo 5m history truncated by provider lookback window,,,,,,,,
2026-04-06 03:30:00+00:00,2026-04-06 09:00:00,2026-04-06 00:00:00,Brent Crude Futures,ICE,60m,5m,5,109.9400024,110.1500015,109.4199982,109.4700012,219,USD,,,,,,other_valid_hours,,Yahoo 5m history truncated by provider lookback window,,,,,,,,
2026-04-06 04:30:00+00:00,2026-04-06 10:00:00,2026-04-06 00:00:00,Brent Crude Futures,ICE,60m,15m,15,109.6800003,109.9000015,109.5599976,109.9000015,106,USD,,,,,,other_valid_hours,,Yahoo 15m history truncated by provider lookback window,,,,,,,,
2026-04-06 05:30:00+00:00,2026-04-06 11:00:00,2026-04-06 00:00:00,Brent Crude Futures,ICE,60m,5m,5,109.8799973,110.4800034,109.5199966,110.1299973,387,USD,,,,,,other_valid_hours,,Yahoo 5m history truncated by provider lookback window,,,,,,,,
2026-04-06 06:30:00+00:00,2026-04-06 12:00:00,2026-04-06 00:00:00,Brent Crude Futures,ICE,60m,5m,5,110.1100006,110.4000015,108.7200012,109.5199966,1013,USD,,,,,,other_valid_hours,,Yahoo 5m history truncated by provider lookback window,,,,,,,,
2026-04-06 07:30:00+00:00,2026-04-06 13:00:00,2026-04-06 00:00:00,Brent Crude Futures,ICE,60m,5m,5,109.4100037,109.5299988,107.3700027,108.7600021,2013,USD,,,,,,other_valid_hours,,Yahoo 5m history truncated by provider lookback window,,,,,,,,
2026-04-06 08:30:00+00:00,2026-04-06 14:00:00,2026-04-06 00:00:00,Brent Crude Futures,ICE,60m,5m,5,108.7900009,108.9000015,107.0800018,107.2099991,1793,USD,,,,,,other_valid_hours,,Yahoo 5m history truncated by provider lookback window,,,,,,,,
2026-04-06 09:30:00+00:00,2026-04-06 15:00:00,2026-04-06 00:00:00,Brent Crude Futures,ICE,60m,5m,5,107.2399979,108.8799973,106.8499985,108.4499969,1524,USD,,,,,,other_valid_hours,,Yahoo 5m history truncated by provider lookback window,,,,,,,,
2026-04-06 10:30:00+00:00,2026-04-06 16:00:00,2026-04-06 00:00:00,Brent Crude Futures,ICE,60m,5m,5,108.3899994,108.8499985,107.7699966,108.4899979,1170,USD,,,,,,europe_open,first_hour_after_europe_open,Yahoo 5m history truncated by provider lookback window,,,,,,,,
2026-04-06 11:30:00+00:00,2026-04-06 17:00:00,2026-04-06 00:00:00,Brent Crude Futures,ICE,60m,5m,5,108.5500031,109.1399994,108.3700027,108.4100037,775,USD,,,,,,europe_open,,Yahoo 5m history truncated by provider lookback window,,,,,,,,
2026-04-06 12:30:00+00:00,2026-04-06 18:00:00,2026-04-06 00:00:00,Brent Crude Futures,ICE,60m,5m,5,108.5500031,109.3099976,108.1699982,109.25,1559,USD,,,,,,europe_mid,,Yahoo 5m history truncated by provider lookback window,,,,,,,,
2026-04-06 13:30:00+00:00,2026-04-06 19:00:00,2026-04-06 00:00:00,Brent Crude Futures,ICE,60m,5m,5,109.2600021,109.7699966,108.2600021,108.4300003,2261,USD,,,,,,europe_mid,,Yahoo 5m history truncated by provider lookback window,,,,,,,,
2026-04-06 14:30:00+00:00,2026-04-06 20:00:00,2026-04-06 00:00:00,Brent Crude Futures,ICE,60m,5m,5,108.2699966,109.8899994,107.9000015,109.5299988,2025,USD,,,,,,us_pre_open,,Yahoo 5m history truncated by provider lookback window,,,,,,,,
2026-04-06 15:30:00+00:00,2026-04-06 21:00:00,2026-04-06 00:00:00,Brent Crude Futures,ICE,60m,5m,5,109.5199966,110.0299988,108.9700012,109.0,637,USD,,,,,,us_open,first_30m_after_us_open,Yahoo 5m history truncated by provider lookback window,,,,,,,,
2026-04-06 16:30:00+00:00,2026-04-06 22:00:00,2026-04-06 00:00:00,Brent Crude Futures,ICE,60m,5m,5,109.0299988,110.8499985,108.6500015,110.2600021,1299,USD,,,,,,us_open,,Yahoo 5m history truncated by provider lookback window,,,,,,,,
2026-04-06 17:30:00+00:00,2026-04-06 23:00:00,2026-04-06 00:00:00,Brent Crude Futures,ICE,60m,5m,5,110.3099976,111.0999985,109.3600006,109.8000031,3998,USD,,,,,,us_late,us_late_reversal_window,Yahoo 5m history truncated by provider lookback window,,,,,,,,
2026-04-06 18:30:00+00:00,2026-04-07 00:00:00,2026-04-06 00:00:00,Brent Crude Futures,ICE,60m,5m,5,109.75,110.1399994,109.4499969,109.8399963,1203,USD,,,,,,us_late,final_hour_of_session_if_identifiable,Yahoo 5m history truncated by provider lookback window,,,,,,,,
2026-04-06 19:30:00+00:00,2026-04-07 01:00:00,2026-04-06 00:00:00,Brent Crude Futures,ICE,60m,5m,5,109.8300018,109.8700027,108.9000015,109.3799973,689,USD,,,,,,us_late,,Yahoo 5m history truncated by provider lookback window,,,,,,,,
2026-04-06 20:30:00+00:00,2026-04-07 02:00:00,2026-04-06 00:00:00,Brent Crude Futures,ICE,60m,5m,5,109.4800034,109.7799988,109.4499969,109.6299973,197,USD,,,,,,other_valid_hours,,Yahoo 5m history truncated by provider lookback window | Partial 5m coverage used for 60m bucket because no fuller finer bucket was available,,,,,,,,
2026-04-06 22:00:00+00:00,2026-04-07 03:00:00,2026-04-07 00:00:00,Brent Crude Futures,ICE,60m,60m,60,109.5899963,110.1999969,109.4899979,109.9700012,0,USD,,,,,,other_valid_hours,,Yahoo 60m history truncated by provider lookback window,,,,,,,,
2026-04-06 22:30:00+00:00,2026-04-07 04:00:00,2026-04-07 00:00:00,Brent Crude Futures,ICE,60m,15m,15,109.9300003,110.1999969,109.6999969,110.0800018,114,USD,,,,,,asia_early,,Yahoo 15m history truncated by provider lookback window,,,,,,,,
2026-04-06 23:30:00+00:00,2026-04-07 05:00:00,2026-04-07 00:00:00,Brent Crude Futures,ICE,60m,15m,15,110.0299988,110.4599991,109.5999985,109.9499969,527,USD,,,,,,asia_early,,Yahoo 15m history truncated by provider lookback window,,,,,,,,
2026-04-07 00:30:00+00:00,2026-04-07 06:00:00,2026-04-07 00:00:00,Brent Crude Futures,ICE,60m,5m,5,109.9700012,110.5299988,109.1500015,110.0400009,975,USD,,,,,,asia_early,,Yahoo 5m history truncated by provider lookback window,,,,,,,,
2026-04-07 01:30:00+00:00,2026-04-07 07:00:00,2026-04-07 00:00:00,Brent Crude Futures,ICE,60m,5m,5,109.9400024,111.3799973,109.9400024,111.1699982,841,USD,,,,,,asia_early,,Yahoo 5m history truncated by provider lookback window,,,,,,,,
2026-04-07 02:30:00+00:00,2026-04-07 08:00:00,2026-04-07 00:00:00,Brent Crude Futures,ICE,60m,5m,5,111.1699982,111.7200012,110.9100037,111.25,1107,USD,,,,,,asia_early,,Yahoo 5m history truncated by provider lookback window,,,,,,,,
2026-04-07 03:30:00+00:00,2026-04-07 09:00:00,2026-04-07 00:00:00,Brent Crude Futures,ICE,60m,5m,5,111.2699966,111.8000031,111.2099991,111.5400009,479,USD,,,,,,other_valid_hours,,Yahoo 5m history truncated by provider lookback window,,,,,,,,
2026-04-07 04:30:00+00:00,2026-04-07 10:00:00,2026-04-07 00:00:00,Brent Crude Futures,ICE,60m,5m,5,111.4599991,111.5400009,110.9899979,111.3600006,366,USD,,,,,,other_valid_hours,,Yahoo 5m history truncated by provider lookback window,,,,,,,,
2026-04-07 05:30:00+00:00,2026-04-07 11:00:00,2026-04-07 00:00:00,Brent Crude Futures,ICE,60m,15m,15,111.3600006,111.6600037,109.7699966,111.3399963,1054,USD,,,,,,other_valid_hours,,Yahoo 15m history truncated by provider lookback window,,,,,,,,
2026-04-07 06:30:00+00:00,2026-04-07 12:00:00,2026-04-07 00:00:00,Brent Crude Futures,ICE,60m,5m,5,111.2300034,111.5500031,111.0299988,111.4000015,760,USD,,,,,,other_valid_hours,,Yahoo 5m history truncated by provider lookback window,,,,,,,,
2026-04-07 07:30:00+00:00,2026-04-07 13:00:00,2026-04-07 00:00:00,Brent Crude Futures,ICE,60m,5m,5,111.3700027,111.7399979,109.75,110.8799973,3453,USD,,,,,,other_valid_hours,,Yahoo 5m history truncated by provider lookback window,,,,,,,,
2026-04-07 08:30:00+00:00,2026-04-07 14:00:00,2026-04-07 00:00:00,Brent Crude Futures,ICE,60m,5m,5,110.8000031,110.8899994,107.8499985,108.1999969,3265,USD,,,,,,other_valid_hours,,Yahoo 5m history truncated by provider lookback window,,,,,,,,
2026-04-07 09:30:00+00:00,2026-04-07 15:00:00,2026-04-07 00:00:00,Brent Crude Futures,ICE,60m,5m,5,108.2200012,111.1600037,107.4400024,110.5299988,4649,USD,,,,,,other_valid_hours,,Yahoo 5m history truncated by provider lookback window,,,,,,,,
2026-04-07 10:30:00+00:00,2026-04-07 16:00:00,2026-04-07 00:00:00,Brent Crude Futures,ICE,60m,5m,5,110.5199966,110.8600006,109.6800003,110.7600021,2452,USD,,,,,,europe_open,first_hour_after_europe_open,Yahoo 5m history truncated by provider lookback window,,,,,,,,
2026-04-07 11:30:00+00:00,2026-04-07 17:00:00,2026-04-07 00:00:00,Brent Crude Futures,ICE,60m,5m,5,110.7399979,111.4800034,110.1500015,110.2600021,2855,USD,,,,,,europe_open,,Yahoo 5m history truncated by provider lookback window,,,,,,,,
2026-04-07 12:30:00+00:00,2026-04-07 18:00:00,2026-04-07 00:00:00,Brent Crude Futures,ICE,60m,5m,5,110.2799988,111.0500031,109.5899963,109.9300003,3869,USD,,,,,,europe_mid,,Yahoo 5m history truncated by provider lookback window,,,,,,,,
2026-04-07 13:30:00+00:00,2026-04-07 19:00:00,2026-04-07 00:00:00,Brent Crude Futures,ICE,60m,5m,5,109.8899994,110.9199982,109.7300034,110.4300003,3060,USD,,,,,,europe_mid,,Yahoo 5m history truncated by provider lookback window,,,,,,,,
2026-04-07 14:30:00+00:00,2026-04-07 20:00:00,2026-04-07 00:00:00,Brent Crude Futures,ICE,60m,5m,5,110.4899979,111.5100021,109.7699966,110.6600037,5867,USD,,,,,,us_pre_open,,Yahoo 5m history truncated by provider lookback window,,,,,,,,
2026-04-07 15:30:00+00:00,2026-04-07 21:00:00,2026-04-07 00:00:00,Brent Crude Futures,ICE,60m,5m,5,110.6600037,110.8300018,108.3600006,109.3399963,4432,USD,,,,,,us_open,first_30m_after_us_open,Yahoo 5m history truncated by provider lookback window,,,,,,,,
2026-04-07 16:30:00+00:00,2026-04-07 22:00:00,2026-04-07 00:00:00,Brent Crude Futures,ICE,60m,5m,5,109.3199997,110.9800034,109.1600037,110.7099991,2974,USD,,,,,,us_open,,Yahoo 5m history truncated by provider lookback window,,,,,,,,
2026-04-07 17:30:00+00:00,2026-04-07 23:00:00,2026-04-07 00:00:00,Brent Crude Futures,ICE,60m,5m,5,110.5899963,110.6200027,109.0,109.1500015,5055,USD,,,,,,us_late,us_late_reversal_window,Yahoo 5m history truncated by provider lookback window,,,,,,,,
2026-04-07 18:30:00+00:00,2026-04-08 00:00:00,2026-04-07 00:00:00,Brent Crude Futures,ICE,60m,5m,5,109.1600037,110.0999985,107.1600037,108.3000031,3840,USD,,,,,,us_late,final_hour_of_session_if_identifiable,Yahoo 5m history truncated by provider lookback window,,,,,,,,
2026-04-07 19:30:00+00:00,2026-04-08 01:00:00,2026-04-07 00:00:00,Brent Crude Futures,ICE,60m,5m,5,108.3700027,108.9599991,104.5699997,105.9599991,5720,USD,,,,,,us_late,,Yahoo 5m history truncated by provider lookback window,,,,,,,,
2026-04-07 20:30:00+00:00,2026-04-08 02:00:00,2026-04-07 00:00:00,Brent Crude Futures,ICE,60m,5m,5,106.0199966,106.8199997,104.9599991,105.4700012,2122,USD,,,,,,other_valid_hours,,Yahoo 5m history truncated by provider lookback window | Partial 5m coverage used for 60m bucket because no fuller finer bucket was available,,,,,,,,
2026-04-07 22:00:00+00:00,2026-04-08 03:00:00,2026-04-08 00:00:00,Brent Crude Futures,ICE,60m,60m,60,103.4000015,104.0,94.05999756,95.0,0,USD,,,,,,other_valid_hours,,Yahoo 60m history truncated by provider lookback window,,,,,,,,
2026-04-07 22:30:00+00:00,2026-04-08 04:00:00,2026-04-08 00:00:00,Brent Crude Futures,ICE,60m,5m,5,103.2200012,103.2300034,90.01000214,92.58999634,4845,USD,,,,,,asia_early,,Yahoo 5m history truncated by provider lookback window,,,,,,,,
2026-04-07 23:30:00+00:00,2026-04-08 05:00:00,2026-04-08 00:00:00,Brent Crude Futures,ICE,60m,5m,5,92.68000031,95.5,91.66999817,94.90000153,6158,USD,,,,,,asia_early,,Yahoo 5m history truncated by provider lookback window,,,,,,,,
2026-04-08 00:30:00+00:00,2026-04-08 06:00:00,2026-04-08 00:00:00,Brent Crude Futures,ICE,60m,5m,5,94.87999725,96.16000366,94.09999847,94.95999908,3156,USD,,,,,,asia_early,,Yahoo 5m history truncated by provider lookback window,,,,,,,,
2026-04-08 01:30:00+00:00,2026-04-08 07:00:00,2026-04-08 00:00:00,Brent Crude Futures,ICE,60m,5m,5,94.97000122,96.25,94.62999725,96.18000031,1871,USD,,,,,,asia_early,,Yahoo 5m history truncated by provider lookback window,,,,,,,,
2026-04-08 02:30:00+00:00,2026-04-08 08:00:00,2026-04-08 00:00:00,Brent Crude Futures,ICE,60m,5m,5,96.12000275,96.12999725,94.59999847,94.75,897,USD,,,,,,asia_early,,Yahoo 5m history truncated by provider lookback window,,,,,,,,
2026-04-08 03:30:00+00:00,2026-04-08 09:00:00,2026-04-08 00:00:00,Brent Crude Futures,ICE,60m,5m,5,94.79000092,94.91000366,94.33999634,94.34999847,774,USD,,,,,,other_valid_hours,,Yahoo 5m history truncated by provider lookback window,,,,,,,,
2026-04-08 04:30:00+00:00,2026-04-08 10:00:00,2026-04-08 00:00:00,Brent Crude Futures,ICE,60m,5m,5,94.41999817,95.73000336,94.13999939,94.23999786,1384,USD,,,,,,other_valid_hours,,Yahoo 5m history truncated by provider lookback window,,,,,,,,
2026-04-08 05:30:00+00:00,2026-04-08 11:00:00,2026-04-08 00:00:00,Brent Crude Futures,ICE,60m,5m,5,94.26999664,94.26999664,92.55999756,92.87999725,2771,USD,,,,,,other_valid_hours,,Yahoo 5m history truncated by provider lookback window,,,,,,,,
2026-04-08 06:30:00+00:00,2026-04-08 12:00:00,2026-04-08 00:00:00,Brent Crude Futures,ICE,60m,5m,5,92.87999725,95.05999756,92.58000183,94.75,2440,USD,,,,,,other_valid_hours,,Yahoo 5m history truncated by provider lookback window,,,,,,,,
2026-04-08 07:30:00+00:00,2026-04-08 13:00:00,2026-04-08 00:00:00,Brent Crude Futures,ICE,60m,5m,5,94.76000214,95.94000244,94.15000153,95.58000183,2785,USD,,,,,,other_valid_hours,,Yahoo 5m history truncated by provider lookback window,,,,,,,,
2026-04-08 08:30:00+00:00,2026-04-08 14:00:00,2026-04-08 00:00:00,Brent Crude Futures,ICE,60m,5m,5,95.51999664,95.65000153,93.80999756,94.05999756,3251,USD,,,,,,other_valid_hours,,Yahoo 5m history truncated by provider lookback window,,,,,,,,
2026-04-08 09:30:00+00:00,2026-04-08 15:00:00,2026-04-08 00:00:00,Brent Crude Futures,ICE,60m,5m,5,94.08000183,95.05999756,93.29000092,94.16000366,2901,USD,,,,,,other_valid_hours,,Yahoo 5m history truncated by provider lookback window,,,,,,,,
2026-04-08 10:30:00+00:00,2026-04-08 16:00:00,2026-04-08 00:00:00,Brent Crude Futures,ICE,60m,5m,5,94.04000092,94.22000122,92.66000366,92.83999634,2391,USD,,,,,,europe_open,first_hour_after_europe_open,Yahoo 5m history truncated by provider lookback window,,,,,,,,
2026-04-08 11:30:00+00:00,2026-04-08 17:00:00,2026-04-08 00:00:00,Brent Crude Futures,ICE,60m,5m,5,92.83000183,93.81999969,91.16000366,92.94999695,6903,USD,,,,,,europe_open,,Yahoo 5m history truncated by provider lookback window,,,,,,,,
2026-04-08 12:30:00+00:00,2026-04-08 18:00:00,2026-04-08 00:00:00,Brent Crude Futures,ICE,60m,5m,5,92.80000305,92.87000275,90.41999817,91.55999756,4643,USD,,,,,,europe_mid,,Yahoo 5m history truncated by provider lookback window,,,,,,,,
2026-04-08 13:30:00+00:00,2026-04-08 19:00:00,2026-04-08 00:00:00,Brent Crude Futures,ICE,60m,5m,5,91.51999664,93.69000244,91.38999939,93.48999786,4615,USD,,,,,,europe_mid,,Yahoo 5m history truncated by provider lookback window,,,,,,,,
2026-04-08 14:30:00+00:00,2026-04-08 20:00:00,2026-04-08 00:00:00,Brent Crude Futures,ICE,60m,5m,5,93.52999878,95.83999634,93.52999878,95.83999634,6921,USD,,,,,,us_pre_open,,Yahoo 5m history truncated by provider lookback window,,,,,,,,
2026-04-08 15:30:00+00:00,2026-04-08 21:00:00,2026-04-08 00:00:00,Brent Crude Futures,ICE,60m,5m,5,95.72000122,95.73000336,94.12000275,95.0,4317,USD,,,,,,us_open,first_30m_after_us_open,Yahoo 5m history truncated by provider lookback window,,,,,,,,
2026-04-08 16:30:00+00:00,2026-04-08 22:00:00,2026-04-08 00:00:00,Brent Crude Futures,ICE,60m,5m,5,94.98999786,95.75,94.12999725,95.68000031,3846,USD,,,,,,us_open,,Yahoo 5m history truncated by provider lookback window,,,,,,,,
2026-04-08 17:30:00+00:00,2026-04-08 23:00:00,2026-04-08 00:00:00,Brent Crude Futures,ICE,60m,5m,5,95.72000122,95.93000031,94.11000061,94.72000122,5730,USD,,,,,,us_late,us_late_reversal_window,Yahoo 5m history truncated by provider lookback window,,,,,,,,
2026-04-08 18:30:00+00:00,2026-04-09 00:00:00,2026-04-08 00:00:00,Brent Crude Futures,ICE,60m,5m,5,94.73999786,97.19999695,94.51999664,97.01999664,2045,USD,,,,,,us_late,final_hour_of_session_if_identifiable,Yahoo 5m history truncated by provider lookback window,,,,,,,,
2026-04-08 19:30:00+00:00,2026-04-09 01:00:00,2026-04-08 00:00:00,Brent Crude Futures,ICE,60m,5m,5,96.98999786,96.98999786,95.66000366,96.23999786,2357,USD,,,,,,us_late,,Yahoo 5m history truncated by provider lookback window,,,,,,,,
2026-04-08 20:30:00+00:00,2026-04-09 02:00:00,2026-04-08 00:00:00,Brent Crude Futures,ICE,60m,5m,5,96.23999786,96.48000336,95.95999908,96.26000214,498,USD,,,,,,other_valid_hours,,Yahoo 5m history truncated by provider lookback window | Partial 5m coverage used for 60m bucket because no fuller finer bucket was available,,,,,,,,
2026-04-08 22:00:00+00:00,2026-04-09 03:00:00,2026-04-09 00:00:00,Brent Crude Futures,ICE,60m,60m,60,96.52999878,97.58999634,96.25,96.81999969,0,USD,,,,,,other_valid_hours,,Yahoo 60m history truncated by provider lookback window,,,,,,,,
2026-04-08 22:30:00+00:00,2026-04-09 04:00:00,2026-04-09 00:00:00,Brent Crude Futures,ICE,60m,5m,5,97.23000336,97.26000214,96.48000336,96.79000092,171,USD,,,,,,asia_early,,Yahoo 5m history truncated by provider lookback window,,,,,,,,
2026-04-08 23:30:00+00:00,2026-04-09 05:00:00,2026-04-09 00:00:00,Brent Crude Futures,ICE,60m,5m,5,96.76000214,97.51999664,96.29000092,97.11000061,773,USD,,,,,,asia_early,,Yahoo 5m history truncated by provider lookback window,,,,,,,,
2026-04-09 00:30:00+00:00,2026-04-09 06:00:00,2026-04-09 00:00:00,Brent Crude Futures,ICE,60m,5m,5,97.23000336,97.93000031,97.02999878,97.66999817,872,USD,,,,,,asia_early,,Yahoo 5m history truncated by provider lookback window,,,,,,,,
2026-04-09 01:30:00+00:00,2026-04-09 07:00:00,2026-04-09 00:00:00,Brent Crude Futures,ICE,60m,5m,5,97.63999939,97.63999939,96.62999725,96.84999847,813,USD,,,,,,asia_early,,Yahoo 5m history truncated by provider lookback window,,,,,,,,
2026-04-09 02:30:00+00:00,2026-04-09 08:00:00,2026-04-09 00:00:00,Brent Crude Futures,ICE,60m,5m,5,96.83000183,96.93000031,96.51999664,96.70999908,523,USD,,,,,,asia_early,,Yahoo 5m history truncated by provider lookback window,,,,,,,,
2026-04-09 03:30:00+00:00,2026-04-09 09:00:00,2026-04-09 00:00:00,Brent Crude Futures,ICE,60m,15m,15,96.72000122,97.08999634,96.62000275,97.08999634,313,USD,,,,,,other_valid_hours,,Yahoo 15m history truncated by provider lookback window,,,,,,,,
2026-04-09 04:30:00+00:00,2026-04-09 10:00:00,2026-04-09 00:00:00,Brent Crude Futures,ICE,60m,5m,5,97.09999847,97.55000305,96.87999725,97.09999847,399,USD,,,,,,other_valid_hours,,Yahoo 5m history truncated by provider lookback window,,,,,,,,
2026-04-09 05:30:00+00:00,2026-04-09 11:00:00,2026-04-09 00:00:00,Brent Crude Futures,ICE,60m,5m,5,97.15000153,97.22000122,96.48000336,96.94000244,734,USD,,,,,,other_valid_hours,,Yahoo 5m history truncated by provider lookback window,,,,,,,,
2026-04-09 06:30:00+00:00,2026-04-09 12:00:00,2026-04-09 00:00:00,Brent Crude Futures,ICE,60m,5m,5,96.91999817,97.91000366,96.80000305,97.80999756,1378,USD,,,,,,other_valid_hours,,Yahoo 5m history truncated by provider lookback window,,,,,,,,
2026-04-09 07:30:00+00:00,2026-04-09 13:00:00,2026-04-09 00:00:00,Brent Crude Futures,ICE,60m,5m,5,97.79000092,98.51999664,97.51000214,98.29000092,3165,USD,,,,,,other_valid_hours,,Yahoo 5m history truncated by provider lookback window,,,,,,,,
2026-04-09 08:30:00+00:00,2026-04-09 14:00:00,2026-04-09 00:00:00,Brent Crude Futures,ICE,60m,5m,5,98.27999878,98.36000061,97.36000061,97.59999847,1541,USD,,,,,,other_valid_hours,,Yahoo 5m history truncated by provider lookback window,,,,,,,,
2026-04-09 09:30:00+00:00,2026-04-09 15:00:00,2026-04-09 00:00:00,Brent Crude Futures,ICE,60m,5m,5,97.62000275,98.47000122,97.44000244,98.26000214,1258,USD,,,,,,other_valid_hours,,Yahoo 5m history truncated by provider lookback window,,,,,,,,
2026-04-09 10:30:00+00:00,2026-04-09 16:00:00,2026-04-09 00:00:00,Brent Crude Futures,ICE,60m,5m,5,98.26000214,98.91999817,97.98999786,98.55999756,1752,USD,,,,,,europe_open,first_hour_after_europe_open,Yahoo 5m history truncated by provider lookback window,,,,,,,,
2026-04-09 11:30:00+00:00,2026-04-09 17:00:00,2026-04-09 00:00:00,Brent Crude Futures,ICE,60m,5m,5,98.55999756,98.68000031,97.52999878,97.80999756,1607,USD,,,,,,europe_open,,Yahoo 5m history truncated by provider lookback window,,,,,,,,
2026-04-09 12:30:00+00:00,2026-04-09 18:00:00,2026-04-09 00:00:00,Brent Crude Futures,ICE,60m,5m,5,97.69999695,98.81999969,97.68000031,97.91999817,2953,USD,,,,,,europe_mid,,Yahoo 5m history truncated by provider lookback window,,,,,,,,
2026-04-09 13:30:00+00:00,2026-04-09 19:00:00,2026-04-09 00:00:00,Brent Crude Futures,ICE,60m,5m,5,97.87000275,99.37000275,97.87000275,99.26000214,3272,USD,,,,,,europe_mid,,Yahoo 5m history truncated by provider lookback window,,,,,,,,
2026-04-09 14:30:00+00:00,2026-04-09 20:00:00,2026-04-09 00:00:00,Brent Crude Futures,ICE,60m,5m,5,99.26999664,99.51999664,98.08999634,99.12000275,5108,USD,,,,,,us_pre_open,,Yahoo 5m history truncated by provider lookback window,,,,,,,,
2026-04-09 15:30:00+00:00,2026-04-09 21:00:00,2026-04-09 00:00:00,Brent Crude Futures,ICE,60m,5m,5,99.09999847,99.11000061,95.08000183,95.19000244,9735,USD,,,,,,us_open,first_30m_after_us_open,Yahoo 5m history truncated by provider lookback window,,,,,,,,
2026-04-09 16:30:00+00:00,2026-04-09 22:00:00,2026-04-09 00:00:00,Brent Crude Futures,ICE,60m,5m,5,95.25,96.30999756,94.58999634,95.05999756,3739,USD,,,,,,us_open,,Yahoo 5m history truncated by provider lookback window,,,,,,,,
2026-04-09 17:30:00+00:00,2026-04-09 23:00:00,2026-04-09 00:00:00,Brent Crude Futures,ICE,60m,5m,5,95.22000122,96.33999634,94.33999634,95.90000153,5647,USD,,,,,,us_late,us_late_reversal_window,Yahoo 5m history truncated by provider lookback window,,,,,,,,
2026-04-09 18:30:00+00:00,2026-04-10 00:00:00,2026-04-09 00:00:00,Brent Crude Futures,ICE,60m,5m,5,95.87999725,97.15000153,95.86000061,97.05000305,1367,USD,,,,,,us_late,final_hour_of_session_if_identifiable,Yahoo 5m history truncated by provider lookback window,,,,,,,,
2026-04-09 19:30:00+00:00,2026-04-10 01:00:00,2026-04-09 00:00:00,Brent Crude Futures,ICE,60m,5m,5,97.0,97.38999939,96.48999786,96.55000305,2132,USD,,,,,,us_late,,Yahoo 5m history truncated by provider lookback window,,,,,,,,
2026-04-09 20:30:00+00:00,2026-04-10 02:00:00,2026-04-09 00:00:00,Brent Crude Futures,ICE,60m,5m,5,96.58000183,96.80000305,96.31999969,96.44000244,669,USD,,,,,,other_valid_hours,,Yahoo 5m history truncated by provider lookback window | Partial 5m coverage used for 60m bucket because no fuller finer bucket was available,,,,,,,,
2026-04-09 22:00:00+00:00,2026-04-10 03:00:00,2026-04-10 00:00:00,Brent Crude Futures,ICE,60m,60m,60,96.37999725,96.98999786,95.73000336,96.94999695,0,USD,,,,,,other_valid_hours,,Yahoo 60m history truncated by provider lookback window,,,,,,,,
2026-04-09 22:30:00+00:00,2026-04-10 04:00:00,2026-04-10 00:00:00,Brent Crude Futures,ICE,60m,15m,15,96.79000092,96.98999786,96.51000214,96.58000183,120,USD,,,,,,asia_early,,Yahoo 15m history truncated by provider lookback window,,,,,,,,
2026-04-09 23:30:00+00:00,2026-04-10 05:00:00,2026-04-10 00:00:00,Brent Crude Futures,ICE,60m,15m,15,96.68000031,97.01999664,96.51999664,96.62999725,410,USD,,,,,,asia_early,,Yahoo 15m history truncated by provider lookback window,,,,,,,,
2026-04-10 00:30:00+00:00,2026-04-10 06:00:00,2026-04-10 00:00:00,Brent Crude Futures,ICE,60m,5m,5,96.66999817,97.08000183,96.37000275,96.51999664,500,USD,,,,,,asia_early,,Yahoo 5m history truncated by provider lookback window,,,,,,,,
2026-04-10 01:30:00+00:00,2026-04-10 07:00:00,2026-04-10 00:00:00,Brent Crude Futures,ICE,60m,5m,5,96.51999664,96.72000122,96.11000061,96.62000275,451,USD,,,,,,asia_early,,Yahoo 5m history truncated by provider lookback window,,,,,,,,
2026-04-10 02:30:00+00:00,2026-04-10 08:00:00,2026-04-10 00:00:00,Brent Crude Futures,ICE,60m,5m,5,96.69000244,96.72000122,96.27999878,96.66000366,487,USD,,,,,,asia_early,,Yahoo 5m history truncated by provider lookback window,,,,,,,,
2026-04-10 03:30:00+00:00,2026-04-10 09:00:00,2026-04-10 00:00:00,Brent Crude Futures,ICE,60m,15m,15,96.65000153,96.66000366,96.06999969,96.30000305,348,USD,,,,,,other_valid_hours,,Yahoo 15m history truncated by provider lookback window,,,,,,,,
2026-04-10 04:30:00+00:00,2026-04-10 10:00:00,2026-04-10 00:00:00,Brent Crude Futures,ICE,60m,5m,5,96.30000305,96.81999969,96.30000305,96.79000092,195,USD,,,,,,other_valid_hours,,Yahoo 5m history truncated by provider lookback window,,,,,,,,
2026-04-10 05:30:00+00:00,2026-04-10 11:00:00,2026-04-10 00:00:00,Brent Crude Futures,ICE,60m,5m,5,96.79000092,97.01999664,96.52999878,96.56999969,395,USD,,,,,,other_valid_hours,,Yahoo 5m history truncated by provider lookback window,,,,,,,,
2026-04-10 06:30:00+00:00,2026-04-10 12:00:00,2026-04-10 00:00:00,Brent Crude Futures,ICE,60m,5m,5,96.58000183,97.90000153,96.34999847,97.56999969,1214,USD,,,,,,other_valid_hours,,Yahoo 5m history truncated by provider lookback window,,,,,,,,
2026-04-10 07:30:00+00:00,2026-04-10 13:00:00,2026-04-10 00:00:00,Brent Crude Futures,ICE,60m,5m,5,97.66000366,97.94000244,97.30999756,97.58999634,1328,USD,,,,,,other_valid_hours,,Yahoo 5m history truncated by provider lookback window,,,,,,,,
2026-04-10 08:30:00+00:00,2026-04-10 14:00:00,2026-04-10 00:00:00,Brent Crude Futures,ICE,60m,5m,5,97.58999634,98.25,96.19999695,96.76000214,2144,USD,,,,,,other_valid_hours,,Yahoo 5m history truncated by provider lookback window,,,,,,,,
2026-04-10 09:30:00+00:00,2026-04-10 15:00:00,2026-04-10 00:00:00,Brent Crude Futures,ICE,60m,5m,5,96.70999908,97.11000061,96.15000153,96.41999817,1428,USD,,,,,,other_valid_hours,,Yahoo 5m history truncated by provider lookback window,,,,,,,,
2026-04-10 10:30:00+00:00,2026-04-10 16:00:00,2026-04-10 00:00:00,Brent Crude Futures,ICE,60m,5m,5,96.41999817,96.5,95.48000336,95.95999908,1279,USD,,,,,,europe_open,first_hour_after_europe_open,Yahoo 5m history truncated by provider lookback window,,,,,,,,
2026-04-10 11:30:00+00:00,2026-04-10 17:00:00,2026-04-10 00:00:00,Brent Crude Futures,ICE,60m,5m,5,96.04000092,96.09999847,94.95999908,95.62000275,1247,USD,,,,,,europe_open,,Yahoo 5m history truncated by provider lookback window,,,,,,,,
2026-04-10 12:30:00+00:00,2026-04-10 18:00:00,2026-04-10 00:00:00,Brent Crude Futures,ICE,60m,5m,5,95.58000183,96.11000061,95.16000366,95.87999725,1764,USD,,,,,,europe_mid,,Yahoo 5m history truncated by provider lookback window,,,,,,,,
2026-04-10 13:30:00+00:00,2026-04-10 19:00:00,2026-04-10 00:00:00,Brent Crude Futures,ICE,60m,5m,5,95.81999969,96.31999969,95.16000366,95.48000336,2626,USD,,,,,,europe_mid,,Yahoo 5m history truncated by provider lookback window,,,,,,,,
2026-04-10 14:30:00+00:00,2026-04-10 20:00:00,2026-04-10 00:00:00,Brent Crude Futures,ICE,60m,5m,5,95.47000122,96.80000305,95.15000153,96.55999756,4317,USD,,,,,,us_pre_open,,Yahoo 5m history truncated by provider lookback window,,,,,,,,
2026-04-10 15:30:00+00:00,2026-04-10 21:00:00,2026-04-10 00:00:00,Brent Crude Futures,ICE,60m,5m,5,96.58999634,97.43000031,96.40000153,97.08999634,2903,USD,,,,,,us_open,first_30m_after_us_open,Yahoo 5m history truncated by provider lookback window,,,,,,,,
2026-04-10 16:30:00+00:00,2026-04-10 22:00:00,2026-04-10 00:00:00,Brent Crude Futures,ICE,60m,5m,5,97.15000153,97.18000031,96.62000275,96.69999695,1920,USD,,,,,,us_open,,Yahoo 5m history truncated by provider lookback window,,,,,,,,
2026-04-10 17:30:00+00:00,2026-04-10 23:00:00,2026-04-10 00:00:00,Brent Crude Futures,ICE,60m,5m,5,96.65000153,96.79000092,94.94000244,95.05000305,3318,USD,,,,,,us_late,us_late_reversal_window,Yahoo 5m history truncated by provider lookback window,,,,,,,,
2026-04-10 18:30:00+00:00,2026-04-11 00:00:00,2026-04-10 00:00:00,Brent Crude Futures,ICE,60m,5m,5,95.0,95.12999725,94.23999786,94.33999634,1447,USD,,,,,,us_late,final_hour_of_session_if_identifiable,Yahoo 5m history truncated by provider lookback window,,,,,,,,
2026-04-10 19:30:00+00:00,2026-04-11 01:00:00,2026-04-10 00:00:00,Brent Crude Futures,ICE,60m,5m,5,94.31999969,94.69999695,94.23999786,94.33999634,733,USD,,,,,,us_late,,Yahoo 5m history truncated by provider lookback window,,,,,,,,
2026-04-10 20:30:00+00:00,2026-04-11 02:00:00,2026-04-10 00:00:00,Brent Crude Futures,ICE,60m,5m,5,94.37999725,94.59999847,94.26000214,94.44999695,337,USD,,,,,,other_valid_hours,,Yahoo 5m history truncated by provider lookback window | Partial 5m coverage used for 60m bucket because no fuller finer bucket was available,,,,,,,,
2026-04-12 22:00:00+00:00,2026-04-13 03:00:00,2026-04-13 00:00:00,Brent Crude Futures,ICE,60m,60m,60,102.4199982,102.6100006,101.6399994,102.4800034,2166,USD,,,,,,other_valid_hours,,Yahoo 60m history truncated by provider lookback window,,,,,,,,
2026-04-12 22:30:00+00:00,2026-04-13 04:00:00,2026-04-13 00:00:00,Brent Crude Futures,ICE,60m,5m,5,102.2099991,103.3899994,102.0500031,103.2699966,1386,USD,,,,,,asia_early,,Yahoo 5m history truncated by provider lookback window,,,,,,,,
2026-04-12 23:30:00+00:00,2026-04-13 05:00:00,2026-04-13 00:00:00,Brent Crude Futures,ICE,60m,5m,5,103.3700027,103.8600006,102.6500015,102.7300034,608,USD,,,,,,asia_early,,Yahoo 5m history truncated by provider lookback window,,,,,,,,
2026-04-13 00:30:00+00:00,2026-04-13 06:00:00,2026-04-13 00:00:00,Brent Crude Futures,ICE,60m,5m,5,102.7600021,102.8399963,101.4199982,101.6699982,999,USD,,,,,,asia_early,,Yahoo 5m history truncated by provider lookback window,,,,,,,,
2026-04-13 01:30:00+00:00,2026-04-13 07:00:00,2026-04-13 00:00:00,Brent Crude Futures,ICE,60m,5m,5,101.7399979,102.3899994,101.6500015,102.3000031,576,USD,,,,,,asia_early,,Yahoo 5m history truncated by provider lookback window,,,,,,,,
2026-04-13 02:30:00+00:00,2026-04-13 08:00:00,2026-04-13 00:00:00,Brent Crude Futures,ICE,60m,5m,5,102.2300034,102.3199997,102.1299973,102.1699982,268,USD,,,,,,asia_early,,Yahoo 5m history truncated by provider lookback window,,,,,,,,
2026-04-13 03:30:00+00:00,2026-04-13 09:00:00,2026-04-13 00:00:00,Brent Crude Futures,ICE,60m,15m,15,102.2300034,102.4000015,102.0100021,102.1600037,311,USD,,,,,,other_valid_hours,,Yahoo 15m history truncated by provider lookback window,,,,,,,,
2026-04-13 04:30:00+00:00,2026-04-13 10:00:00,2026-04-13 00:00:00,Brent Crude Futures,ICE,60m,15m,15,102.1500015,102.3099976,102.0500031,102.25,192,USD,,,,,,other_valid_hours,,Yahoo 15m history truncated by provider lookback window,,,,,,,,
2026-04-13 05:30:00+00:00,2026-04-13 11:00:00,2026-04-13 00:00:00,Brent Crude Futures,ICE,60m,5m,5,102.1399994,102.3199997,101.6399994,101.8799973,754,USD,,,,,,other_valid_hours,,Yahoo 5m history truncated by provider lookback window,,,,,,,,
2026-04-13 06:30:00+00:00,2026-04-13 12:00:00,2026-04-13 00:00:00,Brent Crude Futures,ICE,60m,5m,5,101.8300018,101.9100037,101.1600037,101.75,749,USD,,,,,,other_valid_hours,,Yahoo 5m history truncated by provider lookback window,,,,,,,,
2026-04-13 07:30:00+00:00,2026-04-13 13:00:00,2026-04-13 00:00:00,Brent Crude Futures,ICE,60m,5m,5,101.7200012,102.5999985,101.5500031,102.3199997,858,USD,,,,,,other_valid_hours,,Yahoo 5m history truncated by provider lookback window,,,,,,,,
2026-04-13 08:30:00+00:00,2026-04-13 14:00:00,2026-04-13 00:00:00,Brent Crude Futures,ICE,60m,5m,5,102.2600021,103.3300018,102.0500031,102.8000031,1519,USD,,,,,,other_valid_hours,,Yahoo 5m history truncated by provider lookback window,,,,,,,,
2026-04-13 09:30:00+00:00,2026-04-13 15:00:00,2026-04-13 00:00:00,Brent Crude Futures,ICE,60m,5m,5,102.8000031,102.8000031,102.0899963,102.3899994,639,USD,,,,,,other_valid_hours,,Yahoo 5m history truncated by provider lookback window,,,,,,,,
2026-04-13 10:30:00+00:00,2026-04-13 16:00:00,2026-04-13 00:00:00,Brent Crude Futures,ICE,60m,5m,5,102.3700027,102.3700027,101.8000031,101.9100037,1042,USD,,,,,,europe_open,first_hour_after_europe_open,Yahoo 5m history truncated by provider lookback window,,,,,,,,
2026-04-13 11:30:00+00:00,2026-04-13 17:00:00,2026-04-13 00:00:00,Brent Crude Futures,ICE,60m,5m,5,101.9100037,102.5800018,101.8399963,102.1900024,930,USD,,,,,,europe_open,,Yahoo 5m history truncated by provider lookback window,,,,,,,,
2026-04-13 12:30:00+00:00,2026-04-13 18:00:00,2026-04-13 00:00:00,Brent Crude Futures,ICE,60m,5m,5,102.1500015,102.3499985,101.4800034,101.7300034,1535,USD,,,,,,europe_mid,,Yahoo 5m history truncated by provider lookback window,,,,,,,,
2026-04-13 13:30:00+00:00,2026-04-13 19:00:00,2026-04-13 00:00:00,Brent Crude Futures,ICE,60m,5m,5,101.7399979,101.9599991,98.76000214,100.6800003,7382,USD,,,,,,europe_mid,,Yahoo 5m history truncated by provider lookback window,,,,,,,,
2026-04-13 14:30:00+00:00,2026-04-13 20:00:00,2026-04-13 00:00:00,Brent Crude Futures,ICE,60m,5m,5,100.6500015,101.9100037,100.0999985,101.9000015,3026,USD,,,,,,us_pre_open,,Yahoo 5m history truncated by provider lookback window,,,,,,,,
2026-04-13 15:30:00+00:00,2026-04-13 21:00:00,2026-04-13 00:00:00,Brent Crude Futures,ICE,60m,5m,5,101.9499969,102.2399979,100.8000031,101.0999985,4298,USD,,,,,,us_open,first_30m_after_us_open,Yahoo 5m history truncated by provider lookback window,,,,,,,,
2026-04-13 16:30:00+00:00,2026-04-13 22:00:00,2026-04-13 00:00:00,Brent Crude Futures,ICE,60m,5m,5,101.0500031,101.0699997,99.19999695,99.40000153,8922,USD,,,,,,us_open,,Yahoo 5m history truncated by provider lookback window,,,,,,,,
2026-04-13 17:30:00+00:00,2026-04-13 23:00:00,2026-04-13 00:00:00,Brent Crude Futures,ICE,60m,5m,5,99.38999939,99.83000183,98.80000305,99.30000305,3647,USD,,,,,,us_late,us_late_reversal_window,Yahoo 5m history truncated by provider lookback window,,,,,,,,
2026-04-13 18:30:00+00:00,2026-04-14 00:00:00,2026-04-13 00:00:00,Brent Crude Futures,ICE,60m,5m,5,99.30000305,99.41999817,97.63999939,98.30000305,2352,USD,,,,,,us_late,final_hour_of_session_if_identifiable,Yahoo 5m history truncated by provider lookback window,,,,,,,,
2026-04-13 19:30:00+00:00,2026-04-14 01:00:00,2026-04-13 00:00:00,Brent Crude Futures,ICE,60m,5m,5,98.12999725,98.59999847,98.09999847,98.12000275,644,USD,,,,,,us_late,,Yahoo 5m history truncated by provider lookback window,,,,,,,,
2026-04-13 20:30:00+00:00,2026-04-14 02:00:00,2026-04-13 00:00:00,Brent Crude Futures,ICE,60m,5m,5,98.13999939,98.31999969,97.77999878,98.11000061,280,USD,,,,,,other_valid_hours,,Yahoo 5m history truncated by provider lookback window | Partial 5m coverage used for 60m bucket because no fuller finer bucket was available,,,,,,,,
2026-04-13 22:00:00+00:00,2026-04-14 03:00:00,2026-04-14 00:00:00,Brent Crude Futures,ICE,60m,60m,60,98.41999817,98.45999908,97.86000061,97.98000336,0,USD,,,,,,other_valid_hours,,Yahoo 60m history truncated by provider lookback window,,,,,,,,
2026-04-13 22:30:00+00:00,2026-04-14 04:00:00,2026-04-14 00:00:00,Brent Crude Futures,ICE,60m,15m,15,98.27999878,98.30000305,96.83000183,97.65000153,197,USD,,,,,,asia_early,,Yahoo 15m history truncated by provider lookback window,,,,,,,,
2026-04-13 23:30:00+00:00,2026-04-14 05:00:00,2026-04-14 00:00:00,Brent Crude Futures,ICE,60m,5m,5,97.41999817,97.69999695,96.87999725,97.23999786,635,USD,,,,,,asia_early,,Yahoo 5m history truncated by provider lookback window,,,,,,,,
2026-04-14 00:30:00+00:00,2026-04-14 06:00:00,2026-04-14 00:00:00,Brent Crude Futures,ICE,60m,5m,5,97.25,97.55000305,96.48000336,97.55000305,853,USD,,,,,,asia_early,,Yahoo 5m history truncated by provider lookback window,,,,,,,,
2026-04-14 01:30:00+00:00,2026-04-14 07:00:00,2026-04-14 00:00:00,Brent Crude Futures,ICE,60m,5m,5,97.54000092,98.01000214,97.54000092,97.81999969,297,USD,,,,,,asia_early,,Yahoo 5m history truncated by provider lookback window,,,,,,,,
2026-04-14 02:30:00+00:00,2026-04-14 08:00:00,2026-04-14 00:00:00,Brent Crude Futures,ICE,60m,5m,5,97.81999969,98.66000366,97.80000305,98.65000153,636,USD,,,,,,asia_early,,Yahoo 5m history truncated by provider lookback window,,,,,,,,
2026-04-14 03:30:00+00:00,2026-04-14 09:00:00,2026-04-14 00:00:00,Brent Crude Futures,ICE,60m,5m,5,98.58999634,98.66999817,97.70999908,97.87999725,465,USD,,,,,,other_valid_hours,,Yahoo 5m history truncated by provider lookback window,,,,,,,,
2026-04-14 05:00:00+00:00,2026-04-14 10:00:00,2026-04-14 00:00:00,Brent Crude Futures,ICE,60m,60m,60,97.91000366,98.65000153,97.91000366,98.55000305,370,USD,,,,,,other_valid_hours,,Yahoo 60m history truncated by provider lookback window,,,,,,,,
2026-04-14 05:30:00+00:00,2026-04-14 11:00:00,2026-04-14 00:00:00,Brent Crude Futures,ICE,60m,5m,5,98.13999939,98.65000153,98.09999847,98.45999908,453,USD,,,,,,other_valid_hours,,Yahoo 5m history truncated by provider lookback window,,,,,,,,
2026-04-14 06:30:00+00:00,2026-04-14 12:00:00,2026-04-14 00:00:00,Brent Crude Futures,ICE,60m,5m,5,98.56999969,99.41000366,97.48999786,98.31999969,2387,USD,,,,,,other_valid_hours,,Yahoo 5m history truncated by provider lookback window,,,,,,,,
2026-04-14 07:30:00+00:00,2026-04-14 13:00:00,2026-04-14 00:00:00,Brent Crude Futures,ICE,60m,5m,5,98.36000061,98.91999817,98.05999756,98.70999908,1229,USD,,,,,,other_valid_hours,,Yahoo 5m history truncated by provider lookback window,,,,,,,,
2026-04-14 08:30:00+00:00,2026-04-14 14:00:00,2026-04-14 00:00:00,Brent Crude Futures,ICE,60m,5m,5,98.68000031,98.81999969,97.90000153,98.56999969,921,USD,,,,,,other_valid_hours,,Yahoo 5m history truncated by provider lookback window,,,,,,,,
2026-04-14 09:30:00+00:00,2026-04-14 15:00:00,2026-04-14 00:00:00,Brent Crude Futures,ICE,60m,5m,5,98.58999634,99.09999847,98.40000153,98.61000061,690,USD,,,,,,other_valid_hours,,Yahoo 5m history truncated by provider lookback window,,,,,,,,
2026-04-14 10:30:00+00:00,2026-04-14 16:00:00,2026-04-14 00:00:00,Brent Crude Futures,ICE,60m,5m,5,98.68000031,99.30000305,98.68000031,99.19999695,1041,USD,,,,,,europe_open,first_hour_after_europe_open,Yahoo 5m history truncated by provider lookback window,,,,,,,,
2026-04-14 11:30:00+00:00,2026-04-14 17:00:00,2026-04-14 00:00:00,Brent Crude Futures,ICE,60m,5m,5,99.26000214,99.29000092,97.45999908,97.80999756,2714,USD,,,,,,europe_open,,Yahoo 5m history truncated by provider lookback window,,,,,,,,
2026-04-14 12:30:00+00:00,2026-04-14 18:00:00,2026-04-14 00:00:00,Brent Crude Futures,ICE,60m,5m,5,97.76000214,98.12999725,97.18000031,97.58000183,1813,USD,,,,,,europe_mid,,Yahoo 5m history truncated by provider lookback window,,,,,,,,
2026-04-14 13:30:00+00:00,2026-04-14 19:00:00,2026-04-14 00:00:00,Brent Crude Futures,ICE,60m,5m,5,97.56999969,97.77999878,94.86000061,95.87000275,8066,USD,,,,,,europe_mid,,Yahoo 5m history truncated by provider lookback window,,,,,,,,
2026-04-14 14:30:00+00:00,2026-04-14 20:00:00,2026-04-14 00:00:00,Brent Crude Futures,ICE,60m,5m,5,95.88999939,96.69999695,95.44000244,96.55000305,4697,USD,,,,,,us_pre_open,,Yahoo 5m history truncated by provider lookback window,,,,,,,,
2026-04-14 15:30:00+00:00,2026-04-14 21:00:00,2026-04-14 00:00:00,Brent Crude Futures,ICE,60m,5m,5,96.55999756,96.56999969,94.98999786,95.12999725,3655,USD,,,,,,us_open,first_30m_after_us_open,Yahoo 5m history truncated by provider lookback window,,,,,,,,
2026-04-14 16:30:00+00:00,2026-04-14 22:00:00,2026-04-14 00:00:00,Brent Crude Futures,ICE,60m,5m,5,95.12000275,95.51999664,94.66000366,95.19999695,1816,USD,,,,,,us_open,,Yahoo 5m history truncated by provider lookback window,,,,,,,,
2026-04-14 17:30:00+00:00,2026-04-14 23:00:00,2026-04-14 00:00:00,Brent Crude Futures,ICE,60m,5m,5,95.26999664,95.30000305,94.43000031,94.80000305,3430,USD,,,,,,us_late,us_late_reversal_window,Yahoo 5m history truncated by provider lookback window,,,,,,,,
2026-04-14 18:30:00+00:00,2026-04-15 00:00:00,2026-04-14 00:00:00,Brent Crude Futures,ICE,60m,5m,5,94.80000305,95.16999817,94.66000366,94.95999908,1108,USD,,,,,,us_late,final_hour_of_session_if_identifiable,Yahoo 5m history truncated by provider lookback window,,,,,,,,
2026-04-14 19:30:00+00:00,2026-04-15 01:00:00,2026-04-14 00:00:00,Brent Crude Futures,ICE,60m,5m,5,94.91000366,95.33000183,94.86000061,95.16999817,514,USD,,,,,,us_late,,Yahoo 5m history truncated by provider lookback window,,,,,,,,
2026-04-14 20:30:00+00:00,2026-04-15 02:00:00,2026-04-14 00:00:00,Brent Crude Futures,ICE,60m,5m,5,95.23000336,95.23000336,94.68000031,95.13999939,534,USD,,,,,,other_valid_hours,,Yahoo 5m history truncated by provider lookback window | Partial 5m coverage used for 60m bucket because no fuller finer bucket was available,,,,,,,,
2026-04-14 22:00:00+00:00,2026-04-15 03:00:00,2026-04-15 00:00:00,Brent Crude Futures,ICE,60m,60m,60,95.51999664,95.51999664,94.83999634,95.13999939,0,USD,,,,,,other_valid_hours,,Yahoo 60m history truncated by provider lookback window,,,,,,,,
2026-04-14 22:30:00+00:00,2026-04-15 04:00:00,2026-04-15 00:00:00,Brent Crude Futures,ICE,60m,15m,15,94.94999695,95.16999817,94.65000153,94.75,184,USD,,,,,,asia_early,,Yahoo 15m history truncated by provider lookback window,,,,,,,,
2026-04-14 23:30:00+00:00,2026-04-15 05:00:00,2026-04-15 00:00:00,Brent Crude Futures,ICE,60m,5m,5,94.61000061,94.73999786,91.0,94.33000183,1531,USD,,,,,,asia_early,,Yahoo 5m history truncated by provider lookback window,,,,,,,,
2026-04-15 00:30:00+00:00,2026-04-15 06:00:00,2026-04-15 00:00:00,Brent Crude Futures,ICE,60m,5m,5,94.40000153,94.58000183,93.95999908,94.12999725,423,USD,,,,,,asia_early,,Yahoo 5m history truncated by provider lookback window,,,,,,,,
2026-04-15 01:30:00+00:00,2026-04-15 07:00:00,2026-04-15 00:00:00,Brent Crude Futures,ICE,60m,5m,5,94.08999634,94.79000092,94.08000183,94.69000244,418,USD,,,,,,asia_early,,Yahoo 5m history truncated by provider lookback window,,,,,,,,
2026-04-15 02:30:00+00:00,2026-04-15 08:00:00,2026-04-15 00:00:00,Brent Crude Futures,ICE,60m,5m,5,94.76000214,95.45999908,94.76000214,95.36000061,380,USD,,,,,,asia_early,,Yahoo 5m history truncated by provider lookback window,,,,,,,,
2026-04-15 03:30:00+00:00,2026-04-15 09:00:00,2026-04-15 00:00:00,Brent Crude Futures,ICE,60m,5m,5,95.36000061,95.36000061,95.01000214,95.23999786,276,USD,,,,,,other_valid_hours,,Yahoo 5m history truncated by provider lookback window,,,,,,,,
2026-04-15 04:30:00+00:00,2026-04-15 10:00:00,2026-04-15 00:00:00,Brent Crude Futures,ICE,60m,5m,5,95.30000305,95.79000092,95.30000305,95.70999908,290,USD,,,,,,other_valid_hours,,Yahoo 5m history truncated by provider lookback window,,,,,,,,
2026-04-15 05:30:00+00:00,2026-04-15 11:00:00,2026-04-15 00:00:00,Brent Crude Futures,ICE,60m,15m,15,95.69999695,95.76000214,94.61000061,94.76000214,448,USD,,,,,,other_valid_hours,,Yahoo 15m history truncated by provider lookback window,,,,,,,,
2026-04-15 06:30:00+00:00,2026-04-15 12:00:00,2026-04-15 00:00:00,Brent Crude Futures,ICE,60m,5m,5,94.68000031,95.29000092,94.19000244,95.26999664,1017,USD,,,,,,other_valid_hours,,Yahoo 5m history truncated by provider lookback window,,,,,,,,
2026-04-15 07:30:00+00:00,2026-04-15 13:00:00,2026-04-15 00:00:00,Brent Crude Futures,ICE,60m,5m,5,95.33000183,95.37000275,94.5,95.12000275,1329,USD,,,,,,other_valid_hours,,Yahoo 5m history truncated by provider lookback window,,,,,,,,
2026-04-15 08:30:00+00:00,2026-04-15 14:00:00,2026-04-15 00:00:00,Brent Crude Futures,ICE,60m,5m,5,95.08000183,96.26000214,95.08000183,96.15000153,1597,USD,,,,,,other_valid_hours,,Yahoo 5m history truncated by provider lookback window,,,,,,,,
2026-04-15 09:30:00+00:00,2026-04-15 15:00:00,2026-04-15 00:00:00,Brent Crude Futures,ICE,60m,5m,5,96.12999725,96.73000336,95.62000275,96.55999756,1600,USD,,,,,,other_valid_hours,,Yahoo 5m history truncated by provider lookback window,,,,,,,,
2026-04-15 10:30:00+00:00,2026-04-15 16:00:00,2026-04-15 00:00:00,Brent Crude Futures,ICE,60m,5m,5,96.58000183,96.88999939,95.86000061,96.08000183,2084,USD,,,,,,europe_open,first_hour_after_europe_open,Yahoo 5m history truncated by provider lookback window,,,,,,,,
2026-04-15 11:30:00+00:00,2026-04-15 17:00:00,2026-04-15 00:00:00,Brent Crude Futures,ICE,60m,5m,5,96.09999847,96.19000244,94.91000366,95.56999969,2328,USD,,,,,,europe_open,,Yahoo 5m history truncated by provider lookback window,,,,,,,,
2026-04-15 12:30:00+00:00,2026-04-15 18:00:00,2026-04-15 00:00:00,Brent Crude Futures,ICE,60m,5m,5,95.54000092,95.59999847,94.62000275,94.75,2134,USD,,,,,,europe_mid,,Yahoo 5m history truncated by provider lookback window,,,,,,,,
2026-04-15 13:30:00+00:00,2026-04-15 19:00:00,2026-04-15 00:00:00,Brent Crude Futures,ICE,60m,5m,5,94.70999908,94.98000336,94.08000183,94.16999817,4457,USD,,,,,,europe_mid,,Yahoo 5m history truncated by provider lookback window,,,,,,,,
2026-04-15 14:30:00+00:00,2026-04-15 20:00:00,2026-04-15 00:00:00,Brent Crude Futures,ICE,60m,5m,5,94.16999817,95.62000275,94.13999939,95.5,6137,USD,,,,,,us_pre_open,,Yahoo 5m history truncated by provider lookback window,,,,,,,,
2026-04-15 15:30:00+00:00,2026-04-15 21:00:00,2026-04-15 00:00:00,Brent Crude Futures,ICE,60m,5m,5,95.5,95.91000366,95.33000183,95.52999878,5241,USD,,,,,,us_open,first_30m_after_us_open,Yahoo 5m history truncated by provider lookback window,,,,,,,,
2026-04-15 16:30:00+00:00,2026-04-15 22:00:00,2026-04-15 00:00:00,Brent Crude Futures,ICE,60m,5m,5,95.54000092,95.72000122,95.04000092,95.18000031,2736,USD,,,,,,us_open,,Yahoo 5m history truncated by provider lookback window,,,,,,,,
2026-04-15 17:30:00+00:00,2026-04-15 23:00:00,2026-04-15 00:00:00,Brent Crude Futures,ICE,60m,5m,5,95.23999786,95.80999756,94.73000336,94.84999847,3940,USD,,,,,,us_late,us_late_reversal_window,Yahoo 5m history truncated by provider lookback window,,,,,,,,
2026-04-15 18:30:00+00:00,2026-04-16 00:00:00,2026-04-15 00:00:00,Brent Crude Futures,ICE,60m,5m,5,94.87999725,94.95999908,94.51000214,94.77999878,1490,USD,,,,,,us_late,final_hour_of_session_if_identifiable,Yahoo 5m history truncated by provider lookback window,,,,,,,,
2026-04-15 19:30:00+00:00,2026-04-16 01:00:00,2026-04-15 00:00:00,Brent Crude Futures,ICE,60m,5m,5,94.77999878,94.97000122,94.70999908,94.88999939,191,USD,,,,,,us_late,,Yahoo 5m history truncated by provider lookback window,,,,,,,,
2026-04-15 20:30:00+00:00,2026-04-16 02:00:00,2026-04-15 00:00:00,Brent Crude Futures,ICE,60m,5m,5,94.93000031,95.0,94.88999939,94.93000031,177,USD,,,,,,other_valid_hours,,Yahoo 5m history truncated by provider lookback window | Partial 5m coverage used for 60m bucket because no fuller finer bucket was available,,,,,,,,
2026-04-15 22:00:00+00:00,2026-04-16 03:00:00,2026-04-16 00:00:00,Brent Crude Futures,ICE,60m,60m,60,94.76000214,94.84999847,94.66000366,94.66000366,27,USD,,,,,,other_valid_hours,,Yahoo 60m history truncated by provider lookback window,,,,,,,,
2026-04-15 22:30:00+00:00,2026-04-16 04:00:00,2026-04-16 00:00:00,Brent Crude Futures,ICE,60m,15m,15,94.84999847,94.84999847,94.55999756,94.55999756,21,USD,,,,,,asia_early,,Yahoo 15m history truncated by provider lookback window,,,,,,,,
2026-04-16 00:00:00+00:00,2026-04-16 05:00:00,2026-04-16 00:00:00,Brent Crude Futures,ICE,60m,60m,60,94.62999725,94.76999664,94.41999817,94.75,453,USD,,,,,,asia_early,,Yahoo 60m history truncated by provider lookback window,,,,,,,,
2026-04-16 00:30:00+00:00,2026-04-16 06:00:00,2026-04-16 00:00:00,Brent Crude Futures,ICE,60m,5m,5,94.56999969,94.83999634,94.51000214,94.75,209,USD,,,,,,asia_early,,Yahoo 5m history truncated by provider lookback window,,,,,,,,
2026-04-16 01:30:00+00:00,2026-04-16 07:00:00,2026-04-16 00:00:00,Brent Crude Futures,ICE,60m,5m,5,94.80999756,95.26999664,94.80999756,95.22000122,378,USD,,,,,,asia_early,,Yahoo 5m history truncated by provider lookback window,,,,,,,,
2026-04-16 02:30:00+00:00,2026-04-16 08:00:00,2026-04-16 00:00:00,Brent Crude Futures,ICE,60m,15m,15,95.19999695,95.19999695,94.79000092,94.93000031,381,USD,,,,,,asia_early,,Yahoo 15m history truncated by provider lookback window,,,,,,,,
2026-04-16 03:30:00+00:00,2026-04-16 09:00:00,2026-04-16 00:00:00,Brent Crude Futures,ICE,60m,15m,15,94.94999695,95.11000061,94.91000366,95.01999664,288,USD,,,,,,other_valid_hours,,Yahoo 15m history truncated by provider lookback window,,,,,,,,
2026-04-16 04:30:00+00:00,2026-04-16 10:00:00,2026-04-16 00:00:00,Brent Crude Futures,ICE,60m,15m,15,95.0,95.11000061,94.91000366,94.91000366,223,USD,,,,,,other_valid_hours,,Yahoo 15m history truncated by provider lookback window,,,,,,,,
2026-04-16 05:30:00+00:00,2026-04-16 11:00:00,2026-04-16 00:00:00,Brent Crude Futures,ICE,60m,15m,15,94.98000336,95.08000183,94.62000275,94.94999695,250,USD,,,,,,other_valid_hours,,Yahoo 15m history truncated by provider lookback window,,,,,,,,
2026-04-16 06:30:00+00:00,2026-04-16 12:00:00,2026-04-16 00:00:00,Brent Crude Futures,ICE,60m,5m,5,94.97000122,95.79000092,94.91000366,95.5,910,USD,,,,,,other_valid_hours,,Yahoo 5m history truncated by provider lookback window,,,,,,,,
2026-04-16 07:30:00+00:00,2026-04-16 13:00:00,2026-04-16 00:00:00,Brent Crude Futures,ICE,60m,5m,5,95.44999695,96.65000153,95.41999817,96.54000092,1778,USD,,,,,,other_valid_hours,,Yahoo 5m history truncated by provider lookback window,,,,,,,,
2026-04-16 08:30:00+00:00,2026-04-16 14:00:00,2026-04-16 00:00:00,Brent Crude Futures,ICE,60m,5m,5,96.54000092,96.83000183,96.12999725,96.30000305,1094,USD,,,,,,other_valid_hours,,Yahoo 5m history truncated by provider lookback window,,,,,,,,
2026-04-16 09:30:00+00:00,2026-04-16 15:00:00,2026-04-16 00:00:00,Brent Crude Futures,ICE,60m,5m,5,96.27999878,96.58000183,96.13999939,96.43000031,1129,USD,,,,,,other_valid_hours,,Yahoo 5m history truncated by provider lookback window,,,,,,,,
2026-04-16 10:30:00+00:00,2026-04-16 16:00:00,2026-04-16 00:00:00,Brent Crude Futures,ICE,60m,5m,5,96.44999695,96.45999908,95.43000031,95.75,1236,USD,,,,,,europe_open,first_hour_after_europe_open,Yahoo 5m history truncated by provider lookback window,,,,,,,,
2026-04-16 11:30:00+00:00,2026-04-16 17:00:00,2026-04-16 00:00:00,Brent Crude Futures,ICE,60m,5m,5,95.79000092,95.93000031,95.19000244,95.83000183,1088,USD,,,,,,europe_open,,Yahoo 5m history truncated by provider lookback window,,,,,,,,
2026-04-16 12:30:00+00:00,2026-04-16 18:00:00,2026-04-16 00:00:00,Brent Crude Futures,ICE,60m,5m,5,95.83999634,96.76999664,95.75,96.37000275,2977,USD,,,,,,europe_mid,,Yahoo 5m history truncated by provider lookback window,,,,,,,,
2026-04-16 13:30:00+00:00,2026-04-16 19:00:00,2026-04-16 00:00:00,Brent Crude Futures,ICE,60m,1m,1,96.31999969,98.19999695,96.31999969,97.87000275,4377,USD,,,,,,europe_mid,,Yahoo 1m history truncated by provider lookback window,,,,,,,,
2026-04-16 14:30:00+00:00,2026-04-16 20:00:00,2026-04-16 00:00:00,Brent Crude Futures,ICE,60m,1m,1,97.86000061,98.51000214,97.47000122,98.47000122,4421,USD,,,,,,us_pre_open,,Yahoo 1m history truncated by provider lookback window,,,,,,,,
2026-04-16 15:30:00+00:00,2026-04-16 21:00:00,2026-04-16 00:00:00,Brent Crude Futures,ICE,60m,1m,1,98.47000122,98.83999634,97.79000092,98.56999969,4404,USD,,,,,,us_open,first_30m_after_us_open,Yahoo 1m history truncated by provider lookback window,,,,,,,,
2026-04-16 16:30:00+00:00,2026-04-16 22:00:00,2026-04-16 00:00:00,Brent Crude Futures,ICE,60m,5m,5,98.56999969,99.73000336,98.55000305,99.52999878,2898,USD,,,,,,us_open,,Yahoo 5m history truncated by provider lookback window,,,,,,,,
2026-04-16 17:30:00+00:00,2026-04-16 23:00:00,2026-04-16 00:00:00,Brent Crude Futures,ICE,60m,1m,1,99.59999847,99.83999634,99.09999847,99.40000153,3717,USD,,,,,,us_late,us_late_reversal_window,Yahoo 1m history truncated by provider lookback window,,,,,,,,
2026-04-16 18:30:00+00:00,2026-04-17 00:00:00,2026-04-16 00:00:00,Brent Crude Futures,ICE,60m,5m,5,99.40000153,99.55999756,98.29000092,98.29000092,1187,USD,,,,,,us_late,final_hour_of_session_if_identifiable,Yahoo 5m history truncated by provider lookback window,,,,,,,,
2026-04-16 19:30:00+00:00,2026-04-17 01:00:00,2026-04-16 00:00:00,Brent Crude Futures,ICE,60m,5m,5,98.30000305,98.30000305,98.08999634,98.18000031,1028,USD,,,,,,us_late,,Yahoo 5m history truncated by provider lookback window,,,,,,,,
2026-04-16 20:30:00+00:00,2026-04-17 02:00:00,2026-04-16 00:00:00,Brent Crude Futures,ICE,60m,1m,1,98.18000031,98.20999908,97.98000336,98.01000214,492,USD,,,,,,other_valid_hours,,Yahoo 1m history truncated by provider lookback window | Partial 1m coverage used for 60m bucket because no fuller finer bucket was available,,,,,,,,
2026-04-16 22:00:00+00:00,2026-04-17 03:00:00,2026-04-17 00:00:00,Brent Crude Futures,ICE,60m,60m,60,98.25,98.37999725,97.91999817,97.93000031,0,USD,,,,,,other_valid_hours,,Yahoo 60m history truncated by provider lookback window,,,,,,,,
2026-04-16 22:30:00+00:00,2026-04-17 04:00:00,2026-04-17 00:00:00,Brent Crude Futures,ICE,60m,5m,5,98.30000305,98.40000153,97.91999817,98.38999939,100,USD,,,,,,asia_early,,Yahoo 5m history truncated by provider lookback window,,,,,,,,
2026-04-16 23:30:00+00:00,2026-04-17 05:00:00,2026-04-17 00:00:00,Brent Crude Futures,ICE,60m,5m,5,98.33999634,98.58000183,97.97000122,98.0,286,USD,,,,,,asia_early,,Yahoo 5m history truncated by provider lookback window,,,,,,,,
2026-04-17 00:30:00+00:00,2026-04-17 06:00:00,2026-04-17 00:00:00,Brent Crude Futures,ICE,60m,5m,5,98.0,98.66999817,97.94000244,98.58000183,552,USD,,,,,,asia_early,,Yahoo 5m history truncated by provider lookback window,,,,,,,,
2026-04-17 01:30:00+00:00,2026-04-17 07:00:00,2026-04-17 00:00:00,Brent Crude Futures,ICE,60m,15m,15,98.44999695,98.51000214,98.20999908,98.43000031,194,USD,,,,,,asia_early,,Yahoo 15m history truncated by provider lookback window,,,,,,,,
2026-04-17 02:30:00+00:00,2026-04-17 08:00:00,2026-04-17 00:00:00,Brent Crude Futures,ICE,60m,5m,5,98.40000153,98.40000153,98.13999939,98.30000305,139,USD,,,,,,asia_early,,Yahoo 5m history truncated by provider lookback window,,,,,,,,
2026-04-17 03:30:00+00:00,2026-04-17 09:00:00,2026-04-17 00:00:00,Brent Crude Futures,ICE,60m,5m,5,98.33000183,98.43000031,98.13999939,98.19999695,162,USD,,,,,,other_valid_hours,,Yahoo 5m history truncated by provider lookback window,,,,,,,,
2026-04-17 04:30:00+00:00,2026-04-17 10:00:00,2026-04-17 00:00:00,Brent Crude Futures,ICE,60m,15m,15,98.22000122,98.25,98.05000305,98.06999969,159,USD,,,,,,other_valid_hours,,Yahoo 15m history truncated by provider lookback window,,,,,,,,
2026-04-17 05:30:00+00:00,2026-04-17 11:00:00,2026-04-17 00:00:00,Brent Crude Futures,ICE,60m,5m,5,98.05999756,98.70999908,97.98999786,98.69000244,477,USD,,,,,,other_valid_hours,,Yahoo 5m history truncated by provider lookback window,,,,,,,,
2026-04-17 06:30:00+00:00,2026-04-17 12:00:00,2026-04-17 00:00:00,Brent Crude Futures,ICE,60m,5m,5,98.69000244,98.90000153,98.41000366,98.56999969,565,USD,,,,,,other_valid_hours,,Yahoo 5m history truncated by provider lookback window,,,,,,,,
2026-04-17 07:30:00+00:00,2026-04-17 13:00:00,2026-04-17 00:00:00,Brent Crude Futures,ICE,60m,15m,15,98.58000183,98.58000183,92.40000153,92.62999725,1800,USD,,,,,,other_valid_hours,,Yahoo 15m history truncated by provider lookback window,,,,,,,,
2026-04-17 08:30:00+00:00,2026-04-17 14:00:00,2026-04-17 00:00:00,Brent Crude Futures,ICE,60m,5m,5,92.59999847,92.81999969,90.86000061,91.01000214,1425,USD,,,,,,other_valid_hours,,Yahoo 5m history truncated by provider lookback window,,,,,,,,
2026-04-17 09:30:00+00:00,2026-04-17 15:00:00,2026-04-17 00:00:00,Brent Crude Futures,ICE,60m,1m,1,90.94000244,96.80000305,90.94000244,96.13999939,2702,USD,,,,,,other_valid_hours,,Yahoo 1m history truncated by provider lookback window,,,,,,,,
2026-04-17 10:30:00+00:00,2026-04-17 16:00:00,2026-04-17 00:00:00,Brent Crude Futures,ICE,60m,5m,5,96.08999634,96.51999664,95.95999908,96.30999756,1120,USD,,,,,,europe_open,first_hour_after_europe_open,Yahoo 5m history truncated by provider lookback window,,,,,,,,
2026-04-17 11:30:00+00:00,2026-04-17 17:00:00,2026-04-17 00:00:00,Brent Crude Futures,ICE,60m,5m,5,96.25,96.37999725,94.27999878,94.91999817,2603,USD,,,,,,europe_open,,Yahoo 5m history truncated by provider lookback window,,,,,,,,
2026-04-17 12:30:00+00:00,2026-04-17 18:00:00,2026-04-17 00:00:00,Brent Crude Futures,ICE,60m,1m,1,94.87999725,95.34999847,87.73999786,89.52999878,22408,USD,,,,,,europe_mid,,Yahoo 1m history truncated by provider lookback window,,,,,,,,
2026-04-17 13:30:00+00:00,2026-04-17 19:00:00,2026-04-17 00:00:00,Brent Crude Futures,ICE,60m,1m,1,89.5,90.34999847,87.73999786,88.09999847,12166,USD,,,,,,europe_mid,,Yahoo 1m history truncated by provider lookback window,,,,,,,,
2026-04-17 14:30:00+00:00,2026-04-17 20:00:00,2026-04-17 00:00:00,Brent Crude Futures,ICE,60m,1m,1,88.12000275,89.30999756,86.08000183,89.23999786,12872,USD,,,,,,us_pre_open,,Yahoo 1m history truncated by provider lookback window,,,,,,,,
2026-04-17 15:30:00+00:00,2026-04-17 21:00:00,2026-04-17 00:00:00,Brent Crude Futures,ICE,60m,1m,1,89.25,89.58999634,88.40000153,89.16999817,5311,USD,,,,,,us_open,first_30m_after_us_open,Yahoo 1m history truncated by provider lookback window,,,,,,,,
2026-04-17 16:30:00+00:00,2026-04-17 22:00:00,2026-04-17 00:00:00,Brent Crude Futures,ICE,60m,1m,1,89.23999786,90.73999786,88.70999908,90.65000153,4863,USD,,,,,,us_open,,Yahoo 1m history truncated by provider lookback window,,,,,,,,
2026-04-17 17:30:00+00:00,2026-04-17 23:00:00,2026-04-17 00:00:00,Brent Crude Futures,ICE,60m,5m,5,90.70999908,90.94000244,89.62999725,90.66000366,7438,USD,,,,,,us_late,us_late_reversal_window,Yahoo 5m history truncated by provider lookback window,,,,,,,,
2026-04-17 18:30:00+00:00,2026-04-18 00:00:00,2026-04-17 00:00:00,Brent Crude Futures,ICE,60m,5m,5,90.63999939,91.36000061,90.55000305,90.79000092,3023,USD,,,,,,us_late,final_hour_of_session_if_identifiable,Yahoo 5m history truncated by provider lookback window,,,,,,,,
2026-04-17 19:30:00+00:00,2026-04-18 01:00:00,2026-04-17 00:00:00,Brent Crude Futures,ICE,60m,5m,5,90.80999756,91.16999817,90.25,90.94999695,1644,USD,,,,,,us_late,,Yahoo 5m history truncated by provider lookback window,,,,,,,,
2026-04-17 20:30:00+00:00,2026-04-18 02:00:00,2026-04-17 00:00:00,Brent Crude Futures,ICE,60m,1m,1,90.87999725,92.04000092,90.37999725,90.37999725,370,USD,,,,,,other_valid_hours,,Yahoo 1m history truncated by provider lookback window | Partial 1m coverage used for 60m bucket because no fuller finer bucket was available,,,,,,,,
2026-04-20 09:00:00+00:00,2026-04-20 14:00:00,2026-04-20 00:00:00,Brent Crude Futures,ICE,60m,60m,60,90.37999725,94.97000122,90.37999725,94.97000122,411,USD,,,,,,other_valid_hours,,Yahoo 60m history truncated by provider lookback window,,,,,,,,
2026-04-20 09:30:00+00:00,2026-04-20 15:00:00,2026-04-20 00:00:00,Brent Crude Futures,ICE,60m,15m,15,90.37999725,94.97000122,90.37999725,94.56999969,1171,USD,,,,,,other_valid_hours,,Yahoo 15m history truncated by provider lookback window,,,,,,,,
2026-04-20 10:30:00+00:00,2026-04-20 16:00:00,2026-04-20 00:00:00,Brent Crude Futures,ICE,60m,15m,15,94.51000214,95.34999847,90.37999725,95.09999847,1060,USD,,,,,,europe_open,first_hour_after_europe_open,Yahoo 15m history truncated by provider lookback window,,,,,,,,
2026-04-20 11:30:00+00:00,2026-04-20 17:00:00,2026-04-20 00:00:00,Brent Crude Futures,ICE,60m,15m,15,95.09999847,95.15000153,90.37999725,94.76999664,1851,USD,,,,,,europe_open,,Yahoo 15m history truncated by provider lookback window,,,,,,,,
2026-04-20 12:30:00+00:00,2026-04-20 18:00:00,2026-04-20 00:00:00,Brent Crude Futures,ICE,60m,5m,5,94.76000214,95.23000336,93.04000092,93.22000122,4046,USD,,,,,,europe_mid,,Yahoo 5m history truncated by provider lookback window,,,,,,,,
2026-04-20 13:30:00+00:00,2026-04-20 19:00:00,2026-04-20 00:00:00,Brent Crude Futures,ICE,60m,1m,1,93.18000031,94.83999634,92.76999664,94.31999969,4239,USD,,,,,,europe_mid,,Yahoo 1m history truncated by provider lookback window,,,,,,,,
2026-04-20 14:30:00+00:00,2026-04-20 20:00:00,2026-04-20 00:00:00,Brent Crude Futures,ICE,60m,1m,1,94.33999634,96.25,94.08000183,95.0,8885,USD,,,,,,us_pre_open,,Yahoo 1m history truncated by provider lookback window,,,,,,,,
2026-04-20 15:30:00+00:00,2026-04-20 21:00:00,2026-04-20 00:00:00,Brent Crude Futures,ICE,60m,5m,5,95.01000214,95.69000244,94.88999939,95.16000366,2522,USD,,,,,,us_open,first_30m_after_us_open,Yahoo 5m history truncated by provider lookback window,,,,,,,,
2026-04-20 16:30:00+00:00,2026-04-20 22:00:00,2026-04-20 00:00:00,Brent Crude Futures,ICE,60m,5m,5,95.19000244,95.75,95.06999969,95.69999695,1478,USD,,,,,,us_open,,Yahoo 5m history truncated by provider lookback window,,,,,,,,
2026-04-20 17:30:00+00:00,2026-04-20 23:00:00,2026-04-20 00:00:00,Brent Crude Futures,ICE,60m,1m,1,95.70999908,95.87999725,95.02999878,95.48000336,2759,USD,,,,,,us_late,us_late_reversal_window,Yahoo 1m history truncated by provider lookback window,,,,,,,,
2026-04-20 18:30:00+00:00,2026-04-21 00:00:00,2026-04-20 00:00:00,Brent Crude Futures,ICE,60m,5m,5,95.45999908,95.87000275,95.20999908,95.20999908,1158,USD,,,,,,us_late,final_hour_of_session_if_identifiable,Yahoo 5m history truncated by provider lookback window,,,,,,,,
2026-04-20 19:30:00+00:00,2026-04-21 01:00:00,2026-04-20 00:00:00,Brent Crude Futures,ICE,60m,5m,5,95.19000244,95.19999695,94.91999817,95.02999878,252,USD,,,,,,us_late,,Yahoo 5m history truncated by provider lookback window,,,,,,,,
2026-04-20 20:30:00+00:00,2026-04-21 02:00:00,2026-04-20 00:00:00,Brent Crude Futures,ICE,60m,1m,1,95.04000092,95.04000092,93.94999695,94.27999878,486,USD,,,,,,other_valid_hours,,Yahoo 1m history truncated by provider lookback window | Partial 1m coverage used for 60m bucket because no fuller finer bucket was available,,,,,,,,
2026-04-20 22:00:00+00:00,2026-04-21 03:00:00,2026-04-21 00:00:00,Brent Crude Futures,ICE,60m,60m,60,93.98999786,95.69000244,93.98000336,95.01000214,431,USD,,,,,,other_valid_hours,,Yahoo 60m history truncated by provider lookback window,,,,,,,,
2026-04-20 22:30:00+00:00,2026-04-21 04:00:00,2026-04-21 00:00:00,Brent Crude Futures,ICE,60m,15m,15,94.86000061,95.12000275,94.70999908,95.09999847,128,USD,,,,,,asia_early,,Yahoo 15m history truncated by provider lookback window,,,,,,,,
2026-04-20 23:30:00+00:00,2026-04-21 05:00:00,2026-04-21 00:00:00,Brent Crude Futures,ICE,60m,5m,5,95.01000214,95.01000214,94.51000214,94.69000244,438,USD,,,,,,asia_early,,Yahoo 5m history truncated by provider lookback window,,,,,,,,
2026-04-21 00:30:00+00:00,2026-04-21 06:00:00,2026-04-21 00:00:00,Brent Crude Futures,ICE,60m,15m,15,94.73999786,95.12000275,94.55999756,95.11000061,397,USD,,,,,,asia_early,,Yahoo 15m history truncated by provider lookback window,,,,,,,,
2026-04-21 01:30:00+00:00,2026-04-21 07:00:00,2026-04-21 00:00:00,Brent Crude Futures,ICE,60m,5m,5,95.01999664,95.19000244,94.87000275,94.90000153,386,USD,,,,,,asia_early,,Yahoo 5m history truncated by provider lookback window,,,,,,,,
2026-04-21 02:30:00+00:00,2026-04-21 08:00:00,2026-04-21 00:00:00,Brent Crude Futures,ICE,60m,15m,15,94.88999939,95.15000153,94.83999634,94.98000336,234,USD,,,,,,asia_early,,Yahoo 15m history truncated by provider lookback window,,,,,,,,
2026-04-21 03:30:00+00:00,2026-04-21 09:00:00,2026-04-21 00:00:00,Brent Crude Futures,ICE,60m,15m,15,94.91999817,95.05000305,94.77999878,94.79000092,107,USD,,,,,,other_valid_hours,,Yahoo 15m history truncated by provider lookback window,,,,,,,,
2026-04-21 04:30:00+00:00,2026-04-21 10:00:00,2026-04-21 00:00:00,Brent Crude Futures,ICE,60m,15m,15,94.81999969,94.91999817,93.91000366,93.97000122,534,USD,,,,,,other_valid_hours,,Yahoo 15m history truncated by provider lookback window,,,,,,,,
2026-04-21 05:30:00+00:00,2026-04-21 11:00:00,2026-04-21 00:00:00,Brent Crude Futures,ICE,60m,5m,5,93.94000244,94.73999786,93.87000275,94.55000305,431,USD,,,,,,other_valid_hours,,Yahoo 5m history truncated by provider lookback window,,,,,,,,
2026-04-21 06:30:00+00:00,2026-04-21 12:00:00,2026-04-21 00:00:00,Brent Crude Futures,ICE,60m,15m,15,95.48000336,95.65000153,94.66999817,95.11000061,930,USD,,,,,,other_valid_hours,,Yahoo 15m history truncated by provider lookback window,,,,,,,,
2026-04-21 07:30:00+00:00,2026-04-21 13:00:00,2026-04-21 00:00:00,Brent Crude Futures,ICE,60m,5m,5,90.26999664,90.37000275,89.36000061,89.81999969,3059,USD,,,,,,other_valid_hours,,Yahoo 5m history truncated by provider lookback window,,,,,,,,
2026-04-21 08:30:00+00:00,2026-04-21 14:00:00,2026-04-21 00:00:00,Brent Crude Futures,ICE,60m,5m,5,89.81999969,90.79000092,89.75,90.47000122,1822,USD,,,,,,other_valid_hours,,Yahoo 5m history truncated by provider lookback window,,,,,,,,
2026-04-21 09:30:00+00:00,2026-04-21 15:00:00,2026-04-21 00:00:00,Brent Crude Futures,ICE,60m,5m,5,90.37999725,90.44000244,89.97000122,90.11000061,1344,USD,,,,,,other_valid_hours,,Yahoo 5m history truncated by provider lookback window,,,,,,,,
2026-04-21 10:30:00+00:00,2026-04-21 16:00:00,2026-04-21 00:00:00,Brent Crude Futures,ICE,60m,5m,5,90.11000061,90.68000031,89.83999634,90.48999786,2214,USD,,,,,,europe_open,first_hour_after_europe_open,Yahoo 5m history truncated by provider lookback window,,,,,,,,
2026-04-21 11:30:00+00:00,2026-04-21 17:00:00,2026-04-21 00:00:00,Brent Crude Futures,ICE,60m,5m,5,90.5,90.91000366,90.30000305,90.63999939,1281,USD,,,,,,europe_open,,Yahoo 5m history truncated by provider lookback window,,,,,,,,
2026-04-21 12:30:00+00:00,2026-04-21 18:00:00,2026-04-21 00:00:00,Brent Crude Futures,ICE,60m,5m,5,90.65000153,91.01999664,90.25,90.70999908,2534,USD,,,,,,europe_mid,,Yahoo 5m history truncated by provider lookback window,,,,,,,,
2026-04-21 13:30:00+00:00,2026-04-21 19:00:00,2026-04-21 00:00:00,Brent Crude Futures,ICE,60m,5m,5,90.62000275,91.38999939,90.44000244,91.30000305,3350,USD,,,,,,europe_mid,,Yahoo 5m history truncated by provider lookback window,,,,,,,,
2026-04-21 14:30:00+00:00,2026-04-21 20:00:00,2026-04-21 00:00:00,Brent Crude Futures,ICE,60m,5m,5,91.29000092,93.18000031,91.16000366,93.18000031,4284,USD,,,,,,us_pre_open,,Yahoo 5m history truncated by provider lookback window,,,,,,,,
2026-04-21 15:30:00+00:00,2026-04-21 21:00:00,2026-04-21 00:00:00,Brent Crude Futures,ICE,60m,5m,5,93.18000031,93.36000061,92.65000153,93.16000366,3970,USD,,,,,,us_open,first_30m_after_us_open,Yahoo 5m history truncated by provider lookback window,,,,,,,,
2026-04-21 16:30:00+00:00,2026-04-21 22:00:00,2026-04-21 00:00:00,Brent Crude Futures,ICE,60m,5m,5,93.06999969,94.68000031,92.95999908,94.30000305,4653,USD,,,,,,us_open,,Yahoo 5m history truncated by provider lookback window,,,,,,,,
2026-04-21 17:30:00+00:00,2026-04-21 23:00:00,2026-04-21 00:00:00,Brent Crude Futures,ICE,60m,5m,5,94.26999664,94.26999664,92.33999634,93.15000153,6472,USD,,,,,,us_late,us_late_reversal_window,Yahoo 5m history truncated by provider lookback window,,,,,,,,
2026-04-21 18:30:00+00:00,2026-04-22 00:00:00,2026-04-21 00:00:00,Brent Crude Futures,ICE,60m,5m,5,93.19000244,93.33000183,91.61000061,92.16000366,4340,USD,,,,,,us_late,final_hour_of_session_if_identifiable,Yahoo 5m history truncated by provider lookback window,,,,,,,,
2026-04-21 19:30:00+00:00,2026-04-22 01:00:00,2026-04-21 00:00:00,Brent Crude Futures,ICE,60m,5m,5,92.27999878,95.52999878,91.72000122,93.54000092,6916,USD,,,,,,us_late,,Yahoo 5m history truncated by provider lookback window,,,,,,,,
2026-04-21 20:30:00+00:00,2026-04-22 02:00:00,2026-04-21 00:00:00,Brent Crude Futures,ICE,60m,1m,1,93.48000336,94.30999756,93.44999695,93.86000061,420,USD,,,,,,other_valid_hours,,Yahoo 1m history truncated by provider lookback window | Partial 1m coverage used for 60m bucket because no fuller finer bucket was available,,,,,,,,
2026-04-21 22:00:00+00:00,2026-04-22 03:00:00,2026-04-22 00:00:00,Brent Crude Futures,ICE,60m,60m,60,93.58999634,94.20999908,93.51999664,93.83000183,0,USD,,,,,,other_valid_hours,,Yahoo 60m history truncated by provider lookback window,,,,,,,,
2026-04-21 22:30:00+00:00,2026-04-22 04:00:00,2026-04-22 00:00:00,Brent Crude Futures,ICE,60m,15m,15,93.76999664,93.94999695,93.76999664,93.88999939,53,USD,,,,,,asia_early,,Yahoo 15m history truncated by provider lookback window,,,,,,,,
2026-04-21 23:30:00+00:00,2026-04-22 05:00:00,2026-04-22 00:00:00,Brent Crude Futures,ICE,60m,15m,15,93.90000153,94.12000275,92.56999969,93.04000092,558,USD,,,,,,asia_early,,Yahoo 15m history truncated by provider lookback window,,,,,,,,
2026-04-22 00:30:00+00:00,2026-04-22 06:00:00,2026-04-22 00:00:00,Brent Crude Futures,ICE,60m,5m,5,92.98000336,93.31999969,92.58999634,92.66000366,842,USD,,,,,,asia_early,,Yahoo 5m history truncated by provider lookback window,,,,,,,,
2026-04-22 01:30:00+00:00,2026-04-22 07:00:00,2026-04-22 00:00:00,Brent Crude Futures,ICE,60m,15m,15,92.61000061,92.94000244,92.58000183,92.87999725,452,USD,,,,,,asia_early,,Yahoo 15m history truncated by provider lookback window,,,,,,,,
2026-04-22 02:30:00+00:00,2026-04-22 08:00:00,2026-04-22 00:00:00,Brent Crude Futures,ICE,60m,15m,15,92.76000214,93.16999817,92.69000244,92.95999908,597,USD,,,,,,asia_early,,Yahoo 15m history truncated by provider lookback window,,,,,,,,
2026-04-22 04:00:00+00:00,2026-04-22 09:00:00,2026-04-22 00:00:00,Brent Crude Futures,ICE,60m,60m,60,92.76999664,93.12000275,92.76999664,93.12000275,365,USD,,,,,,other_valid_hours,,Yahoo 60m history truncated by provider lookback window,,,,,,,,
2026-04-22 04:30:00+00:00,2026-04-22 10:00:00,2026-04-22 00:00:00,Brent Crude Futures,ICE,60m,5m,5,92.98999786,93.12000275,91.38999939,92.06999969,1437,USD,,,,,,other_valid_hours,,Yahoo 5m history truncated by provider lookback window,,,,,,,,
2026-04-22 05:30:00+00:00,2026-04-22 11:00:00,2026-04-22 00:00:00,Brent Crude Futures,ICE,60m,15m,15,92.05999756,92.63999939,91.87000275,92.55000305,754,USD,,,,,,other_valid_hours,,Yahoo 15m history truncated by provider lookback window,,,,,,,,
2026-04-22 06:30:00+00:00,2026-04-22 12:00:00,2026-04-22 00:00:00,Brent Crude Futures,ICE,60m,5m,5,92.44999695,93.05999756,92.29000092,92.77999878,956,USD,,,,,,other_valid_hours,,Yahoo 5m history truncated by provider lookback window,,,,,,,,
2026-04-22 07:30:00+00:00,2026-04-22 13:00:00,2026-04-22 00:00:00,Brent Crude Futures,ICE,60m,5m,5,92.84999847,94.45999908,92.76999664,94.41999817,2043,USD,,,,,,other_valid_hours,,Yahoo 5m history truncated by provider lookback window,,,,,,,,
2026-04-22 08:30:00+00:00,2026-04-22 14:00:00,2026-04-22 00:00:00,Brent Crude Futures,ICE,60m,5m,5,94.38999939,94.86000061,93.87999725,93.94999695,2005,USD,,,,,,other_valid_hours,,Yahoo 5m history truncated by provider lookback window,,,,,,,,
2026-04-22 09:30:00+00:00,2026-04-22 15:00:00,2026-04-22 00:00:00,Brent Crude Futures,ICE,60m,5m,5,93.91000366,94.68000031,93.62999725,93.75,1201,USD,,,,,,other_valid_hours,,Yahoo 5m history truncated by provider lookback window,,,,,,,,
2026-04-22 10:30:00+00:00,2026-04-22 16:00:00,2026-04-22 00:00:00,Brent Crude Futures,ICE,60m,5m,5,93.75,94.36000061,93.62000275,94.26999664,1006,USD,,,,,,europe_open,first_hour_after_europe_open,Yahoo 5m history truncated by provider lookback window,,,,,,,,
2026-04-22 11:30:00+00:00,2026-04-22 17:00:00,2026-04-22 00:00:00,Brent Crude Futures,ICE,60m,5m,5,94.19000244,94.43000031,93.76000214,94.40000153,1297,USD,,,,,,europe_open,,Yahoo 5m history truncated by provider lookback window,,,,,,,,
2026-04-22 12:30:00+00:00,2026-04-22 18:00:00,2026-04-22 00:00:00,Brent Crude Futures,ICE,60m,5m,5,94.37999725,95.16999817,93.87000275,94.58000183,4026,USD,,,,,,europe_mid,,Yahoo 5m history truncated by provider lookback window,,,,,,,,
2026-04-22 13:30:00+00:00,2026-04-22 19:00:00,2026-04-22 00:00:00,Brent Crude Futures,ICE,60m,5m,5,94.62999725,95.36000061,94.62999725,94.91999817,2325,USD,,,,,,europe_mid,,Yahoo 5m history truncated by provider lookback window,,,,,,,,
2026-04-22 14:30:00+00:00,2026-04-22 20:00:00,2026-04-22 00:00:00,Brent Crude Futures,ICE,60m,1m,1,94.93000031,96.20999908,94.68000031,95.88999939,5363,USD,,,,,,us_pre_open,,Yahoo 1m history truncated by provider lookback window,,,,,,,,
2026-04-22 15:30:00+00:00,2026-04-22 21:00:00,2026-04-22 00:00:00,Brent Crude Futures,ICE,60m,5m,5,95.86000061,102.0800018,95.84999847,101.6699982,3998,USD,,,,,,us_open,first_30m_after_us_open,Yahoo 5m history truncated by provider lookback window,,,,,,,,
2026-04-22 16:30:00+00:00,2026-04-22 22:00:00,2026-04-22 00:00:00,Brent Crude Futures,ICE,60m,1m,1,101.8600006,102.3099976,101.3199997,101.8399963,3086,USD,,,,,,us_open,,Yahoo 1m history truncated by provider lookback window,,,,,,,,
2026-04-22 17:30:00+00:00,2026-04-22 23:00:00,2026-04-22 00:00:00,Brent Crude Futures,ICE,60m,5m,5,101.7799988,102.25,101.1299973,101.9800034,3574,USD,,,,,,us_late,us_late_reversal_window,Yahoo 5m history truncated by provider lookback window,,,,,,,,
2026-04-22 18:30:00+00:00,2026-04-23 00:00:00,2026-04-22 00:00:00,Brent Crude Futures,ICE,60m,5m,5,101.9400024,102.1100006,101.4599991,101.5299988,1468,USD,,,,,,us_late,final_hour_of_session_if_identifiable,Yahoo 5m history truncated by provider lookback window,,,,,,,,
2026-04-22 19:30:00+00:00,2026-04-23 01:00:00,2026-04-22 00:00:00,Brent Crude Futures,ICE,60m,5m,5,101.5400009,101.5400009,101.25,101.3499985,323,USD,,,,,,us_late,,Yahoo 5m history truncated by provider lookback window,,,,,,,,
2026-04-22 20:30:00+00:00,2026-04-23 02:00:00,2026-04-22 00:00:00,Brent Crude Futures,ICE,60m,1m,1,101.4899979,102.0199966,101.4899979,101.8499985,584,USD,,,,,,other_valid_hours,,Yahoo 1m history truncated by provider lookback window | Partial 1m coverage used for 60m bucket because no fuller finer bucket was available,,,,,,,,
2026-04-22 22:00:00+00:00,2026-04-23 03:00:00,2026-04-23 00:00:00,Brent Crude Futures,ICE,60m,60m,60,101.5800018,101.7099991,101.4000015,101.4000015,68,USD,,,,,,other_valid_hours,,Yahoo 60m history truncated by provider lookback window,,,,,,,,
2026-04-22 23:00:00+00:00,2026-04-23 04:00:00,2026-04-23 00:00:00,Brent Crude Futures,ICE,60m,60m,60,101.3899994,101.7300034,101.3399963,101.6900024,95,USD,,,,,,asia_early,,Yahoo 60m history truncated by provider lookback window,,,,,,,,
2026-04-22 23:30:00+00:00,2026-04-23 05:00:00,2026-04-23 00:00:00,Brent Crude Futures,ICE,60m,15m,15,101.4499969,106.0999985,101.3499985,102.4100037,4493,USD,,,,,,asia_early,,Yahoo 15m history truncated by provider lookback window,,,,,,,,
2026-04-23 00:30:00+00:00,2026-04-23 06:00:00,2026-04-23 00:00:00,Brent Crude Futures,ICE,60m,5m,5,102.5100021,102.6699982,101.8899994,102.5,1272,USD,,,,,,asia_early,,Yahoo 5m history truncated by provider lookback window,,,,,,,,
2026-04-23 01:30:00+00:00,2026-04-23 07:00:00,2026-04-23 00:00:00,Brent Crude Futures,ICE,60m,5m,5,102.4100037,103.3600006,101.9000015,103.1900024,717,USD,,,,,,asia_early,,Yahoo 5m history truncated by provider lookback window,,,,,,,,
2026-04-23 02:30:00+00:00,2026-04-23 08:00:00,2026-04-23 00:00:00,Brent Crude Futures,ICE,60m,5m,5,103.1500015,104.1600037,102.8099976,103.6800003,1025,USD,,,,,,asia_early,,Yahoo 5m history truncated by provider lookback window,,,,,,,,
2026-04-23 03:30:00+00:00,2026-04-23 09:00:00,2026-04-23 00:00:00,Brent Crude Futures,ICE,60m,5m,5,103.6600037,103.9100037,103.1999969,103.4300003,360,USD,,,,,,other_valid_hours,,Yahoo 5m history truncated by provider lookback window,,,,,,,,
2026-04-23 04:30:00+00:00,2026-04-23 10:00:00,2026-04-23 00:00:00,Brent Crude Futures,ICE,60m,5m,5,103.3600006,103.4100037,102.9800034,103.3399963,354,USD,,,,,,other_valid_hours,,Yahoo 5m history truncated by provider lookback window,,,,,,,,
2026-04-23 05:30:00+00:00,2026-04-23 11:00:00,2026-04-23 00:00:00,Brent Crude Futures,ICE,60m,5m,5,103.2399979,103.3600006,102.5699997,103.1500015,658,USD,,,,,,other_valid_hours,,Yahoo 5m history truncated by provider lookback window,,,,,,,,
2026-04-23 06:30:00+00:00,2026-04-23 12:00:00,2026-04-23 00:00:00,Brent Crude Futures,ICE,60m,5m,5,103.1900024,103.6800003,103.1200027,103.4400024,665,USD,,,,,,other_valid_hours,,Yahoo 5m history truncated by provider lookback window,,,,,,,,
2026-04-23 07:30:00+00:00,2026-04-23 13:00:00,2026-04-23 00:00:00,Brent Crude Futures,ICE,60m,5m,5,103.4700012,103.4899979,96.62999725,97.65000153,2233,USD,,,,,,other_valid_hours,,Yahoo 5m history truncated by provider lookback window,,,,,,,,
2026-04-23 08:30:00+00:00,2026-04-23 14:00:00,2026-04-23 00:00:00,Brent Crude Futures,ICE,60m,5m,5,97.63999939,98.91000366,97.55000305,98.01999664,1414,USD,,,,,,other_valid_hours,,Yahoo 5m history truncated by provider lookback window,,,,,,,,
2026-04-23 09:30:00+00:00,2026-04-23 15:00:00,2026-04-23 00:00:00,Brent Crude Futures,ICE,60m,5m,5,97.81999969,98.33999634,97.65000153,97.65000153,448,USD,,,,,,other_valid_hours,,Yahoo 5m history truncated by provider lookback window,,,,,,,,
2026-04-23 10:30:00+00:00,2026-04-23 16:00:00,2026-04-23 00:00:00,Brent Crude Futures,ICE,60m,5m,5,97.58000183,97.86000061,97.08000183,97.37999725,540,USD,,,,,,europe_open,first_hour_after_europe_open,Yahoo 5m history truncated by provider lookback window,,,,,,,,
2026-04-23 11:30:00+00:00,2026-04-23 17:00:00,2026-04-23 00:00:00,Brent Crude Futures,ICE,60m,5m,5,97.36000061,97.47000122,95.94999695,96.44000244,1836,USD,,,,,,europe_open,,Yahoo 5m history truncated by provider lookback window,,,,,,,,
2026-04-23 12:30:00+00:00,2026-04-23 18:00:00,2026-04-23 00:00:00,Brent Crude Futures,ICE,60m,1m,1,101.7699966,102.9499969,101.3799973,102.6900024,5242,USD,,,,,,europe_mid,,Yahoo 1m history truncated by provider lookback window,,,,,,,,
2026-04-23 13:30:00+00:00,2026-04-23 19:00:00,2026-04-23 00:00:00,Brent Crude Futures,ICE,60m,1m,1,102.6299973,103.5999985,102.4899979,102.7399979,3236,USD,,,,,,europe_mid,,Yahoo 1m history truncated by provider lookback window,,,,,,,,
2026-04-23 14:30:00+00:00,2026-04-23 20:00:00,2026-04-23 00:00:00,Brent Crude Futures,ICE,60m,5m,5,102.6600037,103.1600037,102.3199997,103.0699997,3013,USD,,,,,,us_pre_open,,Yahoo 5m history truncated by provider lookback window,,,,,,,,
2026-04-23 15:30:00+00:00,2026-04-23 21:00:00,2026-04-23 00:00:00,Brent Crude Futures,ICE,60m,5m,5,103.0999985,103.9000015,102.9800034,103.3300018,2479,USD,,,,,,us_open,first_30m_after_us_open,Yahoo 5m history truncated by provider lookback window,,,,,,,,
2026-04-23 16:30:00+00:00,2026-04-23 22:00:00,2026-04-23 00:00:00,Brent Crude Futures,ICE,60m,5m,5,103.3899994,105.9199982,103.0199966,105.7799988,6346,USD,,,,,,us_open,,Yahoo 5m history truncated by provider lookback window,,,,,,,,
2026-04-23 17:30:00+00:00,2026-04-23 23:00:00,2026-04-23 00:00:00,Brent Crude Futures,ICE,60m,1m,1,105.8499985,107.3600006,104.1399994,104.9400024,11419,USD,,,,,,us_late,us_late_reversal_window,Yahoo 1m history truncated by provider lookback window,,,,,,,,
2026-04-23 18:30:00+00:00,2026-04-24 00:00:00,2026-04-23 00:00:00,Brent Crude Futures,ICE,60m,5m,5,104.9199982,105.9000015,104.5699997,105.5500031,2339,USD,,,,,,us_late,final_hour_of_session_if_identifiable,Yahoo 5m history truncated by provider lookback window,,,,,,,,
2026-04-23 19:30:00+00:00,2026-04-24 01:00:00,2026-04-23 00:00:00,Brent Crude Futures,ICE,60m,5m,5,105.5100021,106.5899963,105.4400024,105.9499969,660,USD,,,,,,us_late,,Yahoo 5m history truncated by provider lookback window,,,,,,,,
2026-04-23 20:30:00+00:00,2026-04-24 02:00:00,2026-04-23 00:00:00,Brent Crude Futures,ICE,60m,1m,1,105.9000015,106.8300018,105.8099976,106.4700012,382,USD,,,,,,other_valid_hours,,Yahoo 1m history truncated by provider lookback window | Partial 1m coverage used for 60m bucket because no fuller finer bucket was available,,,,,,,,
2026-04-23 22:00:00+00:00,2026-04-24 03:00:00,2026-04-24 00:00:00,Brent Crude Futures,ICE,60m,60m,60,106.2799988,106.6500015,105.5899963,106.4000015,0,USD,,,,,,other_valid_hours,,Yahoo 60m history truncated by provider lookback window,,,,,,,,
2026-04-23 22:30:00+00:00,2026-04-24 04:00:00,2026-04-24 00:00:00,Brent Crude Futures,ICE,60m,15m,15,106.1999969,106.6500015,106.1999969,106.2799988,132,USD,,,,,,asia_early,,Yahoo 15m history truncated by provider lookback window,,,,,,,,
2026-04-23 23:30:00+00:00,2026-04-24 05:00:00,2026-04-24 00:00:00,Brent Crude Futures,ICE,60m,5m,5,106.2699966,106.4100037,106.0,106.1999969,551,USD,,,,,,asia_early,,Yahoo 5m history truncated by provider lookback window,,,,,,,,
2026-04-24 00:30:00+00:00,2026-04-24 06:00:00,2026-04-24 00:00:00,Brent Crude Futures,ICE,60m,5m,5,106.2099991,106.9700012,105.9899979,106.6699982,1070,USD,,,,,,asia_early,,Yahoo 5m history truncated by provider lookback window,,,,,,,,
2026-04-24 01:30:00+00:00,2026-04-24 07:00:00,2026-04-24 00:00:00,Brent Crude Futures,ICE,60m,5m,5,106.8700027,107.0100021,106.0500031,106.1200027,469,USD,,,,,,asia_early,,Yahoo 5m history truncated by provider lookback window,,,,,,,,
2026-04-24 02:30:00+00:00,2026-04-24 08:00:00,2026-04-24 00:00:00,Brent Crude Futures,ICE,60m,15m,15,106.1299973,106.1500015,105.3300018,105.5299988,600,USD,,,,,,asia_early,,Yahoo 15m history truncated by provider lookback window,,,,,,,,
2026-04-24 03:30:00+00:00,2026-04-24 09:00:00,2026-04-24 00:00:00,Brent Crude Futures,ICE,60m,15m,15,105.6999969,106.1800003,105.6999969,106.0,347,USD,,,,,,other_valid_hours,,Yahoo 15m history truncated by provider lookback window,,,,,,,,
2026-04-24 04:30:00+00:00,2026-04-24 10:00:00,2026-04-24 00:00:00,Brent Crude Futures,ICE,60m,15m,15,105.9599991,105.9899979,105.3499985,105.4599991,325,USD,,,,,,other_valid_hours,,Yahoo 15m history truncated by provider lookback window,,,,,,,,
2026-04-24 05:30:00+00:00,2026-04-24 11:00:00,2026-04-24 00:00:00,Brent Crude Futures,ICE,60m,5m,5,105.4899979,105.5699997,105.0100021,105.4400024,481,USD,,,,,,other_valid_hours,,Yahoo 5m history truncated by provider lookback window,,,,,,,,
2026-04-24 06:30:00+00:00,2026-04-24 12:00:00,2026-04-24 00:00:00,Brent Crude Futures,ICE,60m,5m,5,105.4000015,106.3000031,105.3199997,105.5999985,1509,USD,,,,,,other_valid_hours,,Yahoo 5m history truncated by provider lookback window,,,,,,,,
2026-04-24 07:30:00+00:00,2026-04-24 13:00:00,2026-04-24 00:00:00,Brent Crude Futures,ICE,60m,5m,5,99.87999725,101.3199997,99.87999725,100.9499969,4978,USD,,,,,,other_valid_hours,,Yahoo 5m history truncated by provider lookback window,,,,,,,,
2026-04-24 08:30:00+00:00,2026-04-24 14:00:00,2026-04-24 00:00:00,Brent Crude Futures,ICE,60m,5m,5,100.9100037,101.1100006,100.2399979,101.0,1753,USD,,,,,,other_valid_hours,,Yahoo 5m history truncated by provider lookback window,,,,,,,,
2026-04-24 09:30:00+00:00,2026-04-24 15:00:00,2026-04-24 00:00:00,Brent Crude Futures,ICE,60m,15m,15,101.0400009,101.2099991,100.7200012,100.8600006,1804,USD,,,,,,other_valid_hours,,Yahoo 15m history truncated by provider lookback window,,,,,,,,
2026-04-24 10:30:00+00:00,2026-04-24 16:00:00,2026-04-24 00:00:00,Brent Crude Futures,ICE,60m,5m,5,100.7900009,100.8600006,97.62000275,97.62000275,5737,USD,,,,,,europe_open,first_hour_after_europe_open,Yahoo 5m history truncated by provider lookback window,,,,,,,,
2026-04-24 11:30:00+00:00,2026-04-24 17:00:00,2026-04-24 00:00:00,Brent Crude Futures,ICE,60m,5m,5,97.58000183,98.94000244,97.55000305,98.66999817,3376,USD,,,,,,europe_open,,Yahoo 5m history truncated by provider lookback window,,,,,,,,
2026-04-24 12:30:00+00:00,2026-04-24 18:00:00,2026-04-24 00:00:00,Brent Crude Futures,ICE,60m,5m,5,98.80999756,100.0400009,98.43000031,98.90000153,4514,USD,,,,,,europe_mid,,Yahoo 5m history truncated by provider lookback window,,,,,,,,
2026-04-24 13:30:00+00:00,2026-04-24 19:00:00,2026-04-24 00:00:00,Brent Crude Futures,ICE,60m,5m,5,98.91999817,99.58000183,98.87000275,99.23999786,3750,USD,,,,,,europe_mid,,Yahoo 5m history truncated by provider lookback window,,,,,,,,
2026-04-24 14:30:00+00:00,2026-04-24 20:00:00,2026-04-24 00:00:00,Brent Crude Futures,ICE,60m,5m,5,99.19999695,100.0100021,98.62999725,99.87000275,4545,USD,,,,,,us_pre_open,,Yahoo 5m history truncated by provider lookback window,,,,,,,,
2026-04-24 15:30:00+00:00,2026-04-24 21:00:00,2026-04-24 00:00:00,Brent Crude Futures,ICE,60m,5m,5,99.87000275,99.91999817,97.65000153,98.91999817,8626,USD,,,,,,us_open,first_30m_after_us_open,Yahoo 5m history truncated by provider lookback window,,,,,,,,
2026-04-24 16:30:00+00:00,2026-04-24 22:00:00,2026-04-24 00:00:00,Brent Crude Futures,ICE,60m,5m,5,98.77999878,99.16000366,98.30000305,98.79000092,2469,USD,,,,,,us_open,,Yahoo 5m history truncated by provider lookback window,,,,,,,,
2026-04-24 17:30:00+00:00,2026-04-24 23:00:00,2026-04-24 00:00:00,Brent Crude Futures,ICE,60m,5m,5,98.83000183,99.22000122,97.62999725,99.15000153,3675,USD,,,,,,us_late,us_late_reversal_window,Yahoo 5m history truncated by provider lookback window,,,,,,,,
2026-04-24 18:30:00+00:00,2026-04-25 00:00:00,2026-04-24 00:00:00,Brent Crude Futures,ICE,60m,5m,5,99.16999817,99.81999969,98.83999634,99.76999664,1026,USD,,,,,,us_late,final_hour_of_session_if_identifiable,Yahoo 5m history truncated by provider lookback window,,,,,,,,
2026-04-24 19:30:00+00:00,2026-04-25 01:00:00,2026-04-24 00:00:00,Brent Crude Futures,ICE,60m,5m,5,99.77999878,100.5599976,99.65000153,100.4100037,1240,USD,,,,,,us_late,,Yahoo 5m history truncated by provider lookback window,,,,,,,,
2026-04-24 20:30:00+00:00,2026-04-25 02:00:00,2026-04-24 00:00:00,Brent Crude Futures,ICE,60m,1m,1,100.3799973,100.3799973,99.12999725,99.12999725,1523,USD,,,,,,other_valid_hours,,Yahoo 1m history truncated by provider lookback window | Partial 1m coverage used for 60m bucket because no fuller finer bucket was available,,,,,,,,
2026-04-26 22:00:00+00:00,2026-04-27 03:00:00,2026-04-27 00:00:00,Brent Crude Futures,ICE,60m,60m,60,101.3000031,101.5400009,101.0,101.0,678,USD,,,,,,other_valid_hours,,Yahoo 60m history truncated by provider lookback window,,,,,,,,
2026-04-26 22:30:00+00:00,2026-04-27 04:00:00,2026-04-27 00:00:00,Brent Crude Futures,ICE,60m,15m,15,101.4800034,101.5400009,101.0,101.2300034,411,USD,,,,,,asia_early,,Yahoo 15m history truncated by provider lookback window,,,,,,,,
2026-04-26 23:30:00+00:00,2026-04-27 05:00:00,2026-04-27 00:00:00,Brent Crude Futures,ICE,60m,5m,5,101.3399963,101.5400009,101.0999985,101.3199997,359,USD,,,,,,asia_early,,Yahoo 5m history truncated by provider lookback window,,,,,,,,
2026-04-27 00:30:00+00:00,2026-04-27 06:00:00,2026-04-27 00:00:00,Brent Crude Futures,ICE,60m,5m,5,101.3499985,101.5800018,100.5,100.9199982,1728,USD,,,,,,asia_early,,Yahoo 5m history truncated by provider lookback window,,,,,,,,
2026-04-27 01:30:00+00:00,2026-04-27 07:00:00,2026-04-27 00:00:00,Brent Crude Futures,ICE,60m,5m,5,100.8300018,101.0500031,100.3099976,100.4199982,852,USD,,,,,,asia_early,,Yahoo 5m history truncated by provider lookback window,,,,,,,,
2026-04-27 02:30:00+00:00,2026-04-27 08:00:00,2026-04-27 00:00:00,Brent Crude Futures,ICE,60m,5m,5,100.3399963,100.5299988,99.98999786,100.1800003,805,USD,,,,,,asia_early,,Yahoo 5m history truncated by provider lookback window,,,,,,,,
2026-04-27 03:30:00+00:00,2026-04-27 09:00:00,2026-04-27 00:00:00,Brent Crude Futures,ICE,60m,15m,15,100.1999969,100.3899994,100.1900024,100.3899994,182,USD,,,,,,other_valid_hours,,Yahoo 15m history truncated by provider lookback window,,,,,,,,
2026-04-27 04:30:00+00:00,2026-04-27 10:00:00,2026-04-27 00:00:00,Brent Crude Futures,ICE,60m,15m,15,100.3000031,101.0699997,100.2900009,101.0,550,USD,,,,,,other_valid_hours,,Yahoo 15m history truncated by provider lookback window,,,,,,,,
2026-04-27 05:30:00+00:00,2026-04-27 11:00:00,2026-04-27 00:00:00,Brent Crude Futures,ICE,60m,5m,5,101.0800018,101.4400024,100.9400024,101.1999969,936,USD,,,,,,other_valid_hours,,Yahoo 5m history truncated by provider lookback window,,,,,,,,
2026-04-27 06:30:00+00:00,2026-04-27 12:00:00,2026-04-27 00:00:00,Brent Crude Futures,ICE,60m,5m,5,101.3199997,101.7099991,101.0199966,101.6800003,704,USD,,,,,,other_valid_hours,,Yahoo 5m history truncated by provider lookback window,,,,,,,,
2026-04-27 07:30:00+00:00,2026-04-27 13:00:00,2026-04-27 00:00:00,Brent Crude Futures,ICE,60m,5m,5,101.6399994,102.1699982,101.4199982,102.0199966,1645,USD,,,,,,other_valid_hours,,Yahoo 5m history truncated by provider lookback window,,,,,,,,
2026-04-27 08:30:00+00:00,2026-04-27 14:00:00,2026-04-27 00:00:00,Brent Crude Futures,ICE,60m,5m,5,102.0400009,102.0899963,101.3399963,101.8000031,1377,USD,,,,,,other_valid_hours,,Yahoo 5m history truncated by provider lookback window,,,,,,,,
2026-04-27 09:30:00+00:00,2026-04-27 15:00:00,2026-04-27 00:00:00,Brent Crude Futures,ICE,60m,5m,5,101.8099976,101.8099976,101.2799988,101.3399963,873,USD,,,,,,other_valid_hours,,Yahoo 5m history truncated by provider lookback window,,,,,,,,
2026-04-27 10:30:00+00:00,2026-04-27 16:00:00,2026-04-27 00:00:00,Brent Crude Futures,ICE,60m,5m,5,101.3099976,101.3099976,99.69000244,99.77999878,1907,USD,,,,,,europe_open,first_hour_after_europe_open,Yahoo 5m history truncated by provider lookback window,,,,,,,,
2026-04-27 11:30:00+00:00,2026-04-27 17:00:00,2026-04-27 00:00:00,Brent Crude Futures,ICE,60m,5m,5,99.70999908,100.5999985,99.58999634,100.4300003,1187,USD,,,,,,europe_open,,Yahoo 5m history truncated by provider lookback window,,,,,,,,
2026-04-27 12:30:00+00:00,2026-04-27 18:00:00,2026-04-27 00:00:00,Brent Crude Futures,ICE,60m,5m,5,100.4100037,101.3000031,100.4000015,100.9400024,2799,USD,,,,,,europe_mid,,Yahoo 5m history truncated by provider lookback window,,,,,,,,
2026-04-27 13:30:00+00:00,2026-04-27 19:00:00,2026-04-27 00:00:00,Brent Crude Futures,ICE,60m,5m,5,100.9700012,101.7600021,100.8300018,101.5100021,3108,USD,,,,,,europe_mid,,Yahoo 5m history truncated by provider lookback window,,,,,,,,
2026-04-27 14:30:00+00:00,2026-04-27 20:00:00,2026-04-27 00:00:00,Brent Crude Futures,ICE,60m,5m,5,101.4899979,102.3899994,100.9700012,101.8899994,5765,USD,,,,,,us_pre_open,,Yahoo 5m history truncated by provider lookback window,,,,,,,,
2026-04-27 15:30:00+00:00,2026-04-27 21:00:00,2026-04-27 00:00:00,Brent Crude Futures,ICE,60m,5m,5,101.8799973,102.1299973,101.2399979,101.4800034,3864,USD,,,,,,us_open,first_30m_after_us_open,Yahoo 5m history truncated by provider lookback window,,,,,,,,
2026-04-27 16:30:00+00:00,2026-04-27 22:00:00,2026-04-27 00:00:00,Brent Crude Futures,ICE,60m,5m,5,101.4400024,102.6100006,101.3499985,102.0500031,2456,USD,,,,,,us_open,,Yahoo 5m history truncated by provider lookback window,,,,,,,,
2026-04-27 17:30:00+00:00,2026-04-27 23:00:00,2026-04-27 00:00:00,Brent Crude Futures,ICE,60m,5m,5,101.9199982,102.5800018,101.3399963,101.6299973,4693,USD,,,,,,us_late,us_late_reversal_window,Yahoo 5m history truncated by provider lookback window,,,,,,,,
2026-04-27 18:30:00+00:00,2026-04-28 00:00:00,2026-04-27 00:00:00,Brent Crude Futures,ICE,60m,5m,5,101.6500015,101.7799988,101.3199997,101.3899994,1063,USD,,,,,,us_late,final_hour_of_session_if_identifiable,Yahoo 5m history truncated by provider lookback window,,,,,,,,
2026-04-27 19:30:00+00:00,2026-04-28 01:00:00,2026-04-27 00:00:00,Brent Crude Futures,ICE,60m,15m,15,101.4199982,101.9199982,101.2200012,101.7300034,564,USD,,,,,,us_late,,Yahoo 15m history truncated by provider lookback window,,,,,,,,
2026-04-27 20:31:00+00:00,2026-04-28 02:00:00,2026-04-27 00:00:00,Brent Crude Futures,ICE,60m,1m,1,101.6699982,101.9199982,101.6699982,101.9100037,177,USD,,,,,,other_valid_hours,,Yahoo 1m history truncated by provider lookback window | Partial 1m coverage used for 60m bucket because no fuller finer bucket was available,,,,,,,,
2026-04-27 22:00:00+00:00,2026-04-28 03:00:00,2026-04-28 00:00:00,Brent Crude Futures,ICE,60m,60m,60,101.8199997,101.8799973,101.5999985,101.8600006,0,USD,,,,,,other_valid_hours,,Yahoo 60m history truncated by provider lookback window,,,,,,,,
2026-04-27 22:30:00+00:00,2026-04-28 04:00:00,2026-04-28 00:00:00,Brent Crude Futures,ICE,60m,15m,15,101.6699982,101.9899979,101.5999985,101.8799973,85,USD,,,,,,asia_early,,Yahoo 15m history truncated by provider lookback window,,,,,,,,
2026-04-27 23:30:00+00:00,2026-04-28 05:00:00,2026-04-28 00:00:00,Brent Crude Futures,ICE,60m,15m,15,101.8700027,102.3399963,101.6699982,102.2099991,392,USD,,,,,,asia_early,,Yahoo 15m history truncated by provider lookback window,,,,,,,,
2026-04-28 00:30:00+00:00,2026-04-28 06:00:00,2026-04-28 00:00:00,Brent Crude Futures,ICE,60m,5m,5,102.1699982,102.5500031,102.1699982,102.25,601,USD,,,,,,asia_early,,Yahoo 5m history truncated by provider lookback window,,,,,,,,
2026-04-28 01:30:00+00:00,2026-04-28 07:00:00,2026-04-28 00:00:00,Brent Crude Futures,ICE,60m,5m,5,102.2699966,102.7300034,102.0500031,102.5400009,551,USD,,,,,,asia_early,,Yahoo 5m history truncated by provider lookback window,,,,,,,,
2026-04-28 02:30:00+00:00,2026-04-28 08:00:00,2026-04-28 00:00:00,Brent Crude Futures,ICE,60m,15m,15,102.6299973,102.6500015,102.3799973,102.5199966,267,USD,,,,,,asia_early,,Yahoo 15m history truncated by provider lookback window,,,,,,,,
2026-04-28 03:30:00+00:00,2026-04-28 09:00:00,2026-04-28 00:00:00,Brent Crude Futures,ICE,60m,15m,15,102.4599991,102.8899994,102.4199982,102.5899963,395,USD,,,,,,other_valid_hours,,Yahoo 15m history truncated by provider lookback window,,,,,,,,
2026-04-28 04:30:00+00:00,2026-04-28 10:00:00,2026-04-28 00:00:00,Brent Crude Futures,ICE,60m,15m,15,102.6100006,102.7699966,102.5500031,102.6600037,198,USD,,,,,,other_valid_hours,,Yahoo 15m history truncated by provider lookback window,,,,,,,,
2026-04-28 05:30:00+00:00,2026-04-28 11:00:00,2026-04-28 00:00:00,Brent Crude Futures,ICE,60m,5m,5,102.7600021,104.1100006,102.6500015,103.1100006,2094,USD,,,,,,other_valid_hours,,Yahoo 5m history truncated by provider lookback window,,,,,,,,
2026-04-28 06:30:00+00:00,2026-04-28 12:00:00,2026-04-28 00:00:00,Brent Crude Futures,ICE,60m,5m,5,103.0699997,104.6200027,103.0500031,104.4700012,1967,USD,,,,,,other_valid_hours,,Yahoo 5m history truncated by provider lookback window,,,,,,,,
2026-04-28 07:30:00+00:00,2026-04-28 13:00:00,2026-04-28 00:00:00,Brent Crude Futures,ICE,60m,5m,5,104.4599991,104.8199997,103.4700012,103.5,2507,USD,,,,,,other_valid_hours,,Yahoo 5m history truncated by provider lookback window,,,,,,,,
2026-04-28 08:30:00+00:00,2026-04-28 14:00:00,2026-04-28 00:00:00,Brent Crude Futures,ICE,60m,5m,5,103.4899979,104.5999985,103.4800034,104.25,2523,USD,,,,,,other_valid_hours,,Yahoo 5m history truncated by provider lookback window,,,,,,,,
2026-04-28 09:30:00+00:00,2026-04-28 15:00:00,2026-04-28 00:00:00,Brent Crude Futures,ICE,60m,5m,5,104.3799973,104.7699966,104.1100006,104.4499969,1789,USD,,,,,,other_valid_hours,,Yahoo 5m history truncated by provider lookback window,,,,,,,,
2026-04-28 10:30:00+00:00,2026-04-28 16:00:00,2026-04-28 00:00:00,Brent Crude Futures,ICE,60m,5m,5,104.4000015,104.9899979,104.1900024,104.8300018,2201,USD,,,,,,europe_open,first_hour_after_europe_open,Yahoo 5m history truncated by provider lookback window,,,,,,,,
2026-04-28 11:30:00+00:00,2026-04-28 17:00:00,2026-04-28 00:00:00,Brent Crude Futures,ICE,60m,1m,1,104.8300018,105.8099976,103.0,104.9000015,6189,USD,,,,,,europe_open,,Yahoo 1m history truncated by provider lookback window,,,,,,,,
2026-04-28 12:30:00+00:00,2026-04-28 18:00:00,2026-04-28 00:00:00,Brent Crude Futures,ICE,60m,1m,1,105.0299988,105.0400009,103.6399994,104.0,5155,USD,,,,,,europe_mid,,Yahoo 1m history truncated by provider lookback window,,,,,,,,
2026-04-28 13:30:00+00:00,2026-04-28 19:00:00,2026-04-28 00:00:00,Brent Crude Futures,ICE,60m,1m,1,104.0400009,104.75,103.3499985,104.4800034,5721,USD,,,,,,europe_mid,,Yahoo 1m history truncated by provider lookback window,,,,,,,,
2026-04-28 14:30:00+00:00,2026-04-28 20:00:00,2026-04-28 00:00:00,Brent Crude Futures,ICE,60m,5m,5,104.5100021,104.8799973,103.4400024,104.1600037,5228,USD,,,,,,us_pre_open,,Yahoo 5m history truncated by provider lookback window,,,,,,,,
2026-04-28 15:30:00+00:00,2026-04-28 21:00:00,2026-04-28 00:00:00,Brent Crude Futures,ICE,60m,5m,5,104.1699982,104.5100021,103.8600006,103.9400024,3187,USD,,,,,,us_open,first_30m_after_us_open,Yahoo 5m history truncated by provider lookback window,,,,,,,,
2026-04-28 16:30:00+00:00,2026-04-28 22:00:00,2026-04-28 00:00:00,Brent Crude Futures,ICE,60m,5m,5,103.9400024,104.3499985,103.4400024,104.2399979,2646,USD,,,,,,us_open,,Yahoo 5m history truncated by provider lookback window,,,,,,,,
2026-04-28 17:30:00+00:00,2026-04-28 23:00:00,2026-04-28 00:00:00,Brent Crude Futures,ICE,60m,5m,5,104.2699966,104.6100006,103.9300003,104.3199997,3695,USD,,,,,,us_late,us_late_reversal_window,Yahoo 5m history truncated by provider lookback window,,,,,,,,
2026-04-28 18:30:00+00:00,2026-04-29 00:00:00,2026-04-28 00:00:00,Brent Crude Futures,ICE,60m,5m,5,104.3399963,104.6900024,104.2600021,104.3099976,1087,USD,,,,,,us_late,final_hour_of_session_if_identifiable,Yahoo 5m history truncated by provider lookback window,,,,,,,,
2026-04-28 19:30:00+00:00,2026-04-29 01:00:00,2026-04-28 00:00:00,Brent Crude Futures,ICE,60m,5m,5,104.3399963,104.4199982,103.9300003,104.1299973,443,USD,,,,,,us_late,,Yahoo 5m history truncated by provider lookback window,,,,,,,,
2026-04-28 20:30:00+00:00,2026-04-29 02:00:00,2026-04-28 00:00:00,Brent Crude Futures,ICE,60m,1m,1,104.0999985,104.3099976,104.0199966,104.3000031,324,USD,,,,,,other_valid_hours,,Yahoo 1m history truncated by provider lookback window | Partial 1m coverage used for 60m bucket because no fuller finer bucket was available,,,,,,,,
2026-04-28 22:00:00+00:00,2026-04-29 03:00:00,2026-04-29 00:00:00,Brent Crude Futures,ICE,60m,60m,60,104.1800003,104.2399979,103.8899994,104.1500015,90,USD,,,,,,other_valid_hours,,Yahoo 60m history truncated by provider lookback window,,,,,,,,
2026-04-28 22:30:00+00:00,2026-04-29 04:00:00,2026-04-29 00:00:00,Brent Crude Futures,ICE,60m,15m,15,103.9499969,104.2099991,103.8199997,103.9000015,122,USD,,,,,,asia_early,,Yahoo 15m history truncated by provider lookback window,,,,,,,,
2026-04-28 23:30:00+00:00,2026-04-29 05:00:00,2026-04-29 00:00:00,Brent Crude Futures,ICE,60m,5m,5,103.9499969,103.9599991,103.6399994,103.8499985,490,USD,,,,,,asia_early,,Yahoo 5m history truncated by provider lookback window,,,,,,,,
2026-04-29 00:30:00+00:00,2026-04-29 06:00:00,2026-04-29 00:00:00,Brent Crude Futures,ICE,60m,5m,5,103.8099976,104.8799973,103.7200012,104.7200012,1456,USD,,,,,,asia_early,,Yahoo 5m history truncated by provider lookback window,,,,,,,,
2026-04-29 01:30:00+00:00,2026-04-29 07:00:00,2026-04-29 00:00:00,Brent Crude Futures,ICE,60m,5m,5,104.75,105.1500015,103.2699966,103.6399994,1353,USD,,,,,,asia_early,,Yahoo 5m history truncated by provider lookback window,,,,,,,,
2026-04-29 02:30:00+00:00,2026-04-29 08:00:00,2026-04-29 00:00:00,Brent Crude Futures,ICE,60m,5m,5,103.6100006,104.2099991,103.5199966,103.8799973,614,USD,,,,,,asia_early,,Yahoo 5m history truncated by provider lookback window,,,,,,,,
2026-04-29 03:30:00+00:00,2026-04-29 09:00:00,2026-04-29 00:00:00,Brent Crude Futures,ICE,60m,5m,5,103.9199982,104.1399994,103.9100037,104.1299973,203,USD,,,,,,other_valid_hours,,Yahoo 5m history truncated by provider lookback window,,,,,,,,
2026-04-29 04:30:00+00:00,2026-04-29 10:00:00,2026-04-29 00:00:00,Brent Crude Futures,ICE,60m,5m,5,104.1500015,104.6500015,104.0,104.5500031,297,USD,,,,,,other_valid_hours,,Yahoo 5m history truncated by provider lookback window,,,,,,,,
2026-04-29 05:30:00+00:00,2026-04-29 11:00:00,2026-04-29 00:00:00,Brent Crude Futures,ICE,60m,5m,5,104.5599976,104.8799973,104.4100037,104.8799973,528,USD,,,,,,other_valid_hours,,Yahoo 5m history truncated by provider lookback window,,,,,,,,
2026-04-29 06:30:00+00:00,2026-04-29 12:00:00,2026-04-29 00:00:00,Brent Crude Futures,ICE,60m,5m,5,104.9100037,105.5299988,104.9000015,105.3899994,1342,USD,,,,,,other_valid_hours,,Yahoo 5m history truncated by provider lookback window,,,,,,,,
2026-04-29 07:30:00+00:00,2026-04-29 13:00:00,2026-04-29 00:00:00,Brent Crude Futures,ICE,60m,5m,5,105.3899994,107.3499985,105.3799973,107.3000031,3298,USD,,,,,,other_valid_hours,,Yahoo 5m history truncated by provider lookback window,,,,,,,,
2026-04-29 08:30:00+00:00,2026-04-29 14:00:00,2026-04-29 00:00:00,Brent Crude Futures,ICE,60m,5m,5,107.2799988,107.9599991,107.1399994,107.6699982,2676,USD,,,,,,other_valid_hours,,Yahoo 5m history truncated by provider lookback window,,,,,,,,
2026-04-29 09:30:00+00:00,2026-04-29 15:00:00,2026-04-29 00:00:00,Brent Crude Futures,ICE,60m,5m,5,107.7099991,107.7099991,107.0100021,107.3399963,1491,USD,,,,,,other_valid_hours,,Yahoo 5m history truncated by provider lookback window,,,,,,,,
2026-04-29 10:30:00+00:00,2026-04-29 16:00:00,2026-04-29 00:00:00,Brent Crude Futures,ICE,60m,5m,5,107.3399963,107.6200027,107.1299973,107.4100037,1282,USD,,,,,,europe_open,first_hour_after_europe_open,Yahoo 5m history truncated by provider lookback window,,,,,,,,
2026-04-29 11:30:00+00:00,2026-04-29 17:00:00,2026-04-29 00:00:00,Brent Crude Futures,ICE,60m,5m,5,107.4400024,108.0599976,107.0999985,107.9899979,1564,USD,,,,,,europe_open,,Yahoo 5m history truncated by provider lookback window,,,,,,,,
2026-04-29 12:30:00+00:00,2026-04-29 18:00:00,2026-04-29 00:00:00,Brent Crude Futures,ICE,60m,5m,5,108.0500031,109.5299988,108.0100021,109.3799973,5382,USD,,,,,,europe_mid,,Yahoo 5m history truncated by provider lookback window,,,,,,,,
2026-04-29 13:30:00+00:00,2026-04-29 19:00:00,2026-04-29 00:00:00,Brent Crude Futures,ICE,60m,1m,1,109.4199982,109.9899979,109.0699997,109.3899994,4571,USD,,,,,,europe_mid,,Yahoo 1m history truncated by provider lookback window,,,,,,,,
2026-04-29 14:30:00+00:00,2026-04-29 20:00:00,2026-04-29 00:00:00,Brent Crude Futures,ICE,60m,1m,1,109.4100037,110.0400009,109.1299973,109.9300003,5753,USD,,,,,,us_pre_open,,Yahoo 1m history truncated by provider lookback window,,,,,,,,
2026-04-29 15:30:00+00:00,2026-04-29 21:00:00,2026-04-29 00:00:00,Brent Crude Futures,ICE,60m,1m,1,109.9300003,111.2600021,109.6100006,110.7799988,9203,USD,,,,,,us_open,first_30m_after_us_open,Yahoo 1m history truncated by provider lookback window,,,,,,,,
2026-04-29 16:30:00+00:00,2026-04-29 22:00:00,2026-04-29 00:00:00,Brent Crude Futures,ICE,60m,1m,1,110.7799988,111.5699997,110.5500031,110.5699997,6913,USD,,,,,,us_open,,Yahoo 1m history truncated by provider lookback window,,,,,,,,
2026-04-29 17:30:00+00:00,2026-04-29 23:00:00,2026-04-29 00:00:00,Brent Crude Futures,ICE,60m,1m,1,110.5899963,111.1900024,110.0299988,110.4499969,7660,USD,,,,,,us_late,us_late_reversal_window,Yahoo 1m history truncated by provider lookback window,,,,,,,,
2026-04-29 18:30:00+00:00,2026-04-30 00:00:00,2026-04-29 00:00:00,Brent Crude Futures,ICE,60m,5m,5,110.4599991,111.0299988,110.3799973,111.0,1245,USD,,,,,,us_late,final_hour_of_session_if_identifiable,Yahoo 5m history truncated by provider lookback window,,,,,,,,
2026-04-29 19:30:00+00:00,2026-04-30 01:00:00,2026-04-29 00:00:00,Brent Crude Futures,ICE,60m,5m,5,111.0500031,111.8300018,111.0500031,111.3499985,1176,USD,,,,,,us_late,,Yahoo 5m history truncated by provider lookback window,,,,,,,,
2026-04-29 20:30:00+00:00,2026-04-30 02:00:00,2026-04-29 00:00:00,Brent Crude Futures,ICE,60m,1m,1,111.3499985,112.1399994,111.3499985,111.9100037,322,USD,,,,,,other_valid_hours,,Yahoo 1m history truncated by provider lookback window | Partial 1m coverage used for 60m bucket because no fuller finer bucket was available,,,,,,,,
2026-04-29 22:00:00+00:00,2026-04-30 03:00:00,2026-04-30 00:00:00,Brent Crude Futures,ICE,60m,60m,60,112.4199982,113.1699982,110.9599991,112.0699997,518,USD,,,,,,other_valid_hours,,Yahoo 60m history truncated by provider lookback window,,,,,,,,
2026-04-29 22:30:00+00:00,2026-04-30 04:00:00,2026-04-30 00:00:00,Brent Crude Futures,ICE,60m,5m,5,111.9499969,112.3099976,111.8399963,111.8600006,273,USD,,,,,,asia_early,,Yahoo 5m history truncated by provider lookback window,,,,,,,,
2026-04-29 23:30:00+00:00,2026-04-30 05:00:00,2026-04-30 00:00:00,Brent Crude Futures,ICE,60m,5m,5,111.7600021,111.7600021,110.2600021,110.9599991,1453,USD,,,,,,asia_early,,Yahoo 5m history truncated by provider lookback window,,,,,,,,
2026-04-30 00:30:00+00:00,2026-04-30 06:00:00,2026-04-30 00:00:00,Brent Crude Futures,ICE,60m,5m,5,110.8700027,111.5500031,110.8099976,110.9499969,548,USD,,,,,,asia_early,,Yahoo 5m history truncated by provider lookback window,,,,,,,,
2026-04-30 01:30:00+00:00,2026-04-30 07:00:00,2026-04-30 00:00:00,Brent Crude Futures,ICE,60m,5m,5,110.9300003,112.0100021,110.6999969,111.8799973,1029,USD,,,,,,asia_early,,Yahoo 5m history truncated by provider lookback window,,,,,,,,
2026-04-30 02:30:00+00:00,2026-04-30 08:00:00,2026-04-30 00:00:00,Brent Crude Futures,ICE,60m,5m,5,111.8799973,113.2200012,111.6299973,112.8099976,1834,USD,,,,,,asia_early,,Yahoo 5m history truncated by provider lookback window,,,,,,,,
2026-04-30 03:30:00+00:00,2026-04-30 09:00:00,2026-04-30 00:00:00,Brent Crude Futures,ICE,60m,5m,5,112.75,114.2799988,112.5500031,113.8700027,2420,USD,,,,,,other_valid_hours,,Yahoo 5m history truncated by provider lookback window,,,,,,,,
2026-04-30 04:30:00+00:00,2026-04-30 10:00:00,2026-04-30 00:00:00,Brent Crude Futures,ICE,60m,5m,5,113.8899994,114.6600037,113.0800018,113.6100006,1425,USD,,,,,,other_valid_hours,,Yahoo 5m history truncated by provider lookback window,,,,,,,,
2026-04-30 05:30:00+00:00,2026-04-30 11:00:00,2026-04-30 00:00:00,Brent Crude Futures,ICE,60m,5m,5,113.5999985,114.2200012,113.0400009,114.0800018,1255,USD,,,,,,other_valid_hours,,Yahoo 5m history truncated by provider lookback window,,,,,,,,
2026-04-30 06:30:00+00:00,2026-04-30 12:00:00,2026-04-30 00:00:00,Brent Crude Futures,ICE,60m,5m,5,114.0,114.0,111.4599991,112.3000031,2284,USD,,,,,,other_valid_hours,,Yahoo 5m history truncated by provider lookback window,,,,,,,,
2026-04-30 07:30:00+00:00,2026-04-30 13:00:00,2026-04-30 00:00:00,Brent Crude Futures,ICE,60m,5m,5,112.2799988,112.3499985,104.1200027,104.3700027,2513,USD,,,,,,other_valid_hours,,Yahoo 5m history truncated by provider lookback window,,,,,,,,
2026-04-30 08:30:00+00:00,2026-04-30 14:00:00,2026-04-30 00:00:00,Brent Crude Futures,ICE,60m,5m,5,104.3000031,104.9599991,103.5899963,103.6100006,2229,USD,,,,,,other_valid_hours,,Yahoo 5m history truncated by provider lookback window,,,,,,,,
2026-04-30 09:30:00+00:00,2026-04-30 15:00:00,2026-04-30 00:00:00,Brent Crude Futures,ICE,60m,5m,5,103.5,104.0,102.8199997,103.2699966,3581,USD,,,,,,other_valid_hours,,Yahoo 5m history truncated by provider lookback window,,,,,,,,
2026-04-30 10:30:00+00:00,2026-04-30 16:00:00,2026-04-30 00:00:00,Brent Crude Futures,ICE,60m,5m,5,103.3099976,103.8600006,100.5999985,100.7300034,3137,USD,,,,,,europe_open,first_hour_after_europe_open,Yahoo 5m history truncated by provider lookback window,,,,,,,,
2026-04-30 11:30:00+00:00,2026-04-30 17:00:00,2026-04-30 00:00:00,Brent Crude Futures,ICE,60m,5m,5,100.7300034,102.4000015,100.7300034,102.2900009,2373,USD,,,,,,europe_open,,Yahoo 5m history truncated by provider lookback window,,,,,,,,
2026-04-30 12:30:00+00:00,2026-04-30 18:00:00,2026-04-30 00:00:00,Brent Crude Futures,ICE,60m,1m,1,102.3700027,109.9400024,102.3700027,108.7099991,5362,USD,,,,,,europe_mid,,Yahoo 1m history truncated by provider lookback window,,,,,,,,
2026-04-30 13:30:00+00:00,2026-04-30 19:00:00,2026-04-30 00:00:00,Brent Crude Futures,ICE,60m,1m,1,108.7699966,110.3700027,108.6900024,109.8099976,4247,USD,,,,,,europe_mid,,Yahoo 1m history truncated by provider lookback window,,,,,,,,
2026-04-30 14:30:00+00:00,2026-04-30 20:00:00,2026-04-30 00:00:00,Brent Crude Futures,ICE,60m,1m,1,109.8300018,111.1100006,109.1900024,109.5100021,7843,USD,,,,,,us_pre_open,,Yahoo 1m history truncated by provider lookback window,,,,,,,,
2026-04-30 15:30:00+00:00,2026-04-30 21:00:00,2026-04-30 00:00:00,Brent Crude Futures,ICE,60m,1m,1,109.5899963,110.1600037,109.1500015,110.0400009,4123,USD,,,,,,us_open,first_30m_after_us_open,Yahoo 1m history truncated by provider lookback window,,,,,,,,
2026-04-30 16:30:00+00:00,2026-04-30 22:00:00,2026-04-30 00:00:00,Brent Crude Futures,ICE,60m,5m,5,110.0100021,110.2699966,109.25,109.5800018,2002,USD,,,,,,us_open,,Yahoo 5m history truncated by provider lookback window,,,,,,,,
2026-04-30 17:30:00+00:00,2026-04-30 23:00:00,2026-04-30 00:00:00,Brent Crude Futures,ICE,60m,5m,5,109.5699997,110.6299973,108.6200027,110.5299988,4129,USD,,,,,,us_late,us_late_reversal_window,Yahoo 5m history truncated by provider lookback window,,,,,,,,
2026-04-30 18:30:00+00:00,2026-05-01 00:00:00,2026-04-30 00:00:00,Brent Crude Futures,ICE,60m,5m,5,110.5400009,111.0699997,110.4000015,110.5400009,1583,USD,,,,,,us_late,final_hour_of_session_if_identifiable,Yahoo 5m history truncated by provider lookback window,,,,,,,,
2026-04-30 19:30:00+00:00,2026-05-01 01:00:00,2026-04-30 00:00:00,Brent Crude Futures,ICE,60m,5m,5,110.5100021,111.6800003,110.5,111.2099991,949,USD,,,,,,us_late,,Yahoo 5m history truncated by provider lookback window,,,,,,,,
2026-04-30 20:31:00+00:00,2026-05-01 02:00:00,2026-04-30 00:00:00,Brent Crude Futures,ICE,60m,1m,1,111.2300034,111.8399963,111.0299988,111.2300034,265,USD,,,,,,other_valid_hours,,Yahoo 1m history truncated by provider lookback window | Partial 1m coverage used for 60m bucket because no fuller finer bucket was available,,,,,,,,
2026-04-30 22:00:00+00:00,2026-05-01 03:00:00,2026-05-01 00:00:00,Brent Crude Futures,ICE,60m,60m,60,111.0100021,111.6500015,110.9499969,111.5299988,0,USD,,,,,,other_valid_hours,,Yahoo 60m history truncated by provider lookback window,,,,,,,,
2026-04-30 22:30:00+00:00,2026-05-01 04:00:00,2026-05-01 00:00:00,Brent Crude Futures,ICE,60m,15m,15,111.4499969,111.7799988,111.3899994,111.6200027,154,USD,,,,,,asia_early,,Yahoo 15m history truncated by provider lookback window,,,,,,,,
2026-04-30 23:30:00+00:00,2026-05-01 05:00:00,2026-05-01 00:00:00,Brent Crude Futures,ICE,60m,5m,5,111.5899963,111.8199997,111.0999985,111.5999985,370,USD,,,,,,asia_early,,Yahoo 5m history truncated by provider lookback window,,,,,,,,
2026-05-01 00:30:00+00:00,2026-05-01 06:00:00,2026-05-01 00:00:00,Brent Crude Futures,ICE,60m,5m,5,111.4599991,112.0100021,111.3700027,111.6800003,370,USD,,,,,,asia_early,,Yahoo 5m history truncated by provider lookback window,,,,,,,,
2026-05-01 01:30:00+00:00,2026-05-01 07:00:00,2026-05-01 00:00:00,Brent Crude Futures,ICE,60m,5m,5,111.6399994,111.9199982,111.1900024,111.7900009,273,USD,,,,,,asia_early,,Yahoo 5m history truncated by provider lookback window,,,,,,,,
2026-05-01 02:30:00+00:00,2026-05-01 08:00:00,2026-05-01 00:00:00,Brent Crude Futures,ICE,60m,5m,5,111.8499985,112.1299973,111.2699966,111.5400009,292,USD,,,,,,asia_early,,Yahoo 5m history truncated by provider lookback window,,,,,,,,
2026-05-01 03:30:00+00:00,2026-05-01 09:00:00,2026-05-01 00:00:00,Brent Crude Futures,ICE,60m,5m,5,111.5800018,111.5800018,111.1399994,111.2200012,213,USD,,,,,,other_valid_hours,,Yahoo 5m history truncated by provider lookback window,,,,,,,,
2026-05-01 04:30:00+00:00,2026-05-01 10:00:00,2026-05-01 00:00:00,Brent Crude Futures,ICE,60m,5m,5,111.2300034,111.2600021,110.8799973,111.0999985,307,USD,,,,,,other_valid_hours,,Yahoo 5m history truncated by provider lookback window,,,,,,,,
2026-05-01 05:30:00+00:00,2026-05-01 11:00:00,2026-05-01 00:00:00,Brent Crude Futures,ICE,60m,5m,5,111.0599976,111.8700027,110.8600006,111.8499985,433,USD,,,,,,other_valid_hours,,Yahoo 5m history truncated by provider lookback window,,,,,,,,
2026-05-01 06:30:00+00:00,2026-05-01 12:00:00,2026-05-01 00:00:00,Brent Crude Futures,ICE,60m,5m,5,111.8399963,112.4300003,110.3300018,110.6500015,1773,USD,,,,,,other_valid_hours,,Yahoo 5m history truncated by provider lookback window,,,,,,,,
2026-05-01 07:30:00+00:00,2026-05-01 13:00:00,2026-05-01 00:00:00,Brent Crude Futures,ICE,60m,5m,5,110.8700027,110.8700027,103.9100037,104.1900024,1442,USD,,,,,,other_valid_hours,,Yahoo 5m history truncated by provider lookback window,,,,,,,,
2026-05-01 08:30:00+00:00,2026-05-01 14:00:00,2026-05-01 00:00:00,Brent Crude Futures,ICE,60m,5m,5,104.1999969,105.1500015,104.1699982,104.6900024,733,USD,,,,,,other_valid_hours,,Yahoo 5m history truncated by provider lookback window,,,,,,,,
2026-05-01 09:30:00+00:00,2026-05-01 15:00:00,2026-05-01 00:00:00,Brent Crude Futures,ICE,60m,5m,5,104.75,111.7799988,104.75,111.4000015,1079,USD,,,,,,other_valid_hours,,Yahoo 5m history truncated by provider lookback window,,,,,,,,
2026-05-01 10:30:00+00:00,2026-05-01 16:00:00,2026-05-01 00:00:00,Brent Crude Futures,ICE,60m,5m,5,111.4000015,111.6600037,110.7200012,111.0599976,1024,USD,,,,,,europe_open,first_hour_after_europe_open,Yahoo 5m history truncated by provider lookback window,,,,,,,,
2026-05-01 11:30:00+00:00,2026-05-01 17:00:00,2026-05-01 00:00:00,Brent Crude Futures,ICE,60m,5m,5,111.0899963,111.2399979,109.6600037,110.1500015,2670,USD,,,,,,europe_open,,Yahoo 5m history truncated by provider lookback window,,,,,,,,
2026-05-01 12:30:00+00:00,2026-05-01 18:00:00,2026-05-01 00:00:00,Brent Crude Futures,ICE,60m,5m,5,110.1299973,111.0,109.3899994,109.5199966,2454,USD,,,,,,europe_mid,,Yahoo 5m history truncated by provider lookback window,,,,,,,,
2026-05-01 13:30:00+00:00,2026-05-01 19:00:00,2026-05-01 00:00:00,Brent Crude Futures,ICE,60m,1m,1,109.5199966,109.7799988,106.2699966,107.5,6502,USD,,,,,,europe_mid,,Yahoo 1m history truncated by provider lookback window,,,,,,,,
2026-05-01 14:30:00+00:00,2026-05-01 20:00:00,2026-05-01 00:00:00,Brent Crude Futures,ICE,60m,1m,1,107.5299988,109.0899963,107.4199982,108.6699982,4629,USD,,,,,,us_pre_open,,Yahoo 1m history truncated by provider lookback window,,,,,,,,
2026-05-01 15:30:00+00:00,2026-05-01 21:00:00,2026-05-01 00:00:00,Brent Crude Futures,ICE,60m,1m,1,108.6999969,108.6999969,107.1200027,108.6299973,4524,USD,,,,,,us_open,first_30m_after_us_open,Yahoo 1m history truncated by provider lookback window,,,,,,,,
2026-05-01 16:30:00+00:00,2026-05-01 22:00:00,2026-05-01 00:00:00,Brent Crude Futures,ICE,60m,5m,5,108.6100006,108.6600037,107.9000015,108.0899963,1934,USD,,,,,,us_open,,Yahoo 5m history truncated by provider lookback window,,,,,,,,
2026-05-01 17:30:00+00:00,2026-05-01 23:00:00,2026-05-01 00:00:00,Brent Crude Futures,ICE,60m,1m,1,108.1200027,108.5999985,107.3600006,108.0299988,2985,USD,,,,,,us_late,us_late_reversal_window,Yahoo 1m history truncated by provider lookback window,,,,,,,,
2026-05-01 18:30:00+00:00,2026-05-02 00:00:00,2026-05-01 00:00:00,Brent Crude Futures,ICE,60m,5m,5,108.0199966,108.7200012,107.9800034,108.2900009,1250,USD,,,,,,us_late,final_hour_of_session_if_identifiable,Yahoo 5m history truncated by provider lookback window,,,,,,,,
2026-05-01 19:30:00+00:00,2026-05-02 01:00:00,2026-05-01 00:00:00,Brent Crude Futures,ICE,60m,5m,5,108.3499985,109.0500031,108.1900024,108.9700012,1280,USD,,,,,,us_late,,Yahoo 5m history truncated by provider lookback window,,,,,,,,
2026-05-01 20:30:00+00:00,2026-05-02 02:00:00,2026-05-01 00:00:00,Brent Crude Futures,ICE,60m,1m,1,108.9700012,109.1600037,108.1699982,108.1699982,538,USD,,,,,,other_valid_hours,,Yahoo 1m history truncated by provider lookback window | Partial 1m coverage used for 60m bucket because no fuller finer bucket was available,,,,,,,,
2026-05-03 22:00:00+00:00,2026-05-04 03:00:00,2026-05-04 00:00:00,Brent Crude Futures,ICE,60m,60m,60,106.6200027,107.7799988,106.4700012,107.4599991,617,USD,,,,,,other_valid_hours,,Yahoo 60m history truncated by provider lookback window,,,,,,,,
2026-05-03 22:30:00+00:00,2026-05-04 04:00:00,2026-05-04 00:00:00,Brent Crude Futures,ICE,60m,5m,5,107.4100037,107.9199982,107.2099991,107.9199982,275,USD,,,,,,asia_early,,Yahoo 5m history truncated by provider lookback window,,,,,,,,
2026-05-03 23:30:00+00:00,2026-05-04 05:00:00,2026-05-04 00:00:00,Brent Crude Futures,ICE,60m,5m,5,107.9300003,108.7900009,107.6900024,108.5800018,521,USD,,,,,,asia_early,,Yahoo 5m history truncated by provider lookback window,,,,,,,,
2026-05-04 00:30:00+00:00,2026-05-04 06:00:00,2026-05-04 00:00:00,Brent Crude Futures,ICE,60m,5m,5,108.5299988,108.5299988,107.5,108.2699966,631,USD,,,,,,asia_early,,Yahoo 5m history truncated by provider lookback window,,,,,,,,
2026-05-04 01:30:00+00:00,2026-05-04 07:00:00,2026-05-04 00:00:00,Brent Crude Futures,ICE,60m,5m,5,108.2699966,108.5400009,107.8499985,108.5100021,262,USD,,,,,,asia_early,,Yahoo 5m history truncated by provider lookback window,,,,,,,,
2026-05-04 02:30:00+00:00,2026-05-04 08:00:00,2026-05-04 00:00:00,Brent Crude Futures,ICE,60m,5m,5,108.5500031,108.6100006,108.1600037,108.4199982,398,USD,,,,,,asia_early,,Yahoo 5m history truncated by provider lookback window,,,,,,,,
2026-05-04 03:30:00+00:00,2026-05-04 09:00:00,2026-05-04 00:00:00,Brent Crude Futures,ICE,60m,5m,5,108.4800034,108.8199997,107.8199997,108.1100006,564,USD,,,,,,other_valid_hours,,Yahoo 5m history truncated by provider lookback window,,,,,,,,
2026-05-04 04:30:00+00:00,2026-05-04 10:00:00,2026-05-04 00:00:00,Brent Crude Futures,ICE,60m,5m,5,108.1699982,108.25,106.5500031,107.6699982,910,USD,,,,,,other_valid_hours,,Yahoo 5m history truncated by provider lookback window,,,,,,,,
2026-05-04 05:30:00+00:00,2026-05-04 11:00:00,2026-05-04 00:00:00,Brent Crude Futures,ICE,60m,5m,5,107.5699997,108.0199966,107.1699982,107.8499985,410,USD,,,,,,other_valid_hours,,Yahoo 5m history truncated by provider lookback window,,,,,,,,
2026-05-04 06:30:00+00:00,2026-05-04 12:00:00,2026-05-04 00:00:00,Brent Crude Futures,ICE,60m,5m,5,107.7900009,109.3199997,107.5899963,108.9300003,998,USD,,,,,,other_valid_hours,,Yahoo 5m history truncated by provider lookback window,,,,,,,,
2026-05-04 07:30:00+00:00,2026-05-04 13:00:00,2026-05-04 00:00:00,Brent Crude Futures,ICE,60m,5m,5,108.9300003,110.8700027,108.8899994,110.0299988,2522,USD,,,,,,other_valid_hours,,Yahoo 5m history truncated by provider lookback window,,,,,,,,
2026-05-04 08:30:00+00:00,2026-05-04 14:00:00,2026-05-04 00:00:00,Brent Crude Futures,ICE,60m,5m,5,110.0100021,110.0599976,109.1500015,109.8099976,1150,USD,,,,,,other_valid_hours,,Yahoo 5m history truncated by provider lookback window,,,,,,,,
2026-05-04 09:30:00+00:00,2026-05-04 15:00:00,2026-05-04 00:00:00,Brent Crude Futures,ICE,60m,5m,5,109.8300018,114.3000031,109.4100037,113.6200027,6267,USD,,,,,,other_valid_hours,,Yahoo 5m history truncated by provider lookback window,,,,,,,,
2026-05-04 10:30:00+00:00,2026-05-04 16:00:00,2026-05-04 00:00:00,Brent Crude Futures,ICE,60m,5m,5,113.6500015,113.8399963,111.3300018,111.75,4314,USD,,,,,,europe_open,first_hour_after_europe_open,Yahoo 5m history truncated by provider lookback window,,,,,,,,
2026-05-04 11:30:00+00:00,2026-05-04 17:00:00,2026-05-04 00:00:00,Brent Crude Futures,ICE,60m,1m,1,111.8499985,112.7200012,110.3199997,110.5999985,2278,USD,,,,,,europe_open,,Yahoo 1m history truncated by provider lookback window,,,,,,,,
2026-05-04 12:30:00+00:00,2026-05-04 18:00:00,2026-05-04 00:00:00,Brent Crude Futures,ICE,60m,5m,5,110.6299973,111.9899979,109.7300034,110.7600021,7968,USD,,,,,,europe_mid,,Yahoo 5m history truncated by provider lookback window,,,,,,,,
2026-05-04 13:30:00+00:00,2026-05-04 19:00:00,2026-05-04 00:00:00,Brent Crude Futures,ICE,60m,5m,5,110.6900024,111.1299973,109.8899994,110.9300003,3726,USD,,,,,,europe_mid,,Yahoo 5m history truncated by provider lookback window,,,,,,,,
2026-05-04 14:30:00+00:00,2026-05-04 20:00:00,2026-05-04 00:00:00,Brent Crude Futures,ICE,60m,1m,1,111.0,114.2699966,110.6800003,113.8799973,6105,USD,,,,,,us_pre_open,,Yahoo 1m history truncated by provider lookback window,,,,,,,,
2026-05-04 15:30:00+00:00,2026-05-04 21:00:00,2026-05-04 00:00:00,Brent Crude Futures,ICE,60m,1m,1,113.8399963,115.25,113.6399994,114.4700012,8794,USD,,,,,,us_open,first_30m_after_us_open,Yahoo 1m history truncated by provider lookback window,,,,,,,,
2026-05-04 16:30:00+00:00,2026-05-04 22:00:00,2026-05-04 00:00:00,Brent Crude Futures,ICE,60m,1m,1,114.4800034,115.0899963,113.5100021,113.6600037,6371,USD,,,,,,us_open,,Yahoo 1m history truncated by provider lookback window,,,,,,,,
2026-05-04 17:30:00+00:00,2026-05-04 23:00:00,2026-05-04 00:00:00,Brent Crude Futures,ICE,60m,1m,1,113.6200027,114.8300018,113.0699997,114.2600021,3582,USD,,,,,,us_late,us_late_reversal_window,Yahoo 1m history truncated by provider lookback window,,,,,,,,
2026-05-04 18:30:00+00:00,2026-05-05 00:00:00,2026-05-04 00:00:00,Brent Crude Futures,ICE,60m,5m,5,114.25,114.75,113.5299988,114.0299988,1881,USD,,,,,,us_late,final_hour_of_session_if_identifiable,Yahoo 5m history truncated by provider lookback window,,,,,,,,
2026-05-04 19:30:00+00:00,2026-05-05 01:00:00,2026-05-04 00:00:00,Brent Crude Futures,ICE,60m,5m,5,114.0199966,114.2099991,113.5500031,113.6100006,1029,USD,,,,,,us_late,,Yahoo 5m history truncated by provider lookback window,,,,,,,,
2026-05-04 20:31:00+00:00,2026-05-05 02:00:00,2026-05-04 00:00:00,Brent Crude Futures,ICE,60m,1m,1,113.5100021,113.9899979,113.4800034,113.7600021,201,USD,,,,,,other_valid_hours,,Yahoo 1m history truncated by provider lookback window | Partial 1m coverage used for 60m bucket because no fuller finer bucket was available,,,,,,,,
2026-05-04 22:00:00+00:00,2026-05-05 03:00:00,2026-05-05 00:00:00,Brent Crude Futures,ICE,60m,60m,60,113.8199997,114.4499969,113.7699966,113.9499969,0,USD,,,,,,other_valid_hours,,Yahoo 60m history truncated by provider lookback window,,,,,,,,
2026-05-04 22:30:00+00:00,2026-05-05 04:00:00,2026-05-05 00:00:00,Brent Crude Futures,ICE,60m,15m,15,113.8199997,114.0400009,113.7699966,114.0400009,159,USD,,,,,,asia_early,,Yahoo 15m history truncated by provider lookback window,,,,,,,,
2026-05-04 23:30:00+00:00,2026-05-05 05:00:00,2026-05-05 00:00:00,Brent Crude Futures,ICE,60m,15m,15,113.9899979,114.0400009,113.4100037,113.9400024,164,USD,,,,,,asia_early,,Yahoo 15m history truncated by provider lookback window,,,,,,,,
2026-05-05 00:30:00+00:00,2026-05-05 06:00:00,2026-05-05 00:00:00,Brent Crude Futures,ICE,60m,5m,5,113.8899994,114.0599976,113.6699982,113.8399963,687,USD,,,,,,asia_early,,Yahoo 5m history truncated by provider lookback window,,,,,,,,
2026-05-05 01:30:00+00:00,2026-05-05 07:00:00,2026-05-05 00:00:00,Brent Crude Futures,ICE,60m,15m,15,113.7900009,113.8499985,113.1299973,113.3199997,241,USD,,,,,,asia_early,,Yahoo 15m history truncated by provider lookback window,,,,,,,,
2026-05-05 02:30:00+00:00,2026-05-05 08:00:00,2026-05-05 00:00:00,Brent Crude Futures,ICE,60m,5m,5,113.25,113.3600006,112.8700027,113.2399979,402,USD,,,,,,asia_early,,Yahoo 5m history truncated by provider lookback window,,,,,,,,
2026-05-05 03:30:00+00:00,2026-05-05 09:00:00,2026-05-05 00:00:00,Brent Crude Futures,ICE,60m,15m,15,113.2399979,113.3099976,112.9400024,112.9599991,165,USD,,,,,,other_valid_hours,,Yahoo 15m history truncated by provider lookback window,,,,,,,,
2026-05-05 04:30:00+00:00,2026-05-05 10:00:00,2026-05-05 00:00:00,Brent Crude Futures,ICE,60m,15m,15,112.9700012,113.5100021,112.7900009,113.4700012,313,USD,,,,,,other_valid_hours,,Yahoo 15m history truncated by provider lookback window,,,,,,,,
2026-05-05 05:30:00+00:00,2026-05-05 11:00:00,2026-05-05 00:00:00,Brent Crude Futures,ICE,60m,15m,15,113.5599976,114.4400024,113.0899963,114.0800018,770,USD,,,,,,other_valid_hours,,Yahoo 15m history truncated by provider lookback window,,,,,,,,
2026-05-05 06:30:00+00:00,2026-05-05 12:00:00,2026-05-05 00:00:00,Brent Crude Futures,ICE,60m,5m,5,114.1100006,114.1100006,113.2200012,113.6200027,617,USD,,,,,,other_valid_hours,,Yahoo 5m history truncated by provider lookback window,,,,,,,,
2026-05-05 07:30:00+00:00,2026-05-05 13:00:00,2026-05-05 00:00:00,Brent Crude Futures,ICE,60m,5m,5,113.6100006,114.0,112.2300034,113.0599976,1702,USD,,,,,,other_valid_hours,,Yahoo 5m history truncated by provider lookback window,,,,,,,,
2026-05-05 08:30:00+00:00,2026-05-05 14:00:00,2026-05-05 00:00:00,Brent Crude Futures,ICE,60m,5m,5,113.0500031,113.2099991,111.8799973,112.6699982,2013,USD,,,,,,other_valid_hours,,Yahoo 5m history truncated by provider lookback window,,,,,,,,
2026-05-05 09:30:00+00:00,2026-05-05 15:00:00,2026-05-05 00:00:00,Brent Crude Futures,ICE,60m,5m,5,112.6999969,113.1399994,112.5800018,112.8099976,520,USD,,,,,,other_valid_hours,,Yahoo 5m history truncated by provider lookback window,,,,,,,,
2026-05-05 10:30:00+00:00,2026-05-05 16:00:00,2026-05-05 00:00:00,Brent Crude Futures,ICE,60m,5m,5,112.8199997,113.75,112.3099976,112.9499969,1275,USD,,,,,,europe_open,first_hour_after_europe_open,Yahoo 5m history truncated by provider lookback window,,,,,,,,
2026-05-05 11:30:00+00:00,2026-05-05 17:00:00,2026-05-05 00:00:00,Brent Crude Futures,ICE,60m,5m,5,112.9499969,113.0599976,111.4800034,111.6100006,2202,USD,,,,,,europe_open,,Yahoo 5m history truncated by provider lookback window,,,,,,,,
2026-05-05 12:30:00+00:00,2026-05-05 18:00:00,2026-05-05 00:00:00,Brent Crude Futures,ICE,60m,1m,1,111.5999985,112.1999969,110.8700027,111.2399979,2754,USD,,,,,,europe_mid,,Yahoo 1m history truncated by provider lookback window,,,,,,,,
2026-05-05 13:30:00+00:00,2026-05-05 19:00:00,2026-05-05 00:00:00,Brent Crude Futures,ICE,60m,1m,1,111.25,111.9100037,110.0400009,111.0,7363,USD,,,,,,europe_mid,,Yahoo 1m history truncated by provider lookback window,,,,,,,,
2026-05-05 14:30:00+00:00,2026-05-05 20:00:00,2026-05-05 00:00:00,Brent Crude Futures,ICE,60m,1m,1,111.0199966,111.5100021,110.4199982,110.6399994,4688,USD,,,,,,us_pre_open,,Yahoo 1m history truncated by provider lookback window,,,,,,,,
2026-05-05 15:30:00+00:00,2026-05-05 21:00:00,2026-05-05 00:00:00,Brent Crude Futures,ICE,60m,5m,5,110.6600037,110.7200012,109.8099976,110.5599976,2939,USD,,,,,,us_open,first_30m_after_us_open,Yahoo 5m history truncated by provider lookback window,,,,,,,,
2026-05-05 16:30:00+00:00,2026-05-05 22:00:00,2026-05-05 00:00:00,Brent Crude Futures,ICE,60m,1m,1,110.6699982,110.6999969,109.9199982,109.9499969,2626,USD,,,,,,us_open,,Yahoo 1m history truncated by provider lookback window,,,,,,,,
2026-05-05 17:30:00+00:00,2026-05-05 23:00:00,2026-05-05 00:00:00,Brent Crude Futures,ICE,60m,1m,1,109.8199997,110.3499985,109.6200027,109.75,4788,USD,,,,,,us_late,us_late_reversal_window,Yahoo 1m history truncated by provider lookback window,,,,,,,,
2026-05-05 18:30:00+00:00,2026-05-06 00:00:00,2026-05-05 00:00:00,Brent Crude Futures,ICE,60m,5m,5,109.7600021,109.9700012,109.5999985,109.9400024,1365,USD,,,,,,us_late,final_hour_of_session_if_identifiable,Yahoo 5m history truncated by provider lookback window,,,,,,,,
2026-05-05 19:30:00+00:00,2026-05-06 01:00:00,2026-05-05 00:00:00,Brent Crude Futures,ICE,60m,5m,5,109.9400024,110.3499985,109.9400024,110.3300018,649,USD,,,,,,us_late,,Yahoo 5m history truncated by provider lookback window,,,,,,,,
2026-05-05 20:30:00+00:00,2026-05-06 02:00:00,2026-05-05 00:00:00,Brent Crude Futures,ICE,60m,1m,1,110.4100037,110.5800018,110.2200012,110.5,339,USD,,,,,,other_valid_hours,,Yahoo 1m history truncated by provider lookback window | Partial 1m coverage used for 60m bucket because no fuller finer bucket was available,,,,,,,,
2026-05-05 22:00:00+00:00,2026-05-06 03:00:00,2026-05-06 00:00:00,Brent Crude Futures,ICE,60m,60m,60,110.4499969,110.4499969,106.6999969,108.5599976,0,USD,,,,,,other_valid_hours,,Yahoo 60m history truncated by provider lookback window,,,,,,,,
2026-05-05 22:30:00+00:00,2026-05-06 04:00:00,2026-05-06 00:00:00,Brent Crude Futures,ICE,60m,15m,15,110.2300034,110.2600021,106.6999969,107.8399963,1128,USD,,,,,,asia_early,,Yahoo 15m history truncated by provider lookback window,,,,,,,,
2026-05-05 23:30:00+00:00,2026-05-06 05:00:00,2026-05-06 00:00:00,Brent Crude Futures,ICE,60m,5m,5,107.9000015,108.9800034,107.1999969,108.9000015,2316,USD,,,,,,asia_early,,Yahoo 5m history truncated by provider lookback window,,,,,,,,
2026-05-06 00:30:00+00:00,2026-05-06 06:00:00,2026-05-06 00:00:00,Brent Crude Futures,ICE,60m,5m,5,108.9599991,108.9599991,107.9300003,108.4499969,486,USD,,,,,,asia_early,,Yahoo 5m history truncated by provider lookback window,,,,,,,,
2026-05-06 01:30:00+00:00,2026-05-06 07:00:00,2026-05-06 00:00:00,Brent Crude Futures,ICE,60m,5m,5,108.4100037,108.4400024,107.5699997,108.0599976,256,USD,,,,,,asia_early,,Yahoo 5m history truncated by provider lookback window,,,,,,,,
2026-05-06 02:30:00+00:00,2026-05-06 08:00:00,2026-05-06 00:00:00,Brent Crude Futures,ICE,60m,5m,5,108.1100006,108.4300003,107.9300003,108.3799973,114,USD,,,,,,asia_early,,Yahoo 5m history truncated by provider lookback window,,,,,,,,
2026-05-06 03:30:00+00:00,2026-05-06 09:00:00,2026-05-06 00:00:00,Brent Crude Futures,ICE,60m,15m,15,108.3899994,108.3899994,107.9300003,107.9300003,182,USD,,,,,,other_valid_hours,,Yahoo 15m history truncated by provider lookback window,,,,,,,,
2026-05-06 04:30:00+00:00,2026-05-06 10:00:00,2026-05-06 00:00:00,Brent Crude Futures,ICE,60m,15m,15,107.9300003,109.0,107.7799988,108.5400009,176,USD,,,,,,other_valid_hours,,Yahoo 15m history truncated by provider lookback window,,,,,,,,
2026-05-06 05:30:00+00:00,2026-05-06 11:00:00,2026-05-06 00:00:00,Brent Crude Futures,ICE,60m,5m,5,108.5299988,108.6999969,107.3399963,108.0199966,619,USD,,,,,,other_valid_hours,,Yahoo 5m history truncated by provider lookback window,,,,,,,,
2026-05-06 06:30:00+00:00,2026-05-06 12:00:00,2026-05-06 00:00:00,Brent Crude Futures,ICE,60m,5m,5,108.0,108.7600021,107.8399963,107.9199982,891,USD,,,,,,other_valid_hours,,Yahoo 5m history truncated by provider lookback window,,,,,,,,
2026-05-06 07:30:00+00:00,2026-05-06 13:00:00,2026-05-06 00:00:00,Brent Crude Futures,ICE,60m,5m,5,107.9400024,108.3199997,105.4700012,106.8199997,3005,USD,,,,,,other_valid_hours,,Yahoo 5m history truncated by provider lookback window,,,,,,,,
2026-05-06 08:30:00+00:00,2026-05-06 14:00:00,2026-05-06 00:00:00,Brent Crude Futures,ICE,60m,1m,1,106.8199997,106.9199982,102.2099991,103.1800003,6980,USD,,,,,,other_valid_hours,,Yahoo 1m history truncated by provider lookback window,,,,,,,,
2026-05-06 09:30:00+00:00,2026-05-06 15:00:00,2026-05-06 00:00:00,Brent Crude Futures,ICE,60m,1m,1,103.1800003,103.3499985,100.3099976,101.1800003,3767,USD,,,,,,other_valid_hours,,Yahoo 1m history truncated by provider lookback window,,,,,,,,
2026-05-06 10:30:00+00:00,2026-05-06 16:00:00,2026-05-06 00:00:00,Brent Crude Futures,ICE,60m,1m,1,101.1299973,101.1299973,96.73000336,98.11000061,7114,USD,,,,,,europe_open,first_hour_after_europe_open,Yahoo 1m history truncated by provider lookback window,,,,,,,,
2026-05-06 11:30:00+00:00,2026-05-06 17:00:00,2026-05-06 00:00:00,Brent Crude Futures,ICE,60m,1m,1,98.08000183,104.1399994,97.84999847,102.2099991,7684,USD,,,,,,europe_open,,Yahoo 1m history truncated by provider lookback window,,,,,,,,
2026-05-06 12:30:00+00:00,2026-05-06 18:00:00,2026-05-06 00:00:00,Brent Crude Futures,ICE,60m,1m,1,102.2099991,104.0899963,102.1600037,103.2600021,4260,USD,,,,,,europe_mid,,Yahoo 1m history truncated by provider lookback window,,,,,,,,
2026-05-06 13:30:00+00:00,2026-05-06 19:00:00,2026-05-06 00:00:00,Brent Crude Futures,ICE,60m,1m,1,103.2799988,103.6600037,101.6399994,102.2799988,4204,USD,,,,,,europe_mid,,Yahoo 1m history truncated by provider lookback window,,,,,,,,
2026-05-06 14:30:00+00:00,2026-05-06 20:00:00,2026-05-06 00:00:00,Brent Crude Futures,ICE,60m,1m,1,102.3300018,102.8000031,101.2300034,101.6600037,4048,USD,,,,,,us_pre_open,,Yahoo 1m history truncated by provider lookback window,,,,,,,,
2026-05-06 15:30:00+00:00,2026-05-06 21:00:00,2026-05-06 00:00:00,Brent Crude Futures,ICE,60m,1m,1,101.7200012,102.5699997,101.4100037,101.7900009,2812,USD,,,,,,us_open,first_30m_after_us_open,Yahoo 1m history truncated by provider lookback window,,,,,,,,
2026-05-06 16:30:00+00:00,2026-05-06 22:00:00,2026-05-06 00:00:00,Brent Crude Futures,ICE,60m,1m,1,101.7600021,102.9000015,101.3199997,101.8300018,1755,USD,,,,,,us_open,,Yahoo 1m history truncated by provider lookback window,,,,,,,,
2026-05-06 17:30:00+00:00,2026-05-06 23:00:00,2026-05-06 00:00:00,Brent Crude Futures,ICE,60m,1m,1,101.7300034,101.9400024,100.6100006,101.3399963,3882,USD,,,,,,us_late,us_late_reversal_window,Yahoo 1m history truncated by provider lookback window,,,,,,,,
2026-05-06 18:30:00+00:00,2026-05-07 00:00:00,2026-05-06 00:00:00,Brent Crude Futures,ICE,60m,5m,5,101.3899994,101.3899994,100.8899994,101.2300034,1445,USD,,,,,,us_late,final_hour_of_session_if_identifiable,Yahoo 5m history truncated by provider lookback window,,,,,,,,
2026-05-06 19:30:00+00:00,2026-05-07 01:00:00,2026-05-06 00:00:00,Brent Crude Futures,ICE,60m,5m,5,101.2900009,101.7099991,101.0800018,101.6500015,1143,USD,,,,,,us_late,,Yahoo 5m history truncated by provider lookback window,,,,,,,,
2026-05-06 20:31:00+00:00,2026-05-07 02:00:00,2026-05-06 00:00:00,Brent Crude Futures,ICE,60m,1m,1,101.4800034,102.25,101.4800034,101.9599991,576,USD,,,,,,other_valid_hours,,Yahoo 1m history truncated by provider lookback window | Partial 1m coverage used for 60m bucket because no fuller finer bucket was available,,,,,,,,
2026-05-06 22:00:00+00:00,2026-05-07 03:00:00,2026-05-07 00:00:00,Brent Crude Futures,ICE,60m,60m,60,101.5299988,102.0500031,101.5299988,101.8799973,0,USD,,,,,,other_valid_hours,,Yahoo 60m history truncated by provider lookback window,,,,,,,,
2026-05-06 22:30:00+00:00,2026-05-07 04:00:00,2026-05-07 00:00:00,Brent Crude Futures,ICE,60m,5m,5,101.8499985,102.0500031,101.7300034,101.9199982,90,USD,,,,,,asia_early,,Yahoo 5m history truncated by provider lookback window,,,,,,,,
2026-05-06 23:30:00+00:00,2026-05-07 05:00:00,2026-05-07 00:00:00,Brent Crude Futures,ICE,60m,15m,15,101.9000015,102.5400009,101.7699966,102.0800018,222,USD,,,,,,asia_early,,Yahoo 15m history truncated by provider lookback window,,,,,,,,
2026-05-07 00:30:00+00:00,2026-05-07 06:00:00,2026-05-07 00:00:00,Brent Crude Futures,ICE,60m,5m,5,102.1800003,102.4400024,101.7099991,101.8199997,517,USD,,,,,,asia_early,,Yahoo 5m history truncated by provider lookback window,,,,,,,,
2026-05-07 01:30:00+00:00,2026-05-07 07:00:00,2026-05-07 00:00:00,Brent Crude Futures,ICE,60m,5m,5,101.8000031,102.0100021,101.1500015,101.7200012,313,USD,,,,,,asia_early,,Yahoo 5m history truncated by provider lookback window,,,,,,,,
2026-05-07 02:30:00+00:00,2026-05-07 08:00:00,2026-05-07 00:00:00,Brent Crude Futures,ICE,60m,5m,5,101.7200012,102.1200027,101.6800003,102.1200027,120,USD,,,,,,asia_early,,Yahoo 5m history truncated by provider lookback window,,,,,,,,
2026-05-07 03:30:00+00:00,2026-05-07 09:00:00,2026-05-07 00:00:00,Brent Crude Futures,ICE,60m,15m,15,102.1900024,102.1900024,101.6999969,101.9199982,154,USD,,,,,,other_valid_hours,,Yahoo 15m history truncated by provider lookback window,,,,,,,,
2026-05-07 04:30:00+00:00,2026-05-07 10:00:00,2026-05-07 00:00:00,Brent Crude Futures,ICE,60m,15m,15,101.9400024,101.9800034,101.6699982,101.8700027,145,USD,,,,,,other_valid_hours,,Yahoo 15m history truncated by provider lookback window,,,,,,,,
2026-05-07 05:30:00+00:00,2026-05-07 11:00:00,2026-05-07 00:00:00,Brent Crude Futures,ICE,60m,15m,15,101.8600006,101.8700027,101.2900009,101.8000031,446,USD,,,,,,other_valid_hours,,Yahoo 15m history truncated by provider lookback window,,,,,,,,
2026-05-07 06:30:00+00:00,2026-05-07 12:00:00,2026-05-07 00:00:00,Brent Crude Futures,ICE,60m,5m,5,101.2699966,101.5699997,97.47000122,98.80000305,3884,USD,,,,,,other_valid_hours,,Yahoo 5m history truncated by provider lookback window,,,,,,,,
2026-05-07 07:30:00+00:00,2026-05-07 13:00:00,2026-05-07 00:00:00,Brent Crude Futures,ICE,60m,1m,1,98.84999847,100.8600006,98.69999695,100.0899963,2701,USD,,,,,,other_valid_hours,,Yahoo 1m history truncated by provider lookback window,,,,,,,,
2026-05-07 08:30:00+00:00,2026-05-07 14:00:00,2026-05-07 00:00:00,Brent Crude Futures,ICE,60m,5m,5,100.0899963,100.1399994,98.69999695,98.72000122,1532,USD,,,,,,other_valid_hours,,Yahoo 5m history truncated by provider lookback window,,,,,,,,
2026-05-07 09:30:00+00:00,2026-05-07 15:00:00,2026-05-07 00:00:00,Brent Crude Futures,ICE,60m,5m,5,98.68000031,99.25,98.23999786,98.83999634,1309,USD,,,,,,other_valid_hours,,Yahoo 5m history truncated by provider lookback window,,,,,,,,
2026-05-07 10:30:00+00:00,2026-05-07 16:00:00,2026-05-07 00:00:00,Brent Crude Futures,ICE,60m,1m,1,98.88999939,99.48999786,97.80000305,97.91000366,1456,USD,,,,,,europe_open,first_hour_after_europe_open,Yahoo 1m history truncated by provider lookback window,,,,,,,,
2026-05-07 11:30:00+00:00,2026-05-07 17:00:00,2026-05-07 00:00:00,Brent Crude Futures,ICE,60m,1m,1,97.95999908,98.26999664,96.84999847,96.91999817,3007,USD,,,,,,europe_open,,Yahoo 1m history truncated by provider lookback window,,,,,,,,
2026-05-07 12:30:00+00:00,2026-05-07 18:00:00,2026-05-07 00:00:00,Brent Crude Futures,ICE,60m,1m,1,96.94000244,97.98000336,96.06999969,97.43000031,4153,USD,,,,,,europe_mid,,Yahoo 1m history truncated by provider lookback window,,,,,,,,
2026-05-07 13:30:00+00:00,2026-05-07 19:00:00,2026-05-07 00:00:00,Brent Crude Futures,ICE,60m,1m,1,97.44999695,98.56999969,96.31999969,97.01000214,4986,USD,,,,,,europe_mid,,Yahoo 1m history truncated by provider lookback window,,,,,,,,
2026-05-07 14:30:00+00:00,2026-05-07 20:00:00,2026-05-07 00:00:00,Brent Crude Futures,ICE,60m,1m,1,97.02999878,98.84999847,96.93000031,98.25,3594,USD,,,,,,us_pre_open,,Yahoo 1m history truncated by provider lookback window,,,,,,,,
2026-05-07 15:30:00+00:00,2026-05-07 21:00:00,2026-05-07 00:00:00,Brent Crude Futures,ICE,60m,1m,1,98.26999664,100.7200012,97.87999725,99.97000122,6006,USD,,,,,,us_open,first_30m_after_us_open,Yahoo 1m history truncated by provider lookback window,,,,,,,,
2026-05-07 16:30:00+00:00,2026-05-07 22:00:00,2026-05-07 00:00:00,Brent Crude Futures,ICE,60m,1m,1,100.0100021,102.5400009,99.87999725,102.1500015,7605,USD,,,,,,us_open,,Yahoo 1m history truncated by provider lookback window,,,,,,,,
2026-05-07 17:30:00+00:00,2026-05-07 23:00:00,2026-05-07 00:00:00,Brent Crude Futures,ICE,60m,1m,1,102.0299988,102.3199997,99.94000244,100.0100021,6317,USD,,,,,,us_late,us_late_reversal_window,Yahoo 1m history truncated by provider lookback window,,,,,,,,
2026-05-07 18:30:00+00:00,2026-05-08 00:00:00,2026-05-07 00:00:00,Brent Crude Futures,ICE,60m,1m,1,100.0199966,102.8199997,99.98999786,102.4400024,5626,USD,,,,,,us_late,final_hour_of_session_if_identifiable,Yahoo 1m history truncated by provider lookback window,,,,,,,,
2026-05-07 19:30:00+00:00,2026-05-08 01:00:00,2026-05-07 00:00:00,Brent Crude Futures,ICE,60m,5m,5,102.4199982,102.8199997,100.0500031,101.2099991,4472,USD,,,,,,us_late,,Yahoo 5m history truncated by provider lookback window,,,,,,,,
2026-05-07 20:30:00+00:00,2026-05-08 02:00:00,2026-05-07 00:00:00,Brent Crude Futures,ICE,60m,1m,1,101.2699966,103.4100037,101.0800018,103.1100006,1533,USD,,,,,,other_valid_hours,,Yahoo 1m history truncated by provider lookback window | Partial 1m coverage used for 60m bucket because no fuller finer bucket was available,,,,,,,,
2026-05-07 22:00:00+00:00,2026-05-08 03:00:00,2026-05-08 00:00:00,Brent Crude Futures,ICE,60m,60m,60,103.5599976,103.9599991,101.7600021,102.6299973,0,USD,,,,,,other_valid_hours,,Yahoo 60m history truncated by provider lookback window,,,,,,,,
2026-05-07 22:30:00+00:00,2026-05-08 04:00:00,2026-05-08 00:00:00,Brent Crude Futures,ICE,60m,5m,5,102.3199997,103.0999985,102.2099991,102.2099991,364,USD,,,,,,asia_early,,Yahoo 5m history truncated by provider lookback window,,,,,,,,
2026-05-07 23:30:00+00:00,2026-05-08 05:00:00,2026-05-08 00:00:00,Brent Crude Futures,ICE,60m,5m,5,102.2099991,102.9000015,101.9499969,102.6999969,272,USD,,,,,,asia_early,,Yahoo 5m history truncated by provider lookback window,,,,,,,,
2026-05-08 00:30:00+00:00,2026-05-08 06:00:00,2026-05-08 00:00:00,Brent Crude Futures,ICE,60m,15m,15,102.7300034,102.7300034,101.0199966,101.3799973,373,USD,,,,,,asia_early,,Yahoo 15m history truncated by provider lookback window,,,,,,,,
2026-05-08 01:30:00+00:00,2026-05-08 07:00:00,2026-05-08 00:00:00,Brent Crude Futures,ICE,60m,5m,5,101.3899994,101.6100006,101.3600006,101.5500031,219,USD,,,,,,asia_early,,Yahoo 5m history truncated by provider lookback window,,,,,,,,
2026-05-08 02:30:00+00:00,2026-05-08 08:00:00,2026-05-08 00:00:00,Brent Crude Futures,ICE,60m,15m,15,101.5500031,101.8899994,100.7600021,101.2099991,375,USD,,,,,,asia_early,,Yahoo 15m history truncated by provider lookback window,,,,,,,,
2026-05-08 03:30:00+00:00,2026-05-08 09:00:00,2026-05-08 00:00:00,Brent Crude Futures,ICE,60m,15m,15,101.2600021,101.8799973,101.0500031,101.75,156,USD,,,,,,other_valid_hours,,Yahoo 15m history truncated by provider lookback window,,,,,,,,
2026-05-08 04:30:00+00:00,2026-05-08 10:00:00,2026-05-08 00:00:00,Brent Crude Futures,ICE,60m,5m,5,101.6200027,101.8399963,100.9300003,101.3300018,126,USD,,,,,,other_valid_hours,,Yahoo 5m history truncated by provider lookback window,,,,,,,,
2026-05-08 05:30:00+00:00,2026-05-08 11:00:00,2026-05-08 00:00:00,Brent Crude Futures,ICE,60m,5m,5,101.3000031,101.3399963,99.69999695,100.1200027,513,USD,,,,,,other_valid_hours,,Yahoo 5m history truncated by provider lookback window,,,,,,,,
2026-05-08 06:30:00+00:00,2026-05-08 12:00:00,2026-05-08 00:00:00,Brent Crude Futures,ICE,60m,5m,5,100.0999985,101.5199966,100.0599976,101.1999969,775,USD,,,,,,other_valid_hours,,Yahoo 5m history truncated by provider lookback window,,,,,,,,
2026-05-08 07:30:00+00:00,2026-05-08 13:00:00,2026-05-08 00:00:00,Brent Crude Futures,ICE,60m,5m,5,101.1699982,101.3899994,100.1500015,100.2300034,1945,USD,,,,,,other_valid_hours,,Yahoo 5m history truncated by provider lookback window,,,,,,,,
2026-05-08 08:30:00+00:00,2026-05-08 14:00:00,2026-05-08 00:00:00,Brent Crude Futures,ICE,60m,5m,5,100.2399979,100.5400009,99.54000092,99.62999725,1811,USD,,,,,,other_valid_hours,,Yahoo 5m history truncated by provider lookback window,,,,,,,,
2026-05-08 09:30:00+00:00,2026-05-08 15:00:00,2026-05-08 00:00:00,Brent Crude Futures,ICE,60m,5m,5,99.70999908,100.9700012,99.63999939,100.0500031,1006,USD,,,,,,other_valid_hours,,Yahoo 5m history truncated by provider lookback window,,,,,,,,
2026-05-08 10:30:00+00:00,2026-05-08 16:00:00,2026-05-08 00:00:00,Brent Crude Futures,ICE,60m,5m,5,100.0699997,100.7200012,99.87999725,100.3899994,975,USD,,,,,,europe_open,first_hour_after_europe_open,Yahoo 5m history truncated by provider lookback window,,,,,,,,
2026-05-08 11:30:00+00:00,2026-05-08 17:00:00,2026-05-08 00:00:00,Brent Crude Futures,ICE,60m,5m,5,100.5,100.9499969,100.1399994,100.3700027,1090,USD,,,,,,europe_open,,Yahoo 5m history truncated by provider lookback window,,,,,,,,
2026-05-08 12:30:00+00:00,2026-05-08 18:00:00,2026-05-08 00:00:00,Brent Crude Futures,ICE,60m,5m,5,100.3899994,100.8399963,99.62000275,99.86000061,3294,USD,,,,,,europe_mid,,Yahoo 5m history truncated by provider lookback window,,,,,,,,
2026-05-08 13:30:00+00:00,2026-05-08 19:00:00,2026-05-08 00:00:00,Brent Crude Futures,ICE,60m,5m,5,99.83000183,101.4700012,99.63999939,101.4700012,2898,USD,,,,,,europe_mid,,Yahoo 5m history truncated by provider lookback window,,,,,,,,
2026-05-08 14:30:00+00:00,2026-05-08 20:00:00,2026-05-08 00:00:00,Brent Crude Futures,ICE,60m,1m,1,101.4400024,102.2600021,100.9000015,101.6299973,4669,USD,,,,,,us_pre_open,,Yahoo 1m history truncated by provider lookback window,,,,,,,,
2026-05-08 15:30:00+00:00,2026-05-08 21:00:00,2026-05-08 00:00:00,Brent Crude Futures,ICE,60m,1m,1,101.6900024,102.1299973,101.1699982,101.3000031,3501,USD,,,,,,us_open,first_30m_after_us_open,Yahoo 1m history truncated by provider lookback window,,,,,,,,
2026-05-08 16:30:00+00:00,2026-05-08 22:00:00,2026-05-08 00:00:00,Brent Crude Futures,ICE,60m,5m,5,101.2600021,101.7099991,100.8799973,100.9800034,1526,USD,,,,,,us_open,,Yahoo 5m history truncated by provider lookback window,,,,,,,,
2026-05-08 17:30:00+00:00,2026-05-08 23:00:00,2026-05-08 00:00:00,Brent Crude Futures,ICE,60m,5m,5,101.0500031,101.4400024,100.2799988,101.2799988,3620,USD,,,,,,us_late,us_late_reversal_window,Yahoo 5m history truncated by provider lookback window,,,,,,,,
2026-05-10 22:00:00+00:00,2026-05-11 03:00:00,2026-05-11 00:00:00,Brent Crude Futures,ICE,60m,60m,60,104.0800018310547,104.5699996948242,103.7799987792969,104.5100021362305,358,USD,,,,,,other_valid_hours,,Yahoo 60m history truncated by provider lookback window | Missing FX for INR conversion,,,,,,,,
2026-05-10 22:30:00+00:00,2026-05-11 04:00:00,2026-05-11 00:00:00,Brent Crude Futures,ICE,60m,5m,5,103.879997253418,104.5699996948242,103.8499984741211,104.5100021362305,307,USD,,,,,,global_reopen_pre_mcx,,Yahoo 5m history truncated by provider lookback window | Missing FX for INR conversion,,,,,,,,
2026-05-10 23:30:00+00:00,2026-05-11 05:00:00,2026-05-11 00:00:00,Brent Crude Futures,ICE,60m,5m,5,104.5,104.9899978637695,104.3600006103516,104.5500030517578,502,USD,,,,,,global_reopen_pre_mcx,,Yahoo 5m history truncated by provider lookback window | Missing FX for INR conversion,,,,,,,,
2026-05-11 00:30:00+00:00,2026-05-11 06:00:00,2026-05-11 00:00:00,Brent Crude Futures,ICE,60m,5m,5,104.5800018310547,105.5100021362305,104.4400024414062,104.6699981689453,669,USD,,,,,,global_reopen_pre_mcx,,Yahoo 5m history truncated by provider lookback window | Missing FX for INR conversion,,,,,,,,
2026-05-11 01:30:00+00:00,2026-05-11 07:00:00,2026-05-11 00:00:00,Brent Crude Futures,ICE,60m,5m,5,104.7300033569336,105.0999984741211,104.4700012207031,104.7200012207031,300,USD,,,,,,global_reopen_pre_mcx,,Yahoo 5m history truncated by provider lookback window | Missing FX for INR conversion,,,,,,,,
2026-05-11 02:30:00+00:00,2026-05-11 08:00:00,2026-05-11 00:00:00,Brent Crude Futures,ICE,60m,5m,5,104.6699981689453,105.7799987792969,104.6699981689453,105.5299987792969,435,USD,,,,,,global_reopen_pre_mcx,,Yahoo 5m history truncated by provider lookback window | Missing FX for INR conversion,,,,,,,,
2026-05-11 03:30:00+00:00,2026-05-11 09:00:00,2026-05-11 00:00:00,Brent Crude Futures,ICE,60m,15m,15,105.4700012207031,105.8899993896484,105.4000015258789,105.6999969482422,163,USD,,,,,,mcx_open_drive,first_15m_after_mcx_open,Yahoo 15m history truncated by provider lookback window | Missing FX for INR conversion,,,,,,,,
2026-05-11 04:30:00+00:00,2026-05-11 10:00:00,2026-05-11 00:00:00,Brent Crude Futures,ICE,60m,15m,15,105.7399978637695,106.0,105.4000015258789,105.5599975585938,213,USD,,,,,,mcx_open_drive,,Yahoo 15m history truncated by provider lookback window | Missing FX for INR conversion,,,,,,,,
2026-05-11 05:30:00+00:00,2026-05-11 11:00:00,2026-05-11 00:00:00,Brent Crude Futures,ICE,60m,5m,5,105.5500030517578,105.6800003051758,105.2300033569336,105.3399963378906,306,USD,,,,,,india_morning,,Yahoo 5m history truncated by provider lookback window | Missing FX for INR conversion,,,,,,,,
2026-05-11 06:30:00+00:00,2026-05-11 12:00:00,2026-05-11 00:00:00,Brent Crude Futures,ICE,60m,5m,5,105.2900009155273,105.3000030517578,104.3499984741211,104.870002746582,872,USD,,,,,,india_morning,,Yahoo 5m history truncated by provider lookback window | Missing FX for INR conversion,,,,,,,,
2026-05-11 07:30:00+00:00,2026-05-11 13:00:00,2026-05-11 00:00:00,Brent Crude Futures,ICE,60m,5m,5,104.8899993896484,104.9599990844727,103.1999969482422,103.9100036621094,1990,USD,,,,,,india_midday,,Yahoo 5m history truncated by provider lookback window | Missing FX for INR conversion,,,,,,,,
2026-05-11 08:30:00+00:00,2026-05-11 14:00:00,2026-05-11 00:00:00,Brent Crude Futures,ICE,60m,5m,5,103.870002746582,104.2300033569336,103.7099990844727,103.879997253418,1195,USD,,,,,,india_midday,,Yahoo 5m history truncated by provider lookback window | Missing FX for INR conversion,,,,,,,,
2026-05-11 09:30:00+00:00,2026-05-11 15:00:00,2026-05-11 00:00:00,Brent Crude Futures,ICE,60m,5m,5,103.879997253418,104.120002746582,103.3099975585938,103.6600036621094,702,USD,,,,,,india_midday,,Yahoo 5m history truncated by provider lookback window | Missing FX for INR conversion,,,,,,,,
2026-05-11 10:30:00+00:00,2026-05-11 16:00:00,2026-05-11 00:00:00,Brent Crude Futures,ICE,60m,5m,5,103.6500015258789,104.0800018310547,103.4700012207031,103.9700012207031,454,USD,,,,,,europe_open,first_hour_after_europe_open,Yahoo 5m history truncated by provider lookback window | Missing FX for INR conversion,,,,,,,,
2026-05-11 11:30:00+00:00,2026-05-11 17:00:00,2026-05-11 00:00:00,Brent Crude Futures,ICE,60m,5m,5,103.9899978637695,104.5,103.629997253418,103.629997253418,1009,USD,,,,,,europe_open,,Yahoo 5m history truncated by provider lookback window | Missing FX for INR conversion,,,,,,,,
2026-05-11 12:30:00+00:00,2026-05-11 18:00:00,2026-05-11 00:00:00,Brent Crude Futures,ICE,60m,1m,1,103.7300033569336,104.6900024414062,102.8499984741211,103.2200012207031,3514,USD,,,,,,europe_mid,,Yahoo 1m history truncated by provider lookback window | Missing FX for INR conversion,,,,,,,,
2026-05-11 13:30:00+00:00,2026-05-11 19:00:00,2026-05-11 00:00:00,Brent Crude Futures,ICE,60m,5m,5,103.1600036621094,103.6699981689453,102.8199996948242,103.6399993896484,2675,USD,,,,,,europe_mid,,Yahoo 5m history truncated by provider lookback window | Missing FX for INR conversion,,,,,,,,
2026-05-11 14:30:00+00:00,2026-05-11 20:00:00,2026-05-11 00:00:00,Brent Crude Futures,ICE,60m,1m,1,103.6900024414062,104.2300033569336,103.4400024414062,103.620002746582,3001,USD,,,,,,us_pre_open,,Yahoo 1m history truncated by provider lookback window | Missing FX for INR conversion,,,,,,,,
2026-05-11 15:30:00+00:00,2026-05-11 21:00:00,2026-05-11 00:00:00,Brent Crude Futures,ICE,60m,1m,1,103.629997253418,104.8600006103516,103.4499969482422,104.6999969482422,1979,USD,,,,,,us_open,first_30m_after_us_open,Yahoo 1m history truncated by provider lookback window | Missing FX for INR conversion,,,,,,,,
2026-05-11 16:30:00+00:00,2026-05-11 22:00:00,2026-05-11 00:00:00,Brent Crude Futures,ICE,60m,5m,5,104.7300033569336,105.629997253418,104.3899993896484,104.4300003051758,2379,USD,,,,,,us_open,,Yahoo 5m history truncated by provider lookback window | Missing FX for INR conversion,,,,,,,,
2026-05-11 17:30:00+00:00,2026-05-11 23:00:00,2026-05-11 00:00:00,Brent Crude Futures,ICE,60m,1m,1,104.4499969482422,105.0500030517578,103.879997253418,104.1999969482422,4025,USD,,,,,,mcx_tail,final_hour_before_mcx_close,Yahoo 1m history truncated by provider lookback window | Missing FX for INR conversion,,,,,,,,
2026-05-11 18:30:00+00:00,2026-05-12 00:00:00,2026-05-11 00:00:00,Brent Crude Futures,ICE,60m,5m,5,104.2099990844727,104.3499984741211,104.0699996948242,104.25,465,USD,,,,,,other_valid_hours,,Yahoo 5m history truncated by provider lookback window | Missing FX for INR conversion,,,,,,,,
2026-05-11 19:30:00+00:00,2026-05-12 01:00:00,2026-05-11 00:00:00,Brent Crude Futures,ICE,60m,5m,5,104.2600021362305,104.9199981689453,104.0699996948242,104.3399963378906,1187,USD,,,,,,other_valid_hours,,Yahoo 5m history truncated by provider lookback window | Missing FX for INR conversion,,,,,,,,
2026-05-11 20:30:00+00:00,2026-05-12 02:00:00,2026-05-11 00:00:00,Brent Crude Futures,ICE,60m,1m,1,104.2200012207031,104.4599990844727,104.2200012207031,104.4199981689453,274,USD,,,,,,other_valid_hours,,Yahoo 1m history truncated by provider lookback window | Missing FX for INR conversion | Partial 1m coverage used for 60m bucket because no fuller finer bucket was available,,,,,,,,
2026-05-11 22:00:00+00:00,2026-05-12 03:00:00,2026-05-12 00:00:00,Brent Crude Futures,ICE,60m,60m,60,104.5,104.5,104.1100006103516,104.3399963378906,0,USD,,,,,,other_valid_hours,,Yahoo 60m history truncated by provider lookback window | Missing FX for INR conversion,,,,,,,,
2026-05-11 23:00:00+00:00,2026-05-12 04:00:00,2026-05-12 00:00:00,Brent Crude Futures,ICE,60m,60m,60,104.3300018310547,104.370002746582,104.1399993896484,104.1600036621094,30,USD,,,,,,global_reopen_pre_mcx,,Yahoo 60m history truncated by provider lookback window | Missing FX for INR conversion,,,,,,,,
2026-05-11 23:30:00+00:00,2026-05-12 05:00:00,2026-05-12 00:00:00,Brent Crude Futures,ICE,60m,15m,15,104.2799987792969,104.7699966430664,104.1399993896484,104.6900024414062,142,USD,,,,,,global_reopen_pre_mcx,,Yahoo 15m history truncated by provider lookback window | Missing FX for INR conversion,,,,,,,,
2026-05-12 00:30:00+00:00,2026-05-12 06:00:00,2026-05-12 00:00:00,Brent Crude Futures,ICE,60m,5m,5,104.6999969482422,105.0599975585938,104.4899978637695,104.9700012207031,265,USD,,,,,,global_reopen_pre_mcx,,Yahoo 5m history truncated by provider lookback window | Missing FX for INR conversion,,,,,,,,
2026-05-12 01:30:00+00:00,2026-05-12 07:00:00,2026-05-12 00:00:00,Brent Crude Futures,ICE,60m,5m,5,104.9800033569336,105.3300018310547,104.9000015258789,105.1600036621094,251,USD,,,,,,global_reopen_pre_mcx,,Yahoo 5m history truncated by provider lookback window | Missing FX for INR conversion,,,,,,,,
2026-05-12 02:30:00+00:00,2026-05-12 08:00:00,2026-05-12 00:00:00,Brent Crude Futures,ICE,60m,15m,15,105.2200012207031,105.3099975585938,105.0299987792969,105.1100006103516,96,USD,,,,,,global_reopen_pre_mcx,,Yahoo 15m history truncated by provider lookback window | Missing FX for INR conversion,,,,,,,,
2026-05-12 03:30:00+00:00,2026-05-12 09:00:00,2026-05-12 00:00:00,Brent Crude Futures,ICE,60m,15m,15,105.0999984741211,105.1800003051758,104.6699981689453,104.9100036621094,230,USD,,,,,,mcx_open_drive,first_15m_after_mcx_open,Yahoo 15m history truncated by provider lookback window | Missing FX for INR conversion,,,,,,,,
2026-05-12 04:30:00+00:00,2026-05-12 10:00:00,2026-05-12 00:00:00,Brent Crude Futures,ICE,60m,5m,5,104.9199981689453,104.9700012207031,104.6999969482422,104.8300018310547,222,USD,,,,,,mcx_open_drive,,Yahoo 5m history truncated by provider lookback window | Missing FX for INR conversion,,,,,,,,
2026-05-12 05:30:00+00:00,2026-05-12 11:00:00,2026-05-12 00:00:00,Brent Crude Futures,ICE,60m,5m,5,104.8399963378906,105.620002746582,104.7799987792969,105.370002746582,501,USD,,,,,,india_morning,,Yahoo 5m history truncated by provider lookback window | Missing FX for INR conversion,,,,,,,,
2026-05-12 06:30:00+00:00,2026-05-12 12:00:00,2026-05-12 00:00:00,Brent Crude Futures,ICE,60m,1m,1,105.379997253418,106.5899963378906,105.379997253418,106.1500015258789,1330,USD,,,,,,india_morning,,Yahoo 1m history truncated by provider lookback window | Missing FX for INR conversion,,,,,,,,
2026-05-12 07:30:00+00:00,2026-05-12 13:00:00,2026-05-12 00:00:00,Brent Crude Futures,ICE,60m,5m,5,106.1600036621094,107.2699966430664,106.120002746582,106.9700012207031,1693,USD,,,,,,india_midday,,Yahoo 5m history truncated by provider lookback window | Missing FX for INR conversion,,,,,,,,
2026-05-12 08:30:00+00:00,2026-05-12 14:00:00,2026-05-12 00:00:00,Brent Crude Futures,ICE,60m,5m,5,106.9899978637695,107.5899963378906,106.6500015258789,107.3600006103516,1281,USD,,,,,,india_midday,,Yahoo 5m history truncated by provider lookback window | Missing FX for INR conversion,,,,,,,,
2026-05-12 09:30:00+00:00,2026-05-12 15:00:00,2026-05-12 00:00:00,Brent Crude Futures,ICE,60m,5m,5,107.3099975585938,107.370002746582,106.7900009155273,107.2099990844727,1760,USD,,,,,,india_midday,,Yahoo 5m history truncated by provider lookback window | Missing FX for INR conversion,,,,,,,,
2026-05-12 10:30:00+00:00,2026-05-12 16:00:00,2026-05-12 00:00:00,Brent Crude Futures,ICE,60m,5m,5,107.2300033569336,108.1999969482422,107.2200012207031,107.3899993896484,1510,USD,,,,,,europe_open,first_hour_after_europe_open,Yahoo 5m history truncated by provider lookback window | Missing FX for INR conversion,,,,,,,,
2026-05-12 11:30:00+00:00,2026-05-12 17:00:00,2026-05-12 00:00:00,Brent Crude Futures,ICE,60m,1m,1,107.3399963378906,108.0699996948242,107.2799987792969,107.8899993896484,1650,USD,,,,,,europe_open,,Yahoo 1m history truncated by provider lookback window | Missing FX for INR conversion,,,,,,,,
2026-05-12 12:30:00+00:00,2026-05-12 18:00:00,2026-05-12 00:00:00,Brent Crude Futures,ICE,60m,1m,1,107.8899993896484,108.0,107.0400009155273,107.9599990844727,2781,USD,,,,,,europe_mid,,Yahoo 1m history truncated by provider lookback window | Missing FX for INR conversion,,,,,,,,
2026-05-12 13:30:00+00:00,2026-05-12 19:00:00,2026-05-12 00:00:00,Brent Crude Futures,ICE,60m,1m,1,108.0100021362305,108.3000030517578,107.620002746582,107.9300003051758,2249,USD,,,,,,europe_mid,,Yahoo 1m history truncated by provider lookback window | Missing FX for INR conversion,,,,,,,,
2026-05-12 14:30:00+00:00,2026-05-12 20:00:00,2026-05-12 00:00:00,Brent Crude Futures,ICE,60m,1m,1,107.9400024414062,108.4199981689453,107.4499969482422,108.129997253418,2915,USD,,,,,,us_pre_open,,Yahoo 1m history truncated by provider lookback window | Missing FX for INR conversion,,,,,,,,
2026-05-12 15:30:00+00:00,2026-05-12 21:00:00,2026-05-12 00:00:00,Brent Crude Futures,ICE,60m,1m,1,108.1500015258789,108.1500015258789,107.2900009155273,107.6699981689453,1768,USD,,,,,,us_open,first_30m_after_us_open,Yahoo 1m history truncated by provider lookback window | Missing FX for INR conversion,,,,,,,,
2026-05-12 16:30:00+00:00,2026-05-12 22:00:00,2026-05-12 00:00:00,Brent Crude Futures,ICE,60m,1m,1,107.6999969482422,107.7900009155273,107.1399993896484,107.1699981689453,1724,USD,,,,,,us_open,,Yahoo 1m history truncated by provider lookback window | Missing FX for INR conversion,,,,,,,,
2026-05-12 17:30:00+00:00,2026-05-12 23:00:00,2026-05-12 00:00:00,Brent Crude Futures,ICE,60m,1m,1,107.2200012207031,108.1699981689453,107.1100006103516,107.9300003051758,3881,USD,,,,,,mcx_tail,final_hour_before_mcx_close,Yahoo 1m history truncated by provider lookback window | Missing FX for INR conversion,,,,,,,,
2026-05-12 18:30:00+00:00,2026-05-13 00:00:00,2026-05-12 00:00:00,Brent Crude Futures,ICE,60m,5m,5,107.9199981689453,108.1900024414062,107.6500015258789,107.7399978637695,704,USD,,,,,,other_valid_hours,,Yahoo 5m history truncated by provider lookback window | Missing FX for INR conversion,,,,,,,,
2026-05-12 19:30:00+00:00,2026-05-13 01:00:00,2026-05-12 00:00:00,Brent Crude Futures,ICE,60m,5m,5,107.6999969482422,107.8899993896484,107.620002746582,107.7200012207031,256,USD,,,,,,other_valid_hours,,Yahoo 5m history truncated by provider lookback window | Missing FX for INR conversion,,,,,,,,
2026-05-12 20:30:00+00:00,2026-05-13 02:00:00,2026-05-12 00:00:00,Brent Crude Futures,ICE,60m,1m,1,107.6999969482422,107.7099990844727,107.3199996948242,107.4199981689453,195,USD,,,,,,other_valid_hours,,Yahoo 1m history truncated by provider lookback window | Missing FX for INR conversion | Partial 1m coverage used for 60m bucket because no fuller finer bucket was available,,,,,,,,
2026-05-12 22:00:00+00:00,2026-05-13 03:00:00,2026-05-13 00:00:00,Brent Crude Futures,ICE,60m,60m,60,107.7399978637695,107.8600006103516,107.1999969482422,107.3600006103516,0,USD,,,,,,other_valid_hours,,Yahoo 60m history truncated by provider lookback window | Missing FX for INR conversion,,,,,,,,
2026-05-12 22:30:00+00:00,2026-05-13 04:00:00,2026-05-13 00:00:00,Brent Crude Futures,ICE,60m,15m,15,107.4300003051758,107.4300003051758,107.3000030517578,107.4100036621094,14,USD,,,,,,global_reopen_pre_mcx,,Yahoo 15m history truncated by provider lookback window | Missing FX for INR conversion,,,,,,,,
2026-05-12 23:30:00+00:00,2026-05-13 05:00:00,2026-05-13 00:00:00,Brent Crude Futures,ICE,60m,15m,15,107.3600006103516,107.5,107.0299987792969,107.0400009155273,373,USD,,,,,,global_reopen_pre_mcx,,Yahoo 15m history truncated by provider lookback window | Missing FX for INR conversion,,,,,,,,
2026-05-13 00:30:00+00:00,2026-05-13 06:00:00,2026-05-13 00:00:00,Brent Crude Futures,ICE,60m,5m,5,107.0400009155273,107.2200012207031,106.4000015258789,106.8499984741211,551,USD,,,,,,global_reopen_pre_mcx,,Yahoo 5m history truncated by provider lookback window | Missing FX for INR conversion,,,,,,,,
2026-05-13 01:30:00+00:00,2026-05-13 07:00:00,2026-05-13 00:00:00,Brent Crude Futures,ICE,60m,5m,5,106.9000015258789,107.2099990844727,106.8399963378906,107.0599975585938,150,USD,,,,,,global_reopen_pre_mcx,,Yahoo 5m history truncated by provider lookback window | Missing FX for INR conversion,,,,,,,,
2026-05-13 02:30:00+00:00,2026-05-13 08:00:00,2026-05-13 00:00:00,Brent Crude Futures,ICE,60m,5m,5,107.0599975585938,107.0899963378906,106.2799987792969,106.5999984741211,593,USD,,,,,,global_reopen_pre_mcx,,Yahoo 5m history truncated by provider lookback window | Missing FX for INR conversion,,,,,,,,
2026-05-13 03:30:00+00:00,2026-05-13 09:00:00,2026-05-13 00:00:00,Brent Crude Futures,ICE,60m,15m,15,106.6399993896484,106.6600036621094,106.3399963378906,106.4100036621094,91,USD,,,,,,mcx_open_drive,first_15m_after_mcx_open,Yahoo 15m history truncated by provider lookback window | Missing FX for INR conversion,,,,,,,,
2026-05-13 04:30:00+00:00,2026-05-13 10:00:00,2026-05-13 00:00:00,Brent Crude Futures,ICE,60m,5m,5,106.4599990844727,106.4800033569336,106.1999969482422,106.1999969482422,164,USD,,,,,,mcx_open_drive,,Yahoo 5m history truncated by provider lookback window | Missing FX for INR conversion,,,,,,,,
2026-05-13 05:30:00+00:00,2026-05-13 11:00:00,2026-05-13 00:00:00,Brent Crude Futures,ICE,60m,5m,5,106.25,106.6100006103516,106.129997253418,106.2900009155273,376,USD,,,,,,india_morning,,Yahoo 5m history truncated by provider lookback window | Missing FX for INR conversion,,,,,,,,
2026-05-13 06:30:00+00:00,2026-05-13 12:00:00,2026-05-13 00:00:00,Brent Crude Futures,ICE,60m,5m,5,106.3300018310547,106.8600006103516,106.25,106.3600006103516,537,USD,,,,,,india_morning,,Yahoo 5m history truncated by provider lookback window | Missing FX for INR conversion,,,,,,,,
2026-05-13 07:30:00+00:00,2026-05-13 13:00:00,2026-05-13 00:00:00,Brent Crude Futures,ICE,60m,5m,5,106.379997253418,107.1999969482422,106.3499984741211,106.9100036621094,1208,USD,,,,,,india_midday,,Yahoo 5m history truncated by provider lookback window | Missing FX for INR conversion,,,,,,,,
2026-05-13 08:30:00+00:00,2026-05-13 14:00:00,2026-05-13 00:00:00,Brent Crude Futures,ICE,60m,5m,5,106.9000015258789,107.7600021362305,106.8099975585938,107.2699966430664,1246,USD,,,,,,india_midday,,Yahoo 5m history truncated by provider lookback window | Missing FX for INR conversion,,,,,,,,
2026-05-13 09:30:00+00:00,2026-05-13 15:00:00,2026-05-13 00:00:00,Brent Crude Futures,ICE,60m,5m,5,107.3199996948242,107.8899993896484,107.0699996948242,107.870002746582,618,USD,,,,,,india_midday,,Yahoo 5m history truncated by provider lookback window | Missing FX for INR conversion,,,,,,,,
2026-05-13 10:30:00+00:00,2026-05-13 16:00:00,2026-05-13 00:00:00,Brent Crude Futures,ICE,60m,5m,5,107.8899993896484,108.2399978637695,107.8099975585938,107.9700012207031,949,USD,,,,,,europe_open,first_hour_after_europe_open,Yahoo 5m history truncated by provider lookback window | Missing FX for INR conversion,,,,,,,,
2026-05-13 11:30:00+00:00,2026-05-13 17:00:00,2026-05-13 00:00:00,Brent Crude Futures,ICE,60m,5m,5,107.9700012207031,107.9700012207031,107.2600021362305,107.6600036621094,1001,USD,,,,,,europe_open,,Yahoo 5m history truncated by provider lookback window | Missing FX for INR conversion,,,,,,,,
2026-05-13 12:30:00+00:00,2026-05-13 18:00:00,2026-05-13 00:00:00,Brent Crude Futures,ICE,60m,5m,5,107.6800003051758,108.0699996948242,107.3199996948242,107.5500030517578,1362,USD,,,,,,europe_mid,,Yahoo 5m history truncated by provider lookback window | Missing FX for INR conversion,,,,,,,,
2026-05-13 13:30:00+00:00,2026-05-13 19:00:00,2026-05-13 00:00:00,Brent Crude Futures,ICE,60m,1m,1,107.5500030517578,108.1900024414062,107.1500015258789,108.0599975585938,2989,USD,,,,,,europe_mid,,Yahoo 1m history truncated by provider lookback window | Missing FX for INR conversion,,,,,,,,
2026-05-13 14:30:00+00:00,2026-05-13 20:00:00,2026-05-13 00:00:00,Brent Crude Futures,ICE,60m,1m,1,108.129997253418,108.3099975585938,107.0899963378906,107.129997253418,3359,USD,,,,,,us_pre_open,,Yahoo 1m history truncated by provider lookback window | Missing FX for INR conversion,,,,,,,,
2026-05-13 15:30:00+00:00,2026-05-13 21:00:00,2026-05-13 00:00:00,Brent Crude Futures,ICE,60m,1m,1,107.1399993896484,107.2600021362305,105.620002746582,105.9199981689453,3488,USD,,,,,,us_open,first_30m_after_us_open,Yahoo 1m history truncated by provider lookback window | Missing FX for INR conversion,,,,,,,,
2026-05-13 16:30:00+00:00,2026-05-13 22:00:00,2026-05-13 00:00:00,Brent Crude Futures,ICE,60m,1m,1,106.0,106.4400024414062,105.8300018310547,106.2099990844727,1984,USD,,,,,,us_open,,Yahoo 1m history truncated by provider lookback window | Missing FX for INR conversion,,,,,,,,
2026-05-13 17:30:00+00:00,2026-05-13 23:00:00,2026-05-13 00:00:00,Brent Crude Futures,ICE,60m,1m,1,106.1399993896484,106.1600036621094,105.5500030517578,105.6100006103516,3197,USD,,,,,,mcx_tail,final_hour_before_mcx_close,Yahoo 1m history truncated by provider lookback window | Missing FX for INR conversion,,,,,,,,
2026-05-13 18:30:00+00:00,2026-05-14 00:00:00,2026-05-13 00:00:00,Brent Crude Futures,ICE,60m,5m,5,105.620002746582,105.8099975585938,105.370002746582,105.7799987792969,539,USD,,,,,,other_valid_hours,,Yahoo 5m history truncated by provider lookback window | Missing FX for INR conversion,,,,,,,,
2026-05-13 19:30:00+00:00,2026-05-14 01:00:00,2026-05-13 00:00:00,Brent Crude Futures,ICE,60m,15m,15,105.7300033569336,106.0899963378906,105.7300033569336,105.7600021362305,825,USD,,,,,,other_valid_hours,,Yahoo 15m history truncated by provider lookback window | Missing FX for INR conversion,,,,,,,,
2026-05-13 20:30:00+00:00,2026-05-14 02:00:00,2026-05-13 00:00:00,Brent Crude Futures,ICE,60m,1m,1,105.7399978637695,105.7399978637695,105.3099975585938,105.5500030517578,237,USD,,,,,,other_valid_hours,,Yahoo 1m history truncated by provider lookback window | Missing FX for INR conversion | Partial 1m coverage used for 60m bucket because no fuller finer bucket was available,,,,,,,,
2026-05-13 22:00:00+00:00,2026-05-14 03:00:00,2026-05-14 00:00:00,Brent Crude Futures,ICE,60m,60m,60,105.6399993896484,105.7699966430664,105.4400024414062,105.4800033569336,73,USD,,,,,,other_valid_hours,,Yahoo 60m history truncated by provider lookback window | Missing FX for INR conversion,,,,,,,,
2026-05-13 22:30:00+00:00,2026-05-14 04:00:00,2026-05-14 00:00:00,Brent Crude Futures,ICE,60m,15m,15,105.4899978637695,105.6800003051758,105.4400024414062,105.5899963378906,53,USD,,,,,,global_reopen_pre_mcx,,Yahoo 15m history truncated by provider lookback window | Missing FX for INR conversion,,,,,,,,
2026-05-14 00:00:00+00:00,2026-05-14 05:00:00,2026-05-14 00:00:00,Brent Crude Futures,ICE,60m,60m,60,105.6100006103516,105.8899993896484,105.5100021362305,105.620002746582,45,USD,,,,,,global_reopen_pre_mcx,,Yahoo 60m history truncated by provider lookback window | Missing FX for INR conversion,,,,,,,,
2026-05-14 01:00:00+00:00,2026-05-14 06:00:00,2026-05-14 00:00:00,Brent Crude Futures,ICE,60m,60m,60,105.629997253418,106.1500015258789,105.2900009155273,105.620002746582,184,USD,,,,,,global_reopen_pre_mcx,,Yahoo 60m history truncated by provider lookback window | Missing FX for INR conversion,,,,,,,,
2026-05-14 01:30:00+00:00,2026-05-14 07:00:00,2026-05-14 00:00:00,Brent Crude Futures,ICE,60m,5m,5,105.629997253418,105.8399963378906,105.2900009155273,105.75,96,USD,,,,,,global_reopen_pre_mcx,,Yahoo 5m history truncated by provider lookback window | Missing FX for INR conversion,,,,,,,,
2026-05-14 02:30:00+00:00,2026-05-14 08:00:00,2026-05-14 00:00:00,Brent Crude Futures,ICE,60m,15m,15,105.8000030517578,106.0999984741211,105.7600021362305,105.7600021362305,86,USD,,,,,,global_reopen_pre_mcx,,Yahoo 15m history truncated by provider lookback window | Missing FX for INR conversion,,,,,,,,
2026-05-14 03:30:00+00:00,2026-05-14 09:00:00,2026-05-14 00:00:00,Brent Crude Futures,ICE,60m,15m,15,105.870002746582,106.1699981689453,105.870002746582,105.9800033569336,116,USD,,,,,,mcx_open_drive,first_15m_after_mcx_open,Yahoo 15m history truncated by provider lookback window | Missing FX for INR conversion,,,,,,,,
2026-05-14 04:30:00+00:00,2026-05-14 10:00:00,2026-05-14 00:00:00,Brent Crude Futures,ICE,60m,15m,15,106.0,106.3199996948242,105.9199981689453,106.129997253418,69,USD,,,,,,mcx_open_drive,,Yahoo 15m history truncated by provider lookback window | Missing FX for INR conversion,,,,,,,,
2026-05-14 05:30:00+00:00,2026-05-14 11:00:00,2026-05-14 00:00:00,Brent Crude Futures,ICE,60m,5m,5,106.1999969482422,106.370002746582,105.6800003051758,105.7799987792969,394,USD,,,,,,india_morning,,Yahoo 5m history truncated by provider lookback window | Missing FX for INR conversion,,,,,,,,
2026-05-14 06:30:00+00:00,2026-05-14 12:00:00,2026-05-14 00:00:00,Brent Crude Futures,ICE,60m,5m,5,105.8000030517578,106.1699981689453,104.5299987792969,105.9300003051758,1447,USD,,,,,,india_morning,,Yahoo 5m history truncated by provider lookback window | Missing FX for INR conversion,,,,,,,,
2026-05-14 07:30:00+00:00,2026-05-14 13:00:00,2026-05-14 00:00:00,Brent Crude Futures,ICE,60m,5m,5,105.9100036621094,107.0800018310547,105.9000015258789,106.4100036621094,1834,USD,,,,,,india_midday,,Yahoo 5m history truncated by provider lookback window | Missing FX for INR conversion,,,,,,,,
2026-05-14 08:30:00+00:00,2026-05-14 14:00:00,2026-05-14 00:00:00,Brent Crude Futures,ICE,60m,5m,5,106.4400024414062,106.8300018310547,105.8099975585938,106.5500030517578,1355,USD,,,,,,india_midday,,Yahoo 5m history truncated by provider lookback window | Missing FX for INR conversion,,,,,,,,
2026-05-14 09:30:00+00:00,2026-05-14 15:00:00,2026-05-14 00:00:00,Brent Crude Futures,ICE,60m,5m,5,106.5100021362305,106.5699996948242,105.0800018310547,105.4899978637695,1418,USD,,,,,,india_midday,,Yahoo 5m history truncated by provider lookback window | Missing FX for INR conversion,,,,,,,,
2026-05-14 10:30:00+00:00,2026-05-14 16:00:00,2026-05-14 00:00:00,Brent Crude Futures,ICE,60m,5m,5,105.4700012207031,106.2600021362305,105.2900009155273,105.4400024414062,1366,USD,,,,,,europe_open,first_hour_after_europe_open,Yahoo 5m history truncated by provider lookback window | Missing FX for INR conversion,,,,,,,,
2026-05-14 11:30:00+00:00,2026-05-14 17:00:00,2026-05-14 00:00:00,Brent Crude Futures,ICE,60m,5m,5,105.3600006103516,105.5299987792969,103.8600006103516,104.9700012207031,2140,USD,,,,,,europe_open,,Yahoo 5m history truncated by provider lookback window | Missing FX for INR conversion,,,,,,,,
2026-05-14 12:30:00+00:00,2026-05-14 18:00:00,2026-05-14 00:00:00,Brent Crude Futures,ICE,60m,1m,1,104.9300003051758,105.1999969482422,104.7200012207031,104.9000015258789,2719,USD,,,,,,europe_mid,,Yahoo 1m history truncated by provider lookback window | Missing FX for INR conversion,,,,,,,,
2026-05-14 13:30:00+00:00,2026-05-14 19:00:00,2026-05-14 00:00:00,Brent Crude Futures,ICE,60m,5m,5,104.8899993896484,106.0899963378906,104.7799987792969,105.6800003051758,2050,USD,,,,,,europe_mid,,Yahoo 5m history truncated by provider lookback window | Missing FX for INR conversion,,,,,,,,
2026-05-14 14:30:00+00:00,2026-05-14 20:00:00,2026-05-14 00:00:00,Brent Crude Futures,ICE,60m,5m,5,105.7200012207031,105.8300018310547,104.7200012207031,105.0699996948242,1724,USD,,,,,,us_pre_open,,Yahoo 5m history truncated by provider lookback window | Missing FX for INR conversion,,,,,,,,
2026-05-14 15:30:00+00:00,2026-05-14 21:00:00,2026-05-14 00:00:00,Brent Crude Futures,ICE,60m,5m,5,105.0699996948242,105.1100006103516,104.4700012207031,104.9599990844727,1745,USD,,,,,,us_open,first_30m_after_us_open,Yahoo 5m history truncated by provider lookback window | Missing FX for INR conversion,,,,,,,,
2026-05-14 16:30:00+00:00,2026-05-14 22:00:00,2026-05-14 00:00:00,Brent Crude Futures,ICE,60m,5m,5,104.9000015258789,105.6900024414062,104.879997253418,105.6399993896484,1385,USD,,,,,,us_open,,Yahoo 5m history truncated by provider lookback window | Missing FX for INR conversion,,,,,,,,
2026-05-14 17:30:00+00:00,2026-05-14 23:00:00,2026-05-14 00:00:00,Brent Crude Futures,ICE,60m,1m,1,105.6800003051758,106.1600036621094,105.6100006103516,105.7300033569336,3225,USD,,,,,,mcx_tail,final_hour_before_mcx_close,Yahoo 1m history truncated by provider lookback window | Missing FX for INR conversion,,,,,,,,
2026-05-14 18:30:00+00:00,2026-05-15 00:00:00,2026-05-14 00:00:00,Brent Crude Futures,ICE,60m,5m,5,105.7399978637695,106.1900024414062,105.6699981689453,106.120002746582,512,USD,,,,,,other_valid_hours,,Yahoo 5m history truncated by provider lookback window | Missing FX for INR conversion,,,,,,,,
2026-05-14 19:30:00+00:00,2026-05-15 01:00:00,2026-05-14 00:00:00,Brent Crude Futures,ICE,60m,15m,15,106.129997253418,106.7399978637695,106.129997253418,106.5,512,USD,,,,,,other_valid_hours,,Yahoo 15m history truncated by provider lookback window | Missing FX for INR conversion,,,,,,,,
2026-05-14 20:30:00+00:00,2026-05-15 02:00:00,2026-05-14 00:00:00,Brent Crude Futures,ICE,60m,1m,1,106.5,106.620002746582,106.4899978637695,106.5500030517578,57,USD,,,,,,other_valid_hours,,Yahoo 1m history truncated by provider lookback window | Missing FX for INR conversion | Partial 1m coverage used for 60m bucket because no fuller finer bucket was available,,,,,,,,
2026-05-14 22:00:00+00:00,2026-05-15 03:00:00,2026-05-15 00:00:00,Brent Crude Futures,ICE,60m,60m,60,106.5699996948242,106.5699996948242,106.0500030517578,106.4800033569336,42,USD,,,,,,other_valid_hours,,Yahoo 60m history truncated by provider lookback window | Missing FX for INR conversion,,,,,,,,
2026-05-14 22:30:00+00:00,2026-05-15 04:00:00,2026-05-15 00:00:00,Brent Crude Futures,ICE,60m,15m,15,106.2300033569336,106.5599975585938,106.1999969482422,106.5500030517578,42,USD,,,,,,global_reopen_pre_mcx,,Yahoo 15m history truncated by provider lookback window | Missing FX for INR conversion,,,,,,,,
2026-05-14 23:30:00+00:00,2026-05-15 05:00:00,2026-05-15 00:00:00,Brent Crude Futures,ICE,60m,15m,15,106.5999984741211,106.620002746582,106.2900009155273,106.4499969482422,109,USD,,,,,,global_reopen_pre_mcx,,Yahoo 15m history truncated by provider lookback window | Missing FX for INR conversion,,,,,,,,
2026-05-15 00:30:00+00:00,2026-05-15 06:00:00,2026-05-15 00:00:00,Brent Crude Futures,ICE,60m,5m,5,106.4800033569336,107.1999969482422,106.3000030517578,107.0999984741211,168,USD,,,,,,global_reopen_pre_mcx,,Yahoo 5m history truncated by provider lookback window | Missing FX for INR conversion,,,,,,,,
2026-05-15 01:30:00+00:00,2026-05-15 07:00:00,2026-05-15 00:00:00,Brent Crude Futures,ICE,60m,15m,15,107.120002746582,107.4700012207031,106.7200012207031,107.2399978637695,343,USD,,,,,,global_reopen_pre_mcx,,Yahoo 15m history truncated by provider lookback window | Missing FX for INR conversion,,,,,,,,
2026-05-15 02:30:00+00:00,2026-05-15 08:00:00,2026-05-15 00:00:00,Brent Crude Futures,ICE,60m,5m,5,107.2900009155273,107.4499969482422,106.5800018310547,107.120002746582,316,USD,,,,,,global_reopen_pre_mcx,,Yahoo 5m history truncated by provider lookback window | Missing FX for INR conversion,,,,,,,,
2026-05-15 03:30:00+00:00,2026-05-15 09:00:00,2026-05-15 00:00:00,Brent Crude Futures,ICE,60m,15m,15,107.0500030517578,107.120002746582,106.8899993896484,107.0400009155273,50,USD,,,,,,mcx_open_drive,first_15m_after_mcx_open,Yahoo 15m history truncated by provider lookback window | Missing FX for INR conversion,,,,,,,,
2026-05-15 04:30:00+00:00,2026-05-15 10:00:00,2026-05-15 00:00:00,Brent Crude Futures,ICE,60m,15m,15,107.0400009155273,107.0999984741211,106.9000015258789,107.0,82,USD,,,,,,mcx_open_drive,,Yahoo 15m history truncated by provider lookback window | Missing FX for INR conversion,,,,,,,,
2026-05-15 05:30:00+00:00,2026-05-15 11:00:00,2026-05-15 00:00:00,Brent Crude Futures,ICE,60m,5m,5,107.0999984741211,107.9700012207031,107.0999984741211,107.5199966430664,463,USD,,,,,,india_morning,,Yahoo 5m history truncated by provider lookback window | Missing FX for INR conversion,,,,,,,,
2026-05-15 06:30:00+00:00,2026-05-15 12:00:00,2026-05-15 00:00:00,Brent Crude Futures,ICE,60m,5m,5,107.5599975585938,107.6399993896484,106.9599990844727,107.1800003051758,857,USD,,,,,,india_morning,,Yahoo 5m history truncated by provider lookback window | Missing FX for INR conversion,,,,,,,,
2026-05-15 07:30:00+00:00,2026-05-15 13:00:00,2026-05-15 00:00:00,Brent Crude Futures,ICE,60m,5m,5,107.2099990844727,109.25,107.1399993896484,109.1600036621094,1947,USD,,,,,,india_midday,,Yahoo 5m history truncated by provider lookback window | Missing FX for INR conversion,,,,,,,,
2026-05-15 08:30:00+00:00,2026-05-15 14:00:00,2026-05-15 00:00:00,Brent Crude Futures,ICE,60m,5m,5,109.1800003051758,109.4400024414062,108.6500015258789,109.0800018310547,1242,USD,,,,,,india_midday,,Yahoo 5m history truncated by provider lookback window | Missing FX for INR conversion,,,,,,,,
2026-05-15 09:30:00+00:00,2026-05-15 15:00:00,2026-05-15 00:00:00,Brent Crude Futures,ICE,60m,5m,5,109.0999984741211,109.6699981689453,108.3399963378906,108.5500030517578,1800,USD,,,,,,india_midday,,Yahoo 5m history truncated by provider lookback window | Missing FX for INR conversion,,,,,,,,
2026-05-15 10:30:00+00:00,2026-05-15 16:00:00,2026-05-15 00:00:00,Brent Crude Futures,ICE,60m,5m,5,108.5599975585938,108.7200012207031,107.129997253418,108.2300033569336,2408,USD,,,,,,europe_open,first_hour_after_europe_open,Yahoo 5m history truncated by provider lookback window | Missing FX for INR conversion,,,,,,,,
2026-05-15 11:30:00+00:00,2026-05-15 17:00:00,2026-05-15 00:00:00,Brent Crude Futures,ICE,60m,5m,5,108.1600036621094,108.620002746582,107.8600006103516,108.1900024414062,1739,USD,,,,,,europe_open,,Yahoo 5m history truncated by provider lookback window | Missing FX for INR conversion,,,,,,,,
2026-05-15 12:30:00+00:00,2026-05-15 18:00:00,2026-05-15 00:00:00,Brent Crude Futures,ICE,60m,5m,5,108.2699966430664,108.4000015258789,107.7900009155273,108.0800018310547,1201,USD,,,,,,europe_mid,,Yahoo 5m history truncated by provider lookback window | Missing FX for INR conversion,,,,,,,,
2026-05-15 13:30:00+00:00,2026-05-15 19:00:00,2026-05-15 00:00:00,Brent Crude Futures,ICE,60m,1m,1,108.0699996948242,108.8000030517578,107.9300003051758,108.5,1801,USD,,,,,,europe_mid,,Yahoo 1m history truncated by provider lookback window | Missing FX for INR conversion,,,,,,,,
2026-05-15 14:30:00+00:00,2026-05-15 20:00:00,2026-05-15 00:00:00,Brent Crude Futures,ICE,60m,5m,5,108.4700012207031,109.3499984741211,108.4499969482422,108.7699966430664,1903,USD,,,,,,us_pre_open,,Yahoo 5m history truncated by provider lookback window | Missing FX for INR conversion,,,,,,,,
2026-05-15 15:30:00+00:00,2026-05-15 21:00:00,2026-05-15 00:00:00,Brent Crude Futures,ICE,60m,5m,5,108.7900009155273,109.7300033569336,108.5999984741211,109.2399978637695,1901,USD,,,,,,us_open,first_30m_after_us_open,Yahoo 5m history truncated by provider lookback window | Missing FX for INR conversion,,,,,,,,
2026-05-15 16:30:00+00:00,2026-05-15 22:00:00,2026-05-15 00:00:00,Brent Crude Futures,ICE,60m,1m,1,109.2300033569336,109.3000030517578,108.8000030517578,109.1100006103516,1372,USD,,,,,,us_open,,Yahoo 1m history truncated by provider lookback window | Missing FX for INR conversion,,,,,,,,
2026-05-15 17:30:00+00:00,2026-05-15 23:00:00,2026-05-15 00:00:00,Brent Crude Futures,ICE,60m,1m,1,109.120002746582,109.4300003051758,108.9300003051758,109.3499984741211,2777,USD,,,,,,mcx_tail,final_hour_before_mcx_close,Yahoo 1m history truncated by provider lookback window | Missing FX for INR conversion,,,,,,,,
2026-05-15 18:30:00+00:00,2026-05-16 00:00:00,2026-05-15 00:00:00,Brent Crude Futures,ICE,60m,5m,5,109.3399963378906,109.6100006103516,109.1699981689453,109.2900009155273,657,USD,,,,,,other_valid_hours,,Yahoo 5m history truncated by provider lookback window | Missing FX for INR conversion,,,,,,,,
2026-05-15 19:30:00+00:00,2026-05-16 01:00:00,2026-05-15 00:00:00,Brent Crude Futures,ICE,60m,5m,5,109.2699966430664,109.6100006103516,109.1800003051758,109.3399963378906,615,USD,,,,,,other_valid_hours,,Yahoo 5m history truncated by provider lookback window | Missing FX for INR conversion,,,,,,,,
2026-05-15 20:30:00+00:00,2026-05-16 02:00:00,2026-05-15 00:00:00,Brent Crude Futures,ICE,60m,1m,1,109.379997253418,109.4100036621094,109.0899963378906,109.2600021362305,153,USD,,,,,,other_valid_hours,,Yahoo 1m history truncated by provider lookback window | Missing FX for INR conversion | Partial 1m coverage used for 60m bucket because no fuller finer bucket was available,,,,,,,,
2026-05-17 22:00:00+00:00,2026-05-18 03:00:00,2026-05-18 00:00:00,Brent Crude Futures,ICE,60m,60m,60,110.2200012207031,110.6900024414062,110.0599975585938,110.3199996948242,144,USD,,,,,,other_valid_hours,,Yahoo 60m history truncated by provider lookback window | Missing FX for INR conversion,,,,,,,,
2026-05-17 22:30:00+00:00,2026-05-18 04:00:00,2026-05-18 00:00:00,Brent Crude Futures,ICE,60m,5m,5,110.6500015258789,110.7600021362305,110.3199996948242,110.75,192,USD,,,,,,global_reopen_pre_mcx,,Yahoo 5m history truncated by provider lookback window | Missing FX for INR conversion,,,,,,,,
2026-05-17 23:30:00+00:00,2026-05-18 05:00:00,2026-05-18 00:00:00,Brent Crude Futures,ICE,60m,5m,5,110.7200012207031,110.7399978637695,110.1500015258789,110.3300018310547,261,USD,,,,,,global_reopen_pre_mcx,,Yahoo 5m history truncated by provider lookback window | Missing FX for INR conversion,,,,,,,,
2026-05-18 00:30:00+00:00,2026-05-18 06:00:00,2026-05-18 00:00:00,Brent Crude Futures,ICE,60m,5m,5,110.4000015258789,112.0299987792969,110.3499984741211,111.8399963378906,853,USD,,,,,,global_reopen_pre_mcx,,Yahoo 5m history truncated by provider lookback window | Missing FX for INR conversion,,,,,,,,
2026-05-18 01:30:00+00:00,2026-05-18 07:00:00,2026-05-18 00:00:00,Brent Crude Futures,ICE,60m,5m,5,111.7099990844727,111.75,111.0699996948242,111.3099975585938,520,USD,,,,,,global_reopen_pre_mcx,,Yahoo 5m history truncated by provider lookback window | Missing FX for INR conversion,,,,,,,,
2026-05-18 02:30:00+00:00,2026-05-18 08:00:00,2026-05-18 00:00:00,Brent Crude Futures,ICE,60m,5m,5,111.3499984741211,111.4499969482422,111.129997253418,111.1800003051758,183,USD,,,,,,global_reopen_pre_mcx,,Yahoo 5m history truncated by provider lookback window | Missing FX for INR conversion,,,,,,,,
2026-05-18 03:30:00+00:00,2026-05-18 09:00:00,2026-05-18 00:00:00,Brent Crude Futures,ICE,60m,15m,15,111.3000030517578,111.4000015258789,111.0999984741211,111.3399963378906,106,USD,,,,,,mcx_open_drive,first_15m_after_mcx_open,Yahoo 15m history truncated by provider lookback window | Missing FX for INR conversion,,,,,,,,
2026-05-18 04:30:00+00:00,2026-05-18 10:00:00,2026-05-18 00:00:00,Brent Crude Futures,ICE,60m,5m,5,111.2399978637695,111.3499984741211,110.9700012207031,111.25,175,USD,,,,,,mcx_open_drive,,Yahoo 5m history truncated by provider lookback window | Missing FX for INR conversion,,,,,,,,
2026-05-18 05:30:00+00:00,2026-05-18 11:00:00,2026-05-18 00:00:00,Brent Crude Futures,ICE,60m,5m,5,111.0500030517578,111.4499969482422,110.6999969482422,111.3399963378906,314,USD,,,,,,india_morning,,Yahoo 5m history truncated by provider lookback window | Missing FX for INR conversion,,,,,,,,
2026-05-18 06:30:00+00:00,2026-05-18 12:00:00,2026-05-18 00:00:00,Brent Crude Futures,ICE,60m,15m,15,111.379997253418,111.5,109.2600021362305,110.0800018310547,776,USD,,,,,,india_morning,,Yahoo 15m history truncated by provider lookback window | Missing FX for INR conversion,,,,,,,,
2026-05-18 07:30:00+00:00,2026-05-18 13:00:00,2026-05-18 00:00:00,Brent Crude Futures,ICE,60m,5m,5,110.0999984741211,110.6699981689453,109.6699981689453,110.3099975585938,2154,USD,,,,,,india_midday,,Yahoo 5m history truncated by provider lookback window | Missing FX for INR conversion,,,,,,,,
2026-05-18 08:30:00+00:00,2026-05-18 14:00:00,2026-05-18 00:00:00,Brent Crude Futures,ICE,60m,5m,5,110.3099975585938,110.4800033569336,109.8499984741211,110.1900024414062,978,USD,,,,,,india_midday,,Yahoo 5m history truncated by provider lookback window | Missing FX for INR conversion,,,,,,,,
2026-05-18 09:30:00+00:00,2026-05-18 15:00:00,2026-05-18 00:00:00,Brent Crude Futures,ICE,60m,5m,5,110.1600036621094,110.3399963378906,109.8199996948242,110.1699981689453,625,USD,,,,,,india_midday,,Yahoo 5m history truncated by provider lookback window | Missing FX for INR conversion,,,,,,,,
2026-05-18 10:30:00+00:00,2026-05-18 16:00:00,2026-05-18 00:00:00,Brent Crude Futures,ICE,60m,5m,5,110.1399993896484,111.379997253418,110.0800018310547,110.5899963378906,1275,USD,,,,,,europe_open,first_hour_after_europe_open,Yahoo 5m history truncated by provider lookback window | Missing FX for INR conversion,,,,,,,,
2026-05-18 11:30:00+00:00,2026-05-18 17:00:00,2026-05-18 00:00:00,Brent Crude Futures,ICE,60m,1m,1,110.629997253418,110.6699981689453,108.4800033569336,109.4300003051758,3970,USD,,,,,,europe_open,,Yahoo 1m history truncated by provider lookback window | Missing FX for INR conversion,,,,,,,,
2026-05-18 12:30:00+00:00,2026-05-18 18:00:00,2026-05-18 00:00:00,Brent Crude Futures,ICE,60m,1m,1,109.4300003051758,109.4400024414062,106.870002746582,107.7099990844727,7087,USD,,,,,,europe_mid,,Yahoo 1m history truncated by provider lookback window | Missing FX for INR conversion,,,,,,,,
2026-05-18 13:30:00+00:00,2026-05-18 19:00:00,2026-05-18 00:00:00,Brent Crude Futures,ICE,60m,1m,1,107.7399978637695,109.3899993896484,107.4499969482422,109.3600006103516,5103,USD,,,,,,europe_mid,,Yahoo 1m history truncated by provider lookback window | Missing FX for INR conversion,,,,,,,,
2026-05-18 14:30:00+00:00,2026-05-18 20:00:00,2026-05-18 00:00:00,Brent Crude Futures,ICE,60m,1m,1,109.3000030517578,111.0999984741211,109.25,111.0,5164,USD,,,,,,us_pre_open,,Yahoo 1m history truncated by provider lookback window | Missing FX for INR conversion,,,,,,,,
2026-05-18 15:30:00+00:00,2026-05-18 21:00:00,2026-05-18 00:00:00,Brent Crude Futures,ICE,60m,5m,5,111.0199966430664,111.6500015258789,110.75,111.379997253418,2131,USD,,,,,,us_open,first_30m_after_us_open,Yahoo 5m history truncated by provider lookback window | Missing FX for INR conversion,,,,,,,,
2026-05-18 16:30:00+00:00,2026-05-18 22:00:00,2026-05-18 00:00:00,Brent Crude Futures,ICE,60m,1m,1,111.3899993896484,111.5100021362305,110.2099990844727,110.4800033569336,2041,USD,,,,,,us_open,,Yahoo 1m history truncated by provider lookback window | Missing FX for INR conversion,,,,,,,,
2026-05-18 17:30:00+00:00,2026-05-18 23:00:00,2026-05-18 00:00:00,Brent Crude Futures,ICE,60m,1m,1,110.5,112.6900024414062,110.5,112.1100006103516,3060,USD,,,,,,mcx_tail,final_hour_before_mcx_close,Yahoo 1m history truncated by provider lookback window | Missing FX for INR conversion,,,,,,,,
2026-05-18 18:30:00+00:00,2026-05-19 00:00:00,2026-05-18 00:00:00,Brent Crude Futures,ICE,60m,5m,5,112.0899963378906,112.3600006103516,109.2600021362305,109.7099990844727,4266,USD,,,,,,other_valid_hours,,Yahoo 5m history truncated by provider lookback window | Missing FX for INR conversion,,,,,,,,
2026-05-18 19:30:00+00:00,2026-05-19 01:00:00,2026-05-18 00:00:00,Brent Crude Futures,ICE,60m,5m,5,109.7200012207031,109.7200012207031,108.0500030517578,108.5899963378906,1462,USD,,,,,,other_valid_hours,,Yahoo 5m history truncated by provider lookback window | Missing FX for INR conversion,,,,,,,,
2026-05-18 20:30:00+00:00,2026-05-19 02:00:00,2026-05-18 00:00:00,Brent Crude Futures,ICE,60m,1m,1,108.629997253418,109.4000015258789,108.620002746582,109.2799987792969,479,USD,,,,,,other_valid_hours,,Yahoo 1m history truncated by provider lookback window | Missing FX for INR conversion | Partial 1m coverage used for 60m bucket because no fuller finer bucket was available,,,,,,,,
2026-05-18 22:00:00+00:00,2026-05-19 03:00:00,2026-05-19 00:00:00,Brent Crude Futures,ICE,60m,60m,60,109.5500030517578,109.5500030517578,108.9000015258789,109.2600021362305,113,USD,,,,,,other_valid_hours,,Yahoo 60m history truncated by provider lookback window | Missing FX for INR conversion,,,,,,,,
2026-05-18 22:30:00+00:00,2026-05-19 04:00:00,2026-05-19 00:00:00,Brent Crude Futures,ICE,60m,15m,15,109.1800003051758,109.3000030517578,109.1800003051758,109.1800003051758,33,USD,,,,,,global_reopen_pre_mcx,,Yahoo 15m history truncated by provider lookback window | Missing FX for INR conversion,,,,,,,,
2026-05-18 23:30:00+00:00,2026-05-19 05:00:00,2026-05-19 00:00:00,Brent Crude Futures,ICE,60m,15m,15,109.1800003051758,109.5100021362305,108.9899978637695,109.3499984741211,266,USD,,,,,,global_reopen_pre_mcx,,Yahoo 15m history truncated by provider lookback window | Missing FX for INR conversion,,,,,,,,
2026-05-19 00:30:00+00:00,2026-05-19 06:00:00,2026-05-19 00:00:00,Brent Crude Futures,ICE,60m,5m,5,109.3499984741211,109.9000015258789,109.0800018310547,109.7300033569336,532,USD,,,,,,global_reopen_pre_mcx,,Yahoo 5m history truncated by provider lookback window | Missing FX for INR conversion,,,,,,,,
2026-05-19 01:30:00+00:00,2026-05-19 07:00:00,2026-05-19 00:00:00,Brent Crude Futures,ICE,60m,5m,5,109.6600036621094,109.8199996948242,109.370002746582,109.5199966430664,543,USD,,,,,,global_reopen_pre_mcx,,Yahoo 5m history truncated by provider lookback window | Missing FX for INR conversion,,,,,,,,
2026-05-19 02:30:00+00:00,2026-05-19 08:00:00,2026-05-19 00:00:00,Brent Crude Futures,ICE,60m,15m,15,109.5699996948242,110.129997253418,109.5699996948242,109.9400024414062,207,USD,,,,,,global_reopen_pre_mcx,,Yahoo 15m history truncated by provider lookback window | Missing FX for INR conversion,,,,,,,,
2026-05-19 03:30:00+00:00,2026-05-19 09:00:00,2026-05-19 00:00:00,Brent Crude Futures,ICE,60m,15m,15,109.8099975585938,109.9400024414062,109.7300033569336,109.8199996948242,118,USD,,,,,,mcx_open_drive,first_15m_after_mcx_open,Yahoo 15m history truncated by provider lookback window | Missing FX for INR conversion,,,,,,,,
2026-05-19 04:30:00+00:00,2026-05-19 10:00:00,2026-05-19 00:00:00,Brent Crude Futures,ICE,60m,15m,15,109.7799987792969,110.4599990844727,109.6699981689453,110.0800018310547,229,USD,,,,,,mcx_open_drive,,Yahoo 15m history truncated by provider lookback window | Missing FX for INR conversion,,,,,,,,
2026-05-19 05:30:00+00:00,2026-05-19 11:00:00,2026-05-19 00:00:00,Brent Crude Futures,ICE,60m,5m,5,110.2600021362305,110.6100006103516,109.6100006103516,110.2699966430664,530,USD,,,,,,india_morning,,Yahoo 5m history truncated by provider lookback window | Missing FX for INR conversion,,,,,,,,
2026-05-19 06:30:00+00:00,2026-05-19 12:00:00,2026-05-19 00:00:00,Brent Crude Futures,ICE,60m,5m,5,110.2600021362305,110.6999969482422,110.1500015258789,110.3499984741211,788,USD,,,,,,india_morning,,Yahoo 5m history truncated by provider lookback window | Missing FX for INR conversion,,,,,,,,
2026-05-19 07:30:00+00:00,2026-05-19 13:00:00,2026-05-19 00:00:00,Brent Crude Futures,ICE,60m,5m,5,110.379997253418,110.8199996948242,109.870002746582,110.3899993896484,1212,USD,,,,,,india_midday,,Yahoo 5m history truncated by provider lookback window | Missing FX for INR conversion,,,,,,,,
2026-05-19 08:30:00+00:00,2026-05-19 14:00:00,2026-05-19 00:00:00,Brent Crude Futures,ICE,60m,5m,5,110.379997253418,110.6399993896484,110.0800018310547,110.4000015258789,1011,USD,,,,,,india_midday,,Yahoo 5m history truncated by provider lookback window | Missing FX for INR conversion,,,,,,,,
2026-05-19 09:30:00+00:00,2026-05-19 15:00:00,2026-05-19 00:00:00,Brent Crude Futures,ICE,60m,5m,5,110.4000015258789,110.4899978637695,109.6900024414062,110.1699981689453,572,USD,,,,,,india_midday,,Yahoo 5m history truncated by provider lookback window | Missing FX for INR conversion,,,,,,,,
2026-05-19 10:30:00+00:00,2026-05-19 16:00:00,2026-05-19 00:00:00,Brent Crude Futures,ICE,60m,5m,5,110.120002746582,111.2200012207031,110.0199966430664,111.0199966430664,2095,USD,,,,,,europe_open,first_hour_after_europe_open,Yahoo 5m history truncated by provider lookback window | Missing FX for INR conversion,,,,,,,,
2026-05-19 11:30:00+00:00,2026-05-19 17:00:00,2026-05-19 00:00:00,Brent Crude Futures,ICE,60m,5m,5,110.9800033569336,111.0800018310547,110.3099975585938,110.5,891,USD,,,,,,europe_open,,Yahoo 5m history truncated by provider lookback window | Missing FX for INR conversion,,,,,,,,
2026-05-19 12:30:00+00:00,2026-05-19 18:00:00,2026-05-19 00:00:00,Brent Crude Futures,ICE,60m,5m,5,110.5299987792969,111.4899978637695,110.1699981689453,111.3000030517578,1327,USD,,,,,,europe_mid,,Yahoo 5m history truncated by provider lookback window | Missing FX for INR conversion,,,,,,,,
2026-05-19 13:30:00+00:00,2026-05-19 19:00:00,2026-05-19 00:00:00,Brent Crude Futures,ICE,60m,1m,1,111.2600021362305,111.5699996948242,109.5500030517578,110.25,4313,USD,,,,,,europe_mid,,Yahoo 1m history truncated by provider lookback window | Missing FX for INR conversion,,,,,,,,
2026-05-19 14:30:00+00:00,2026-05-19 20:00:00,2026-05-19 00:00:00,Brent Crude Futures,ICE,60m,1m,1,110.2300033569336,110.8399963378906,109.9000015258789,110.6100006103516,3011,USD,,,,,,us_pre_open,,Yahoo 1m history truncated by provider lookback window | Missing FX for INR conversion,,,,,,,,
2026-05-19 15:30:00+00:00,2026-05-19 21:00:00,2026-05-19 00:00:00,Brent Crude Futures,ICE,60m,1m,1,110.620002746582,111.0899963378906,110.3499984741211,110.8199996948242,2208,USD,,,,,,us_open,first_30m_after_us_open,Yahoo 1m history truncated by provider lookback window | Missing FX for INR conversion,,,,,,,,
2026-05-19 16:30:00+00:00,2026-05-19 22:00:00,2026-05-19 00:00:00,Brent Crude Futures,ICE,60m,5m,5,110.9400024414062,111.120002746582,110.5699996948242,110.7699966430664,1516,USD,,,,,,us_open,,Yahoo 5m history truncated by provider lookback window | Missing FX for INR conversion,,,,,,,,
2026-05-19 17:30:00+00:00,2026-05-19 23:00:00,2026-05-19 00:00:00,Brent Crude Futures,ICE,60m,5m,5,110.7399978637695,111.5500030517578,110.2300033569336,111.5299987792969,3785,USD,,,,,,mcx_tail,final_hour_before_mcx_close,Yahoo 5m history truncated by provider lookback window | Missing FX for INR conversion,,,,,,,,
2026-05-19 18:30:00+00:00,2026-05-20 00:00:00,2026-05-19 00:00:00,Brent Crude Futures,ICE,60m,5m,5,111.5100021362305,111.7900009155273,111.0999984741211,111.4499969482422,1210,USD,,,,,,other_valid_hours,,Yahoo 5m history truncated by provider lookback window | Missing FX for INR conversion,,,,,,,,
2026-05-19 19:30:00+00:00,2026-05-20 01:00:00,2026-05-19 00:00:00,Brent Crude Futures,ICE,60m,5m,5,111.379997253418,111.5199966430664,111.0999984741211,111.1500015258789,224,USD,,,,,,other_valid_hours,,Yahoo 5m history truncated by provider lookback window | Missing FX for INR conversion,,,,,,,,
2026-05-19 20:30:00+00:00,2026-05-20 02:00:00,2026-05-19 00:00:00,Brent Crude Futures,ICE,60m,1m,1,111.1100006103516,111.120002746582,110.8600006103516,111.0,170,USD,,,,,,other_valid_hours,,Yahoo 1m history truncated by provider lookback window | Missing FX for INR conversion | Partial 1m coverage used for 60m bucket because no fuller finer bucket was available,,,,,,,,
2026-05-19 22:00:00+00:00,2026-05-20 03:00:00,2026-05-20 00:00:00,Brent Crude Futures,ICE,60m,60m,60,111.2099990844727,111.2300033569336,111.0599975585938,111.0999984741211,23,USD,,,,,,other_valid_hours,,Yahoo 60m history truncated by provider lookback window | Missing FX for INR conversion,,,,,,,,
2026-05-19 23:00:00+00:00,2026-05-20 04:00:00,2026-05-20 00:00:00,Brent Crude Futures,ICE,60m,60m,60,110.8899993896484,110.9700012207031,110.75,110.9199981689453,39,USD,,,,,,global_reopen_pre_mcx,,Yahoo 60m history truncated by provider lookback window | Missing FX for INR conversion,,,,,,,,
2026-05-19 23:30:00+00:00,2026-05-20 05:00:00,2026-05-20 00:00:00,Brent Crude Futures,ICE,60m,5m,5,110.8899993896484,110.9700012207031,110.6900024414062,110.7300033569336,147,USD,,,,,,global_reopen_pre_mcx,,Yahoo 5m history truncated by provider lookback window | Missing FX for INR conversion,,,,,,,,
2026-05-20 00:30:00+00:00,2026-05-20 06:00:00,2026-05-20 00:00:00,Brent Crude Futures,ICE,60m,15m,15,110.6699981689453,111.4499969482422,110.6699981689453,111.1600036621094,222,USD,,,,,,global_reopen_pre_mcx,,Yahoo 15m history truncated by provider lookback window | Missing FX for INR conversion,,,,,,,,
2026-05-20 01:30:00+00:00,2026-05-20 07:00:00,2026-05-20 00:00:00,Brent Crude Futures,ICE,60m,5m,5,111.25,111.3499984741211,110.1500015258789,110.9800033569336,534,USD,,,,,,global_reopen_pre_mcx,,Yahoo 5m history truncated by provider lookback window | Missing FX for INR conversion,,,,,,,,
2026-05-20 02:30:00+00:00,2026-05-20 08:00:00,2026-05-20 00:00:00,Brent Crude Futures,ICE,60m,5m,5,111.0199966430664,111.5,111.0,111.0199966430664,312,USD,,,,,,global_reopen_pre_mcx,,Yahoo 5m history truncated by provider lookback window | Missing FX for INR conversion,,,,,,,,
2026-05-20 03:30:00+00:00,2026-05-20 09:00:00,2026-05-20 00:00:00,Brent Crude Futures,ICE,60m,15m,15,110.9700012207031,111.0500030517578,110.2699966430664,110.4599990844727,371,USD,,,,,,mcx_open_drive,first_15m_after_mcx_open,Yahoo 15m history truncated by provider lookback window | Missing FX for INR conversion,,,,,,,,
2026-05-20 04:30:00+00:00,2026-05-20 10:00:00,2026-05-20 00:00:00,Brent Crude Futures,ICE,60m,15m,15,110.4499969482422,110.8899993896484,110.4499969482422,110.7600021362305,131,USD,,,,,,mcx_open_drive,,Yahoo 15m history truncated by provider lookback window | Missing FX for INR conversion,,,,,,,,
2026-05-20 05:30:00+00:00,2026-05-20 11:00:00,2026-05-20 00:00:00,Brent Crude Futures,ICE,60m,5m,5,110.6999969482422,111.0199966430664,110.0400009155273,110.1699981689453,614,USD,,,,,,india_morning,,Yahoo 5m history truncated by provider lookback window | Missing FX for INR conversion,,,,,,,,
2026-05-20 06:30:00+00:00,2026-05-20 12:00:00,2026-05-20 00:00:00,Brent Crude Futures,ICE,60m,5m,5,110.0999984741211,110.4300003051758,109.5699996948242,109.6800003051758,916,USD,,,,,,india_morning,,Yahoo 5m history truncated by provider lookback window | Missing FX for INR conversion,,,,,,,,
2026-05-20 07:30:00+00:00,2026-05-20 13:00:00,2026-05-20 00:00:00,Brent Crude Futures,ICE,60m,1m,1,109.7699966430664,110.25,109.5100021362305,109.7399978637695,1319,USD,,,,,,india_midday,,Yahoo 1m history truncated by provider lookback window | Missing FX for INR conversion,,,,,,,,
2026-05-20 08:30:00+00:00,2026-05-20 14:00:00,2026-05-20 00:00:00,Brent Crude Futures,ICE,60m,1m,1,109.7300033569336,109.8099975585938,108.5,109.3600006103516,2210,USD,,,,,,india_midday,,Yahoo 1m history truncated by provider lookback window | Missing FX for INR conversion,,,,,,,,
2026-05-20 09:30:00+00:00,2026-05-20 15:00:00,2026-05-20 00:00:00,Brent Crude Futures,ICE,60m,5m,5,109.3300018310547,109.5500030517578,108.9499969482422,109.0299987792969,966,USD,,,,,,india_midday,,Yahoo 5m history truncated by provider lookback window | Missing FX for INR conversion,,,,,,,,
2026-05-20 10:30:00+00:00,2026-05-20 16:00:00,2026-05-20 00:00:00,Brent Crude Futures,ICE,60m,5m,5,108.9700012207031,108.9899978637695,107.7600021362305,108.6900024414062,2172,USD,,,,,,europe_open,first_hour_after_europe_open,Yahoo 5m history truncated by provider lookback window | Missing FX for INR conversion,,,,,,,,
2026-05-20 11:30:00+00:00,2026-05-20 17:00:00,2026-05-20 00:00:00,Brent Crude Futures,ICE,60m,5m,5,108.7200012207031,109.3899993896484,107.9300003051758,107.9300003051758,2084,USD,,,,,,europe_open,,Yahoo 5m history truncated by provider lookback window | Missing FX for INR conversion,,,,,,,,
2026-05-20 12:30:00+00:00,2026-05-20 18:00:00,2026-05-20 00:00:00,Brent Crude Futures,ICE,60m,1m,1,107.9800033569336,108.879997253418,107.4800033569336,108.879997253418,3470,USD,,,,,,europe_mid,,Yahoo 1m history truncated by provider lookback window | Missing FX for INR conversion,,,,,,,,
2026-05-20 13:30:00+00:00,2026-05-20 19:00:00,2026-05-20 00:00:00,Brent Crude Futures,ICE,60m,1m,1,108.879997253418,109.4599990844727,106.0899963378906,107.0599975585938,8649,USD,,,,,,europe_mid,,Yahoo 1m history truncated by provider lookback window | Missing FX for INR conversion,,,,,,,,
2026-05-20 14:30:00+00:00,2026-05-20 20:00:00,2026-05-20 00:00:00,Brent Crude Futures,ICE,60m,1m,1,106.9899978637695,107.4899978637695,103.2799987792969,106.4199981689453,13574,USD,,,,,,us_pre_open,,Yahoo 1m history truncated by provider lookback window | Missing FX for INR conversion,,,,,,,,
2026-05-20 15:30:00+00:00,2026-05-20 21:00:00,2026-05-20 00:00:00,Brent Crude Futures,ICE,60m,1m,1,106.2600021362305,106.2600021362305,104.9000015258789,105.9700012207031,4489,USD,,,,,,us_open,first_30m_after_us_open,Yahoo 1m history truncated by provider lookback window | Missing FX for INR conversion,,,,,,,,
2026-05-20 16:30:00+00:00,2026-05-20 22:00:00,2026-05-20 00:00:00,Brent Crude Futures,ICE,60m,1m,1,105.9800033569336,106.0500030517578,103.8399963378906,104.25,4254,USD,,,,,,us_open,,Yahoo 1m history truncated by provider lookback window | Missing FX for INR conversion,,,,,,,,
2026-05-20 17:30:00+00:00,2026-05-20 23:00:00,2026-05-20 00:00:00,Brent Crude Futures,ICE,60m,1m,1,104.1999969482422,105.4300003051758,103.9599990844727,104.9100036621094,3927,USD,,,,,,mcx_tail,final_hour_before_mcx_close,Yahoo 1m history truncated by provider lookback window | Missing FX for INR conversion,,,,,,,,
2026-05-20 18:30:00+00:00,2026-05-21 00:00:00,2026-05-20 00:00:00,Brent Crude Futures,ICE,60m,5m,5,104.9100036621094,105.0299987792969,104.5100021362305,104.9000015258789,782,USD,,,,,,other_valid_hours,,Yahoo 5m history truncated by provider lookback window | Missing FX for INR conversion,,,,,,,,
2026-05-20 19:30:00+00:00,2026-05-21 01:00:00,2026-05-20 00:00:00,Brent Crude Futures,ICE,60m,5m,5,104.9000015258789,105.0899963378906,104.4800033569336,104.9100036621094,734,USD,,,,,,other_valid_hours,,Yahoo 5m history truncated by provider lookback window | Missing FX for INR conversion,,,,,,,,
2026-05-20 20:30:00+00:00,2026-05-21 02:00:00,2026-05-20 00:00:00,Brent Crude Futures,ICE,60m,1m,1,104.879997253418,105.5599975585938,104.879997253418,105.4499969482422,235,USD,,,,,,other_valid_hours,,Yahoo 1m history truncated by provider lookback window | Missing FX for INR conversion | Partial 1m coverage used for 60m bucket because no fuller finer bucket was available,,,,,,,,
2026-05-20 22:00:00+00:00,2026-05-21 03:00:00,2026-05-21 00:00:00,Brent Crude Futures,ICE,60m,60m,60,105.2099990844727,105.6600036621094,105.2099990844727,105.3300018310547,0,USD,,,,,,other_valid_hours,,Yahoo 60m history truncated by provider lookback window | Missing FX for INR conversion,,,,,,,,
2026-05-20 23:00:00+00:00,2026-05-21 04:00:00,2026-05-21 00:00:00,Brent Crude Futures,ICE,60m,60m,60,105.4599990844727,105.620002746582,105.2099990844727,105.3099975585938,35,USD,,,,,,global_reopen_pre_mcx,,Yahoo 60m history truncated by provider lookback window | Missing FX for INR conversion,,,,,,,,
2026-05-20 23:30:00+00:00,2026-05-21 05:00:00,2026-05-21 00:00:00,Brent Crude Futures,ICE,60m,15m,15,105.5500030517578,106.6800003051758,105.2099990844727,106.0999984741211,502,USD,,,,,,global_reopen_pre_mcx,,Yahoo 15m history truncated by provider lookback window | Missing FX for INR conversion,,,,,,,,
2026-05-21 00:30:00+00:00,2026-05-21 06:00:00,2026-05-21 00:00:00,Brent Crude Futures,ICE,60m,5m,5,106.0599975585938,106.0599975585938,105.3099975585938,105.4300003051758,543,USD,,,,,,global_reopen_pre_mcx,,Yahoo 5m history truncated by provider lookback window | Missing FX for INR conversion,,,,,,,,
2026-05-21 01:30:00+00:00,2026-05-21 07:00:00,2026-05-21 00:00:00,Brent Crude Futures,ICE,60m,5m,5,105.4800033569336,105.5699996948242,105.1600036621094,105.3399963378906,310,USD,,,,,,global_reopen_pre_mcx,,Yahoo 5m history truncated by provider lookback window | Missing FX for INR conversion,,,,,,,,
2026-05-21 02:30:00+00:00,2026-05-21 08:00:00,2026-05-21 00:00:00,Brent Crude Futures,ICE,60m,5m,5,105.3300018310547,106.0100021362305,105.3300018310547,105.8000030517578,421,USD,,,,,,global_reopen_pre_mcx,,Yahoo 5m history truncated by provider lookback window | Missing FX for INR conversion,,,,,,,,
2026-05-21 03:30:00+00:00,2026-05-21 09:00:00,2026-05-21 00:00:00,Brent Crude Futures,ICE,60m,15m,15,105.7900009155273,105.9400024414062,105.6900024414062,105.9100036621094,52,USD,,,,,,mcx_open_drive,first_15m_after_mcx_open,Yahoo 15m history truncated by provider lookback window | Missing FX for INR conversion,,,,,,,,
2026-05-21 04:30:00+00:00,2026-05-21 10:00:00,2026-05-21 00:00:00,Brent Crude Futures,ICE,60m,15m,15,105.9499969482422,105.9499969482422,105.5,105.879997253418,90,USD,,,,,,mcx_open_drive,,Yahoo 15m history truncated by provider lookback window | Missing FX for INR conversion,,,,,,,,
2026-05-21 05:30:00+00:00,2026-05-21 11:00:00,2026-05-21 00:00:00,Brent Crude Futures,ICE,60m,5m,5,105.8899993896484,106.8000030517578,105.5999984741211,106.120002746582,1227,USD,,,,,,india_morning,,Yahoo 5m history truncated by provider lookback window | Missing FX for INR conversion,,,,,,,,
2026-05-21 06:30:00+00:00,2026-05-21 12:00:00,2026-05-21 00:00:00,Brent Crude Futures,ICE,60m,5m,5,106.1900024414062,106.6600036621094,106.1100006103516,106.3099975585938,687,USD,,,,,,india_morning,,Yahoo 5m history truncated by provider lookback window | Missing FX for INR conversion,,,,,,,,
2026-05-21 07:30:00+00:00,2026-05-21 13:00:00,2026-05-21 00:00:00,Brent Crude Futures,ICE,60m,5m,5,106.2600021362305,106.3000030517578,104.6500015258789,105.4400024414062,2237,USD,,,,,,india_midday,,Yahoo 5m history truncated by provider lookback window | Missing FX for INR conversion,,,,,,,,
2026-05-21 08:30:00+00:00,2026-05-21 14:00:00,2026-05-21 00:00:00,Brent Crude Futures,ICE,60m,1m,1,105.370002746582,106.1500015258789,104.0999984741211,104.1699981689453,2387,USD,,,,,,india_midday,,Yahoo 1m history truncated by provider lookback window | Missing FX for INR conversion,,,,,,,,
2026-05-21 09:30:00+00:00,2026-05-21 15:00:00,2026-05-21 00:00:00,Brent Crude Futures,ICE,60m,5m,5,104.0400009155273,106.2900009155273,103.75,106.2099990844727,2232,USD,,,,,,india_midday,,Yahoo 5m history truncated by provider lookback window | Missing FX for INR conversion,,,,,,,,
2026-05-21 10:30:00+00:00,2026-05-21 16:00:00,2026-05-21 00:00:00,Brent Crude Futures,ICE,60m,1m,1,106.129997253418,107.7200012207031,106.0999984741211,106.8099975585938,3259,USD,,,,,,europe_open,first_hour_after_europe_open,Yahoo 1m history truncated by provider lookback window | Missing FX for INR conversion,,,,,,,,
2026-05-21 11:30:00+00:00,2026-05-21 17:00:00,2026-05-21 00:00:00,Brent Crude Futures,ICE,60m,5m,5,106.870002746582,107.5100021362305,106.6699981689453,107.4700012207031,1570,USD,,,,,,europe_open,,Yahoo 5m history truncated by provider lookback window | Missing FX for INR conversion,,,,,,,,
2026-05-21 12:30:00+00:00,2026-05-21 18:00:00,2026-05-21 00:00:00,Brent Crude Futures,ICE,60m,1m,1,107.5400009155273,108.7600021362305,106.6999969482422,108.5199966430664,3752,USD,,,,,,europe_mid,,Yahoo 1m history truncated by provider lookback window | Missing FX for INR conversion,,,,,,,,
2026-05-21 13:30:00+00:00,2026-05-21 19:00:00,2026-05-21 00:00:00,Brent Crude Futures,ICE,60m,1m,1,108.5400009155273,109.3099975585938,106.5699996948242,107.0699996948242,6280,USD,,,,,,europe_mid,,Yahoo 1m history truncated by provider lookback window | Missing FX for INR conversion,,,,,,,,
2026-05-21 14:30:00+00:00,2026-05-21 20:00:00,2026-05-21 00:00:00,Brent Crude Futures,ICE,60m,1m,1,107.0500030517578,108.4700012207031,106.7200012207031,108.2099990844727,3556,USD,,,,,,us_pre_open,,Yahoo 1m history truncated by provider lookback window | Missing FX for INR conversion,,,,,,,,
2026-05-21 15:30:00+00:00,2026-05-21 21:00:00,2026-05-21 00:00:00,Brent Crude Futures,ICE,60m,5m,5,108.1999969482422,108.2099990844727,106.2200012207031,106.7699966430664,2470,USD,,,,,,us_open,first_30m_after_us_open,Yahoo 5m history truncated by provider lookback window | Missing FX for INR conversion,,,,,,,,
2026-05-21 16:30:00+00:00,2026-05-21 22:00:00,2026-05-21 00:00:00,Brent Crude Futures,ICE,60m,5m,5,106.7099990844727,106.9000015258789,103.7799987792969,104.7699966430664,4978,USD,,,,,,us_open,,Yahoo 5m history truncated by provider lookback window | Missing FX for INR conversion,,,,,,,,
2026-05-21 17:30:00+00:00,2026-05-21 23:00:00,2026-05-21 00:00:00,Brent Crude Futures,ICE,60m,1m,1,104.7900009155273,105.1999969482422,102.1600036621094,102.620002746582,7371,USD,,,,,,mcx_tail,final_hour_before_mcx_close,Yahoo 1m history truncated by provider lookback window | Missing FX for INR conversion,,,,,,,,
2026-05-21 18:30:00+00:00,2026-05-22 00:00:00,2026-05-21 00:00:00,Brent Crude Futures,ICE,60m,5m,5,102.629997253418,105.0,102.5100021362305,104.1100006103516,4533,USD,,,,,,other_valid_hours,,Yahoo 5m history truncated by provider lookback window | Missing FX for INR conversion,,,,,,,,
2026-05-21 19:30:00+00:00,2026-05-22 01:00:00,2026-05-21 00:00:00,Brent Crude Futures,ICE,60m,5m,5,104.129997253418,104.9000015258789,103.75,104.5899963378906,1579,USD,,,,,,other_valid_hours,,Yahoo 5m history truncated by provider lookback window | Missing FX for INR conversion,,,,,,,,
2026-05-21 20:30:00+00:00,2026-05-22 02:00:00,2026-05-21 00:00:00,Brent Crude Futures,ICE,60m,1m,1,104.6800003051758,104.9300003051758,104.5999984741211,104.879997253418,223,USD,,,,,,other_valid_hours,,Yahoo 1m history truncated by provider lookback window | Missing FX for INR conversion | Partial 1m coverage used for 60m bucket because no fuller finer bucket was available,,,,,,,,
2026-05-21 22:00:00+00:00,2026-05-22 03:00:00,2026-05-22 00:00:00,Brent Crude Futures,ICE,60m,60m,60,104.5199966430664,104.6999969482422,104.1500015258789,104.629997253418,0,USD,,,,,,other_valid_hours,,Yahoo 60m history truncated by provider lookback window | Missing FX for INR conversion,,,,,,,,
2026-05-21 22:30:00+00:00,2026-05-22 04:00:00,2026-05-22 00:00:00,Brent Crude Futures,ICE,60m,15m,15,104.4000015258789,104.8199996948242,104.370002746582,104.5899963378906,61,USD,,,,,,global_reopen_pre_mcx,,Yahoo 15m history truncated by provider lookback window | Missing FX for INR conversion,,,,,,,,
2026-05-21 23:30:00+00:00,2026-05-22 05:00:00,2026-05-22 00:00:00,Brent Crude Futures,ICE,60m,15m,15,104.5999984741211,104.9599990844727,104.4199981689453,104.9300003051758,310,USD,,,,,,global_reopen_pre_mcx,,Yahoo 15m history truncated by provider lookback window | Missing FX for INR conversion,,,,,,,,
2026-05-22 00:30:00+00:00,2026-05-22 06:00:00,2026-05-22 00:00:00,Brent Crude Futures,ICE,60m,5m,5,104.9000015258789,105.0999984741211,104.5899963378906,105.0999984741211,201,USD,,,,,,global_reopen_pre_mcx,,Yahoo 5m history truncated by provider lookback window | Missing FX for INR conversion,,,,,,,,
2026-05-22 01:30:00+00:00,2026-05-22 07:00:00,2026-05-22 00:00:00,Brent Crude Futures,ICE,60m,15m,15,104.8600006103516,104.9100036621094,104.3499984741211,104.5800018310547,248,USD,,,,,,global_reopen_pre_mcx,,Yahoo 15m history truncated by provider lookback window | Missing FX for INR conversion,,,,,,,,
2026-05-22 02:30:00+00:00,2026-05-22 08:00:00,2026-05-22 00:00:00,Brent Crude Futures,ICE,60m,5m,5,104.4400024414062,104.4499969482422,103.9899978637695,104.2200012207031,211,USD,,,,,,global_reopen_pre_mcx,,Yahoo 5m history truncated by provider lookback window | Missing FX for INR conversion,,,,,,,,
2026-05-22 03:30:00+00:00,2026-05-22 09:00:00,2026-05-22 00:00:00,Brent Crude Futures,ICE,60m,15m,15,104.2900009155273,104.3099975585938,103.7699966430664,104.0599975585938,308,USD,,,,,,mcx_open_drive,first_15m_after_mcx_open,Yahoo 15m history truncated by provider lookback window | Missing FX for INR conversion,,,,,,,,
2026-05-22 04:30:00+00:00,2026-05-22 10:00:00,2026-05-22 00:00:00,Brent Crude Futures,ICE,60m,5m,5,104.0899963378906,104.6399993896484,104.0500030517578,104.5899963378906,319,USD,,,,,,mcx_open_drive,,Yahoo 5m history truncated by provider lookback window | Missing FX for INR conversion,,,,,,,,
2026-05-22 05:30:00+00:00,2026-05-22 11:00:00,2026-05-22 00:00:00,Brent Crude Futures,ICE,60m,5m,5,104.5899963378906,105.5899963378906,104.5800018310547,104.8600006103516,627,USD,,,,,,india_morning,,Yahoo 5m history truncated by provider lookback window | Missing FX for INR conversion,,,,,,,,
2026-05-22 06:30:00+00:00,2026-05-22 12:00:00,2026-05-22 00:00:00,Brent Crude Futures,ICE,60m,5m,5,104.8000030517578,105.4300003051758,104.7799987792969,105.0400009155273,1152,USD,,,,,,india_morning,,Yahoo 5m history truncated by provider lookback window | Missing FX for INR conversion,,,,,,,,
2026-05-22 07:30:00+00:00,2026-05-22 13:00:00,2026-05-22 00:00:00,Brent Crude Futures,ICE,60m,5m,5,105.1600036621094,105.8399963378906,105.0100021362305,105.3399963378906,1914,USD,,,,,,india_midday,,Yahoo 5m history truncated by provider lookback window | Missing FX for INR conversion,,,,,,,,
2026-05-22 08:30:00+00:00,2026-05-22 14:00:00,2026-05-22 00:00:00,Brent Crude Futures,ICE,60m,5m,5,105.3600006103516,106.3499984741211,105.3000030517578,105.7699966430664,1503,USD,,,,,,india_midday,,Yahoo 5m history truncated by provider lookback window | Missing FX for INR conversion,,,,,,,,
2026-05-22 09:30:00+00:00,2026-05-22 15:00:00,2026-05-22 00:00:00,Brent Crude Futures,ICE,60m,5m,5,105.8000030517578,105.8099975585938,104.5699996948242,105.4800033569336,1145,USD,,,,,,india_midday,,Yahoo 5m history truncated by provider lookback window | Missing FX for INR conversion,,,,,,,,
2026-05-22 10:30:00+00:00,2026-05-22 16:00:00,2026-05-22 00:00:00,Brent Crude Futures,ICE,60m,5m,5,105.4499969482422,105.7799987792969,105.0599975585938,105.5899963378906,1187,USD,,,,,,europe_open,first_hour_after_europe_open,Yahoo 5m history truncated by provider lookback window | Missing FX for INR conversion,,,,,,,,
2026-05-22 11:30:00+00:00,2026-05-22 17:00:00,2026-05-22 00:00:00,Brent Crude Futures,ICE,60m,5m,5,105.620002746582,105.629997253418,102.6800003051758,103.5899963378906,3318,USD,,,,,,europe_open,,Yahoo 5m history truncated by provider lookback window | Missing FX for INR conversion,,,,,,,,
2026-05-22 12:30:00+00:00,2026-05-22 18:00:00,2026-05-22 00:00:00,Brent Crude Futures,ICE,60m,1m,1,103.5800018310547,103.8600006103516,102.2300033569336,103.3399963378906,2846,USD,,,,,,europe_mid,,Yahoo 1m history truncated by provider lookback window | Missing FX for INR conversion,,,,,,,,
2026-05-22 13:30:00+00:00,2026-05-22 19:00:00,2026-05-22 00:00:00,Brent Crude Futures,ICE,60m,1m,1,103.379997253418,104.7099990844727,103.2300033569336,104.2799987792969,3337,USD,,,,,,europe_mid,,Yahoo 1m history truncated by provider lookback window | Missing FX for INR conversion,,,,,,,,
2026-05-22 14:30:00+00:00,2026-05-22 20:00:00,2026-05-22 00:00:00,Brent Crude Futures,ICE,60m,5m,5,104.3099975585938,104.5599975585938,103.9499969482422,103.9499969482422,2092,USD,,,,,,us_pre_open,,Yahoo 5m history truncated by provider lookback window | Missing FX for INR conversion,,,,,,,,
2026-05-22 15:30:00+00:00,2026-05-22 21:00:00,2026-05-22 00:00:00,Brent Crude Futures,ICE,60m,1m,1,104.0,104.0100021362305,103.3000030517578,103.3099975585938,2076,USD,,,,,,us_open,first_30m_after_us_open,Yahoo 1m history truncated by provider lookback window | Missing FX for INR conversion,,,,,,,,
2026-05-22 16:30:00+00:00,2026-05-22 22:00:00,2026-05-22 00:00:00,Brent Crude Futures,ICE,60m,5m,5,103.3000030517578,103.9100036621094,101.379997253418,101.5800018310547,4413,USD,,,,,,us_open,,Yahoo 5m history truncated by provider lookback window | Missing FX for INR conversion,,,,,,,,
2026-05-22 17:30:00+00:00,2026-05-22 23:00:00,2026-05-22 00:00:00,Brent Crude Futures,ICE,60m,1m,1,101.5699996948242,103.7099990844727,101.4499969482422,103.6900024414062,3732,USD,,,,,,mcx_tail,final_hour_before_mcx_close,Yahoo 1m history truncated by provider lookback window | Missing FX for INR conversion,,,,,,,,
2026-05-22 18:30:00+00:00,2026-05-23 00:00:00,2026-05-22 00:00:00,Brent Crude Futures,ICE,60m,5m,5,103.6999969482422,103.9599990844727,102.9499969482422,103.9599990844727,1393,USD,,,,,,other_valid_hours,,Yahoo 5m history truncated by provider lookback window | Missing FX for INR conversion,,,,,,,,
2026-05-22 19:30:00+00:00,2026-05-23 01:00:00,2026-05-22 00:00:00,Brent Crude Futures,ICE,60m,5m,5,103.9800033569336,104.0199966430664,102.9599990844727,103.2099990844727,898,USD,,,,,,other_valid_hours,,Yahoo 5m history truncated by provider lookback window | Missing FX for INR conversion,,,,,,,,
2026-05-22 20:31:00+00:00,2026-05-23 02:00:00,2026-05-22 00:00:00,Brent Crude Futures,ICE,60m,1m,1,103.2300033569336,104.129997253418,100.2099990844727,103.5400009155273,589,USD,,,,,,other_valid_hours,,Yahoo 1m history truncated by provider lookback window | Missing FX for INR conversion | Partial 1m coverage used for 60m bucket because no fuller finer bucket was available,,,,,,,,
2026-05-26 04:00:00+00:00,2026-05-26 09:00:00,2026-05-26 00:00:00,Brent Crude Futures,ICE,60m,60m,60,95.06999969482422,95.5500030517578,95.02999877929688,95.45999908447266,271,USD,,,,,,mcx_open_drive,first_15m_after_mcx_open,Yahoo 60m history truncated by provider lookback window | Missing FX for INR conversion,,,,,,,,
2026-05-26 04:30:00+00:00,2026-05-26 10:00:00,2026-05-26 00:00:00,Brent Crude Futures,ICE,60m,5m,5,95.25,95.9800033569336,95.12999725341795,95.4499969482422,413,USD,,,,,,mcx_open_drive,,Yahoo 5m history truncated by provider lookback window | Missing FX for INR conversion,,,,,,,,
2026-05-26 05:30:00+00:00,2026-05-26 11:00:00,2026-05-26 00:00:00,Brent Crude Futures,ICE,60m,5m,5,95.5,95.79000091552734,95.13999938964844,95.47000122070312,852,USD,,,,,,india_morning,,Yahoo 5m history truncated by provider lookback window | Missing FX for INR conversion,,,,,,,,
2026-05-26 06:30:00+00:00,2026-05-26 12:00:00,2026-05-26 00:00:00,Brent Crude Futures,ICE,60m,5m,5,95.47000122070312,96.33000183105467,94.93000030517578,95.9000015258789,1418,USD,,,,,,india_morning,,Yahoo 5m history truncated by provider lookback window | Missing FX for INR conversion,,,,,,,,
2026-05-26 07:30:00+00:00,2026-05-26 13:00:00,2026-05-26 00:00:00,Brent Crude Futures,ICE,60m,5m,5,95.91999816894533,96.51000213623048,95.91999816894533,96.29000091552734,1636,USD,,,,,,india_midday,,Yahoo 5m history truncated by provider lookback window | Missing FX for INR conversion,,,,,,,,
2026-05-26 08:30:00+00:00,2026-05-26 14:00:00,2026-05-26 00:00:00,Brent Crude Futures,ICE,60m,5m,5,96.27999877929688,97.08999633789062,96.20999908447266,96.52999877929688,1703,USD,,,,,,india_midday,,Yahoo 5m history truncated by provider lookback window | Missing FX for INR conversion,,,,,,,,
2026-05-26 09:30:00+00:00,2026-05-26 15:00:00,2026-05-26 00:00:00,Brent Crude Futures,ICE,60m,5m,5,96.5500030517578,96.5999984741211,95.2699966430664,95.33999633789062,1675,USD,,,,,,india_midday,,Yahoo 5m history truncated by provider lookback window | Missing FX for INR conversion,,,,,,,,
2026-05-26 10:30:00+00:00,2026-05-26 16:00:00,2026-05-26 00:00:00,Brent Crude Futures,ICE,60m,5m,5,95.3000030517578,95.91999816894533,95.02999877929688,95.80999755859376,1153,USD,,,,,,europe_open,first_hour_after_europe_open,Yahoo 5m history truncated by provider lookback window | Missing FX for INR conversion,,,,,,,,
2026-05-26 11:30:00+00:00,2026-05-26 17:00:00,2026-05-26 00:00:00,Brent Crude Futures,ICE,60m,5m,5,95.80999755859376,96.6999969482422,95.62000274658205,96.16000366210938,1756,USD,,,,,,europe_open,,Yahoo 5m history truncated by provider lookback window | Missing FX for INR conversion,,,,,,,,
2026-05-26 12:30:00+00:00,2026-05-26 18:00:00,2026-05-26 00:00:00,Brent Crude Futures,ICE,60m,5m,5,96.1500015258789,96.4499969482422,95.87999725341795,96.41000366210938,1886,USD,,,,,,europe_mid,,Yahoo 5m history truncated by provider lookback window | Missing FX for INR conversion,,,,,,,,
2026-05-26 13:30:00+00:00,2026-05-26 19:00:00,2026-05-26 00:00:00,Brent Crude Futures,ICE,60m,5m,5,96.45999908447266,97.73999786376952,96.22000122070312,96.94000244140624,2955,USD,,,,,,europe_mid,,Yahoo 5m history truncated by provider lookback window | Missing FX for INR conversion,,,,,,,,
2026-05-26 14:30:00+00:00,2026-05-26 20:00:00,2026-05-26 00:00:00,Brent Crude Futures,ICE,60m,5m,5,96.9000015258789,97.75,96.4499969482422,97.7300033569336,4026,USD,,,,,,us_pre_open,,Yahoo 5m history truncated by provider lookback window | Missing FX for INR conversion,,,,,,,,
2026-05-26 15:30:00+00:00,2026-05-26 21:00:00,2026-05-26 00:00:00,Brent Crude Futures,ICE,60m,5m,5,97.70999908447266,97.72000122070312,97.0199966430664,97.05999755859376,2395,USD,,,,,,us_open,first_30m_after_us_open,Yahoo 5m history truncated by provider lookback window | Missing FX for INR conversion,,,,,,,,
2026-05-26 16:30:00+00:00,2026-05-26 22:00:00,2026-05-26 00:00:00,Brent Crude Futures,ICE,60m,5m,5,97.13999938964844,97.25,96.7300033569336,96.97000122070312,2444,USD,,,,,,us_open,,Yahoo 5m history truncated by provider lookback window | Missing FX for INR conversion,,,,,,,,
2026-05-26 17:30:00+00:00,2026-05-26 23:00:00,2026-05-26 00:00:00,Brent Crude Futures,ICE,60m,5m,5,97.01000213623048,97.0999984741211,96.45999908447266,96.63999938964844,3359,USD,,,,,,mcx_tail,final_hour_before_mcx_close,Yahoo 5m history truncated by provider lookback window | Missing FX for INR conversion,,,,,,,,
2026-05-26 18:30:00+00:00,2026-05-27 00:00:00,2026-05-26 00:00:00,Brent Crude Futures,ICE,60m,5m,5,96.66999816894533,96.87000274658205,96.2300033569336,96.7699966430664,1597,USD,,,,,,other_valid_hours,,Yahoo 5m history truncated by provider lookback window | Missing FX for INR conversion,,,,,,,,
2026-05-26 19:30:00+00:00,2026-05-27 01:00:00,2026-05-26 00:00:00,Brent Crude Futures,ICE,60m,5m,5,96.7699966430664,96.77999877929688,96.16000366210938,96.62999725341795,842,USD,,,,,,other_valid_hours,,Yahoo 5m history truncated by provider lookback window | Missing FX for INR conversion,,,,,,,,
2026-05-26 20:31:00+00:00,2026-05-27 02:00:00,2026-05-26 00:00:00,Brent Crude Futures,ICE,60m,1m,1,96.66999816894533,96.76000213623048,96.51000213623048,96.58999633789062,402,USD,,,,,,other_valid_hours,,Yahoo 1m history truncated by provider lookback window | Missing FX for INR conversion | Partial 1m coverage used for 60m bucket because no fuller finer bucket was available,,,,,,,,
2026-05-26 22:00:00+00:00,2026-05-27 03:00:00,2026-05-27 00:00:00,Brent Crude Futures,ICE,60m,60m,60,96.38999938964844,96.95999908447266,96.2699966430664,96.58999633789062,0,USD,,,,,,other_valid_hours,,Yahoo 60m history truncated by provider lookback window | Missing FX for INR conversion,,,,,,,,
2026-05-26 22:30:00+00:00,2026-05-27 04:00:00,2026-05-27 00:00:00,Brent Crude Futures,ICE,60m,15m,15,96.68000030517578,96.68000030517578,96.4499969482422,96.4499969482422,83,USD,,,,,,global_reopen_pre_mcx,,Yahoo 15m history truncated by provider lookback window | Missing FX for INR conversion,,,,,,,,
2026-05-26 23:30:00+00:00,2026-05-27 05:00:00,2026-05-27 00:00:00,Brent Crude Futures,ICE,60m,15m,15,96.44000244140624,96.44000244140624,95.87999725341795,96.06999969482422,376,USD,,,,,,global_reopen_pre_mcx,,Yahoo 15m history truncated by provider lookback window | Missing FX for INR conversion,,,,,,,,
2026-05-27 00:30:00+00:00,2026-05-27 06:00:00,2026-05-27 00:00:00,Brent Crude Futures,ICE,60m,5m,5,96.0500030517578,96.1999969482422,95.55999755859376,95.87999725341795,1144,USD,,,,,,global_reopen_pre_mcx,,Yahoo 5m history truncated by provider lookback window | Missing FX for INR conversion,,,,,,,,
2026-05-27 01:30:00+00:00,2026-05-27 07:00:00,2026-05-27 00:00:00,Brent Crude Futures,ICE,60m,5m,5,95.8000030517578,95.91999816894533,95.43000030517578,95.56999969482422,511,USD,,,,,,global_reopen_pre_mcx,,Yahoo 5m history truncated by provider lookback window | Missing FX for INR conversion,,,,,,,,
2026-05-27 02:30:00+00:00,2026-05-27 08:00:00,2026-05-27 00:00:00,Brent Crude Futures,ICE,60m,5m,5,95.61000061035156,95.7300033569336,94.91000366210938,95.0199966430664,735,USD,,,,,,global_reopen_pre_mcx,,Yahoo 5m history truncated by provider lookback window | Missing FX for INR conversion,,,,,,,,
2026-05-27 03:30:00+00:00,2026-05-27 09:00:00,2026-05-27 00:00:00,Brent Crude Futures,ICE,60m,5m,5,95.02999877929688,95.23999786376952,94.87999725341795,95.02999877929688,361,USD,,,,,,mcx_open_drive,first_15m_after_mcx_open,Yahoo 5m history truncated by provider lookback window | Missing FX for INR conversion,,,,,,,,
2026-05-27 04:30:00+00:00,2026-05-27 10:00:00,2026-05-27 00:00:00,Brent Crude Futures,ICE,60m,5m,5,95.01000213623048,95.16000366210938,94.87000274658205,95.02999877929688,403,USD,,,,,,mcx_open_drive,,Yahoo 5m history truncated by provider lookback window | Missing FX for INR conversion,,,,,,,,
2026-05-27 05:30:00+00:00,2026-05-27 11:00:00,2026-05-27 00:00:00,Brent Crude Futures,ICE,60m,5m,5,95.01000213623048,95.2699966430664,94.66000366210938,95.0199966430664,896,USD,,,,,,india_morning,,Yahoo 5m history truncated by provider lookback window | Missing FX for INR conversion,,,,,,,,
2026-05-27 06:30:00+00:00,2026-05-27 12:00:00,2026-05-27 00:00:00,Brent Crude Futures,ICE,60m,1m,1,95.0,95.13999938964844,94.22000122070312,94.44000244140624,1737,USD,,,,,,india_morning,,Yahoo 1m history truncated by provider lookback window | Missing FX for INR conversion,,,,,,,,
2026-05-27 07:30:00+00:00,2026-05-27 13:00:00,2026-05-27 00:00:00,Brent Crude Futures,ICE,60m,1m,1,94.41000366210938,94.68000030517578,93.61000061035156,93.75,3456,USD,,,,,,india_midday,,Yahoo 1m history truncated by provider lookback window | Missing FX for INR conversion,,,,,,,,
2026-05-27 08:30:00+00:00,2026-05-27 14:00:00,2026-05-27 00:00:00,Brent Crude Futures,ICE,60m,1m,1,93.75,93.91999816894533,92.87999725341795,93.26000213623048,3741,USD,,,,,,india_midday,,Yahoo 1m history truncated by provider lookback window | Missing FX for INR conversion,,,,,,,,
2026-05-27 09:30:00+00:00,2026-05-27 15:00:00,2026-05-27 00:00:00,Brent Crude Futures,ICE,60m,1m,1,93.30999755859376,93.83999633789062,93.29000091552734,93.79000091552734,1533,USD,,,,,,india_midday,,Yahoo 1m history truncated by provider lookback window | Missing FX for INR conversion,,,,,,,,
2026-05-27 10:30:00+00:00,2026-05-27 16:00:00,2026-05-27 00:00:00,Brent Crude Futures,ICE,60m,5m,5,93.80999755859376,94.4499969482422,93.6999969482422,94.26000213623048,2585,USD,,,,,,europe_open,first_hour_after_europe_open,Yahoo 5m history truncated by provider lookback window | Missing FX for INR conversion,,,,,,,,
2026-05-27 11:30:00+00:00,2026-05-27 17:00:00,2026-05-27 00:00:00,Brent Crude Futures,ICE,60m,1m,1,94.2300033569336,94.47000122070312,92.18000030517578,92.41999816894533,5877,USD,,,,,,europe_open,,Yahoo 1m history truncated by provider lookback window | Missing FX for INR conversion,,,,,,,,
2026-05-27 12:30:00+00:00,2026-05-27 18:00:00,2026-05-27 00:00:00,Brent Crude Futures,ICE,60m,1m,1,92.29000091552734,93.4499969482422,91.72000122070312,93.31999969482422,5244,USD,,,,,,europe_mid,,Yahoo 1m history truncated by provider lookback window | Missing FX for INR conversion,,,,,,,,
2026-05-27 13:30:00+00:00,2026-05-27 19:00:00,2026-05-27 00:00:00,Brent Crude Futures,ICE,60m,5m,5,93.4000015258789,93.81999969482422,93.0199966430664,93.18000030517578,3884,USD,,,,,,europe_mid,,Yahoo 5m history truncated by provider lookback window | Missing FX for INR conversion,,,,,,,,
2026-05-27 14:30:00+00:00,2026-05-27 20:00:00,2026-05-27 00:00:00,Brent Crude Futures,ICE,60m,1m,1,93.22000122070312,94.56999969482422,93.13999938964844,94.02999877929688,5553,USD,,,,,,us_pre_open,,Yahoo 1m history truncated by provider lookback window | Missing FX for INR conversion,,,,,,,,
2026-05-27 15:30:00+00:00,2026-05-27 21:00:00,2026-05-27 00:00:00,Brent Crude Futures,ICE,60m,1m,1,94.0199966430664,94.23999786376952,93.12000274658205,93.27999877929688,4786,USD,,,,,,us_open,first_30m_after_us_open,Yahoo 1m history truncated by provider lookback window | Missing FX for INR conversion,,,,,,,,
2026-05-27 16:30:00+00:00,2026-05-27 22:00:00,2026-05-27 00:00:00,Brent Crude Futures,ICE,60m,5m,5,93.29000091552734,93.55999755859376,92.80999755859376,93.13999938964844,1805,USD,,,,,,us_open,,Yahoo 5m history truncated by provider lookback window | Missing FX for INR conversion,,,,,,,,
2026-05-27 17:30:00+00:00,2026-05-27 23:00:00,2026-05-27 00:00:00,Brent Crude Futures,ICE,60m,5m,5,93.16999816894533,93.16999816894533,92.08999633789062,92.2300033569336,3861,USD,,,,,,mcx_tail,final_hour_before_mcx_close,Yahoo 5m history truncated by provider lookback window | Missing FX for INR conversion,,,,,,,,
2026-05-27 22:00:00+00:00,2026-05-28 03:00:00+05:30,2026-05-28,Brent Crude Futures,ICE,60m,60m,60,92.9000015258789,93.48999786376952,92.9000015258789,93.30999755859376,0,USD,,,,,,other_valid_hours,,Missing FX for INR conversion,BRENT,yahoo_intraday_direct | bucket_complete_60m_for_60m,yahoo_front_symbol_no_verified_roll_metadata,BZ=F,yahoo_finance,https://finance.yahoo.com,UTC,MISSING_DAILY_FX
2026-05-27 22:30:00+00:00,2026-05-28 04:00:00+05:30,2026-05-28,Brent Crude Futures,ICE,60m,15m,15,93.25,93.80999755859376,92.91000366210938,93.76000213623048,226,USD,,,,,,global_reopen_pre_mcx,,Missing FX for INR conversion,BRENT,yahoo_intraday_direct | bucket_complete_15m_for_60m,yahoo_front_symbol_no_verified_roll_metadata,BZ=F,yahoo_finance,https://finance.yahoo.com,UTC,MISSING_DAILY_FX
2026-05-27 23:30:00+00:00,2026-05-28 05:00:00+05:30,2026-05-28,Brent Crude Futures,ICE,60m,15m,15,93.5199966430664,94.2300033569336,93.48999786376952,93.87999725341795,756,USD,,,,,,global_reopen_pre_mcx,,Missing FX for INR conversion,BRENT,yahoo_intraday_direct | bucket_complete_15m_for_60m,yahoo_front_symbol_no_verified_roll_metadata,BZ=F,yahoo_finance,https://finance.yahoo.com,UTC,MISSING_DAILY_FX
2026-05-28 00:30:00+00:00,2026-05-28 06:00:00+05:30,2026-05-28,Brent Crude Futures,ICE,60m,5m,5,93.98999786376952,94.25,93.79000091552734,93.79000091552734,375,USD,,,,,,global_reopen_pre_mcx,,Missing FX for INR conversion,BRENT,yahoo_intraday_direct | bucket_complete_5m_for_60m,yahoo_front_symbol_no_verified_roll_metadata,BZ=F,yahoo_finance,https://finance.yahoo.com,UTC,MISSING_DAILY_FX
2026-05-28 01:30:00+00:00,2026-05-28 07:00:00+05:30,2026-05-28,Brent Crude Futures,ICE,60m,5m,5,93.79000091552734,94.0199966430664,93.6500015258789,93.8499984741211,232,USD,,,,,,global_reopen_pre_mcx,,Missing FX for INR conversion,BRENT,yahoo_intraday_direct | bucket_complete_5m_for_60m,yahoo_front_symbol_no_verified_roll_metadata,BZ=F,yahoo_finance,https://finance.yahoo.com,UTC,MISSING_DAILY_FX
2026-05-28 02:30:00+00:00,2026-05-28 08:00:00+05:30,2026-05-28,Brent Crude Futures,ICE,60m,5m,5,93.86000061035156,95.48999786376952,93.56999969482422,95.12000274658205,1758,USD,,,,,,global_reopen_pre_mcx,,Missing FX for INR conversion,BRENT,yahoo_intraday_direct | bucket_complete_5m_for_60m,yahoo_front_symbol_no_verified_roll_metadata,BZ=F,yahoo_finance,https://finance.yahoo.com,UTC,MISSING_DAILY_FX
2026-05-28 03:30:00+00:00,2026-05-28 09:00:00+05:30,2026-05-28,Brent Crude Futures,ICE,60m,5m,5,95.08000183105467,95.95999908447266,95.08000183105467,95.8499984741211,839,USD,,,,,,mcx_open_drive,first_15m_after_mcx_open,Missing FX for INR conversion,BRENT,yahoo_intraday_direct | bucket_complete_5m_for_60m,yahoo_front_symbol_no_verified_roll_metadata,BZ=F,yahoo_finance,https://finance.yahoo.com,UTC,MISSING_DAILY_FX
2026-05-28 04:30:00+00:00,2026-05-28 10:00:00+05:30,2026-05-28,Brent Crude Futures,ICE,60m,15m,15,95.83999633789062,95.8499984741211,95.4800033569336,95.5500030517578,428,USD,,,,,,mcx_open_drive,,Missing FX for INR conversion,BRENT,yahoo_intraday_direct | bucket_complete_15m_for_60m,yahoo_front_symbol_no_verified_roll_metadata,BZ=F,yahoo_finance,https://finance.yahoo.com,UTC,MISSING_DAILY_FX
2026-05-28 05:30:00+00:00,2026-05-28 11:00:00+05:30,2026-05-28,Brent Crude Futures,ICE,60m,5m,5,95.55999755859376,95.55999755859376,94.6999969482422,94.86000061035156,746,USD,,,,,,india_morning,,Missing FX for INR conversion,BRENT,yahoo_intraday_direct | bucket_complete_5m_for_60m,yahoo_front_symbol_no_verified_roll_metadata,BZ=F,yahoo_finance,https://finance.yahoo.com,UTC,MISSING_DAILY_FX
2026-05-28 06:30:00+00:00,2026-05-28 12:00:00+05:30,2026-05-28,Brent Crude Futures,ICE,60m,5m,5,94.9000015258789,94.97000122070312,94.37000274658205,94.91999816894533,1218,USD,,,,,,india_morning,,Missing FX for INR conversion,BRENT,yahoo_intraday_direct | bucket_complete_5m_for_60m,yahoo_front_symbol_no_verified_roll_metadata,BZ=F,yahoo_finance,https://finance.yahoo.com,UTC,MISSING_DAILY_FX
2026-05-28 07:30:00+00:00,2026-05-28 13:00:00+05:30,2026-05-28,Brent Crude Futures,ICE,60m,5m,5,94.87999725341795,94.97000122070312,94.18000030517578,94.58000183105467,1682,USD,,,,,,india_midday,,Missing FX for INR conversion,BRENT,yahoo_intraday_direct | bucket_complete_5m_for_60m,yahoo_front_symbol_no_verified_roll_metadata,BZ=F,yahoo_finance,https://finance.yahoo.com,UTC,MISSING_DAILY_FX
2026-05-28 08:30:00+00:00,2026-05-28 14:00:00+05:30,2026-05-28,Brent Crude Futures,ICE,60m,5m,5,94.5199966430664,94.7300033569336,93.87000274658205,94.04000091552734,1400,USD,,,,,,india_midday,,Missing FX for INR conversion,BRENT,yahoo_intraday_direct | bucket_complete_5m_for_60m,yahoo_front_symbol_no_verified_roll_metadata,BZ=F,yahoo_finance,https://finance.yahoo.com,UTC,MISSING_DAILY_FX
2026-05-28 09:30:00+00:00,2026-05-28 15:00:00+05:30,2026-05-28,Brent Crude Futures,ICE,60m,1m,1,94.02999877929688,94.36000061035156,93.4499969482422,93.97000122070312,1302,USD,,,,,,india_midday,,Missing FX for INR conversion,BRENT,yahoo_intraday_direct | bucket_complete_1m_for_60m,yahoo_front_symbol_no_verified_roll_metadata,BZ=F,yahoo_finance,https://finance.yahoo.com,UTC,MISSING_DAILY_FX
2026-05-28 10:30:00+00:00,2026-05-28 16:00:00+05:30,2026-05-28,Brent Crude Futures,ICE,60m,1m,1,93.98999786376952,95.11000061035156,93.98999786376952,94.8499984741211,1911,USD,,,,,,europe_open,first_hour_after_europe_open,Missing FX for INR conversion,BRENT,yahoo_intraday_direct | bucket_complete_1m_for_60m,yahoo_front_symbol_no_verified_roll_metadata,BZ=F,yahoo_finance,https://finance.yahoo.com,UTC,MISSING_DAILY_FX
2026-05-28 11:30:00+00:00,2026-05-28 17:00:00+05:30,2026-05-28,Brent Crude Futures,ICE,60m,5m,5,94.88999938964844,95.11000061035156,94.48999786376952,94.5,1719,USD,,,,,,europe_open,,Missing FX for INR conversion,BRENT,yahoo_intraday_direct | bucket_complete_5m_for_60m,yahoo_front_symbol_no_verified_roll_metadata,BZ=F,yahoo_finance,https://finance.yahoo.com,UTC,MISSING_DAILY_FX
2026-05-28 12:30:00+00:00,2026-05-28 18:00:00+05:30,2026-05-28,Brent Crude Futures,ICE,60m,1m,1,94.55999755859376,94.5999984741211,93.6500015258789,94.4000015258789,2738,USD,,,,,,europe_mid,,Missing FX for INR conversion,BRENT,yahoo_intraday_direct | bucket_complete_1m_for_60m,yahoo_front_symbol_no_verified_roll_metadata,BZ=F,yahoo_finance,https://finance.yahoo.com,UTC,MISSING_DAILY_FX
2026-05-28 13:30:00+00:00,2026-05-28 19:00:00+05:30,2026-05-28,Brent Crude Futures,ICE,60m,1m,1,94.38999938964844,94.79000091552734,90.63999938964844,92.79000091552734,7281,USD,,,,,,europe_mid,,Missing FX for INR conversion,BRENT,yahoo_intraday_direct | bucket_complete_1m_for_60m,yahoo_front_symbol_no_verified_roll_metadata,BZ=F,yahoo_finance,https://finance.yahoo.com,UTC,MISSING_DAILY_FX
2026-05-28 14:30:00+00:00,2026-05-28 20:00:00+05:30,2026-05-28,Brent Crude Futures,ICE,60m,1m,1,92.87000274658205,93.62000274658205,92.52999877929688,93.29000091552734,2771,USD,,,,,,us_pre_open,,Missing FX for INR conversion,BRENT,yahoo_intraday_direct | bucket_complete_1m_for_60m,yahoo_front_symbol_no_verified_roll_metadata,BZ=F,yahoo_finance,https://finance.yahoo.com,UTC,MISSING_DAILY_FX
2026-05-28 15:30:00+00:00,2026-05-28 21:00:00+05:30,2026-05-28,Brent Crude Futures,ICE,60m,1m,1,93.26000213623048,93.5,92.1999969482422,92.58999633789062,2015,USD,,,,,,us_open,first_30m_after_us_open,Missing FX for INR conversion,BRENT,yahoo_intraday_direct | bucket_complete_1m_for_60m,yahoo_front_symbol_no_verified_roll_metadata,BZ=F,yahoo_finance,https://finance.yahoo.com,UTC,MISSING_DAILY_FX
2026-05-28 16:30:00+00:00,2026-05-28 22:00:00+05:30,2026-05-28,Brent Crude Futures,ICE,60m,5m,5,92.5199966430664,92.63999938964844,91.62000274658205,92.48999786376952,2762,USD,,,,,,us_open,,Missing FX for INR conversion,BRENT,yahoo_intraday_direct | bucket_complete_5m_for_60m,yahoo_front_symbol_no_verified_roll_metadata,BZ=F,yahoo_finance,https://finance.yahoo.com,UTC,MISSING_DAILY_FX
2026-05-28 17:30:00+00:00,2026-05-28 23:00:00+05:30,2026-05-28,Brent Crude Futures,ICE,60m,5m,5,92.47000122070312,92.9000015258789,92.1999969482422,92.69000244140624,3377,USD,,,,,,mcx_tail,final_hour_before_mcx_close,Missing FX for INR conversion,BRENT,yahoo_intraday_direct | bucket_complete_5m_for_60m,yahoo_front_symbol_no_verified_roll_metadata,BZ=F,yahoo_finance,https://finance.yahoo.com,UTC,MISSING_DAILY_FX
2026-05-28 18:30:00+00:00,2026-05-29 00:00:00+05:30,2026-05-28,Brent Crude Futures,ICE,60m,5m,5,92.8000030517578,93.2300033569336,92.75,93.04000091552734,1104,USD,,,,,,other_valid_hours,,Missing FX for INR conversion,BRENT,yahoo_intraday_direct | bucket_complete_5m_for_60m,yahoo_front_symbol_no_verified_roll_metadata,BZ=F,yahoo_finance,https://finance.yahoo.com,UTC,MISSING_DAILY_FX
2026-05-28 19:30:00+00:00,2026-05-29 01:00:00+05:30,2026-05-28,Brent Crude Futures,ICE,60m,5m,5,93.0,93.43000030517578,92.62999725341795,92.7300033569336,594,USD,,,,,,other_valid_hours,,Missing FX for INR conversion,BRENT,yahoo_intraday_direct | bucket_complete_5m_for_60m,yahoo_front_symbol_no_verified_roll_metadata,BZ=F,yahoo_finance,https://finance.yahoo.com,UTC,MISSING_DAILY_FX
2026-05-28 20:30:00+00:00,2026-05-29 02:00:00+05:30,2026-05-28,Brent Crude Futures,ICE,60m,1m,1,92.66999816894533,92.83999633789062,92.4800033569336,92.4800033569336,228,USD,,,,,,other_valid_hours,,Missing FX for INR conversion | Partial 1m coverage used for 60m bucket because no fuller finer bucket was available,BRENT,yahoo_intraday_direct | bucket_partial_1m_for_60m,yahoo_front_symbol_no_verified_roll_metadata,BZ=F,yahoo_finance,https://finance.yahoo.com,UTC,MISSING_DAILY_FX | PARTIAL_60M_BUCKET_FROM_1M
2026-05-28 22:00:00+00:00,2026-05-29 03:00:00+05:30,2026-05-29,Brent Crude Futures,ICE,60m,60m,60,92.66999816894533,92.66999816894533,92.20999908447266,92.4000015258789,0,USD,,,,,,other_valid_hours,,Missing FX for INR conversion,BRENT,yahoo_intraday_direct | bucket_complete_60m_for_60m,yahoo_front_symbol_no_verified_roll_metadata,BZ=F,yahoo_finance,https://finance.yahoo.com,UTC,MISSING_DAILY_FX
2026-05-28 22:30:00+00:00,2026-05-29 04:00:00+05:30,2026-05-29,Brent Crude Futures,ICE,60m,15m,15,92.54000091552734,92.5999984741211,92.12999725341795,92.4499969482422,62,USD,,,,,,global_reopen_pre_mcx,,Missing FX for INR conversion,BRENT,yahoo_intraday_direct | bucket_complete_15m_for_60m,yahoo_front_symbol_no_verified_roll_metadata,BZ=F,yahoo_finance,https://finance.yahoo.com,UTC,MISSING_DAILY_FX
2026-05-28 23:30:00+00:00,2026-05-29 05:00:00+05:30,2026-05-29,Brent Crude Futures,ICE,60m,15m,15,92.41000366210938,92.47000122070312,91.72000122070312,91.91000366210938,600,USD,,,,,,global_reopen_pre_mcx,,Missing FX for INR conversion,BRENT,yahoo_intraday_direct | bucket_complete_15m_for_60m,yahoo_front_symbol_no_verified_roll_metadata,BZ=F,yahoo_finance,https://finance.yahoo.com,UTC,MISSING_DAILY_FX
2026-05-29 00:30:00+00:00,2026-05-29 06:00:00+05:30,2026-05-29,Brent Crude Futures,ICE,60m,15m,15,91.97000122070312,92.47000122070312,91.66000366210938,92.29000091552734,367,USD,,,,,,global_reopen_pre_mcx,,Missing FX for INR conversion,BRENT,yahoo_intraday_direct | bucket_complete_15m_for_60m,yahoo_front_symbol_no_verified_roll_metadata,BZ=F,yahoo_finance,https://finance.yahoo.com,UTC,MISSING_DAILY_FX
2026-05-29 01:30:00+00:00,2026-05-29 07:00:00+05:30,2026-05-29,Brent Crude Futures,ICE,60m,5m,5,92.30999755859376,92.38999938964844,91.66999816894533,92.0,277,USD,,,,,,global_reopen_pre_mcx,,Missing FX for INR conversion,BRENT,yahoo_intraday_direct | bucket_complete_5m_for_60m,yahoo_front_symbol_no_verified_roll_metadata,BZ=F,yahoo_finance,https://finance.yahoo.com,UTC,MISSING_DAILY_FX
2026-05-29 02:30:00+00:00,2026-05-29 08:00:00+05:30,2026-05-29,Brent Crude Futures,ICE,60m,15m,15,92.0500030517578,92.16000366210938,91.5500030517578,91.76000213623048,352,USD,,,,,,global_reopen_pre_mcx,,Missing FX for INR conversion,BRENT,yahoo_intraday_direct | bucket_complete_15m_for_60m,yahoo_front_symbol_no_verified_roll_metadata,BZ=F,yahoo_finance,https://finance.yahoo.com,UTC,MISSING_DAILY_FX
2026-05-29 03:30:00+00:00,2026-05-29 09:00:00+05:30,2026-05-29,Brent Crude Futures,ICE,60m,5m,5,91.73999786376952,92.33999633789062,91.38999938964844,91.68000030517578,820,USD,,,,,,mcx_open_drive,first_15m_after_mcx_open,Missing FX for INR conversion,BRENT,yahoo_intraday_direct | bucket_complete_5m_for_60m,yahoo_front_symbol_no_verified_roll_metadata,BZ=F,yahoo_finance,https://finance.yahoo.com,UTC,MISSING_DAILY_FX
2026-05-29 04:30:00+00:00,2026-05-29 10:00:00+05:30,2026-05-29,Brent Crude Futures,ICE,60m,5m,5,91.61000061035156,91.97000122070312,91.52999877929688,91.72000122070312,354,USD,,,,,,mcx_open_drive,,Missing FX for INR conversion,BRENT,yahoo_intraday_direct | bucket_complete_5m_for_60m,yahoo_front_symbol_no_verified_roll_metadata,BZ=F,yahoo_finance,https://finance.yahoo.com,UTC,MISSING_DAILY_FX
2026-05-29 05:30:00+00:00,2026-05-29 11:00:00+05:30,2026-05-29,Brent Crude Futures,ICE,60m,5m,5,91.76000213623048,92.0500030517578,91.37999725341795,91.45999908447266,861,USD,,,,,,india_morning,,Missing FX for INR conversion,BRENT,yahoo_intraday_direct | bucket_complete_5m_for_60m,yahoo_front_symbol_no_verified_roll_metadata,BZ=F,yahoo_finance,https://finance.yahoo.com,UTC,MISSING_DAILY_FX
2026-05-29 06:30:00+00:00,2026-05-29 12:00:00+05:30,2026-05-29,Brent Crude Futures,ICE,60m,5m,5,91.41999816894533,92.0,91.27999877929688,91.9000015258789,873,USD,,,,,,india_morning,,Missing FX for INR conversion,BRENT,yahoo_intraday_direct | bucket_complete_5m_for_60m,yahoo_front_symbol_no_verified_roll_metadata,BZ=F,yahoo_finance,https://finance.yahoo.com,UTC,MISSING_DAILY_FX
2026-05-29 07:30:00+00:00,2026-05-29 13:00:00+05:30,2026-05-29,Brent Crude Futures,ICE,60m,1m,1,91.9000015258789,92.88999938964844,91.9000015258789,92.58000183105467,1887,USD,,,,,,india_midday,,Missing FX for INR conversion,BRENT,yahoo_intraday_direct | bucket_complete_1m_for_60m,yahoo_front_symbol_no_verified_roll_metadata,BZ=F,yahoo_finance,https://finance.yahoo.com,UTC,MISSING_DAILY_FX
2026-05-29 08:30:00+00:00,2026-05-29 14:00:00+05:30,2026-05-29,Brent Crude Futures,ICE,60m,5m,5,92.55999755859376,92.7300033569336,90.5999984741211,90.83999633789062,2726,USD,,,,,,india_midday,,Missing FX for INR conversion,BRENT,yahoo_intraday_direct | bucket_complete_5m_for_60m,yahoo_front_symbol_no_verified_roll_metadata,BZ=F,yahoo_finance,https://finance.yahoo.com,UTC,MISSING_DAILY_FX
2026-05-29 09:30:00+00:00,2026-05-29 15:00:00+05:30,2026-05-29,Brent Crude Futures,ICE,60m,5m,5,90.83000183105467,91.45999908447266,90.66999816894533,91.31999969482422,1105,USD,,,,,,india_midday,,Missing FX for INR conversion,BRENT,yahoo_intraday_direct | bucket_complete_5m_for_60m,yahoo_front_symbol_no_verified_roll_metadata,BZ=F,yahoo_finance,https://finance.yahoo.com,UTC,MISSING_DAILY_FX
2026-05-29 10:30:00+00:00,2026-05-29 16:00:00+05:30,2026-05-29,Brent Crude Futures,ICE,60m,5m,5,91.31999969482422,91.38999938964844,90.45999908447266,90.87999725341795,1185,USD,,,,,,europe_open,first_hour_after_europe_open,Missing FX for INR conversion,BRENT,yahoo_intraday_direct | bucket_complete_5m_for_60m,yahoo_front_symbol_no_verified_roll_metadata,BZ=F,yahoo_finance,https://finance.yahoo.com,UTC,MISSING_DAILY_FX
2026-05-29 11:30:00+00:00,2026-05-29 17:00:00+05:30,2026-05-29,Brent Crude Futures,ICE,60m,5m,5,90.91999816894533,91.76000213623048,90.91000366210938,91.16999816894533,1301,USD,,,,,,europe_open,,Missing FX for INR conversion,BRENT,yahoo_intraday_direct | bucket_complete_5m_for_60m,yahoo_front_symbol_no_verified_roll_metadata,BZ=F,yahoo_finance,https://finance.yahoo.com,UTC,MISSING_DAILY_FX
2026-05-29 12:30:00+00:00,2026-05-29 18:00:00+05:30,2026-05-29,Brent Crude Futures,ICE,60m,1m,1,91.1500015258789,91.55999755859376,90.4499969482422,91.04000091552734,3261,USD,,,,,,europe_mid,,Missing FX for INR conversion,BRENT,yahoo_intraday_direct | bucket_complete_1m_for_60m,yahoo_front_symbol_no_verified_roll_metadata,BZ=F,yahoo_finance,https://finance.yahoo.com,UTC,MISSING_DAILY_FX
2026-05-29 13:30:00+00:00,2026-05-29 19:00:00+05:30,2026-05-29,Brent Crude Futures,ICE,60m,1m,1,91.0500030517578,91.93000030517578,90.83000183105467,91.87999725341795,3251,USD,,,,,,europe_mid,,Missing FX for INR conversion,BRENT,yahoo_intraday_direct | bucket_complete_1m_for_60m,yahoo_front_symbol_no_verified_roll_metadata,BZ=F,yahoo_finance,https://finance.yahoo.com,UTC,MISSING_DAILY_FX
2026-05-29 14:30:00+00:00,2026-05-29 20:00:00+05:30,2026-05-29,Brent Crude Futures,ICE,60m,1m,1,91.87999725341795,92.19000244140624,89.94000244140625,90.66000366210938,6835,USD,,,,,,us_pre_open,,Missing FX for INR conversion,BRENT,yahoo_intraday_direct | bucket_complete_1m_for_60m,yahoo_front_symbol_no_verified_roll_metadata,BZ=F,yahoo_finance,https://finance.yahoo.com,UTC,MISSING_DAILY_FX
2026-05-29 15:30:00+00:00,2026-05-29 21:00:00+05:30,2026-05-29,Brent Crude Futures,ICE,60m,5m,5,90.6500015258789,91.3000030517578,90.45999908447266,91.06999969482422,2597,USD,,,,,,us_open,first_30m_after_us_open,Missing FX for INR conversion,BRENT,yahoo_intraday_direct | bucket_complete_5m_for_60m,yahoo_front_symbol_no_verified_roll_metadata,BZ=F,yahoo_finance,https://finance.yahoo.com,UTC,MISSING_DAILY_FX
2026-05-29 16:30:00+00:00,2026-05-29 22:00:00+05:30,2026-05-29,Brent Crude Futures,ICE,60m,1m,1,91.05999755859376,91.1500015258789,90.2699966430664,90.9800033569336,3957,USD,,,,,,us_open,,Missing FX for INR conversion,BRENT,yahoo_intraday_direct | bucket_complete_1m_for_60m,yahoo_front_symbol_no_verified_roll_metadata,BZ=F,yahoo_finance,https://finance.yahoo.com,UTC,MISSING_DAILY_FX
2026-05-29 17:30:00+00:00,2026-05-29 23:00:00+05:30,2026-05-29,Brent Crude Futures,ICE,60m,5m,5,91.0,91.43000030517578,90.56999969482422,91.1500015258789,3112,USD,,,,,,mcx_tail,final_hour_before_mcx_close,Missing FX for INR conversion,BRENT,yahoo_intraday_direct | bucket_complete_5m_for_60m,yahoo_front_symbol_no_verified_roll_metadata,BZ=F,yahoo_finance,https://finance.yahoo.com,UTC,MISSING_DAILY_FX
2026-05-29 18:30:00+00:00,2026-05-30 00:00:00+05:30,2026-05-29,Brent Crude Futures,ICE,60m,5m,5,91.1500015258789,91.7300033569336,90.79000091552734,91.5,1740,USD,,,,,,other_valid_hours,,Missing FX for INR conversion,BRENT,yahoo_intraday_direct | bucket_complete_5m_for_60m,yahoo_front_symbol_no_verified_roll_metadata,BZ=F,yahoo_finance,https://finance.yahoo.com,UTC,MISSING_DAILY_FX
2026-05-29 19:30:00+00:00,2026-05-30 01:00:00+05:30,2026-05-29,Brent Crude Futures,ICE,60m,15m,15,91.51000213623048,91.9499969482422,91.4499969482422,91.7300033569336,467,USD,,,,,,other_valid_hours,,Missing FX for INR conversion,BRENT,yahoo_intraday_direct | bucket_complete_15m_for_60m,yahoo_front_symbol_no_verified_roll_metadata,BZ=F,yahoo_finance,https://finance.yahoo.com,UTC,MISSING_DAILY_FX
2026-05-29 20:30:00+00:00,2026-05-30 02:00:00+05:30,2026-05-29,Brent Crude Futures,ICE,60m,1m,1,91.68000030517578,91.79000091552734,91.12000274658205,91.12000274658205,289,USD,,,,,,other_valid_hours,,Missing FX for INR conversion | Partial 1m coverage used for 60m bucket because no fuller finer bucket was available,BRENT,yahoo_intraday_direct | bucket_partial_1m_for_60m,yahoo_front_symbol_no_verified_roll_metadata,BZ=F,yahoo_finance,https://finance.yahoo.com,UTC,MISSING_DAILY_FX | PARTIAL_60M_BUCKET_FROM_1M
2026-05-31 22:00:00+00:00,2026-06-01 03:00:00+05:30,2026-06-01,Brent Crude Futures,ICE,60m,60m,60,93.4499969482422,93.4499969482422,92.87999725341795,93.26000213623048,249,USD,,,,,,other_valid_hours,,Missing FX for INR conversion,BRENT,yahoo_intraday_direct | bucket_complete_60m_for_60m,yahoo_front_symbol_no_verified_roll_metadata,BZ=F,yahoo_finance,https://finance.yahoo.com,UTC,MISSING_DAILY_FX
2026-05-31 22:30:00+00:00,2026-06-01 04:00:00+05:30,2026-06-01,Brent Crude Futures,ICE,60m,5m,5,93.11000061035156,93.26000213623048,92.73999786376952,92.86000061035156,394,USD,,,,,,global_reopen_pre_mcx,,Missing FX for INR conversion,BRENT,yahoo_intraday_direct | bucket_complete_5m_for_60m,yahoo_front_symbol_no_verified_roll_metadata,BZ=F,yahoo_finance,https://finance.yahoo.com,UTC,MISSING_DAILY_FX
2026-05-31 23:30:00+00:00,2026-06-01 05:00:00+05:30,2026-06-01,Brent Crude Futures,ICE,60m,5m,5,92.79000091552734,93.37999725341795,92.62000274658205,93.26000213623048,399,USD,,,,,,global_reopen_pre_mcx,,Missing FX for INR conversion,BRENT,yahoo_intraday_direct | bucket_complete_5m_for_60m,yahoo_front_symbol_no_verified_roll_metadata,BZ=F,yahoo_finance,https://finance.yahoo.com,UTC,MISSING_DAILY_FX
2026-06-01 00:30:00+00:00,2026-06-01 06:00:00+05:30,2026-06-01,Brent Crude Futures,ICE,60m,5m,5,93.23999786376952,93.5,92.62000274658205,93.26000213623048,418,USD,,,,,,global_reopen_pre_mcx,,Missing FX for INR conversion,BRENT,yahoo_intraday_direct | bucket_complete_5m_for_60m,yahoo_front_symbol_no_verified_roll_metadata,BZ=F,yahoo_finance,https://finance.yahoo.com,UTC,MISSING_DAILY_FX
2026-06-01 01:30:00+00:00,2026-06-01 07:00:00+05:30,2026-06-01,Brent Crude Futures,ICE,60m,5m,5,93.29000091552734,93.61000061035156,93.19000244140624,93.27999877929688,507,USD,,,,,,global_reopen_pre_mcx,,Missing FX for INR conversion,BRENT,yahoo_intraday_direct | bucket_complete_5m_for_60m,yahoo_front_symbol_no_verified_roll_metadata,BZ=F,yahoo_finance,https://finance.yahoo.com,UTC,MISSING_DAILY_FX
2026-06-01 02:30:00+00:00,2026-06-01 08:00:00+05:30,2026-06-01,Brent Crude Futures,ICE,60m,5m,5,93.29000091552734,93.4000015258789,92.9000015258789,93.0500030517578,457,USD,,,,,,global_reopen_pre_mcx,,Missing FX for INR conversion,BRENT,yahoo_intraday_direct | bucket_complete_5m_for_60m,yahoo_front_symbol_no_verified_roll_metadata,BZ=F,yahoo_finance,https://finance.yahoo.com,UTC,MISSING_DAILY_FX
2026-06-01 03:30:00+00:00,2026-06-01 09:00:00+05:30,2026-06-01,Brent Crude Futures,ICE,60m,5m,5,93.12000274658205,93.4800033569336,92.75,93.2300033569336,243,USD,,,,,,mcx_open_drive,first_15m_after_mcx_open,Missing FX for INR conversion,BRENT,yahoo_intraday_direct | bucket_complete_5m_for_60m,yahoo_front_symbol_no_verified_roll_metadata,BZ=F,yahoo_finance,https://finance.yahoo.com,UTC,MISSING_DAILY_FX
2026-06-01 04:30:00+00:00,2026-06-01 10:00:00+05:30,2026-06-01,Brent Crude Futures,ICE,60m,5m,5,93.1999969482422,93.20999908447266,92.69000244140624,93.13999938964844,334,USD,,,,,,mcx_open_drive,,Missing FX for INR conversion,BRENT,yahoo_intraday_direct | bucket_complete_5m_for_60m,yahoo_front_symbol_no_verified_roll_metadata,BZ=F,yahoo_finance,https://finance.yahoo.com,UTC,MISSING_DAILY_FX
2026-06-01 05:30:00+00:00,2026-06-01 11:00:00+05:30,2026-06-01,Brent Crude Futures,ICE,60m,5m,5,93.16000366210938,93.69000244140624,93.1500015258789,93.61000061035156,568,USD,,,,,,india_morning,,Missing FX for INR conversion,BRENT,yahoo_intraday_direct | bucket_complete_5m_for_60m,yahoo_front_symbol_no_verified_roll_metadata,BZ=F,yahoo_finance,https://finance.yahoo.com,UTC,MISSING_DAILY_FX
2026-06-01 06:30:00+00:00,2026-06-01 12:00:00+05:30,2026-06-01,Brent Crude Futures,ICE,60m,1m,1,93.61000061035156,94.26000213623048,93.5500030517578,93.9000015258789,1114,USD,,,,,,india_morning,,Missing FX for INR conversion,BRENT,yahoo_intraday_direct | bucket_complete_1m_for_60m,yahoo_front_symbol_no_verified_roll_metadata,BZ=F,yahoo_finance,https://finance.yahoo.com,UTC,MISSING_DAILY_FX
2026-06-01 07:30:00+00:00,2026-06-01 13:00:00+05:30,2026-06-01,Brent Crude Futures,ICE,60m,1m,1,93.91999816894533,94.37999725341795,93.7699966430664,94.25,991,USD,,,,,,india_midday,,Missing FX for INR conversion,BRENT,yahoo_intraday_direct | bucket_complete_1m_for_60m,yahoo_front_symbol_no_verified_roll_metadata,BZ=F,yahoo_finance,https://finance.yahoo.com,UTC,MISSING_DAILY_FX
2026-06-01 08:30:00+00:00,2026-06-01 14:00:00+05:30,2026-06-01,Brent Crude Futures,ICE,60m,5m,5,94.26000213623048,94.63999938964844,93.91999816894533,94.33000183105467,2068,USD,,,,,,india_midday,,Missing FX for INR conversion,BRENT,yahoo_intraday_direct | bucket_complete_5m_for_60m,yahoo_front_symbol_no_verified_roll_metadata,BZ=F,yahoo_finance,https://finance.yahoo.com,UTC,MISSING_DAILY_FX
2026-06-01 09:30:00+00:00,2026-06-01 15:00:00+05:30,2026-06-01,Brent Crude Futures,ICE,60m,5m,5,94.37000274658205,94.37000274658205,93.83999633789062,94.0,1018,USD,,,,,,india_midday,,Missing FX for INR conversion,BRENT,yahoo_intraday_direct | bucket_complete_5m_for_60m,yahoo_front_symbol_no_verified_roll_metadata,BZ=F,yahoo_finance,https://finance.yahoo.com,UTC,MISSING_DAILY_FX
2026-06-01 10:30:00+00:00,2026-06-01 16:00:00+05:30,2026-06-01,Brent Crude Futures,ICE,60m,5m,5,93.9800033569336,94.22000122070312,93.75,93.80999755859376,1242,USD,,,,,,europe_open,first_hour_after_europe_open,Missing FX for INR conversion,BRENT,yahoo_intraday_direct | bucket_complete_5m_for_60m,yahoo_front_symbol_no_verified_roll_metadata,BZ=F,yahoo_finance,https://finance.yahoo.com,UTC,MISSING_DAILY_FX
2026-06-01 11:30:00+00:00,2026-06-01 17:00:00+05:30,2026-06-01,Brent Crude Futures,ICE,60m,5m,5,93.79000091552734,93.87000274658205,93.12000274658205,93.2300033569336,1423,USD,,,,,,europe_open,,Missing FX for INR conversion,BRENT,yahoo_intraday_direct | bucket_complete_5m_for_60m,yahoo_front_symbol_no_verified_roll_metadata,BZ=F,yahoo_finance,https://finance.yahoo.com,UTC,MISSING_DAILY_FX
2026-06-01 12:30:00+00:00,2026-06-01 18:00:00+05:30,2026-06-01,Brent Crude Futures,ICE,60m,5m,5,93.2300033569336,96.0500030517578,92.62999725341795,95.88999938964844,7192,USD,,,,,,europe_mid,,Missing FX for INR conversion,BRENT,yahoo_intraday_direct | bucket_complete_5m_for_60m,yahoo_front_symbol_no_verified_roll_metadata,BZ=F,yahoo_finance,https://finance.yahoo.com,UTC,MISSING_DAILY_FX
2026-06-01 13:30:00+00:00,2026-06-01 19:00:00+05:30,2026-06-01,Brent Crude Futures,ICE,60m,1m,1,95.88999938964844,97.41999816894533,95.38999938964844,97.3000030517578,9315,USD,,,,,,europe_mid,,Missing FX for INR conversion,BRENT,yahoo_intraday_direct | bucket_complete_1m_for_60m,yahoo_front_symbol_no_verified_roll_metadata,BZ=F,yahoo_finance,https://finance.yahoo.com,UTC,MISSING_DAILY_FX
2026-06-01 14:30:00+00:00,2026-06-01 20:00:00+05:30,2026-06-01,Brent Crude Futures,ICE,60m,1m,1,97.31999969482422,97.8000030517578,96.81999969482422,97.01000213623048,5055,USD,,,,,,us_pre_open,,Missing FX for INR conversion,BRENT,yahoo_intraday_direct | bucket_complete_1m_for_60m,yahoo_front_symbol_no_verified_roll_metadata,BZ=F,yahoo_finance,https://finance.yahoo.com,UTC,MISSING_DAILY_FX
2026-06-01 15:30:00+00:00,2026-06-01 21:00:00+05:30,2026-06-01,Brent Crude Futures,ICE,60m,1m,1,96.9800033569336,97.54000091552734,95.62999725341795,97.19000244140624,6937,USD,,,,,,us_open,first_30m_after_us_open,Missing FX for INR conversion,BRENT,yahoo_intraday_direct | bucket_complete_1m_for_60m,yahoo_front_symbol_no_verified_roll_metadata,BZ=F,yahoo_finance,https://finance.yahoo.com,UTC,MISSING_DAILY_FX
2026-06-01 16:30:00+00:00,2026-06-01 22:00:00+05:30,2026-06-01,Brent Crude Futures,ICE,60m,1m,1,97.16999816894533,97.5,94.61000061035156,94.7300033569336,6318,USD,,,,,,us_open,,Missing FX for INR conversion,BRENT,yahoo_intraday_direct | bucket_complete_1m_for_60m,yahoo_front_symbol_no_verified_roll_metadata,BZ=F,yahoo_finance,https://finance.yahoo.com,UTC,MISSING_DAILY_FX
2026-06-01 17:30:00+00:00,2026-06-01 23:00:00+05:30,2026-06-01,Brent Crude Futures,ICE,60m,1m,1,94.7699966430664,95.30999755859376,94.1500015258789,94.97000122070312,6103,USD,,,,,,mcx_tail,final_hour_before_mcx_close,Missing FX for INR conversion,BRENT,yahoo_intraday_direct | bucket_complete_1m_for_60m,yahoo_front_symbol_no_verified_roll_metadata,BZ=F,yahoo_finance,https://finance.yahoo.com,UTC,MISSING_DAILY_FX
2026-06-01 18:30:00+00:00,2026-06-02 00:00:00+05:30,2026-06-01,Brent Crude Futures,ICE,60m,5m,5,94.97000122070312,95.4000015258789,94.9499969482422,95.04000091552734,988,USD,,,,,,other_valid_hours,,Missing FX for INR conversion,BRENT,yahoo_intraday_direct | bucket_complete_5m_for_60m,yahoo_front_symbol_no_verified_roll_metadata,BZ=F,yahoo_finance,https://finance.yahoo.com,UTC,MISSING_DAILY_FX
2026-06-01 19:30:00+00:00,2026-06-02 01:00:00+05:30,2026-06-01,Brent Crude Futures,ICE,60m,5m,5,95.0199966430664,95.41000366210938,94.9800033569336,95.26000213623048,746,USD,,,,,,other_valid_hours,,Missing FX for INR conversion,BRENT,yahoo_intraday_direct | bucket_complete_5m_for_60m,yahoo_front_symbol_no_verified_roll_metadata,BZ=F,yahoo_finance,https://finance.yahoo.com,UTC,MISSING_DAILY_FX
2026-06-01 20:30:00+00:00,2026-06-02 02:00:00+05:30,2026-06-01,Brent Crude Futures,ICE,60m,1m,1,95.26000213623048,95.4800033569336,95.12000274658205,95.3000030517578,352,USD,,,,,,other_valid_hours,,Missing FX for INR conversion | Partial 1m coverage used for 60m bucket because no fuller finer bucket was available,BRENT,yahoo_intraday_direct | bucket_partial_1m_for_60m,yahoo_front_symbol_no_verified_roll_metadata,BZ=F,yahoo_finance,https://finance.yahoo.com,UTC,MISSING_DAILY_FX | PARTIAL_60M_BUCKET_FROM_1M
2026-06-01 22:00:00+00:00,2026-06-02 03:00:00+05:30,2026-06-02,Brent Crude Futures,ICE,60m,60m,60,95.4000015258789,95.43000030517578,94.97000122070312,95.16000366210938,0,USD,,,,,,other_valid_hours,,Missing FX for INR conversion,BRENT,yahoo_intraday_direct | bucket_complete_60m_for_60m,yahoo_front_symbol_no_verified_roll_metadata,BZ=F,yahoo_finance,https://finance.yahoo.com,UTC,MISSING_DAILY_FX
2026-06-01 22:30:00+00:00,2026-06-02 04:00:00+05:30,2026-06-02,Brent Crude Futures,ICE,60m,15m,15,95.13999938964844,95.2699966430664,95.13999938964844,95.19000244140625,35,USD,,,,,,global_reopen_pre_mcx,,Missing FX for INR conversion,BRENT,yahoo_intraday_direct | bucket_complete_15m_for_60m,yahoo_front_symbol_no_verified_roll_metadata,BZ=F,yahoo_finance,https://finance.yahoo.com,UTC,MISSING_DAILY_FX
2026-06-01 23:30:00+00:00,2026-06-02 05:00:00+05:30,2026-06-02,Brent Crude Futures,ICE,60m,15m,15,95.19000244140625,95.19000244140625,94.70999908447266,94.9000015258789,364,USD,,,,,,global_reopen_pre_mcx,,Missing FX for INR conversion,BRENT,yahoo_intraday_direct | bucket_complete_15m_for_60m,yahoo_front_symbol_no_verified_roll_metadata,BZ=F,yahoo_finance,https://finance.yahoo.com,UTC,MISSING_DAILY_FX
2026-06-02 00:30:00+00:00,2026-06-02 06:00:00+05:30,2026-06-02,Brent Crude Futures,ICE,60m,5m,5,94.87999725341797,95.51000213623047,94.41999816894531,94.91000366210938,779,USD,,,,,,global_reopen_pre_mcx,,Missing FX for INR conversion,BRENT,yahoo_intraday_direct | bucket_complete_5m_for_60m,yahoo_front_symbol_no_verified_roll_metadata,BZ=F,yahoo_finance,https://finance.yahoo.com,UTC,MISSING_DAILY_FX
2026-06-02 01:30:00+00:00,2026-06-02 07:00:00+05:30,2026-06-02,Brent Crude Futures,ICE,60m,5m,5,94.91999816894531,94.93000030517578,94.30999755859375,94.66999816894531,414,USD,,,,,,global_reopen_pre_mcx,,Missing FX for INR conversion,BRENT,yahoo_intraday_direct | bucket_complete_5m_for_60m,yahoo_front_symbol_no_verified_roll_metadata,BZ=F,yahoo_finance,https://finance.yahoo.com,UTC,MISSING_DAILY_FX
2026-06-02 02:30:00+00:00,2026-06-02 08:00:00+05:30,2026-06-02,Brent Crude Futures,ICE,60m,5m,5,94.66000366210938,94.7699966430664,94.41000366210938,94.48999786376953,319,USD,,,,,,global_reopen_pre_mcx,,Missing FX for INR conversion,BRENT,yahoo_intraday_direct | bucket_complete_5m_for_60m,yahoo_front_symbol_no_verified_roll_metadata,BZ=F,yahoo_finance,https://finance.yahoo.com,UTC,MISSING_DAILY_FX
2026-06-02 03:30:00+00:00,2026-06-02 09:00:00+05:30,2026-06-02,Brent Crude Futures,ICE,60m,15m,15,94.5999984741211,94.5999984741211,94.0999984741211,94.19000244140625,172,USD,,,,,,mcx_open_drive,first_15m_after_mcx_open,Missing FX for INR conversion,BRENT,yahoo_intraday_direct | bucket_complete_15m_for_60m,yahoo_front_symbol_no_verified_roll_metadata,BZ=F,yahoo_finance,https://finance.yahoo.com,UTC,MISSING_DAILY_FX
2026-06-02 04:30:00+00:00,2026-06-02 10:00:00+05:30,2026-06-02,Brent Crude Futures,ICE,60m,5m,5,94.23999786376953,94.2699966430664,94.05000305175781,94.19999694824219,93,USD,,,,,,mcx_open_drive,,Missing FX for INR conversion,BRENT,yahoo_intraday_direct | bucket_complete_5m_for_60m,yahoo_front_symbol_no_verified_roll_metadata,BZ=F,yahoo_finance,https://finance.yahoo.com,UTC,MISSING_DAILY_FX
2026-06-02 05:30:00+00:00,2026-06-02 11:00:00+05:30,2026-06-02,Brent Crude Futures,ICE,60m,5m,5,94.2300033569336,94.41000366210938,93.9000015258789,94.05999755859375,397,USD,,,,,,india_morning,,Missing FX for INR conversion,BRENT,yahoo_intraday_direct | bucket_complete_5m_for_60m,yahoo_front_symbol_no_verified_roll_metadata,BZ=F,yahoo_finance,https://finance.yahoo.com,UTC,MISSING_DAILY_FX
2026-06-02 06:30:00+00:00,2026-06-02 12:00:00+05:30,2026-06-02,Brent Crude Futures,ICE,60m,5m,5,94.0,94.5999984741211,93.8499984741211,94.25,1156,USD,,,,,,india_morning,,Missing FX for INR conversion,BRENT,yahoo_intraday_direct | bucket_complete_5m_for_60m,yahoo_front_symbol_no_verified_roll_metadata,BZ=F,yahoo_finance,https://finance.yahoo.com,UTC,MISSING_DAILY_FX
2026-06-02 07:30:00+00:00,2026-06-02 13:00:00+05:30,2026-06-02,Brent Crude Futures,ICE,60m,5m,5,94.22000122070312,94.45999908447266,93.13999938964844,93.86000061035156,2962,USD,,,,,,india_midday,,Missing FX for INR conversion,BRENT,yahoo_intraday_direct | bucket_complete_5m_for_60m,yahoo_front_symbol_no_verified_roll_metadata,BZ=F,yahoo_finance,https://finance.yahoo.com,UTC,MISSING_DAILY_FX
2026-06-02 08:30:00+00:00,2026-06-02 14:00:00+05:30,2026-06-02,Brent Crude Futures,ICE,60m,1m,1,93.83999633789062,93.83999633789062,92.81999969482422,93.31999969482422,1698,USD,,,,,,india_midday,,Missing FX for INR conversion,BRENT,yahoo_intraday_direct | bucket_complete_1m_for_60m,yahoo_front_symbol_no_verified_roll_metadata,BZ=F,yahoo_finance,https://finance.yahoo.com,UTC,MISSING_DAILY_FX
2026-06-02 09:30:00+00:00,2026-06-02 15:00:00+05:30,2026-06-02,Brent Crude Futures,ICE,60m,5m,5,93.3499984741211,94.13999938964844,93.30000305175781,93.93000030517578,1494,USD,,,,,,india_midday,,Missing FX for INR conversion,BRENT,yahoo_intraday_direct | bucket_complete_5m_for_60m,yahoo_front_symbol_no_verified_roll_metadata,BZ=F,yahoo_finance,https://finance.yahoo.com,UTC,MISSING_DAILY_FX
2026-06-02 10:30:00+00:00,2026-06-02 16:00:00+05:30,2026-06-02,Brent Crude Futures,ICE,60m,5m,5,93.87000274658203,93.95999908447266,93.5199966430664,93.8499984741211,1029,USD,,,,,,europe_open,first_hour_after_europe_open,Missing FX for INR conversion,BRENT,yahoo_intraday_direct | bucket_complete_5m_for_60m,yahoo_front_symbol_no_verified_roll_metadata,BZ=F,yahoo_finance,https://finance.yahoo.com,UTC,MISSING_DAILY_FX
2026-06-02 11:30:00+00:00,2026-06-02 17:00:00+05:30,2026-06-02,Brent Crude Futures,ICE,60m,5m,5,93.87000274658203,93.9800033569336,93.48999786376953,93.61000061035156,2027,USD,,,,,,europe_open,,Missing FX for INR conversion,BRENT,yahoo_intraday_direct | bucket_complete_5m_for_60m,yahoo_front_symbol_no_verified_roll_metadata,BZ=F,yahoo_finance,https://finance.yahoo.com,UTC,MISSING_DAILY_FX
2026-06-02 12:30:00+00:00,2026-06-02 18:00:00+05:30,2026-06-02,Brent Crude Futures,ICE,60m,5m,5,93.58000183105469,94.97000122070312,93.58000183105469,94.86000061035156,3734,USD,,,,,,europe_mid,,Missing FX for INR conversion,BRENT,yahoo_intraday_direct | bucket_complete_5m_for_60m,yahoo_front_symbol_no_verified_roll_metadata,BZ=F,yahoo_finance,https://finance.yahoo.com,UTC,MISSING_DAILY_FX
2026-06-02 13:30:00+00:00,2026-06-02 19:00:00+05:30,2026-06-02,Brent Crude Futures,ICE,60m,1m,1,94.9000015258789,95.4000015258789,94.69000244140625,95.12000274658203,3615,USD,,,,,,europe_mid,,Missing FX for INR conversion,BRENT,yahoo_intraday_direct | bucket_complete_1m_for_60m,yahoo_front_symbol_no_verified_roll_metadata,BZ=F,yahoo_finance,https://finance.yahoo.com,UTC,MISSING_DAILY_FX
2026-06-02 14:30:00+00:00,2026-06-02 20:00:00+05:30,2026-06-02,Brent Crude Futures,ICE,60m,1m,1,95.12999725341797,95.13999938964844,94.5199966430664,94.72000122070312,2943,USD,,,,,,us_pre_open,,Missing FX for INR conversion,BRENT,yahoo_intraday_direct | bucket_complete_1m_for_60m,yahoo_front_symbol_no_verified_roll_metadata,BZ=F,yahoo_finance,https://finance.yahoo.com,UTC,MISSING_DAILY_FX
2026-06-02 15:30:00+00:00,2026-06-02 21:00:00+05:30,2026-06-02,Brent Crude Futures,ICE,60m,1m,1,94.70999908447266,95.83000183105469,94.69999694824219,95.80999755859375,4189,USD,,,,,,us_open,first_30m_after_us_open,Missing FX for INR conversion,BRENT,yahoo_intraday_direct | bucket_complete_1m_for_60m,yahoo_front_symbol_no_verified_roll_metadata,BZ=F,yahoo_finance,https://finance.yahoo.com,UTC,MISSING_DAILY_FX
2026-06-02 16:30:00+00:00,2026-06-02 22:00:00+05:30,2026-06-02,Brent Crude Futures,ICE,60m,1m,1,95.81999969482422,96.22000122070312,95.5,96.05999755859375,3189,USD,,,,,,us_open,,Missing FX for INR conversion,BRENT,yahoo_intraday_direct | bucket_complete_1m_for_60m,yahoo_front_symbol_no_verified_roll_metadata,BZ=F,yahoo_finance,https://finance.yahoo.com,UTC,MISSING_DAILY_FX
2026-06-02 17:30:00+00:00,2026-06-02 23:00:00+05:30,2026-06-02,Brent Crude Futures,ICE,60m,1m,1,96.02999877929688,96.23999786376953,95.5,95.97000122070312,4352,USD,,,,,,mcx_tail,final_hour_before_mcx_close,Missing FX for INR conversion,BRENT,yahoo_intraday_direct | bucket_complete_1m_for_60m,yahoo_front_symbol_no_verified_roll_metadata,BZ=F,yahoo_finance,https://finance.yahoo.com,UTC,MISSING_DAILY_FX
2026-06-02 18:30:00+00:00,2026-06-03 00:00:00+05:30,2026-06-02,Brent Crude Futures,ICE,60m,5m,5,95.97000122070312,96.26000213623047,95.93000030517578,95.94999694824219,948,USD,,,,,,other_valid_hours,,Missing FX for INR conversion,BRENT,yahoo_intraday_direct | bucket_complete_5m_for_60m,yahoo_front_symbol_no_verified_roll_metadata,BZ=F,yahoo_finance,https://finance.yahoo.com,UTC,MISSING_DAILY_FX
2026-06-02 19:30:00+00:00,2026-06-03 01:00:00+05:30,2026-06-02,Brent Crude Futures,ICE,60m,5m,5,95.94999694824219,96.12999725341797,95.86000061035156,95.91000366210938,389,USD,,,,,,other_valid_hours,,Missing FX for INR conversion,BRENT,yahoo_intraday_direct | bucket_complete_5m_for_60m,yahoo_front_symbol_no_verified_roll_metadata,BZ=F,yahoo_finance,https://finance.yahoo.com,UTC,MISSING_DAILY_FX
2026-06-02 20:30:00+00:00,2026-06-03 02:00:00+05:30,2026-06-02,Brent Crude Futures,ICE,60m,1m,1,95.91999816894531,95.91999816894531,95.73999786376953,95.77999877929688,167,USD,,,,,,other_valid_hours,,Missing FX for INR conversion | Partial 1m coverage used for 60m bucket because no fuller finer bucket was available,BRENT,yahoo_intraday_direct | bucket_partial_1m_for_60m,yahoo_front_symbol_no_verified_roll_metadata,BZ=F,yahoo_finance,https://finance.yahoo.com,UTC,MISSING_DAILY_FX | PARTIAL_60M_BUCKET_FROM_1M
2026-06-02 22:00:00+00:00,2026-06-03 03:00:00+05:30,2026-06-03,Brent Crude Futures,ICE,60m,60m,60,96.06999969482422,96.63999938964844,96.04000091552734,96.58999633789062,0,USD,,,,,,other_valid_hours,,Missing FX for INR conversion,BRENT,yahoo_intraday_direct | bucket_complete_60m_for_60m,yahoo_front_symbol_no_verified_roll_metadata,BZ=F,yahoo_finance,https://finance.yahoo.com,UTC,MISSING_DAILY_FX
2026-06-02 22:30:00+00:00,2026-06-03 04:00:00+05:30,2026-06-03,Brent Crude Futures,ICE,60m,5m,5,96.16000366210938,98.04000091552734,96.11000061035156,97.83999633789062,428,USD,,,,,,global_reopen_pre_mcx,,Missing FX for INR conversion,BRENT,yahoo_intraday_direct | bucket_complete_5m_for_60m,yahoo_front_symbol_no_verified_roll_metadata,BZ=F,yahoo_finance,https://finance.yahoo.com,UTC,MISSING_DAILY_FX
2026-06-02 23:30:00+00:00,2026-06-03 05:00:00+05:30,2026-06-03,Brent Crude Futures,ICE,60m,5m,5,97.69999694824219,97.72000122070312,96.55999755859375,96.95999908447266,630,USD,,,,,,global_reopen_pre_mcx,,Missing FX for INR conversion,BRENT,yahoo_intraday_direct | bucket_complete_5m_for_60m,yahoo_front_symbol_no_verified_roll_metadata,BZ=F,yahoo_finance,https://finance.yahoo.com,UTC,MISSING_DAILY_FX
2026-06-03 00:30:00+00:00,2026-06-03 06:00:00+05:30,2026-06-03,Brent Crude Futures,ICE,60m,5m,5,96.91000366210938,97.25,96.44999694824219,97.0,671,USD,,,,,,global_reopen_pre_mcx,,Missing FX for INR conversion,BRENT,yahoo_intraday_direct | bucket_complete_5m_for_60m,yahoo_front_symbol_no_verified_roll_metadata,BZ=F,yahoo_finance,https://finance.yahoo.com,UTC,MISSING_DAILY_FX
2026-06-03 01:30:00+00:00,2026-06-03 07:00:00+05:30,2026-06-03,Brent Crude Futures,ICE,60m,5m,5,96.9000015258789,97.08000183105469,96.73999786376953,96.81999969482422,182,USD,,,,,,global_reopen_pre_mcx,,Missing FX for INR conversion,BRENT,yahoo_intraday_direct | bucket_complete_5m_for_60m,yahoo_front_symbol_no_verified_roll_metadata,BZ=F,yahoo_finance,https://finance.yahoo.com,UTC,MISSING_DAILY_FX
2026-06-03 02:30:00+00:00,2026-06-03 08:00:00+05:30,2026-06-03,Brent Crude Futures,ICE,60m,5m,5,96.80999755859375,96.97000122070312,96.69000244140625,96.77999877929688,202,USD,,,,,,global_reopen_pre_mcx,,Missing FX for INR conversion,BRENT,yahoo_intraday_direct | bucket_complete_5m_for_60m,yahoo_front_symbol_no_verified_roll_metadata,BZ=F,yahoo_finance,https://finance.yahoo.com,UTC,MISSING_DAILY_FX
2026-06-03 03:30:00+00:00,2026-06-03 09:00:00+05:30,2026-06-03,Brent Crude Futures,ICE,60m,5m,5,96.76000213623047,97.08000183105469,96.69000244140625,97.0,116,USD,,,,,,mcx_open_drive,first_15m_after_mcx_open,Missing FX for INR conversion,BRENT,yahoo_intraday_direct | bucket_complete_5m_for_60m,yahoo_front_symbol_no_verified_roll_metadata,BZ=F,yahoo_finance,https://finance.yahoo.com,UTC,MISSING_DAILY_FX
2026-06-03 04:30:00+00:00,2026-06-03 10:00:00+05:30,2026-06-03,Brent Crude Futures,ICE,60m,15m,15,97.05999755859375,97.26000213623047,96.9800033569336,97.13999938964844,89,USD,,,,,,mcx_open_drive,,Missing FX for INR conversion,BRENT,yahoo_intraday_direct | bucket_complete_15m_for_60m,yahoo_front_symbol_no_verified_roll_metadata,BZ=F,yahoo_finance,https://finance.yahoo.com,UTC,MISSING_DAILY_FX
2026-06-03 05:30:00+00:00,2026-06-03 11:00:00+05:30,2026-06-03,Brent Crude Futures,ICE,60m,5m,5,97.1500015258789,97.80999755859375,97.06999969482422,97.52999877929688,630,USD,,,,,,india_morning,,Missing FX for INR conversion,BRENT,yahoo_intraday_direct | bucket_complete_5m_for_60m,yahoo_front_symbol_no_verified_roll_metadata,BZ=F,yahoo_finance,https://finance.yahoo.com,UTC,MISSING_DAILY_FX
2026-06-03 06:30:00+00:00,2026-06-03 12:00:00+05:30,2026-06-03,Brent Crude Futures,ICE,60m,1m,1,97.58000183105469,98.05000305175781,97.55000305175781,97.91999816894531,1663,USD,,,,,,india_morning,,Missing FX for INR conversion,BRENT,yahoo_intraday_direct | bucket_complete_1m_for_60m,yahoo_front_symbol_no_verified_roll_metadata,BZ=F,yahoo_finance,https://finance.yahoo.com,UTC,MISSING_DAILY_FX
2026-06-03 07:30:00+00:00,2026-06-03 13:00:00+05:30,2026-06-03,Brent Crude Futures,ICE,60m,5m,5,97.91999816894531,98.68000030517578,97.73999786376953,98.11000061035156,2127,USD,,,,,,india_midday,,Missing FX for INR conversion,BRENT,yahoo_intraday_direct | bucket_complete_5m_for_60m,yahoo_front_symbol_no_verified_roll_metadata,BZ=F,yahoo_finance,https://finance.yahoo.com,UTC,MISSING_DAILY_FX
2026-06-03 08:30:00+00:00,2026-06-03 14:00:00+05:30,2026-06-03,Brent Crude Futures,ICE,60m,1m,1,98.08999633789062,98.79000091552734,98.01000213623047,98.51000213623047,1492,USD,,,,,,india_midday,,Missing FX for INR conversion,BRENT,yahoo_intraday_direct | bucket_complete_1m_for_60m,yahoo_front_symbol_no_verified_roll_metadata,BZ=F,yahoo_finance,https://finance.yahoo.com,UTC,MISSING_DAILY_FX
2026-06-03 09:30:00+00:00,2026-06-03 15:00:00+05:30,2026-06-03,Brent Crude Futures,ICE,60m,1m,1,98.51000213623047,99.0,97.7699966430664,98.52999877929688,2957,USD,,,,,,india_midday,,Missing FX for INR conversion,BRENT,yahoo_intraday_direct | bucket_complete_1m_for_60m,yahoo_front_symbol_no_verified_roll_metadata,BZ=F,yahoo_finance,https://finance.yahoo.com,UTC,MISSING_DAILY_FX
2026-06-03 10:30:00+00:00,2026-06-03 16:00:00+05:30,2026-06-03,Brent Crude Futures,ICE,60m,5m,5,98.55000305175781,98.70999908447266,97.9000015258789,98.01000213623047,1298,USD,,,,,,europe_open,first_hour_after_europe_open,Missing FX for INR conversion,BRENT,yahoo_intraday_direct | bucket_complete_5m_for_60m,yahoo_front_symbol_no_verified_roll_metadata,BZ=F,yahoo_finance,https://finance.yahoo.com,UTC,MISSING_DAILY_FX
2026-06-03 11:30:00+00:00,2026-06-03 17:00:00+05:30,2026-06-03,Brent Crude Futures,ICE,60m,5m,5,97.9800033569336,98.41000366210938,97.58999633789062,98.37000274658203,1504,USD,,,,,,europe_open,,Missing FX for INR conversion,BRENT,yahoo_intraday_direct | bucket_complete_5m_for_60m,yahoo_front_symbol_no_verified_roll_metadata,BZ=F,yahoo_finance,https://finance.yahoo.com,UTC,MISSING_DAILY_FX
2026-06-03 12:30:00+00:00,2026-06-03 18:00:00+05:30,2026-06-03,Brent Crude Futures,ICE,60m,5m,5,98.3499984741211,98.47000122070312,97.25,97.44000244140625,3689,USD,,,,,,europe_mid,,Missing FX for INR conversion,BRENT,yahoo_intraday_direct | bucket_complete_5m_for_60m,yahoo_front_symbol_no_verified_roll_metadata,BZ=F,yahoo_finance,https://finance.yahoo.com,UTC,MISSING_DAILY_FX
2026-06-03 13:30:00+00:00,2026-06-03 19:00:00+05:30,2026-06-03,Brent Crude Futures,ICE,60m,1m,1,97.41000366210938,97.62999725341797,96.77999877929688,97.33999633789062,3980,USD,,,,,,europe_mid,,Missing FX for INR conversion,BRENT,yahoo_intraday_direct | bucket_complete_1m_for_60m,yahoo_front_symbol_no_verified_roll_metadata,BZ=F,yahoo_finance,https://finance.yahoo.com,UTC,MISSING_DAILY_FX
2026-06-03 14:30:00+00:00,2026-06-03 20:00:00+05:30,2026-06-03,Brent Crude Futures,ICE,60m,1m,1,97.26000213623047,97.83000183105469,97.18000030517578,97.4800033569336,4445,USD,,,,,,us_pre_open,,Missing FX for INR conversion,BRENT,yahoo_intraday_direct | bucket_complete_1m_for_60m,yahoo_front_symbol_no_verified_roll_metadata,BZ=F,yahoo_finance,https://finance.yahoo.com,UTC,MISSING_DAILY_FX
2026-06-03 15:30:00+00:00,2026-06-03 21:00:00+05:30,2026-06-03,Brent Crude Futures,ICE,60m,1m,1,97.48999786376953,98.19000244140625,97.44000244140625,98.08000183105469,3809,USD,,,,,,us_open,first_30m_after_us_open,Missing FX for INR conversion,BRENT,yahoo_intraday_direct | bucket_complete_1m_for_60m,yahoo_front_symbol_no_verified_roll_metadata,BZ=F,yahoo_finance,https://finance.yahoo.com,UTC,MISSING_DAILY_FX
2026-06-03 16:30:00+00:00,2026-06-03 22:00:00+05:30,2026-06-03,Brent Crude Futures,ICE,60m,5m,5,98.08999633789062,98.11000061035156,97.25,98.0199966430664,3207,USD,,,,,,us_open,,Missing FX for INR conversion,BRENT,yahoo_intraday_direct | bucket_complete_5m_for_60m,yahoo_front_symbol_no_verified_roll_metadata,BZ=F,yahoo_finance,https://finance.yahoo.com,UTC,MISSING_DAILY_FX
2026-06-03 17:30:00+00:00,2026-06-03 23:00:00+05:30,2026-06-03,Brent Crude Futures,ICE,60m,5m,5,98.0,98.27999877929688,97.69999694824219,97.8499984741211,3096,USD,,,,,,mcx_tail,final_hour_before_mcx_close,Missing FX for INR conversion,BRENT,yahoo_intraday_direct | bucket_complete_5m_for_60m,yahoo_front_symbol_no_verified_roll_metadata,BZ=F,yahoo_finance,https://finance.yahoo.com,UTC,MISSING_DAILY_FX
2026-06-03 18:30:00+00:00,2026-06-04 00:00:00+05:30,2026-06-03,Brent Crude Futures,ICE,60m,5m,5,97.86000061035156,98.31999969482422,97.62000274658203,98.0,1538,USD,,,,,,other_valid_hours,,Missing FX for INR conversion,BRENT,yahoo_intraday_direct | bucket_complete_5m_for_60m,yahoo_front_symbol_no_verified_roll_metadata,BZ=F,yahoo_finance,https://finance.yahoo.com,UTC,MISSING_DAILY_FX
2026-06-03 19:30:00+00:00,2026-06-04 01:00:00+05:30,2026-06-03,Brent Crude Futures,ICE,60m,5m,5,98.05000305175781,98.11000061035156,97.83999633789062,97.9000015258789,660,USD,,,,,,other_valid_hours,,Missing FX for INR conversion,BRENT,yahoo_intraday_direct | bucket_complete_5m_for_60m,yahoo_front_symbol_no_verified_roll_metadata,BZ=F,yahoo_finance,https://finance.yahoo.com,UTC,MISSING_DAILY_FX
2026-06-03 20:30:00+00:00,2026-06-04 02:00:00+05:30,2026-06-03,Brent Crude Futures,ICE,60m,1m,1,97.93000030517578,98.08999633789062,97.72000122070312,97.86000061035156,441,USD,,,,,,other_valid_hours,,Missing FX for INR conversion | Partial 1m coverage used for 60m bucket because no fuller finer bucket was available,BRENT,yahoo_intraday_direct | bucket_partial_1m_for_60m,yahoo_front_symbol_no_verified_roll_metadata,BZ=F,yahoo_finance,https://finance.yahoo.com,UTC,MISSING_DAILY_FX | PARTIAL_60M_BUCKET_FROM_1M
2026-06-03 22:00:00+00:00,2026-06-04 03:00:00+05:30,2026-06-04,Brent Crude Futures,ICE,60m,60m,60,97.43000030517578,97.56999969482422,96.97000122070312,97.22000122070312,0,USD,,,,,,other_valid_hours,,Missing FX for INR conversion,BRENT,yahoo_intraday_direct | bucket_complete_60m_for_60m,yahoo_front_symbol_no_verified_roll_metadata,BZ=F,yahoo_finance,https://finance.yahoo.com,UTC,MISSING_DAILY_FX
2026-06-03 22:30:00+00:00,2026-06-04 04:00:00+05:30,2026-06-04,Brent Crude Futures,ICE,60m,15m,15,97.43000030517578,97.5,96.97000122070312,97.19000244140625,128,USD,,,,,,global_reopen_pre_mcx,,Missing FX for INR conversion,BRENT,yahoo_intraday_direct | bucket_complete_15m_for_60m,yahoo_front_symbol_no_verified_roll_metadata,BZ=F,yahoo_finance,https://finance.yahoo.com,UTC,MISSING_DAILY_FX
2026-06-03 23:30:00+00:00,2026-06-04 05:00:00+05:30,2026-06-04,Brent Crude Futures,ICE,60m,15m,15,97.11000061035156,97.4000015258789,97.0199966430664,97.37999725341797,340,USD,,,,,,global_reopen_pre_mcx,,Missing FX for INR conversion,BRENT,yahoo_intraday_direct | bucket_complete_15m_for_60m,yahoo_front_symbol_no_verified_roll_metadata,BZ=F,yahoo_finance,https://finance.yahoo.com,UTC,MISSING_DAILY_FX
2026-06-04 00:30:00+00:00,2026-06-04 06:00:00+05:30,2026-06-04,Brent Crude Futures,ICE,60m,15m,15,97.36000061035156,97.37000274658203,96.6500015258789,96.72000122070312,540,USD,,,,,,global_reopen_pre_mcx,,Missing FX for INR conversion,BRENT,yahoo_intraday_direct | bucket_complete_15m_for_60m,yahoo_front_symbol_no_verified_roll_metadata,BZ=F,yahoo_finance,https://finance.yahoo.com,UTC,MISSING_DAILY_FX
2026-06-04 01:30:00+00:00,2026-06-04 07:00:00+05:30,2026-06-04,Brent Crude Futures,ICE,60m,5m,5,96.63999938964844,96.80000305175781,96.45999908447266,96.6500015258789,301,USD,,,,,,global_reopen_pre_mcx,,Missing FX for INR conversion,BRENT,yahoo_intraday_direct | bucket_complete_5m_for_60m,yahoo_front_symbol_no_verified_roll_metadata,BZ=F,yahoo_finance,https://finance.yahoo.com,UTC,MISSING_DAILY_FX
2026-06-04 02:30:00+00:00,2026-06-04 08:00:00+05:30,2026-06-04,Brent Crude Futures,ICE,60m,15m,15,96.66000366210938,96.66999816894531,96.4800033569336,96.63999938964844,146,USD,,,,,,global_reopen_pre_mcx,,Missing FX for INR conversion,BRENT,yahoo_intraday_direct | bucket_complete_15m_for_60m,yahoo_front_symbol_no_verified_roll_metadata,BZ=F,yahoo_finance,https://finance.yahoo.com,UTC,MISSING_DAILY_FX
2026-06-04 03:30:00+00:00,2026-06-04 09:00:00+05:30,2026-06-04,Brent Crude Futures,ICE,60m,15m,15,96.72000122070312,97.18000030517578,96.72000122070312,97.0,316,USD,,,,,,mcx_open_drive,first_15m_after_mcx_open,Missing FX for INR conversion,BRENT,yahoo_intraday_direct | bucket_complete_15m_for_60m,yahoo_front_symbol_no_verified_roll_metadata,BZ=F,yahoo_finance,https://finance.yahoo.com,UTC,MISSING_DAILY_FX
2026-06-04 04:30:00+00:00,2026-06-04 10:00:00+05:30,2026-06-04,Brent Crude Futures,ICE,60m,5m,5,96.97000122070312,97.30000305175781,96.87000274658203,97.30000305175781,229,USD,,,,,,mcx_open_drive,,Missing FX for INR conversion,BRENT,yahoo_intraday_direct | bucket_complete_5m_for_60m,yahoo_front_symbol_no_verified_roll_metadata,BZ=F,yahoo_finance,https://finance.yahoo.com,UTC,MISSING_DAILY_FX
2026-06-04 05:30:00+00:00,2026-06-04 11:00:00+05:30,2026-06-04,Brent Crude Futures,ICE,60m,5m,5,97.29000091552734,97.29000091552734,96.69999694824219,96.87999725341797,525,USD,,,,,,india_morning,,Missing FX for INR conversion,BRENT,yahoo_intraday_direct | bucket_complete_5m_for_60m,yahoo_front_symbol_no_verified_roll_metadata,BZ=F,yahoo_finance,https://finance.yahoo.com,UTC,MISSING_DAILY_FX
2026-06-04 06:30:00+00:00,2026-06-04 12:00:00+05:30,2026-06-04,Brent Crude Futures,ICE,60m,5m,5,96.88999938964844,97.12000274658203,96.62999725341797,97.02999877929688,596,USD,,,,,,india_morning,,Missing FX for INR conversion,BRENT,yahoo_intraday_direct | bucket_complete_5m_for_60m,yahoo_front_symbol_no_verified_roll_metadata,BZ=F,yahoo_finance,https://finance.yahoo.com,UTC,MISSING_DAILY_FX
2026-06-04 07:30:00+00:00,2026-06-04 13:00:00+05:30,2026-06-04,Brent Crude Futures,ICE,60m,5m,5,97.04000091552734,97.37000274658203,96.44000244140625,96.45999908447266,1972,USD,,,,,,india_midday,,Missing FX for INR conversion,BRENT,yahoo_intraday_direct | bucket_complete_5m_for_60m,yahoo_front_symbol_no_verified_roll_metadata,BZ=F,yahoo_finance,https://finance.yahoo.com,UTC,MISSING_DAILY_FX
2026-06-04 08:30:00+00:00,2026-06-04 14:00:00+05:30,2026-06-04,Brent Crude Futures,ICE,60m,5m,5,96.43000030517578,96.87999725341797,96.05999755859375,96.33000183105469,1921,USD,,,,,,india_midday,,Missing FX for INR conversion,BRENT,yahoo_intraday_direct | bucket_complete_5m_for_60m,yahoo_front_symbol_no_verified_roll_metadata,BZ=F,yahoo_finance,https://finance.yahoo.com,UTC,MISSING_DAILY_FX
2026-06-04 09:30:00+00:00,2026-06-04 15:00:00+05:30,2026-06-04,Brent Crude Futures,ICE,60m,1m,1,96.31999969482422,96.72000122070312,95.62000274658203,96.66000366210938,1653,USD,,,,,,india_midday,,Missing FX for INR conversion,BRENT,yahoo_intraday_direct | bucket_complete_1m_for_60m,yahoo_front_symbol_no_verified_roll_metadata,BZ=F,yahoo_finance,https://finance.yahoo.com,UTC,MISSING_DAILY_FX
2026-06-04 10:30:00+00:00,2026-06-04 16:00:00+05:30,2026-06-04,Brent Crude Futures,ICE,60m,5m,5,96.62000274658203,96.79000091552734,95.25,95.41999816894531,1910,USD,,,,,,europe_open,first_hour_after_europe_open,Missing FX for INR conversion,BRENT,yahoo_intraday_direct | bucket_complete_5m_for_60m,yahoo_front_symbol_no_verified_roll_metadata,BZ=F,yahoo_finance,https://finance.yahoo.com,UTC,MISSING_DAILY_FX
2026-06-04 11:30:00+00:00,2026-06-04 17:00:00+05:30,2026-06-04,Brent Crude Futures,ICE,60m,1m,1,95.37000274658203,95.75,93.91999816894531,94.77999877929688,4527,USD,,,,,,europe_open,,Missing FX for INR conversion,BRENT,yahoo_intraday_direct | bucket_complete_1m_for_60m,yahoo_front_symbol_no_verified_roll_metadata,BZ=F,yahoo_finance,https://finance.yahoo.com,UTC,MISSING_DAILY_FX
2026-06-04 12:30:00+00:00,2026-06-04 18:00:00+05:30,2026-06-04,Brent Crude Futures,ICE,60m,1m,1,94.72000122070312,95.3499984741211,94.45999908447266,95.30999755859375,2591,USD,,,,,,europe_mid,,Missing FX for INR conversion,BRENT,yahoo_intraday_direct | bucket_complete_1m_for_60m,yahoo_front_symbol_no_verified_roll_metadata,BZ=F,yahoo_finance,https://finance.yahoo.com,UTC,MISSING_DAILY_FX
2026-06-04 13:30:00+00:00,2026-06-04 19:00:00+05:30,2026-06-04,Brent Crude Futures,ICE,60m,1m,1,95.29000091552734,95.4000015258789,94.63999938964844,95.18000030517578,3873,USD,,,,,,europe_mid,,Missing FX for INR conversion,BRENT,yahoo_intraday_direct | bucket_complete_1m_for_60m,yahoo_front_symbol_no_verified_roll_metadata,BZ=F,yahoo_finance,https://finance.yahoo.com,UTC,MISSING_DAILY_FX
2026-06-04 14:30:00+00:00,2026-06-04 20:00:00+05:30,2026-06-04,Brent Crude Futures,ICE,60m,1m,1,95.25,95.47000122070312,94.79000091552734,94.8499984741211,3112,USD,,,,,,us_pre_open,,Missing FX for INR conversion,BRENT,yahoo_intraday_direct | bucket_complete_1m_for_60m,yahoo_front_symbol_no_verified_roll_metadata,BZ=F,yahoo_finance,https://finance.yahoo.com,UTC,MISSING_DAILY_FX
2026-06-04 15:30:00+00:00,2026-06-04 21:00:00+05:30,2026-06-04,Brent Crude Futures,ICE,60m,1m,1,94.83000183105469,95.33000183105469,94.7300033569336,95.08999633789062,2487,USD,,,,,,us_open,first_30m_after_us_open,Missing FX for INR conversion,BRENT,yahoo_intraday_direct | bucket_complete_1m_for_60m,yahoo_front_symbol_no_verified_roll_metadata,BZ=F,yahoo_finance,https://finance.yahoo.com,UTC,MISSING_DAILY_FX
2026-06-04 16:30:00+00:00,2026-06-04 22:00:00+05:30,2026-06-04,Brent Crude Futures,ICE,60m,5m,5,95.05999755859375,95.1500015258789,94.5,94.61000061035156,1704,USD,,,,,,us_open,,Missing FX for INR conversion,BRENT,yahoo_intraday_direct | bucket_complete_5m_for_60m,yahoo_front_symbol_no_verified_roll_metadata,BZ=F,yahoo_finance,https://finance.yahoo.com,UTC,MISSING_DAILY_FX
2026-06-04 17:30:00+00:00,2026-06-04 23:00:00+05:30,2026-06-04,Brent Crude Futures,ICE,60m,5m,5,94.54000091552734,95.20999908447266,94.16999816894531,95.13999938964844,2876,USD,,,,,,mcx_tail,final_hour_before_mcx_close,Missing FX for INR conversion,BRENT,yahoo_intraday_direct | bucket_complete_5m_for_60m,yahoo_front_symbol_no_verified_roll_metadata,BZ=F,yahoo_finance,https://finance.yahoo.com,UTC,MISSING_DAILY_FX
