trade_date_ist,wti_instrument_name,wti_market,wti_source_resolution_used,wti_source_resolution_minutes,wti_open_native,wti_high_native,wti_low_native,wti_close_native,wti_volume,wti_currency_native,wti_open_inr,wti_high_inr,wti_low_inr,wti_close_inr,wti_fx_rate_used,wti_open_time_original,wti_open_time_ist,wti_close_time_original,wti_close_time_ist,wti_prior_trading_day_close_native,wti_prior_trading_day_close_inr,wti_notes_data_quality,wti_did_gap_up,wti_did_gap_down,wti_gap_abs_native,wti_gap_pct_native,wti_gap_abs_inr,wti_gap_pct_inr,wti_extreme_gap_flag,wti_extreme_gap_threshold_method,wti_day_range_abs_native,wti_day_range_pct_native,wti_day_range_abs_inr,wti_day_range_pct_inr,wti_body_abs_native,wti_body_pct_native,wti_body_direction,wti_upper_wick_abs_native,wti_lower_wick_abs_native,wti_close_location_in_range_pct,wti_closed_green,wti_closed_red,wti_inside_day_flag,wti_outside_day_flag,wti_doji_like_flag,wti_intraday_reversal_flag,wti_reversal_strength_score_1_to_5,wti_follow_through_vs_gap_flag,wti_net_day_return_pct,wti_overnight_to_close_return_pct,wti_europe_to_us_return_pct,wti_us_to_settlement_return_pct,wti_max_favorable_excursion_pct,wti_max_adverse_excursion_pct,wti_realized_vol_proxy,wti_day_efficiency_ratio,wti_trendiness_score_1_to_5,wti_whipsaw_score_1_to_5,wti_first_hour_range_inr,wti_europe_open_hour_range_inr,wti_us_open_hour_range_inr,wti_full_day_range_inr,wti_25pct_range_inr,wti_50pct_range_inr,wti_75pct_range_inr,wti_max_up_move_from_open_inr,wti_max_down_move_from_open_inr,wti_max_up_move_from_open_pct,wti_max_down_move_from_open_pct,wti_close_from_open_inr,wti_close_from_open_pct,wti_mfe_inr,wti_mae_inr,wti_mfe_pct,wti_mae_pct,brent_instrument_name,brent_market,brent_source_resolution_used,brent_source_resolution_minutes,brent_open_native,brent_high_native,brent_low_native,brent_close_native,brent_volume,brent_currency_native,brent_open_inr,brent_high_inr,brent_low_inr,brent_close_inr,brent_fx_rate_used,brent_open_time_original,brent_open_time_ist,brent_close_time_original,brent_close_time_ist,brent_prior_trading_day_close_native,brent_prior_trading_day_close_inr,brent_notes_data_quality,brent_did_gap_up,brent_did_gap_down,brent_gap_abs_native,brent_gap_pct_native,brent_gap_abs_inr,brent_gap_pct_inr,brent_extreme_gap_flag,brent_extreme_gap_threshold_method,brent_day_range_abs_native,brent_day_range_pct_native,brent_day_range_abs_inr,brent_day_range_pct_inr,brent_body_abs_native,brent_body_pct_native,brent_body_direction,brent_upper_wick_abs_native,brent_lower_wick_abs_native,brent_close_location_in_range_pct,brent_closed_green,brent_closed_red,brent_inside_day_flag,brent_outside_day_flag,brent_doji_like_flag,brent_intraday_reversal_flag,brent_reversal_strength_score_1_to_5,brent_follow_through_vs_gap_flag,brent_net_day_return_pct,brent_overnight_to_close_return_pct,brent_europe_to_us_return_pct,brent_us_to_settlement_return_pct,brent_max_favorable_excursion_pct,brent_max_adverse_excursion_pct,brent_realized_vol_proxy,brent_day_efficiency_ratio,brent_trendiness_score_1_to_5,brent_whipsaw_score_1_to_5,brent_first_hour_range_inr,brent_europe_open_hour_range_inr,brent_us_open_hour_range_inr,brent_full_day_range_inr,brent_25pct_range_inr,brent_50pct_range_inr,brent_75pct_range_inr,brent_max_up_move_from_open_inr,brent_max_down_move_from_open_inr,brent_max_up_move_from_open_pct,brent_max_down_move_from_open_pct,brent_close_from_open_inr,brent_close_from_open_pct,brent_mfe_inr,brent_mae_inr,brent_mfe_pct,brent_mae_pct,mcx_close_native,mcx_close_inr,mcx_gap_pct_native,mcx_close_inr_alias,wti_close_native_alias,brent_close_native_alias,wti_close_inr_alias,brent_close_inr_alias,brent_minus_wti_close_spread_native,brent_minus_wti_close_spread_inr,mcx_vs_wti_close_diff_inr,mcx_vs_brent_close_diff_inr,mcx_gap_pct,wti_gap_pct,brent_gap_pct,lead_lag_hint_short,wti_symbol,wti_contract_logic,wti_contract_symbol,wti_contract_expiry_date,wti_rolled_flag,wti_roll_reference,wti_source_name,wti_source_url,wti_source_timezone,wti_coverage_method,wti_data_quality_flags,brent_symbol,brent_contract_logic,brent_contract_symbol,brent_contract_expiry_date,brent_rolled_flag,brent_roll_reference,brent_source_name,brent_source_url,brent_source_timezone,brent_coverage_method,brent_data_quality_flags
2026-03-02,WTI Crude Futures,NYMEX,1d,1440,75.0,75.33000183105469,69.19999694824219,71.2300033569336,881329,USD,,,,,,2026-03-02 05:00:00+00:00,2026-03-02 10:30:00,2026-03-02 05:00:00+00:00,2026-03-02 10:30:00,,,Daily fallback used because no intraday bucket coverage was available for this trade date | Missing FX for INR conversion,False,False,,,,,False,abs_gap_pct_native>=2.0,6.1300048828125,8.17333984375,,,3.769996643066406,5.026662190755209,DOWN,0.3300018310546875,2.030006408691406,33.11590198538343,False,True,False,False,False,,,,-5.026662190755209,,,,,,,,2,2,,,,,,,,,,,,,,,,,,Brent Crude Futures,ICE,1d,1440,77.0,82.11000061035156,75.79000091552734,77.73999786376953,143671,USD,,,,,,2026-03-02 05:00:00+00:00,2026-03-02 10:30:00,2026-03-02 05:00:00+00:00,2026-03-02 10:30:00,,,Daily fallback used because no intraday bucket coverage was available for this trade date | Missing FX for INR conversion,False,False,,,,,False,abs_gap_pct_native>=2.0,6.319999694824219,8.207791811460025,,,0.7399978637695312,0.961036186713677,UP,4.370002746582031,1.209999084472656,30.85438358231477,True,False,False,False,False,,,,0.961036186713677,,,,,,,,2,2,,,,,,,,,,,,,,,,,,,,,,71.2300033569336,77.73999786376953,,,6.509994506835938,,,,,,,,,,,,,,,,,,,,,,,,,,,,,
2026-03-03,WTI Crude Futures,NYMEX,1d,1440,71.2300033569336,77.9800033569336,70.41000366210938,74.55999755859375,1009753,USD,,,,,,2026-03-03 05:00:00+00:00,2026-03-03 10:30:00,2026-03-03 05:00:00+00:00,2026-03-03 10:30:00,71.2300033569336,,Daily fallback used because no intraday bucket coverage was available for this trade date | Missing FX for INR conversion,False,False,0.0,0.0,,,False,abs_gap_pct_native>=2.0,7.569999694824219,10.62754364462254,,,3.329994201660156,4.6749881296138,UP,3.420005798339844,0.8199996948242188,54.82158604737884,True,False,False,False,False,,,,4.6749881296138,4.6749881296138,,,,,,,2,2,,,,,,,,,,,,,,,,,,Brent Crude Futures,ICE,1d,1440,78.05000305175781,85.05000305175781,77.37000274658203,81.4000015258789,229556,USD,,,,,,2026-03-03 05:00:00+00:00,2026-03-03 10:30:00,2026-03-03 05:00:00+00:00,2026-03-03 10:30:00,77.73999786376953,,Daily fallback used because no intraday bucket coverage was available for this trade date | Missing FX for INR conversion,True,False,0.3100051879882812,0.3987717989541625,,,False,abs_gap_pct_native>=2.0,7.680000305175781,9.839846258664323,,,3.349998474121094,4.292118312794411,UP,3.650001525878906,0.6800003051757812,52.47394035363434,True,False,False,False,False,,,,4.292118312794411,4.708005869157745,,,,,,,2,2,,,,,,,,,,,,,,,,,,,,,,74.55999755859375,81.4000015258789,,,6.840003967285156,,,,,0.0,0.3987717989541625,,,,,,,,,,,,,,,,,,,,,,,
2026-03-04,WTI Crude Futures,NYMEX,1d,1440,74.73999786376953,77.2300033569336,73.27999877929688,74.66000366210938,617822,USD,,,,,,2026-03-04 05:00:00+00:00,2026-03-04 10:30:00,2026-03-04 05:00:00+00:00,2026-03-04 10:30:00,74.55999755859375,,Daily fallback used because no intraday bucket coverage was available for this trade date | Missing FX for INR conversion,True,False,0.1800003051757812,0.2414167262201506,,,False,abs_gap_pct_native>=2.0,3.950004577636719,5.284994234059909,,,0.0799942016601562,0.1070299758450137,DOWN,2.490005493164062,1.3800048828125,34.93679198817928,False,True,True,False,True,,,,-0.1070299758450137,0.1341283621113777,,,,,,,2,2,,,,,,,,,,,,,,,,,,Brent Crude Futures,ICE,1d,1440,81.9000015258789,84.44999694824219,80.30000305175781,81.4000015258789,152390,USD,,,,,,2026-03-04 05:00:00+00:00,2026-03-04 10:30:00,2026-03-04 05:00:00+00:00,2026-03-04 10:30:00,81.4000015258789,,Daily fallback used because no intraday bucket coverage was available for this trade date | Missing FX for INR conversion,True,False,0.5,0.6142506027362158,,,False,abs_gap_pct_native>=2.0,4.149993896484375,5.06714752034901,,,0.5,0.6105005991263738,DOWN,2.549995422363281,1.099998474121094,26.50602631133858,False,True,True,False,False,,,,-0.6105005991263738,0.0,,,,,,,2,2,,,,,,,,,,,,,,,,,,,,,,74.66000366210938,81.4000015258789,,,6.739997863769531,,,,,0.2414167262201506,0.6142506027362158,,,,,,,,,,,,,,,,,,,,,,,
2026-03-05,WTI Crude Futures,NYMEX,1d,1440,76.1500015258789,82.16000366210938,74.97000122070312,81.01000213623047,707030,USD,,,,,,2026-03-05 05:00:00+00:00,2026-03-05 10:30:00,2026-03-05 05:00:00+00:00,2026-03-05 10:30:00,74.66000366210938,,Daily fallback used because no intraday bucket coverage was available for this trade date | Missing FX for INR conversion,True,False,1.489997863769531,1.995710943858041,,,False,abs_gap_pct_native>=2.0,7.19000244140625,9.44189402145027,,,4.860000610351562,6.382141185775201,UP,1.150001525878906,1.180000305175781,84.00554749110789,True,False,False,False,False,,,,6.382141185775201,8.505221219730231,,,,,,,2,2,,,,,,,,,,,,,,,,,,Brent Crude Futures,ICE,1d,1440,82.43000030517578,86.27999877929688,81.5199966430664,85.41000366210938,146018,USD,,,,,,2026-03-05 05:00:00+00:00,2026-03-05 10:30:00,2026-03-05 05:00:00+00:00,2026-03-05 10:30:00,81.4000015258789,,Daily fallback used because no intraday bucket coverage was available for this trade date | Missing FX for INR conversion,True,False,1.029998779296875,1.265354742001344,,,False,abs_gap_pct_native>=2.0,4.760002136230469,5.774599197631677,,,2.980003356933594,3.615192703992359,UP,0.8699951171875,0.910003662109375,81.72279985831132,True,False,False,False,False,,,,3.615192703992359,4.926292458306157,,,,,,,2,2,,,,,,,,,,,,,,,,,,,,,,81.01000213623047,85.41000366210938,,,4.400001525878906,,,,,1.995710943858041,1.265354742001344,,,,,,,,,,,,,,,,,,,,,,,
2026-03-06,WTI Crude Futures,NYMEX,1d,1440,79.08000183105469,92.61000061035156,78.23999786376953,90.9000015258789,996251,USD,,,,,,2026-03-06 05:00:00+00:00,2026-03-06 10:30:00,2026-03-06 05:00:00+00:00,2026-03-06 10:30:00,81.01000213623047,,Daily fallback used because no intraday bucket coverage was available for this trade date | Missing FX for INR conversion,False,True,-1.930000305175781,-2.382422237108692,,,True,abs_gap_pct_native>=2.0,14.37000274658203,18.17147497958066,,,11.81999969482422,14.94688849410536,UP,1.709999084472656,0.8400039672851562,88.10021741381095,True,False,False,False,False,,,,14.94688849410536,12.20836826175726,,,,,,,2,2,,,,,,,,,,,,,,,,,,Brent Crude Futures,ICE,1d,1440,84.83999633789062,94.5500030517578,83.16999816894531,92.69000244140624,197523,USD,,,,,,2026-03-06 05:00:00+00:00,2026-03-06 10:30:00,2026-03-06 05:00:00+00:00,2026-03-06 10:30:00,85.41000366210938,,Daily fallback used because no intraday bucket coverage was available for this trade date | Missing FX for INR conversion,False,True,-0.57000732421875,-0.667377707269229,,,False,abs_gap_pct_native>=2.0,11.3800048828125,13.41349053987411,,,7.850006103515625,9.252718578925387,UP,1.860000610351562,1.669998168945312,83.65553767766157,True,False,False,False,False,,,,9.252718578925387,8.523590290544053,,,,,,,2,2,,,,,,,,,,,,,,,,,,,,,,90.9000015258789,92.69000244140624,,,1.790000915527344,,,,,-2.382422237108692,-0.667377707269229,,,,,,,,,,,,,,,,,,,,,,,
2026-03-09,WTI Crude Futures,NYMEX,1d,1440,98.0,119.4800033569336,81.19000244140625,94.7699966430664,1107193,USD,,,,,,2026-03-09 04:00:00+00:00,2026-03-09 09:30:00,2026-03-09 04:00:00+00:00,2026-03-09 09:30:00,90.9000015258789,,Daily fallback used because no intraday bucket coverage was available for this trade date | Missing FX for INR conversion,True,False,7.099998474121094,7.810779268358703,,,True,abs_gap_pct_native>=2.0,38.29000091552734,39.07142950564015,,,3.230003356933594,3.295921792789382,DOWN,21.48000335693359,13.57999420166016,35.46616316781858,False,True,False,False,True,,,,-3.295921792789382,4.257420299476811,,,,,,,2,2,,,,,,,,,,,,,,,,,,Brent Crude Futures,ICE,1d,1440,98.36000061035156,119.4000015258789,83.87999725341797,98.95999908447266,235965,USD,,,,,,2026-03-09 04:00:00+00:00,2026-03-09 09:30:00,2026-03-09 04:00:00+00:00,2026-03-09 09:30:00,92.69000244140624,,Daily fallback used because no intraday bucket coverage was available for this trade date | Missing FX for INR conversion,True,False,5.669998168945312,6.11716260610694,,,True,abs_gap_pct_native>=2.0,35.52000427246094,36.11224486788257,,,0.5999984741210938,0.6100025115879767,UP,20.44000244140625,14.48000335693359,42.45495500333142,True,False,False,False,True,,,,0.6100025115879767,6.76447996323009,,,,,,,2,2,,,,,,,,,,,,,,,,,,,,,,94.7699966430664,98.95999908447266,,,4.19000244140625,,,,,7.810779268358703,6.11716260610694,,,,,,,,,,,,,,,,,,,,,,,
2026-03-10,WTI Crude Futures,NYMEX,1d,1440,85.75,91.4800033569336,76.7300033569336,83.44999694824219,801564,USD,,,,,,2026-03-10 04:00:00+00:00,2026-03-10 09:30:00,2026-03-10 04:00:00+00:00,2026-03-10 09:30:00,94.7699966430664,,Daily fallback used because no intraday bucket coverage was available for this trade date | Missing FX for INR conversion,False,True,-9.019996643066406,-9.517776683097868,,,True,abs_gap_pct_native>=2.0,14.75,17.20116618075802,,,2.300003051757812,2.682219302341472,DOWN,5.730003356933594,6.719993591308594,45.55927858514301,False,True,False,False,False,,,,-2.682219302341472,-11.94470834209153,,,,,,,2,2,,,,,,,,,,,,,,,,,,Brent Crude Futures,ICE,1d,1440,92.4499969482422,95.08000183105467,81.16000366210938,87.80000305175781,144614,USD,,,,,,2026-03-10 04:00:00+00:00,2026-03-10 09:30:00,2026-03-10 04:00:00+00:00,2026-03-10 09:30:00,98.95999908447266,,Daily fallback used because no intraday bucket coverage was available for this trade date | Missing FX for INR conversion,False,True,-6.510002136230469,-6.578417740963705,,,True,abs_gap_pct_native>=2.0,13.91999816894531,15.05678596910974,,,4.649993896484375,5.029739372612049,DOWN,2.6300048828125,6.639999389648438,47.70115131524859,False,True,False,False,False,,,,-5.029739372612049,-11.27727984636361,,,,,,,2,2,,,,,,,,,,,,,,,,,,,,,,83.44999694824219,87.80000305175781,,,4.350006103515625,,,,,-9.517776683097868,-6.578417740963705,,,,,,,,,,,,,,,,,,,,,,,
2026-03-11,WTI Crude Futures,NYMEX,1d,1440,86.88999938964844,88.98999786376953,81.79000091552734,87.25,538020,USD,,,,,,2026-03-11 04:00:00+00:00,2026-03-11 09:30:00,2026-03-11 04:00:00+00:00,2026-03-11 09:30:00,83.44999694824219,,Daily fallback used because no intraday bucket coverage was available for this trade date | Missing FX for INR conversion,True,False,3.44000244140625,4.122231955909869,,,True,abs_gap_pct_native>=2.0,7.199996948242188,8.28633559537112,,,0.3600006103515625,0.4143176578206431,UP,1.739997863769531,5.099998474121094,75.83335276004061,True,False,True,False,True,,,,0.4143176578206431,4.553628748620172,,,,,,,2,2,,,,,,,,,,,,,,,,,,Brent Crude Futures,ICE,1d,1440,91.3000030517578,93.25,86.31999969482422,91.9800033569336,101940,USD,,,,,,2026-03-11 04:00:00+00:00,2026-03-11 09:30:00,2026-03-11 04:00:00+00:00,2026-03-11 09:30:00,87.80000305175781,,Daily fallback used because no intraday bucket coverage was available for this trade date | Missing FX for INR conversion,True,False,3.5,3.986332435474702,,,True,abs_gap_pct_native>=2.0,6.930000305175781,7.590361526326758,,,0.6800003051757812,0.7447976806641401,UP,1.269996643066406,4.980003356933594,81.67393092150532,True,False,True,False,True,,,,0.7447976806641401,4.76082022766182,,,,,,,2,2,,,,,,,,,,,,,,,,,,,,,,87.25,91.9800033569336,,,4.730003356933594,,,,,4.122231955909869,3.986332435474702,,,,,,,,,,,,,,,,,,,,,,,
2026-03-12,WTI Crude Futures,NYMEX,1d,1440,89.31999969482422,97.19000244140624,88.61000061035156,95.7300033569336,548999,USD,,,,,,2026-03-12 04:00:00+00:00,2026-03-12 09:30:00,2026-03-12 04:00:00+00:00,2026-03-12 09:30:00,87.25,,Daily fallback used because no intraday bucket coverage was available for this trade date | Missing FX for INR conversion,True,False,2.069999694824219,2.372492486904549,,,True,abs_gap_pct_native>=2.0,8.580001831054688,9.60591341286342,,,6.410003662109375,7.176448369917328,UP,1.459999084472656,0.7099990844726562,82.98369728560783,True,False,False,False,False,,,,7.176448369917328,9.71920155522475,,,,,,,2,2,,,,,,,,,,,,,,,,,,Brent Crude Futures,ICE,1d,1440,93.73999786376952,101.8000030517578,93.6999969482422,100.4599990844727,92219,USD,,,,,,2026-03-12 04:00:00+00:00,2026-03-12 09:30:00,2026-03-12 04:00:00+00:00,2026-03-12 09:30:00,91.9800033569336,,Daily fallback used because no intraday bucket coverage was available for this trade date | Missing FX for INR conversion,True,False,1.759994506835938,1.91345340574318,,,False,abs_gap_pct_native>=2.0,8.100006103515625,8.64092840634283,,,6.720001220703125,7.168766133821731,UP,1.340003967285156,0.0400009155273437,83.45675361030213,True,False,False,False,False,,,,7.168766133821731,9.219390539302289,,,,,,,2,2,,,,,,,,,,,,,,,,,,,,,,95.7300033569336,100.4599990844727,,,4.729995727539062,,,,,2.372492486904549,1.91345340574318,,,,,,,,,,,,,,,,,,,,,,,
2026-03-13,WTI Crude Futures,NYMEX,1d,1440,96.73999786376952,99.31999969482422,92.04000091552734,98.70999908447266,436700,USD,,,,,,2026-03-13 04:00:00+00:00,2026-03-13 09:30:00,2026-03-13 04:00:00+00:00,2026-03-13 09:30:00,95.7300033569336,,Daily fallback used because no intraday bucket coverage was available for this trade date | Missing FX for INR conversion,True,False,1.009994506835938,1.055044888142464,,,False,abs_gap_pct_native>=2.0,7.279998779296875,7.525324519387173,,,1.970001220703125,2.036387496594021,UP,0.6100006103515625,4.699996948242188,91.62086933192482,True,False,False,False,False,,,,2.036387496594021,3.112917186922072,,,,,,,2,2,,,,,,,,,,,,,,,,,,Brent Crude Futures,ICE,1d,1440,101.6600036621094,103.9000015258789,97.5500030517578,103.1399993896484,71698,USD,,,,,,2026-03-13 04:00:00+00:00,2026-03-13 09:30:00,2026-03-13 04:00:00+00:00,2026-03-13 09:30:00,100.4599990844727,,Daily fallback used because no intraday bucket coverage was available for this trade date | Missing FX for INR conversion,True,False,1.200004577636719,1.194509843293632,,,False,abs_gap_pct_native>=2.0,6.349998474121094,6.246309507549093,,,1.479995727539062,1.45582891424849,UP,0.7600021362304688,4.110000610351562,88.03145954557633,True,False,False,False,False,,,,1.45582891424849,2.667728777224336,,,,,,,2,2,,,,,,,,,,,,,,,,,,,,,,98.70999908447266,103.1399993896484,,,4.430000305175781,,,,,1.055044888142464,1.194509843293632,,,,,,,,,,,,,,,,,,,,,,,
2026-03-16,WTI Crude Futures,NYMEX,1d,1440,100.9300003051758,102.4400024414062,92.93000030517578,93.5,455454,USD,,,,,,2026-03-16 04:00:00+00:00,2026-03-16 09:30:00,2026-03-16 04:00:00+00:00,2026-03-16 09:30:00,98.70999908447266,,Daily fallback used because no intraday bucket coverage was available for this trade date | Missing FX for INR conversion,True,False,2.220001220703125,2.249013515645283,,,True,abs_gap_pct_native>=2.0,9.510002136230469,9.42237402900591,,,7.430000305175781,7.361537979500793,DOWN,1.510002136230469,0.5699996948242188,5.993686296375036,False,True,False,False,False,,,,-7.361537979500793,-5.278086447973843,,,,,,,2,2,,,,,,,,,,,,,,,,,,Brent Crude Futures,ICE,1d,1440,105.5100021362305,106.5100021362305,99.55999755859376,100.2099990844727,77839,USD,,,,,,2026-03-16 04:00:00+00:00,2026-03-16 09:30:00,2026-03-16 04:00:00+00:00,2026-03-16 09:30:00,103.1399993896484,,Daily fallback used because no intraday bucket coverage was available for this trade date | Missing FX for INR conversion,True,False,2.370002746582031,2.297850262368621,,,True,abs_gap_pct_native>=2.0,6.950004577636719,6.587057565085763,,,5.300003051757812,5.023223338498896,DOWN,1.0,0.6500015258789062,9.35253378063145,False,True,False,False,False,,,,-5.023223338498896,-2.840799226793333,,,,,,,2,2,,,,,,,,,,,,,,,,,,,,,,93.5,100.2099990844727,,,6.709999084472656,,,,,2.249013515645283,2.297850262368621,,,,,,,,,,,,,,,,,,,,,,,
2026-03-17,WTI Crude Futures,NYMEX,1d,1440,94.41000366210938,98.41999816894533,93.83000183105467,96.20999908447266,308425,USD,,,,,,2026-03-17 04:00:00+00:00,2026-03-17 09:30:00,2026-03-17 04:00:00+00:00,2026-03-17 09:30:00,93.5,,Daily fallback used because no intraday bucket coverage was available for this trade date | Missing FX for INR conversion,True,False,0.910003662109375,0.9732659487800802,,,False,abs_gap_pct_native>=2.0,4.589996337890625,4.861769049727068,,,1.799995422363281,1.906572770408326,UP,2.209999084472656,0.5800018310546875,51.8518333831987,True,False,True,False,False,,,,1.906572770408326,2.898394742751504,,,,,,,2,2,,,,,,,,,,,,,,,,,,Brent Crude Futures,ICE,1d,1440,101.370002746582,104.9800033569336,100.7600021362305,103.4199981689453,65199,USD,,,,,,2026-03-17 04:00:00+00:00,2026-03-17 09:30:00,2026-03-17 04:00:00+00:00,2026-03-17 09:30:00,100.2099990844727,,Daily fallback used because no intraday bucket coverage was available for this trade date | Missing FX for INR conversion,True,False,1.160003662109375,1.1575727698905,,,False,abs_gap_pct_native>=2.0,4.220001220703125,4.162968438752868,,,2.049995422363281,2.022289993902957,UP,1.560005187988281,0.6100006103515625,63.03306311062258,True,False,True,False,False,,,,2.022289993902957,3.203272242091098,,,,,,,2,2,,,,,,,,,,,,,,,,,,,,,,96.20999908447266,103.4199981689453,,,7.209999084472656,,,,,0.9732659487800802,1.1575727698905,,,,,,,,,,,,,,,,,,,,,,,
2026-03-18,WTI Crude Futures,NYMEX,1d,1440,96.0,100.5500030517578,91.95999908447266,96.31999969482422,157222,USD,,,,,,2026-03-18 04:00:00+00:00,2026-03-18 09:30:00,2026-03-18 04:00:00+00:00,2026-03-18 09:30:00,96.20999908447266,,Daily fallback used because no intraday bucket coverage was available for this trade date | Missing FX for INR conversion,False,True,-0.2099990844726562,-0.2182715793275047,,,False,abs_gap_pct_native>=2.0,8.590003967285156,8.947920799255371,,,0.3199996948242188,0.3333330154418945,UP,4.230003356933594,4.040000915527344,50.75667749347416,True,False,False,True,True,,,,0.3333330154418945,0.1143338648771648,,,,,,,2,2,,,,,,,,,,,,,,,,,,Brent Crude Futures,ICE,1d,1440,103.4499969482422,111.8600006103516,100.3399963378906,107.379997253418,73104,USD,,,,,,2026-03-18 04:00:00+00:00,2026-03-18 09:30:00,2026-03-18 04:00:00+00:00,2026-03-18 09:30:00,103.4199981689453,,Daily fallback used because no intraday bucket coverage was available for this trade date | Missing FX for INR conversion,True,False,0.029998779296875,0.0290067490118008,,,False,abs_gap_pct_native>=2.0,11.52000427246094,11.13581886157483,,,3.930000305175781,3.798937091454945,UP,4.480003356933594,3.110000610351562,61.11109639392033,True,False,False,True,False,,,,3.798937091454945,3.829045788613981,,,,,,,2,2,,,,,,,,,,,,,,,,,,,,,,96.31999969482422,107.379997253418,,,11.05999755859375,,,,,-0.2182715793275047,0.0290067490118008,,,,,,,,,,,,,,,,,,,,,,,
2026-03-19,WTI Crude Futures,NYMEX,1d,1440,99.12999725341795,101.4800033569336,92.8000030517578,96.13999938964844,118719,USD,,,,,,2026-03-19 04:00:00+00:00,2026-03-19 09:30:00,2026-03-19 04:00:00+00:00,2026-03-19 09:30:00,96.31999969482422,,Daily fallback used because no intraday bucket coverage was available for this trade date | Missing FX for INR conversion,True,False,2.80999755859375,2.917356278547357,,,True,abs_gap_pct_native>=2.0,8.680000305175781,8.756179305630415,,,2.989997863769531,3.016239227895709,DOWN,2.350006103515625,3.339996337890625,38.47921912973926,False,True,False,False,False,,,,-3.016239227895709,-0.1868773938393748,,,,,,,2,2,,,,,,,,,,,,,,,,,,Brent Crude Futures,ICE,1d,1440,109.6600036621094,119.120002746582,103.75,108.6500015258789,87485,USD,,,,,,2026-03-19 04:00:00+00:00,2026-03-19 09:30:00,2026-03-19 04:00:00+00:00,2026-03-19 09:30:00,107.379997253418,,Daily fallback used because no intraday bucket coverage was available for this trade date | Missing FX for INR conversion,True,False,2.280006408691406,2.123306450931048,,,True,abs_gap_pct_native>=2.0,15.37000274658203,14.01605164444546,,,1.010002136230469,0.921030551250522,DOWN,9.459999084472656,4.900001525878906,31.88029050267128,False,True,False,False,True,,,,-0.921030551250522,1.182719598570778,,,,,,,2,2,,,,,,,,,,,,,,,,,,,,,,96.13999938964844,108.6500015258789,,,12.51000213623047,,,,,2.917356278547357,2.123306450931048,,,,,,,,,,,,,,,,,,,,,,,
2026-03-20,WTI Crude Futures,NYMEX,1d,1440,95.0,99.66999816894533,93.41999816894533,98.31999969482422,461845,USD,,,,,,2026-03-20 04:00:00+00:00,2026-03-20 09:30:00,2026-03-20 04:00:00+00:00,2026-03-20 09:30:00,96.13999938964844,,Daily fallback used because no intraday bucket coverage was available for this trade date | Missing FX for INR conversion,False,True,-1.139999389648438,-1.185770123659043,,,False,abs_gap_pct_native>=2.0,6.25,6.578947368421053,,,3.319999694824219,3.494736520867599,UP,1.349998474121094,1.580001831054688,78.4000244140625,True,False,True,False,False,,,,3.494736520867599,2.267526855643506,,,,,,,2,2,,,,,,,,,,,,,,,,,,Brent Crude Futures,ICE,1d,1440,107.6699981689453,113.1100006103516,105.0999984741211,112.1900024414062,57217,USD,,,,,,2026-03-20 04:00:00+00:00,2026-03-20 09:30:00,2026-03-20 04:00:00+00:00,2026-03-20 09:30:00,108.6500015258789,,Daily fallback used because no intraday bucket coverage was available for this trade date | Missing FX for INR conversion,False,True,-0.9800033569335938,-0.9019819081182164,,,False,abs_gap_pct_native>=2.0,8.010002136230469,7.439400271616937,,,4.520004272460938,4.198016484934444,UP,0.9199981689453124,2.569999694824219,88.51438297645366,True,False,True,False,False,,,,4.198016484934444,3.258169227622298,,,,,,,2,2,,,,,,,,,,,,,,,,,,,,,,98.31999969482422,112.1900024414062,,,13.87000274658203,,,,,-1.185770123659043,-0.9019819081182164,,,,,,,,,,,,,,,,,,,,,,,
2026-03-23,WTI Crude Futures,NYMEX,1d,1440,100.5100021362305,101.6699981689453,84.37000274658203,88.12999725341797,666790,USD,,,,,,2026-03-23 04:00:00+00:00,2026-03-23 09:30:00,2026-03-23 04:00:00+00:00,2026-03-23 09:30:00,98.31999969482422,,Daily fallback used because no intraday bucket coverage was available for this trade date | Missing FX for INR conversion,True,False,2.19000244140625,2.227423157245531,,,True,abs_gap_pct_native>=2.0,17.29999542236328,17.21221276954606,,,12.3800048828125,12.31718696616158,DOWN,1.159996032714844,3.759994506835938,21.73407804475766,False,True,False,True,False,,,,-12.31718696616158,-10.36411968372155,,,,,,,2,2,,,,,,,,,,,,,,,,,,Brent Crude Futures,ICE,1d,1440,114.9000015258789,115.0999984741211,96.25,99.94000244140624,113332,USD,,,,,,2026-03-23 04:00:00+00:00,2026-03-23 09:30:00,2026-03-23 04:00:00+00:00,2026-03-23 09:30:00,112.1900024414062,,Daily fallback used because no intraday bucket coverage was available for this trade date | Missing FX for INR conversion,True,False,2.709999084472656,2.415544188875487,,,True,abs_gap_pct_native>=2.0,18.84999847412109,16.40556851504959,,,14.95999908447266,13.02001643673018,DOWN,0.1999969482421875,3.69000244140625,19.57561135334947,False,True,False,True,False,,,,-13.02001643673018,-10.91897649828276,,,,,,,2,2,,,,,,,,,,,,,,,,,,,,,,88.12999725341797,99.94000244140624,,,11.81000518798828,,,,,2.227423157245531,2.415544188875487,,,,,,,,,,,,,,,,,,,,,,,
2026-03-24,WTI Crude Futures,NYMEX,1d,1440,88.77999877929688,93.36000061035156,86.33999633789062,92.3499984741211,420067,USD,,,,,,2026-03-24 04:00:00+00:00,2026-03-24 09:30:00,2026-03-24 04:00:00+00:00,2026-03-24 09:30:00,88.12999725341797,,Daily fallback used because no intraday bucket coverage was available for this trade date | Missing FX for INR conversion,True,False,0.6500015258789062,0.7375485602363354,,,False,abs_gap_pct_native>=2.0,7.020004272460938,7.907191224357139,,,3.569999694824219,4.02117565207348,UP,1.010002136230469,2.44000244140625,85.61251393830845,True,False,True,False,False,,,,4.02117565207348,4.788382335436257,,,,,,,2,2,,,,,,,,,,,,,,,,,,Brent Crude Futures,ICE,1d,1440,100.5,105.0400009155273,98.08999633789062,104.4899978637695,68614,USD,,,,,,2026-03-24 04:00:00+00:00,2026-03-24 09:30:00,2026-03-24 04:00:00+00:00,2026-03-24 09:30:00,99.94000244140624,,Daily fallback used because no intraday bucket coverage was available for this trade date | Missing FX for INR conversion,True,False,0.55999755859375,0.5603337451608235,,,False,abs_gap_pct_native>=2.0,6.950004577636719,6.915427440434547,,,3.989997863769531,3.970147128128887,UP,0.5500030517578125,2.410003662109375,92.08629223745297,True,False,True,False,False,,,,3.970147128128887,4.55272694738115,,,,,,,2,2,,,,,,,,,,,,,,,,,,,,,,92.3499984741211,104.4899978637695,,,12.13999938964844,,,,,0.7375485602363354,0.5603337451608235,,,,,,,,,,,,,,,,,,,,,,,
2026-03-25,WTI Crude Futures,NYMEX,1d,1440,88.48999786376953,91.7300033569336,86.45999908447266,90.31999969482422,405170,USD,,,,,,2026-03-25 04:00:00+00:00,2026-03-25 09:30:00,2026-03-25 04:00:00+00:00,2026-03-25 09:30:00,92.3499984741211,,Daily fallback used because no intraday bucket coverage was available for this trade date | Missing FX for INR conversion,False,True,-3.860000610351562,-4.179751677454805,,,True,abs_gap_pct_native>=2.0,5.270004272460938,5.955480166893118,,,1.830001831054688,2.068032405054386,UP,1.410003662109375,2.029998779296875,73.24473398479913,True,False,True,False,False,,,,2.068032405054386,-2.198157891540988,,,,,,,2,2,,,,,,,,,,,,,,,,,,Brent Crude Futures,ICE,1d,1440,99.98999786376952,103.4000015258789,97.1500015258789,102.2200012207031,53714,USD,,,,,,2026-03-25 04:00:00+00:00,2026-03-25 09:30:00,2026-03-25 04:00:00+00:00,2026-03-25 09:30:00,104.4899978637695,,Daily fallback used because no intraday bucket coverage was available for this trade date | Missing FX for INR conversion,False,True,-4.5,-4.30663230165527,,,True,abs_gap_pct_native>=2.0,6.25,6.250625196047364,,,2.230003356933594,2.230226427219092,UP,1.180000305175781,2.839996337890625,81.1199951171875,True,False,False,False,False,,,,2.230226427219092,-2.172453526150847,,,,,,,2,2,,,,,,,,,,,,,,,,,,,,,,90.31999969482422,102.2200012207031,,,11.90000152587891,,,,,-4.179751677454805,-4.30663230165527,,,,,,,,,,,,,,,,,,,,,,,
2026-03-26,WTI Crude Futures,NYMEX,1d,1440,91.37999725341795,95.44000244140624,89.51000213623047,94.4800033569336,350768,USD,,,,,,2026-03-26 04:00:00+00:00,2026-03-26 09:30:00,2026-03-26 04:00:00+00:00,2026-03-26 09:30:00,90.31999969482422,,Daily fallback used because no intraday bucket coverage was available for this trade date | Missing FX for INR conversion,True,False,1.05999755859375,1.173602261044397,,,False,abs_gap_pct_native>=2.0,5.930000305175781,6.48938551478669,,,3.100006103515625,3.392434008198301,UP,0.9599990844726562,1.8699951171875,83.81114612026653,True,False,False,False,False,,,,3.392434008198301,4.605849951467354,,,,,,,2,2,,,,,,,,,,,,,,,,,,Brent Crude Futures,ICE,1d,1440,103.0800018310547,109.0599975585938,102.7799987792969,108.0100021362305,28970,USD,,,,,,2026-03-26 04:00:00+00:00,2026-03-26 09:30:00,2026-03-26 04:00:00+00:00,2026-03-26 09:30:00,102.2200012207031,,Daily fallback used because no intraday bucket coverage was available for this trade date | Missing FX for INR conversion,True,False,0.8600006103515625,0.8413232244976556,,,False,abs_gap_pct_native>=2.0,6.279998779296875,6.092354159626057,,,4.930000305175781,4.782693265038855,UP,1.049995422363281,0.3000030517578125,83.28032441941268,True,False,False,False,False,,,,4.782693265038855,5.664254398731768,,,,,,,2,2,,,,,,,,,,,,,,,,,,,,,,94.4800033569336,108.0100021362305,,,13.52999877929688,,,,,1.173602261044397,0.8413232244976556,,,,,,,,,,,,,,,,,,,,,,,
2026-03-27,WTI Crude Futures,NYMEX,1d,1440,93.30999755859376,101.2399978637695,92.08000183105467,99.63999938964844,374920,USD,,,,,,2026-03-27 04:00:00+00:00,2026-03-27 09:30:00,2026-03-27 04:00:00+00:00,2026-03-27 09:30:00,94.4800033569336,,Daily fallback used because no intraday bucket coverage was available for this trade date | Missing FX for INR conversion,False,True,-1.170005798339844,-1.238363417409829,,,False,abs_gap_pct_native>=2.0,9.159996032714844,9.816735904384576,,,6.330001831054688,6.783840956677531,UP,1.599998474121094,1.229995727539062,82.53276018453815,True,False,False,False,False,,,,6.783840956677531,5.461468934564944,,,,,,,2,2,,,,,,,,,,,,,,,,,,Brent Crude Futures,ICE,1d,1440,106.2200012207031,114.8099975585938,105.25,112.5699996948242,18402,USD,,,,,,2026-03-27 04:00:00+00:00,2026-03-27 09:30:00,2026-03-27 04:00:00+00:00,2026-03-27 09:30:00,108.0100021362305,,Daily fallback used because no intraday bucket coverage was available for this trade date | Missing FX for INR conversion,False,True,-1.790000915527344,-1.657254772821556,,,False,abs_gap_pct_native>=2.0,9.55999755859375,9.000185886582754,,,6.349998474121094,5.978157033652367,UP,2.239997863769531,0.970001220703125,76.56905401868084,True,False,False,False,False,,,,5.978157033652367,4.22182896806384,,,,,,,2,2,,,,,,,,,,,,,,,,,,,,,,99.63999938964844,112.5699996948242,,,12.93000030517578,,,,,-1.238363417409829,-1.657254772821556,,,,,,,,,,,,,,,,,,,,,,,
2026-03-30,WTI Crude Futures,NYMEX,5m,5,103.0500030517578,105.3600006103516,99.43000030517578,105.0100021362305,341700,USD,,,,,,2026-03-29 22:10:00+00:00,2026-03-30 03:40:00,2026-03-30 20:55:00+00:00,2026-03-31 02:25:00,99.63999938964844,,Yahoo 5m history truncated by provider lookback window | Missing FX for INR conversion,True,False,3.410003662109375,3.422324049576057,,,True,abs_gap_pct_native>=2.0,5.930000305175781,5.754488238294748,,,1.959999084472656,1.901988380813758,UP,0.3499984741210938,3.620002746582031,94.09783379242644,True,False,False,False,False,1.0,,,1.901988380813758,5.389404636166546,2.205514503093334,1.616030440797993,2.241627841033185,-3.512860397261562,4.16349113596039,0.3305225941998592,3,4,,,,,,,,,,2.241627841033185,-3.512860397261562,,1.901988380813758,,,2.241627841033185,-3.512860397261562,Brent Crude Futures,ICE,5m,5,108.1999969482422,109.4499969482422,106.1399993896484,108.7900009155273,51778,USD,,,,,,2026-03-29 22:10:00+00:00,2026-03-30 03:40:00,2026-03-30 20:55:00+00:00,2026-03-31 02:25:00,112.5699996948242,,Yahoo 5m history truncated by provider lookback window | Missing FX for INR conversion,False,True,-4.370002746582031,-3.882031410170605,,,True,abs_gap_pct_native>=2.0,3.30999755859375,3.05914755263542,,,0.5900039672851562,0.5452901884714345,UP,0.6599960327148438,2.05999755859375,80.0605281112279,True,False,True,False,False,1.0,,,0.5452901884714345,-3.35790955809221,0.111467826740953,0.9464640477248836,1.155268054765234,-1.903879497870186,3.763550242675517,0.1782490641883794,2,5,,,,,,,,,,1.155268054765234,-1.903879497870186,,0.5452901884714345,,,1.155268054765234,-1.903879497870186,,,,,105.0100021362305,108.7900009155273,,,3.779998779296875,,,,,3.422324049576057,-3.882031410170605,,,,,,,,,,,,,,,,,,,,,,,
2026-03-31,WTI Crude Futures,NYMEX,5m,5,105.0699996948242,106.8600006103516,99.62000274658205,101.5599975585938,473088,USD,,,,,,2026-03-30 22:00:00+00:00,2026-03-31 03:30:00,2026-03-31 20:55:00+00:00,2026-04-01 02:25:00,105.0100021362305,,Yahoo 5m history truncated by provider lookback window | Missing FX for INR conversion,True,False,0.05999755859375,0.057135089394546,,,False,abs_gap_pct_native>=2.0,7.239997863769531,6.890642319213955,,,3.510002136230469,3.340632099005681,DOWN,1.790000915527344,1.939994812011719,26.79551635947104,False,True,False,False,False,0.0,,,-3.340632099005681,-3.285405682747244,-1.225444602188513,0.0,1.703627030290664,-5.187015288923291,5.767660142038791,0.4848070679406214,3,3,,,,,,,,,,1.703627030290664,-5.187015288923291,,-3.340632099005681,,,1.703627030290664,-5.187015288923291,Brent Crude Futures,ICE,5m,5,108.9899978637695,110.3199996948242,102.6800003051758,103.2799987792969,65386,USD,,,,,,2026-03-30 22:00:00+00:00,2026-03-31 03:30:00,2026-03-31 20:55:00+00:00,2026-04-01 02:25:00,108.7900009155273,,Yahoo 5m history truncated by provider lookback window | Missing FX for INR conversion,True,False,0.1999969482421875,0.1838376197804061,,,False,abs_gap_pct_native>=2.0,7.639999389648438,7.009816991828869,,,5.709999084472656,5.23901201613912,DOWN,1.330001831054688,0.5999984741210938,7.853383796522833,False,True,False,True,False,0.0,,,-5.23901201613912,-5.064805671349194,-2.420105044974719,-1.101217583566271,1.220297143887556,-5.789519847941313,5.11046939111565,0.7473821388270304,4,2,,,,,,,,,,1.220297143887556,-5.789519847941313,,-5.23901201613912,,,1.220297143887556,-5.789519847941313,,,,,101.5599975585938,103.2799987792969,,,1.720001220703125,,,,,0.057135089394546,0.1838376197804061,,,,,,,,,,,,,,,,,,,,,,,
2026-04-01,WTI Crude Futures,NYMEX,5m,5,101.7200012207031,103.3099975585938,96.5,98.91000366210938,388646,USD,,,,,,2026-03-31 22:00:00+00:00,2026-04-01 03:30:00,2026-04-01 20:55:00+00:00,2026-04-02 02:25:00,101.5599975585938,,Yahoo 5m history truncated by provider lookback window | Missing FX for INR conversion,True,False,0.160003662109375,0.1575459491489875,,,False,abs_gap_pct_native>=2.0,6.80999755859375,6.694846123544588,,,2.80999755859375,2.762482820361813,DOWN,1.589996337890625,2.410003662109375,35.38920008962581,False,True,False,False,False,0.0,,,-2.762482820361813,-2.609289050992242,0.5263123755107563,-0.41280309502076,1.563110812829023,-5.131735310715564,4.605656705529181,0.4126282769437598,3,3,,,,,,,,,,1.563110812829023,-5.131735310715564,,-2.762482820361813,,,1.563110812829023,-5.131735310715564,Brent Crude Futures,ICE,5m,5,103.8199996948242,105.9000015258789,98.45999908447266,100.3000030517578,58916,USD,,,,,,2026-03-31 22:00:00+00:00,2026-04-01 03:30:00,2026-04-01 20:55:00+00:00,2026-04-02 02:25:00,103.2799987792969,,Yahoo 5m history truncated by provider lookback window | Missing FX for INR conversion,True,False,0.5400009155273438,0.5228513961171641,,,False,abs_gap_pct_native>=2.0,7.44000244140625,7.166251650236866,,,3.519996643066406,3.390480305734282,DOWN,2.080001831054688,1.840003967285156,24.73122800397056,False,True,False,False,False,0.0,,,-3.390480305734282,-2.885356083230727,-0.7180050562468061,-0.6340394037734891,2.003469309544202,-5.162782340692664,4.765789941855664,0.4731176731174681,3,3,,,,,,,,,,2.003469309544202,-5.162782340692664,,-3.390480305734282,,,2.003469309544202,-5.162782340692664,,,,,98.91000366210938,100.3000030517578,,,1.389999389648438,,,,,0.1575459491489875,0.5228513961171641,,,,,,,,,,,,,,,,,,,,,,,
2026-04-02,WTI Crude Futures,NYMEX,5m,5,98.91999816894533,113.9700012207031,97.5,112.0,514102,USD,,,,,,2026-04-01 22:00:00+00:00,2026-04-02 03:30:00,2026-04-02 20:55:00+00:00,2026-04-03 02:25:00,98.91000366210938,,Yahoo 5m history truncated by provider lookback window | Missing FX for INR conversion,True,False,0.0099945068359375,0.0101046471194967,,,False,abs_gap_pct_native>=2.0,16.47000122070312,16.64981957700205,,,13.08000183105469,13.22280840393403,UP,1.970001220703125,1.419998168945312,88.03885200550687,True,False,False,False,False,1.0,,,13.22280840393403,13.23424916918203,1.229954854087485,0.8010074563580919,15.21431796435533,-1.435501612646717,6.114476579402951,0.7941712727144707,5,2,,,,,,,,,,15.21431796435533,-1.435501612646717,,13.22280840393403,,,15.21431796435533,-1.435501612646717,Brent Crude Futures,ICE,5m,5,100.3000030517578,109.7099990844727,99.0199966430664,109.0500030517578,65627,USD,,,,,,2026-04-01 22:00:00+00:00,2026-04-02 03:30:00,2026-04-02 20:55:00+00:00,2026-04-03 02:25:00,100.3000030517578,,Yahoo 5m history truncated by provider lookback window | Missing FX for INR conversion,False,False,0.0,0.0,,,False,abs_gap_pct_native>=2.0,10.69000244140625,10.65802803205289,,,8.75,8.723828249022821,UP,0.6599960327148438,1.280006408691406,93.82604413485969,True,False,False,False,False,0.0,,,8.723828249022821,8.723828249022821,-1.035364907217642,0.9628746365689494,9.38185019581605,-1.276177836236839,5.281985836794301,0.8185217962259842,5,2,,,,,,,,,,9.38185019581605,-1.276177836236839,,8.723828249022821,,,9.38185019581605,-1.276177836236839,,,,,112.0,109.0500030517578,,,-2.949996948242188,,,,,0.0101046471194967,0.0,,,,,,,,,,,,,,,,,,,,,,,
2026-04-06,WTI Crude Futures,NYMEX,5m,5,112.9599990844727,115.4800033569336,108.8899993896484,112.6100006103516,240458,USD,,,,,,2026-04-05 22:00:00+00:00,2026-04-06 03:30:00,2026-04-06 20:55:00+00:00,2026-04-07 02:25:00,112.0,,Yahoo 5m history truncated by provider lookback window | Missing FX for INR conversion,True,False,0.9599990844726562,0.8571420397077287,,,False,abs_gap_pct_native>=2.0,6.590003967285156,5.833927072146206,,,0.3499984741210938,0.3098428443323209,DOWN,2.520004272460938,3.720001220703125,56.44914994240332,False,True,False,False,True,1.0,,,-0.3098428443323209,0.5446434020996094,2.54267649157881,-0.2745284835463307,2.230881987327613,-3.603045084818592,4.483265238921833,0.0531105103818747,2,5,,,,,,,,,,2.230881987327613,-3.603045084818592,,-0.3098428443323209,,,2.230881987327613,-3.603045084818592,Brent Crude Futures,ICE,5m,5,109.1999969482422,111.870002746582,106.8499984741211,109.629997253418,26714,USD,,,,,,2026-04-05 22:00:00+00:00,2026-04-06 03:30:00,2026-04-06 20:55:00+00:00,2026-04-07 02:25:00,109.0500030517578,,Yahoo 5m history truncated by provider lookback window | Missing FX for INR conversion,True,False,0.149993896484375,0.1375459810057816,,,False,abs_gap_pct_native>=2.0,5.020004272460938,4.597073638051732,,,0.4300003051757812,0.3937731842424772,UP,2.240005493164062,2.349998474121094,55.37841460708651,True,False,False,False,True,0.0,,,0.3937731842424772,0.5318607844374628,1.481822906342144,-0.5713811632563772,2.445060323220845,-2.152013314830886,3.564446960383898,0.0856573584079807,2,5,,,,,,,,,,2.445060323220845,-2.152013314830886,,0.3937731842424772,,,2.445060323220845,-2.152013314830886,,,,,112.6100006103516,109.629997253418,,,-2.980003356933594,,,,,0.8571420397077287,0.1375459810057816,,,,,,,,,,,,,,,,,,,,,,,
2026-04-07,WTI Crude Futures,NYMEX,5m,5,112.620002746582,117.629997253418,109.1999969482422,110.3399963378906,398704,USD,,,,,,2026-04-06 22:00:00+00:00,2026-04-07 03:30:00,2026-04-07 20:55:00+00:00,2026-04-08 02:25:00,112.6100006103516,,Yahoo 5m history truncated by provider lookback window | Missing FX for INR conversion,True,False,0.0100021362304687,0.0088821029893052,,,False,abs_gap_pct_native>=2.0,8.430000305175781,7.485349049533412,,,2.280006408691406,2.024512833498935,DOWN,5.009994506835938,1.139999389648438,13.52312394281303,False,True,False,False,False,1.0,,,-2.024512833498935,-2.015810549824533,-0.3539941579996099,-4.393039739486032,4.448583186513897,-3.036765863019515,5.484248805280198,0.2704633838852351,3,4,,,,,,,,,,4.448583186513897,-3.036765863019515,,-2.024512833498935,,,4.448583186513897,-3.036765863019515,Brent Crude Futures,ICE,5m,5,109.5899963378906,111.8000030517578,104.5699996948242,105.4700012207031,59889,USD,,,,,,2026-04-06 22:00:00+00:00,2026-04-07 03:30:00,2026-04-07 20:55:00+00:00,2026-04-08 02:25:00,109.629997253418,,Yahoo 5m history truncated by provider lookback window | Missing FX for INR conversion,False,True,-0.0400009155273437,-0.0364871992424469,,,False,abs_gap_pct_native>=2.0,7.230003356933594,6.597320557108029,,,4.1199951171875,3.759462774763335,DOWN,2.210006713867188,0.9000015258789062,12.44814810515686,False,True,False,False,False,1.0,,,-3.759462774763335,-3.794578251332709,-0.1353071667445939,-4.733084551623353,2.016613548423927,-4.580707008684102,4.893661345923539,0.5698469162170462,4,2,,,,,,,,,,2.016613548423927,-4.580707008684102,,-3.759462774763335,,,2.016613548423927,-4.580707008684102,,,,,110.3399963378906,105.4700012207031,,,-4.8699951171875,,,,,0.0088821029893052,-0.0364871992424469,,,,,,,,,,,,,,,,,,,,,,,
2026-04-08,WTI Crude Futures,NYMEX,5m,5,108.7399978637695,109.1900024414062,91.0500030517578,96.5,552187,USD,,,,,,2026-04-07 22:00:00+00:00,2026-04-08 03:30:00,2026-04-08 20:55:00+00:00,2026-04-09 02:25:00,110.3399963378906,,Yahoo 5m history truncated by provider lookback window | Missing FX for INR conversion,False,True,-1.599998474121094,-1.450062105513825,,,False,abs_gap_pct_native>=2.0,18.13999938964844,16.68199351297983,,,12.23999786376953,11.25620572395441,DOWN,0.4500045776367188,5.449996948242188,30.04408562081992,False,True,False,False,False,0.0,,,-11.25620572395441,-12.5430458557465,2.863268813882373,0.6046724792812461,0.4138353747261321,-16.2681581382537,10.58028043633338,0.6747518343773632,4,2,,,,,,,,,,0.4138353747261321,-16.2681581382537,,-11.25620572395441,,,0.4138353747261321,-16.2681581382537,Brent Crude Futures,ICE,5m,5,103.4000015258789,104.0,90.01000213623047,96.26000213623048,77820,USD,,,,,,2026-04-07 22:00:00+00:00,2026-04-08 03:30:00,2026-04-08 20:55:00+00:00,2026-04-09 02:25:00,105.4700012207031,,Yahoo 5m history truncated by provider lookback window | Missing FX for INR conversion,False,True,-2.069999694824219,-1.962643093643855,,,False,abs_gap_pct_native>=2.0,13.98999786376953,13.52997839199076,,,7.139999389648438,6.905221744954656,DOWN,0.5999984741210938,6.25,44.67477451291026,False,True,False,False,False,0.0,,,-6.905221744954656,-8.732339980920365,3.549782170055733,0.6061892027641564,0.5802693087687493,-12.94970908322201,10.56018944858508,0.5103645804077773,4,2,,,,,,,,,,0.5802693087687493,-12.94970908322201,,-6.905221744954656,,,0.5802693087687493,-12.94970908322201,,,,,96.5,96.26000213623048,,,-0.2399978637695312,,,,,-1.450062105513825,-1.962643093643855,,,,,,,,,,,,,,,,,,,,,,,
2026-04-09,WTI Crude Futures,NYMEX,5m,5,96.77999877929688,102.6999969482422,95.25,97.9800033569336,395341,USD,,,,,,2026-04-08 22:00:00+00:00,2026-04-09 03:30:00,2026-04-09 20:55:00+00:00,2026-04-10 02:25:00,96.5,,Yahoo 5m history truncated by provider lookback window | Missing FX for INR conversion,True,False,0.279998779296875,0.2901541754371762,,,False,abs_gap_pct_native>=2.0,7.449996948242188,7.697868404846361,,,1.200004577636719,1.239930350044004,UP,4.719993591308594,1.529998779296875,36.64435537222244,True,False,True,False,False,1.0,,,1.239930350044004,1.533682235164346,-2.315939501553926,1.439079689143432,6.116964500532434,-1.580903904313927,4.89997393203188,0.1610745059324967,2,5,,,,,,,,,,6.116964500532434,-1.580903904313927,,1.239930350044004,,,6.116964500532434,-1.580903904313927,Brent Crude Futures,ICE,5m,5,96.52999877929688,99.5199966430664,94.33999633789062,96.44000244140624,50151,USD,,,,,,2026-04-08 22:00:00+00:00,2026-04-09 03:30:00,2026-04-09 20:55:00+00:00,2026-04-10 02:25:00,96.26000213623048,,Yahoo 5m history truncated by provider lookback window | Missing FX for INR conversion,True,False,0.2699966430664062,0.2804868450805743,,,False,abs_gap_pct_native>=2.0,5.180000305175781,5.366207780670514,,,0.089996337890625,0.0932314710750072,DOWN,2.989997863769531,2.100006103515625,40.54065598060544,False,True,True,False,True,1.0,,,-0.0932314710750072,0.1869938719937266,-2.891001990703814,1.451719880343867,3.097480474029392,-2.268727306641122,4.028398188244127,0.0173738093800307,2,5,,,,,,,,,,3.097480474029392,-2.268727306641122,,-0.0932314710750072,,,3.097480474029392,-2.268727306641122,,,,,97.9800033569336,96.44000244140624,,,-1.540000915527344,,,,,0.2901541754371762,0.2804868450805743,,,,,,,,,,,,,,,,,,,,,,,
2026-04-10,WTI Crude Futures,NYMEX,5m,5,98.2300033569336,100.4199981689453,95.51000213623048,96.56999969482422,281678,USD,,,,,,2026-04-09 22:00:00+00:00,2026-04-10 03:30:00,2026-04-10 20:55:00+00:00,2026-04-11 02:25:00,97.9800033569336,,Yahoo 5m history truncated by provider lookback window | Missing FX for INR conversion,True,False,0.25,0.2551541043423619,,,False,abs_gap_pct_native>=2.0,4.909996032714844,4.998468762007093,,,1.660003662109375,1.689915102697798,DOWN,2.189994812011719,1.05999755859375,21.58856242512388,False,True,True,False,False,0.0,,,-1.689915102697798,-1.439072886099871,0.2650648852456262,-1.809861522026609,2.229456110323076,-2.769012651684016,3.750069211221564,0.3380865587362853,3,4,,,,,,,,,,2.229456110323076,-2.769012651684016,,-1.689915102697798,,,2.229456110323076,-2.769012651684016,Brent Crude Futures,ICE,5m,5,96.37999725341795,98.25,94.23999786376952,94.4499969482422,30943,USD,,,,,,2026-04-09 22:00:00+00:00,2026-04-10 03:30:00,2026-04-10 20:55:00+00:00,2026-04-11 02:25:00,96.44000244140624,,Yahoo 5m history truncated by provider lookback window | Missing FX for INR conversion,False,True,-0.0600051879882812,-0.0622202265338373,,,False,abs_gap_pct_native>=2.0,4.010002136230469,4.160616570351957,,,1.930000305175781,2.002490516887141,DOWN,1.870002746582031,0.2099990844726562,5.236882109745262,False,True,False,False,False,1.0,,,-2.002490516887141,-2.063464789285052,0.7711524289596108,-2.326783941062886,1.940239468636958,-2.220377101714999,3.242228183282837,0.4812965778093185,3,3,,,,,,,,,,1.940239468636958,-2.220377101714999,,-2.002490516887141,,,1.940239468636958,-2.220377101714999,,,,,96.56999969482422,94.4499969482422,,,-2.120002746582031,,,,,0.2551541043423619,-0.0622202265338373,,,,,,,,,,,,,,,,,,,,,,,
2026-04-13,WTI Crude Futures,NYMEX,5m,5,104.8499984741211,105.629997253418,97.02999877929688,98.01000213623048,302355,USD,,,,,,2026-04-12 22:10:00+00:00,2026-04-13 03:40:00,2026-04-13 20:55:00+00:00,2026-04-14 02:25:00,96.56999969482422,,Yahoo 5m history truncated by provider lookback window | Missing FX for INR conversion,True,False,8.279998779296875,8.574090095747044,,,True,abs_gap_pct_native>=2.0,8.599998474121094,8.202192273988189,,,6.839996337890625,6.523601752439569,DOWN,0.779998779296875,0.9800033569335938,11.39538989317959,False,True,False,False,False,0.0,,,-6.523601752439569,1.491148851565574,-4.882490491981415,-1.159743327357641,0.7439187321394125,-7.458273541848776,3.590714210779035,0.7953485524995586,5,2,,,,,,,,,,0.7439187321394125,-7.458273541848776,,-6.523601752439569,,,0.7439187321394125,-7.458273541848776,Brent Crude Futures,ICE,5m,5,102.4199981689453,103.8600006103516,97.63999938964844,98.11000061035156,44174,USD,,,,,,2026-04-12 22:10:00+00:00,2026-04-13 03:40:00,2026-04-13 20:55:00+00:00,2026-04-14 02:25:00,94.4499969482422,,Yahoo 5m history truncated by provider lookback window | Missing FX for INR conversion,True,False,7.970001220703125,8.43832872230861,,,True,abs_gap_pct_native>=2.0,6.220001220703125,6.073033911251413,,,4.30999755859375,4.208160159780769,DOWN,1.44000244140625,0.470001220703125,7.556288238959459,False,True,False,False,False,0.0,,,-4.208160159780769,3.875070175084311,-2.844292935349026,-1.297787621453397,1.405977804286733,-4.667056106964679,3.437447578671261,0.692925516517268,4,2,,,,,,,,,,1.405977804286733,-4.667056106964679,,-4.208160159780769,,,1.405977804286733,-4.667056106964679,,,,,98.01000213623048,98.11000061035156,,,0.0999984741210937,,,,,8.574090095747044,8.43832872230861,,,,,,,,,,,,,,,,,,,,,,,
2026-04-14,WTI Crude Futures,NYMEX,5m,5,97.98999786376952,98.0,91.05999755859376,92.06999969482422,269792,USD,,,,,,2026-04-13 22:00:00+00:00,2026-04-14 03:30:00,2026-04-14 20:55:00+00:00,2026-04-15 02:25:00,98.01000213623048,,Yahoo 5m history truncated by provider lookback window | Missing FX for INR conversion,False,True,-0.0200042724609375,-0.0204104397764753,,,False,abs_gap_pct_native>=2.0,6.94000244140625,7.082357988265884,,,5.919998168945312,6.041431062357591,DOWN,0.0100021362304687,1.010002136230469,14.55333978277121,False,True,False,False,False,0.0,,,-6.041431062357591,-6.060608419485447,-4.845678222583354,-0.4541011770417994,0.010207303243719,-7.072150685022165,4.20934293495462,0.8530253726749043,5,2,,,,,,,,,,0.010207303243719,-7.072150685022165,,-6.041431062357591,,,0.010207303243719,-7.072150685022165,Brent Crude Futures,ICE,5m,5,98.41999816894533,99.41000366210938,94.43000030517578,95.13999938964844,38345,USD,,,,,,2026-04-13 22:00:00+00:00,2026-04-14 03:30:00,2026-04-14 20:55:00+00:00,2026-04-15 02:25:00,98.11000061035156,,Yahoo 5m history truncated by provider lookback window | Missing FX for INR conversion,True,False,0.30999755859375,0.3159693779076811,,,False,abs_gap_pct_native>=2.0,4.980003356933594,5.059950670172788,,,3.279998779296875,3.332654785937418,DOWN,0.9900054931640624,0.7099990844726562,14.25700011796446,False,True,False,False,False,0.0,,,-3.332654785937418,-3.027215576624674,-3.56564447825669,-0.0630226476019417,1.005898711219892,-4.054051958952896,3.611544327914595,0.6586338490575866,4,2,,,,,,,,,,1.005898711219892,-4.054051958952896,,-3.332654785937418,,,1.005898711219892,-4.054051958952896,,,,,92.06999969482422,95.13999938964844,,,3.069999694824219,,,,,-0.0204104397764753,0.3159693779076811,,,,,,,,,,,,,,,,,,,,,,,
2026-04-15,WTI Crude Futures,NYMEX,5m,5,92.0199966430664,93.3000030517578,86.95999908447266,91.38999938964844,215924,USD,,,,,,2026-04-14 22:00:00+00:00,2026-04-15 03:30:00,2026-04-15 20:55:00+00:00,2026-04-16 02:25:00,92.06999969482422,,Yahoo 5m history truncated by provider lookback window | Missing FX for INR conversion,False,True,-0.0500030517578125,-0.0543098207054989,,,False,abs_gap_pct_native>=2.0,6.340003967285156,6.889811126463313,,,0.6299972534179688,0.6846308154755169,DOWN,1.280006408691406,4.430000305175781,69.87377812434943,False,True,False,False,True,1.0,,,-0.6846308154755169,-0.7385688144126366,-0.0763438684266057,-0.2510405479573883,1.391008971296081,-5.498802155167231,5.113347287108136,0.0993685897783024,2,5,,,,,,,,,,1.391008971296081,-5.498802155167231,,-0.6846308154755169,,,1.391008971296081,-5.498802155167231,Brent Crude Futures,ICE,5m,5,95.5199966430664,96.88999938964844,91.0,94.93000030517578,40485,USD,,,,,,2026-04-14 22:00:00+00:00,2026-04-15 03:30:00,2026-04-15 20:55:00+00:00,2026-04-16 02:25:00,95.13999938964844,,Yahoo 5m history truncated by provider lookback window | Missing FX for INR conversion,True,False,0.3799972534179688,0.3994085094132487,,,False,abs_gap_pct_native>=2.0,5.889999389648438,6.166247483925116,,,0.589996337890625,0.6176678796328785,DOWN,1.370002746582031,3.930000305175781,66.72327185776423,False,True,False,False,False,0.0,,,-0.6176678796328785,-0.2207263882907959,-0.1887587080785335,-0.262660221893701,1.434257532170335,-4.731989951754781,4.390215206089438,0.100169167916644,2,5,,,,,,,,,,1.434257532170335,-4.731989951754781,,-0.6176678796328785,,,1.434257532170335,-4.731989951754781,,,,,91.38999938964844,94.93000030517578,,,3.540000915527344,,,,,-0.0543098207054989,0.3994085094132487,,,,,,,,,,,,,,,,,,,,,,,
2026-04-16,WTI Crude Futures,NYMEX,5m,5,91.47000122070312,92.1500015258789,88.16000366210938,89.6500015258789,221289,USD,,,,,,2026-04-15 22:00:00+00:00,2026-04-16 03:30:00,2026-04-16 20:55:00+00:00,2026-04-17 02:25:00,91.38999938964844,,Yahoo 5m history truncated by provider lookback window | Missing FX for INR conversion,True,False,0.0800018310546875,0.0875389337881417,,,False,abs_gap_pct_native>=2.0,3.989997863769531,4.362083536155506,,,1.819999694824219,1.989723046392924,DOWN,0.6800003051757812,1.489997863769531,37.34332484985,False,True,True,False,False,0.0,,,-1.989723046392924,-1.903925894944931,3.182843954165421,-1.936115377945458,0.7434134646342078,-3.618670071521298,4.390234554788591,0.4561405186078929,3,3,,,,,,,,,,0.7434134646342078,-3.618670071521298,,-1.989723046392924,,,0.7434134646342078,-3.618670071521298,Brent Crude Futures,ICE,5m,5,94.76000213623048,99.83999633789062,94.41999816894533,98.01000213623048,34861,USD,,,,,,2026-04-15 22:05:00+00:00,2026-04-16 03:35:00,2026-04-16 20:55:00+00:00,2026-04-17 02:25:00,94.93000030517578,,Yahoo 5m history truncated by provider lookback window | Missing FX for INR conversion,False,True,-0.1699981689453125,-0.1790773921824625,,,False,abs_gap_pct_native>=2.0,5.419998168945312,5.719710897804037,,,3.25,3.429717102926697,UP,1.829994201660156,0.3400039672851562,66.23625793555834,True,False,False,False,False,0.0,,,3.429717102926697,3.244497862797078,4.002091905108506,-1.527174381300785,5.360905537293013,-0.3588053605110245,2.395908248384184,0.5996311988851508,4,2,,,,,,,,,,5.360905537293013,-0.3588053605110245,,3.429717102926697,,,5.360905537293013,-0.3588053605110245,,,,,89.6500015258789,98.01000213623048,,,8.360000610351562,,,,,0.0875389337881417,-0.1790773921824625,,,,,,,,,,,,,,,,,,,,,,,
2026-04-17,WTI Crude Futures,NYMEX,5m,5,89.72000122070312,90.33999633789062,78.97000122070312,82.58999633789062,452746,USD,,,,,,2026-04-16 22:00:00+00:00,2026-04-17 03:30:00,2026-04-17 20:55:00+00:00,2026-04-18 02:25:00,89.6500015258789,,Yahoo 5m history truncated by provider lookback window | Missing FX for INR conversion,True,False,0.0699996948242187,0.0780810860376976,,,False,abs_gap_pct_native>=2.0,11.3699951171875,12.67275408213419,,,7.1300048828125,7.946951388546385,DOWN,0.6199951171875,3.6199951171875,31.83814135254394,False,True,False,False,False,1.0,,,-7.946951388546385,-7.875075368459751,-5.556826540960986,-0.2174704753849471,0.6910333356576399,-11.98172074647655,5.96536876200104,0.6270895290037899,4,2,,,,,,,,,,0.6910333356576399,-11.98172074647655,,-7.946951388546385,,,0.6910333356576399,-11.98172074647655,Brent Crude Futures,ICE,5m,5,98.25,98.9000015258789,86.08000183105469,90.37999725341795,82426,USD,,,,,,2026-04-16 22:00:00+00:00,2026-04-17 03:30:00,2026-04-17 20:55:00+00:00,2026-04-18 02:25:00,98.01000213623048,,Yahoo 5m history truncated by provider lookback window | Missing FX for INR conversion,True,False,0.2399978637695312,0.2448707872038842,,,False,abs_gap_pct_native>=2.0,12.81999969482422,13.04834574536816,,,7.870002746582031,8.010180912551686,DOWN,0.6500015258789062,4.299995422363281,33.54130674511097,False,True,False,False,False,1.0,,,-8.010180912551686,-7.784924718404822,-5.602413122781215,-0.2978535774032571,0.6615791611999046,-12.38676658416826,10.30200664023177,0.6138847842375039,4,2,,,,,,,,,,0.6615791611999046,-12.38676658416826,,-8.010180912551686,,,0.6615791611999046,-12.38676658416826,,,,,82.58999633789062,90.37999725341795,,,7.790000915527344,,,,,0.0780810860376976,0.2448707872038842,,,,,,,,,,,,,,,,,,,,,,,
2026-04-20,WTI Crude Futures,NYMEX,5m,5,82.58999633789062,87.9800033569336,82.58999633789062,85.88999938964844,227550,USD,,,,,,2026-04-20 09:35:00+00:00,2026-04-20 15:05:00,2026-04-20 20:55:00+00:00,2026-04-21 02:25:00,82.58999633789062,,Yahoo 5m history truncated by provider lookback window | Missing FX for INR conversion,False,False,0.0,0.0,,,False,abs_gap_pct_native>=2.0,5.390007019042969,6.526222615377623,,,3.300003051757812,3.995644991019134,UP,2.090003967285156,0.0,61.22446668620015,True,False,True,False,False,0.0,,,3.995644991019134,3.995644991019134,0.7347869125836923,-2.108500705679882,6.526222615377623,0.0,3.082399300671902,0.6122446668620015,4,2,,,,,,,,,,6.526222615377623,0.0,,3.995644991019134,,,6.526222615377623,0.0,Brent Crude Futures,ICE,5m,5,90.37999725341795,96.25,90.37999725341795,94.27999877929688,29834,USD,,,,,,2026-04-20 09:35:00+00:00,2026-04-20 15:05:00,2026-04-20 20:55:00+00:00,2026-04-21 02:25:00,90.37999725341795,,Yahoo 5m history truncated by provider lookback window | Missing FX for INR conversion,False,False,0.0,0.0,,,False,abs_gap_pct_native>=2.0,5.870002746582031,6.494802970753621,,,3.900001525878906,4.315115782692079,UP,1.970001220703125,0.0,66.4395179056737,True,False,True,False,False,0.0,,,4.315115782692079,4.315115782692079,1.120031239887868,-1.483801686757938,6.494802970753621,0.0,2.779855122335878,0.664395179056737,4,2,,,,,,,,,,6.494802970753621,0.0,,4.315115782692079,,,6.494802970753621,0.0,,,,,85.88999938964844,94.27999877929688,,,8.389999389648438,,,,,0.0,0.0,,,,,,,,,,,,,,,,,,,,,,,
2026-04-21,WTI Crude Futures,NYMEX,5m,5,85.81999969482422,92.2300033569336,85.5,90.22000122070312,365239,USD,,,,,,2026-04-20 22:00:00+00:00,2026-04-21 03:30:00,2026-04-21 20:55:00+00:00,2026-04-22 02:25:00,85.88999938964844,,Yahoo 5m history truncated by provider lookback window | Missing FX for INR conversion,False,True,-0.0699996948242187,-0.0814992377711615,,,False,abs_gap_pct_native>=2.0,6.730003356933594,7.841998812474335,,,4.400001525878906,5.127011817204969,UP,2.010002136230469,0.3199996948242188,70.13371272453138,True,False,False,False,False,0.0,,,5.127011817204969,5.041334103882349,3.98401589561734,-0.955094030260279,7.469125710677392,-0.3728731017969438,5.199549671536974,0.6537889050747352,4,2,,,,,,,,,,7.469125710677392,-0.3728731017969438,,5.127011817204969,,,7.469125710677392,-0.3728731017969438,Brent Crude Futures,ICE,5m,5,93.98999786376952,95.69000244140624,89.36000061035156,93.86000061035156,50568,USD,,,,,,2026-04-20 22:00:00+00:00,2026-04-21 03:30:00,2026-04-21 20:55:00+00:00,2026-04-22 02:25:00,94.27999877929688,,Yahoo 5m history truncated by provider lookback window | Missing FX for INR conversion,False,True,-0.2900009155273438,-0.3075953747159207,,,False,abs_gap_pct_native>=2.0,6.330001831054688,6.734761118123956,,,0.1299972534179688,0.1383096673822556,DOWN,1.700004577636719,4.5,71.09002682942703,False,True,False,False,True,1.0,,,-0.1383096673822556,-0.4454796079585235,3.888957297830913,-0.4665985441853579,1.80870796496956,-4.926053153154396,6.71446636878543,0.0205366849627449,2,5,,,,,,,,,,1.80870796496956,-4.926053153154396,,-0.1383096673822556,,,1.80870796496956,-4.926053153154396,,,,,90.22000122070312,93.86000061035156,,,3.639999389648438,,,,,-0.0814992377711615,-0.3075953747159207,,,,,,,,,,,,,,,,,,,,,,,
2026-04-22,WTI Crude Futures,NYMEX,5m,5,90.0,93.7300033569336,87.63999938964844,92.87000274658205,279972,USD,,,,,,2026-04-21 22:00:00+00:00,2026-04-22 03:30:00,2026-04-22 20:55:00+00:00,2026-04-23 02:25:00,90.22000122070312,,Yahoo 5m history truncated by provider lookback window | Missing FX for INR conversion,False,True,-0.220001220703125,-0.2438497203795653,,,False,abs_gap_pct_native>=2.0,6.090003967285156,6.766671074761285,,,2.870002746582031,3.188891940646701,UP,0.8600006103515625,2.360000610351562,85.87848850392557,True,False,False,False,False,0.0,,,3.188891940646701,2.937266116186663,3.114951321485402,-0.1612490882577938,4.14444817437066,-2.622222900390625,3.611788358132702,0.4712645118130261,3,3,,,,,,,,,,4.14444817437066,-2.622222900390625,,3.188891940646701,,,4.14444817437066,-2.622222900390625,Brent Crude Futures,ICE,5m,5,93.58999633789062,102.3099975585938,91.38999938964844,101.8499984741211,38295,USD,,,,,,2026-04-21 22:00:00+00:00,2026-04-22 03:30:00,2026-04-22 20:55:00+00:00,2026-04-23 02:25:00,93.86000061035156,,Yahoo 5m history truncated by provider lookback window | Missing FX for INR conversion,False,True,-0.2700042724609375,-0.2876670261082008,,,False,abs_gap_pct_native>=2.0,10.91999816894531,11.66791173868683,,,8.260002136230469,8.825731872463322,UP,0.4599990844726562,2.199996948242188,95.787553465157,True,False,False,False,False,1.0,,,8.825731872463322,8.512676125945323,8.156321555955644,0.0098214224176551,9.317236416188177,-2.350675322498653,6.903488959736281,0.7564105788699271,5,2,,,,,,,,,,9.317236416188177,-2.350675322498653,,8.825731872463322,,,9.317236416188177,-2.350675322498653,,,,,92.87000274658205,101.8499984741211,,,8.979995727539062,,,,,-0.2438497203795653,-0.2876670261082008,,,,,,,,,,,,,,,,,,,,,,,
2026-04-23,WTI Crude Futures,NYMEX,5m,5,92.9000015258789,98.38999938964844,92.3000030517578,97.0,345464,USD,,,,,,2026-04-22 22:00:00+00:00,2026-04-23 03:30:00,2026-04-23 20:55:00+00:00,2026-04-24 02:25:00,92.87000274658205,,Yahoo 5m history truncated by provider lookback window | Missing FX for INR conversion,True,False,0.029998779296875,0.0323019041775349,,,False,abs_gap_pct_native>=2.0,6.089996337890625,6.555431902973813,,,4.099998474121094,4.413345970698362,UP,1.389999389648438,0.5999984741210938,77.1756941625701,True,False,False,False,False,1.0,,,4.413345970698362,4.447073469662375,3.731907085183479,0.2791239881075151,5.909577797197556,-0.6458541057762563,4.870679155287991,0.6732349654484684,4,2,,,,,,,,,,5.909577797197556,-0.6458541057762563,,4.413345970698362,,,5.909577797197556,-0.6458541057762563,Brent Crude Futures,ICE,5m,5,101.5800018310547,107.3600006103516,95.9499969482422,106.4700012207031,51220,USD,,,,,,2026-04-22 22:05:00+00:00,2026-04-23 03:35:00,2026-04-23 20:55:00+00:00,2026-04-24 02:25:00,101.8499984741211,,Yahoo 5m history truncated by provider lookback window | Missing FX for INR conversion,False,True,-0.2699966430664062,-0.2650924370264073,,,False,abs_gap_pct_native>=2.0,11.41000366210938,11.23252949048594,,,4.889999389648438,4.813939064286848,UP,0.8899993896484375,5.6300048828125,92.19983256794238,True,False,False,False,False,1.0,,,4.813939064286848,4.536085238877957,9.209165922710122,0.6522995361778132,5.6900951714,-5.542434319085938,9.027631343481966,0.428571237526178,3,3,,,,,,,,,,5.6900951714,-5.542434319085938,,4.813939064286848,,,5.6900951714,-5.542434319085938,,,,,97.0,106.4700012207031,,,9.470001220703123,,,,,0.0323019041775349,-0.2650924370264073,,,,,,,,,,,,,,,,,,,,,,,
2026-04-24,WTI Crude Futures,NYMEX,5m,5,96.62000274658205,97.8499984741211,92.68000030517578,94.87999725341795,306734,USD,,,,,,2026-04-23 22:00:00+00:00,2026-04-24 03:30:00,2026-04-24 20:55:00+00:00,2026-04-25 02:25:00,97.0,,Yahoo 5m history truncated by provider lookback window | Missing FX for INR conversion,False,True,-0.3799972534179688,-0.3917497457917204,,,False,abs_gap_pct_native>=2.0,5.169998168945312,5.350856988180125,,,1.740005493164062,1.800875019355778,DOWN,1.229995727539062,2.199996948242188,42.55314753217776,False,True,True,False,False,0.0,,,-1.800875019355778,-2.185569841837145,-0.624474964354304,1.054423123021855,1.273023900408214,-4.07783308777191,3.8151222371362,0.3365582416674291,3,4,,,,,,,,,,1.273023900408214,-4.07783308777191,,-1.800875019355778,,,1.273023900408214,-4.07783308777191,Brent Crude Futures,ICE,5m,5,106.2799987792969,107.0100021362305,97.5500030517578,99.12999725341795,54526,USD,,,,,,2026-04-23 22:00:00+00:00,2026-04-24 03:30:00,2026-04-24 20:55:00+00:00,2026-04-25 02:25:00,106.4700012207031,,Yahoo 5m history truncated by provider lookback window | Missing FX for INR conversion,False,True,-0.19000244140625,-0.1784563156079911,,,False,abs_gap_pct_native>=2.0,9.459999084472656,8.901015424470861,,,7.150001525878906,6.727513744826756,DOWN,0.7300033569335938,1.579994201660156,16.7018430715655,False,True,True,False,False,0.0,,,-6.727513744826756,-6.893964387273709,0.4576007671288991,0.3441606789550966,0.6868680516731402,-8.21414737279772,6.197392174495166,0.7558141879331355,5,2,,,,,,,,,,0.6868680516731402,-8.21414737279772,,-6.727513744826756,,,0.6868680516731402,-8.21414737279772,,,,,94.87999725341795,99.12999725341795,,,4.25,,,,,-0.3917497457917204,-0.1784563156079911,,,,,,,,,,,,,,,,,,,,,,,
2026-04-27,WTI Crude Futures,NYMEX,5m,5,96.3499984741211,97.66999816894533,94.58999633789062,96.68000030517578,193150,USD,,,,,,2026-04-26 22:10:00+00:00,2026-04-27 03:40:00,2026-04-27 20:55:00+00:00,2026-04-28 02:25:00,94.87999725341795,,Yahoo 5m history truncated by provider lookback window | Missing FX for INR conversion,True,False,1.470001220703125,1.549326795169326,,,False,abs_gap_pct_native>=2.0,3.080001831054688,3.19668072634371,,,0.3300018310546875,0.3425032031975834,UP,0.9899978637695312,1.760002136230469,67.85723132409551,True,False,True,False,False,0.0,,,0.3425032031975834,1.897136492268363,1.850491141768444,-0.1961416702994303,1.370004894373466,-1.826675831970244,2.692277146727257,0.107143387944573,2,5,,,,,,,,,,1.370004894373466,-1.826675831970244,,0.3425032031975834,,,1.370004894373466,-1.826675831970244,Brent Crude Futures,ICE,5m,5,101.3000030517578,102.6100006103516,99.58999633789062,101.9100036621094,38352,USD,,,,,,2026-04-26 22:10:00+00:00,2026-04-27 03:40:00,2026-04-27 20:55:00+00:00,2026-04-28 02:25:00,99.12999725341795,,Yahoo 5m history truncated by provider lookback window | Missing FX for INR conversion,True,False,2.170005798339844,2.189050598672364,,,True,abs_gap_pct_native>=2.0,3.020004272460938,2.98124795802613,,,0.6100006103515625,0.6021723514064371,UP,0.6999969482421875,1.710006713867188,76.82132589594734,True,False,True,False,False,0.0,,,0.6021723514064371,2.804404807542303,1.846313532795052,-0.1371870509180019,1.293186099831039,-1.688061858195092,2.38625298455396,0.2019866713150329,2,4,,,,,,,,,,1.293186099831039,-1.688061858195092,,0.6021723514064371,,,1.293186099831039,-1.688061858195092,,,,,96.68000030517578,101.9100036621094,,,5.230003356933594,,,,,1.549326795169326,2.189050598672364,,,,,,,,,,,,,,,,,,,,,,,
2026-04-28,WTI Crude Futures,NYMEX,5m | 1m,5,96.66999816894533,101.8499984741211,96.23999786376952,99.62000274658205,257077,USD,,,,,,2026-04-27 22:00:00+00:00,2026-04-28 03:30:00,2026-04-28 20:55:00+00:00,2026-04-29 02:25:00,96.68000030517578,,Yahoo 5m history truncated by provider lookback window | Missing FX for INR conversion | Yahoo 1m history truncated by provider lookback window | Missing FX for INR conversion,False,True,-0.0100021362304687,-0.0103456104663802,,,False,abs_gap_pct_native>=2.0,5.610000610351562,5.803248905153847,,,2.950004577636719,3.051623702817439,UP,2.229995727539062,0.4300003051757812,60.24963484987366,True,False,False,False,False,0.0,,,3.051623702817439,3.040962383249865,-0.8690547740939039,-0.7571174812022218,5.358436333186802,-0.4448125719670453,3.384324366651172,0.5258474610846523,4,2,,,,,,,,,,5.358436333186802,-0.4448125719670453,,3.051623702817439,,,5.358436333186802,-0.4448125719670453,Brent Crude Futures,ICE,5m | 1m,5,101.8199996948242,105.8099975585938,101.5999984741211,104.3000030517578,49261,USD,,,,,,2026-04-27 22:00:00+00:00,2026-04-28 03:30:00,2026-04-28 20:55:00+00:00,2026-04-29 02:25:00,101.9100036621094,,Yahoo 5m history truncated by provider lookback window | Missing FX for INR conversion | Yahoo 1m history truncated by provider lookback window | Missing FX for INR conversion,False,True,-0.0900039672851562,-0.0883171073014298,,,False,abs_gap_pct_native>=2.0,4.209999084472656,4.134746707023083,,,2.480003356933594,2.435674095822708,UP,1.509994506835938,0.220001220703125,64.13313930625048,True,False,False,False,False,1.0,,,2.435674095822708,2.345205871616557,-1.21303906370147,0.0575644562720555,3.918677937270072,-0.2160687697530098,2.945719767718864,0.5890745596787318,4,2,,,,,,,,,,3.918677937270072,-0.2160687697530098,,2.435674095822708,,,3.918677937270072,-0.2160687697530098,,,,,99.62000274658205,104.3000030517578,,,4.680000305175781,,,,,-0.0103456104663802,-0.0883171073014298,,,,,,,,,,,,,,,,,,,,,,,
2026-04-29,WTI Crude Futures,NYMEX,1m | 5m,5,99.70999908447266,108.5999984741211,98.41999816894533,108.4899978637695,294159,USD,,,,,,2026-04-28 22:00:00+00:00,2026-04-29 03:30:00,2026-04-29 20:55:00+00:00,2026-04-30 02:25:00,99.62000274658205,,Yahoo 1m history truncated by provider lookback window | Missing FX for INR conversion | Yahoo 5m history truncated by provider lookback window | Missing FX for INR conversion,True,False,0.089996337890625,0.0903396259881279,,,False,abs_gap_pct_native>=2.0,10.18000030517578,10.2096082626091,,,8.779998779296875,8.805534911156307,UP,0.1100006103515625,1.290000915527344,98.91944393856616,True,False,False,False,False,1.0,,,8.805534911156307,8.903829424449428,3.297868454925885,1.572886755525079,8.915855452086584,-1.29375281052252,2.912735948365658,0.8624752962760611,5,2,,,,,,,,,,8.915855452086584,-1.29375281052252,,8.805534911156307,,,8.915855452086584,-1.29375281052252,Brent Crude Futures,ICE,5m | 1m,5,104.1800003051758,112.1399993896484,103.2699966430664,111.9100036621094,58977,USD,,,,,,2026-04-28 22:00:00+00:00,2026-04-29 03:30:00,2026-04-29 20:55:00+00:00,2026-04-30 02:25:00,104.3000030517578,,Yahoo 5m history truncated by provider lookback window | Missing FX for INR conversion | Yahoo 1m history truncated by provider lookback window | Missing FX for INR conversion,False,True,-0.1200027465820312,-0.1150553624840079,,,False,abs_gap_pct_native>=2.0,8.870002746582031,8.514112805335978,,,7.730003356933594,7.41985345967556,UP,0.2299957275390625,0.910003662109375,97.4070388238866,True,False,False,False,False,1.0,,,7.41985345967556,7.296261157897741,2.722036716638587,1.211905553932892,7.64062109920842,-0.873491706127558,2.709361545621492,0.8714769969955505,5,2,,,,,,,,,,7.64062109920842,-0.873491706127558,,7.41985345967556,,,7.64062109920842,-0.873491706127558,,,,,108.4899978637695,111.9100036621094,,,3.420005798339844,,,,,0.0903396259881279,-0.1150553624840079,,,,,,,,,,,,,,,,,,,,,,,
2026-04-30,WTI Crude Futures,NYMEX,1m | 5m,5,109.0699996948242,110.9300003051758,103.3399963378906,105.4100036621094,315857,USD,,,,,,2026-04-29 22:00:00+00:00,2026-04-30 03:30:00,2026-04-30 20:55:00+00:00,2026-05-01 02:25:00,108.4899978637695,,Yahoo 1m history truncated by provider lookback window | Missing FX for INR conversion | Yahoo 5m history truncated by provider lookback window | Missing FX for INR conversion,True,False,0.5800018310546875,0.5346131832198887,,,False,abs_gap_pct_native>=2.0,7.590003967285156,6.958837433319742,,,3.659996032714844,3.355639536953739,DOWN,1.860000610351562,2.07000732421875,27.27280951552867,False,True,False,False,False,0.0,,,-3.355639536953739,-2.838966045079744,-0.009568675353749,0.8515184152582057,1.705327418681405,-5.253510014638336,4.90564153832807,0.4822126639841502,3,3,,,,,,,,,,1.705327418681405,-5.253510014638336,,-3.355639536953739,,,1.705327418681405,-5.253510014638336,Brent Crude Futures,ICE,5m | 1m,5,112.4199981689453,114.6600036621094,100.5999984741211,111.2300033569336,57158,USD,,,,,,2026-04-29 22:00:00+00:00,2026-04-30 03:30:00,2026-04-30 20:55:00+00:00,2026-05-01 02:25:00,111.9100036621094,,Yahoo 5m history truncated by provider lookback window | Missing FX for INR conversion | Yahoo 1m history truncated by provider lookback window | Missing FX for INR conversion,True,False,0.5099945068359375,0.4557184256518902,,,False,abs_gap_pct_native>=2.0,14.06000518798828,12.50667622931183,,,1.189994812011719,1.058525912999384,DOWN,2.240005493164062,10.6300048828125,75.6045587514712,False,True,False,True,True,0.0,,,-1.058525912999384,-0.6076313849733316,7.242123217633294,1.505750591629667,1.992532938666101,-10.51414329064573,10.98105315072745,0.0846368686284947,2,5,,,,,,,,,,1.992532938666101,-10.51414329064573,,-1.058525912999384,,,1.992532938666101,-10.51414329064573,,,,,105.4100036621094,111.2300033569336,,,5.819999694824219,,,,,0.5346131832198887,0.4557184256518902,,,,,,,,,,,,,,,,,,,,,,,
2026-05-01,WTI Crude Futures,NYMEX,1m | 5m,5,105.1399993896484,106.6500015258789,99.3000030517578,101.9400024414062,241804,USD,,,,,,2026-04-30 22:00:00+00:00,2026-05-01 03:30:00,2026-05-01 20:55:00+00:00,2026-05-02 02:25:00,105.4100036621094,,Yahoo 1m history truncated by provider lookback window | Missing FX for INR conversion | Yahoo 5m history truncated by provider lookback window | Missing FX for INR conversion,False,True,-0.2700042724609375,-0.2561467252448195,,,False,abs_gap_pct_native>=2.0,7.349998474121094,6.990677683839456,,,3.199996948242188,3.043558081432939,DOWN,1.510002136230469,2.639999389648438,35.91836649958116,False,True,False,False,False,1.0,,,-3.043558081432939,-3.291908832321243,-2.35418175788083,0.3148983331777974,1.43618237112063,-5.554495312718826,3.903208288564412,0.4353738248394453,3,3,,,,,,,,,,1.43618237112063,-5.554495312718826,,-3.043558081432939,,,1.43618237112063,-5.554495312718826,Brent Crude Futures,ICE,1m | 5m,5,111.0100021362305,112.4300003051758,103.9100036621094,108.1699981689453,37283,USD,,,,,,2026-04-30 22:00:00+00:00,2026-05-01 03:30:00,2026-05-01 20:55:00+00:00,2026-05-02 02:25:00,111.2300033569336,,Yahoo 1m history truncated by provider lookback window | Missing FX for INR conversion | Yahoo 5m history truncated by provider lookback window | Missing FX for INR conversion,False,True,-0.220001220703125,-0.1977894579371251,,,False,abs_gap_pct_native>=2.0,8.519996643066406,7.674981063968222,,,2.840003967285156,2.558331603128814,DOWN,1.419998168945312,4.259994506835938,49.99995522654028,False,True,True,False,False,1.0,,,-2.558331603128814,-2.751060950855877,-2.498650782257246,0.0740140935934541,1.279162365209852,-6.39581869875837,9.48512104674112,0.3333339303127963,3,4,,,,,,,,,,1.279162365209852,-6.39581869875837,,-2.558331603128814,,,1.279162365209852,-6.39581869875837,,,,,101.9400024414062,108.1699981689453,,,6.229995727539062,,,,,-0.2561467252448195,-0.1977894579371251,,,,,,,,,,,,,,,,,,,,,,,
2026-05-04,WTI Crude Futures,NYMEX,1m | 5m,5,100.1900024414062,107.4599990844727,100.0299987792969,105.1399993896484,310350,USD,,,,,,2026-05-03 22:10:00+00:00,2026-05-04 03:40:00,2026-05-04 20:55:00+00:00,2026-05-05 02:25:00,101.9400024414062,,Yahoo 1m history truncated by provider lookback window | Missing FX for INR conversion | Yahoo 5m history truncated by provider lookback window | Missing FX for INR conversion,False,True,-1.75,-1.716696054628679,,,False,abs_gap_pct_native>=2.0,7.430000305175781,7.415909895322181,,,4.949996948242188,4.940609669250259,UP,2.319999694824219,0.160003662109375,68.77524092148296,True,False,False,False,False,0.0,,,4.940609669250259,3.139098363354958,0.9027201250362036,0.0666219615756475,7.256209667544515,-0.1597002277776661,5.20375142822215,0.6662175968948468,4,2,,,,,,,,,,7.256209667544515,-0.1597002277776661,,4.940609669250259,,,7.256209667544515,-0.1597002277776661,Brent Crude Futures,ICE,1m | 5m,5,106.620002746582,115.25,106.4700012207031,113.7600021362305,61590,USD,,,,,,2026-05-03 22:10:00+00:00,2026-05-04 03:40:00,2026-05-04 20:55:00+00:00,2026-05-05 02:25:00,108.1699981689453,,Yahoo 1m history truncated by provider lookback window | Missing FX for INR conversion | Yahoo 5m history truncated by provider lookback window | Missing FX for INR conversion,False,True,-1.549995422363281,-1.432925440141379,,,False,abs_gap_pct_native>=2.0,8.779998779296875,8.234851391033507,,,7.139999389648438,6.696679052446683,UP,1.489997863769531,0.1500015258789062,83.02963472747939,True,False,False,False,False,1.0,,,6.696679052446683,5.167795194518177,2.111226444218165,0.0879803544775267,8.094163413154314,-0.140687977879193,4.518838818989916,0.8132118886490582,5,2,,,,,,,,,,8.094163413154314,-0.140687977879193,,6.696679052446683,,,8.094163413154314,-0.140687977879193,,,,,105.1399993896484,113.7600021362305,,,8.620002746582031,,,,,-1.716696054628679,-1.432925440141379,,,,,,,,,,,,,,,,,,,,,,,
2026-05-05,WTI Crude Futures,NYMEX,1m | 5m,5,104.9300003051758,105.4800033569336,101.0800018310547,102.6800003051758,209050,USD,,,,,,2026-05-04 22:00:00+00:00,2026-05-05 03:30:00,2026-05-05 20:55:00+00:00,2026-05-06 02:25:00,105.1399993896484,,Yahoo 1m history truncated by provider lookback window | Missing FX for INR conversion | Yahoo 5m history truncated by provider lookback window | Missing FX for INR conversion,False,True,-0.2099990844726562,-0.1997328188051442,,,False,abs_gap_pct_native>=2.0,4.400001525878906,4.193273146938008,,,2.25,2.144286661065621,DOWN,0.5500030517578125,1.599998474121094,36.36358907401724,False,True,True,False,False,1.0,,,-2.144286661065621,-2.339736635679356,-1.937351456607681,0.9239261461995694,0.5241618699687386,-3.66911127696927,3.040633555606949,0.5113634590275646,4,2,,,,,,,,,,0.5241618699687386,-3.66911127696927,,-2.144286661065621,,,0.5241618699687386,-3.66911127696927,Brent Crude Futures,ICE,5m | 1m,5,113.8199996948242,114.4499969482422,109.5999984741211,110.5,38832,USD,,,,,,2026-05-04 22:00:00+00:00,2026-05-05 03:30:00,2026-05-05 20:55:00+00:00,2026-05-06 02:25:00,113.7600021362305,,Yahoo 5m history truncated by provider lookback window | Missing FX for INR conversion | Yahoo 1m history truncated by provider lookback window | Missing FX for INR conversion,True,False,0.05999755859375,0.0527404689408333,,,False,abs_gap_pct_native>=2.0,4.849998474121094,4.261112710529765,,,3.319999694824219,2.916886051419653,DOWN,0.6299972534179688,0.9000015258789062,18.5567383305621,False,True,True,False,False,1.0,,,-2.916886051419653,-2.865683961860808,-2.231906594935252,0.500230165551274,0.5535031234467811,-3.707609587082984,2.688516075544246,0.6845362349162103,4,2,,,,,,,,,,0.5535031234467811,-3.707609587082984,,-2.916886051419653,,,0.5535031234467811,-3.707609587082984,,,,,102.6800003051758,110.5,,,7.819999694824219,,,,,-0.1997328188051442,0.0527404689408333,,,,,,,,,,,,,,,,,,,,,,,
2026-05-06,WTI Crude Futures,NYMEX,1m | 5m,5,102.6999969482422,102.6999969482422,88.66000366210938,96.20999908447266,392949,USD,,,,,,2026-05-05 22:00:00+00:00,2026-05-06 03:30:00,2026-05-06 20:55:00+00:00,2026-05-07 02:25:00,102.6800003051758,,Yahoo 1m history truncated by provider lookback window | Missing FX for INR conversion | Yahoo 5m history truncated by provider lookback window | Missing FX for INR conversion,True,False,0.0199966430664062,0.0194747204976374,,,False,abs_gap_pct_native>=2.0,14.03999328613281,13.67087994482469,,,6.489997863769531,6.319374933419231,DOWN,0.0,7.549995422363281,53.77492188561337,False,True,False,False,False,0.0,,,-6.319374933419231,-6.301130893527073,2.895419593630873,1.018480934964537,0.0,-13.67087994482469,6.934251668585505,0.4622507811438663,3,3,,,,,,,,,,0.0,-13.67087994482469,,-6.319374933419231,,,0.0,-13.67087994482469,Brent Crude Futures,ICE,5m | 1m,5,110.4499969482422,110.4499969482422,96.7300033569336,101.9599990844727,58877,USD,,,,,,2026-05-05 22:00:00+00:00,2026-05-06 03:30:00,2026-05-06 20:55:00+00:00,2026-05-07 02:25:00,110.5,,Yahoo 5m history truncated by provider lookback window | Missing FX for INR conversion | Yahoo 1m history truncated by provider lookback window | Missing FX for INR conversion,False,True,-0.0500030517578125,-0.0452516305500565,,,False,abs_gap_pct_native>=2.0,13.71999359130859,12.4219049075555,,,8.489997863769531,7.686734357944815,DOWN,0.0,5.229995727539062,38.11952019315946,False,True,False,False,False,0.0,,,-7.686734357944815,-7.72850761586185,1.586197128062632,0.127661053795959,0.0,-12.4219049075555,6.301999594728816,0.6188047980684055,4,2,,,,,,,,,,0.0,-12.4219049075555,,-7.686734357944815,,,0.0,-12.4219049075555,,,,,96.20999908447266,101.9599990844727,,,5.75,,,,,0.0194747204976374,-0.0452516305500565,,,,,,,,,,,,,,,,,,,,,,,
2026-05-07,WTI Crude Futures,NYMEX,1m | 5m,5,96.3000030517578,97.98999786376952,89.8499984741211,97.66000366210938,352133,USD,,,,,,2026-05-06 22:00:00+00:00,2026-05-07 03:30:00,2026-05-07 20:55:00+00:00,2026-05-08 02:25:00,96.20999908447266,,Yahoo 1m history truncated by provider lookback window | Missing FX for INR conversion | Yahoo 5m history truncated by provider lookback window | Missing FX for INR conversion,True,False,0.0900039672851562,0.0935494939628182,,,False,abs_gap_pct_native>=2.0,8.139999389648438,8.452750915566927,,,1.360000610351562,1.412253963917956,UP,0.3299942016601562,6.450004577636719,95.94601687464736,True,False,True,False,False,1.0,,,1.412253963917956,1.507124614317489,5.641472797203431,0.6804161465045102,1.754927059663131,-6.697823855903796,5.441735759717148,0.1670762545856039,2,5,,,,,,,,,,1.754927059663131,-6.697823855903796,,1.412253963917956,,,1.754927059663131,-6.697823855903796,Brent Crude Futures,ICE,1m | 5m,5,101.5299987792969,103.4100036621094,96.06999969482422,103.1100006103516,60391,USD,,,,,,2026-05-06 22:00:00+00:00,2026-05-07 03:30:00,2026-05-07 20:55:00+00:00,2026-05-08 02:25:00,101.9599990844727,,Yahoo 1m history truncated by provider lookback window | Missing FX for INR conversion | Yahoo 5m history truncated by provider lookback window | Missing FX for INR conversion,False,True,-0.4300003051757812,-0.4217343164347531,,,False,abs_gap_pct_native>=2.0,7.340003967285156,7.22939432240185,,,1.580001831054688,1.556192110756597,UP,0.3000030517578125,5.459999084472656,95.9127671715854,True,False,False,False,False,0.0,,,1.556192110756597,1.127894798161133,4.139061412544843,0.9397935096745428,1.851674288797347,-5.377720033604503,5.304442916464203,0.2152589887003947,2,4,,,,,,,,,,1.851674288797347,-5.377720033604503,,1.556192110756597,,,1.851674288797347,-5.377720033604503,,,,,97.66000366210938,103.1100006103516,,,5.449996948242188,,,,,0.0935494939628182,-0.4217343164347531,,,,,,,,,,,,,,,,,,,,,,,
2026-05-08,WTI Crude Futures,NYMEX,1m | 5m,5,98.25,98.63999938964844,93.81999969482422,95.41999816894533,210621,USD,,,,,,2026-05-07 22:00:00+00:00,2026-05-08 03:30:00,2026-05-08 20:55:00+00:00,2026-05-09 02:25:00,97.66000366210938,,Yahoo 1m history truncated by provider lookback window | Missing FX for INR conversion | Yahoo 5m history truncated by provider lookback window | Missing FX for INR conversion,True,False,0.589996337890625,0.6041330286367118,,,False,abs_gap_pct_native>=2.0,4.819999694824219,4.905852106691317,,,2.830001831054688,2.880408988350827,DOWN,0.3899993896484375,1.599998474121094,33.19499119137277,False,True,False,False,False,0.0,,,-2.880408988350827,-2.293677461772563,0.4843625129620174,-0.0104811235444649,0.3969459436625318,-4.508906163028785,3.579630294454445,0.5871373465217398,4,2,,,,,,,,,,0.3969459436625318,-4.508906163028785,,-2.880408988350827,,,0.3969459436625318,-4.508906163028785,Brent Crude Futures,ICE,1m | 5m,5,103.5599975585938,103.9599990844727,99.54000091552734,101.2900009155273,31681,USD,,,,,,2026-05-07 22:00:00+00:00,2026-05-08 03:30:00,2026-05-08 20:55:00+00:00,2026-05-09 02:25:00,103.1100006103516,,Yahoo 1m history truncated by provider lookback window | Missing FX for INR conversion | Yahoo 5m history truncated by provider lookback window | Missing FX for INR conversion,True,False,0.4499969482421875,0.4364241543773309,,,False,abs_gap_pct_native>=2.0,4.419998168945312,4.268055497437125,,,2.269996643066406,2.191962820182622,DOWN,0.4000015258789062,1.75,39.59277658292741,False,True,False,False,False,0.0,,,-2.191962820182622,-1.765104921007539,0.3179015330640939,0.306989055544,0.3862509997188705,-3.881804497718254,3.394358139690524,0.5135741139024197,4,2,,,,,,,,,,0.3862509997188705,-3.881804497718254,,-2.191962820182622,,,0.3862509997188705,-3.881804497718254,,,,,95.41999816894533,101.2900009155273,,,5.870002746582031,,,,,0.6041330286367118,0.4364241543773309,,,,,,,,,,,,,,,,,,,,,,,
2026-05-11,WTI Crude Futures,NYMEX,1m | 5m,5,97.97000122070312,100.370002746582,96.12999725341795,98.25,216106,USD,,,,,,2026-05-10 22:10:00+00:00,2026-05-11 03:40:00,2026-05-11 20:55:00+00:00,2026-05-12 02:25:00,95.41999816894533,,Yahoo 1m history truncated by provider lookback window | Missing FX for INR conversion | Yahoo 5m history truncated by provider lookback window | Missing FX for INR conversion,True,False,2.550003051757812,2.672398973685704,,,True,abs_gap_pct_native>=2.0,4.240005493164062,4.327861019019831,,,0.279998779296875,0.2858005264959672,UP,2.120002746582031,1.840003967285156,50.0,True,False,False,False,True,1.0,,,0.2858005264959672,2.965837230518538,0.3254675506687011,-0.395376512633439,2.449731036005883,-1.878129983013948,3.219214453841816,0.0660373623921719,2,5,,,,,,,,,,2.449731036005883,-1.878129983013948,,0.2858005264959672,,,2.449731036005883,-1.878129983013948,Brent Crude Futures,ICE,5m | 1m,5,104.0800018310547,106.0,102.8199996948242,104.4199981689453,28737,USD,,,,,,2026-05-10 22:10:00+00:00,2026-05-11 03:40:00,2026-05-11 20:55:00+00:00,2026-05-12 02:25:00,101.2900009155273,,Yahoo 5m history truncated by provider lookback window | Missing FX for INR conversion | Yahoo 1m history truncated by provider lookback window | Missing FX for INR conversion,True,False,2.790000915527344,2.754468249885905,,,True,abs_gap_pct_native>=2.0,3.180000305175781,3.055342284041885,,,0.339996337890625,0.326668266630621,UP,1.580001831054688,1.260002136230469,50.31441259665698,True,False,False,False,False,1.0,,,0.326668266630621,3.09013449020332,0.1630521441225234,-0.0095778379787795,1.844733027639548,-1.210609256402336,2.853110380866623,0.1069170771264536,2,5,,,,,,,,,,1.844733027639548,-1.210609256402336,,0.326668266630621,,,1.844733027639548,-1.210609256402336,,,,,98.25,104.4199981689453,,,6.169998168945312,,,,,2.672398973685704,2.754468249885905,,,,,,,,,,,,,,,,,,,,,,,
2026-05-12,WTI Crude Futures,NYMEX,1m | 5m,5,98.38999938964844,102.7200012207031,98.0,102.0500030517578,192142,USD,,,,,,2026-05-11 22:00:00+00:00,2026-05-12 03:30:00,2026-05-12 20:55:00+00:00,2026-05-13 02:25:00,98.25,,Yahoo 1m history truncated by provider lookback window | Missing FX for INR conversion | Yahoo 5m history truncated by provider lookback window | Missing FX for INR conversion,True,False,0.1399993896484375,0.1424930174538804,,,False,abs_gap_pct_native>=2.0,4.720001220703125,4.797236761848901,,,3.660003662109375,3.719893977857309,UP,0.6699981689453125,0.3899993896484375,85.80512721042253,True,False,False,False,False,1.0,,,3.719893977857309,3.867687584486323,0.0888752545360319,0.6807443145731219,4.400855633616605,-0.3963811282322959,2.377802250765091,0.7754243041412084,5,2,,,,,,,,,,4.400855633616605,-0.3963811282322959,,3.719893977857309,,,4.400855633616605,-0.3963811282322959,Brent Crude Futures,ICE,5m | 1m,5,104.5,108.4199981689453,104.1100006103516,107.4199981689453,27450,USD,,,,,,2026-05-11 22:00:00+00:00,2026-05-12 03:30:00,2026-05-12 20:55:00+00:00,2026-05-13 02:25:00,104.4199981689453,,Yahoo 5m history truncated by provider lookback window | Missing FX for INR conversion | Yahoo 1m history truncated by provider lookback window | Missing FX for INR conversion,True,False,0.0800018310546875,0.0766154304324439,,,False,abs_gap_pct_native>=2.0,4.30999755859375,4.124399577601674,,,2.919998168945312,2.794256621000299,UP,1.0,0.3899993896484375,76.79813070877293,True,False,False,False,False,1.0,,,2.794256621000299,2.873012883170309,-0.3069784474927326,0.233274241178855,3.751194420043361,-0.3732051575583134,2.196080468944312,0.6774941584649153,4,2,,,,,,,,,,3.751194420043361,-0.3732051575583134,,2.794256621000299,,,3.751194420043361,-0.3732051575583134,,,,,102.0500030517578,107.4199981689453,,,5.3699951171875,,,,,0.1424930174538804,0.0766154304324439,,,,,,,,,,,,,,,,,,,,,,,
2026-05-13,WTI Crude Futures,NYMEX,1m | 5m,5,102.1600036621094,103.6699981689453,100.5599975585938,101.0,178623,USD,,,,,,2026-05-12 22:00:00+00:00,2026-05-13 03:30:00,2026-05-13 20:55:00+00:00,2026-05-14 02:25:00,102.0500030517578,,Yahoo 1m history truncated by provider lookback window | Missing FX for INR conversion | Yahoo 5m history truncated by provider lookback window | Missing FX for INR conversion,True,False,0.1100006103515625,0.1077908937403679,,,False,abs_gap_pct_native>=2.0,3.110000610351562,3.044244810951437,,,1.160003662109375,1.135477310617614,DOWN,1.509994506835938,0.44000244140625,14.14798569304818,False,True,False,False,False,0.0,,,-1.135477310617614,-1.028910358018579,-0.1374564474677039,-0.6980622267855735,1.478068180019052,-1.566176630932384,2.138895476344134,0.3729914580236192,3,3,,,,,,,,,,1.478068180019052,-1.566176630932384,,-1.135477310617614,,,1.478068180019052,-1.566176630932384,Brent Crude Futures,ICE,5m | 1m,5,107.7399978637695,108.3099975585938,105.3099975585938,105.5500030517578,25837,USD,,,,,,2026-05-12 22:00:00+00:00,2026-05-13 03:30:00,2026-05-13 20:55:00+00:00,2026-05-14 02:25:00,107.4199981689453,,Yahoo 5m history truncated by provider lookback window | Missing FX for INR conversion | Yahoo 1m history truncated by provider lookback window | Missing FX for INR conversion,True,False,0.3199996948242188,0.2978958297140703,,,False,abs_gap_pct_native>=2.0,3.0,2.784481213553867,,,2.189994812011719,2.032666470609021,DOWN,0.5699996948242188,0.2400054931640625,8.00018310546875,False,True,True,False,False,0.0,,,-2.032666470609021,-1.740825869542891,-1.218375743576837,-0.621406683366907,0.529051147323158,-2.255430066230709,2.033859007254147,0.7299982706705729,4,2,,,,,,,,,,0.529051147323158,-2.255430066230709,,-2.032666470609021,,,0.529051147323158,-2.255430066230709,,,,,101.0,105.5500030517578,,,4.550003051757812,,,,,0.1077908937403679,0.2978958297140703,,,,,,,,,,,,,,,,,,,,,,,
2026-05-14,WTI Crude Futures,NYMEX,1m | 5m,5,101.0199966430664,102.3499984741211,99.38999938964844,102.0199966430664,152773,USD,,,,,,2026-05-13 22:00:00+00:00,2026-05-14 03:30:00,2026-05-14 20:55:00+00:00,2026-05-15 02:25:00,101.0,,Yahoo 1m history truncated by provider lookback window | Missing FX for INR conversion | Yahoo 5m history truncated by provider lookback window | Missing FX for INR conversion,True,False,0.0199966430664062,0.0197986565013923,,,False,abs_gap_pct_native>=2.0,2.959999084472656,2.930112040026303,,,1.0,0.9899030224018878,UP,0.3300018310546875,1.629997253417969,88.85128604310094,True,False,False,False,False,0.0,,,0.9899030224018878,1.009897666402382,1.246634129698494,0.4925138066719478,1.31657283236108,-1.613539207665223,2.814067932522307,0.3378379423310385,3,4,,,,,,,,,,1.31657283236108,-1.613539207665223,,0.9899030224018878,,,1.31657283236108,-1.613539207665223,Brent Crude Futures,ICE,5m | 1m,5,105.6399993896484,107.0800018310547,103.8600006103516,106.5500030517578,24503,USD,,,,,,2026-05-13 22:00:00+00:00,2026-05-14 03:30:00,2026-05-14 20:55:00+00:00,2026-05-15 02:25:00,105.5500030517578,,Yahoo 5m history truncated by provider lookback window | Missing FX for INR conversion | Yahoo 1m history truncated by provider lookback window | Missing FX for INR conversion,True,False,0.089996337890625,0.0852641736509416,,,False,abs_gap_pct_native>=2.0,3.220001220703125,3.048089018655039,,,0.910003662109375,0.8614196018241793,UP,0.529998779296875,1.779998779296875,83.54041682067613,True,False,False,False,False,0.0,,,0.8614196018241793,0.9474182577802835,0.7919109344417999,0.8614196018241793,1.363122349229542,-1.684966669425497,2.674374826396458,0.2826097258157763,3,4,,,,,,,,,,1.363122349229542,-1.684966669425497,,0.8614196018241793,,,1.363122349229542,-1.684966669425497,,,,,102.0199966430664,106.5500030517578,,,4.530006408691406,,,,,0.0197986565013923,0.0852641736509416,,,,,,,,,,,,,,,,,,,,,,,
2026-05-15,WTI Crude Futures,NYMEX,1m | 5m,5,102.0599975585938,103.7900009155273,98.58000183105467,101.0199966430664,182645,USD,,,,,,2026-05-14 22:00:00+00:00,2026-05-15 03:30:00,2026-05-15 21:00:00+00:00,2026-05-16 02:30:00,102.0199966430664,,Yahoo 1m history truncated by provider lookback window | Missing FX for INR conversion | Yahoo 5m history truncated by provider lookback window | Missing FX for INR conversion,True,False,0.0400009155273437,0.039208897121702,,,False,abs_gap_pct_native>=2.0,5.209999084472656,5.104839515091639,,,1.040000915527344,1.019009347839998,DOWN,1.730003356933594,2.439994812011719,46.83292208790645,False,True,False,True,False,0.0,,,-1.019009347839998,-0.9801999930451508,0.5497755071270853,0.4274781994537235,1.695084654436112,-3.409754860655527,4.849674693301081,0.1996163336432928,2,5,,,,,,,,,,1.695084654436112,-3.409754860655527,,-1.019009347839998,,,1.695084654436112,-3.409754860655527,Brent Crude Futures,ICE,5m | 1m,5,106.5699996948242,109.7300033569336,106.0500030517578,109.2600021362305,23982,USD,,,,,,2026-05-14 22:05:00+00:00,2026-05-15 03:35:00,2026-05-15 20:55:00+00:00,2026-05-16 02:25:00,106.5500030517578,,Yahoo 5m history truncated by provider lookback window | Missing FX for INR conversion | Yahoo 1m history truncated by provider lookback window | Missing FX for INR conversion,True,False,0.0199966430664062,0.0187673791587717,,,False,abs_gap_pct_native>=2.0,3.680000305175781,3.453129694767661,,,2.69000244140625,2.524164820408548,UP,0.470001220703125,0.5199966430664062,87.22822875742466,True,False,False,False,False,1.0,,,2.524164820408548,2.543405919149758,0.5344161407705906,0.1374773394187619,2.965190645733713,-0.4879390490339477,2.242845497708877,0.7309788636764142,4,2,,,,,,,,,,2.965190645733713,-0.4879390490339477,,2.524164820408548,,,2.965190645733713,-0.4879390490339477,,,,,101.0199966430664,109.2600021362305,,,8.240005493164062,,,,,0.039208897121702,0.0187673791587717,,,,,,,,,,,,,,,,,,,,,,,
2026-05-18,WTI Crude Futures,NYMEX,1m | 5m,5,102.0299987792969,105.2099990844727,98.5999984741211,102.4899978637695,320548,USD,,,,,,2026-05-17 22:10:00+00:00,2026-05-18 03:40:00,2026-05-18 21:00:00+00:00,2026-05-19 02:30:00,101.0199966430664,,Yahoo 1m history truncated by provider lookback window | Missing FX for INR conversion | Yahoo 5m history truncated by provider lookback window | Missing FX for INR conversion,True,False,1.010002136230469,0.9998041672869042,,,False,abs_gap_pct_native>=2.0,6.610000610351562,6.478487395309871,,,0.4599990844726562,0.4508468979478177,UP,2.720001220703125,3.430000305175781,58.85021226104762,True,False,False,False,True,0.0,,,0.4508468979478177,1.455158651308488,1.704828259598147,-0.1169503419434977,3.116730709812614,-3.361756685497256,5.12228061944294,0.0695913830555895,2,5,,,,,,,,,,3.116730709812614,-3.361756685497256,,0.4508468979478177,,,3.116730709812614,-3.361756685497256,Brent Crude Futures,ICE,1m | 5m,5,110.2200012207031,112.6900024414062,106.870002746582,109.2799987792969,43104,USD,,,,,,2026-05-17 22:10:00+00:00,2026-05-18 03:40:00,2026-05-18 20:55:00+00:00,2026-05-19 02:25:00,109.2600021362305,,Yahoo 1m history truncated by provider lookback window | Missing FX for INR conversion | Yahoo 5m history truncated by provider lookback window | Missing FX for INR conversion,True,False,0.9599990844726562,0.8786372558145153,,,False,abs_gap_pct_native>=2.0,5.819999694824219,5.280348058761427,,,0.94000244140625,0.852841980580277,DOWN,2.470001220703125,2.409996032714844,41.40886871279523,False,True,False,False,False,1.0,,,-0.852841980580277,0.0183018878596336,1.227784473867471,-1.08617355283725,2.240973682949999,-3.039374375811428,4.450204157582563,0.1615124554460378,2,5,,,,,,,,,,2.240973682949999,-3.039374375811428,,-0.852841980580277,,,2.240973682949999,-3.039374375811428,,,,,102.4899978637695,109.2799987792969,,,6.790000915527344,,,,,0.9998041672869042,0.8786372558145153,,,,,,,,,,,,,,,,,,,,,,,
2026-05-19,WTI Crude Futures,NYMEX,1m | 5m,5,102.5800018310547,104.8600006103516,102.120002746582,104.0299987792969,188707,USD,,,,,,2026-05-18 22:00:00+00:00,2026-05-19 03:30:00,2026-05-19 20:55:00+00:00,2026-05-20 02:25:00,102.4899978637695,,Yahoo 1m history truncated by provider lookback window | Missing FX for INR conversion | Yahoo 5m history truncated by provider lookback window | Missing FX for INR conversion,True,False,0.0900039672851562,0.0878173179443229,,,False,abs_gap_pct_native>=2.0,2.739997863769531,2.671083851492031,,,1.449996948242188,1.413527902475842,UP,0.8300018310546875,0.4599990844726562,69.70793875317776,True,False,True,False,False,1.0,,,1.413527902475842,1.502586542712514,-0.0577066056452088,0.1154798507925143,2.222654258723786,-0.4484295927682445,2.772049319249886,0.5291963790976703,4,2,,,,,,,,,,2.222654258723786,-0.4484295927682445,,1.413527902475842,,,2.222654258723786,-0.4484295927682445,Brent Crude Futures,ICE,5m | 1m,5,109.5500030517578,111.7900009155273,108.9000015258789,111.0,26851,USD,,,,,,2026-05-18 22:00:00+00:00,2026-05-19 03:30:00,2026-05-19 20:55:00+00:00,2026-05-20 02:25:00,109.2799987792969,,Yahoo 5m history truncated by provider lookback window | Missing FX for INR conversion | Yahoo 1m history truncated by provider lookback window | Missing FX for INR conversion,True,False,0.2700042724609375,0.2470756547190682,,,False,abs_gap_pct_native>=2.0,2.889999389648438,2.63806417995537,,,1.449996948242188,1.323593708671212,UP,0.7900009155273438,0.6500015258789062,72.66432240930523,True,False,True,False,False,1.0,,,1.323593708671212,1.5739396412118,-0.2521444403390982,0.2076404837988146,2.044726427539418,-0.5933377524159517,2.600641282310288,0.5017291537970106,4,2,,,,,,,,,,2.044726427539418,-0.5933377524159517,,1.323593708671212,,,2.044726427539418,-0.5933377524159517,,,,,104.0299987792969,111.0,,,6.970001220703125,,,,,0.0878173179443229,0.2470756547190682,,,,,,,,,,,,,,,,,,,,,,,
2026-05-20,WTI Crude Futures,NYMEX,1m | 5m,5,104.120002746582,104.4499969482422,96.94000244140624,99.08000183105467,297482,USD,,,,,,2026-05-19 22:00:00+00:00,2026-05-20 03:30:00,2026-05-20 20:55:00+00:00,2026-05-21 02:25:00,104.0299987792969,,Yahoo 1m history truncated by provider lookback window | Missing FX for INR conversion | Yahoo 5m history truncated by provider lookback window | Missing FX for INR conversion,True,False,0.0900039672851562,0.0865173203319003,,,False,abs_gap_pct_native>=2.0,7.509994506835938,7.212825882375872,,,5.040000915527344,4.840569326332248,DOWN,0.3299942016601562,2.139999389648438,28.49535226291461,False,True,False,False,False,1.0,,,-4.840569326332248,-4.758239936870298,-4.935620097814318,1.662223231890149,0.3169364127499402,-6.895889469625932,4.019598920187133,0.6711058058617362,4,2,,,,,,,,,,0.3169364127499402,-6.895889469625932,,-4.840569326332248,,,0.3169364127499402,-6.895889469625932,Brent Crude Futures,ICE,5m | 1m,5,111.2099990844727,111.5,103.2799987792969,105.4499969482422,52135,USD,,,,,,2026-05-19 22:00:00+00:00,2026-05-20 03:30:00,2026-05-20 20:55:00+00:00,2026-05-21 02:25:00,111.0,,Yahoo 5m history truncated by provider lookback window | Missing FX for INR conversion | Yahoo 1m history truncated by provider lookback window | Missing FX for INR conversion,True,False,0.2099990844726562,0.1891883643897804,,,False,abs_gap_pct_native>=2.0,8.220001220703125,7.391422793250267,,,5.760002136230469,5.179392306131843,DOWN,0.2900009155273438,2.169998168945312,26.39900056802783,False,True,False,False,False,0.0,,,-5.179392306131843,-5.000002749331363,-4.462978944283956,1.151076209345024,0.2607687419429484,-7.130654051307318,3.757696383506681,0.7007300828281103,4,2,,,,,,,,,,0.2607687419429484,-7.130654051307318,,-5.179392306131843,,,0.2607687419429484,-7.130654051307318,,,,,99.08000183105467,105.4499969482422,,,6.3699951171875,,,,,0.0865173203319003,0.1891883643897804,,,,,,,,,,,,,,,,,,,,,,,
2026-05-21,WTI Crude Futures,NYMEX,1m | 5m,5,98.9499969482422,102.6600036621094,95.76000213623048,98.0,328197,USD,,,,,,2026-05-20 22:00:00+00:00,2026-05-21 03:30:00,2026-05-21 20:55:00+00:00,2026-05-22 02:25:00,99.08000183105467,,Yahoo 1m history truncated by provider lookback window | Missing FX for INR conversion | Yahoo 5m history truncated by provider lookback window | Missing FX for INR conversion,False,True,-0.1300048828125,-0.1312120310960193,,,False,abs_gap_pct_native>=2.0,6.900001525878906,6.973220554507034,,,0.9499969482421876,0.9600777943824524,DOWN,3.710006713867188,2.239997863769531,32.46372997699019,False,True,False,False,False,0.0,,,-0.9600777943824524,-1.090030087904361,-2.097617116785032,-0.4874120030173603,3.749375268609439,-3.223845285897594,4.594818205281088,0.1376806866895843,2,5,,,,,,,,,,3.749375268609439,-3.223845285897594,,-0.9600777943824524,,,3.749375268609439,-3.223845285897594,Brent Crude Futures,ICE,1m | 5m,5,105.2099990844727,109.3099975585938,102.1600036621094,104.879997253418,50298,USD,,,,,,2026-05-20 22:00:00+00:00,2026-05-21 03:30:00,2026-05-21 20:55:00+00:00,2026-05-22 02:25:00,105.4499969482422,,Yahoo 1m history truncated by provider lookback window | Missing FX for INR conversion | Yahoo 5m history truncated by provider lookback window | Missing FX for INR conversion,False,True,-0.2399978637695312,-0.2275939978332374,,,False,abs_gap_pct_native>=2.0,7.149993896484375,6.795926203500558,,,0.3300018310546875,0.3136601406010188,DOWN,4.099998474121094,2.719993591308594,38.04190088394348,False,True,False,False,True,0.0,,,-0.3136601406010188,-0.540540266780653,-1.974177268501086,0.104992472917906,3.896966552417914,-2.898959651082644,4.714114049090159,0.0461541416443653,2,5,,,,,,,,,,3.896966552417914,-2.898959651082644,,-0.3136601406010188,,,3.896966552417914,-2.898959651082644,,,,,98.0,104.879997253418,,,6.879997253417969,,,,,-0.1312120310960193,-0.2275939978332374,,,,,,,,,,,,,,,,,,,,,,,
2026-05-22,WTI Crude Futures,NYMEX,1m | 5m,5,98.0,99.43000030517578,94.7300033569336,96.5999984741211,241510,USD,,,,,,2026-05-21 22:00:00+00:00,2026-05-22 03:30:00,2026-05-22 20:55:00+00:00,2026-05-23 02:25:00,98.0,,Yahoo 1m history truncated by provider lookback window | Missing FX for INR conversion | Yahoo 5m history truncated by provider lookback window | Missing FX for INR conversion,False,False,0.0,0.0,,,False,abs_gap_pct_native>=2.0,4.699996948242188,4.795915253308355,,,1.400001525878906,1.428572985590721,DOWN,1.430000305175781,1.8699951171875,39.78715598713066,False,True,False,False,False,0.0,,,-1.428572985590721,-1.428572985590721,-2.584081962481872,1.684208920127467,1.459183984873246,-3.336731268435109,4.11135657227698,0.2978728584924956,3,4,,,,,,,,,,1.459183984873246,-3.336731268435109,,-1.428572985590721,,,1.459183984873246,-3.336731268435109,Brent Crude Futures,ICE,5m | 1m,5,104.5199966430664,106.3499984741211,100.2099990844727,103.5400009155273,33916,USD,,,,,,2026-05-21 22:00:00+00:00,2026-05-22 03:30:00,2026-05-22 20:55:00+00:00,2026-05-23 02:25:00,104.879997253418,,Yahoo 5m history truncated by provider lookback window | Missing FX for INR conversion | Yahoo 1m history truncated by provider lookback window | Missing FX for INR conversion,False,True,-0.3600006103515625,-0.3432500188588919,,,False,abs_gap_pct_native>=2.0,6.139999389648438,5.874473389638928,,,0.9799957275390624,0.9376155367529596,DOWN,1.830001831054688,3.330001831054688,54.23456290026367,False,True,False,False,False,0.0,,,-0.9376155367529596,-1.277647190105123,-2.710470004591813,1.929512747728118,1.750862887322993,-4.123610502315936,4.110926410274493,0.1596084405466325,2,5,,,,,,,,,,1.750862887322993,-4.123610502315936,,-0.9376155367529596,,,1.750862887322993,-4.123610502315936,,,,,96.5999984741211,103.5400009155273,,,6.94000244140625,,,,,0.0,-0.3432500188588919,,,,,,,,,,,,,,,,,,,,,,,
2026-05-26,WTI Crude Futures,NYMEX,1m,1,91.66000366210938,94.6999969482422,91.4000015258789,93.56999969482422,194141,USD,,,,,,2026-05-26 04:00:00+00:00,2026-05-26 09:30:00,2026-05-26 20:55:00+00:00,2026-05-27 02:25:00,96.5999984741211,,Yahoo 1m history truncated by provider lookback window | Missing FX for INR conversion,False,True,-4.939994812011719,-5.113866345800337,,,True,abs_gap_pct_native>=2.0,3.299995422363281,3.600256699234064,,,1.909996032714844,2.083783500332111,UP,1.129997253417969,0.2600021362304688,65.75761148757216,True,False,False,False,False,0.0,,,2.083783500332111,-3.136644748611051,1.434428185444972,-0.5103703789030578,3.316597386728549,-0.2836593125055144,2.56648733537382,0.5787874794526249,4,2,,,,,,,,,,3.316597386728549,-0.2836593125055144,,2.083783500332111,,,3.316597386728549,-0.2836593125055144,Brent Crude Futures,ICE,5m | 1m,5,95.06999969482422,97.75,94.93000030517578,96.58999633789062,30588,USD,,,,,,2026-05-26 04:00:00+00:00,2026-05-26 09:30:00,2026-05-26 20:55:00+00:00,2026-05-27 02:25:00,103.5400009155273,,Yahoo 5m history truncated by provider lookback window | Missing FX for INR conversion | Yahoo 1m history truncated by provider lookback window | Missing FX for INR conversion,False,True,-8.470001220703125,-8.180414473449096,,,True,abs_gap_pct_native>=2.0,2.819999694824219,2.966235094011202,,,1.519996643066406,1.598818394809733,UP,1.160003662109375,0.1399993896484375,58.86511391336578,True,False,False,False,False,0.0,,,1.598818394809733,-6.712386050012545,0.8528337824347457,-0.3918788058459556,2.818975821793008,-0.1472592722181941,2.486994567378185,0.5390059601269401,4,2,,,,,,,,,,2.818975821793008,-0.1472592722181941,,1.598818394809733,,,2.818975821793008,-0.1472592722181941,,,,,93.56999969482422,96.58999633789062,,,3.019996643066406,,,,,-5.113866345800337,-8.180414473449096,,,,,,,,,,,,,,,,,,,,,,,
2026-05-27,WTI Crude Futures,NYMEX,1m | 5m,5,93.38999938964844,93.69000244140624,87.7699966430664,88.5999984741211,252010,USD,,,,,,2026-05-26 22:00:00+00:00,2026-05-27 03:30:00,2026-05-27 18:25:00+00:00,2026-05-27 23:55:00,93.56999969482422,,Yahoo 1m history truncated by provider lookback window | Missing FX for INR conversion | Yahoo 5m history truncated by provider lookback window | Missing FX for INR conversion,False,True,-0.1800003051757812,-0.1923696759248124,,,False,abs_gap_pct_native>=2.0,5.920005798339844,6.3390147093159,,,4.790000915527344,5.129029817788262,DOWN,0.3000030517578125,0.8300018310546875,14.02028746808738,False,True,False,False,False,0.0,,,-5.129029817788262,-5.311532795674507,-0.9719430577861324,-1.182249771016062,0.3212368066372057,-6.017777902678694,3.180125098845243,0.8091209837785313,5,2,,,,,,,,,,0.3212368066372057,-6.017777902678694,,-5.129029817788262,,,0.3212368066372057,-6.017777902678694,Brent Crude Futures,ICE,1m | 5m,5,96.38999938964844,96.95999908447266,91.72000122070312,92.2300033569336,48742,USD,,,,,,2026-05-26 22:00:00+00:00,2026-05-27 03:30:00,2026-05-27 18:25:00+00:00,2026-05-27 23:55:00,96.58999633789062,,Yahoo 1m history truncated by provider lookback window | Missing FX for INR conversion | Yahoo 5m history truncated by provider lookback window | Missing FX for INR conversion,False,True,-0.1999969482421875,-0.2070576206904069,,,False,abs_gap_pct_native>=2.0,5.239997863769531,5.436246391689746,,,4.159996032714844,4.31579630569185,DOWN,0.5699996948242188,0.5100021362304688,9.732869163110406,False,True,False,False,False,1.0,,,-4.31579630569185,-4.513917741237846,-1.062247723054435,-0.977019582003541,0.5913473373104227,-4.844899054379323,2.85229268567082,0.7938926963077501,5,2,,,,,,,,,,0.5913473373104227,-4.844899054379323,,-4.31579630569185,,,0.5913473373104227,-4.844899054379323,,,,,88.5999984741211,92.2300033569336,,,3.6300048828125,,,,,-0.1923696759248124,-0.2070576206904069,,,,,,,,,,,,,,,,,,,,,,,
2026-05-28,WTI Crude Futures,NYMEX,1m | 5m,5,89.83000183105469,92.5199966430664,87.11000061035156,88.52999877929688,212910,USD,,,,,,2026-05-27 22:30:00+00:00,2026-05-28 04:00:00+05:30,2026-05-28 20:55:00+00:00,2026-05-29 02:25:00+05:30,,,Missing FX for INR conversion,False,False,,,,,False,abs_gap_pct_native>=2.0,5.409996032714844,6.022482380540907,,,1.3000030517578125,1.4471813706547147,DOWN,2.6899948120117188,1.4199981689453125,26.24767486627396,False,True,False,False,False,0.0,,,-1.4471813706547147,,-2.475358226383933,-0.5727786736146938,2.9945394157631795,-3.0279429647777283,3.910056827585954,0.2402964889246776,2,4,,,,,,,,,,2.9945394157631795,-3.0279429647777283,,-1.4471813706547147,,,2.9945394157631795,-3.0279429647777283,Brent Crude Futures,ICE,5m | 1m,5,93.25,95.95999908447266,90.63999938964844,92.4800033569336,37449,USD,,,,,,2026-05-27 22:30:00+00:00,2026-05-28 04:00:00+05:30,2026-05-28 20:55:00+00:00,2026-05-29 02:25:00+05:30,,,Missing FX for INR conversion,False,False,,,,,False,abs_gap_pct_native>=2.0,5.319999694824219,5.705093506513908,,,0.7699966430664062,0.8257336654867627,DOWN,2.709999084472656,1.840003967285156,34.58654272246068,False,True,False,False,False,1.0,,,-0.8257336654867627,,-2.416122541697644,-0.0108060407252453,2.906165238040382,-2.7989282684735257,3.717146256192501,0.1447362194053374,2,5,,,,,,,,,,2.906165238040382,-2.7989282684735257,,-0.8257336654867627,,,2.906165238040382,-2.7989282684735257,,,,,88.52999877929688,92.4800033569336,,,3.950004577636719,,,,,,,,WTI,yahoo_front_symbol_no_verified_roll_metadata,CL=F,,0.0,,yahoo_finance,https://finance.yahoo.com,UTC,yahoo_intraday_direct | bucket_complete_1m_for_5m | yahoo_intraday_direct | bucket_complete_5m_for_5m,MISSING_DAILY_FX,BRENT,yahoo_front_symbol_no_verified_roll_metadata,BZ=F,,0.0,,yahoo_finance,https://finance.yahoo.com,UTC,yahoo_intraday_direct | bucket_complete_5m_for_5m | yahoo_intraday_direct | bucket_complete_1m_for_5m,MISSING_DAILY_FX
2026-05-29,WTI Crude Futures,NYMEX,1m | 5m,5,88.7699966430664,89.0199966430664,86.3499984741211,87.36000061035156,241509,USD,,,,,,2026-05-28 22:30:00+00:00,2026-05-29 04:00:00+05:30,2026-05-29 20:55:00+00:00,2026-05-30 02:25:00+05:30,,,Missing FX for INR conversion,False,False,,,,,False,abs_gap_pct_native>=2.0,2.6699981689453125,3.007770947295467,,,1.4099960327148438,1.5883700417205942,DOWN,0.25,1.0100021362304688,37.82782130631326,False,True,False,False,False,0.0,,,-1.5883700417205942,,-0.5821277624442904,0.2985099205342924,0.2816266863287381,-2.726144260966729,3.418443604533021,0.5280887639229402,4,2,,,,,,,,,,0.2816266863287381,-2.726144260966729,,-1.5883700417205942,,,0.2816266863287381,-2.726144260966729,Brent Crude Futures,ICE,5m | 1m,5,92.54000091552734,92.88999938964844,89.94000244140625,91.12000274658205,38593,USD,,,,,,2026-05-28 22:30:00+00:00,2026-05-29 04:00:00+05:30,2026-05-29 20:55:00+00:00,2026-05-30 02:25:00+05:30,,,Missing FX for INR conversion,False,False,,,,,False,abs_gap_pct_native>=2.0,2.9499969482421875,3.187807347154678,,,1.4199981689453125,1.5344695860134254,DOWN,0.3499984741210937,1.1800003051757812,40.0000517247622,False,True,False,False,False,0.0,,,-1.5344695860134254,,-0.2083962003154186,0.1538792970793709,0.3782131733936122,-2.809594173761066,3.1341008960896506,0.4813558094666659,3,3,,,,,,,,,,0.3782131733936122,-2.809594173761066,,-1.5344695860134254,,,0.3782131733936122,-2.809594173761066,,,,,87.36000061035156,91.12000274658205,,,3.7600021362304688,,,,,,,,WTI,yahoo_front_symbol_no_verified_roll_metadata,CL=F,,0.0,,yahoo_finance,https://finance.yahoo.com,UTC,yahoo_intraday_direct | bucket_complete_1m_for_5m | yahoo_intraday_direct | bucket_complete_5m_for_5m,MISSING_DAILY_FX,BRENT,yahoo_front_symbol_no_verified_roll_metadata,BZ=F,,0.0,,yahoo_finance,https://finance.yahoo.com,UTC,yahoo_intraday_direct | bucket_complete_5m_for_5m | yahoo_intraday_direct | bucket_complete_1m_for_5m,MISSING_DAILY_FX
2026-06-01,WTI Crude Futures,NYMEX,1m | 5m,5,89.93000030517578,94.77999877929688,89.02999877929688,92.47000122070312,284318,USD,,,,,,2026-05-31 22:10:00+00:00,2026-06-01 03:40:00+05:30,2026-06-01 20:55:00+00:00,2026-06-02 02:25:00+05:30,87.36000061035156,,Missing FX for INR conversion,True,False,2.5699996948242188,2.9418494469649663,,,True,abs_gap_pct_native>=2.0,5.75,6.393861870885669,,,2.540000915527344,2.8244200010095604,UP,2.30999755859375,0.9000015258789062,59.82612941576087,True,False,False,False,False,1.0,,,2.8244200010095604,5.8493596321541945,1.4071984964724722,1.038029515387544,5.39308179435418,-1.0007800765314887,3.823465620972404,0.4417392896569293,3,3,,,,,,,,,,5.39308179435418,-1.0007800765314887,,2.8244200010095604,,,5.39308179435418,-1.0007800765314887,Brent Crude Futures,ICE,1m | 5m,5,93.4499969482422,97.8000030517578,92.62000274658205,95.3000030517578,54266,USD,,,,,,2026-05-31 22:10:00+00:00,2026-06-01 03:40:00+05:30,2026-06-01 20:55:00+00:00,2026-06-02 02:25:00+05:30,91.12000274658205,,Missing FX for INR conversion,True,False,2.329994201660156,2.557061162673808,,,True,abs_gap_pct_native>=2.0,5.180000305175781,5.543071668632321,,,1.850006103515625,1.9796748677694032,UP,2.5,0.8299942016601562,51.73745458080309,True,False,False,False,False,1.0,,,1.9796748677694032,4.587357527634157,1.2072701936260484,0.6017097800329578,4.654902349461714,-0.8881693191706076,3.572337427699479,0.3571440143868574,3,3,,,,,,,,,,4.654902349461714,-0.8881693191706076,,1.9796748677694032,,,4.654902349461714,-0.8881693191706076,,,,,92.47000122070312,95.3000030517578,,,2.8300018310546875,,,,,2.9418494469649663,2.557061162673808,,WTI,yahoo_front_symbol_no_verified_roll_metadata,CL=F,,0.0,,yahoo_finance,https://finance.yahoo.com,UTC,yahoo_intraday_direct | bucket_complete_1m_for_5m | yahoo_intraday_direct | bucket_complete_5m_for_5m,MISSING_DAILY_FX,BRENT,yahoo_front_symbol_no_verified_roll_metadata,BZ=F,,0.0,,yahoo_finance,https://finance.yahoo.com,UTC,yahoo_intraday_direct | bucket_complete_1m_for_5m | yahoo_intraday_direct | bucket_complete_5m_for_5m,MISSING_DAILY_FX
2026-06-02,WTI Crude Futures,NYMEX,1m | 5m,5,92.20999908447266,94.0,90.12000274658203,93.38999938964844,204305,USD,,,,,,2026-06-01 22:30:00+00:00,2026-06-02 04:00:00+05:30,2026-06-02 20:55:00+00:00,2026-06-03 02:25:00+05:30,,,Missing FX for INR conversion,False,False,,,,,False,abs_gap_pct_native>=2.0,3.8799972534179688,4.207783637285954,,,1.1800003051757812,1.2796880131131927,UP,0.6100006103515625,2.089996337890625,84.27832365566236,True,False,False,False,False,0.0,,,1.2796880131131927,,2.8894803118110692,-0.27763174799161183,1.9412221378372878,-2.2665614994486663,2.6179000196333484,0.30412400527765704,3,4,,,,,,,,,,1.9412221378372878,-2.2665614994486663,,1.2796880131131927,,,1.9412221378372878,-2.2665614994486663,Brent Crude Futures,ICE,5m | 1m,5,95.13999938964844,96.26000213623047,92.81999969482422,95.77999877929688,36465,USD,,,,,,2026-06-01 22:30:00+00:00,2026-06-02 04:00:00+05:30,2026-06-02 20:55:00+00:00,2026-06-03 02:25:00+05:30,,,Missing FX for INR conversion,False,False,,,,,False,abs_gap_pct_native>=2.0,3.44000244140625,3.6157267852374346,,,0.6399993896484375,0.6726922364454752,UP,0.48000335693359375,2.3199996948242188,86.04642394563616,True,False,False,False,False,0.0,,,0.6726922364454752,,2.4202970688857284,-0.2914832254977771,1.177215423341585,-2.4385113618958494,2.4957983579315783,0.18604620216106882,2,5,,,,,,,,,,1.177215423341585,-2.4385113618958494,,0.6726922364454752,,,1.177215423341585,-2.4385113618958494,,,,,93.38999938964844,95.77999877929688,,,2.3899993896484375,,,,,,,,WTI,yahoo_front_symbol_no_verified_roll_metadata,CL=F,,0.0,,yahoo_finance,https://finance.yahoo.com,UTC,yahoo_intraday_direct | bucket_complete_1m_for_5m | yahoo_intraday_direct | bucket_complete_5m_for_5m,MISSING_DAILY_FX,BRENT,yahoo_front_symbol_no_verified_roll_metadata,BZ=F,,0.0,,yahoo_finance,https://finance.yahoo.com,UTC,yahoo_intraday_direct | bucket_complete_5m_for_5m | yahoo_intraday_direct | bucket_complete_1m_for_5m,MISSING_DAILY_FX
2026-06-03,WTI Crude Futures,NYMEX,1m | 5m,5,93.44999694824219,97.0,93.44999694824219,96.19999694824219,237321,USD,,,,,,2026-06-02 22:00:00+00:00,2026-06-03 03:30:00+05:30,2026-06-03 20:55:00+00:00,2026-06-04 02:25:00+05:30,93.38999938964844,,Missing FX for INR conversion,True,False,0.05999755859375,0.06424409357090141,,,False,abs_gap_pct_native>=2.0,3.5500030517578125,3.7988262896616267,,,2.75,2.942750229861541,UP,0.8000030517578125,0.0,77.46472213983915,True,False,False,False,False,0.0,,,2.942750229861541,3.0088848666436725,0.47017509345031894,0.04159035421144784,3.7988262896616267,0.0,2.943093308705191,0.7746472213983916,5,2,,,,,,,,,,3.7988262896616267,0.0,,2.942750229861541,,,3.7988262896616267,0.0,Brent Crude Futures,ICE,5m | 1m,5,96.06999969482422,99.0,96.04000091552734,97.86000061035156,38917,USD,,,,,,2026-06-02 22:00:00+00:00,2026-06-03 03:30:00+05:30,2026-06-03 20:55:00+00:00,2026-06-04 02:25:00+05:30,95.77999877929688,,Missing FX for INR conversion,True,False,0.29000091552734375,0.3027781574685385,,,False,abs_gap_pct_native>=2.0,2.9599990844726562,3.0810857644169705,,,1.7900009155273438,1.8632256908644296,UP,1.1399993896484375,0.029998779296875,61.48649519425321,True,False,False,False,False,0.0,,,1.8632256908644296,2.1716452887492474,0.08167674052082417,-0.16322795163670442,3.0498598048123395,-0.03122595960463107,2.51360557326145,0.6047302260724329,4,2,,,,,,,,,,3.0498598048123395,-0.03122595960463107,,1.8632256908644296,,,3.0498598048123395,-0.03122595960463107,,,,,96.19999694824219,97.86000061035156,,,1.660003662109375,,,,,0.06424409357090141,0.3027781574685385,,WTI,yahoo_front_symbol_no_verified_roll_metadata,CL=F,,0.0,,yahoo_finance,https://finance.yahoo.com,UTC,yahoo_intraday_direct | bucket_complete_1m_for_5m | yahoo_intraday_direct | bucket_complete_5m_for_5m,MISSING_DAILY_FX,BRENT,yahoo_front_symbol_no_verified_roll_metadata,BZ=F,,0.0,,yahoo_finance,https://finance.yahoo.com,UTC,yahoo_intraday_direct | bucket_complete_5m_for_5m | yahoo_intraday_direct | bucket_complete_1m_for_5m,MISSING_DAILY_FX
2026-06-04,WTI Crude Futures,NYMEX,1m | 5m,5,95.75,95.91000366210938,91.91000366210938,93.08999633789062,180509,USD,,,,,,2026-06-03 22:00:00+00:00,2026-06-04 03:30:00+05:30,2026-06-04 18:25:00+00:00,2026-06-04 23:55:00+05:30,96.19999694824219,,Missing FX for INR conversion,False,True,-0.4499969482421875,-0.46777231030921573,,,False,abs_gap_pct_native>=2.0,4.0,4.177545691906005,,,2.660003662109375,2.778071709774804,DOWN,0.160003662109375,1.17999267578125,29.49981689453125,False,True,False,False,False,0.0,,,-2.778071709774804,-3.2328489698651595,-0.29204613518544836,0.9871946514451776,0.16710565233355093,-4.010440039572454,2.7828378551926964,0.6650009155273438,4,2,,,,,,,,,,0.16710565233355093,-4.010440039572454,,-2.778071709774804,,,0.16710565233355093,-4.010440039572454,Brent Crude Futures,ICE,5m | 1m,5,97.43000030517578,97.56999969482422,93.91999816894531,95.13999938964844,31783,USD,,,,,,2026-06-03 22:00:00+00:00,2026-06-04 03:30:00+05:30,2026-06-04 18:25:00+00:00,2026-06-04 23:55:00+05:30,97.86000061035156,,Missing FX for INR conversion,False,True,-0.43000030517578125,-0.43940353821160316,,,False,abs_gap_pct_native>=2.0,3.6500015258789062,3.746280934461833,,,2.2900009155273438,2.350406351590345,DOWN,0.1399993896484375,1.220001220703125,33.424677005014495,False,True,False,False,False,0.0,,,-2.350406351590345,-2.7794821211307097,0.21183872522446953,0.5601931887514291,0.14369228082718202,-3.6025886536346508,2.5299435300681483,0.6273972488205797,4,2,,,,,,,,,,0.14369228082718202,-3.6025886536346508,,-2.350406351590345,,,0.14369228082718202,-3.6025886536346508,,,,,93.08999633789062,95.13999938964844,,,2.0500030517578125,,,,,-0.46777231030921573,-0.43940353821160316,,WTI,yahoo_front_symbol_no_verified_roll_metadata,CL=F,,0.0,,yahoo_finance,https://finance.yahoo.com,UTC,yahoo_intraday_direct | bucket_complete_1m_for_5m | yahoo_intraday_direct | bucket_complete_5m_for_5m,MISSING_DAILY_FX,BRENT,yahoo_front_symbol_no_verified_roll_metadata,BZ=F,,0.0,,yahoo_finance,https://finance.yahoo.com,UTC,yahoo_intraday_direct | bucket_complete_5m_for_5m | yahoo_intraday_direct | bucket_complete_1m_for_5m,MISSING_DAILY_FX
