record_type,source_name,seed_url,sitemap_url,depth,ok,status_code,doc_type,item_count,keep_sitemap_flag,sitemap_priority_score,reject_reason,error,source_key,sitemap_depth,source_url,url_date_hint,lastmod_date_hint,candidate_score,candidate_reason,matched_regex,keep_candidate_flag,reject_stage,discovered_at_utc
sitemap_fetch,Al Jazeera,https://www.aljazeera.com/wp-sitemap-posts-post-202603.xml,https://www.aljazeera.com/wp-sitemap-posts-post-202603.xml,0.0,False,404.0,,0.0,False,5.0,404 Client Error: Not Found for url: https://www.aljazeera.com/wp-sitemap-posts-post-202603.xml,404 Client Error: Not Found for url: https://www.aljazeera.com/wp-sitemap-posts-post-202603.xml,,,,,,,,,,,
sitemap_fetch,Al Jazeera,https://www.aljazeera.com/wp-sitemap-posts-post-202604.xml,https://www.aljazeera.com/wp-sitemap-posts-post-202604.xml,0.0,False,404.0,,0.0,False,5.0,404 Client Error: Not Found for url: https://www.aljazeera.com/wp-sitemap-posts-post-202604.xml,404 Client Error: Not Found for url: https://www.aljazeera.com/wp-sitemap-posts-post-202604.xml,,,,,,,,,,,
sitemap_fetch,Al Jazeera,https://www.aljazeera.com/wp-sitemap-posts-post-202605.xml,https://www.aljazeera.com/wp-sitemap-posts-post-202605.xml,0.0,False,404.0,,0.0,False,5.0,404 Client Error: Not Found for url: https://www.aljazeera.com/wp-sitemap-posts-post-202605.xml,404 Client Error: Not Found for url: https://www.aljazeera.com/wp-sitemap-posts-post-202605.xml,,,,,,,,,,,
sitemap_fetch,Al Jazeera,https://www.aljazeera.com/wp-sitemap-posts-post-202606.xml,https://www.aljazeera.com/wp-sitemap-posts-post-202606.xml,0.0,False,404.0,,0.0,False,5.0,404 Client Error: Not Found for url: https://www.aljazeera.com/wp-sitemap-posts-post-202606.xml,404 Client Error: Not Found for url: https://www.aljazeera.com/wp-sitemap-posts-post-202606.xml,,,,,,,,,,,
sitemap_fetch,Al Jazeera,https://www.aljazeera.com/sitemap.xml,https://www.aljazeera.com/sitemap.xml,0.0,True,200.0,sitemapindex,8451.0,True,0.0,,,,,,,,,,,,,
sitemap_fetch,Al Jazeera,https://www.aljazeera.com/sitemap_index.xml,https://www.aljazeera.com/sitemap_index.xml,0.0,False,404.0,,0.0,False,0.0,404 Client Error: Not Found for url: https://www.aljazeera.com/sitemap_index.xml,404 Client Error: Not Found for url: https://www.aljazeera.com/sitemap_index.xml,,,,,,,,,,,
sitemap_fetch,Al Jazeera,https://www.aljazeera.com/wp-sitemap.xml,https://www.aljazeera.com/wp-sitemap.xml,0.0,False,404.0,,0.0,False,0.0,404 Client Error: Not Found for url: https://www.aljazeera.com/wp-sitemap.xml,404 Client Error: Not Found for url: https://www.aljazeera.com/wp-sitemap.xml,,,,,,,,,,,
sitemap_fetch,Al Jazeera,https://www.aljazeera.com/news-sitemap.xml,https://www.aljazeera.com/news-sitemap.xml,0.0,True,200.0,urlset,187.0,True,3.0,,,,,,,,,,,,,
url_candidate,Al Jazeera,https://www.aljazeera.com/news-sitemap.xml,https://www.aljazeera.com/news-sitemap.xml,,,,,,,,out_of_range,,al_jazeera,0.0,https://www.aljazeera.com/news/2026/6/5/us-iran-war-pushing-millions-into-food-crisis-warns-un,2026-06-05,2026-06-05,10.0,url_has_date|high_conf_pattern|article_section_token,"^https?://www\.aljazeera\.com/.+/\d{4}/\d{1,2}/\d{1,2}/.+",False,candidate,2026-06-05 11:28:52.306206+00:00
url_candidate,Al Jazeera,https://www.aljazeera.com/news-sitemap.xml,https://www.aljazeera.com/news-sitemap.xml,,,,,,,,out_of_range,,al_jazeera,0.0,https://www.aljazeera.com/sports/2026/6/5/ranking-the-2026-world-cup-groups-which-teams-are-favourites-to-progress,2026-06-05,2026-06-05,5.0,url_has_date|non_article_pattern|high_conf_pattern,"^https?://www\.aljazeera\.com/.+/\d{4}/\d{1,2}/\d{1,2}/.+",False,candidate,2026-06-05 11:28:52.306853+00:00
url_candidate,Al Jazeera,https://www.aljazeera.com/news-sitemap.xml,https://www.aljazeera.com/news-sitemap.xml,,,,,,,,out_of_range,,al_jazeera,0.0,https://www.aljazeera.com/news/2026/6/5/iaea-brokers-ukraine-ceasefire-to-allow-nuclear-plant-repairs,2026-06-05,2026-06-05,10.0,url_has_date|high_conf_pattern|article_section_token,"^https?://www\.aljazeera\.com/.+/\d{4}/\d{1,2}/\d{1,2}/.+",False,candidate,2026-06-05 11:28:52.307420+00:00
url_candidate,Al Jazeera,https://www.aljazeera.com/news-sitemap.xml,https://www.aljazeera.com/news-sitemap.xml,,,,,,,,out_of_range,,al_jazeera,0.0,https://www.aljazeera.com/news/2026/6/5/zelenskyy-asks-putin-for-meeting-whats-he-offering-could-russia-accept,2026-06-05,2026-06-05,10.0,url_has_date|high_conf_pattern|article_section_token,"^https?://www\.aljazeera\.com/.+/\d{4}/\d{1,2}/\d{1,2}/.+",False,candidate,2026-06-05 11:28:52.307986+00:00
url_candidate,Al Jazeera,https://www.aljazeera.com/news-sitemap.xml,https://www.aljazeera.com/news-sitemap.xml,,,,,,,,out_of_range,,al_jazeera,0.0,https://www.aljazeera.com/video/newsfeed/2026/6/5/how-the-world-failed-a-mothers-children-killed-in-israeli-strikes-on-gaza,2026-06-05,2026-06-05,5.0,url_has_date|non_article_pattern|high_conf_pattern,"^https?://www\.aljazeera\.com/.+/\d{4}/\d{1,2}/\d{1,2}/.+",False,candidate,2026-06-05 11:28:52.308540+00:00
url_candidate,Al Jazeera,https://www.aljazeera.com/news-sitemap.xml,https://www.aljazeera.com/news-sitemap.xml,,,,,,,,out_of_range,,al_jazeera,0.0,https://www.aljazeera.com/video/newsfeed/2026/6/5/thousands-protest-in-albania-over-kushner-linked-resort-project,2026-06-05,2026-06-05,5.0,url_has_date|non_article_pattern|high_conf_pattern,"^https?://www\.aljazeera\.com/.+/\d{4}/\d{1,2}/\d{1,2}/.+",False,candidate,2026-06-05 11:28:52.309097+00:00
url_candidate,Al Jazeera,https://www.aljazeera.com/news-sitemap.xml,https://www.aljazeera.com/news-sitemap.xml,,,,,,,,out_of_range,,al_jazeera,0.0,https://www.aljazeera.com/sports/2026/6/5/us-visa-rejections-war-on-iran-keep-fans-away-from-world-cup,2026-06-05,2026-06-05,5.0,url_has_date|non_article_pattern|high_conf_pattern,"^https?://www\.aljazeera\.com/.+/\d{4}/\d{1,2}/\d{1,2}/.+",False,candidate,2026-06-05 11:28:52.309653+00:00
url_candidate,Al Jazeera,https://www.aljazeera.com/news-sitemap.xml,https://www.aljazeera.com/news-sitemap.xml,,,,,,,,out_of_range,,al_jazeera,0.0,https://www.aljazeera.com/news/2026/6/5/fifa-world-cup-2026-super-bowl-half-time-show-kits-football-talking-points,2026-06-05,2026-06-05,10.0,url_has_date|high_conf_pattern|article_section_token,"^https?://www\.aljazeera\.com/.+/\d{4}/\d{1,2}/\d{1,2}/.+",False,candidate,2026-06-05 11:28:52.310220+00:00
url_candidate,Al Jazeera,https://www.aljazeera.com/news-sitemap.xml,https://www.aljazeera.com/news-sitemap.xml,,,,,,,,out_of_range,,al_jazeera,0.0,https://www.aljazeera.com/sports/2026/6/5/iran-beat-mali-in-final-warm-up-before-heading-to-world-cup,2026-06-05,2026-06-05,5.0,url_has_date|non_article_pattern|high_conf_pattern,"^https?://www\.aljazeera\.com/.+/\d{4}/\d{1,2}/\d{1,2}/.+",False,candidate,2026-06-05 11:28:52.310781+00:00
url_candidate,Al Jazeera,https://www.aljazeera.com/news-sitemap.xml,https://www.aljazeera.com/news-sitemap.xml,,,,,,,,out_of_range,,al_jazeera,0.0,https://www.aljazeera.com/news/2026/6/5/us-raises-pressure-on-cuba-as-it-sanctions-president-diaz-canel,2026-06-05,2026-06-05,10.0,url_has_date|high_conf_pattern|article_section_token,"^https?://www\.aljazeera\.com/.+/\d{4}/\d{1,2}/\d{1,2}/.+",False,candidate,2026-06-05 11:28:52.311340+00:00
url_candidate,Al Jazeera,https://www.aljazeera.com/news-sitemap.xml,https://www.aljazeera.com/news-sitemap.xml,,,,,,,,out_of_range,,al_jazeera,0.0,https://www.aljazeera.com/sports/2026/6/5/sooryavanshi-in-line-for-india-test-call-as-15-year-old-fast-tracked-to-top,2026-06-05,2026-06-05,5.0,url_has_date|non_article_pattern|high_conf_pattern,"^https?://www\.aljazeera\.com/.+/\d{4}/\d{1,2}/\d{1,2}/.+",False,candidate,2026-06-05 11:28:52.311908+00:00
url_candidate,Al Jazeera,https://www.aljazeera.com/news-sitemap.xml,https://www.aljazeera.com/news-sitemap.xml,,,,,,,,out_of_range,,al_jazeera,0.0,https://www.aljazeera.com/video/newsfeed/2026/6/5/putin-says-too-early-to-talk-about-staying-in-power-until-2036,2026-06-05,2026-06-05,5.0,url_has_date|non_article_pattern|high_conf_pattern,"^https?://www\.aljazeera\.com/.+/\d{4}/\d{1,2}/\d{1,2}/.+",False,candidate,2026-06-05 11:28:52.312458+00:00
url_candidate,Al Jazeera,https://www.aljazeera.com/news-sitemap.xml,https://www.aljazeera.com/news-sitemap.xml,,,,,,,,out_of_range,,al_jazeera,0.0,https://www.aljazeera.com/news/2026/6/5/french-iranian-persepolis-author-marjane-satrapi-dies-of-sadness,2026-06-05,2026-06-05,10.0,url_has_date|high_conf_pattern|article_section_token,"^https?://www\.aljazeera\.com/.+/\d{4}/\d{1,2}/\d{1,2}/.+",False,candidate,2026-06-05 11:28:52.313024+00:00
url_candidate,Al Jazeera,https://www.aljazeera.com/news-sitemap.xml,https://www.aljazeera.com/news-sitemap.xml,,,,,,,,out_of_range,,al_jazeera,0.0,https://www.aljazeera.com/video/newsfeed/2026/6/5/fireball-seen-after-explosion-at-mexico-gas-facility,2026-06-05,2026-06-05,5.0,url_has_date|non_article_pattern|high_conf_pattern,"^https?://www\.aljazeera\.com/.+/\d{4}/\d{1,2}/\d{1,2}/.+",False,candidate,2026-06-05 11:28:52.313571+00:00
url_candidate,Al Jazeera,https://www.aljazeera.com/news-sitemap.xml,https://www.aljazeera.com/news-sitemap.xml,,,,,,,,out_of_range,,al_jazeera,0.0,https://www.aljazeera.com/video/newsfeed/2026/6/5/un-envoys-call-on-trump-to-stop-israeli-annexation,2026-06-05,2026-06-05,5.0,url_has_date|non_article_pattern|high_conf_pattern,"^https?://www\.aljazeera\.com/.+/\d{4}/\d{1,2}/\d{1,2}/.+",False,candidate,2026-06-05 11:28:52.314123+00:00
url_candidate,Al Jazeera,https://www.aljazeera.com/news-sitemap.xml,https://www.aljazeera.com/news-sitemap.xml,,,,,,,,out_of_range,,al_jazeera,0.0,https://www.aljazeera.com/news/2026/6/5/chinas-xi-headed-to-north-korea-in-bid-to-shore-up-ties,2026-06-05,2026-06-05,10.0,url_has_date|high_conf_pattern|article_section_token,"^https?://www\.aljazeera\.com/.+/\d{4}/\d{1,2}/\d{1,2}/.+",False,candidate,2026-06-05 11:28:52.314675+00:00
url_candidate,Al Jazeera,https://www.aljazeera.com/news-sitemap.xml,https://www.aljazeera.com/news-sitemap.xml,,,,,,,,out_of_range,,al_jazeera,0.0,https://www.aljazeera.com/news/2026/6/5/why-the-kushners-plan-to-build-an-albanian-resort-has-sparked-protests,2026-06-05,2026-06-05,10.0,url_has_date|high_conf_pattern|article_section_token,"^https?://www\.aljazeera\.com/.+/\d{4}/\d{1,2}/\d{1,2}/.+",False,candidate,2026-06-05 11:28:52.315233+00:00
url_candidate,Al Jazeera,https://www.aljazeera.com/news-sitemap.xml,https://www.aljazeera.com/news-sitemap.xml,,,,,,,,out_of_range,,al_jazeera,0.0,https://www.aljazeera.com/sports/2026/6/5/we-are-fighters-iraq-aim-to-shock-rivals-at-2026-world-cup,2026-06-05,2026-06-05,5.0,url_has_date|non_article_pattern|high_conf_pattern,"^https?://www\.aljazeera\.com/.+/\d{4}/\d{1,2}/\d{1,2}/.+",False,candidate,2026-06-05 11:28:52.315793+00:00
url_candidate,Al Jazeera,https://www.aljazeera.com/news-sitemap.xml,https://www.aljazeera.com/news-sitemap.xml,,,,,,,,out_of_range,,al_jazeera,0.0,https://www.aljazeera.com/news/2026/6/5/iran-war-day-98-tehran-raises-doubts-on-deal-as-lebanon-fighting-continues,2026-06-05,2026-06-05,10.0,url_has_date|high_conf_pattern|article_section_token,"^https?://www\.aljazeera\.com/.+/\d{4}/\d{1,2}/\d{1,2}/.+",False,candidate,2026-06-05 11:28:52.316350+00:00
url_candidate,Al Jazeera,https://www.aljazeera.com/news-sitemap.xml,https://www.aljazeera.com/news-sitemap.xml,,,,,,,,out_of_range,,al_jazeera,0.0,https://www.aljazeera.com/news/2026/6/5/pakistans-lyari-defies-bollywoods-gangland-label-to-rise-as-boxing-haven,2026-06-05,2026-06-05,10.0,url_has_date|high_conf_pattern|article_section_token,"^https?://www\.aljazeera\.com/.+/\d{4}/\d{1,2}/\d{1,2}/.+",False,candidate,2026-06-05 11:28:52.316912+00:00
url_candidate,Al Jazeera,https://www.aljazeera.com/news-sitemap.xml,https://www.aljazeera.com/news-sitemap.xml,,,,,,,,out_of_range,,al_jazeera,0.0,https://www.aljazeera.com/news/2026/6/5/why-mogadishu-clashes-are-deepening-somalias-political-crisis-again,2026-06-05,2026-06-05,10.0,url_has_date|high_conf_pattern|article_section_token,"^https?://www\.aljazeera\.com/.+/\d{4}/\d{1,2}/\d{1,2}/.+",False,candidate,2026-06-05 11:28:52.317477+00:00
url_candidate,Al Jazeera,https://www.aljazeera.com/news-sitemap.xml,https://www.aljazeera.com/news-sitemap.xml,,,,,,,,out_of_range,,al_jazeera,0.0,https://www.aljazeera.com/news/liveblog/2026/6/5/iran-war-live-hezbollah-rejects-truce-as-israel-continues-lebanon-strikes,2026-06-05,2026-06-05,7.0,url_has_date|non_article_pattern|high_conf_pattern|article_section_token,"^https?://www\.aljazeera\.com/.+/\d{4}/\d{1,2}/\d{1,2}/.+",False,candidate,2026-06-05 11:28:52.318039+00:00
url_candidate,Al Jazeera,https://www.aljazeera.com/news-sitemap.xml,https://www.aljazeera.com/news-sitemap.xml,,,,,,,,,,al_jazeera,0.0,https://www.aljazeera.com/news/2026/6/4/democrat-fails-to-block-us-measure-to-deepen-israel-military-cooperation,2026-06-04,2026-06-05,10.0,url_has_date|high_conf_pattern|article_section_token,"^https?://www\.aljazeera\.com/.+/\d{4}/\d{1,2}/\d{1,2}/.+",True,,2026-06-05 11:28:52.318606+00:00
url_candidate,Al Jazeera,https://www.aljazeera.com/news-sitemap.xml,https://www.aljazeera.com/news-sitemap.xml,,,,,,,,,,al_jazeera,0.0,https://www.aljazeera.com/sports/2026/6/4/ivory-coast-beat-france-in-world-cup-warning-to-one-of-the-favourites,2026-06-04,2026-06-04,5.0,url_has_date|non_article_pattern|high_conf_pattern,"^https?://www\.aljazeera\.com/.+/\d{4}/\d{1,2}/\d{1,2}/.+",True,,2026-06-05 11:28:52.319174+00:00
url_candidate,Al Jazeera,https://www.aljazeera.com/news-sitemap.xml,https://www.aljazeera.com/news-sitemap.xml,,,,,,,,,,al_jazeera,0.0,https://www.aljazeera.com/news/2026/6/4/democrats-force-vote-on-trumps-1-8bn-settlement-fund-in-vote-a-rama,2026-06-04,2026-06-04,10.0,url_has_date|high_conf_pattern|article_section_token,"^https?://www\.aljazeera\.com/.+/\d{4}/\d{1,2}/\d{1,2}/.+",True,,2026-06-05 11:28:52.319801+00:00
url_candidate,Al Jazeera,https://www.aljazeera.com/news-sitemap.xml,https://www.aljazeera.com/news-sitemap.xml,,,,,,,,,,al_jazeera,0.0,https://www.aljazeera.com/video/newsfeed/2026/6/4/clip-kenyan-president-ebola-facility,2026-06-04,2026-06-04,5.0,url_has_date|non_article_pattern|high_conf_pattern,"^https?://www\.aljazeera\.com/.+/\d{4}/\d{1,2}/\d{1,2}/.+",True,,2026-06-05 11:28:52.320507+00:00
url_candidate,Al Jazeera,https://www.aljazeera.com/news-sitemap.xml,https://www.aljazeera.com/news-sitemap.xml,,,,,,,,,,al_jazeera,0.0,https://www.aljazeera.com/video/newsfeed/2026/6/4/why-is-the-us-so-invested-in-colombias-election,2026-06-04,2026-06-04,5.0,url_has_date|non_article_pattern|high_conf_pattern,"^https?://www\.aljazeera\.com/.+/\d{4}/\d{1,2}/\d{1,2}/.+",True,,2026-06-05 11:28:52.321106+00:00
url_candidate,Al Jazeera,https://www.aljazeera.com/news-sitemap.xml,https://www.aljazeera.com/news-sitemap.xml,,,,,,,,,,al_jazeera,0.0,https://www.aljazeera.com/video/newsfeed/2026/6/4/lebanon-latest-hezbollah-rejects-us-plan-as-israel-continues-attacks,2026-06-04,2026-06-04,5.0,url_has_date|non_article_pattern|high_conf_pattern,"^https?://www\.aljazeera\.com/.+/\d{4}/\d{1,2}/\d{1,2}/.+",True,,2026-06-05 11:28:52.321658+00:00
url_candidate,Al Jazeera,https://www.aljazeera.com/news-sitemap.xml,https://www.aljazeera.com/news-sitemap.xml,,,,,,,,,,al_jazeera,0.0,https://www.aljazeera.com/video/newsfeed/2026/6/4/hezbollah-rejects-us-brokered-ceasefire-deal-between-israel-and-lebanon,2026-06-04,2026-06-04,5.0,url_has_date|non_article_pattern|high_conf_pattern,"^https?://www\.aljazeera\.com/.+/\d{4}/\d{1,2}/\d{1,2}/.+",True,,2026-06-05 11:28:52.322217+00:00
url_candidate,Al Jazeera,https://www.aljazeera.com/news-sitemap.xml,https://www.aljazeera.com/news-sitemap.xml,,,,,,,,,,al_jazeera,0.0,https://www.aljazeera.com/news/2026/6/4/us-defence-secretary-compares-bolivia-protests-to-government-overthrow,2026-06-04,2026-06-04,10.0,url_has_date|high_conf_pattern|article_section_token,"^https?://www\.aljazeera\.com/.+/\d{4}/\d{1,2}/\d{1,2}/.+",True,,2026-06-05 11:28:52.322782+00:00
url_candidate,Al Jazeera,https://www.aljazeera.com/news-sitemap.xml,https://www.aljazeera.com/news-sitemap.xml,,,,,,,,,,al_jazeera,0.0,https://www.aljazeera.com/video/newsfeed/2026/6/4/what-is-the-uks-two-tier-policing-debate,2026-06-04,2026-06-04,5.0,url_has_date|non_article_pattern|high_conf_pattern,"^https?://www\.aljazeera\.com/.+/\d{4}/\d{1,2}/\d{1,2}/.+",True,,2026-06-05 11:28:52.323333+00:00
url_candidate,Al Jazeera,https://www.aljazeera.com/news-sitemap.xml,https://www.aljazeera.com/news-sitemap.xml,,,,,,,,,,al_jazeera,0.0,https://www.aljazeera.com/video/newsfeed/2026/6/4/lufthansa-employees-injured-after-boeing-787-collapses-in-frankfurt,2026-06-04,2026-06-04,5.0,url_has_date|non_article_pattern|high_conf_pattern,"^https?://www\.aljazeera\.com/.+/\d{4}/\d{1,2}/\d{1,2}/.+",True,,2026-06-05 11:28:52.323893+00:00
url_candidate,Al Jazeera,https://www.aljazeera.com/news-sitemap.xml,https://www.aljazeera.com/news-sitemap.xml,,,,,,,,,,al_jazeera,0.0,https://www.aljazeera.com/news/2026/6/4/block-the-bombs-support-grows-for-us-bill-to-restrict-arms-for-israel,2026-06-04,2026-06-04,10.0,url_has_date|high_conf_pattern|article_section_token,"^https?://www\.aljazeera\.com/.+/\d{4}/\d{1,2}/\d{1,2}/.+",True,,2026-06-05 11:28:52.324453+00:00
url_candidate,Al Jazeera,https://www.aljazeera.com/news-sitemap.xml,https://www.aljazeera.com/news-sitemap.xml,,,,,,,,,,al_jazeera,0.0,https://www.aljazeera.com/sports/2026/6/4/qualifier-chwalinska-sets-up-andreeva-french-open-final,2026-06-04,2026-06-04,5.0,url_has_date|non_article_pattern|high_conf_pattern,"^https?://www\.aljazeera\.com/.+/\d{4}/\d{1,2}/\d{1,2}/.+",True,,2026-06-05 11:28:52.325015+00:00
url_candidate,Al Jazeera,https://www.aljazeera.com/news-sitemap.xml,https://www.aljazeera.com/news-sitemap.xml,,,,,,,,,,al_jazeera,0.0,https://www.aljazeera.com/sports/2026/6/4/liverpool-appoint-spaniard-iraola-as-new-manager-in-place-of-slot,2026-06-04,2026-06-04,5.0,url_has_date|non_article_pattern|high_conf_pattern,"^https?://www\.aljazeera\.com/.+/\d{4}/\d{1,2}/\d{1,2}/.+",True,,2026-06-05 11:28:52.325578+00:00
url_candidate,Al Jazeera,https://www.aljazeera.com/news-sitemap.xml,https://www.aljazeera.com/news-sitemap.xml,,,,,,,,,,al_jazeera,0.0,https://www.aljazeera.com/news/2026/6/4/twelve-people-killed-scores-wounded-in-russian-attacks-on-ukraine,2026-06-04,2026-06-04,10.0,url_has_date|high_conf_pattern|article_section_token,"^https?://www\.aljazeera\.com/.+/\d{4}/\d{1,2}/\d{1,2}/.+",True,,2026-06-05 11:28:52.326149+00:00
url_candidate,Al Jazeera,https://www.aljazeera.com/news-sitemap.xml,https://www.aljazeera.com/news-sitemap.xml,,,,,,,,,,al_jazeera,0.0,https://www.aljazeera.com/news/2026/6/4/hundreds-protest-in-libya-outside-un-agency-against-undocumented-migrants,2026-06-04,2026-06-04,10.0,url_has_date|high_conf_pattern|article_section_token,"^https?://www\.aljazeera\.com/.+/\d{4}/\d{1,2}/\d{1,2}/.+",True,,2026-06-05 11:28:52.326722+00:00
url_candidate,Al Jazeera,https://www.aljazeera.com/news-sitemap.xml,https://www.aljazeera.com/news-sitemap.xml,,,,,,,,,,al_jazeera,0.0,https://www.aljazeera.com/video/newsfeed/2026/6/4/sherpa-found-alive-on-mount-everest-after-six-days-missing,2026-06-04,2026-06-04,5.0,url_has_date|non_article_pattern|high_conf_pattern,"^https?://www\.aljazeera\.com/.+/\d{4}/\d{1,2}/\d{1,2}/.+",True,,2026-06-05 11:28:52.327275+00:00
url_candidate,Al Jazeera,https://www.aljazeera.com/news-sitemap.xml,https://www.aljazeera.com/news-sitemap.xml,,,,,,,,,,al_jazeera,0.0,https://www.aljazeera.com/news/2026/6/4/saudi-energy-minister-call-for-stable-energy-sector-on-russia-visit,2026-06-04,2026-06-04,10.0,url_has_date|high_conf_pattern|article_section_token,"^https?://www\.aljazeera\.com/.+/\d{4}/\d{1,2}/\d{1,2}/.+",True,,2026-06-05 11:28:52.327841+00:00
url_candidate,Al Jazeera,https://www.aljazeera.com/news-sitemap.xml,https://www.aljazeera.com/news-sitemap.xml,,,,,,,,,,al_jazeera,0.0,https://www.aljazeera.com/video/newsfeed/2026/6/4/marjane-satrapi-the-author-of-persepolis-dies-at-56,2026-06-04,2026-06-04,5.0,url_has_date|non_article_pattern|high_conf_pattern,"^https?://www\.aljazeera\.com/.+/\d{4}/\d{1,2}/\d{1,2}/.+",True,,2026-06-05 11:28:52.328393+00:00
url_candidate,Al Jazeera,https://www.aljazeera.com/news-sitemap.xml,https://www.aljazeera.com/news-sitemap.xml,,,,,,,,,,al_jazeera,0.0,https://www.aljazeera.com/news/longform/2026/6/4/ecuadors-disappeared-inside-one-familys-search-for-answers,2026-06-04,2026-06-04,10.0,url_has_date|high_conf_pattern|article_section_token,"^https?://www\.aljazeera\.com/.+/\d{4}/\d{1,2}/\d{1,2}/.+",True,,2026-06-05 11:28:52.328958+00:00
url_candidate,Al Jazeera,https://www.aljazeera.com/news-sitemap.xml,https://www.aljazeera.com/news-sitemap.xml,,,,,,,,,,al_jazeera,0.0,https://www.aljazeera.com/news/2026/6/4/trump-official-turned-foe-john-bolton-accepts-plea-deal-in-documents-case,2026-06-04,2026-06-04,10.0,url_has_date|high_conf_pattern|article_section_token,"^https?://www\.aljazeera\.com/.+/\d{4}/\d{1,2}/\d{1,2}/.+",True,,2026-06-05 11:28:52.329519+00:00
url_candidate,Al Jazeera,https://www.aljazeera.com/news-sitemap.xml,https://www.aljazeera.com/news-sitemap.xml,,,,,,,,,,al_jazeera,0.0,https://www.aljazeera.com/news/2026/6/4/israel-must-allow-icrc-to-visit-palestinians-in-prison-supreme-court-rules,2026-06-04,2026-06-04,10.0,url_has_date|high_conf_pattern|article_section_token,"^https?://www\.aljazeera\.com/.+/\d{4}/\d{1,2}/\d{1,2}/.+",True,,2026-06-05 11:28:52.330083+00:00
url_candidate,Al Jazeera,https://www.aljazeera.com/news-sitemap.xml,https://www.aljazeera.com/news-sitemap.xml,,,,,,,,,,al_jazeera,0.0,https://www.aljazeera.com/sports/2026/6/4/ronaldo-messi-at-world-cup-who-else-is-playing-their-final-tournament,2026-06-04,2026-06-04,5.0,url_has_date|non_article_pattern|high_conf_pattern,"^https?://www\.aljazeera\.com/.+/\d{4}/\d{1,2}/\d{1,2}/.+",True,,2026-06-05 11:28:52.330637+00:00
url_candidate,Al Jazeera,https://www.aljazeera.com/news-sitemap.xml,https://www.aljazeera.com/news-sitemap.xml,,,,,,,,,,al_jazeera,0.0,https://www.aljazeera.com/sports/2026/6/4/russias-andreeva-beats-ukraines-kostyuk-in-no-handshake-french-open-semi,2026-06-04,2026-06-04,5.0,url_has_date|non_article_pattern|high_conf_pattern,"^https?://www\.aljazeera\.com/.+/\d{4}/\d{1,2}/\d{1,2}/.+",True,,2026-06-05 11:28:52.331200+00:00
url_candidate,Al Jazeera,https://www.aljazeera.com/news-sitemap.xml,https://www.aljazeera.com/news-sitemap.xml,,,,,,,,,,al_jazeera,0.0,https://www.aljazeera.com/video/newsfeed/2026/6/4/rise-of-the-devils-of-horseback-the-making-of-sudans-rsf,2026-06-04,2026-06-04,5.0,url_has_date|non_article_pattern|high_conf_pattern,"^https?://www\.aljazeera\.com/.+/\d{4}/\d{1,2}/\d{1,2}/.+",True,,2026-06-05 11:28:52.331755+00:00
url_candidate,Al Jazeera,https://www.aljazeera.com/news-sitemap.xml,https://www.aljazeera.com/news-sitemap.xml,,,,,,,,,,al_jazeera,0.0,https://www.aljazeera.com/news/2026/6/4/pro-palestinian-badges-should-not-be-worn-by-nhs-staff-uk-review-suggests,2026-06-04,2026-06-04,10.0,url_has_date|high_conf_pattern|article_section_token,"^https?://www\.aljazeera\.com/.+/\d{4}/\d{1,2}/\d{1,2}/.+",True,,2026-06-05 11:28:52.332309+00:00
url_candidate,Al Jazeera,https://www.aljazeera.com/news-sitemap.xml,https://www.aljazeera.com/news-sitemap.xml,,,,,,,,,,al_jazeera,0.0,https://www.aljazeera.com/news/2026/6/4/unpatriotic-trump-decries-republicans-who-voted-to-constrain-iran-war,2026-06-04,2026-06-04,10.0,url_has_date|high_conf_pattern|article_section_token,"^https?://www\.aljazeera\.com/.+/\d{4}/\d{1,2}/\d{1,2}/.+",True,,2026-06-05 11:28:52.332873+00:00
url_candidate,Al Jazeera,https://www.aljazeera.com/news-sitemap.xml,https://www.aljazeera.com/news-sitemap.xml,,,,,,,,,,al_jazeera,0.0,https://www.aljazeera.com/economy/2026/6/4/maha-moms-test-their-influence-in-us-glyphosate-fight,2026-06-04,2026-06-04,10.0,url_has_date|high_conf_pattern|article_section_token,"^https?://www\.aljazeera\.com/.+/\d{4}/\d{1,2}/\d{1,2}/.+",True,,2026-06-05 11:28:52.333426+00:00
url_candidate,Al Jazeera,https://www.aljazeera.com/news-sitemap.xml,https://www.aljazeera.com/news-sitemap.xml,,,,,,,,,,al_jazeera,0.0,https://www.aljazeera.com/video/fault-lines/2026/6/4/black-lung-rising,2026-06-04,2026-06-04,5.0,url_has_date|non_article_pattern|high_conf_pattern,"^https?://www\.aljazeera\.com/.+/\d{4}/\d{1,2}/\d{1,2}/.+",True,,2026-06-05 11:28:52.333979+00:00
url_candidate,Al Jazeera,https://www.aljazeera.com/news-sitemap.xml,https://www.aljazeera.com/news-sitemap.xml,,,,,,,,,,al_jazeera,0.0,https://www.aljazeera.com/news/2026/6/4/lebanons-latest-truce-what-is-different-from-the-april-agreement,2026-06-04,2026-06-04,10.0,url_has_date|high_conf_pattern|article_section_token,"^https?://www\.aljazeera\.com/.+/\d{4}/\d{1,2}/\d{1,2}/.+",True,,2026-06-05 11:28:52.334531+00:00
url_candidate,Al Jazeera,https://www.aljazeera.com/news-sitemap.xml,https://www.aljazeera.com/news-sitemap.xml,,,,,,,,,,al_jazeera,0.0,https://www.aljazeera.com/news/2026/6/4/thousands-protest-kushner-linked-coastal-resort-project-in-albania,2026-06-04,2026-06-04,10.0,url_has_date|high_conf_pattern|article_section_token,"^https?://www\.aljazeera\.com/.+/\d{4}/\d{1,2}/\d{1,2}/.+",True,,2026-06-05 11:28:52.335090+00:00
url_candidate,Al Jazeera,https://www.aljazeera.com/news-sitemap.xml,https://www.aljazeera.com/news-sitemap.xml,,,,,,,,,,al_jazeera,0.0,https://www.aljazeera.com/sports/2026/6/4/iran-footballers-describe-how-war-with-us-israel-affects-their-world-cup,2026-06-04,2026-06-04,5.0,url_has_date|non_article_pattern|high_conf_pattern,"^https?://www\.aljazeera\.com/.+/\d{4}/\d{1,2}/\d{1,2}/.+",True,,2026-06-05 11:28:52.335644+00:00
url_candidate,Al Jazeera,https://www.aljazeera.com/news-sitemap.xml,https://www.aljazeera.com/news-sitemap.xml,,,,,,,,,,al_jazeera,0.0,https://www.aljazeera.com/video/newsfeed/2026/6/4/shark-predicts-winning-start-for-brazil-at-fifa-world-cup,2026-06-04,2026-06-04,5.0,url_has_date|non_article_pattern|high_conf_pattern,"^https?://www\.aljazeera\.com/.+/\d{4}/\d{1,2}/\d{1,2}/.+",True,,2026-06-05 11:28:52.336259+00:00
url_candidate,Al Jazeera,https://www.aljazeera.com/news-sitemap.xml,https://www.aljazeera.com/news-sitemap.xml,,,,,,,,,,al_jazeera,0.0,https://www.aljazeera.com/news/2026/6/4/why-is-a-us-ebola-facility-in-kenya-sparking-protests,2026-06-04,2026-06-04,10.0,url_has_date|high_conf_pattern|article_section_token,"^https?://www\.aljazeera\.com/.+/\d{4}/\d{1,2}/\d{1,2}/.+",True,,2026-06-05 11:28:52.336820+00:00
url_candidate,Al Jazeera,https://www.aljazeera.com/news-sitemap.xml,https://www.aljazeera.com/news-sitemap.xml,,,,,,,,,,al_jazeera,0.0,https://www.aljazeera.com/video/newsfeed/2026/6/4/fearful-foreign-nationals-in-south-africa-forced-out-of-their-homes,2026-06-04,2026-06-04,5.0,url_has_date|non_article_pattern|high_conf_pattern,"^https?://www\.aljazeera\.com/.+/\d{4}/\d{1,2}/\d{1,2}/.+",True,,2026-06-05 11:28:52.337369+00:00
url_candidate,Al Jazeera,https://www.aljazeera.com/news-sitemap.xml,https://www.aljazeera.com/news-sitemap.xml,,,,,,,,,,al_jazeera,0.0,https://www.aljazeera.com/news/2026/6/4/rights-group-sues-south-african-government-over-us-arms-exports,2026-06-04,2026-06-04,10.0,url_has_date|high_conf_pattern|article_section_token,"^https?://www\.aljazeera\.com/.+/\d{4}/\d{1,2}/\d{1,2}/.+",True,,2026-06-05 11:28:52.337929+00:00
url_candidate,Al Jazeera,https://www.aljazeera.com/news-sitemap.xml,https://www.aljazeera.com/news-sitemap.xml,,,,,,,,,,al_jazeera,0.0,https://www.aljazeera.com/features/2026/6/4/archaeologists-find-ancient-matrilineal-society-in-turkiyes-catalhoyuk,2026-06-04,2026-06-04,8.0,url_has_date|high_conf_pattern,"^https?://www\.aljazeera\.com/.+/\d{4}/\d{1,2}/\d{1,2}/.+",True,,2026-06-05 11:28:52.338489+00:00
url_candidate,Al Jazeera,https://www.aljazeera.com/news-sitemap.xml,https://www.aljazeera.com/news-sitemap.xml,,,,,,,,,,al_jazeera,0.0,https://www.aljazeera.com/news/2026/6/4/fighting-in-somalias-capital-as-anger-over-election-delay-erupts,2026-06-04,2026-06-04,10.0,url_has_date|high_conf_pattern|article_section_token,"^https?://www\.aljazeera\.com/.+/\d{4}/\d{1,2}/\d{1,2}/.+",True,,2026-06-05 11:28:52.339049+00:00
url_candidate,Al Jazeera,https://www.aljazeera.com/news-sitemap.xml,https://www.aljazeera.com/news-sitemap.xml,,,,,,,,,,al_jazeera,0.0,https://www.aljazeera.com/news/2026/6/4/first-us-screwworm-case-in-60-years-should-america-be-worried,2026-06-04,2026-06-04,10.0,url_has_date|high_conf_pattern|article_section_token,"^https?://www\.aljazeera\.com/.+/\d{4}/\d{1,2}/\d{1,2}/.+",True,,2026-06-05 11:28:52.339605+00:00
url_candidate,Al Jazeera,https://www.aljazeera.com/news-sitemap.xml,https://www.aljazeera.com/news-sitemap.xml,,,,,,,,,,al_jazeera,0.0,https://www.aljazeera.com/news/2026/6/4/what-do-turkiye-and-indonesia-want-from-bilateral-talks,2026-06-04,2026-06-04,10.0,url_has_date|high_conf_pattern|article_section_token,"^https?://www\.aljazeera\.com/.+/\d{4}/\d{1,2}/\d{1,2}/.+",True,,2026-06-05 11:28:52.340169+00:00
url_candidate,Al Jazeera,https://www.aljazeera.com/news-sitemap.xml,https://www.aljazeera.com/news-sitemap.xml,,,,,,,,,,al_jazeera,0.0,https://www.aljazeera.com/news/2026/6/4/n-koreas-kim-jong-un-calls-for-exponential-expansion-of-nuclear-arsenal,2026-06-04,2026-06-04,10.0,url_has_date|high_conf_pattern|article_section_token,"^https?://www\.aljazeera\.com/.+/\d{4}/\d{1,2}/\d{1,2}/.+",True,,2026-06-05 11:28:52.340733+00:00
url_candidate,Al Jazeera,https://www.aljazeera.com/news-sitemap.xml,https://www.aljazeera.com/news-sitemap.xml,,,,,,,,,,al_jazeera,0.0,https://www.aljazeera.com/sports/2026/6/4/who-are-the-world-cup-golden-boot-favourites-mbappe-ronaldo-messi-kane,2026-06-04,2026-06-04,5.0,url_has_date|non_article_pattern|high_conf_pattern,"^https?://www\.aljazeera\.com/.+/\d{4}/\d{1,2}/\d{1,2}/.+",True,,2026-06-05 11:28:52.341290+00:00
url_candidate,Al Jazeera,https://www.aljazeera.com/news-sitemap.xml,https://www.aljazeera.com/news-sitemap.xml,,,,,,,,,,al_jazeera,0.0,https://www.aljazeera.com/news/2026/6/4/israels-smotrich-announces-plan-for-2162-homes-in-occupied-west-bank,2026-06-04,2026-06-04,10.0,url_has_date|high_conf_pattern|article_section_token,"^https?://www\.aljazeera\.com/.+/\d{4}/\d{1,2}/\d{1,2}/.+",True,,2026-06-05 11:28:52.341848+00:00
url_candidate,Al Jazeera,https://www.aljazeera.com/news-sitemap.xml,https://www.aljazeera.com/news-sitemap.xml,,,,,,,,,,al_jazeera,0.0,https://www.aljazeera.com/sports/2026/6/4/man-city-threaten-legal-action-against-real-madrid-following-haaland-claim,2026-06-04,2026-06-04,5.0,url_has_date|non_article_pattern|high_conf_pattern,"^https?://www\.aljazeera\.com/.+/\d{4}/\d{1,2}/\d{1,2}/.+",True,,2026-06-05 11:28:52.342402+00:00
url_candidate,Al Jazeera,https://www.aljazeera.com/news-sitemap.xml,https://www.aljazeera.com/news-sitemap.xml,,,,,,,,,,al_jazeera,0.0,https://www.aljazeera.com/sports/2026/6/4/quiz-world-cup-2026-player-and-team-records-key-statistics,2026-06-04,2026-06-04,5.0,url_has_date|non_article_pattern|high_conf_pattern,"^https?://www\.aljazeera\.com/.+/\d{4}/\d{1,2}/\d{1,2}/.+",True,,2026-06-05 11:28:52.342966+00:00
url_candidate,Al Jazeera,https://www.aljazeera.com/news-sitemap.xml,https://www.aljazeera.com/news-sitemap.xml,,,,,,,,,,al_jazeera,0.0,https://www.aljazeera.com/news/2026/6/4/monsoon-rain-reaches-kerala-3-days-late-but-on-time-to-save-indian-harvests,2026-06-04,2026-06-04,10.0,url_has_date|high_conf_pattern|article_section_token,"^https?://www\.aljazeera\.com/.+/\d{4}/\d{1,2}/\d{1,2}/.+",True,,2026-06-05 11:28:52.343521+00:00
url_candidate,Al Jazeera,https://www.aljazeera.com/news-sitemap.xml,https://www.aljazeera.com/news-sitemap.xml,,,,,,,,,,al_jazeera,0.0,https://www.aljazeera.com/news/2026/6/4/who-is-the-indian-guru-venezuelan-acting-president-delcy-rodriguez-follows,2026-06-04,2026-06-04,10.0,url_has_date|high_conf_pattern|article_section_token,"^https?://www\.aljazeera\.com/.+/\d{4}/\d{1,2}/\d{1,2}/.+",True,,2026-06-05 11:28:52.344087+00:00
url_candidate,Al Jazeera,https://www.aljazeera.com/news-sitemap.xml,https://www.aljazeera.com/news-sitemap.xml,,,,,,,,,,al_jazeera,0.0,https://www.aljazeera.com/news/2026/6/4/itamar-ben-gvir-the-face-of-israels-hard-right-or-the-face-of,2026-06-04,2026-06-04,10.0,url_has_date|high_conf_pattern|article_section_token,"^https?://www\.aljazeera\.com/.+/\d{4}/\d{1,2}/\d{1,2}/.+",True,,2026-06-05 11:28:52.344642+00:00
url_candidate,Al Jazeera,https://www.aljazeera.com/news-sitemap.xml,https://www.aljazeera.com/news-sitemap.xml,,,,,,,,,,al_jazeera,0.0,https://www.aljazeera.com/economy/2026/6/4/grossly-unfair-meta-slams-australias-bid-to-make-platforms-pay-for-news,2026-06-04,2026-06-04,10.0,url_has_date|high_conf_pattern|article_section_token,"^https?://www\.aljazeera\.com/.+/\d{4}/\d{1,2}/\d{1,2}/.+",True,,2026-06-05 11:28:52.345210+00:00
url_candidate,Al Jazeera,https://www.aljazeera.com/news-sitemap.xml,https://www.aljazeera.com/news-sitemap.xml,,,,,,,,,,al_jazeera,0.0,https://www.aljazeera.com/video/newsfeed/2026/6/4/argentina-erupts-in-protest-against-gender-violence-after-teen-murder,2026-06-04,2026-06-04,5.0,url_has_date|non_article_pattern|high_conf_pattern,"^https?://www\.aljazeera\.com/.+/\d{4}/\d{1,2}/\d{1,2}/.+",True,,2026-06-05 11:28:52.345766+00:00
url_candidate,Al Jazeera,https://www.aljazeera.com/news-sitemap.xml,https://www.aljazeera.com/news-sitemap.xml,,,,,,,,,,al_jazeera,0.0,https://www.aljazeera.com/video/game-theory/2026/6/4/mehdi-taremi-irans-journey-to-the-2026-world-cup,2026-06-04,2026-06-04,5.0,url_has_date|non_article_pattern|high_conf_pattern,"^https?://www\.aljazeera\.com/.+/\d{4}/\d{1,2}/\d{1,2}/.+",True,,2026-06-05 11:28:52.346313+00:00
url_candidate,Al Jazeera,https://www.aljazeera.com/news-sitemap.xml,https://www.aljazeera.com/news-sitemap.xml,,,,,,,,,,al_jazeera,0.0,https://www.aljazeera.com/news/2026/6/4/irelands-black-community-opens-up-about-racism-after-george-floyd-moment,2026-06-04,2026-06-04,10.0,url_has_date|high_conf_pattern|article_section_token,"^https?://www\.aljazeera\.com/.+/\d{4}/\d{1,2}/\d{1,2}/.+",True,,2026-06-05 11:28:52.346871+00:00
url_candidate,Al Jazeera,https://www.aljazeera.com/news-sitemap.xml,https://www.aljazeera.com/news-sitemap.xml,,,,,,,,,,al_jazeera,0.0,https://www.aljazeera.com/video/newsfeed/2026/6/4/israel-and-lebanon-agree-on-ceasefire-framework-in-us-led-talks,2026-06-04,2026-06-04,5.0,url_has_date|non_article_pattern|high_conf_pattern,"^https?://www\.aljazeera\.com/.+/\d{4}/\d{1,2}/\d{1,2}/.+",True,,2026-06-05 11:28:52.347418+00:00
url_candidate,Al Jazeera,https://www.aljazeera.com/news-sitemap.xml,https://www.aljazeera.com/news-sitemap.xml,,,,,,,,,,al_jazeera,0.0,https://www.aljazeera.com/news/2026/6/4/us-house-votes-to-end-trumps-iran-war-does-it-matter,2026-06-04,2026-06-04,10.0,url_has_date|high_conf_pattern|article_section_token,"^https?://www\.aljazeera\.com/.+/\d{4}/\d{1,2}/\d{1,2}/.+",True,,2026-06-05 11:28:52.347982+00:00
url_candidate,Al Jazeera,https://www.aljazeera.com/news-sitemap.xml,https://www.aljazeera.com/news-sitemap.xml,,,,,,,,,,al_jazeera,0.0,https://www.aljazeera.com/news/2026/6/4/did-germany-lose-its-unsc-seat-because-of-support-for-israel,2026-06-04,2026-06-04,10.0,url_has_date|high_conf_pattern|article_section_token,"^https?://www\.aljazeera\.com/.+/\d{4}/\d{1,2}/\d{1,2}/.+",True,,2026-06-05 11:28:52.348548+00:00
url_candidate,Al Jazeera,https://www.aljazeera.com/news-sitemap.xml,https://www.aljazeera.com/news-sitemap.xml,,,,,,,,,,al_jazeera,0.0,https://www.aljazeera.com/news/2026/6/4/nepali-mount-everest-guide-found-alive-after-being-missing-for-six-days,2026-06-04,2026-06-04,10.0,url_has_date|high_conf_pattern|article_section_token,"^https?://www\.aljazeera\.com/.+/\d{4}/\d{1,2}/\d{1,2}/.+",True,,2026-06-05 11:28:52.349113+00:00
url_candidate,Al Jazeera,https://www.aljazeera.com/news-sitemap.xml,https://www.aljazeera.com/news-sitemap.xml,,,,,,,,,,al_jazeera,0.0,https://www.aljazeera.com/news/2026/6/4/who-is-khalilur-rahman-bangladesh-fm-who-beat-cyprus-to-unga-presidency,2026-06-04,2026-06-04,10.0,url_has_date|high_conf_pattern|article_section_token,"^https?://www\.aljazeera\.com/.+/\d{4}/\d{1,2}/\d{1,2}/.+",True,,2026-06-05 11:28:52.349672+00:00
url_candidate,Al Jazeera,https://www.aljazeera.com/news-sitemap.xml,https://www.aljazeera.com/news-sitemap.xml,,,,,,,,,,al_jazeera,0.0,https://www.aljazeera.com/video/newsfeed/2026/6/4/video-us-house-of-representatives-votes-to-block-further-war-on-iran,2026-06-04,2026-06-04,5.0,url_has_date|non_article_pattern|high_conf_pattern,"^https?://www\.aljazeera\.com/.+/\d{4}/\d{1,2}/\d{1,2}/.+",True,,2026-06-05 11:28:52.350258+00:00
url_candidate,Al Jazeera,https://www.aljazeera.com/news-sitemap.xml,https://www.aljazeera.com/news-sitemap.xml,,,,,,,,,,al_jazeera,0.0,https://www.aljazeera.com/sports/2026/6/4/world-cup-2026-what-are-the-key-dates-from-the-opening-match-to-the-final,2026-06-04,2026-06-04,5.0,url_has_date|non_article_pattern|high_conf_pattern,"^https?://www\.aljazeera\.com/.+/\d{4}/\d{1,2}/\d{1,2}/.+",True,,2026-06-05 11:28:52.350822+00:00
url_candidate,Al Jazeera,https://www.aljazeera.com/news-sitemap.xml,https://www.aljazeera.com/news-sitemap.xml,,,,,,,,,,al_jazeera,0.0,https://www.aljazeera.com/news/2026/6/4/china-bans-four-new-zealand-lawmakers-over-visit-to-taiwan,2026-06-04,2026-06-04,10.0,url_has_date|high_conf_pattern|article_section_token,"^https?://www\.aljazeera\.com/.+/\d{4}/\d{1,2}/\d{1,2}/.+",True,,2026-06-05 11:28:52.351394+00:00
url_candidate,Al Jazeera,https://www.aljazeera.com/news-sitemap.xml,https://www.aljazeera.com/news-sitemap.xml,,,,,,,,,,al_jazeera,0.0,https://www.aljazeera.com/sports/2026/6/4/brunson-scores-30-as-knicks-upset-spurs-in-nba-finals-opener,2026-06-04,2026-06-04,5.0,url_has_date|non_article_pattern|high_conf_pattern,"^https?://www\.aljazeera\.com/.+/\d{4}/\d{1,2}/\d{1,2}/.+",True,,2026-06-05 11:28:52.352198+00:00
url_candidate,Al Jazeera,https://www.aljazeera.com/news-sitemap.xml,https://www.aljazeera.com/news-sitemap.xml,,,,,,,,,,al_jazeera,0.0,https://www.aljazeera.com/sports/2026/6/4/sabalenka-mentally-off-track-as-french-open-exit-made-her-want-to-quit,2026-06-04,2026-06-04,5.0,url_has_date|non_article_pattern|high_conf_pattern,"^https?://www\.aljazeera\.com/.+/\d{4}/\d{1,2}/\d{1,2}/.+",True,,2026-06-05 11:28:52.352854+00:00
url_candidate,Al Jazeera,https://www.aljazeera.com/news-sitemap.xml,https://www.aljazeera.com/news-sitemap.xml,,,,,,,,,,al_jazeera,0.0,https://www.aljazeera.com/video/doha-debates/2026/6/4/how-does-football-influence-who-we-are,2026-06-04,2026-06-04,5.0,url_has_date|non_article_pattern|high_conf_pattern,"^https?://www\.aljazeera\.com/.+/\d{4}/\d{1,2}/\d{1,2}/.+",True,,2026-06-05 11:28:52.353441+00:00
url_candidate,Al Jazeera,https://www.aljazeera.com/news-sitemap.xml,https://www.aljazeera.com/news-sitemap.xml,,,,,,,,,,al_jazeera,0.0,https://www.aljazeera.com/news/2026/6/4/israel-and-lebanon-agree-to-conditional-ceasefire,2026-06-04,2026-06-04,10.0,url_has_date|high_conf_pattern|article_section_token,"^https?://www\.aljazeera\.com/.+/\d{4}/\d{1,2}/\d{1,2}/.+",True,,2026-06-05 11:28:52.354020+00:00
url_candidate,Al Jazeera,https://www.aljazeera.com/news-sitemap.xml,https://www.aljazeera.com/news-sitemap.xml,,,,,,,,,,al_jazeera,0.0,https://www.aljazeera.com/news/2026/6/4/indonesia-arrests-officials-in-crackdown-on-corruption,2026-06-04,2026-06-04,10.0,url_has_date|high_conf_pattern|article_section_token,"^https?://www\.aljazeera\.com/.+/\d{4}/\d{1,2}/\d{1,2}/.+",True,,2026-06-05 11:28:52.354583+00:00
url_candidate,Al Jazeera,https://www.aljazeera.com/news-sitemap.xml,https://www.aljazeera.com/news-sitemap.xml,,,,,,,,,,al_jazeera,0.0,https://www.aljazeera.com/news/2026/6/4/iran-war-day-97-tehran-says-no-progress-in-talks-israel-attacks-lebanon,2026-06-04,2026-06-04,10.0,url_has_date|high_conf_pattern|article_section_token,"^https?://www\.aljazeera\.com/.+/\d{4}/\d{1,2}/\d{1,2}/.+",True,,2026-06-05 11:28:52.355161+00:00
url_candidate,Al Jazeera,https://www.aljazeera.com/news-sitemap.xml,https://www.aljazeera.com/news-sitemap.xml,,,,,,,,,,al_jazeera,0.0,https://www.aljazeera.com/opinions/2026/6/4/what-the-us-israel-war-on-iran-will-not-change-in-the-middle-east,2026-06-04,2026-06-04,8.0,url_has_date|high_conf_pattern,"^https?://www\.aljazeera\.com/.+/\d{4}/\d{1,2}/\d{1,2}/.+",True,,2026-06-05 11:28:52.355726+00:00
url_candidate,Al Jazeera,https://www.aljazeera.com/news-sitemap.xml,https://www.aljazeera.com/news-sitemap.xml,,,,,,,,,,al_jazeera,0.0,https://www.aljazeera.com/opinions/2026/6/4/gaza-is-being-offered-coercion-not-reconstruction,2026-06-04,2026-06-04,8.0,url_has_date|high_conf_pattern,"^https?://www\.aljazeera\.com/.+/\d{4}/\d{1,2}/\d{1,2}/.+",True,,2026-06-05 11:28:52.356292+00:00
url_candidate,Al Jazeera,https://www.aljazeera.com/news-sitemap.xml,https://www.aljazeera.com/news-sitemap.xml,,,,,,,,,,al_jazeera,0.0,https://www.aljazeera.com/video/newsfeed/2026/6/4/whats-behind-the-white-houses-alien-gov-website,2026-06-04,2026-06-04,5.0,url_has_date|non_article_pattern|high_conf_pattern,"^https?://www\.aljazeera\.com/.+/\d{4}/\d{1,2}/\d{1,2}/.+",True,,2026-06-05 11:28:52.356848+00:00
url_candidate,Al Jazeera,https://www.aljazeera.com/news-sitemap.xml,https://www.aljazeera.com/news-sitemap.xml,,,,,,,,,,al_jazeera,0.0,https://www.aljazeera.com/news/2026/6/4/what-are-the-ebola-vaccines-under-research-and-when-will-they-be-ready,2026-06-04,2026-06-04,10.0,url_has_date|high_conf_pattern|article_section_token,"^https?://www\.aljazeera\.com/.+/\d{4}/\d{1,2}/\d{1,2}/.+",True,,2026-06-05 11:28:52.357408+00:00
url_candidate,Al Jazeera,https://www.aljazeera.com/news-sitemap.xml,https://www.aljazeera.com/news-sitemap.xml,,,,,,,,,,al_jazeera,0.0,https://www.aljazeera.com/news/2026/6/4/how-indias-cbse-exam-scandal-set-off-student-outrage-against-pm-modi,2026-06-04,2026-06-04,10.0,url_has_date|high_conf_pattern|article_section_token,"^https?://www\.aljazeera\.com/.+/\d{4}/\d{1,2}/\d{1,2}/.+",True,,2026-06-05 11:28:52.357984+00:00
url_candidate,Al Jazeera,https://www.aljazeera.com/news-sitemap.xml,https://www.aljazeera.com/news-sitemap.xml,,,,,,,,,,al_jazeera,0.0,https://www.aljazeera.com/sports/2026/6/4/world-cup-2026-fifa-bans-fans-reusable-bottles-stadiums-venues-football,2026-06-04,2026-06-04,5.0,url_has_date|non_article_pattern|high_conf_pattern,"^https?://www\.aljazeera\.com/.+/\d{4}/\d{1,2}/\d{1,2}/.+",True,,2026-06-05 11:28:52.358541+00:00
url_candidate,Al Jazeera,https://www.aljazeera.com/news-sitemap.xml,https://www.aljazeera.com/news-sitemap.xml,,,,,,,,,,al_jazeera,0.0,https://www.aljazeera.com/video/newsfeed/2026/6/4/germany-admits-failure-to-secure-unsc-seat-likely-due-to-support-for-israel,2026-06-04,2026-06-04,5.0,url_has_date|non_article_pattern|high_conf_pattern,"^https?://www\.aljazeera\.com/.+/\d{4}/\d{1,2}/\d{1,2}/.+",True,,2026-06-05 11:28:52.359099+00:00
url_candidate,Al Jazeera,https://www.aljazeera.com/news-sitemap.xml,https://www.aljazeera.com/news-sitemap.xml,,,,,,,,,,al_jazeera,0.0,https://www.aljazeera.com/video/newsfeed/2026/6/4/israeli-strikes-on-residential-buildings-kill-nine-in-gaza-city,2026-06-04,2026-06-04,5.0,url_has_date|non_article_pattern|high_conf_pattern,"^https?://www\.aljazeera\.com/.+/\d{4}/\d{1,2}/\d{1,2}/.+",True,,2026-06-05 11:28:52.359657+00:00
url_candidate,Al Jazeera,https://www.aljazeera.com/news-sitemap.xml,https://www.aljazeera.com/news-sitemap.xml,,,,,,,,,,al_jazeera,0.0,https://www.aljazeera.com/economy/2026/6/4/indonesias-rupiah-falls-to-record-low-against-us-dollar,2026-06-04,2026-06-04,10.0,url_has_date|high_conf_pattern|article_section_token,"^https?://www\.aljazeera\.com/.+/\d{4}/\d{1,2}/\d{1,2}/.+",True,,2026-06-05 11:28:52.360223+00:00
url_candidate,Al Jazeera,https://www.aljazeera.com/news-sitemap.xml,https://www.aljazeera.com/news-sitemap.xml,,,,,,,,,,al_jazeera,0.0,https://www.aljazeera.com/video/newsfeed/2026/6/4/uk-far-right-accused-of-exploiting-killing-of-henry-nowak,2026-06-04,2026-06-04,5.0,url_has_date|non_article_pattern|high_conf_pattern,"^https?://www\.aljazeera\.com/.+/\d{4}/\d{1,2}/\d{1,2}/.+",True,,2026-06-05 11:28:52.360782+00:00
url_candidate,Al Jazeera,https://www.aljazeera.com/news-sitemap.xml,https://www.aljazeera.com/news-sitemap.xml,,,,,,,,,,al_jazeera,0.0,https://www.aljazeera.com/economy/2026/6/4/elon-musks-spacex-eyes-1-77tn-valuation-ahead-of-historic-ipo,2026-06-04,2026-06-04,10.0,url_has_date|high_conf_pattern|article_section_token,"^https?://www\.aljazeera\.com/.+/\d{4}/\d{1,2}/\d{1,2}/.+",True,,2026-06-05 11:28:52.361338+00:00
url_candidate,Al Jazeera,https://www.aljazeera.com/news-sitemap.xml,https://www.aljazeera.com/news-sitemap.xml,,,,,,,,,,al_jazeera,0.0,https://www.aljazeera.com/video/newsfeed/2026/6/4/rubio-distances-himself-from-netanyahus-gaza-plan,2026-06-04,2026-06-04,5.0,url_has_date|non_article_pattern|high_conf_pattern,"^https?://www\.aljazeera\.com/.+/\d{4}/\d{1,2}/\d{1,2}/.+",True,,2026-06-05 11:28:52.361940+00:00
url_candidate,Al Jazeera,https://www.aljazeera.com/news-sitemap.xml,https://www.aljazeera.com/news-sitemap.xml,,,,,,,,,,al_jazeera,0.0,https://www.aljazeera.com/features/2026/6/4/nigerias-second-chance-schools-women-balancing-study-and-survival,2026-06-04,2026-06-04,8.0,url_has_date|high_conf_pattern,"^https?://www\.aljazeera\.com/.+/\d{4}/\d{1,2}/\d{1,2}/.+",True,,2026-06-05 11:28:52.362628+00:00
url_candidate,Al Jazeera,https://www.aljazeera.com/news-sitemap.xml,https://www.aljazeera.com/news-sitemap.xml,,,,,,,,,,al_jazeera,0.0,https://www.aljazeera.com/news/liveblog/2026/6/4/iran-war-live-tensions-simmer-after-latest-us-iran-clashes-in-gulf,2026-06-04,2026-06-05,7.0,url_has_date|non_article_pattern|high_conf_pattern|article_section_token,"^https?://www\.aljazeera\.com/.+/\d{4}/\d{1,2}/\d{1,2}/.+",True,,2026-06-05 11:28:52.363208+00:00
url_candidate,Al Jazeera,https://www.aljazeera.com/news-sitemap.xml,https://www.aljazeera.com/news-sitemap.xml,,,,,,,,,,al_jazeera,0.0,https://www.aljazeera.com/video/newsfeed/2026/6/3/london-activists-try-to-erect-statue-of-jailed-palestinian-leader,2026-06-03,2026-06-03,5.0,url_has_date|non_article_pattern|high_conf_pattern,"^https?://www\.aljazeera\.com/.+/\d{4}/\d{1,2}/\d{1,2}/.+",True,,2026-06-05 11:28:52.363765+00:00
url_candidate,Al Jazeera,https://www.aljazeera.com/news-sitemap.xml,https://www.aljazeera.com/news-sitemap.xml,,,,,,,,,,al_jazeera,0.0,https://www.aljazeera.com/video/newsfeed/2026/6/3/trump-seeks-to-split-lebanon-talks-from-war-on-iran-negotiations,2026-06-03,2026-06-03,5.0,url_has_date|non_article_pattern|high_conf_pattern,"^https?://www\.aljazeera\.com/.+/\d{4}/\d{1,2}/\d{1,2}/.+",True,,2026-06-05 11:28:52.364319+00:00
url_candidate,Al Jazeera,https://www.aljazeera.com/news-sitemap.xml,https://www.aljazeera.com/news-sitemap.xml,,,,,,,,,,al_jazeera,0.0,https://www.aljazeera.com/video/newsfeed/2026/6/3/kuwait-releases-cctv-footage-of-deadly-iranian-strike-on-airport,2026-06-03,2026-06-03,5.0,url_has_date|non_article_pattern|high_conf_pattern,"^https?://www\.aljazeera\.com/.+/\d{4}/\d{1,2}/\d{1,2}/.+",True,,2026-06-05 11:28:52.364874+00:00
url_candidate,Al Jazeera,https://www.aljazeera.com/news-sitemap.xml,https://www.aljazeera.com/news-sitemap.xml,,,,,,,,,,al_jazeera,0.0,https://www.aljazeera.com/sports/2026/6/3/real-madrid-will-bring-mourinho-back-if-perez-is-re-elected,2026-06-03,2026-06-04,5.0,url_has_date|non_article_pattern|high_conf_pattern,"^https?://www\.aljazeera\.com/.+/\d{4}/\d{1,2}/\d{1,2}/.+",True,,2026-06-05 11:28:52.365430+00:00
url_candidate,Al Jazeera,https://www.aljazeera.com/news-sitemap.xml,https://www.aljazeera.com/news-sitemap.xml,,,,,,,,,,al_jazeera,0.0,https://www.aljazeera.com/news/2026/6/3/us-house-of-representatives-passes-war-powers-resolution-in-rebuke-to-trump,2026-06-03,2026-06-04,10.0,url_has_date|high_conf_pattern|article_section_token,"^https?://www\.aljazeera\.com/.+/\d{4}/\d{1,2}/\d{1,2}/.+",True,,2026-06-05 11:28:52.365995+00:00
url_candidate,Al Jazeera,https://www.aljazeera.com/news-sitemap.xml,https://www.aljazeera.com/news-sitemap.xml,,,,,,,,,,al_jazeera,0.0,https://www.aljazeera.com/news/2026/6/3/who-is-adam-hamawy-doctor-who-served-in-gaza-is-on-the-path-to-us-congress,2026-06-03,2026-06-03,10.0,url_has_date|high_conf_pattern|article_section_token,"^https?://www\.aljazeera\.com/.+/\d{4}/\d{1,2}/\d{1,2}/.+",True,,2026-06-05 11:28:52.366555+00:00
url_candidate,Al Jazeera,https://www.aljazeera.com/news-sitemap.xml,https://www.aljazeera.com/news-sitemap.xml,,,,,,,,,,al_jazeera,0.0,https://www.aljazeera.com/video/newsfeed/2026/6/3/kuwait-labels-iran-attack-heinous,2026-06-03,2026-06-03,5.0,url_has_date|non_article_pattern|high_conf_pattern,"^https?://www\.aljazeera\.com/.+/\d{4}/\d{1,2}/\d{1,2}/.+",True,,2026-06-05 11:28:52.367198+00:00
url_candidate,Al Jazeera,https://www.aljazeera.com/news-sitemap.xml,https://www.aljazeera.com/news-sitemap.xml,,,,,,,,,,al_jazeera,0.0,https://www.aljazeera.com/video/newsfeed/2026/6/3/ukraine-attacks-st-petersburg-as-russia-hosts-its-own-davos,2026-06-03,2026-06-03,5.0,url_has_date|non_article_pattern|high_conf_pattern,"^https?://www\.aljazeera\.com/.+/\d{4}/\d{1,2}/\d{1,2}/.+",True,,2026-06-05 11:28:52.367761+00:00
url_candidate,Al Jazeera,https://www.aljazeera.com/news-sitemap.xml,https://www.aljazeera.com/news-sitemap.xml,,,,,,,,,,al_jazeera,0.0,https://www.aljazeera.com/video/newsfeed/2026/6/3/deadly-fire-rips-through-new-delhi-hotel,2026-06-03,2026-06-03,5.0,url_has_date|non_article_pattern|high_conf_pattern,"^https?://www\.aljazeera\.com/.+/\d{4}/\d{1,2}/\d{1,2}/.+",True,,2026-06-05 11:28:52.368312+00:00
url_candidate,Al Jazeera,https://www.aljazeera.com/news-sitemap.xml,https://www.aljazeera.com/news-sitemap.xml,,,,,,,,,,al_jazeera,0.0,https://www.aljazeera.com/video/newsfeed/2026/6/3/japans-football-team-sports-cowboy-hats-ahead-of-world-cup-2,2026-06-03,2026-06-03,5.0,url_has_date|non_article_pattern|high_conf_pattern,"^https?://www\.aljazeera\.com/.+/\d{4}/\d{1,2}/\d{1,2}/.+",True,,2026-06-05 11:28:52.368870+00:00
url_candidate,Al Jazeera,https://www.aljazeera.com/news-sitemap.xml,https://www.aljazeera.com/news-sitemap.xml,,,,,,,,,,al_jazeera,0.0,https://www.aljazeera.com/news/2026/6/3/does-israel-have-nukes-most-of-world-assesses-they-do-says-rubio,2026-06-03,2026-06-03,10.0,url_has_date|high_conf_pattern|article_section_token,"^https?://www\.aljazeera\.com/.+/\d{4}/\d{1,2}/\d{1,2}/.+",True,,2026-06-05 11:28:52.369432+00:00
url_candidate,Al Jazeera,https://www.aljazeera.com/news-sitemap.xml,https://www.aljazeera.com/news-sitemap.xml,,,,,,,,,,al_jazeera,0.0,https://www.aljazeera.com/video/newsfeed/2026/6/3/ten-years-on-world-remembers-muhammad-ali-the-greatest,2026-06-03,2026-06-03,5.0,url_has_date|non_article_pattern|high_conf_pattern,"^https?://www\.aljazeera\.com/.+/\d{4}/\d{1,2}/\d{1,2}/.+",True,,2026-06-05 11:28:52.369989+00:00
url_candidate,Al Jazeera,https://www.aljazeera.com/news-sitemap.xml,https://www.aljazeera.com/news-sitemap.xml,,,,,,,,,,al_jazeera,0.0,https://www.aljazeera.com/video/newsfeed/2026/6/3/israels-decades-long-history-of-invading-lebanon,2026-06-03,2026-06-03,5.0,url_has_date|non_article_pattern|high_conf_pattern,"^https?://www\.aljazeera\.com/.+/\d{4}/\d{1,2}/\d{1,2}/.+",True,,2026-06-05 11:28:52.370541+00:00
url_candidate,Al Jazeera,https://www.aljazeera.com/news-sitemap.xml,https://www.aljazeera.com/news-sitemap.xml,,,,,,,,,,al_jazeera,0.0,https://www.aljazeera.com/video/newsfeed/2026/6/3/israeli-strikes-near-tyre-hospital-put-youngest-patient-at-risk,2026-06-03,2026-06-03,5.0,url_has_date|non_article_pattern|high_conf_pattern,"^https?://www\.aljazeera\.com/.+/\d{4}/\d{1,2}/\d{1,2}/.+",True,,2026-06-05 11:28:52.371096+00:00
url_candidate,Al Jazeera,https://www.aljazeera.com/news-sitemap.xml,https://www.aljazeera.com/news-sitemap.xml,,,,,,,,,,al_jazeera,0.0,https://www.aljazeera.com/video/newsfeed/2026/6/3/dalai-lama-receives-grammy-award-for-spoken-word-album,2026-06-03,2026-06-04,5.0,url_has_date|non_article_pattern|high_conf_pattern,"^https?://www\.aljazeera\.com/.+/\d{4}/\d{1,2}/\d{1,2}/.+",True,,2026-06-05 11:28:52.371645+00:00
url_candidate,Al Jazeera,https://www.aljazeera.com/news-sitemap.xml,https://www.aljazeera.com/news-sitemap.xml,,,,,,,,,,al_jazeera,0.0,https://www.aljazeera.com/news/2026/6/3/heavy-gunfire-erupts-in-mogadishu-amid-protests-against-presidents-rule,2026-06-03,2026-06-03,10.0,url_has_date|high_conf_pattern|article_section_token,"^https?://www\.aljazeera\.com/.+/\d{4}/\d{1,2}/\d{1,2}/.+",True,,2026-06-05 11:28:52.372210+00:00
url_candidate,Al Jazeera,https://www.aljazeera.com/news-sitemap.xml,https://www.aljazeera.com/news-sitemap.xml,,,,,,,,,,al_jazeera,0.0,https://www.aljazeera.com/economy/2026/6/3/iran-faces-a-new-energy-imbalance-but-its-options-are-limited,2026-06-03,2026-06-03,10.0,url_has_date|high_conf_pattern|article_section_token,"^https?://www\.aljazeera\.com/.+/\d{4}/\d{1,2}/\d{1,2}/.+",True,,2026-06-05 11:28:52.372773+00:00
url_candidate,Al Jazeera,https://www.aljazeera.com/news-sitemap.xml,https://www.aljazeera.com/news-sitemap.xml,,,,,,,,,,al_jazeera,0.0,https://www.aljazeera.com/news/2026/6/3/israeli-attacks-kill-nine-in-lebanon-reach-beirut-outskirts,2026-06-03,2026-06-03,10.0,url_has_date|high_conf_pattern|article_section_token,"^https?://www\.aljazeera\.com/.+/\d{4}/\d{1,2}/\d{1,2}/.+",True,,2026-06-05 11:28:52.373332+00:00
url_candidate,Al Jazeera,https://www.aljazeera.com/news-sitemap.xml,https://www.aljazeera.com/news-sitemap.xml,,,,,,,,,,al_jazeera,0.0,https://www.aljazeera.com/news/2026/6/3/lula-says-brazil-cannot-accept-treatment-after-new-us-tariffs-proposed,2026-06-03,2026-06-03,10.0,url_has_date|high_conf_pattern|article_section_token,"^https?://www\.aljazeera\.com/.+/\d{4}/\d{1,2}/\d{1,2}/.+",True,,2026-06-05 11:28:52.373900+00:00
url_candidate,Al Jazeera,https://www.aljazeera.com/news-sitemap.xml,https://www.aljazeera.com/news-sitemap.xml,,,,,,,,,,al_jazeera,0.0,https://www.aljazeera.com/economy/2026/6/3/us-cites-forced-labour-concerns-as-grounds-for-new-tariffs,2026-06-03,2026-06-03,10.0,url_has_date|high_conf_pattern|article_section_token,"^https?://www\.aljazeera\.com/.+/\d{4}/\d{1,2}/\d{1,2}/.+",True,,2026-06-05 11:28:52.374458+00:00
url_candidate,Al Jazeera,https://www.aljazeera.com/news-sitemap.xml,https://www.aljazeera.com/news-sitemap.xml,,,,,,,,,,al_jazeera,0.0,https://www.aljazeera.com/news/2026/6/3/netanyahu-downplays-us-israel-rift-after-trump-confirms-criticism,2026-06-03,2026-06-03,10.0,url_has_date|high_conf_pattern|article_section_token,"^https?://www\.aljazeera\.com/.+/\d{4}/\d{1,2}/\d{1,2}/.+",True,,2026-06-05 11:28:52.375026+00:00
url_candidate,Al Jazeera,https://www.aljazeera.com/news-sitemap.xml,https://www.aljazeera.com/news-sitemap.xml,,,,,,,,,,al_jazeera,0.0,https://www.aljazeera.com/sports/2026/6/3/fifa-world-cup-2026-qatar-squad-team-players-group-knockouts,2026-06-03,2026-06-03,5.0,url_has_date|non_article_pattern|high_conf_pattern,"^https?://www\.aljazeera\.com/.+/\d{4}/\d{1,2}/\d{1,2}/.+",True,,2026-06-05 11:28:52.375581+00:00
url_candidate,Al Jazeera,https://www.aljazeera.com/news-sitemap.xml,https://www.aljazeera.com/news-sitemap.xml,,,,,,,,,,al_jazeera,0.0,https://www.aljazeera.com/news/2026/6/3/egypt-sentences-activist-douma-to-prison-three-years-after-pardon,2026-06-03,2026-06-03,10.0,url_has_date|high_conf_pattern|article_section_token,"^https?://www\.aljazeera\.com/.+/\d{4}/\d{1,2}/\d{1,2}/.+",True,,2026-06-05 11:28:52.376153+00:00
url_candidate,Al Jazeera,https://www.aljazeera.com/news-sitemap.xml,https://www.aljazeera.com/news-sitemap.xml,,,,,,,,,,al_jazeera,0.0,https://www.aljazeera.com/news/2026/6/3/bangladeshs-rahman-elected-un-general-assembly-president-in-tight-race,2026-06-03,2026-06-03,10.0,url_has_date|high_conf_pattern|article_section_token,"^https?://www\.aljazeera\.com/.+/\d{4}/\d{1,2}/\d{1,2}/.+",True,,2026-06-05 11:28:52.376719+00:00
url_candidate,Al Jazeera,https://www.aljazeera.com/news-sitemap.xml,https://www.aljazeera.com/news-sitemap.xml,,,,,,,,,,al_jazeera,0.0,https://www.aljazeera.com/features/2026/6/3/israeli-settlers-are-driving-palestinian-shepherds-from-their-grazing-lands,2026-06-03,2026-06-03,8.0,url_has_date|high_conf_pattern,"^https?://www\.aljazeera\.com/.+/\d{4}/\d{1,2}/\d{1,2}/.+",True,,2026-06-05 11:28:52.377288+00:00
url_candidate,Al Jazeera,https://www.aljazeera.com/news-sitemap.xml,https://www.aljazeera.com/news-sitemap.xml,,,,,,,,,,al_jazeera,0.0,https://www.aljazeera.com/news/2026/6/3/what-is-the-st-petersburg-forum-putins-economic-outreach-to-the-world,2026-06-03,2026-06-03,10.0,url_has_date|high_conf_pattern|article_section_token,"^https?://www\.aljazeera\.com/.+/\d{4}/\d{1,2}/\d{1,2}/.+",True,,2026-06-05 11:28:52.377854+00:00
url_candidate,Al Jazeera,https://www.aljazeera.com/news-sitemap.xml,https://www.aljazeera.com/news-sitemap.xml,,,,,,,,,,al_jazeera,0.0,https://www.aljazeera.com/video/the-take-2/2026/6/3/aje-onl-tt_glb_ebola26_video-030626,2026-06-03,2026-06-03,5.0,url_has_date|non_article_pattern|high_conf_pattern,"^https?://www\.aljazeera\.com/.+/\d{4}/\d{1,2}/\d{1,2}/.+",True,,2026-06-05 11:28:52.378404+00:00
url_candidate,Al Jazeera,https://www.aljazeera.com/news-sitemap.xml,https://www.aljazeera.com/news-sitemap.xml,,,,,,,,,,al_jazeera,0.0,https://www.aljazeera.com/sports/2026/6/3/fifa-world-cup-2026-stadiums-matches-us-canada-mexico,2026-06-03,2026-06-03,5.0,url_has_date|non_article_pattern|high_conf_pattern,"^https?://www\.aljazeera\.com/.+/\d{4}/\d{1,2}/\d{1,2}/.+",True,,2026-06-05 11:28:52.378967+00:00
url_candidate,Al Jazeera,https://www.aljazeera.com/news-sitemap.xml,https://www.aljazeera.com/news-sitemap.xml,,,,,,,,,,al_jazeera,0.0,https://www.aljazeera.com/news/2026/6/3/uk-minister-condemns-violent-protests-against-students-murder,2026-06-03,2026-06-03,10.0,url_has_date|high_conf_pattern|article_section_token,"^https?://www\.aljazeera\.com/.+/\d{4}/\d{1,2}/\d{1,2}/.+",True,,2026-06-05 11:28:52.379525+00:00
url_candidate,Al Jazeera,https://www.aljazeera.com/news-sitemap.xml,https://www.aljazeera.com/news-sitemap.xml,,,,,,,,,,al_jazeera,0.0,https://www.aljazeera.com/news/2026/6/3/defence-energy-halal-sectors-top-agenda-in-turkiye-indonesia-talks,2026-06-03,2026-06-03,10.0,url_has_date|high_conf_pattern|article_section_token,"^https?://www\.aljazeera\.com/.+/\d{4}/\d{1,2}/\d{1,2}/.+",True,,2026-06-05 11:28:52.380116+00:00
url_candidate,Al Jazeera,https://www.aljazeera.com/news-sitemap.xml,https://www.aljazeera.com/news-sitemap.xml,,,,,,,,,,al_jazeera,0.0,https://www.aljazeera.com/podcasts/2026/6/3/the-take-the-ebola-outbreak-the-world-isnt-paying-attention-to,2026-06-03,2026-06-03,5.0,url_has_date|non_article_pattern|high_conf_pattern,"^https?://www\.aljazeera\.com/.+/\d{4}/\d{1,2}/\d{1,2}/.+",True,,2026-06-05 11:28:52.380671+00:00
url_candidate,Al Jazeera,https://www.aljazeera.com/news-sitemap.xml,https://www.aljazeera.com/news-sitemap.xml,,,,,,,,,,al_jazeera,0.0,https://www.aljazeera.com/news/2026/6/3/fbi-agents-fatally-shoot-alleged-hostage-taker-in-california,2026-06-03,2026-06-03,10.0,url_has_date|high_conf_pattern|article_section_token,"^https?://www\.aljazeera\.com/.+/\d{4}/\d{1,2}/\d{1,2}/.+",True,,2026-06-05 11:28:52.381238+00:00
url_candidate,Al Jazeera,https://www.aljazeera.com/news-sitemap.xml,https://www.aljazeera.com/news-sitemap.xml,,,,,,,,,,al_jazeera,0.0,https://www.aljazeera.com/video/newsfeed/2026/6/3/pro-palestine-us-army-veteran-adam-hamawy-wins-new-jersey-primary,2026-06-03,2026-06-03,5.0,url_has_date|non_article_pattern|high_conf_pattern,"^https?://www\.aljazeera\.com/.+/\d{4}/\d{1,2}/\d{1,2}/.+",True,,2026-06-05 11:28:52.381794+00:00
url_candidate,Al Jazeera,https://www.aljazeera.com/news-sitemap.xml,https://www.aljazeera.com/news-sitemap.xml,,,,,,,,,,al_jazeera,0.0,https://www.aljazeera.com/news/2026/6/3/three-british-navy-personnel-killed-in-helicopter-crash-in-england,2026-06-03,2026-06-03,10.0,url_has_date|high_conf_pattern|article_section_token,"^https?://www\.aljazeera\.com/.+/\d{4}/\d{1,2}/\d{1,2}/.+",True,,2026-06-05 11:28:52.382358+00:00
url_candidate,Al Jazeera,https://www.aljazeera.com/news-sitemap.xml,https://www.aljazeera.com/news-sitemap.xml,,,,,,,,,,al_jazeera,0.0,https://www.aljazeera.com/sports/2026/6/3/sabalenka-the-latest-french-open-star-to-fall-as-shnaider-wins-quarterfinal,2026-06-03,2026-06-03,5.0,url_has_date|non_article_pattern|high_conf_pattern,"^https?://www\.aljazeera\.com/.+/\d{4}/\d{1,2}/\d{1,2}/.+",True,,2026-06-05 11:28:52.382977+00:00
url_candidate,Al Jazeera,https://www.aljazeera.com/news-sitemap.xml,https://www.aljazeera.com/news-sitemap.xml,,,,,,,,,,al_jazeera,0.0,https://www.aljazeera.com/news/2026/6/3/doesnt-seem-qualified-who-is-bill-pulte-acting-us-intelligence-chief,2026-06-03,2026-06-03,10.0,url_has_date|high_conf_pattern|article_section_token,"^https?://www\.aljazeera\.com/.+/\d{4}/\d{1,2}/\d{1,2}/.+",True,,2026-06-05 11:28:52.383748+00:00
url_candidate,Al Jazeera,https://www.aljazeera.com/news-sitemap.xml,https://www.aljazeera.com/news-sitemap.xml,,,,,,,,,,al_jazeera,0.0,https://www.aljazeera.com/sports/2026/6/3/lamine-yamal-and-nico-williams-set-to-be-fit-for-spains-world-cup-opener,2026-06-03,2026-06-03,5.0,url_has_date|non_article_pattern|high_conf_pattern,"^https?://www\.aljazeera\.com/.+/\d{4}/\d{1,2}/\d{1,2}/.+",True,,2026-06-05 11:28:52.384312+00:00
url_candidate,Al Jazeera,https://www.aljazeera.com/news-sitemap.xml,https://www.aljazeera.com/news-sitemap.xml,,,,,,,,,,al_jazeera,0.0,https://www.aljazeera.com/video/featured-documentaries/2026/6/3/the-population-bust,2026-06-03,2026-06-03,5.0,url_has_date|non_article_pattern|high_conf_pattern,"^https?://www\.aljazeera\.com/.+/\d{4}/\d{1,2}/\d{1,2}/.+",True,,2026-06-05 11:28:52.384871+00:00
url_candidate,Al Jazeera,https://www.aljazeera.com/news-sitemap.xml,https://www.aljazeera.com/news-sitemap.xml,,,,,,,,,,al_jazeera,0.0,https://www.aljazeera.com/sports/2026/6/3/israel-detains-palestine-international-football-player,2026-06-03,2026-06-03,5.0,url_has_date|non_article_pattern|high_conf_pattern,"^https?://www\.aljazeera\.com/.+/\d{4}/\d{1,2}/\d{1,2}/.+",True,,2026-06-05 11:28:52.385425+00:00
url_candidate,Al Jazeera,https://www.aljazeera.com/news-sitemap.xml,https://www.aljazeera.com/news-sitemap.xml,,,,,,,,,,al_jazeera,0.0,https://www.aljazeera.com/sports/2026/6/3/irans-world-cup-squad-to-depart-for-mexico-on-june-6-despite-us-visa-delay,2026-06-03,2026-06-03,5.0,url_has_date|non_article_pattern|high_conf_pattern,"^https?://www\.aljazeera\.com/.+/\d{4}/\d{1,2}/\d{1,2}/.+",True,,2026-06-05 11:28:52.385991+00:00
url_candidate,Al Jazeera,https://www.aljazeera.com/news-sitemap.xml,https://www.aljazeera.com/news-sitemap.xml,,,,,,,,,,al_jazeera,0.0,https://www.aljazeera.com/sports/2026/6/3/dr-congo-to-offset-ebola-threat-with-behind-closed-doors-world-cup-warm-up,2026-06-03,2026-06-03,5.0,url_has_date|non_article_pattern|high_conf_pattern,"^https?://www\.aljazeera\.com/.+/\d{4}/\d{1,2}/\d{1,2}/.+",True,,2026-06-05 11:28:52.386547+00:00
url_candidate,Al Jazeera,https://www.aljazeera.com/news-sitemap.xml,https://www.aljazeera.com/news-sitemap.xml,,,,,,,,,,al_jazeera,0.0,https://www.aljazeera.com/news/2026/6/3/why-is-france-so-invested-in-the-future-of-lebanon,2026-06-03,2026-06-03,10.0,url_has_date|high_conf_pattern|article_section_token,"^https?://www\.aljazeera\.com/.+/\d{4}/\d{1,2}/\d{1,2}/.+",True,,2026-06-05 11:28:52.387119+00:00
url_candidate,Al Jazeera,https://www.aljazeera.com/news-sitemap.xml,https://www.aljazeera.com/news-sitemap.xml,,,,,,,,,,al_jazeera,0.0,https://www.aljazeera.com/video/newsfeed/2026/6/3/kuwait-and-bahrain-attacked-as-iran-launches-missile-and-drone-barrage,2026-06-03,2026-06-03,5.0,url_has_date|non_article_pattern|high_conf_pattern,"^https?://www\.aljazeera\.com/.+/\d{4}/\d{1,2}/\d{1,2}/.+",True,,2026-06-05 11:28:52.387669+00:00
url_candidate,Al Jazeera,https://www.aljazeera.com/news-sitemap.xml,https://www.aljazeera.com/news-sitemap.xml,,,,,,,,,,al_jazeera,0.0,https://www.aljazeera.com/video/counting-the-cost/2026/6/3/is-asia-facing-a-new-currency-crisis,2026-06-03,2026-06-03,5.0,url_has_date|non_article_pattern|high_conf_pattern,"^https?://www\.aljazeera\.com/.+/\d{4}/\d{1,2}/\d{1,2}/.+",True,,2026-06-05 11:28:52.388223+00:00
url_candidate,Al Jazeera,https://www.aljazeera.com/news-sitemap.xml,https://www.aljazeera.com/news-sitemap.xml,,,,,,,,,,al_jazeera,0.0,https://www.aljazeera.com/news/2026/6/3/does-uks-new-far-right-party-restore-pose-a-threat-to-farages-reform,2026-06-03,2026-06-04,10.0,url_has_date|high_conf_pattern|article_section_token,"^https?://www\.aljazeera\.com/.+/\d{4}/\d{1,2}/\d{1,2}/.+",True,,2026-06-05 11:28:52.388787+00:00
url_candidate,Al Jazeera,https://www.aljazeera.com/news-sitemap.xml,https://www.aljazeera.com/news-sitemap.xml,,,,,,,,,,al_jazeera,0.0,https://www.aljazeera.com/video/newsfeed/2026/6/3/video-teachers-in-northern-nigeria-protest-abduction-of-school-children,2026-06-03,2026-06-03,5.0,url_has_date|non_article_pattern|high_conf_pattern,"^https?://www\.aljazeera\.com/.+/\d{4}/\d{1,2}/\d{1,2}/.+",True,,2026-06-05 11:28:52.389338+00:00
url_candidate,Al Jazeera,https://www.aljazeera.com/news-sitemap.xml,https://www.aljazeera.com/news-sitemap.xml,,,,,,,,,,al_jazeera,0.0,https://www.aljazeera.com/sports/2026/6/3/ferrari-sign-leclerc-on-new-long-term-contract-ahead-of-home-f1-monaco-gp,2026-06-03,2026-06-03,5.0,url_has_date|non_article_pattern|high_conf_pattern,"^https?://www\.aljazeera\.com/.+/\d{4}/\d{1,2}/\d{1,2}/.+",True,,2026-06-05 11:28:52.389898+00:00
url_candidate,Al Jazeera,https://www.aljazeera.com/news-sitemap.xml,https://www.aljazeera.com/news-sitemap.xml,,,,,,,,,,al_jazeera,0.0,https://www.aljazeera.com/news/2026/6/3/israel-is-building-more-military-posts-in-gaza-satellite-imagery-shows,2026-06-03,2026-06-03,10.0,url_has_date|high_conf_pattern|article_section_token,"^https?://www\.aljazeera\.com/.+/\d{4}/\d{1,2}/\d{1,2}/.+",True,,2026-06-05 11:28:52.390457+00:00
url_candidate,Al Jazeera,https://www.aljazeera.com/news-sitemap.xml,https://www.aljazeera.com/news-sitemap.xml,,,,,,,,,,al_jazeera,0.0,https://www.aljazeera.com/news/2026/6/3/iran-kuwait-bahrain-hit-is-the-war-in-the-gulf-escalating-again,2026-06-03,2026-06-03,10.0,url_has_date|high_conf_pattern|article_section_token,"^https?://www\.aljazeera\.com/.+/\d{4}/\d{1,2}/\d{1,2}/.+",True,,2026-06-05 11:28:52.391022+00:00
url_candidate,Al Jazeera,https://www.aljazeera.com/news-sitemap.xml,https://www.aljazeera.com/news-sitemap.xml,,,,,,,,,,al_jazeera,0.0,https://www.aljazeera.com/sports/2026/6/3/morocco-world-cup-2026-preview-players-to-watch-group-and-squad-list,2026-06-03,2026-06-03,5.0,url_has_date|non_article_pattern|high_conf_pattern,"^https?://www\.aljazeera\.com/.+/\d{4}/\d{1,2}/\d{1,2}/.+",True,,2026-06-05 11:28:52.391582+00:00
url_candidate,Al Jazeera,https://www.aljazeera.com/news-sitemap.xml,https://www.aljazeera.com/news-sitemap.xml,,,,,,,,,,al_jazeera,0.0,https://www.aljazeera.com/news/2026/6/3/israels-invasion-of-southern-lebanon-devastates-centuries-of-history,2026-06-03,2026-06-03,10.0,url_has_date|high_conf_pattern|article_section_token,"^https?://www\.aljazeera\.com/.+/\d{4}/\d{1,2}/\d{1,2}/.+",True,,2026-06-05 11:28:52.392146+00:00
url_candidate,Al Jazeera,https://www.aljazeera.com/news-sitemap.xml,https://www.aljazeera.com/news-sitemap.xml,,,,,,,,,,al_jazeera,0.0,https://www.aljazeera.com/video/newsfeed/2026/6/3/cape-verde-football-team-arrives-in-the-us-for-the-world-cup,2026-06-03,2026-06-03,5.0,url_has_date|non_article_pattern|high_conf_pattern,"^https?://www\.aljazeera\.com/.+/\d{4}/\d{1,2}/\d{1,2}/.+",True,,2026-06-05 11:28:52.392696+00:00
url_candidate,Al Jazeera,https://www.aljazeera.com/news-sitemap.xml,https://www.aljazeera.com/news-sitemap.xml,,,,,,,,,,al_jazeera,0.0,https://www.aljazeera.com/news/2026/6/3/us-artist-sues-fifa-over-destruction-of-dallas-whale-mural-for-world-cup,2026-06-03,2026-06-03,10.0,url_has_date|high_conf_pattern|article_section_token,"^https?://www\.aljazeera\.com/.+/\d{4}/\d{1,2}/\d{1,2}/.+",True,,2026-06-05 11:28:52.393261+00:00
url_candidate,Al Jazeera,https://www.aljazeera.com/news-sitemap.xml,https://www.aljazeera.com/news-sitemap.xml,,,,,,,,,,al_jazeera,0.0,https://www.aljazeera.com/news/2026/6/3/hilton-becerra-lead-california-governor-race-key-primary-election-results,2026-06-03,2026-06-03,10.0,url_has_date|high_conf_pattern|article_section_token,"^https?://www\.aljazeera\.com/.+/\d{4}/\d{1,2}/\d{1,2}/.+",True,,2026-06-05 11:28:52.393825+00:00
url_candidate,Al Jazeera,https://www.aljazeera.com/news-sitemap.xml,https://www.aljazeera.com/news-sitemap.xml,,,,,,,,,,al_jazeera,0.0,https://www.aljazeera.com/news/2026/6/3/fire-at-new-delhi-hotel-kills-at-least-21-people,2026-06-03,2026-06-03,10.0,url_has_date|high_conf_pattern|article_section_token,"^https?://www\.aljazeera\.com/.+/\d{4}/\d{1,2}/\d{1,2}/.+",True,,2026-06-05 11:28:52.394383+00:00
url_candidate,Al Jazeera,https://www.aljazeera.com/news-sitemap.xml,https://www.aljazeera.com/news-sitemap.xml,,,,,,,,,,al_jazeera,0.0,https://www.aljazeera.com/opinions/2026/6/3/remembering-muhammad-alis-message-of-peace,2026-06-03,2026-06-03,8.0,url_has_date|high_conf_pattern,"^https?://www\.aljazeera\.com/.+/\d{4}/\d{1,2}/\d{1,2}/.+",True,,2026-06-05 11:28:52.394958+00:00
url_candidate,Al Jazeera,https://www.aljazeera.com/news-sitemap.xml,https://www.aljazeera.com/news-sitemap.xml,,,,,,,,,,al_jazeera,0.0,https://www.aljazeera.com/video/all-hail/2026/6/3/how-social-media-changes-the-way-we-see-war,2026-06-03,2026-06-03,5.0,url_has_date|non_article_pattern|high_conf_pattern,"^https?://www\.aljazeera\.com/.+/\d{4}/\d{1,2}/\d{1,2}/.+",True,,2026-06-05 11:28:52.395509+00:00
url_candidate,Al Jazeera,https://www.aljazeera.com/news-sitemap.xml,https://www.aljazeera.com/news-sitemap.xml,,,,,,,,,,al_jazeera,0.0,https://www.aljazeera.com/video/newsfeed/2026/6/3/hezbollah-video-shows-attack-on-israeli-troops-at-lebanons-beaufort-castle,2026-06-03,2026-06-03,5.0,url_has_date|non_article_pattern|high_conf_pattern,"^https?://www\.aljazeera\.com/.+/\d{4}/\d{1,2}/\d{1,2}/.+",True,,2026-06-05 11:28:52.396074+00:00
url_candidate,Al Jazeera,https://www.aljazeera.com/news-sitemap.xml,https://www.aljazeera.com/news-sitemap.xml,,,,,,,,,,al_jazeera,0.0,https://www.aljazeera.com/news/2026/6/3/uk-china-ice-age-thaws-why-the-west-needs-beijing,2026-06-03,2026-06-03,10.0,url_has_date|high_conf_pattern|article_section_token,"^https?://www\.aljazeera\.com/.+/\d{4}/\d{1,2}/\d{1,2}/.+",True,,2026-06-05 11:28:52.396632+00:00
url_candidate,Al Jazeera,https://www.aljazeera.com/news-sitemap.xml,https://www.aljazeera.com/news-sitemap.xml,,,,,,,,,,al_jazeera,0.0,https://www.aljazeera.com/news/2026/6/3/democrat-and-republican-go-head-to-head-in-california-governor-race,2026-06-03,2026-06-03,10.0,url_has_date|high_conf_pattern|article_section_token,"^https?://www\.aljazeera\.com/.+/\d{4}/\d{1,2}/\d{1,2}/.+",True,,2026-06-05 11:28:52.397198+00:00
url_candidate,Al Jazeera,https://www.aljazeera.com/news-sitemap.xml,https://www.aljazeera.com/news-sitemap.xml,,,,,,,,,,al_jazeera,0.0,https://www.aljazeera.com/video/newsfeed/2026/6/3/us-disables-ship-allegedly-bound-for-iranian-port,2026-06-03,2026-06-03,5.0,url_has_date|non_article_pattern|high_conf_pattern,"^https?://www\.aljazeera\.com/.+/\d{4}/\d{1,2}/\d{1,2}/.+",True,,2026-06-05 11:28:52.397768+00:00
url_candidate,Al Jazeera,https://www.aljazeera.com/news-sitemap.xml,https://www.aljazeera.com/news-sitemap.xml,,,,,,,,,,al_jazeera,0.0,https://www.aljazeera.com/gallery/2026/6/3/foreign-nationals-among-21-dead-in-new-delhi-building-fire,2026-06-03,2026-06-03,8.0,url_has_date|high_conf_pattern,"^https?://www\.aljazeera\.com/.+/\d{4}/\d{1,2}/\d{1,2}/.+",True,,2026-06-05 11:28:52.398477+00:00
url_candidate,Al Jazeera,https://www.aljazeera.com/news-sitemap.xml,https://www.aljazeera.com/news-sitemap.xml,,,,,,,,,,al_jazeera,0.0,https://www.aljazeera.com/news/2026/6/3/iranian-drone-hits-kuwaits-main-airport-after-us-strikes-qeshm-island,2026-06-03,2026-06-03,10.0,url_has_date|high_conf_pattern|article_section_token,"^https?://www\.aljazeera\.com/.+/\d{4}/\d{1,2}/\d{1,2}/.+",True,,2026-06-05 11:28:52.399049+00:00
url_candidate,Al Jazeera,https://www.aljazeera.com/news-sitemap.xml,https://www.aljazeera.com/news-sitemap.xml,,,,,,,,,,al_jazeera,0.0,https://www.aljazeera.com/video/money-works/2026/6/3/can-a-us-president-promote-stock-theyve-invested-in,2026-06-03,2026-06-03,5.0,url_has_date|non_article_pattern|high_conf_pattern,"^https?://www\.aljazeera\.com/.+/\d{4}/\d{1,2}/\d{1,2}/.+",True,,2026-06-05 11:28:52.399617+00:00
url_candidate,Al Jazeera,https://www.aljazeera.com/news-sitemap.xml,https://www.aljazeera.com/news-sitemap.xml,,,,,,,,candidate_score_below_threshold,,al_jazeera,0.0,https://www.aljazeera.com/sponsored/turkish-riviera-the-land-of-light,,2026-06-03,0.0,,,False,candidate,2026-06-05 11:28:52.400402+00:00
url_candidate,Al Jazeera,https://www.aljazeera.com/news-sitemap.xml,https://www.aljazeera.com/news-sitemap.xml,,,,,,,,,,al_jazeera,0.0,https://www.aljazeera.com/gallery/2026/6/3/service-is-the-rent-we-pay-muhammad-ali-remembered-10-years-on,2026-06-03,2026-06-03,8.0,url_has_date|high_conf_pattern,"^https?://www\.aljazeera\.com/.+/\d{4}/\d{1,2}/\d{1,2}/.+",True,,2026-06-05 11:28:52.400984+00:00
url_candidate,Al Jazeera,https://www.aljazeera.com/news-sitemap.xml,https://www.aljazeera.com/news-sitemap.xml,,,,,,,,,,al_jazeera,0.0,https://www.aljazeera.com/economy/2026/6/3/us-broadcaster-cbs-fires-60-minutess-scott-pelley-after-clash-with-bosses,2026-06-03,2026-06-03,10.0,url_has_date|high_conf_pattern|article_section_token,"^https?://www\.aljazeera\.com/.+/\d{4}/\d{1,2}/\d{1,2}/.+",True,,2026-06-05 11:28:52.401548+00:00
url_candidate,Al Jazeera,https://www.aljazeera.com/news-sitemap.xml,https://www.aljazeera.com/news-sitemap.xml,,,,,,,,,,al_jazeera,0.0,https://www.aljazeera.com/features/2026/6/3/is-the-great-nicobar-island-indias-hormuz-like-chokepoint-against-china,2026-06-03,2026-06-03,8.0,url_has_date|high_conf_pattern,"^https?://www\.aljazeera\.com/.+/\d{4}/\d{1,2}/\d{1,2}/.+",True,,2026-06-05 11:28:52.402117+00:00
url_candidate,Al Jazeera,https://www.aljazeera.com/news-sitemap.xml,https://www.aljazeera.com/news-sitemap.xml,,,,,,,,,,al_jazeera,0.0,https://www.aljazeera.com/sports/2026/6/3/casemiro-brazil-not-fifa-world-cup-2026-favourites-football,2026-06-03,2026-06-03,5.0,url_has_date|non_article_pattern|high_conf_pattern,"^https?://www\.aljazeera\.com/.+/\d{4}/\d{1,2}/\d{1,2}/.+",True,,2026-06-05 11:28:52.402681+00:00
url_candidate,Al Jazeera,https://www.aljazeera.com/news-sitemap.xml,https://www.aljazeera.com/news-sitemap.xml,,,,,,,,,,al_jazeera,0.0,https://www.aljazeera.com/news/2026/6/3/ukraine-drone-attack-kills-7-in-russian-held-territory-in-new-escalation,2026-06-03,2026-06-03,10.0,url_has_date|high_conf_pattern|article_section_token,"^https?://www\.aljazeera\.com/.+/\d{4}/\d{1,2}/\d{1,2}/.+",True,,2026-06-05 11:28:52.403244+00:00
url_candidate,Al Jazeera,https://www.aljazeera.com/news-sitemap.xml,https://www.aljazeera.com/news-sitemap.xml,,,,,,,,,,al_jazeera,0.0,https://www.aljazeera.com/video/newsfeed/2026/6/3/aje-onl-nf_sv_clashes-in-uk-over-muder-of-henry-nowak-030626,2026-06-03,2026-06-03,5.0,url_has_date|non_article_pattern|high_conf_pattern,"^https?://www\.aljazeera\.com/.+/\d{4}/\d{1,2}/\d{1,2}/.+",True,,2026-06-05 11:28:52.403802+00:00
url_candidate,Al Jazeera,https://www.aljazeera.com/news-sitemap.xml,https://www.aljazeera.com/news-sitemap.xml,,,,,,,,,,al_jazeera,0.0,https://www.aljazeera.com/sports/2026/6/3/messi-trains-alone-as-argentina-hold-first-world-cup-practice-session,2026-06-03,2026-06-03,5.0,url_has_date|non_article_pattern|high_conf_pattern,"^https?://www\.aljazeera\.com/.+/\d{4}/\d{1,2}/\d{1,2}/.+",True,,2026-06-05 11:28:52.404358+00:00
url_candidate,Al Jazeera,https://www.aljazeera.com/news-sitemap.xml,https://www.aljazeera.com/news-sitemap.xml,,,,,,,,,,al_jazeera,0.0,https://www.aljazeera.com/economy/2026/6/3/japans-stock-market-hits-new-record-as-ai-boom-gathers-steam,2026-06-03,2026-06-03,10.0,url_has_date|high_conf_pattern|article_section_token,"^https?://www\.aljazeera\.com/.+/\d{4}/\d{1,2}/\d{1,2}/.+",True,,2026-06-05 11:28:52.404925+00:00
url_candidate,Al Jazeera,https://www.aljazeera.com/news-sitemap.xml,https://www.aljazeera.com/news-sitemap.xml,,,,,,,,,,al_jazeera,0.0,https://www.aljazeera.com/news/2026/6/3/whats-happening-on-day-96-of-iran-war-as-us-iran-engage-in-new-attacks,2026-06-03,2026-06-03,10.0,url_has_date|high_conf_pattern|article_section_token,"^https?://www\.aljazeera\.com/.+/\d{4}/\d{1,2}/\d{1,2}/.+",True,,2026-06-05 11:28:52.405489+00:00
url_candidate,Al Jazeera,https://www.aljazeera.com/news-sitemap.xml,https://www.aljazeera.com/news-sitemap.xml,,,,,,,,,,al_jazeera,0.0,https://www.aljazeera.com/video/newsfeed/2026/6/3/kyiv-residents-seek-shelter-during-renewed-russian-attacks,2026-06-03,2026-06-03,5.0,url_has_date|non_article_pattern|high_conf_pattern,"^https?://www\.aljazeera\.com/.+/\d{4}/\d{1,2}/\d{1,2}/.+",True,,2026-06-05 11:28:52.406046+00:00
url_candidate,Al Jazeera,https://www.aljazeera.com/news-sitemap.xml,https://www.aljazeera.com/news-sitemap.xml,,,,,,,,,,al_jazeera,0.0,https://www.aljazeera.com/video/newsfeed/2026/6/3/accident-on-kuwait-motorway-as-iranian-missiles-fly-overhead,2026-06-03,2026-06-03,5.0,url_has_date|non_article_pattern|high_conf_pattern,"^https?://www\.aljazeera\.com/.+/\d{4}/\d{1,2}/\d{1,2}/.+",True,,2026-06-05 11:28:52.406599+00:00
url_candidate,Al Jazeera,https://www.aljazeera.com/news-sitemap.xml,https://www.aljazeera.com/news-sitemap.xml,,,,,,,,,,al_jazeera,0.0,https://www.aljazeera.com/news/2026/6/3/rebecca-bennett-wins-new-jersey-democratic-primary-to-face-trump-ally-kean,2026-06-03,2026-06-03,10.0,url_has_date|high_conf_pattern|article_section_token,"^https?://www\.aljazeera\.com/.+/\d{4}/\d{1,2}/\d{1,2}/.+",True,,2026-06-05 11:28:52.407167+00:00
url_candidate,Al Jazeera,https://www.aljazeera.com/news-sitemap.xml,https://www.aljazeera.com/news-sitemap.xml,,,,,,,,,,al_jazeera,0.0,https://www.aljazeera.com/video/newsfeed/2026/6/3/benjamin-netanyahu-faces-israeli-backlash-over-lebanon-strategy,2026-06-03,2026-06-03,5.0,url_has_date|non_article_pattern|high_conf_pattern,"^https?://www\.aljazeera\.com/.+/\d{4}/\d{1,2}/\d{1,2}/.+",True,,2026-06-05 11:28:52.407724+00:00
url_candidate,Al Jazeera,https://www.aljazeera.com/news-sitemap.xml,https://www.aljazeera.com/news-sitemap.xml,,,,,,,,,,al_jazeera,0.0,https://www.aljazeera.com/news/2026/6/3/tunisian-court-sentences-ennahdha-leader-rached-ghannouchi-to-life-in-prison,2026-06-03,2026-06-03,10.0,url_has_date|high_conf_pattern|article_section_token,"^https?://www\.aljazeera\.com/.+/\d{4}/\d{1,2}/\d{1,2}/.+",True,,2026-06-05 11:28:52.408283+00:00
url_candidate,Al Jazeera,https://www.aljazeera.com/news-sitemap.xml,https://www.aljazeera.com/news-sitemap.xml,,,,,,,,,,al_jazeera,0.0,https://www.aljazeera.com/video/newsfeed/2026/6/3/mexico-and-canada-push-to-extend-usmca-trade-pact,2026-06-03,2026-06-03,5.0,url_has_date|non_article_pattern|high_conf_pattern,"^https?://www\.aljazeera\.com/.+/\d{4}/\d{1,2}/\d{1,2}/.+",True,,2026-06-05 11:28:52.408838+00:00
url_candidate,Al Jazeera,https://www.aljazeera.com/news-sitemap.xml,https://www.aljazeera.com/news-sitemap.xml,,,,,,,,,,al_jazeera,0.0,https://www.aljazeera.com/video/newsfeed/2026/6/3/us-says-it-attacked-irans-qeshm-island-tehran-targets-kuwait-bahrain,2026-06-03,2026-06-03,5.0,url_has_date|non_article_pattern|high_conf_pattern,"^https?://www\.aljazeera\.com/.+/\d{4}/\d{1,2}/\d{1,2}/.+",True,,2026-06-05 11:28:52.409386+00:00
url_candidate,Al Jazeera,https://www.aljazeera.com/news-sitemap.xml,https://www.aljazeera.com/news-sitemap.xml,,,,,,,,,,al_jazeera,0.0,https://www.aljazeera.com/news/2026/6/3/zimbabwes-e-tricycle-crackdown-puts-rural-womens-livelihoods-at-risk,2026-06-03,2026-06-03,10.0,url_has_date|high_conf_pattern|article_section_token,"^https?://www\.aljazeera\.com/.+/\d{4}/\d{1,2}/\d{1,2}/.+",True,,2026-06-05 11:28:52.409988+00:00
url_candidate,Al Jazeera,https://www.aljazeera.com/news-sitemap.xml,https://www.aljazeera.com/news-sitemap.xml,,,,,,,,,,al_jazeera,0.0,https://www.aljazeera.com/video/all-hail/2026/6/3/why-women-go-to-war,2026-06-03,2026-06-03,5.0,url_has_date|non_article_pattern|high_conf_pattern,"^https?://www\.aljazeera\.com/.+/\d{4}/\d{1,2}/\d{1,2}/.+",True,,2026-06-05 11:28:52.410537+00:00
url_candidate,Al Jazeera,https://www.aljazeera.com/news-sitemap.xml,https://www.aljazeera.com/news-sitemap.xml,,,,,,,,,,al_jazeera,0.0,https://www.aljazeera.com/news/2026/6/3/trump-to-attend-delayed-white-house-correspondents-dinner-after-shooting,2026-06-03,2026-06-03,10.0,url_has_date|high_conf_pattern|article_section_token,"^https?://www\.aljazeera\.com/.+/\d{4}/\d{1,2}/\d{1,2}/.+",True,,2026-06-05 11:28:52.411098+00:00
url_candidate,Al Jazeera,https://www.aljazeera.com/news-sitemap.xml,https://www.aljazeera.com/news-sitemap.xml,,,,,,,,,,al_jazeera,0.0,https://www.aljazeera.com/economy/2026/6/3/thailand-cracks-down-on-foreign-companies-using-fig-leaf-of-local-ownership,2026-06-03,2026-06-03,10.0,url_has_date|high_conf_pattern|article_section_token,"^https?://www\.aljazeera\.com/.+/\d{4}/\d{1,2}/\d{1,2}/.+",True,,2026-06-05 11:28:52.411658+00:00
url_candidate,Al Jazeera,https://www.aljazeera.com/news-sitemap.xml,https://www.aljazeera.com/news-sitemap.xml,,,,,,,,,,al_jazeera,0.0,https://www.aljazeera.com/news/liveblog/2026/6/3/iran-war-live-us-strikes-irans-qeshm-says-tehran-attacks-kuwait-bahrain,2026-06-03,2026-06-04,7.0,url_has_date|non_article_pattern|high_conf_pattern|article_section_token,"^https?://www\.aljazeera\.com/.+/\d{4}/\d{1,2}/\d{1,2}/.+",True,,2026-06-05 11:28:52.412216+00:00
sitemap_fetch,Al Jazeera,https://www.aljazeera.com/sitemaps/post-sitemap.xml,https://www.aljazeera.com/sitemaps/post-sitemap.xml,0.0,False,404.0,,0.0,False,3.0,404 Client Error: Not Found for url: https://www.aljazeera.com/sitemaps/post-sitemap.xml,404 Client Error: Not Found for url: https://www.aljazeera.com/sitemaps/post-sitemap.xml,,,,,,,,,,,
sitemap_fetch,Al Jazeera,https://www.aljazeera.com/sitemaps/post-sitemap1.xml,https://www.aljazeera.com/sitemaps/post-sitemap1.xml,0.0,False,404.0,,0.0,False,3.0,404 Client Error: Not Found for url: https://www.aljazeera.com/sitemaps/post-sitemap1.xml,404 Client Error: Not Found for url: https://www.aljazeera.com/sitemaps/post-sitemap1.xml,,,,,,,,,,,
sitemap_fetch,Al Jazeera,https://www.aljazeera.com/sitemaps/post-sitemap2.xml,https://www.aljazeera.com/sitemaps/post-sitemap2.xml,0.0,False,404.0,,0.0,False,3.0,404 Client Error: Not Found for url: https://www.aljazeera.com/sitemaps/post-sitemap2.xml,404 Client Error: Not Found for url: https://www.aljazeera.com/sitemaps/post-sitemap2.xml,,,,,,,,,,,
sitemap_fetch,Al Jazeera,https://www.aljazeera.com/sitemaps/news-sitemap.xml,https://www.aljazeera.com/sitemaps/news-sitemap.xml,0.0,False,404.0,,0.0,False,3.0,404 Client Error: Not Found for url: https://www.aljazeera.com/sitemaps/news-sitemap.xml,404 Client Error: Not Found for url: https://www.aljazeera.com/sitemaps/news-sitemap.xml,,,,,,,,,,,
sitemap_fetch,Al Jazeera,https://www.aljazeera.com/sitemaps/google-news-sitemap.xml,https://www.aljazeera.com/sitemaps/google-news-sitemap.xml,0.0,False,404.0,,0.0,False,3.0,404 Client Error: Not Found for url: https://www.aljazeera.com/sitemaps/google-news-sitemap.xml,404 Client Error: Not Found for url: https://www.aljazeera.com/sitemaps/google-news-sitemap.xml,,,,,,,,,,,
sitemap_fetch,Al Jazeera,https://www.aljazeera.com/sitemap.xml,https://www.aljazeera.com/sitemap.xml?yyyy=2003&mm=04&dd=19,1.0,True,200.0,urlset,3.0,True,2.0,,,,,,,,,,,,,
url_candidate,Al Jazeera,https://www.aljazeera.com/sitemap.xml,https://www.aljazeera.com/sitemap.xml?yyyy=2003&mm=04&dd=19,,,,,,,,out_of_range,,al_jazeera,1.0,https://www.aljazeera.com/news/2003/4/19/when-genes-fly-off-the-handle,2003-04-19,2003-04-19,10.0,url_has_date|high_conf_pattern|article_section_token,"^https?://www\.aljazeera\.com/.+/\d{4}/\d{1,2}/\d{1,2}/.+",False,candidate,2026-06-05 11:28:59.763806+00:00
url_candidate,Al Jazeera,https://www.aljazeera.com/sitemap.xml,https://www.aljazeera.com/sitemap.xml?yyyy=2003&mm=04&dd=19,,,,,,,,out_of_range,,al_jazeera,1.0,https://www.aljazeera.com/news/2003/4/19/general-fahim,2003-04-19,2003-04-19,10.0,url_has_date|high_conf_pattern|article_section_token,"^https?://www\.aljazeera\.com/.+/\d{4}/\d{1,2}/\d{1,2}/.+",False,candidate,2026-06-05 11:28:59.764590+00:00
url_candidate,Al Jazeera,https://www.aljazeera.com/sitemap.xml,https://www.aljazeera.com/sitemap.xml?yyyy=2003&mm=04&dd=19,,,,,,,,out_of_range,,al_jazeera,1.0,https://www.aljazeera.com/news/2003/4/19/the-road-home,2003-04-19,2003-04-19,10.0,url_has_date|high_conf_pattern|article_section_token,"^https?://www\.aljazeera\.com/.+/\d{4}/\d{1,2}/\d{1,2}/.+",False,candidate,2026-06-05 11:28:59.765364+00:00
sitemap_fetch,Al Jazeera,https://www.aljazeera.com/sitemap.xml,https://www.aljazeera.com/sitemap.xml?yyyy=2003&mm=04&dd=20,1.0,True,200.0,urlset,4.0,True,2.0,,,,,,,,,,,,,
url_candidate,Al Jazeera,https://www.aljazeera.com/sitemap.xml,https://www.aljazeera.com/sitemap.xml?yyyy=2003&mm=04&dd=20,,,,,,,,out_of_range,,al_jazeera,1.0,https://www.aljazeera.com/news/2003/4/20/a-kurdish-spring,2003-04-20,2003-04-20,10.0,url_has_date|high_conf_pattern|article_section_token,"^https?://www\.aljazeera\.com/.+/\d{4}/\d{1,2}/\d{1,2}/.+",False,candidate,2026-06-05 11:29:01.004889+00:00
url_candidate,Al Jazeera,https://www.aljazeera.com/sitemap.xml,https://www.aljazeera.com/sitemap.xml?yyyy=2003&mm=04&dd=20,,,,,,,,out_of_range,,al_jazeera,1.0,https://www.aljazeera.com/news/2003/4/20/in-jenin-history-blows-back-from-baghdad,2003-04-20,2003-04-20,10.0,url_has_date|high_conf_pattern|article_section_token,"^https?://www\.aljazeera\.com/.+/\d{4}/\d{1,2}/\d{1,2}/.+",False,candidate,2026-06-05 11:29:01.006160+00:00
url_candidate,Al Jazeera,https://www.aljazeera.com/sitemap.xml,https://www.aljazeera.com/sitemap.xml?yyyy=2003&mm=04&dd=20,,,,,,,,out_of_range,,al_jazeera,1.0,https://www.aljazeera.com/news/2003/4/20/egypt-borrows-awaits-gas-boom,2003-04-20,2003-04-20,10.0,url_has_date|high_conf_pattern|article_section_token,"^https?://www\.aljazeera\.com/.+/\d{4}/\d{1,2}/\d{1,2}/.+",False,candidate,2026-06-05 11:29:01.007428+00:00
url_candidate,Al Jazeera,https://www.aljazeera.com/sitemap.xml,https://www.aljazeera.com/sitemap.xml?yyyy=2003&mm=04&dd=20,,,,,,,,candidate_score_below_threshold,,al_jazeera,1.0,https://www.aljazeera.com/wp-content/uploads/2003/04/df5610bf-ff9b-4da4-89d3-72e139926b8c797f3b32dce5476ebf41be5f741cff9d.jpeg,,2003-04-20,0.0,,,False,candidate,2026-06-05 11:29:01.008668+00:00
sitemap_fetch,Al Jazeera,https://www.aljazeera.com/sitemap.xml,https://www.aljazeera.com/sitemap.xml?yyyy=2003&mm=04&dd=21,1.0,True,200.0,urlset,4.0,True,2.0,,,,,,,,,,,,,
url_candidate,Al Jazeera,https://www.aljazeera.com/sitemap.xml,https://www.aljazeera.com/sitemap.xml?yyyy=2003&mm=04&dd=21,,,,,,,,out_of_range,,al_jazeera,1.0,https://www.aljazeera.com/news/2003/4/21/arafat-symbol-of-the-palestinian-struggle,2003-04-21,2003-04-21,10.0,url_has_date|high_conf_pattern|article_section_token,"^https?://www\.aljazeera\.com/.+/\d{4}/\d{1,2}/\d{1,2}/.+",False,candidate,2026-06-05 11:29:02.917628+00:00
url_candidate,Al Jazeera,https://www.aljazeera.com/sitemap.xml,https://www.aljazeera.com/sitemap.xml?yyyy=2003&mm=04&dd=21,,,,,,,,out_of_range,,al_jazeera,1.0,https://www.aljazeera.com/news/2003/4/21/colonising-the-holy-land,2003-04-21,2003-04-21,10.0,url_has_date|high_conf_pattern|article_section_token,"^https?://www\.aljazeera\.com/.+/\d{4}/\d{1,2}/\d{1,2}/.+",False,candidate,2026-06-05 11:29:02.918814+00:00
url_candidate,Al Jazeera,https://www.aljazeera.com/sitemap.xml,https://www.aljazeera.com/sitemap.xml?yyyy=2003&mm=04&dd=21,,,,,,,,out_of_range,,al_jazeera,1.0,https://www.aljazeera.com/news/2003/4/21/chinese-controlled-kashmir,2003-04-21,2003-04-21,10.0,url_has_date|high_conf_pattern|article_section_token,"^https?://www\.aljazeera\.com/.+/\d{4}/\d{1,2}/\d{1,2}/.+",False,candidate,2026-06-05 11:29:02.919989+00:00
url_candidate,Al Jazeera,https://www.aljazeera.com/sitemap.xml,https://www.aljazeera.com/sitemap.xml?yyyy=2003&mm=04&dd=21,,,,,,,,out_of_range,,al_jazeera,1.0,https://www.aljazeera.com/news/2003/4/21/munching-your-way-through-the-afternoon,2003-04-21,2003-04-21,10.0,url_has_date|high_conf_pattern|article_section_token,"^https?://www\.aljazeera\.com/.+/\d{4}/\d{1,2}/\d{1,2}/.+",False,candidate,2026-06-05 11:29:02.921163+00:00
sitemap_fetch,Al Jazeera,https://www.aljazeera.com/sitemap.xml,https://www.aljazeera.com/sitemap.xml?yyyy=2003&mm=04&dd=22,1.0,True,200.0,urlset,2.0,True,2.0,,,,,,,,,,,,,
url_candidate,Al Jazeera,https://www.aljazeera.com/sitemap.xml,https://www.aljazeera.com/sitemap.xml?yyyy=2003&mm=04&dd=22,,,,,,,,out_of_range,,al_jazeera,1.0,https://www.aljazeera.com/news/2003/4/22/in-crisis-where-now-for-israels-economy,2003-04-22,2003-04-22,10.0,url_has_date|high_conf_pattern|article_section_token,"^https?://www\.aljazeera\.com/.+/\d{4}/\d{1,2}/\d{1,2}/.+",False,candidate,2026-06-05 11:29:04.117536+00:00
url_candidate,Al Jazeera,https://www.aljazeera.com/sitemap.xml,https://www.aljazeera.com/sitemap.xml?yyyy=2003&mm=04&dd=22,,,,,,,,out_of_range,,al_jazeera,1.0,https://www.aljazeera.com/news/2003/4/22/in-crisis-where-now-for-israels-economy-2,2003-04-22,2003-04-22,10.0,url_has_date|high_conf_pattern|article_section_token,"^https?://www\.aljazeera\.com/.+/\d{4}/\d{1,2}/\d{1,2}/.+",False,candidate,2026-06-05 11:29:04.120055+00:00
sitemap_fetch,Al Jazeera,https://www.aljazeera.com/sitemap.xml,https://www.aljazeera.com/sitemap.xml?yyyy=2003&mm=04&dd=23,1.0,True,200.0,urlset,7.0,True,2.0,,,,,,,,,,,,,
url_candidate,Al Jazeera,https://www.aljazeera.com/sitemap.xml,https://www.aljazeera.com/sitemap.xml?yyyy=2003&mm=04&dd=23,,,,,,,,out_of_range,,al_jazeera,1.0,https://www.aljazeera.com/news/2003/4/23/free-trade-us-turns-software-protectionist,2003-04-23,2003-04-23,10.0,url_has_date|high_conf_pattern|article_section_token,"^https?://www\.aljazeera\.com/.+/\d{4}/\d{1,2}/\d{1,2}/.+",False,candidate,2026-06-05 11:29:05.450328+00:00
url_candidate,Al Jazeera,https://www.aljazeera.com/sitemap.xml,https://www.aljazeera.com/sitemap.xml?yyyy=2003&mm=04&dd=23,,,,,,,,out_of_range,,al_jazeera,1.0,https://www.aljazeera.com/news/2003/4/23/pictures-tell-story-of-dispossession,2003-04-23,2003-04-23,10.0,url_has_date|high_conf_pattern|article_section_token,"^https?://www\.aljazeera\.com/.+/\d{4}/\d{1,2}/\d{1,2}/.+",False,candidate,2026-06-05 11:29:05.452563+00:00
url_candidate,Al Jazeera,https://www.aljazeera.com/sitemap.xml,https://www.aljazeera.com/sitemap.xml?yyyy=2003&mm=04&dd=23,,,,,,,,out_of_range,,al_jazeera,1.0,https://www.aljazeera.com/news/2003/4/23/musharraf-kashmir-is-the-core-issue,2003-04-23,2003-04-23,10.0,url_has_date|high_conf_pattern|article_section_token,"^https?://www\.aljazeera\.com/.+/\d{4}/\d{1,2}/\d{1,2}/.+",False,candidate,2026-06-05 11:29:05.454784+00:00
url_candidate,Al Jazeera,https://www.aljazeera.com/sitemap.xml,https://www.aljazeera.com/sitemap.xml?yyyy=2003&mm=04&dd=23,,,,,,,,out_of_range,,al_jazeera,1.0,https://www.aljazeera.com/news/2003/4/23/central-asia-gateway-to-global-power,2003-04-23,2003-04-23,10.0,url_has_date|high_conf_pattern|article_section_token,"^https?://www\.aljazeera\.com/.+/\d{4}/\d{1,2}/\d{1,2}/.+",False,candidate,2026-06-05 11:29:05.456714+00:00
url_candidate,Al Jazeera,https://www.aljazeera.com/sitemap.xml,https://www.aljazeera.com/sitemap.xml?yyyy=2003&mm=04&dd=23,,,,,,,,out_of_range,,al_jazeera,1.0,https://www.aljazeera.com/news/2003/4/23/creation-of-national-army-hits-ethnic-roadblocks,2003-04-23,2003-04-23,10.0,url_has_date|high_conf_pattern|article_section_token,"^https?://www\.aljazeera\.com/.+/\d{4}/\d{1,2}/\d{1,2}/.+",False,candidate,2026-06-05 11:29:05.458248+00:00
url_candidate,Al Jazeera,https://www.aljazeera.com/sitemap.xml,https://www.aljazeera.com/sitemap.xml?yyyy=2003&mm=04&dd=23,,,,,,,,out_of_range,,al_jazeera,1.0,https://www.aljazeera.com/news/2003/4/23/criminal-economies-flourish-in-afghanistan,2003-04-23,2003-04-23,10.0,url_has_date|high_conf_pattern|article_section_token,"^https?://www\.aljazeera\.com/.+/\d{4}/\d{1,2}/\d{1,2}/.+",False,candidate,2026-06-05 11:29:05.459775+00:00
url_candidate,Al Jazeera,https://www.aljazeera.com/sitemap.xml,https://www.aljazeera.com/sitemap.xml?yyyy=2003&mm=04&dd=23,,,,,,,,out_of_range,,al_jazeera,1.0,https://www.aljazeera.com/news/2003/4/23/afghanistan-the-soviet-unions-vietnam,2003-04-23,2003-04-23,10.0,url_has_date|high_conf_pattern|article_section_token,"^https?://www\.aljazeera\.com/.+/\d{4}/\d{1,2}/\d{1,2}/.+",False,candidate,2026-06-05 11:29:05.461216+00:00
sitemap_fetch,Al Jazeera,https://www.aljazeera.com/sitemap.xml,https://www.aljazeera.com/sitemap.xml?yyyy=2003&mm=04&dd=24,1.0,True,200.0,urlset,11.0,True,2.0,,,,,,,,,,,,,
url_candidate,Al Jazeera,https://www.aljazeera.com/sitemap.xml,https://www.aljazeera.com/sitemap.xml?yyyy=2003&mm=04&dd=24,,,,,,,,out_of_range,,al_jazeera,1.0,https://www.aljazeera.com/news/2003/4/24/infertility-still-a-social-stigma-in-the-gulf,2003-04-24,2003-04-24,10.0,url_has_date|high_conf_pattern|article_section_token,"^https?://www\.aljazeera\.com/.+/\d{4}/\d{1,2}/\d{1,2}/.+",False,candidate,2026-06-05 11:29:06.024028+00:00
url_candidate,Al Jazeera,https://www.aljazeera.com/sitemap.xml,https://www.aljazeera.com/sitemap.xml?yyyy=2003&mm=04&dd=24,,,,,,,,out_of_range,,al_jazeera,1.0,https://www.aljazeera.com/news/2003/4/24/burhanuddin-rabbani,2003-04-24,2003-04-24,10.0,url_has_date|high_conf_pattern|article_section_token,"^https?://www\.aljazeera\.com/.+/\d{4}/\d{1,2}/\d{1,2}/.+",False,candidate,2026-06-05 11:29:06.024867+00:00
url_candidate,Al Jazeera,https://www.aljazeera.com/sitemap.xml,https://www.aljazeera.com/sitemap.xml?yyyy=2003&mm=04&dd=24,,,,,,,,out_of_range,,al_jazeera,1.0,https://www.aljazeera.com/news/2003/4/24/washingtons-troubleshooter,2003-04-24,2003-04-24,10.0,url_has_date|high_conf_pattern|article_section_token,"^https?://www\.aljazeera\.com/.+/\d{4}/\d{1,2}/\d{1,2}/.+",False,candidate,2026-06-05 11:29:06.025649+00:00
url_candidate,Al Jazeera,https://www.aljazeera.com/sitemap.xml,https://www.aljazeera.com/sitemap.xml?yyyy=2003&mm=04&dd=24,,,,,,,,out_of_range,,al_jazeera,1.0,https://www.aljazeera.com/news/2003/4/24/bishara-fighting-from-within,2003-04-24,2003-04-24,10.0,url_has_date|high_conf_pattern|article_section_token,"^https?://www\.aljazeera\.com/.+/\d{4}/\d{1,2}/\d{1,2}/.+",False,candidate,2026-06-05 11:29:06.026392+00:00
url_candidate,Al Jazeera,https://www.aljazeera.com/sitemap.xml,https://www.aljazeera.com/sitemap.xml?yyyy=2003&mm=04&dd=24,,,,,,,,out_of_range,,al_jazeera,1.0,https://www.aljazeera.com/news/2003/4/24/discipline-and-daring-trademarks-of-fatah,2003-04-24,2003-04-24,10.0,url_has_date|high_conf_pattern|article_section_token,"^https?://www\.aljazeera\.com/.+/\d{4}/\d{1,2}/\d{1,2}/.+",False,candidate,2026-06-05 11:29:06.027131+00:00
url_candidate,Al Jazeera,https://www.aljazeera.com/sitemap.xml,https://www.aljazeera.com/sitemap.xml?yyyy=2003&mm=04&dd=24,,,,,,,,out_of_range,,al_jazeera,1.0,https://www.aljazeera.com/news/2003/4/24/marwan-barghouti-firm-but-flexible,2003-04-24,2003-04-24,10.0,url_has_date|high_conf_pattern|article_section_token,"^https?://www\.aljazeera\.com/.+/\d{4}/\d{1,2}/\d{1,2}/.+",False,candidate,2026-06-05 11:29:06.027850+00:00
url_candidate,Al Jazeera,https://www.aljazeera.com/sitemap.xml,https://www.aljazeera.com/sitemap.xml?yyyy=2003&mm=04&dd=24,,,,,,,,out_of_range,,al_jazeera,1.0,https://www.aljazeera.com/news/2003/4/24/afghanistan-continues-to-feel-heat-of-us-bombing,2003-04-24,2003-04-24,10.0,url_has_date|high_conf_pattern|article_section_token,"^https?://www\.aljazeera\.com/.+/\d{4}/\d{1,2}/\d{1,2}/.+",False,candidate,2026-06-05 11:29:06.028561+00:00
url_candidate,Al Jazeera,https://www.aljazeera.com/sitemap.xml,https://www.aljazeera.com/sitemap.xml?yyyy=2003&mm=04&dd=24,,,,,,,,out_of_range,,al_jazeera,1.0,https://www.aljazeera.com/news/2003/4/24/war-with-drugs,2003-04-24,2003-04-24,10.0,url_has_date|high_conf_pattern|article_section_token,"^https?://www\.aljazeera\.com/.+/\d{4}/\d{1,2}/\d{1,2}/.+",False,candidate,2026-06-05 11:29:06.029261+00:00
url_candidate,Al Jazeera,https://www.aljazeera.com/sitemap.xml,https://www.aljazeera.com/sitemap.xml?yyyy=2003&mm=04&dd=24,,,,,,,,candidate_score_below_threshold,,al_jazeera,1.0,https://www.aljazeera.com/wp-content/uploads/2003/05/iraq1.jpeg,,2020-09-21,0.0,,,False,candidate,2026-06-05 11:29:06.029943+00:00
url_candidate,Al Jazeera,https://www.aljazeera.com/sitemap.xml,https://www.aljazeera.com/sitemap.xml?yyyy=2003&mm=04&dd=24,,,,,,,,out_of_range,,al_jazeera,1.0,https://www.aljazeera.com/news/2003/4/24/paradise-lost,2003-04-24,2003-04-24,10.0,url_has_date|high_conf_pattern|article_section_token,"^https?://www\.aljazeera\.com/.+/\d{4}/\d{1,2}/\d{1,2}/.+",False,candidate,2026-06-05 11:29:06.030597+00:00
url_candidate,Al Jazeera,https://www.aljazeera.com/sitemap.xml,https://www.aljazeera.com/sitemap.xml?yyyy=2003&mm=04&dd=24,,,,,,,,out_of_range,,al_jazeera,1.0,https://www.aljazeera.com/news/2003/4/24/abdul-ghani-bhat,2003-04-24,2003-04-24,10.0,url_has_date|high_conf_pattern|article_section_token,"^https?://www\.aljazeera\.com/.+/\d{4}/\d{1,2}/\d{1,2}/.+",False,candidate,2026-06-05 11:29:06.031241+00:00
sitemap_fetch,Al Jazeera,https://www.aljazeera.com/sitemap.xml,https://www.aljazeera.com/sitemap.xml?yyyy=2003&mm=04&dd=25,1.0,True,200.0,urlset,17.0,True,2.0,,,,,,,,,,,,,
url_candidate,Al Jazeera,https://www.aljazeera.com/sitemap.xml,https://www.aljazeera.com/sitemap.xml?yyyy=2003&mm=04&dd=25,,,,,,,,out_of_range,,al_jazeera,1.0,https://www.aljazeera.com/news/2003/4/25/n-korea-nuclear-issue-talks-deadlocked,2003-04-25,2003-04-25,10.0,url_has_date|high_conf_pattern|article_section_token,"^https?://www\.aljazeera\.com/.+/\d{4}/\d{1,2}/\d{1,2}/.+",False,candidate,2026-06-05 11:29:07.920896+00:00
url_candidate,Al Jazeera,https://www.aljazeera.com/sitemap.xml,https://www.aljazeera.com/sitemap.xml?yyyy=2003&mm=04&dd=25,,,,,,,,out_of_range,,al_jazeera,1.0,https://www.aljazeera.com/news/2003/4/25/un-eu-and-russia-excluded-from-peace-process,2003-04-25,2003-04-25,10.0,url_has_date|high_conf_pattern|article_section_token,"^https?://www\.aljazeera\.com/.+/\d{4}/\d{1,2}/\d{1,2}/.+",False,candidate,2026-06-05 11:29:07.923396+00:00
url_candidate,Al Jazeera,https://www.aljazeera.com/sitemap.xml,https://www.aljazeera.com/sitemap.xml?yyyy=2003&mm=04&dd=25,,,,,,,,out_of_range,,al_jazeera,1.0,https://www.aljazeera.com/news/2003/4/25/tareq-aziz-in-us-custody,2003-04-25,2003-04-25,10.0,url_has_date|high_conf_pattern|article_section_token,"^https?://www\.aljazeera\.com/.+/\d{4}/\d{1,2}/\d{1,2}/.+",False,candidate,2026-06-05 11:29:07.925667+00:00
url_candidate,Al Jazeera,https://www.aljazeera.com/sitemap.xml,https://www.aljazeera.com/sitemap.xml?yyyy=2003&mm=04&dd=25,,,,,,,,out_of_range,,al_jazeera,1.0,https://www.aljazeera.com/news/2003/4/25/global-economy-will-take-time-to-look-rosy,2003-04-25,2003-04-25,10.0,url_has_date|high_conf_pattern|article_section_token,"^https?://www\.aljazeera\.com/.+/\d{4}/\d{1,2}/\d{1,2}/.+",False,candidate,2026-06-05 11:29:07.927315+00:00
url_candidate,Al Jazeera,https://www.aljazeera.com/sitemap.xml,https://www.aljazeera.com/sitemap.xml?yyyy=2003&mm=04&dd=25,,,,,,,,out_of_range,,al_jazeera,1.0,https://www.aljazeera.com/news/2003/4/25/sophisticated-transfer,2003-04-25,2003-04-25,10.0,url_has_date|high_conf_pattern|article_section_token,"^https?://www\.aljazeera\.com/.+/\d{4}/\d{1,2}/\d{1,2}/.+",False,candidate,2026-06-05 11:29:07.928805+00:00
url_candidate,Al Jazeera,https://www.aljazeera.com/sitemap.xml,https://www.aljazeera.com/sitemap.xml?yyyy=2003&mm=04&dd=25,,,,,,,,out_of_range,,al_jazeera,1.0,https://www.aljazeera.com/news/2003/4/25/opec-share-increase-move-to-protect-shares,2003-04-25,2003-04-25,10.0,url_has_date|high_conf_pattern|article_section_token,"^https?://www\.aljazeera\.com/.+/\d{4}/\d{1,2}/\d{1,2}/.+",False,candidate,2026-06-05 11:29:07.930264+00:00
url_candidate,Al Jazeera,https://www.aljazeera.com/sitemap.xml,https://www.aljazeera.com/sitemap.xml?yyyy=2003&mm=04&dd=25,,,,,,,,out_of_range,,al_jazeera,1.0,https://www.aljazeera.com/news/2003/4/25/us-policies-failing-to-make-headway-in-afghanistan,2003-04-25,2003-04-25,10.0,url_has_date|high_conf_pattern|article_section_token,"^https?://www\.aljazeera\.com/.+/\d{4}/\d{1,2}/\d{1,2}/.+",False,candidate,2026-06-05 11:29:07.931583+00:00
url_candidate,Al Jazeera,https://www.aljazeera.com/sitemap.xml,https://www.aljazeera.com/sitemap.xml?yyyy=2003&mm=04&dd=25,,,,,,,,out_of_range,,al_jazeera,1.0,https://www.aljazeera.com/news/2003/4/25/yemen-holds-elections,2003-04-25,2003-04-25,10.0,url_has_date|high_conf_pattern|article_section_token,"^https?://www\.aljazeera\.com/.+/\d{4}/\d{1,2}/\d{1,2}/.+",False,candidate,2026-06-05 11:29:07.932700+00:00
url_candidate,Al Jazeera,https://www.aljazeera.com/sitemap.xml,https://www.aljazeera.com/sitemap.xml?yyyy=2003&mm=04&dd=25,,,,,,,,out_of_range,,al_jazeera,1.0,https://www.aljazeera.com/news/2003/4/25/nigerian-elections-trigger-unease,2003-04-25,2003-04-25,10.0,url_has_date|high_conf_pattern|article_section_token,"^https?://www\.aljazeera\.com/.+/\d{4}/\d{1,2}/\d{1,2}/.+",False,candidate,2026-06-05 11:29:07.933813+00:00
url_candidate,Al Jazeera,https://www.aljazeera.com/sitemap.xml,https://www.aljazeera.com/sitemap.xml?yyyy=2003&mm=04&dd=25,,,,,,,,out_of_range,,al_jazeera,1.0,https://www.aljazeera.com/news/2003/4/25/hindu-to-help-review-draft-afghan-constitution,2003-04-25,2003-04-25,10.0,url_has_date|high_conf_pattern|article_section_token,"^https?://www\.aljazeera\.com/.+/\d{4}/\d{1,2}/\d{1,2}/.+",False,candidate,2026-06-05 11:29:07.934920+00:00
url_candidate,Al Jazeera,https://www.aljazeera.com/sitemap.xml,https://www.aljazeera.com/sitemap.xml?yyyy=2003&mm=04&dd=25,,,,,,,,out_of_range,,al_jazeera,1.0,https://www.aljazeera.com/news/2003/4/25/blast-rocks-toronto-shopping-centre,2003-04-25,2003-04-25,10.0,url_has_date|high_conf_pattern|article_section_token,"^https?://www\.aljazeera\.com/.+/\d{4}/\d{1,2}/\d{1,2}/.+",False,candidate,2026-06-05 11:29:07.936017+00:00
url_candidate,Al Jazeera,https://www.aljazeera.com/sitemap.xml,https://www.aljazeera.com/sitemap.xml?yyyy=2003&mm=04&dd=25,,,,,,,,out_of_range,,al_jazeera,1.0,https://www.aljazeera.com/news/2003/4/25/iraq-rebuilding-throws-up-many-questions,2003-04-25,2003-04-25,10.0,url_has_date|high_conf_pattern|article_section_token,"^https?://www\.aljazeera\.com/.+/\d{4}/\d{1,2}/\d{1,2}/.+",False,candidate,2026-06-05 11:29:07.936921+00:00
url_candidate,Al Jazeera,https://www.aljazeera.com/sitemap.xml,https://www.aljazeera.com/sitemap.xml?yyyy=2003&mm=04&dd=25,,,,,,,,out_of_range,,al_jazeera,1.0,https://www.aljazeera.com/news/2003/4/25/one-us-soldier-dead-in-afghanistan,2003-04-25,2003-04-25,10.0,url_has_date|high_conf_pattern|article_section_token,"^https?://www\.aljazeera\.com/.+/\d{4}/\d{1,2}/\d{1,2}/.+",False,candidate,2026-06-05 11:29:07.937804+00:00
url_candidate,Al Jazeera,https://www.aljazeera.com/sitemap.xml,https://www.aljazeera.com/sitemap.xml?yyyy=2003&mm=04&dd=25,,,,,,,,candidate_score_below_threshold,,al_jazeera,1.0,https://www.aljazeera.com/wp-content/uploads/2003/04/mubarak.jpeg,,2020-09-21,0.0,,,False,candidate,2026-06-05 11:29:07.938712+00:00
url_candidate,Al Jazeera,https://www.aljazeera.com/sitemap.xml,https://www.aljazeera.com/sitemap.xml?yyyy=2003&mm=04&dd=25,,,,,,,,out_of_range,,al_jazeera,1.0,https://www.aljazeera.com/news/2003/4/25/us-forces-capture-former-iraqi-spy,2003-04-25,2003-04-25,10.0,url_has_date|high_conf_pattern|article_section_token,"^https?://www\.aljazeera\.com/.+/\d{4}/\d{1,2}/\d{1,2}/.+",False,candidate,2026-06-05 11:29:07.939646+00:00
url_candidate,Al Jazeera,https://www.aljazeera.com/sitemap.xml,https://www.aljazeera.com/sitemap.xml?yyyy=2003&mm=04&dd=25,,,,,,,,out_of_range,,al_jazeera,1.0,https://www.aljazeera.com/news/2003/4/25/arab-league-chief-holds-talks-on-iraq,2003-04-25,2003-04-25,10.0,url_has_date|high_conf_pattern|article_section_token,"^https?://www\.aljazeera\.com/.+/\d{4}/\d{1,2}/\d{1,2}/.+",False,candidate,2026-06-05 11:29:07.940721+00:00
url_candidate,Al Jazeera,https://www.aljazeera.com/sitemap.xml,https://www.aljazeera.com/sitemap.xml?yyyy=2003&mm=04&dd=25,,,,,,,,out_of_range,,al_jazeera,1.0,https://www.aljazeera.com/news/2003/4/25/catching-up-on-lost-technology,2003-04-25,2003-04-25,10.0,url_has_date|high_conf_pattern|article_section_token,"^https?://www\.aljazeera\.com/.+/\d{4}/\d{1,2}/\d{1,2}/.+",False,candidate,2026-06-05 11:29:07.941537+00:00
sitemap_fetch,Al Jazeera,https://www.aljazeera.com/sitemap.xml,https://www.aljazeera.com/sitemap.xml?yyyy=2003&mm=04&dd=26,1.0,True,200.0,urlset,15.0,True,2.0,,,,,,,,,,,,,
url_candidate,Al Jazeera,https://www.aljazeera.com/sitemap.xml,https://www.aljazeera.com/sitemap.xml?yyyy=2003&mm=04&dd=26,,,,,,,,out_of_range,,al_jazeera,1.0,https://www.aljazeera.com/news/2003/4/26/dubai-eyes-chance-to-be-financial-centre,2003-04-26,2003-04-26,10.0,url_has_date|high_conf_pattern|article_section_token,"^https?://www\.aljazeera\.com/.+/\d{4}/\d{1,2}/\d{1,2}/.+",False,candidate,2026-06-05 11:29:08.531451+00:00
url_candidate,Al Jazeera,https://www.aljazeera.com/sitemap.xml,https://www.aljazeera.com/sitemap.xml?yyyy=2003&mm=04&dd=26,,,,,,,,out_of_range,,al_jazeera,1.0,https://www.aljazeera.com/news/2003/4/26/confusion-reigns-over-iraqi-arms-dump-explosion,2003-04-26,2003-04-26,10.0,url_has_date|high_conf_pattern|article_section_token,"^https?://www\.aljazeera\.com/.+/\d{4}/\d{1,2}/\d{1,2}/.+",False,candidate,2026-06-05 11:29:08.534480+00:00
url_candidate,Al Jazeera,https://www.aljazeera.com/sitemap.xml,https://www.aljazeera.com/sitemap.xml?yyyy=2003&mm=04&dd=26,,,,,,,,out_of_range,,al_jazeera,1.0,https://www.aljazeera.com/news/2003/4/26/us-russian-soyuz-mission-blasts-off,2003-04-26,2003-04-26,10.0,url_has_date|high_conf_pattern|article_section_token,"^https?://www\.aljazeera\.com/.+/\d{4}/\d{1,2}/\d{1,2}/.+",False,candidate,2026-06-05 11:29:08.536688+00:00
url_candidate,Al Jazeera,https://www.aljazeera.com/sitemap.xml,https://www.aljazeera.com/sitemap.xml?yyyy=2003&mm=04&dd=26,,,,,,,,out_of_range,,al_jazeera,1.0,https://www.aljazeera.com/news/2003/4/26/bush-stems-flow-of-conflict-diamonds,2003-04-26,2003-04-26,10.0,url_has_date|high_conf_pattern|article_section_token,"^https?://www\.aljazeera\.com/.+/\d{4}/\d{1,2}/\d{1,2}/.+",False,candidate,2026-06-05 11:29:08.538277+00:00
url_candidate,Al Jazeera,https://www.aljazeera.com/sitemap.xml,https://www.aljazeera.com/sitemap.xml?yyyy=2003&mm=04&dd=26,,,,,,,,out_of_range,,al_jazeera,1.0,https://www.aljazeera.com/news/2003/4/26/us-troops-use-public-shaming-as-disciplinary-tactic,2003-04-26,2003-04-26,10.0,url_has_date|high_conf_pattern|article_section_token,"^https?://www\.aljazeera\.com/.+/\d{4}/\d{1,2}/\d{1,2}/.+",False,candidate,2026-06-05 11:29:08.539878+00:00
url_candidate,Al Jazeera,https://www.aljazeera.com/sitemap.xml,https://www.aljazeera.com/sitemap.xml?yyyy=2003&mm=04&dd=26,,,,,,,,out_of_range,,al_jazeera,1.0,https://www.aljazeera.com/news/2003/4/26/sars-crisis-compared-with-chernobyl,2003-04-26,2003-04-26,10.0,url_has_date|high_conf_pattern|article_section_token,"^https?://www\.aljazeera\.com/.+/\d{4}/\d{1,2}/\d{1,2}/.+",False,candidate,2026-06-05 11:29:08.541406+00:00
url_candidate,Al Jazeera,https://www.aljazeera.com/sitemap.xml,https://www.aljazeera.com/sitemap.xml?yyyy=2003&mm=04&dd=26,,,,,,,,out_of_range,,al_jazeera,1.0,https://www.aljazeera.com/news/2003/4/26/sudanese-rebel-bid-to-capture-airport-foiled,2003-04-26,2003-04-26,10.0,url_has_date|high_conf_pattern|article_section_token,"^https?://www\.aljazeera\.com/.+/\d{4}/\d{1,2}/\d{1,2}/.+",False,candidate,2026-06-05 11:29:08.542591+00:00
url_candidate,Al Jazeera,https://www.aljazeera.com/sitemap.xml,https://www.aljazeera.com/sitemap.xml?yyyy=2003&mm=04&dd=26,,,,,,,,out_of_range,,al_jazeera,1.0,https://www.aljazeera.com/news/2003/4/26/france-us-will-make-up-says-colin-powell,2003-04-26,2003-04-26,10.0,url_has_date|high_conf_pattern|article_section_token,"^https?://www\.aljazeera\.com/.+/\d{4}/\d{1,2}/\d{1,2}/.+",False,candidate,2026-06-05 11:29:08.543778+00:00
url_candidate,Al Jazeera,https://www.aljazeera.com/sitemap.xml,https://www.aljazeera.com/sitemap.xml?yyyy=2003&mm=04&dd=26,,,,,,,,out_of_range,,al_jazeera,1.0,https://www.aljazeera.com/news/2003/4/26/thuraya-a-winner-in-iraq-war,2003-04-26,2003-04-26,10.0,url_has_date|high_conf_pattern|article_section_token,"^https?://www\.aljazeera\.com/.+/\d{4}/\d{1,2}/\d{1,2}/.+",False,candidate,2026-06-05 11:29:08.544998+00:00
url_candidate,Al Jazeera,https://www.aljazeera.com/sitemap.xml,https://www.aljazeera.com/sitemap.xml?yyyy=2003&mm=04&dd=26,,,,,,,,out_of_range,,al_jazeera,1.0,https://www.aljazeera.com/news/2003/4/26/breaking-down-the-wall,2003-04-26,2003-04-26,10.0,url_has_date|high_conf_pattern|article_section_token,"^https?://www\.aljazeera\.com/.+/\d{4}/\d{1,2}/\d{1,2}/.+",False,candidate,2026-06-05 11:29:08.546168+00:00
url_candidate,Al Jazeera,https://www.aljazeera.com/sitemap.xml,https://www.aljazeera.com/sitemap.xml?yyyy=2003&mm=04&dd=26,,,,,,,,out_of_range,,al_jazeera,1.0,https://www.aljazeera.com/news/2003/4/26/turkey-walks-east-west-tightrope,2003-04-26,2003-04-26,10.0,url_has_date|high_conf_pattern|article_section_token,"^https?://www\.aljazeera\.com/.+/\d{4}/\d{1,2}/\d{1,2}/.+",False,candidate,2026-06-05 11:29:08.547102+00:00
url_candidate,Al Jazeera,https://www.aljazeera.com/sitemap.xml,https://www.aljazeera.com/sitemap.xml?yyyy=2003&mm=04&dd=26,,,,,,,,out_of_range,,al_jazeera,1.0,https://www.aljazeera.com/news/2003/4/26/us-lawmaker-says-syria-made-historic-mistakes,2003-04-26,2003-04-26,10.0,url_has_date|high_conf_pattern|article_section_token,"^https?://www\.aljazeera\.com/.+/\d{4}/\d{1,2}/\d{1,2}/.+",False,candidate,2026-06-05 11:29:08.548044+00:00
url_candidate,Al Jazeera,https://www.aljazeera.com/sitemap.xml,https://www.aljazeera.com/sitemap.xml?yyyy=2003&mm=04&dd=26,,,,,,,,out_of_range,,al_jazeera,1.0,https://www.aljazeera.com/news/2003/4/26/us-troops-pay-respects-after-fatal-attacks,2003-04-26,2003-04-26,10.0,url_has_date|high_conf_pattern|article_section_token,"^https?://www\.aljazeera\.com/.+/\d{4}/\d{1,2}/\d{1,2}/.+",False,candidate,2026-06-05 11:29:08.548980+00:00
url_candidate,Al Jazeera,https://www.aljazeera.com/sitemap.xml,https://www.aljazeera.com/sitemap.xml?yyyy=2003&mm=04&dd=26,,,,,,,,out_of_range,,al_jazeera,1.0,https://www.aljazeera.com/news/2003/4/26/five-killed-in-raid-on-kashmir-radio-station,2003-04-26,2003-04-26,10.0,url_has_date|high_conf_pattern|article_section_token,"^https?://www\.aljazeera\.com/.+/\d{4}/\d{1,2}/\d{1,2}/.+",False,candidate,2026-06-05 11:29:08.549965+00:00
url_candidate,Al Jazeera,https://www.aljazeera.com/sitemap.xml,https://www.aljazeera.com/sitemap.xml?yyyy=2003&mm=04&dd=26,,,,,,,,out_of_range,,al_jazeera,1.0,https://www.aljazeera.com/news/2003/4/26/afghanistan-wants-pakistan-action-on-taliban-abdullah,2003-04-26,2003-04-26,10.0,url_has_date|high_conf_pattern|article_section_token,"^https?://www\.aljazeera\.com/.+/\d{4}/\d{1,2}/\d{1,2}/.+",False,candidate,2026-06-05 11:29:08.550908+00:00
sitemap_fetch,Al Jazeera,https://www.aljazeera.com/sitemap.xml,https://www.aljazeera.com/sitemap.xml?yyyy=2003&mm=04&dd=27,1.0,True,200.0,urlset,14.0,True,2.0,,,,,,,,,,,,,
url_candidate,Al Jazeera,https://www.aljazeera.com/sitemap.xml,https://www.aljazeera.com/sitemap.xml?yyyy=2003&mm=04&dd=27,,,,,,,,out_of_range,,al_jazeera,1.0,https://www.aljazeera.com/news/2003/4/27/pakistans-national-oil-company-to-be-privatised,2003-04-27,2003-04-27,10.0,url_has_date|high_conf_pattern|article_section_token,"^https?://www\.aljazeera\.com/.+/\d{4}/\d{1,2}/\d{1,2}/.+",False,candidate,2026-06-05 11:29:10.346602+00:00
url_candidate,Al Jazeera,https://www.aljazeera.com/sitemap.xml,https://www.aljazeera.com/sitemap.xml?yyyy=2003&mm=04&dd=27,,,,,,,,out_of_range,,al_jazeera,1.0,https://www.aljazeera.com/news/2003/4/27/jakarta-suffers-another-bombing,2003-04-27,2003-04-27,10.0,url_has_date|high_conf_pattern|article_section_token,"^https?://www\.aljazeera\.com/.+/\d{4}/\d{1,2}/\d{1,2}/.+",False,candidate,2026-06-05 11:29:10.349224+00:00
url_candidate,Al Jazeera,https://www.aljazeera.com/sitemap.xml,https://www.aljazeera.com/sitemap.xml?yyyy=2003&mm=04&dd=27,,,,,,,,candidate_score_below_threshold,,al_jazeera,1.0,https://www.aljazeera.com/wp-content/uploads/2003/04/15272afghan2in.jpeg,,2020-09-21,0.0,,,False,candidate,2026-06-05 11:29:10.351495+00:00
url_candidate,Al Jazeera,https://www.aljazeera.com/sitemap.xml,https://www.aljazeera.com/sitemap.xml?yyyy=2003&mm=04&dd=27,,,,,,,,candidate_score_below_threshold,,al_jazeera,1.0,https://www.aljazeera.com/wp-content/uploads/2003/04/15222umkalthoummainone.jpeg,,2020-09-21,0.0,,,False,candidate,2026-06-05 11:29:10.353068+00:00
url_candidate,Al Jazeera,https://www.aljazeera.com/sitemap.xml,https://www.aljazeera.com/sitemap.xml?yyyy=2003&mm=04&dd=27,,,,,,,,out_of_range,,al_jazeera,1.0,https://www.aljazeera.com/news/2003/4/27/winners-and-losers-in-iraqs-reconstruction,2003-04-27,2003-04-27,10.0,url_has_date|high_conf_pattern|article_section_token,"^https?://www\.aljazeera\.com/.+/\d{4}/\d{1,2}/\d{1,2}/.+",False,candidate,2026-06-05 11:29:10.354741+00:00
url_candidate,Al Jazeera,https://www.aljazeera.com/sitemap.xml,https://www.aljazeera.com/sitemap.xml?yyyy=2003&mm=04&dd=27,,,,,,,,out_of_range,,al_jazeera,1.0,https://www.aljazeera.com/news/2003/4/27/us-honeymoon-may-be-brief,2003-04-27,2003-04-27,10.0,url_has_date|high_conf_pattern|article_section_token,"^https?://www\.aljazeera\.com/.+/\d{4}/\d{1,2}/\d{1,2}/.+",False,candidate,2026-06-05 11:29:10.356293+00:00
url_candidate,Al Jazeera,https://www.aljazeera.com/sitemap.xml,https://www.aljazeera.com/sitemap.xml?yyyy=2003&mm=04&dd=27,,,,,,,,out_of_range,,al_jazeera,1.0,https://www.aljazeera.com/news/2003/4/27/imf-to-participate-in-jordans-elections,2003-04-27,2003-04-27,10.0,url_has_date|high_conf_pattern|article_section_token,"^https?://www\.aljazeera\.com/.+/\d{4}/\d{1,2}/\d{1,2}/.+",False,candidate,2026-06-05 11:29:10.357474+00:00
url_candidate,Al Jazeera,https://www.aljazeera.com/sitemap.xml,https://www.aljazeera.com/sitemap.xml?yyyy=2003&mm=04&dd=27,,,,,,,,out_of_range,,al_jazeera,1.0,https://www.aljazeera.com/news/2003/4/27/human-bomb-threats-against-us-forces,2003-04-27,2003-04-27,10.0,url_has_date|high_conf_pattern|article_section_token,"^https?://www\.aljazeera\.com/.+/\d{4}/\d{1,2}/\d{1,2}/.+",False,candidate,2026-06-05 11:29:10.358665+00:00
url_candidate,Al Jazeera,https://www.aljazeera.com/sitemap.xml,https://www.aljazeera.com/sitemap.xml?yyyy=2003&mm=04&dd=27,,,,,,,,out_of_range,,al_jazeera,1.0,https://www.aljazeera.com/news/2003/4/27/unilateralism-has-trumped-diplomacy-in-us-policy,2003-04-27,2003-04-27,10.0,url_has_date|high_conf_pattern|article_section_token,"^https?://www\.aljazeera\.com/.+/\d{4}/\d{1,2}/\d{1,2}/.+",False,candidate,2026-06-05 11:29:10.359852+00:00
url_candidate,Al Jazeera,https://www.aljazeera.com/sitemap.xml,https://www.aljazeera.com/sitemap.xml?yyyy=2003&mm=04&dd=27,,,,,,,,out_of_range,,al_jazeera,1.0,https://www.aljazeera.com/news/2003/4/27/asian-travel-industry-grounded-by-sars,2003-04-27,2003-04-27,10.0,url_has_date|high_conf_pattern|article_section_token,"^https?://www\.aljazeera\.com/.+/\d{4}/\d{1,2}/\d{1,2}/.+",False,candidate,2026-06-05 11:29:10.361029+00:00
url_candidate,Al Jazeera,https://www.aljazeera.com/sitemap.xml,https://www.aljazeera.com/sitemap.xml?yyyy=2003&mm=04&dd=27,,,,,,,,out_of_range,,al_jazeera,1.0,https://www.aljazeera.com/news/2003/4/27/palestine-lies-at-heart-of-israel-dispute,2003-04-27,2003-04-27,10.0,url_has_date|high_conf_pattern|article_section_token,"^https?://www\.aljazeera\.com/.+/\d{4}/\d{1,2}/\d{1,2}/.+",False,candidate,2026-06-05 11:29:10.361995+00:00
url_candidate,Al Jazeera,https://www.aljazeera.com/sitemap.xml,https://www.aljazeera.com/sitemap.xml?yyyy=2003&mm=04&dd=27,,,,,,,,out_of_range,,al_jazeera,1.0,https://www.aljazeera.com/news/2003/4/27/rumsfeld-begins-tour-of-the-gulf,2003-04-27,2003-04-27,10.0,url_has_date|high_conf_pattern|article_section_token,"^https?://www\.aljazeera\.com/.+/\d{4}/\d{1,2}/\d{1,2}/.+",False,candidate,2026-06-05 11:29:10.362934+00:00
url_candidate,Al Jazeera,https://www.aljazeera.com/sitemap.xml,https://www.aljazeera.com/sitemap.xml?yyyy=2003&mm=04&dd=27,,,,,,,,candidate_score_below_threshold,,al_jazeera,1.0,https://www.aljazeera.com/wp-content/uploads/2003/04/16086usflag.jpeg,,2020-09-21,0.0,,,False,candidate,2026-06-05 11:29:10.363852+00:00
url_candidate,Al Jazeera,https://www.aljazeera.com/sitemap.xml,https://www.aljazeera.com/sitemap.xml?yyyy=2003&mm=04&dd=27,,,,,,,,candidate_score_below_threshold,,al_jazeera,1.0,https://www.aljazeera.com/wp-content/uploads/2003/04/protestbush.jpeg,,2020-09-21,0.0,,,False,candidate,2026-06-05 11:29:10.364772+00:00
sitemap_fetch,Al Jazeera,https://www.aljazeera.com/sitemap.xml,https://www.aljazeera.com/sitemap.xml?yyyy=2003&mm=04&dd=28,1.0,True,200.0,urlset,5.0,True,2.0,,,,,,,,,,,,,
url_candidate,Al Jazeera,https://www.aljazeera.com/sitemap.xml,https://www.aljazeera.com/sitemap.xml?yyyy=2003&mm=04&dd=28,,,,,,,,out_of_range,,al_jazeera,1.0,https://www.aljazeera.com/news/2003/4/28/nepal-and-maoists-seek-peaceful-solution,2003-04-28,2003-04-28,10.0,url_has_date|high_conf_pattern|article_section_token,"^https?://www\.aljazeera\.com/.+/\d{4}/\d{1,2}/\d{1,2}/.+",False,candidate,2026-06-05 11:29:11.615389+00:00
url_candidate,Al Jazeera,https://www.aljazeera.com/sitemap.xml,https://www.aljazeera.com/sitemap.xml?yyyy=2003&mm=04&dd=28,,,,,,,,out_of_range,,al_jazeera,1.0,https://www.aljazeera.com/news/2003/4/28/when-the-pipeline-vision-vanished,2003-04-28,2003-04-28,10.0,url_has_date|high_conf_pattern|article_section_token,"^https?://www\.aljazeera\.com/.+/\d{4}/\d{1,2}/\d{1,2}/.+",False,candidate,2026-06-05 11:29:11.617090+00:00
url_candidate,Al Jazeera,https://www.aljazeera.com/sitemap.xml,https://www.aljazeera.com/sitemap.xml?yyyy=2003&mm=04&dd=28,,,,,,,,candidate_score_below_threshold,,al_jazeera,1.0,https://www.aljazeera.com/wp-content/uploads/2003/04/tariqaziz.jpeg,,2020-09-21,0.0,,,False,candidate,2026-06-05 11:29:11.618674+00:00
url_candidate,Al Jazeera,https://www.aljazeera.com/sitemap.xml,https://www.aljazeera.com/sitemap.xml?yyyy=2003&mm=04&dd=28,,,,,,,,out_of_range,,al_jazeera,1.0,https://www.aljazeera.com/news/2003/4/28/indonesia-wants-to-talk-to-aceh-fighters,2003-04-28,2003-04-28,10.0,url_has_date|high_conf_pattern|article_section_token,"^https?://www\.aljazeera\.com/.+/\d{4}/\d{1,2}/\d{1,2}/.+",False,candidate,2026-06-05 11:29:11.620273+00:00
url_candidate,Al Jazeera,https://www.aljazeera.com/sitemap.xml,https://www.aljazeera.com/sitemap.xml?yyyy=2003&mm=04&dd=28,,,,,,,,out_of_range,,al_jazeera,1.0,https://www.aljazeera.com/news/2003/4/28/ruling-party-leads-in-yemeni-elections,2003-04-28,2003-04-28,10.0,url_has_date|high_conf_pattern|article_section_token,"^https?://www\.aljazeera\.com/.+/\d{4}/\d{1,2}/\d{1,2}/.+",False,candidate,2026-06-05 11:29:11.621870+00:00
sitemap_fetch,Al Jazeera,https://www.aljazeera.com/sitemap.xml,https://www.aljazeera.com/sitemap.xml?yyyy=2003&mm=04&dd=29,1.0,True,200.0,urlset,8.0,True,2.0,,,,,,,,,,,,,
url_candidate,Al Jazeera,https://www.aljazeera.com/sitemap.xml,https://www.aljazeera.com/sitemap.xml?yyyy=2003&mm=04&dd=29,,,,,,,,out_of_range,,al_jazeera,1.0,https://www.aljazeera.com/news/2003/4/29/seven-us-soldiers-injured-in-falluja-attack,2003-04-29,2003-04-29,10.0,url_has_date|high_conf_pattern|article_section_token,"^https?://www\.aljazeera\.com/.+/\d{4}/\d{1,2}/\d{1,2}/.+",False,candidate,2026-06-05 11:29:12.282819+00:00
url_candidate,Al Jazeera,https://www.aljazeera.com/sitemap.xml,https://www.aljazeera.com/sitemap.xml?yyyy=2003&mm=04&dd=29,,,,,,,,out_of_range,,al_jazeera,1.0,https://www.aljazeera.com/news/2003/4/29/arab-economies-of-us-national-interest,2003-04-29,2003-04-29,10.0,url_has_date|high_conf_pattern|article_section_token,"^https?://www\.aljazeera\.com/.+/\d{4}/\d{1,2}/\d{1,2}/.+",False,candidate,2026-06-05 11:29:12.283607+00:00
url_candidate,Al Jazeera,https://www.aljazeera.com/sitemap.xml,https://www.aljazeera.com/sitemap.xml?yyyy=2003&mm=04&dd=29,,,,,,,,out_of_range,,al_jazeera,1.0,https://www.aljazeera.com/news/2003/4/29/sahaf-offered-tv-post,2003-04-29,2003-04-29,10.0,url_has_date|high_conf_pattern|article_section_token,"^https?://www\.aljazeera\.com/.+/\d{4}/\d{1,2}/\d{1,2}/.+",False,candidate,2026-06-05 11:29:12.284347+00:00
url_candidate,Al Jazeera,https://www.aljazeera.com/sitemap.xml,https://www.aljazeera.com/sitemap.xml?yyyy=2003&mm=04&dd=29,,,,,,,,out_of_range,,al_jazeera,1.0,https://www.aljazeera.com/news/2003/4/29/oil-stunts-middle-east-economies,2003-04-29,2003-04-29,10.0,url_has_date|high_conf_pattern|article_section_token,"^https?://www\.aljazeera\.com/.+/\d{4}/\d{1,2}/\d{1,2}/.+",False,candidate,2026-06-05 11:29:12.285108+00:00
url_candidate,Al Jazeera,https://www.aljazeera.com/sitemap.xml,https://www.aljazeera.com/sitemap.xml?yyyy=2003&mm=04&dd=29,,,,,,,,out_of_range,,al_jazeera,1.0,https://www.aljazeera.com/news/2003/4/29/the-lesson-from-lebanon,2003-04-29,2003-04-29,10.0,url_has_date|high_conf_pattern|article_section_token,"^https?://www\.aljazeera\.com/.+/\d{4}/\d{1,2}/\d{1,2}/.+",False,candidate,2026-06-05 11:29:12.285833+00:00
url_candidate,Al Jazeera,https://www.aljazeera.com/sitemap.xml,https://www.aljazeera.com/sitemap.xml?yyyy=2003&mm=04&dd=29,,,,,,,,out_of_range,,al_jazeera,1.0,https://www.aljazeera.com/news/2003/4/29/oil-as-a-weapon-of-power,2003-04-29,2003-04-29,10.0,url_has_date|high_conf_pattern|article_section_token,"^https?://www\.aljazeera\.com/.+/\d{4}/\d{1,2}/\d{1,2}/.+",False,candidate,2026-06-05 11:29:12.286541+00:00
url_candidate,Al Jazeera,https://www.aljazeera.com/sitemap.xml,https://www.aljazeera.com/sitemap.xml?yyyy=2003&mm=04&dd=29,,,,,,,,out_of_range,,al_jazeera,1.0,https://www.aljazeera.com/news/2003/4/29/water-crisis-but-not-as-we-know-it,2003-04-29,2003-04-29,10.0,url_has_date|high_conf_pattern|article_section_token,"^https?://www\.aljazeera\.com/.+/\d{4}/\d{1,2}/\d{1,2}/.+",False,candidate,2026-06-05 11:29:12.287296+00:00
url_candidate,Al Jazeera,https://www.aljazeera.com/sitemap.xml,https://www.aljazeera.com/sitemap.xml?yyyy=2003&mm=04&dd=29,,,,,,,,out_of_range,,al_jazeera,1.0,https://www.aljazeera.com/news/2003/4/29/qatar-approves-draft-constitution,2003-04-29,2003-04-29,10.0,url_has_date|high_conf_pattern|article_section_token,"^https?://www\.aljazeera\.com/.+/\d{4}/\d{1,2}/\d{1,2}/.+",False,candidate,2026-06-05 11:29:12.287991+00:00
sitemap_fetch,Al Jazeera,https://www.aljazeera.com/sitemap.xml,https://www.aljazeera.com/sitemap.xml?yyyy=2003&mm=04&dd=30,1.0,True,200.0,urlset,3.0,True,2.0,,,,,,,,,,,,,
url_candidate,Al Jazeera,https://www.aljazeera.com/sitemap.xml,https://www.aljazeera.com/sitemap.xml?yyyy=2003&mm=04&dd=30,,,,,,,,out_of_range,,al_jazeera,1.0,https://www.aljazeera.com/news/2003/4/30/washingtons-hope-for-palestine,2003-04-30,2003-04-30,10.0,url_has_date|high_conf_pattern|article_section_token,"^https?://www\.aljazeera\.com/.+/\d{4}/\d{1,2}/\d{1,2}/.+",False,candidate,2026-06-05 11:29:14.122673+00:00
url_candidate,Al Jazeera,https://www.aljazeera.com/sitemap.xml,https://www.aljazeera.com/sitemap.xml?yyyy=2003&mm=04&dd=30,,,,,,,,out_of_range,,al_jazeera,1.0,https://www.aljazeera.com/news/2003/4/30/hamas-rejects-roadmap-plan,2003-04-30,2003-04-30,10.0,url_has_date|high_conf_pattern|article_section_token,"^https?://www\.aljazeera\.com/.+/\d{4}/\d{1,2}/\d{1,2}/.+",False,candidate,2026-06-05 11:29:14.123341+00:00
url_candidate,Al Jazeera,https://www.aljazeera.com/sitemap.xml,https://www.aljazeera.com/sitemap.xml?yyyy=2003&mm=04&dd=30,,,,,,,,out_of_range,,al_jazeera,1.0,https://www.aljazeera.com/news/2003/4/30/middle-east-airports-on-sars-alert,2003-04-30,2003-04-30,10.0,url_has_date|high_conf_pattern|article_section_token,"^https?://www\.aljazeera\.com/.+/\d{4}/\d{1,2}/\d{1,2}/.+",False,candidate,2026-06-05 11:29:14.123955+00:00
sitemap_fetch,Al Jazeera,https://www.aljazeera.com/sitemap.xml,https://www.aljazeera.com/sitemap.xml?yyyy=2003&mm=05&dd=01,1.0,True,200.0,urlset,6.0,True,2.0,,,,,,,,,,,,,
url_candidate,Al Jazeera,https://www.aljazeera.com/sitemap.xml,https://www.aljazeera.com/sitemap.xml?yyyy=2003&mm=05&dd=01,,,,,,,,out_of_range,,al_jazeera,1.0,https://www.aljazeera.com/news/2003/5/1/us-designates-more-kashmir-groups-as-terrorist,2003-05-01,2003-05-01,10.0,url_has_date|high_conf_pattern|article_section_token,"^https?://www\.aljazeera\.com/.+/\d{4}/\d{1,2}/\d{1,2}/.+",False,candidate,2026-06-05 11:29:15.436765+00:00
url_candidate,Al Jazeera,https://www.aljazeera.com/sitemap.xml,https://www.aljazeera.com/sitemap.xml?yyyy=2003&mm=05&dd=01,,,,,,,,out_of_range,,al_jazeera,1.0,https://www.aljazeera.com/news/2003/5/1/blair-puts-off-n-ireland-elections,2003-05-01,2003-05-01,10.0,url_has_date|high_conf_pattern|article_section_token,"^https?://www\.aljazeera\.com/.+/\d{4}/\d{1,2}/\d{1,2}/.+",False,candidate,2026-06-05 11:29:15.438559+00:00
url_candidate,Al Jazeera,https://www.aljazeera.com/sitemap.xml,https://www.aljazeera.com/sitemap.xml?yyyy=2003&mm=05&dd=01,,,,,,,,out_of_range,,al_jazeera,1.0,https://www.aljazeera.com/news/2003/5/1/amman-airport-blast-leaves-one-dead,2003-05-01,2003-05-01,10.0,url_has_date|high_conf_pattern|article_section_token,"^https?://www\.aljazeera\.com/.+/\d{4}/\d{1,2}/\d{1,2}/.+",False,candidate,2026-06-05 11:29:15.440239+00:00
url_candidate,Al Jazeera,https://www.aljazeera.com/sitemap.xml,https://www.aljazeera.com/sitemap.xml?yyyy=2003&mm=05&dd=01,,,,,,,,out_of_range,,al_jazeera,1.0,https://www.aljazeera.com/news/2003/5/1/policemen-charged-with-murdering-palestinian,2003-05-01,2003-05-01,10.0,url_has_date|high_conf_pattern|article_section_token,"^https?://www\.aljazeera\.com/.+/\d{4}/\d{1,2}/\d{1,2}/.+",False,candidate,2026-06-05 11:29:15.441842+00:00
url_candidate,Al Jazeera,https://www.aljazeera.com/sitemap.xml,https://www.aljazeera.com/sitemap.xml?yyyy=2003&mm=05&dd=01,,,,,,,,candidate_score_below_threshold,,al_jazeera,1.0,https://www.aljazeera.com/wp-content/uploads/2003/05/16610looter190two.jpeg,,2020-09-21,0.0,,,False,candidate,2026-06-05 11:29:15.443089+00:00
url_candidate,Al Jazeera,https://www.aljazeera.com/sitemap.xml,https://www.aljazeera.com/sitemap.xml?yyyy=2003&mm=05&dd=01,,,,,,,,out_of_range,,al_jazeera,1.0,https://www.aljazeera.com/news/2003/5/1/time-to-go-home,2003-05-01,2003-05-01,10.0,url_has_date|high_conf_pattern|article_section_token,"^https?://www\.aljazeera\.com/.+/\d{4}/\d{1,2}/\d{1,2}/.+",False,candidate,2026-06-05 11:29:15.444265+00:00
sitemap_fetch,Al Jazeera,https://www.aljazeera.com/sitemap.xml,https://www.aljazeera.com/sitemap.xml?yyyy=2003&mm=05&dd=02,1.0,True,200.0,urlset,13.0,True,2.0,,,,,,,,,,,,,
url_candidate,Al Jazeera,https://www.aljazeera.com/sitemap.xml,https://www.aljazeera.com/sitemap.xml?yyyy=2003&mm=05&dd=02,,,,,,,,out_of_range,,al_jazeera,1.0,https://www.aljazeera.com/news/2003/5/2/india-to-restore-ties-with-pakistan,2003-05-02,2003-05-02,10.0,url_has_date|high_conf_pattern|article_section_token,"^https?://www\.aljazeera\.com/.+/\d{4}/\d{1,2}/\d{1,2}/.+",False,candidate,2026-06-05 11:29:16.632361+00:00
url_candidate,Al Jazeera,https://www.aljazeera.com/sitemap.xml,https://www.aljazeera.com/sitemap.xml?yyyy=2003&mm=05&dd=02,,,,,,,,out_of_range,,al_jazeera,1.0,https://www.aljazeera.com/news/2003/5/2/70-die-in-chinese-submarine-accident,2003-05-02,2003-05-02,10.0,url_has_date|high_conf_pattern|article_section_token,"^https?://www\.aljazeera\.com/.+/\d{4}/\d{1,2}/\d{1,2}/.+",False,candidate,2026-06-05 11:29:16.632921+00:00
url_candidate,Al Jazeera,https://www.aljazeera.com/sitemap.xml,https://www.aljazeera.com/sitemap.xml?yyyy=2003&mm=05&dd=02,,,,,,,,out_of_range,,al_jazeera,1.0,https://www.aljazeera.com/news/2003/5/2/eu-seeks-cross-atlantic-rapprochement,2003-05-02,2003-05-02,10.0,url_has_date|high_conf_pattern|article_section_token,"^https?://www\.aljazeera\.com/.+/\d{4}/\d{1,2}/\d{1,2}/.+",False,candidate,2026-06-05 11:29:16.633464+00:00
url_candidate,Al Jazeera,https://www.aljazeera.com/sitemap.xml,https://www.aljazeera.com/sitemap.xml?yyyy=2003&mm=05&dd=02,,,,,,,,out_of_range,,al_jazeera,1.0,https://www.aljazeera.com/news/2003/5/2/us-orders-syria-to-dismantle-hizbullah,2003-05-02,2003-05-02,10.0,url_has_date|high_conf_pattern|article_section_token,"^https?://www\.aljazeera\.com/.+/\d{4}/\d{1,2}/\d{1,2}/.+",False,candidate,2026-06-05 11:29:16.634016+00:00
url_candidate,Al Jazeera,https://www.aljazeera.com/sitemap.xml,https://www.aljazeera.com/sitemap.xml?yyyy=2003&mm=05&dd=02,,,,,,,,out_of_range,,al_jazeera,1.0,https://www.aljazeera.com/news/2003/5/2/hostages-to-leave-nigerian-rigs,2003-05-02,2003-05-02,10.0,url_has_date|high_conf_pattern|article_section_token,"^https?://www\.aljazeera\.com/.+/\d{4}/\d{1,2}/\d{1,2}/.+",False,candidate,2026-06-05 11:29:16.634560+00:00
url_candidate,Al Jazeera,https://www.aljazeera.com/sitemap.xml,https://www.aljazeera.com/sitemap.xml?yyyy=2003&mm=05&dd=02,,,,,,,,out_of_range,,al_jazeera,1.0,https://www.aljazeera.com/news/2003/5/2/three-more-senior-iraqis-arrested,2003-05-02,2003-05-02,10.0,url_has_date|high_conf_pattern|article_section_token,"^https?://www\.aljazeera\.com/.+/\d{4}/\d{1,2}/\d{1,2}/.+",False,candidate,2026-06-05 11:29:16.635100+00:00
url_candidate,Al Jazeera,https://www.aljazeera.com/sitemap.xml,https://www.aljazeera.com/sitemap.xml?yyyy=2003&mm=05&dd=02,,,,,,,,out_of_range,,al_jazeera,1.0,https://www.aljazeera.com/news/2003/5/2/israel-may-expel-foreign-peace-activists,2003-05-02,2003-05-02,10.0,url_has_date|high_conf_pattern|article_section_token,"^https?://www\.aljazeera\.com/.+/\d{4}/\d{1,2}/\d{1,2}/.+",False,candidate,2026-06-05 11:29:16.635645+00:00
url_candidate,Al Jazeera,https://www.aljazeera.com/sitemap.xml,https://www.aljazeera.com/sitemap.xml?yyyy=2003&mm=05&dd=02,,,,,,,,out_of_range,,al_jazeera,1.0,https://www.aljazeera.com/news/2003/5/2/iraq-police-arrest-two-over-najaf-death,2003-05-02,2003-05-02,10.0,url_has_date|high_conf_pattern|article_section_token,"^https?://www\.aljazeera\.com/.+/\d{4}/\d{1,2}/\d{1,2}/.+",False,candidate,2026-06-05 11:29:16.636183+00:00
url_candidate,Al Jazeera,https://www.aljazeera.com/sitemap.xml,https://www.aljazeera.com/sitemap.xml?yyyy=2003&mm=05&dd=02,,,,,,,,out_of_range,,al_jazeera,1.0,https://www.aljazeera.com/news/2003/5/2/civilians-flee-tribal-fighting-in-congo,2003-05-02,2003-05-02,10.0,url_has_date|high_conf_pattern|article_section_token,"^https?://www\.aljazeera\.com/.+/\d{4}/\d{1,2}/\d{1,2}/.+",False,candidate,2026-06-05 11:29:16.636760+00:00
url_candidate,Al Jazeera,https://www.aljazeera.com/sitemap.xml,https://www.aljazeera.com/sitemap.xml?yyyy=2003&mm=05&dd=02,,,,,,,,out_of_range,,al_jazeera,1.0,https://www.aljazeera.com/news/2003/5/2/us-issues-new-aviation-alerts,2003-05-02,2003-05-02,10.0,url_has_date|high_conf_pattern|article_section_token,"^https?://www\.aljazeera\.com/.+/\d{4}/\d{1,2}/\d{1,2}/.+",False,candidate,2026-06-05 11:29:16.637303+00:00
url_candidate,Al Jazeera,https://www.aljazeera.com/sitemap.xml,https://www.aljazeera.com/sitemap.xml?yyyy=2003&mm=05&dd=02,,,,,,,,out_of_range,,al_jazeera,1.0,https://www.aljazeera.com/news/2003/5/2/iranian-cleric-calls-on-iraqis-to-rise-up,2003-05-02,2003-05-02,10.0,url_has_date|high_conf_pattern|article_section_token,"^https?://www\.aljazeera\.com/.+/\d{4}/\d{1,2}/\d{1,2}/.+",False,candidate,2026-06-05 11:29:16.637919+00:00
url_candidate,Al Jazeera,https://www.aljazeera.com/sitemap.xml,https://www.aljazeera.com/sitemap.xml?yyyy=2003&mm=05&dd=02,,,,,,,,out_of_range,,al_jazeera,1.0,https://www.aljazeera.com/news/2003/5/2/videotape-confirms-saddam-hussein-alive,2003-05-02,2003-05-02,10.0,url_has_date|high_conf_pattern|article_section_token,"^https?://www\.aljazeera\.com/.+/\d{4}/\d{1,2}/\d{1,2}/.+",False,candidate,2026-06-05 11:29:16.638504+00:00
url_candidate,Al Jazeera,https://www.aljazeera.com/sitemap.xml,https://www.aljazeera.com/sitemap.xml?yyyy=2003&mm=05&dd=02,,,,,,,,out_of_range,,al_jazeera,1.0,https://www.aljazeera.com/news/2003/5/2/sicily-court-clears-andreotti-of-mafia-ties,2003-05-02,2003-05-02,10.0,url_has_date|high_conf_pattern|article_section_token,"^https?://www\.aljazeera\.com/.+/\d{4}/\d{1,2}/\d{1,2}/.+",False,candidate,2026-06-05 11:29:16.639105+00:00
sitemap_fetch,Al Jazeera,https://www.aljazeera.com/sitemap.xml,https://www.aljazeera.com/sitemap.xml?yyyy=2003&mm=05&dd=03,1.0,True,200.0,urlset,1.0,True,2.0,,,,,,,,,,,,,
url_candidate,Al Jazeera,https://www.aljazeera.com/sitemap.xml,https://www.aljazeera.com/sitemap.xml?yyyy=2003&mm=05&dd=03,,,,,,,,out_of_range,,al_jazeera,1.0,https://www.aljazeera.com/news/2003/5/3/pakistani-intelligence-foil-aerial-attack,2003-05-03,2003-05-03,10.0,url_has_date|high_conf_pattern|article_section_token,"^https?://www\.aljazeera\.com/.+/\d{4}/\d{1,2}/\d{1,2}/.+",False,candidate,2026-06-05 11:29:17.880914+00:00
sitemap_fetch,Al Jazeera,https://www.aljazeera.com/sitemap.xml,https://www.aljazeera.com/sitemap.xml?yyyy=2003&mm=05&dd=04,1.0,True,200.0,urlset,3.0,True,2.0,,,,,,,,,,,,,
url_candidate,Al Jazeera,https://www.aljazeera.com/sitemap.xml,https://www.aljazeera.com/sitemap.xml?yyyy=2003&mm=05&dd=04,,,,,,,,out_of_range,,al_jazeera,1.0,https://www.aljazeera.com/news/2003/5/4/more-killed-in-philippine-clashes,2003-05-04,2003-05-04,10.0,url_has_date|high_conf_pattern|article_section_token,"^https?://www\.aljazeera\.com/.+/\d{4}/\d{1,2}/\d{1,2}/.+",False,candidate,2026-06-05 11:29:19.163990+00:00
url_candidate,Al Jazeera,https://www.aljazeera.com/sitemap.xml,https://www.aljazeera.com/sitemap.xml?yyyy=2003&mm=05&dd=04,,,,,,,,out_of_range,,al_jazeera,1.0,https://www.aljazeera.com/news/2003/5/4/soyuz-brings-three-back-to-earth,2003-05-04,2003-05-04,10.0,url_has_date|high_conf_pattern|article_section_token,"^https?://www\.aljazeera\.com/.+/\d{4}/\d{1,2}/\d{1,2}/.+",False,candidate,2026-06-05 11:29:19.166879+00:00
url_candidate,Al Jazeera,https://www.aljazeera.com/sitemap.xml,https://www.aljazeera.com/sitemap.xml?yyyy=2003&mm=05&dd=04,,,,,,,,out_of_range,,al_jazeera,1.0,https://www.aljazeera.com/news/2003/5/4/a-road-map-to-where,2003-05-04,2003-05-04,10.0,url_has_date|high_conf_pattern|article_section_token,"^https?://www\.aljazeera\.com/.+/\d{4}/\d{1,2}/\d{1,2}/.+",False,candidate,2026-06-05 11:29:19.168600+00:00
sitemap_fetch,Al Jazeera,https://www.aljazeera.com/sitemap.xml,https://www.aljazeera.com/sitemap.xml?yyyy=2003&mm=05&dd=05,1.0,True,200.0,urlset,2.0,True,2.0,,,,,,,,,,,,,
url_candidate,Al Jazeera,https://www.aljazeera.com/sitemap.xml,https://www.aljazeera.com/sitemap.xml?yyyy=2003&mm=05&dd=05,,,,,,,,out_of_range,,al_jazeera,1.0,https://www.aljazeera.com/news/2003/5/5/damascus-us-must-pressure-israel,2003-05-05,2003-05-05,10.0,url_has_date|high_conf_pattern|article_section_token,"^https?://www\.aljazeera\.com/.+/\d{4}/\d{1,2}/\d{1,2}/.+",False,candidate,2026-06-05 11:29:20.411317+00:00
url_candidate,Al Jazeera,https://www.aljazeera.com/sitemap.xml,https://www.aljazeera.com/sitemap.xml?yyyy=2003&mm=05&dd=05,,,,,,,,out_of_range,,al_jazeera,1.0,https://www.aljazeera.com/news/2003/5/5/us-to-test-dirty-bomb-response,2003-05-05,2003-05-05,10.0,url_has_date|high_conf_pattern|article_section_token,"^https?://www\.aljazeera\.com/.+/\d{4}/\d{1,2}/\d{1,2}/.+",False,candidate,2026-06-05 11:29:20.413847+00:00
sitemap_fetch,Al Jazeera,https://www.aljazeera.com/sitemap.xml,https://www.aljazeera.com/sitemap.xml?yyyy=2003&mm=05&dd=11,1.0,True,200.0,urlset,10.0,True,2.0,,,,,,,,,,,,,
url_candidate,Al Jazeera,https://www.aljazeera.com/sitemap.xml,https://www.aljazeera.com/sitemap.xml?yyyy=2003&mm=05&dd=11,,,,,,,,out_of_range,,al_jazeera,1.0,https://www.aljazeera.com/news/2003/5/11/top-us-officials-in-iraq-to-be-replaced,2003-05-11,2003-05-11,10.0,url_has_date|high_conf_pattern|article_section_token,"^https?://www\.aljazeera\.com/.+/\d{4}/\d{1,2}/\d{1,2}/.+",False,candidate,2026-06-05 11:29:21.668181+00:00
url_candidate,Al Jazeera,https://www.aljazeera.com/sitemap.xml,https://www.aljazeera.com/sitemap.xml?yyyy=2003&mm=05&dd=11,,,,,,,,out_of_range,,al_jazeera,1.0,https://www.aljazeera.com/news/2003/5/11/us-and-iran-hold-direct-talks,2003-05-11,2003-05-11,10.0,url_has_date|high_conf_pattern|article_section_token,"^https?://www\.aljazeera\.com/.+/\d{4}/\d{1,2}/\d{1,2}/.+",False,candidate,2026-06-05 11:29:21.670701+00:00
url_candidate,Al Jazeera,https://www.aljazeera.com/sitemap.xml,https://www.aljazeera.com/sitemap.xml?yyyy=2003&mm=05&dd=11,,,,,,,,out_of_range,,al_jazeera,1.0,https://www.aljazeera.com/news/2003/5/11/china-sars-situation-still-grim,2003-05-11,2003-05-11,10.0,url_has_date|high_conf_pattern|article_section_token,"^https?://www\.aljazeera\.com/.+/\d{4}/\d{1,2}/\d{1,2}/.+",False,candidate,2026-06-05 11:29:21.673196+00:00
url_candidate,Al Jazeera,https://www.aljazeera.com/sitemap.xml,https://www.aljazeera.com/sitemap.xml?yyyy=2003&mm=05&dd=11,,,,,,,,out_of_range,,al_jazeera,1.0,https://www.aljazeera.com/news/2003/5/11/saudi-official-deported-from-us,2003-05-11,2003-05-11,10.0,url_has_date|high_conf_pattern|article_section_token,"^https?://www\.aljazeera\.com/.+/\d{4}/\d{1,2}/\d{1,2}/.+",False,candidate,2026-06-05 11:29:21.675657+00:00
url_candidate,Al Jazeera,https://www.aljazeera.com/sitemap.xml,https://www.aljazeera.com/sitemap.xml?yyyy=2003&mm=05&dd=11,,,,,,,,out_of_range,,al_jazeera,1.0,https://www.aljazeera.com/news/2003/5/11/saudi-shia-demand-their-say,2003-05-11,2003-05-11,10.0,url_has_date|high_conf_pattern|article_section_token,"^https?://www\.aljazeera\.com/.+/\d{4}/\d{1,2}/\d{1,2}/.+",False,candidate,2026-06-05 11:29:21.677952+00:00
url_candidate,Al Jazeera,https://www.aljazeera.com/sitemap.xml,https://www.aljazeera.com/sitemap.xml?yyyy=2003&mm=05&dd=11,,,,,,,,out_of_range,,al_jazeera,1.0,https://www.aljazeera.com/news/2003/5/11/south-korean-leader-heads-to-us-for-talks,2003-05-11,2003-05-11,10.0,url_has_date|high_conf_pattern|article_section_token,"^https?://www\.aljazeera\.com/.+/\d{4}/\d{1,2}/\d{1,2}/.+",False,candidate,2026-06-05 11:29:21.679541+00:00
url_candidate,Al Jazeera,https://www.aljazeera.com/sitemap.xml,https://www.aljazeera.com/sitemap.xml?yyyy=2003&mm=05&dd=11,,,,,,,,out_of_range,,al_jazeera,1.0,https://www.aljazeera.com/news/2003/5/11/minority-tribal-militia-captures-key-congo-town,2003-05-11,2003-05-11,10.0,url_has_date|high_conf_pattern|article_section_token,"^https?://www\.aljazeera\.com/.+/\d{4}/\d{1,2}/\d{1,2}/.+",False,candidate,2026-06-05 11:29:21.681153+00:00
url_candidate,Al Jazeera,https://www.aljazeera.com/sitemap.xml,https://www.aljazeera.com/sitemap.xml?yyyy=2003&mm=05&dd=11,,,,,,,,out_of_range,,al_jazeera,1.0,https://www.aljazeera.com/news/2003/5/11/indonesia-ready-for-war-on-aceh-separatists,2003-05-11,2003-05-11,10.0,url_has_date|high_conf_pattern|article_section_token,"^https?://www\.aljazeera\.com/.+/\d{4}/\d{1,2}/\d{1,2}/.+",False,candidate,2026-06-05 11:29:21.682568+00:00
url_candidate,Al Jazeera,https://www.aljazeera.com/sitemap.xml,https://www.aljazeera.com/sitemap.xml?yyyy=2003&mm=05&dd=11,,,,,,,,out_of_range,,al_jazeera,1.0,https://www.aljazeera.com/news/2003/5/11/kuwaiti-on-trial-for-killing-us-citizen,2003-05-11,2003-05-11,10.0,url_has_date|high_conf_pattern|article_section_token,"^https?://www\.aljazeera\.com/.+/\d{4}/\d{1,2}/\d{1,2}/.+",False,candidate,2026-06-05 11:29:21.683740+00:00
url_candidate,Al Jazeera,https://www.aljazeera.com/sitemap.xml,https://www.aljazeera.com/sitemap.xml?yyyy=2003&mm=05&dd=11,,,,,,,,out_of_range,,al_jazeera,1.0,https://www.aljazeera.com/news/2003/5/11/destroy-us-military-saudi-opposition,2003-05-11,2003-05-11,10.0,url_has_date|high_conf_pattern|article_section_token,"^https?://www\.aljazeera\.com/.+/\d{4}/\d{1,2}/\d{1,2}/.+",False,candidate,2026-06-05 11:29:21.684928+00:00
sitemap_fetch,Al Jazeera,https://www.aljazeera.com/sitemap.xml,https://www.aljazeera.com/sitemap.xml?yyyy=2003&mm=05&dd=12,1.0,True,200.0,urlset,9.0,True,2.0,,,,,,,,,,,,,
url_candidate,Al Jazeera,https://www.aljazeera.com/sitemap.xml,https://www.aljazeera.com/sitemap.xml?yyyy=2003&mm=05&dd=12,,,,,,,,out_of_range,,al_jazeera,1.0,https://www.aljazeera.com/news/2003/5/12/montenegro-get-s-new-president,2003-05-12,2003-05-12,10.0,url_has_date|high_conf_pattern|article_section_token,"^https?://www\.aljazeera\.com/.+/\d{4}/\d{1,2}/\d{1,2}/.+",False,candidate,2026-06-05 11:29:22.928078+00:00
url_candidate,Al Jazeera,https://www.aljazeera.com/sitemap.xml,https://www.aljazeera.com/sitemap.xml?yyyy=2003&mm=05&dd=12,,,,,,,,out_of_range,,al_jazeera,1.0,https://www.aljazeera.com/news/2003/5/12/denktash-greek-cypriots-could-claim-homes,2003-05-12,2003-05-12,10.0,url_has_date|high_conf_pattern|article_section_token,"^https?://www\.aljazeera\.com/.+/\d{4}/\d{1,2}/\d{1,2}/.+",False,candidate,2026-06-05 11:29:22.928775+00:00
url_candidate,Al Jazeera,https://www.aljazeera.com/sitemap.xml,https://www.aljazeera.com/sitemap.xml?yyyy=2003&mm=05&dd=12,,,,,,,,out_of_range,,al_jazeera,1.0,https://www.aljazeera.com/news/2003/5/12/us-troops-free-self-styled-baghdad-mayor,2003-05-12,2003-05-12,10.0,url_has_date|high_conf_pattern|article_section_token,"^https?://www\.aljazeera\.com/.+/\d{4}/\d{1,2}/\d{1,2}/.+",False,candidate,2026-06-05 11:29:22.929592+00:00
url_candidate,Al Jazeera,https://www.aljazeera.com/sitemap.xml,https://www.aljazeera.com/sitemap.xml?yyyy=2003&mm=05&dd=12,,,,,,,,out_of_range,,al_jazeera,1.0,https://www.aljazeera.com/news/2003/5/12/what-will-khatami-carry-to-beirut,2003-05-12,2003-05-12,10.0,url_has_date|high_conf_pattern|article_section_token,"^https?://www\.aljazeera\.com/.+/\d{4}/\d{1,2}/\d{1,2}/.+",False,candidate,2026-06-05 11:29:22.930286+00:00
url_candidate,Al Jazeera,https://www.aljazeera.com/sitemap.xml,https://www.aljazeera.com/sitemap.xml?yyyy=2003&mm=05&dd=12,,,,,,,,out_of_range,,al_jazeera,1.0,https://www.aljazeera.com/news/2003/5/12/uk-terror-suspects-to-be-held-longer,2003-05-12,2003-05-12,10.0,url_has_date|high_conf_pattern|article_section_token,"^https?://www\.aljazeera\.com/.+/\d{4}/\d{1,2}/\d{1,2}/.+",False,candidate,2026-06-05 11:29:22.930971+00:00
url_candidate,Al Jazeera,https://www.aljazeera.com/sitemap.xml,https://www.aljazeera.com/sitemap.xml?yyyy=2003&mm=05&dd=12,,,,,,,,out_of_range,,al_jazeera,1.0,https://www.aljazeera.com/news/2003/5/12/israel-goes-back-on-relaxation-pledge,2003-05-12,2003-05-12,10.0,url_has_date|high_conf_pattern|article_section_token,"^https?://www\.aljazeera\.com/.+/\d{4}/\d{1,2}/\d{1,2}/.+",False,candidate,2026-06-05 11:29:22.931627+00:00
url_candidate,Al Jazeera,https://www.aljazeera.com/sitemap.xml,https://www.aljazeera.com/sitemap.xml?yyyy=2003&mm=05&dd=12,,,,,,,,out_of_range,,al_jazeera,1.0,https://www.aljazeera.com/news/2003/5/12/car-bomb-kills-40-in-chechnya,2003-05-12,2003-05-12,10.0,url_has_date|high_conf_pattern|article_section_token,"^https?://www\.aljazeera\.com/.+/\d{4}/\d{1,2}/\d{1,2}/.+",False,candidate,2026-06-05 11:29:22.932274+00:00
url_candidate,Al Jazeera,https://www.aljazeera.com/sitemap.xml,https://www.aljazeera.com/sitemap.xml?yyyy=2003&mm=05&dd=12,,,,,,,,out_of_range,,al_jazeera,1.0,https://www.aljazeera.com/news/2003/5/12/eu-hopes-lithuania-vote-encourages-neighbours,2003-05-12,2003-05-12,10.0,url_has_date|high_conf_pattern|article_section_token,"^https?://www\.aljazeera\.com/.+/\d{4}/\d{1,2}/\d{1,2}/.+",False,candidate,2026-06-05 11:29:22.932917+00:00
url_candidate,Al Jazeera,https://www.aljazeera.com/sitemap.xml,https://www.aljazeera.com/sitemap.xml?yyyy=2003&mm=05&dd=12,,,,,,,,out_of_range,,al_jazeera,1.0,https://www.aljazeera.com/news/2003/5/12/aceh-on-the-brink-of-war,2003-05-12,2003-05-12,10.0,url_has_date|high_conf_pattern|article_section_token,"^https?://www\.aljazeera\.com/.+/\d{4}/\d{1,2}/\d{1,2}/.+",False,candidate,2026-06-05 11:29:22.933552+00:00
sitemap_fetch,Al Jazeera,https://www.aljazeera.com/sitemap.xml,https://www.aljazeera.com/sitemap.xml?yyyy=2003&mm=05&dd=13,1.0,True,200.0,urlset,5.0,True,2.0,,,,,,,,,,,,,
url_candidate,Al Jazeera,https://www.aljazeera.com/sitemap.xml,https://www.aljazeera.com/sitemap.xml?yyyy=2003&mm=05&dd=13,,,,,,,,out_of_range,,al_jazeera,1.0,https://www.aljazeera.com/news/2003/5/13/us-in-secret-talks-with-iran,2003-05-13,2003-05-13,10.0,url_has_date|high_conf_pattern|article_section_token,"^https?://www\.aljazeera\.com/.+/\d{4}/\d{1,2}/\d{1,2}/.+",False,candidate,2026-06-05 11:29:24.129153+00:00
url_candidate,Al Jazeera,https://www.aljazeera.com/sitemap.xml,https://www.aljazeera.com/sitemap.xml?yyyy=2003&mm=05&dd=13,,,,,,,,out_of_range,,al_jazeera,1.0,https://www.aljazeera.com/news/2003/5/13/north-korea-says-nuclear-pact-void,2003-05-13,2003-05-13,10.0,url_has_date|high_conf_pattern|article_section_token,"^https?://www\.aljazeera\.com/.+/\d{4}/\d{1,2}/\d{1,2}/.+",False,candidate,2026-06-05 11:29:24.131712+00:00
url_candidate,Al Jazeera,https://www.aljazeera.com/sitemap.xml,https://www.aljazeera.com/sitemap.xml?yyyy=2003&mm=05&dd=13,,,,,,,,out_of_range,,al_jazeera,1.0,https://www.aljazeera.com/news/2003/5/13/two-isaf-soldiers-shot-in-kabul,2003-05-13,2003-05-13,10.0,url_has_date|high_conf_pattern|article_section_token,"^https?://www\.aljazeera\.com/.+/\d{4}/\d{1,2}/\d{1,2}/.+",False,candidate,2026-06-05 11:29:24.133487+00:00
url_candidate,Al Jazeera,https://www.aljazeera.com/sitemap.xml,https://www.aljazeera.com/sitemap.xml?yyyy=2003&mm=05&dd=13,,,,,,,,out_of_range,,al_jazeera,1.0,https://www.aljazeera.com/news/2003/5/13/body-count-rises-after-saudi-bombing,2003-05-13,2003-05-13,10.0,url_has_date|high_conf_pattern|article_section_token,"^https?://www\.aljazeera\.com/.+/\d{4}/\d{1,2}/\d{1,2}/.+",False,candidate,2026-06-05 11:29:24.135096+00:00
url_candidate,Al Jazeera,https://www.aljazeera.com/sitemap.xml,https://www.aljazeera.com/sitemap.xml?yyyy=2003&mm=05&dd=13,,,,,,,,out_of_range,,al_jazeera,1.0,https://www.aljazeera.com/news/2003/5/13/israel-detains-senior-muslim-leader,2003-05-13,2003-05-13,10.0,url_has_date|high_conf_pattern|article_section_token,"^https?://www\.aljazeera\.com/.+/\d{4}/\d{1,2}/\d{1,2}/.+",False,candidate,2026-06-05 11:29:24.136681+00:00
sitemap_fetch,Al Jazeera,https://www.aljazeera.com/sitemap.xml,https://www.aljazeera.com/sitemap.xml?yyyy=2003&mm=05&dd=14,1.0,True,200.0,urlset,13.0,True,2.0,,,,,,,,,,,,,
url_candidate,Al Jazeera,https://www.aljazeera.com/sitemap.xml,https://www.aljazeera.com/sitemap.xml?yyyy=2003&mm=05&dd=14,,,,,,,,candidate_score_below_threshold,,al_jazeera,1.0,https://www.aljazeera.com/wp-content/uploads/2003/05/mass80.jpeg,,2020-09-21,0.0,,,False,candidate,2026-06-05 11:29:24.782004+00:00
url_candidate,Al Jazeera,https://www.aljazeera.com/sitemap.xml,https://www.aljazeera.com/sitemap.xml?yyyy=2003&mm=05&dd=14,,,,,,,,out_of_range,,al_jazeera,1.0,https://www.aljazeera.com/news/2003/5/14/would-be-bombers-body-found-in-tel-aviv,2003-05-14,2003-05-14,10.0,url_has_date|high_conf_pattern|article_section_token,"^https?://www\.aljazeera\.com/.+/\d{4}/\d{1,2}/\d{1,2}/.+",False,candidate,2026-06-05 11:29:24.784465+00:00
url_candidate,Al Jazeera,https://www.aljazeera.com/sitemap.xml,https://www.aljazeera.com/sitemap.xml?yyyy=2003&mm=05&dd=14,,,,,,,,out_of_range,,al_jazeera,1.0,https://www.aljazeera.com/news/2003/5/14/war-crimes-case-filed-against-franks,2003-05-14,2003-05-14,10.0,url_has_date|high_conf_pattern|article_section_token,"^https?://www\.aljazeera\.com/.+/\d{4}/\d{1,2}/\d{1,2}/.+",False,candidate,2026-06-05 11:29:24.786658+00:00
url_candidate,Al Jazeera,https://www.aljazeera.com/sitemap.xml,https://www.aljazeera.com/sitemap.xml?yyyy=2003&mm=05&dd=14,,,,,,,,out_of_range,,al_jazeera,1.0,https://www.aljazeera.com/news/2003/5/14/americans-shipping-iraqi-oil-via-kuwait,2003-05-14,2003-05-14,10.0,url_has_date|high_conf_pattern|article_section_token,"^https?://www\.aljazeera\.com/.+/\d{4}/\d{1,2}/\d{1,2}/.+",False,candidate,2026-06-05 11:29:24.788831+00:00
url_candidate,Al Jazeera,https://www.aljazeera.com/sitemap.xml,https://www.aljazeera.com/sitemap.xml?yyyy=2003&mm=05&dd=14,,,,,,,,out_of_range,,al_jazeera,1.0,https://www.aljazeera.com/news/2003/5/14/blast-in-yemen-court-injures-judge,2003-05-14,2003-05-14,10.0,url_has_date|high_conf_pattern|article_section_token,"^https?://www\.aljazeera\.com/.+/\d{4}/\d{1,2}/\d{1,2}/.+",False,candidate,2026-06-05 11:29:24.790999+00:00
url_candidate,Al Jazeera,https://www.aljazeera.com/sitemap.xml,https://www.aljazeera.com/sitemap.xml?yyyy=2003&mm=05&dd=14,,,,,,,,out_of_range,,al_jazeera,1.0,https://www.aljazeera.com/news/2003/5/14/algerian-hostage-drama-over-for-some,2003-05-14,2003-05-14,10.0,url_has_date|high_conf_pattern|article_section_token,"^https?://www\.aljazeera\.com/.+/\d{4}/\d{1,2}/\d{1,2}/.+",False,candidate,2026-06-05 11:29:24.792846+00:00
url_candidate,Al Jazeera,https://www.aljazeera.com/sitemap.xml,https://www.aljazeera.com/sitemap.xml?yyyy=2003&mm=05&dd=14,,,,,,,,out_of_range,,al_jazeera,1.0,https://www.aljazeera.com/news/2003/5/14/russia-ratifies-nuclear-arms-treaty,2003-05-14,2003-05-14,10.0,url_has_date|high_conf_pattern|article_section_token,"^https?://www\.aljazeera\.com/.+/\d{4}/\d{1,2}/\d{1,2}/.+",False,candidate,2026-06-05 11:29:24.794318+00:00
url_candidate,Al Jazeera,https://www.aljazeera.com/sitemap.xml,https://www.aljazeera.com/sitemap.xml?yyyy=2003&mm=05&dd=14,,,,,,,,out_of_range,,al_jazeera,1.0,https://www.aljazeera.com/news/2003/5/14/world-leaders-condemn-saudi-bomb-attacks,2003-05-14,2003-05-14,10.0,url_has_date|high_conf_pattern|article_section_token,"^https?://www\.aljazeera\.com/.+/\d{4}/\d{1,2}/\d{1,2}/.+",False,candidate,2026-06-05 11:29:24.795775+00:00
url_candidate,Al Jazeera,https://www.aljazeera.com/sitemap.xml,https://www.aljazeera.com/sitemap.xml?yyyy=2003&mm=05&dd=14,,,,,,,,out_of_range,,al_jazeera,1.0,https://www.aljazeera.com/news/2003/5/14/iraqi-children-killed-in-ordnance-tragedy,2003-05-14,2003-05-14,10.0,url_has_date|high_conf_pattern|article_section_token,"^https?://www\.aljazeera\.com/.+/\d{4}/\d{1,2}/\d{1,2}/.+",False,candidate,2026-06-05 11:29:24.797218+00:00
url_candidate,Al Jazeera,https://www.aljazeera.com/sitemap.xml,https://www.aljazeera.com/sitemap.xml?yyyy=2003&mm=05&dd=14,,,,,,,,out_of_range,,al_jazeera,1.0,https://www.aljazeera.com/news/2003/5/14/germany-faces-eu-fine-for-overspending,2003-05-14,2003-05-14,10.0,url_has_date|high_conf_pattern|article_section_token,"^https?://www\.aljazeera\.com/.+/\d{4}/\d{1,2}/\d{1,2}/.+",False,candidate,2026-06-05 11:29:24.798364+00:00
url_candidate,Al Jazeera,https://www.aljazeera.com/sitemap.xml,https://www.aljazeera.com/sitemap.xml?yyyy=2003&mm=05&dd=14,,,,,,,,out_of_range,,al_jazeera,1.0,https://www.aljazeera.com/news/2003/5/14/israel-cosies-up-to-qatar,2003-05-14,2003-05-14,10.0,url_has_date|high_conf_pattern|article_section_token,"^https?://www\.aljazeera\.com/.+/\d{4}/\d{1,2}/\d{1,2}/.+",False,candidate,2026-06-05 11:29:24.799482+00:00
url_candidate,Al Jazeera,https://www.aljazeera.com/sitemap.xml,https://www.aljazeera.com/sitemap.xml?yyyy=2003&mm=05&dd=14,,,,,,,,out_of_range,,al_jazeera,1.0,https://www.aljazeera.com/news/2003/5/14/israel-kills-four-palestinians,2003-05-14,2003-05-14,10.0,url_has_date|high_conf_pattern|article_section_token,"^https?://www\.aljazeera\.com/.+/\d{4}/\d{1,2}/\d{1,2}/.+",False,candidate,2026-06-05 11:29:24.800606+00:00
url_candidate,Al Jazeera,https://www.aljazeera.com/sitemap.xml,https://www.aljazeera.com/sitemap.xml?yyyy=2003&mm=05&dd=14,,,,,,,,out_of_range,,al_jazeera,1.0,https://www.aljazeera.com/news/2003/5/14/us-will-force-order-in-baghdad,2003-05-14,2003-05-14,10.0,url_has_date|high_conf_pattern|article_section_token,"^https?://www\.aljazeera\.com/.+/\d{4}/\d{1,2}/\d{1,2}/.+",False,candidate,2026-06-05 11:29:24.801734+00:00
sitemap_fetch,Al Jazeera,https://www.aljazeera.com/sitemap.xml,https://www.aljazeera.com/sitemap.xml?yyyy=2003&mm=05&dd=15,1.0,True,200.0,urlset,8.0,True,2.0,,,,,,,,,,,,,
url_candidate,Al Jazeera,https://www.aljazeera.com/sitemap.xml,https://www.aljazeera.com/sitemap.xml?yyyy=2003&mm=05&dd=15,,,,,,,,out_of_range,,al_jazeera,1.0,https://www.aljazeera.com/news/2003/5/15/five-palestinians-killed-in-raids,2003-05-15,2003-05-15,10.0,url_has_date|high_conf_pattern|article_section_token,"^https?://www\.aljazeera\.com/.+/\d{4}/\d{1,2}/\d{1,2}/.+",False,candidate,2026-06-05 11:29:26.116305+00:00
url_candidate,Al Jazeera,https://www.aljazeera.com/sitemap.xml,https://www.aljazeera.com/sitemap.xml?yyyy=2003&mm=05&dd=15,,,,,,,,out_of_range,,al_jazeera,1.0,https://www.aljazeera.com/news/2003/5/15/us-blames-saudi-blast-response,2003-05-15,2003-05-15,10.0,url_has_date|high_conf_pattern|article_section_token,"^https?://www\.aljazeera\.com/.+/\d{4}/\d{1,2}/\d{1,2}/.+",False,candidate,2026-06-05 11:29:26.118840+00:00
url_candidate,Al Jazeera,https://www.aljazeera.com/sitemap.xml,https://www.aljazeera.com/sitemap.xml?yyyy=2003&mm=05&dd=15,,,,,,,,out_of_range,,al_jazeera,1.0,https://www.aljazeera.com/news/2003/5/15/argentina-gets-president-by-default,2003-05-15,2003-05-15,10.0,url_has_date|high_conf_pattern|article_section_token,"^https?://www\.aljazeera\.com/.+/\d{4}/\d{1,2}/\d{1,2}/.+",False,candidate,2026-06-05 11:29:26.121337+00:00
url_candidate,Al Jazeera,https://www.aljazeera.com/sitemap.xml,https://www.aljazeera.com/sitemap.xml?yyyy=2003&mm=05&dd=15,,,,,,,,out_of_range,,al_jazeera,1.0,https://www.aljazeera.com/news/2003/5/15/shell-stations-targeted-in-karachi,2003-05-15,2003-05-15,10.0,url_has_date|high_conf_pattern|article_section_token,"^https?://www\.aljazeera\.com/.+/\d{4}/\d{1,2}/\d{1,2}/.+",False,candidate,2026-06-05 11:29:26.123811+00:00
url_candidate,Al Jazeera,https://www.aljazeera.com/sitemap.xml,https://www.aljazeera.com/sitemap.xml?yyyy=2003&mm=05&dd=15,,,,,,,,out_of_range,,al_jazeera,1.0,https://www.aljazeera.com/news/2003/5/15/eu-doubts-turkey-entry-by-2007,2003-05-15,2003-05-15,10.0,url_has_date|high_conf_pattern|article_section_token,"^https?://www\.aljazeera\.com/.+/\d{4}/\d{1,2}/\d{1,2}/.+",False,candidate,2026-06-05 11:29:26.126305+00:00
url_candidate,Al Jazeera,https://www.aljazeera.com/sitemap.xml,https://www.aljazeera.com/sitemap.xml?yyyy=2003&mm=05&dd=15,,,,,,,,out_of_range,,al_jazeera,1.0,https://www.aljazeera.com/news/2003/5/15/opium-pouring-out-of-karzais-afghanistan,2003-05-15,2003-05-15,10.0,url_has_date|high_conf_pattern|article_section_token,"^https?://www\.aljazeera\.com/.+/\d{4}/\d{1,2}/\d{1,2}/.+",False,candidate,2026-06-05 11:29:26.128299+00:00
url_candidate,Al Jazeera,https://www.aljazeera.com/sitemap.xml,https://www.aljazeera.com/sitemap.xml?yyyy=2003&mm=05&dd=15,,,,,,,,out_of_range,,al_jazeera,1.0,https://www.aljazeera.com/news/2003/5/15/iran-denies-it-has-bio-weapons,2003-05-15,2003-05-15,10.0,url_has_date|high_conf_pattern|article_section_token,"^https?://www\.aljazeera\.com/.+/\d{4}/\d{1,2}/\d{1,2}/.+",False,candidate,2026-06-05 11:29:26.129996+00:00
url_candidate,Al Jazeera,https://www.aljazeera.com/sitemap.xml,https://www.aljazeera.com/sitemap.xml?yyyy=2003&mm=05&dd=15,,,,,,,,out_of_range,,al_jazeera,1.0,https://www.aljazeera.com/news/2003/5/15/un-calls-for-protection-of-mass-graves,2003-05-15,2003-05-15,10.0,url_has_date|high_conf_pattern|article_section_token,"^https?://www\.aljazeera\.com/.+/\d{4}/\d{1,2}/\d{1,2}/.+",False,candidate,2026-06-05 11:29:26.131602+00:00
sitemap_fetch,Al Jazeera,https://www.aljazeera.com/sitemap.xml,https://www.aljazeera.com/sitemap.xml?yyyy=2003&mm=05&dd=16,1.0,True,200.0,urlset,10.0,True,2.0,,,,,,,,,,,,,
url_candidate,Al Jazeera,https://www.aljazeera.com/sitemap.xml,https://www.aljazeera.com/sitemap.xml?yyyy=2003&mm=05&dd=16,,,,,,,,out_of_range,,al_jazeera,1.0,https://www.aljazeera.com/news/2003/5/16/us-wants-control-over-iraqi-oil,2003-05-16,2003-05-16,10.0,url_has_date|high_conf_pattern|article_section_token,"^https?://www\.aljazeera\.com/.+/\d{4}/\d{1,2}/\d{1,2}/.+",False,candidate,2026-06-05 11:29:27.358095+00:00
url_candidate,Al Jazeera,https://www.aljazeera.com/sitemap.xml,https://www.aljazeera.com/sitemap.xml?yyyy=2003&mm=05&dd=16,,,,,,,,candidate_score_below_threshold,,al_jazeera,1.0,https://www.aljazeera.com/wp-content/uploads/2003/05/iraq1.jpeg,,2020-09-21,0.0,,,False,candidate,2026-06-05 11:29:27.358761+00:00
url_candidate,Al Jazeera,https://www.aljazeera.com/sitemap.xml,https://www.aljazeera.com/sitemap.xml?yyyy=2003&mm=05&dd=16,,,,,,,,candidate_score_below_threshold,,al_jazeera,1.0,https://www.aljazeera.com/wp-content/uploads/2003/05/france2.jpeg,,2020-09-21,0.0,,,False,candidate,2026-06-05 11:29:27.359378+00:00
url_candidate,Al Jazeera,https://www.aljazeera.com/sitemap.xml,https://www.aljazeera.com/sitemap.xml?yyyy=2003&mm=05&dd=16,,,,,,,,out_of_range,,al_jazeera,1.0,https://www.aljazeera.com/news/2003/5/16/sudan-upbeat-on-peace-pact,2003-05-16,2003-05-16,10.0,url_has_date|high_conf_pattern|article_section_token,"^https?://www\.aljazeera\.com/.+/\d{4}/\d{1,2}/\d{1,2}/.+",False,candidate,2026-06-05 11:29:27.359941+00:00
url_candidate,Al Jazeera,https://www.aljazeera.com/sitemap.xml,https://www.aljazeera.com/sitemap.xml?yyyy=2003&mm=05&dd=16,,,,,,,,candidate_score_below_threshold,,al_jazeera,1.0,https://www.aljazeera.com/wp-content/uploads/2003/05/germany1.jpeg,,2020-09-21,0.0,,,False,candidate,2026-06-05 11:29:27.360483+00:00
url_candidate,Al Jazeera,https://www.aljazeera.com/sitemap.xml,https://www.aljazeera.com/sitemap.xml?yyyy=2003&mm=05&dd=16,,,,,,,,out_of_range,,al_jazeera,1.0,https://www.aljazeera.com/news/2003/5/16/afghan-clash-leaves-five-dead,2003-05-16,2003-05-16,10.0,url_has_date|high_conf_pattern|article_section_token,"^https?://www\.aljazeera\.com/.+/\d{4}/\d{1,2}/\d{1,2}/.+",False,candidate,2026-06-05 11:29:27.361024+00:00
url_candidate,Al Jazeera,https://www.aljazeera.com/sitemap.xml,https://www.aljazeera.com/sitemap.xml?yyyy=2003&mm=05&dd=16,,,,,,,,out_of_range,,al_jazeera,1.0,https://www.aljazeera.com/news/2003/5/16/fierce-homosexual-debate-in-canada,2003-05-16,2003-05-16,10.0,url_has_date|high_conf_pattern|article_section_token,"^https?://www\.aljazeera\.com/.+/\d{4}/\d{1,2}/\d{1,2}/.+",False,candidate,2026-06-05 11:29:27.361573+00:00
url_candidate,Al Jazeera,https://www.aljazeera.com/sitemap.xml,https://www.aljazeera.com/sitemap.xml?yyyy=2003&mm=05&dd=16,,,,,,,,out_of_range,,al_jazeera,1.0,https://www.aljazeera.com/news/2003/5/16/bosnia-signs-exemption-agreement-with-us,2003-05-16,2003-05-16,10.0,url_has_date|high_conf_pattern|article_section_token,"^https?://www\.aljazeera\.com/.+/\d{4}/\d{1,2}/\d{1,2}/.+",False,candidate,2026-06-05 11:29:27.362113+00:00
url_candidate,Al Jazeera,https://www.aljazeera.com/sitemap.xml,https://www.aljazeera.com/sitemap.xml?yyyy=2003&mm=05&dd=16,,,,,,,,out_of_range,,al_jazeera,1.0,https://www.aljazeera.com/news/2003/5/16/putin-vows-to-crush-chechens,2003-05-16,2003-05-16,10.0,url_has_date|high_conf_pattern|article_section_token,"^https?://www\.aljazeera\.com/.+/\d{4}/\d{1,2}/\d{1,2}/.+",False,candidate,2026-06-05 11:29:27.362662+00:00
url_candidate,Al Jazeera,https://www.aljazeera.com/sitemap.xml,https://www.aljazeera.com/sitemap.xml?yyyy=2003&mm=05&dd=16,,,,,,,,out_of_range,,al_jazeera,1.0,https://www.aljazeera.com/news/2003/5/16/congo-violence-continues-despite-ceasefire,2003-05-16,2003-05-16,10.0,url_has_date|high_conf_pattern|article_section_token,"^https?://www\.aljazeera\.com/.+/\d{4}/\d{1,2}/\d{1,2}/.+",False,candidate,2026-06-05 11:29:27.363208+00:00
sitemap_fetch,Al Jazeera,https://www.aljazeera.com/sitemap.xml,https://www.aljazeera.com/sitemap.xml?yyyy=2003&mm=05&dd=17,1.0,True,200.0,urlset,8.0,True,2.0,,,,,,,,,,,,,
url_candidate,Al Jazeera,https://www.aljazeera.com/sitemap.xml,https://www.aljazeera.com/sitemap.xml?yyyy=2003&mm=05&dd=17,,,,,,,,out_of_range,,al_jazeera,1.0,https://www.aljazeera.com/news/2003/5/17/bodies-of-missing-kuwaitis-found,2003-05-17,2003-05-17,10.0,url_has_date|high_conf_pattern|article_section_token,"^https?://www\.aljazeera\.com/.+/\d{4}/\d{1,2}/\d{1,2}/.+",False,candidate,2026-06-05 11:29:28.570913+00:00
url_candidate,Al Jazeera,https://www.aljazeera.com/sitemap.xml,https://www.aljazeera.com/sitemap.xml?yyyy=2003&mm=05&dd=17,,,,,,,,out_of_range,,al_jazeera,1.0,https://www.aljazeera.com/news/2003/5/17/27-islamists-held-in-morocco,2003-05-17,2003-05-17,10.0,url_has_date|high_conf_pattern|article_section_token,"^https?://www\.aljazeera\.com/.+/\d{4}/\d{1,2}/\d{1,2}/.+",False,candidate,2026-06-05 11:29:28.571639+00:00
url_candidate,Al Jazeera,https://www.aljazeera.com/sitemap.xml,https://www.aljazeera.com/sitemap.xml?yyyy=2003&mm=05&dd=17,,,,,,,,out_of_range,,al_jazeera,1.0,https://www.aljazeera.com/news/2003/5/17/bremer-iraq-still-unsafe,2003-05-17,2003-05-17,10.0,url_has_date|high_conf_pattern|article_section_token,"^https?://www\.aljazeera\.com/.+/\d{4}/\d{1,2}/\d{1,2}/.+",False,candidate,2026-06-05 11:29:28.572337+00:00
url_candidate,Al Jazeera,https://www.aljazeera.com/sitemap.xml,https://www.aljazeera.com/sitemap.xml?yyyy=2003&mm=05&dd=17,,,,,,,,out_of_range,,al_jazeera,1.0,https://www.aljazeera.com/news/2003/5/17/bush-starts-re-election-bid,2003-05-17,2003-05-17,10.0,url_has_date|high_conf_pattern|article_section_token,"^https?://www\.aljazeera\.com/.+/\d{4}/\d{1,2}/\d{1,2}/.+",False,candidate,2026-06-05 11:29:28.572992+00:00
url_candidate,Al Jazeera,https://www.aljazeera.com/sitemap.xml,https://www.aljazeera.com/sitemap.xml?yyyy=2003&mm=05&dd=17,,,,,,,,out_of_range,,al_jazeera,1.0,https://www.aljazeera.com/news/2003/5/17/sisulu-honoured-in-south-africa,2003-05-17,2003-05-17,10.0,url_has_date|high_conf_pattern|article_section_token,"^https?://www\.aljazeera\.com/.+/\d{4}/\d{1,2}/\d{1,2}/.+",False,candidate,2026-06-05 11:29:28.573655+00:00
url_candidate,Al Jazeera,https://www.aljazeera.com/sitemap.xml,https://www.aljazeera.com/sitemap.xml?yyyy=2003&mm=05&dd=17,,,,,,,,out_of_range,,al_jazeera,1.0,https://www.aljazeera.com/news/2003/5/17/top-iraqi-general-surrenders,2003-05-17,2003-05-17,10.0,url_has_date|high_conf_pattern|article_section_token,"^https?://www\.aljazeera\.com/.+/\d{4}/\d{1,2}/\d{1,2}/.+",False,candidate,2026-06-05 11:29:28.574296+00:00
url_candidate,Al Jazeera,https://www.aljazeera.com/sitemap.xml,https://www.aljazeera.com/sitemap.xml?yyyy=2003&mm=05&dd=17,,,,,,,,out_of_range,,al_jazeera,1.0,https://www.aljazeera.com/news/2003/5/17/belgium-to-block-anti-us-lawsuit,2003-05-17,2003-05-17,10.0,url_has_date|high_conf_pattern|article_section_token,"^https?://www\.aljazeera\.com/.+/\d{4}/\d{1,2}/\d{1,2}/.+",False,candidate,2026-06-05 11:29:28.574933+00:00
url_candidate,Al Jazeera,https://www.aljazeera.com/sitemap.xml,https://www.aljazeera.com/sitemap.xml?yyyy=2003&mm=05&dd=17,,,,,,,,candidate_score_below_threshold,,al_jazeera,1.0,https://www.aljazeera.com/wp-content/uploads/2003/05/92573ac6-bae2-441d-93f3-064a0e34fe0bjamaliin2.jpeg,,2003-05-17,0.0,,,False,candidate,2026-06-05 11:29:28.575561+00:00
sitemap_fetch,Al Jazeera,https://www.aljazeera.com/sitemap.xml,https://www.aljazeera.com/sitemap.xml?yyyy=2003&mm=05&dd=18,1.0,True,200.0,urlset,16.0,True,2.0,,,,,,,,,,,,,
url_candidate,Al Jazeera,https://www.aljazeera.com/sitemap.xml,https://www.aljazeera.com/sitemap.xml?yyyy=2003&mm=05&dd=18,,,,,,,,out_of_range,,al_jazeera,1.0,https://www.aljazeera.com/news/2003/5/18/abbas-sharon-to-meet-again,2003-05-18,2003-05-18,10.0,url_has_date|high_conf_pattern|article_section_token,"^https?://www\.aljazeera\.com/.+/\d{4}/\d{1,2}/\d{1,2}/.+",False,candidate,2026-06-05 11:29:29.816328+00:00
url_candidate,Al Jazeera,https://www.aljazeera.com/sitemap.xml,https://www.aljazeera.com/sitemap.xml?yyyy=2003&mm=05&dd=18,,,,,,,,out_of_range,,al_jazeera,1.0,https://www.aljazeera.com/news/2003/5/18/slovakia-votes-yes-to-eu,2003-05-18,2003-05-18,10.0,url_has_date|high_conf_pattern|article_section_token,"^https?://www\.aljazeera\.com/.+/\d{4}/\d{1,2}/\d{1,2}/.+",False,candidate,2026-06-05 11:29:29.818884+00:00
url_candidate,Al Jazeera,https://www.aljazeera.com/sitemap.xml,https://www.aljazeera.com/sitemap.xml?yyyy=2003&mm=05&dd=18,,,,,,,,out_of_range,,al_jazeera,1.0,https://www.aljazeera.com/news/2003/5/18/government-reshuffle-in-yemen,2003-05-18,2003-05-18,10.0,url_has_date|high_conf_pattern|article_section_token,"^https?://www\.aljazeera\.com/.+/\d{4}/\d{1,2}/\d{1,2}/.+",False,candidate,2026-06-05 11:29:29.821510+00:00
url_candidate,Al Jazeera,https://www.aljazeera.com/sitemap.xml,https://www.aljazeera.com/sitemap.xml?yyyy=2003&mm=05&dd=18,,,,,,,,candidate_score_below_threshold,,al_jazeera,1.0,https://www.aljazeera.com/wp-content/uploads/2003/05/israel4.jpeg,,2020-09-21,0.0,,,False,candidate,2026-06-05 11:29:29.824002+00:00
url_candidate,Al Jazeera,https://www.aljazeera.com/sitemap.xml,https://www.aljazeera.com/sitemap.xml?yyyy=2003&mm=05&dd=18,,,,,,,,candidate_score_below_threshold,,al_jazeera,1.0,https://www.aljazeera.com/wp-content/uploads/2003/05/israeli11.jpeg,,2020-09-21,0.0,,,False,candidate,2026-06-05 11:29:29.826712+00:00
url_candidate,Al Jazeera,https://www.aljazeera.com/sitemap.xml,https://www.aljazeera.com/sitemap.xml?yyyy=2003&mm=05&dd=18,,,,,,,,out_of_range,,al_jazeera,1.0,https://www.aljazeera.com/news/2003/5/18/iraq-debts-may-overshadow-g8-meeting,2003-05-18,2003-05-18,10.0,url_has_date|high_conf_pattern|article_section_token,"^https?://www\.aljazeera\.com/.+/\d{4}/\d{1,2}/\d{1,2}/.+",False,candidate,2026-06-05 11:29:29.828505+00:00
url_candidate,Al Jazeera,https://www.aljazeera.com/sitemap.xml,https://www.aljazeera.com/sitemap.xml?yyyy=2003&mm=05&dd=18,,,,,,,,out_of_range,,al_jazeera,1.0,https://www.aljazeera.com/news/2003/5/18/belgium-election-too-tight-to-call,2003-05-18,2003-05-18,10.0,url_has_date|high_conf_pattern|article_section_token,"^https?://www\.aljazeera\.com/.+/\d{4}/\d{1,2}/\d{1,2}/.+",False,candidate,2026-06-05 11:29:29.830123+00:00
url_candidate,Al Jazeera,https://www.aljazeera.com/sitemap.xml,https://www.aljazeera.com/sitemap.xml?yyyy=2003&mm=05&dd=18,,,,,,,,out_of_range,,al_jazeera,1.0,https://www.aljazeera.com/news/2003/5/18/palestinian-youth-killed-in-gaza,2003-05-18,2003-05-18,10.0,url_has_date|high_conf_pattern|article_section_token,"^https?://www\.aljazeera\.com/.+/\d{4}/\d{1,2}/\d{1,2}/.+",False,candidate,2026-06-05 11:29:29.831733+00:00
url_candidate,Al Jazeera,https://www.aljazeera.com/sitemap.xml,https://www.aljazeera.com/sitemap.xml?yyyy=2003&mm=05&dd=18,,,,,,,,out_of_range,,al_jazeera,1.0,https://www.aljazeera.com/news/2003/5/18/belgian-ruling-coalition-wins-second-term,2003-05-18,2003-05-18,10.0,url_has_date|high_conf_pattern|article_section_token,"^https?://www\.aljazeera\.com/.+/\d{4}/\d{1,2}/\d{1,2}/.+",False,candidate,2026-06-05 11:29:29.833022+00:00
url_candidate,Al Jazeera,https://www.aljazeera.com/sitemap.xml,https://www.aljazeera.com/sitemap.xml?yyyy=2003&mm=05&dd=18,,,,,,,,out_of_range,,al_jazeera,1.0,https://www.aljazeera.com/news/2003/5/18/bombings-may-hit-moroccan-tourist-trade,2003-05-18,2003-05-18,10.0,url_has_date|high_conf_pattern|article_section_token,"^https?://www\.aljazeera\.com/.+/\d{4}/\d{1,2}/\d{1,2}/.+",False,candidate,2026-06-05 11:29:29.834201+00:00
url_candidate,Al Jazeera,https://www.aljazeera.com/sitemap.xml,https://www.aljazeera.com/sitemap.xml?yyyy=2003&mm=05&dd=18,,,,,,,,out_of_range,,al_jazeera,1.0,https://www.aljazeera.com/news/2003/5/18/amnesty-slams-worlds-arms-suppliers,2003-05-18,2003-05-18,10.0,url_has_date|high_conf_pattern|article_section_token,"^https?://www\.aljazeera\.com/.+/\d{4}/\d{1,2}/\d{1,2}/.+",False,candidate,2026-06-05 11:29:29.835373+00:00
url_candidate,Al Jazeera,https://www.aljazeera.com/sitemap.xml,https://www.aljazeera.com/sitemap.xml?yyyy=2003&mm=05&dd=18,,,,,,,,out_of_range,,al_jazeera,1.0,https://www.aljazeera.com/news/2003/5/18/un-agency-demands-access-to-iraq,2003-05-18,2003-05-18,10.0,url_has_date|high_conf_pattern|article_section_token,"^https?://www\.aljazeera\.com/.+/\d{4}/\d{1,2}/\d{1,2}/.+",False,candidate,2026-06-05 11:29:29.836543+00:00
url_candidate,Al Jazeera,https://www.aljazeera.com/sitemap.xml,https://www.aljazeera.com/sitemap.xml?yyyy=2003&mm=05&dd=18,,,,,,,,out_of_range,,al_jazeera,1.0,https://www.aljazeera.com/news/2003/5/18/peace-holding-in-congo,2003-05-18,2003-05-18,10.0,url_has_date|high_conf_pattern|article_section_token,"^https?://www\.aljazeera\.com/.+/\d{4}/\d{1,2}/\d{1,2}/.+",False,candidate,2026-06-05 11:29:29.837623+00:00
url_candidate,Al Jazeera,https://www.aljazeera.com/sitemap.xml,https://www.aljazeera.com/sitemap.xml?yyyy=2003&mm=05&dd=18,,,,,,,,out_of_range,,al_jazeera,1.0,https://www.aljazeera.com/news/2003/5/18/black-weekend-for-us-forces-in-iraq,2003-05-18,2003-05-18,10.0,url_has_date|high_conf_pattern|article_section_token,"^https?://www\.aljazeera\.com/.+/\d{4}/\d{1,2}/\d{1,2}/.+",False,candidate,2026-06-05 11:29:29.838554+00:00
url_candidate,Al Jazeera,https://www.aljazeera.com/sitemap.xml,https://www.aljazeera.com/sitemap.xml?yyyy=2003&mm=05&dd=18,,,,,,,,out_of_range,,al_jazeera,1.0,https://www.aljazeera.com/news/2003/5/18/eu-links-immigrants-to-terrorists,2003-05-18,2003-05-18,10.0,url_has_date|high_conf_pattern|article_section_token,"^https?://www\.aljazeera\.com/.+/\d{4}/\d{1,2}/\d{1,2}/.+",False,candidate,2026-06-05 11:29:29.839491+00:00
url_candidate,Al Jazeera,https://www.aljazeera.com/sitemap.xml,https://www.aljazeera.com/sitemap.xml?yyyy=2003&mm=05&dd=18,,,,,,,,out_of_range,,al_jazeera,1.0,https://www.aljazeera.com/news/2003/5/18/amman-drops-murder-charge-against-journalist,2003-05-18,2003-05-18,10.0,url_has_date|high_conf_pattern|article_section_token,"^https?://www\.aljazeera\.com/.+/\d{4}/\d{1,2}/\d{1,2}/.+",False,candidate,2026-06-05 11:29:29.840422+00:00
sitemap_fetch,Al Jazeera,https://www.aljazeera.com/sitemap.xml,https://www.aljazeera.com/sitemap.xml?yyyy=2003&mm=05&dd=19,1.0,True,200.0,urlset,19.0,True,2.0,,,,,,,,,,,,,
url_candidate,Al Jazeera,https://www.aljazeera.com/sitemap.xml,https://www.aljazeera.com/sitemap.xml?yyyy=2003&mm=05&dd=19,,,,,,,,out_of_range,,al_jazeera,1.0,https://www.aljazeera.com/news/2003/5/19/israel-detains-8-palestinians,2003-05-19,2003-05-19,10.0,url_has_date|high_conf_pattern|article_section_token,"^https?://www\.aljazeera\.com/.+/\d{4}/\d{1,2}/\d{1,2}/.+",False,candidate,2026-06-05 11:29:31.758466+00:00
url_candidate,Al Jazeera,https://www.aljazeera.com/sitemap.xml,https://www.aljazeera.com/sitemap.xml?yyyy=2003&mm=05&dd=19,,,,,,,,out_of_range,,al_jazeera,1.0,https://www.aljazeera.com/news/2003/5/19/iranian-academic-refuses-retrial-defence,2003-05-19,2003-05-19,10.0,url_has_date|high_conf_pattern|article_section_token,"^https?://www\.aljazeera\.com/.+/\d{4}/\d{1,2}/\d{1,2}/.+",False,candidate,2026-06-05 11:29:31.760246+00:00
url_candidate,Al Jazeera,https://www.aljazeera.com/sitemap.xml,https://www.aljazeera.com/sitemap.xml?yyyy=2003&mm=05&dd=19,,,,,,,,out_of_range,,al_jazeera,1.0,https://www.aljazeera.com/news/2003/5/19/karzai-moves-to-fill-kabul-coffers,2003-05-19,2003-05-19,10.0,url_has_date|high_conf_pattern|article_section_token,"^https?://www\.aljazeera\.com/.+/\d{4}/\d{1,2}/\d{1,2}/.+",False,candidate,2026-06-05 11:29:31.762062+00:00
url_candidate,Al Jazeera,https://www.aljazeera.com/sitemap.xml,https://www.aljazeera.com/sitemap.xml?yyyy=2003&mm=05&dd=19,,,,,,,,out_of_range,,al_jazeera,1.0,https://www.aljazeera.com/news/2003/5/19/indonesia-starts-attack-in-aceh,2003-05-19,2003-05-19,10.0,url_has_date|high_conf_pattern|article_section_token,"^https?://www\.aljazeera\.com/.+/\d{4}/\d{1,2}/\d{1,2}/.+",False,candidate,2026-06-05 11:29:31.763833+00:00
url_candidate,Al Jazeera,https://www.aljazeera.com/sitemap.xml,https://www.aljazeera.com/sitemap.xml?yyyy=2003&mm=05&dd=19,,,,,,,,out_of_range,,al_jazeera,1.0,https://www.aljazeera.com/news/2003/5/19/mauritania-denounces-islamists,2003-05-19,2003-05-19,10.0,url_has_date|high_conf_pattern|article_section_token,"^https?://www\.aljazeera\.com/.+/\d{4}/\d{1,2}/\d{1,2}/.+",False,candidate,2026-06-05 11:29:31.765572+00:00
url_candidate,Al Jazeera,https://www.aljazeera.com/sitemap.xml,https://www.aljazeera.com/sitemap.xml?yyyy=2003&mm=05&dd=19,,,,,,,,out_of_range,,al_jazeera,1.0,https://www.aljazeera.com/news/2003/5/19/israel-seals-palestinian-areas,2003-05-19,2003-05-19,10.0,url_has_date|high_conf_pattern|article_section_token,"^https?://www\.aljazeera\.com/.+/\d{4}/\d{1,2}/\d{1,2}/.+",False,candidate,2026-06-05 11:29:31.767325+00:00
url_candidate,Al Jazeera,https://www.aljazeera.com/sitemap.xml,https://www.aljazeera.com/sitemap.xml?yyyy=2003&mm=05&dd=19,,,,,,,,out_of_range,,al_jazeera,1.0,https://www.aljazeera.com/news/2003/5/19/eu-ministers-meet-amid-new-terror-alerts,2003-05-19,2003-05-19,10.0,url_has_date|high_conf_pattern|article_section_token,"^https?://www\.aljazeera\.com/.+/\d{4}/\d{1,2}/\d{1,2}/.+",False,candidate,2026-06-05 11:29:31.769075+00:00
url_candidate,Al Jazeera,https://www.aljazeera.com/sitemap.xml,https://www.aljazeera.com/sitemap.xml?yyyy=2003&mm=05&dd=19,,,,,,,,out_of_range,,al_jazeera,1.0,https://www.aljazeera.com/news/2003/5/19/iraqis-unite-in-anti-us-rally,2003-05-19,2003-05-19,10.0,url_has_date|high_conf_pattern|article_section_token,"^https?://www\.aljazeera\.com/.+/\d{4}/\d{1,2}/\d{1,2}/.+",False,candidate,2026-06-05 11:29:31.770906+00:00
url_candidate,Al Jazeera,https://www.aljazeera.com/sitemap.xml,https://www.aljazeera.com/sitemap.xml?yyyy=2003&mm=05&dd=19,,,,,,,,out_of_range,,al_jazeera,1.0,https://www.aljazeera.com/news/2003/5/19/investigation-continues-in-morocco-blasts,2003-05-19,2003-05-19,10.0,url_has_date|high_conf_pattern|article_section_token,"^https?://www\.aljazeera\.com/.+/\d{4}/\d{1,2}/\d{1,2}/.+",False,candidate,2026-06-05 11:29:31.772500+00:00
url_candidate,Al Jazeera,https://www.aljazeera.com/sitemap.xml,https://www.aljazeera.com/sitemap.xml?yyyy=2003&mm=05&dd=19,,,,,,,,out_of_range,,al_jazeera,1.0,https://www.aljazeera.com/news/2003/5/19/eight-killed-say-aceh-rebels,2003-05-19,2003-05-19,10.0,url_has_date|high_conf_pattern|article_section_token,"^https?://www\.aljazeera\.com/.+/\d{4}/\d{1,2}/\d{1,2}/.+",False,candidate,2026-06-05 11:29:31.773790+00:00
url_candidate,Al Jazeera,https://www.aljazeera.com/sitemap.xml,https://www.aljazeera.com/sitemap.xml?yyyy=2003&mm=05&dd=19,,,,,,,,out_of_range,,al_jazeera,1.0,https://www.aljazeera.com/news/2003/5/19/saudi-detains-gunman-outside-us-consulate,2003-05-19,2003-05-19,10.0,url_has_date|high_conf_pattern|article_section_token,"^https?://www\.aljazeera\.com/.+/\d{4}/\d{1,2}/\d{1,2}/.+",False,candidate,2026-06-05 11:29:31.775052+00:00
url_candidate,Al Jazeera,https://www.aljazeera.com/sitemap.xml,https://www.aljazeera.com/sitemap.xml?yyyy=2003&mm=05&dd=19,,,,,,,,out_of_range,,al_jazeera,1.0,https://www.aljazeera.com/news/2003/5/19/arabs-and-kurds-clash-in-kirkuk,2003-05-19,2003-05-19,10.0,url_has_date|high_conf_pattern|article_section_token,"^https?://www\.aljazeera\.com/.+/\d{4}/\d{1,2}/\d{1,2}/.+",False,candidate,2026-06-05 11:29:31.776308+00:00
url_candidate,Al Jazeera,https://www.aljazeera.com/sitemap.xml,https://www.aljazeera.com/sitemap.xml?yyyy=2003&mm=05&dd=19,,,,,,,,out_of_range,,al_jazeera,1.0,https://www.aljazeera.com/news/2003/5/19/fighting-in-lebanon-refugee-camp,2003-05-19,2003-05-19,10.0,url_has_date|high_conf_pattern|article_section_token,"^https?://www\.aljazeera\.com/.+/\d{4}/\d{1,2}/\d{1,2}/.+",False,candidate,2026-06-05 11:29:31.777527+00:00
url_candidate,Al Jazeera,https://www.aljazeera.com/sitemap.xml,https://www.aljazeera.com/sitemap.xml?yyyy=2003&mm=05&dd=19,,,,,,,,out_of_range,,al_jazeera,1.0,https://www.aljazeera.com/news/2003/5/19/white-supremacists-go-on-trial,2003-05-19,2003-05-19,10.0,url_has_date|high_conf_pattern|article_section_token,"^https?://www\.aljazeera\.com/.+/\d{4}/\d{1,2}/\d{1,2}/.+",False,candidate,2026-06-05 11:29:31.778526+00:00
url_candidate,Al Jazeera,https://www.aljazeera.com/sitemap.xml,https://www.aljazeera.com/sitemap.xml?yyyy=2003&mm=05&dd=19,,,,,,,,out_of_range,,al_jazeera,1.0,https://www.aljazeera.com/news/2003/5/19/new-explosions-shake-israel,2003-05-19,2003-05-19,10.0,url_has_date|high_conf_pattern|article_section_token,"^https?://www\.aljazeera\.com/.+/\d{4}/\d{1,2}/\d{1,2}/.+",False,candidate,2026-06-05 11:29:31.779511+00:00
url_candidate,Al Jazeera,https://www.aljazeera.com/sitemap.xml,https://www.aljazeera.com/sitemap.xml?yyyy=2003&mm=05&dd=19,,,,,,,,out_of_range,,al_jazeera,1.0,https://www.aljazeera.com/news/2003/5/19/fleischer-to-resign,2003-05-19,2003-05-19,10.0,url_has_date|high_conf_pattern|article_section_token,"^https?://www\.aljazeera\.com/.+/\d{4}/\d{1,2}/\d{1,2}/.+",False,candidate,2026-06-05 11:29:31.780501+00:00
url_candidate,Al Jazeera,https://www.aljazeera.com/sitemap.xml,https://www.aljazeera.com/sitemap.xml?yyyy=2003&mm=05&dd=19,,,,,,,,out_of_range,,al_jazeera,1.0,https://www.aljazeera.com/news/2003/5/19/morocco-seeks-al-qaeda-link,2003-05-19,2003-05-19,10.0,url_has_date|high_conf_pattern|article_section_token,"^https?://www\.aljazeera\.com/.+/\d{4}/\d{1,2}/\d{1,2}/.+",False,candidate,2026-06-05 11:29:31.781485+00:00
url_candidate,Al Jazeera,https://www.aljazeera.com/sitemap.xml,https://www.aljazeera.com/sitemap.xml?yyyy=2003&mm=05&dd=19,,,,,,,,out_of_range,,al_jazeera,1.0,https://www.aljazeera.com/news/2003/5/19/holland-releases-al-qaeda-suspects,2003-05-19,2003-05-19,10.0,url_has_date|high_conf_pattern|article_section_token,"^https?://www\.aljazeera\.com/.+/\d{4}/\d{1,2}/\d{1,2}/.+",False,candidate,2026-06-05 11:29:31.782412+00:00
url_candidate,Al Jazeera,https://www.aljazeera.com/sitemap.xml,https://www.aljazeera.com/sitemap.xml?yyyy=2003&mm=05&dd=19,,,,,,,,out_of_range,,al_jazeera,1.0,https://www.aljazeera.com/news/2003/5/19/who-calls-for-sars-cooperation,2003-05-19,2003-05-19,10.0,url_has_date|high_conf_pattern|article_section_token,"^https?://www\.aljazeera\.com/.+/\d{4}/\d{1,2}/\d{1,2}/.+",False,candidate,2026-06-05 11:29:31.783221+00:00
sitemap_fetch,Al Jazeera,https://www.aljazeera.com/sitemap.xml,https://www.aljazeera.com/sitemap.xml?yyyy=2003&mm=05&dd=20,1.0,True,200.0,urlset,16.0,True,2.0,,,,,,,,,,,,,
url_candidate,Al Jazeera,https://www.aljazeera.com/sitemap.xml,https://www.aljazeera.com/sitemap.xml?yyyy=2003&mm=05&dd=20,,,,,,,,out_of_range,,al_jazeera,1.0,https://www.aljazeera.com/news/2003/5/20/hamas-resistance-will-continue,2003-05-20,2003-05-20,10.0,url_has_date|high_conf_pattern|article_section_token,"^https?://www\.aljazeera\.com/.+/\d{4}/\d{1,2}/\d{1,2}/.+",False,candidate,2026-06-05 11:29:33.143885+00:00
url_candidate,Al Jazeera,https://www.aljazeera.com/sitemap.xml,https://www.aljazeera.com/sitemap.xml?yyyy=2003&mm=05&dd=20,,,,,,,,out_of_range,,al_jazeera,1.0,https://www.aljazeera.com/news/2003/5/20/afghanistan-president-threatens-to-quit,2003-05-20,2003-05-20,10.0,url_has_date|high_conf_pattern|article_section_token,"^https?://www\.aljazeera\.com/.+/\d{4}/\d{1,2}/\d{1,2}/.+",False,candidate,2026-06-05 11:29:33.146538+00:00
url_candidate,Al Jazeera,https://www.aljazeera.com/sitemap.xml,https://www.aljazeera.com/sitemap.xml?yyyy=2003&mm=05&dd=20,,,,,,,,out_of_range,,al_jazeera,1.0,https://www.aljazeera.com/news/2003/5/20/us-chopper-crashes-in-iraq,2003-05-20,2003-05-20,10.0,url_has_date|high_conf_pattern|article_section_token,"^https?://www\.aljazeera\.com/.+/\d{4}/\d{1,2}/\d{1,2}/.+",False,candidate,2026-06-05 11:29:33.149143+00:00
url_candidate,Al Jazeera,https://www.aljazeera.com/sitemap.xml,https://www.aljazeera.com/sitemap.xml?yyyy=2003&mm=05&dd=20,,,,,,,,out_of_range,,al_jazeera,1.0,https://www.aljazeera.com/news/2003/5/20/iran-rejects-us-nuclear-censure,2003-05-20,2003-05-20,10.0,url_has_date|high_conf_pattern|article_section_token,"^https?://www\.aljazeera\.com/.+/\d{4}/\d{1,2}/\d{1,2}/.+",False,candidate,2026-06-05 11:29:33.151762+00:00
url_candidate,Al Jazeera,https://www.aljazeera.com/sitemap.xml,https://www.aljazeera.com/sitemap.xml?yyyy=2003&mm=05&dd=20,,,,,,,,out_of_range,,al_jazeera,1.0,https://www.aljazeera.com/news/2003/5/20/new-iraq-draft-submitted,2003-05-20,2003-05-20,10.0,url_has_date|high_conf_pattern|article_section_token,"^https?://www\.aljazeera\.com/.+/\d{4}/\d{1,2}/\d{1,2}/.+",False,candidate,2026-06-05 11:29:33.153497+00:00
url_candidate,Al Jazeera,https://www.aljazeera.com/sitemap.xml,https://www.aljazeera.com/sitemap.xml?yyyy=2003&mm=05&dd=20,,,,,,,,out_of_range,,al_jazeera,1.0,https://www.aljazeera.com/news/2003/5/20/explosion-rips-through-ankara-cafe,2003-05-20,2003-05-20,10.0,url_has_date|high_conf_pattern|article_section_token,"^https?://www\.aljazeera\.com/.+/\d{4}/\d{1,2}/\d{1,2}/.+",False,candidate,2026-06-05 11:29:33.155091+00:00
url_candidate,Al Jazeera,https://www.aljazeera.com/sitemap.xml,https://www.aljazeera.com/sitemap.xml?yyyy=2003&mm=05&dd=20,,,,,,,,out_of_range,,al_jazeera,1.0,https://www.aljazeera.com/news/2003/5/20/factbox-us-sponsored-iraq-resolution-draft,2003-05-20,2003-05-20,10.0,url_has_date|high_conf_pattern|article_section_token,"^https?://www\.aljazeera\.com/.+/\d{4}/\d{1,2}/\d{1,2}/.+",False,candidate,2026-06-05 11:29:33.156698+00:00
url_candidate,Al Jazeera,https://www.aljazeera.com/sitemap.xml,https://www.aljazeera.com/sitemap.xml?yyyy=2003&mm=05&dd=20,,,,,,,,out_of_range,,al_jazeera,1.0,https://www.aljazeera.com/news/2003/5/20/afghan-leaders-promise-to-deliver-taxes,2003-05-20,2003-05-20,10.0,url_has_date|high_conf_pattern|article_section_token,"^https?://www\.aljazeera\.com/.+/\d{4}/\d{1,2}/\d{1,2}/.+",False,candidate,2026-06-05 11:29:33.157982+00:00
url_candidate,Al Jazeera,https://www.aljazeera.com/sitemap.xml,https://www.aljazeera.com/sitemap.xml?yyyy=2003&mm=05&dd=20,,,,,,,,out_of_range,,al_jazeera,1.0,https://www.aljazeera.com/news/2003/5/20/no-iraq-elections-for-two-years,2003-05-20,2003-05-20,10.0,url_has_date|high_conf_pattern|article_section_token,"^https?://www\.aljazeera\.com/.+/\d{4}/\d{1,2}/\d{1,2}/.+",False,candidate,2026-06-05 11:29:33.159152+00:00
url_candidate,Al Jazeera,https://www.aljazeera.com/sitemap.xml,https://www.aljazeera.com/sitemap.xml?yyyy=2003&mm=05&dd=20,,,,,,,,out_of_range,,al_jazeera,1.0,https://www.aljazeera.com/news/2003/5/20/crush-aceh-separatists-army-told,2003-05-20,2003-05-20,10.0,url_has_date|high_conf_pattern|article_section_token,"^https?://www\.aljazeera\.com/.+/\d{4}/\d{1,2}/\d{1,2}/.+",False,candidate,2026-06-05 11:29:33.160333+00:00
url_candidate,Al Jazeera,https://www.aljazeera.com/sitemap.xml,https://www.aljazeera.com/sitemap.xml?yyyy=2003&mm=05&dd=20,,,,,,,,out_of_range,,al_jazeera,1.0,https://www.aljazeera.com/news/2003/5/20/britain-closes-embassy-in-saudi-arabia,2003-05-20,2003-05-20,10.0,url_has_date|high_conf_pattern|article_section_token,"^https?://www\.aljazeera\.com/.+/\d{4}/\d{1,2}/\d{1,2}/.+",False,candidate,2026-06-05 11:29:33.161526+00:00
url_candidate,Al Jazeera,https://www.aljazeera.com/sitemap.xml,https://www.aljazeera.com/sitemap.xml?yyyy=2003&mm=05&dd=20,,,,,,,,out_of_range,,al_jazeera,1.0,https://www.aljazeera.com/news/2003/5/20/canada-announces-mad-cow-case,2003-05-20,2003-05-20,10.0,url_has_date|high_conf_pattern|article_section_token,"^https?://www\.aljazeera\.com/.+/\d{4}/\d{1,2}/\d{1,2}/.+",False,candidate,2026-06-05 11:29:33.162693+00:00
url_candidate,Al Jazeera,https://www.aljazeera.com/sitemap.xml,https://www.aljazeera.com/sitemap.xml?yyyy=2003&mm=05&dd=20,,,,,,,,out_of_range,,al_jazeera,1.0,https://www.aljazeera.com/news/2003/5/20/nigerian-president-faces-double-challenge,2003-05-20,2003-05-20,10.0,url_has_date|high_conf_pattern|article_section_token,"^https?://www\.aljazeera\.com/.+/\d{4}/\d{1,2}/\d{1,2}/.+",False,candidate,2026-06-05 11:29:33.163712+00:00
url_candidate,Al Jazeera,https://www.aljazeera.com/sitemap.xml,https://www.aljazeera.com/sitemap.xml?yyyy=2003&mm=05&dd=20,,,,,,,,out_of_range,,al_jazeera,1.0,https://www.aljazeera.com/news/2003/5/20/bush-to-meet-musharraf,2003-05-20,2003-05-20,10.0,url_has_date|high_conf_pattern|article_section_token,"^https?://www\.aljazeera\.com/.+/\d{4}/\d{1,2}/\d{1,2}/.+",False,candidate,2026-06-05 11:29:33.164687+00:00
url_candidate,Al Jazeera,https://www.aljazeera.com/sitemap.xml,https://www.aljazeera.com/sitemap.xml?yyyy=2003&mm=05&dd=20,,,,,,,,out_of_range,,al_jazeera,1.0,https://www.aljazeera.com/news/2003/5/20/barber-booked-in-milk-crate-caper,2003-05-20,2003-05-20,10.0,url_has_date|high_conf_pattern|article_section_token,"^https?://www\.aljazeera\.com/.+/\d{4}/\d{1,2}/\d{1,2}/.+",False,candidate,2026-06-05 11:29:33.165628+00:00
url_candidate,Al Jazeera,https://www.aljazeera.com/sitemap.xml,https://www.aljazeera.com/sitemap.xml?yyyy=2003&mm=05&dd=20,,,,,,,,out_of_range,,al_jazeera,1.0,https://www.aljazeera.com/news/2003/5/20/israel-defends-abbas-undermines-arafat,2003-05-20,2003-05-20,10.0,url_has_date|high_conf_pattern|article_section_token,"^https?://www\.aljazeera\.com/.+/\d{4}/\d{1,2}/\d{1,2}/.+",False,candidate,2026-06-05 11:29:33.166562+00:00
sitemap_fetch,CNN,https://www.cnn.com/sitemaps/cnn/2026-03.xml,https://www.cnn.com/sitemaps/cnn/2026-03.xml,0.0,False,404.0,,0.0,False,2.0,404 Client Error: Not Found for url: https://edition.cnn.com/sitemaps/cnn/2026-03.xml,404 Client Error: Not Found for url: https://edition.cnn.com/sitemaps/cnn/2026-03.xml,,,,,,,,,,,
sitemap_fetch,CNN,https://www.cnn.com/sitemaps/cnn/2026-04.xml,https://www.cnn.com/sitemaps/cnn/2026-04.xml,0.0,False,404.0,,0.0,False,2.0,404 Client Error: Not Found for url: https://edition.cnn.com/sitemaps/cnn/2026-04.xml,404 Client Error: Not Found for url: https://edition.cnn.com/sitemaps/cnn/2026-04.xml,,,,,,,,,,,
sitemap_fetch,CNN,https://www.cnn.com/sitemaps/cnn/2026-05.xml,https://www.cnn.com/sitemaps/cnn/2026-05.xml,0.0,False,404.0,,0.0,False,2.0,404 Client Error: Not Found for url: https://edition.cnn.com/sitemaps/cnn/2026-05.xml,404 Client Error: Not Found for url: https://edition.cnn.com/sitemaps/cnn/2026-05.xml,,,,,,,,,,,
sitemap_fetch,CNN,https://www.cnn.com/sitemaps/cnn/2026-06.xml,https://www.cnn.com/sitemaps/cnn/2026-06.xml,0.0,False,404.0,,0.0,False,2.0,404 Client Error: Not Found for url: https://edition.cnn.com/sitemaps/cnn/2026-06.xml,404 Client Error: Not Found for url: https://edition.cnn.com/sitemaps/cnn/2026-06.xml,,,,,,,,,,,
sitemap_fetch,CNN,https://www.cnn.com/sitemaps/sitemap-index.xml,https://www.cnn.com/sitemaps/sitemap-index.xml,0.0,False,404.0,,0.0,False,0.0,404 Client Error: Not Found for url: https://edition.cnn.com/sitemaps/sitemap-index.xml,404 Client Error: Not Found for url: https://edition.cnn.com/sitemaps/sitemap-index.xml,,,,,,,,,,,
sitemap_fetch,CNN,https://www.cnn.com/sitemap.xml,https://www.cnn.com/sitemap.xml,0.0,False,404.0,,0.0,False,0.0,404 Client Error: Not Found for url: https://edition.cnn.com/sitemap.xml,404 Client Error: Not Found for url: https://edition.cnn.com/sitemap.xml,,,,,,,,,,,
sitemap_fetch,CNN,https://www.cnn.com/sitemap/article.xml,https://www.cnn.com/sitemap/article.xml,0.0,True,200.0,,0.0,False,3.0,bad_sitemap,,,,,,,,,,,,
sitemap_fetch,CNN,https://www.cnn.com/sitemaps/cnn/index.xml,https://www.cnn.com/sitemaps/cnn/index.xml,0.0,True,200.0,,0.0,False,0.0,bad_sitemap,,,,,,,,,,,,
sitemap_fetch,CNN,https://www.cnn.com/sitemaps/article.xml,https://www.cnn.com/sitemaps/article.xml,0.0,False,404.0,,0.0,False,3.0,404 Client Error: Not Found for url: https://edition.cnn.com/sitemaps/article.xml,404 Client Error: Not Found for url: https://edition.cnn.com/sitemaps/article.xml,,,,,,,,,,,
