timestamp_original,timestamp_ist,trade_date_ist,instrument_name,market,timeframe,source_resolution_used,source_resolution_minutes,open_native,high_native,low_native,close_native,volume,currency_native,open_inr,high_inr,low_inr,close_inr,fx_rate_used,session_window_ist,sub_window_label,notes_data_quality,symbol,coverage_method,contract_logic,contract_symbol,source_name,source_url,source_timezone,data_quality_flags
2026-03-12 07:00:00+00:00,2026-03-12 12:00:00,2026-03-12 00:00:00,WTI Crude Futures,NYMEX,60m,60m,60,92.52999878,92.52999878,89.87999725,90.44999695,0,USD,,,,,,other_valid_hours,,Yahoo 60m history truncated by provider lookback window,,,,,,,,
2026-03-12 07:30:00+00:00,2026-03-12 13:00:00,2026-03-12 00:00:00,WTI Crude Futures,NYMEX,60m,15m,15,91.31999969,92.12999725,89.87999725,92.05000305,16145,USD,,,,,,other_valid_hours,,Yahoo 15m history truncated by provider lookback window,,,,,,,,
2026-03-12 08:30:00+00:00,2026-03-12 14:00:00,2026-03-12 00:00:00,WTI Crude Futures,NYMEX,60m,5m,5,92.05000305,92.87999725,91.68000031,92.44000244,13334,USD,,,,,,other_valid_hours,,Yahoo 5m history truncated by provider lookback window,,,,,,,,
2026-03-12 09:30:00+00:00,2026-03-12 15:00:00,2026-03-12 00:00:00,WTI Crude Futures,NYMEX,60m,5m,5,92.44999695,92.65000153,90.87000275,91.36000061,16788,USD,,,,,,other_valid_hours,,Yahoo 5m history truncated by provider lookback window,,,,,,,,
2026-03-12 10:30:00+00:00,2026-03-12 16:00:00,2026-03-12 00:00:00,WTI Crude Futures,NYMEX,60m,5m,5,91.31999969,92.41000366,90.66999817,91.72000122,14160,USD,,,,,,europe_open,first_hour_after_europe_open,Yahoo 5m history truncated by provider lookback window,,,,,,,,
2026-03-12 11:30:00+00:00,2026-03-12 17:00:00,2026-03-12 00:00:00,WTI Crude Futures,NYMEX,60m,5m,5,91.72000122,93.55000305,91.26999664,93.26000214,17721,USD,,,,,,europe_open,,Yahoo 5m history truncated by provider lookback window,,,,,,,,
2026-03-12 12:30:00+00:00,2026-03-12 18:00:00,2026-03-12 00:00:00,WTI Crude Futures,NYMEX,60m,5m,5,93.27999878,95.19999695,92.56999969,94.36000061,35474,USD,,,,,,europe_mid,,Yahoo 5m history truncated by provider lookback window,,,,,,,,
2026-03-12 13:30:00+00:00,2026-03-12 19:00:00,2026-03-12 00:00:00,WTI Crude Futures,NYMEX,60m,5m,5,94.37000275,96.12999725,93.56999969,96.01000214,41123,USD,,,,,,europe_mid,,Yahoo 5m history truncated by provider lookback window,,,,,,,,
2026-03-12 14:30:00+00:00,2026-03-12 20:00:00,2026-03-12 00:00:00,WTI Crude Futures,NYMEX,60m,5m,5,96.0,97.04000092,94.23000336,96.55000305,51357,USD,,,,,,us_pre_open,,Yahoo 5m history truncated by provider lookback window,,,,,,,,
2026-03-12 15:30:00+00:00,2026-03-12 21:00:00,2026-03-12 00:00:00,WTI Crude Futures,NYMEX,60m,5m,5,96.56999969,97.19000244,94.30000305,94.80000305,54658,USD,,,,,,us_open,first_30m_after_us_open,Yahoo 5m history truncated by provider lookback window,,,,,,,,
2026-03-12 16:30:00+00:00,2026-03-12 22:00:00,2026-03-12 00:00:00,WTI Crude Futures,NYMEX,60m,5m,5,94.80000305,95.52999878,93.02999878,95.12000275,33999,USD,,,,,,us_open,,Yahoo 5m history truncated by provider lookback window,,,,,,,,
2026-03-12 17:30:00+00:00,2026-03-12 23:00:00,2026-03-12 00:00:00,WTI Crude Futures,NYMEX,60m,5m,5,95.12000275,95.91000366,93.91999817,95.72000122,43483,USD,,,,,,us_late,us_late_reversal_window,Yahoo 5m history truncated by provider lookback window,,,,,,,,
2026-03-12 18:30:00+00:00,2026-03-13 00:00:00,2026-03-12 00:00:00,WTI Crude Futures,NYMEX,60m,5m,5,95.73000336,96.95999908,95.58999634,96.18000031,22436,USD,,,,,,us_late,final_hour_of_session_if_identifiable,Yahoo 5m history truncated by provider lookback window,,,,,,,,
2026-03-12 19:30:00+00:00,2026-03-13 01:00:00,2026-03-12 00:00:00,WTI Crude Futures,NYMEX,60m,5m,5,96.19000244,96.63999939,95.41999817,96.30999756,11169,USD,,,,,,us_late,,Yahoo 5m history truncated by provider lookback window,,,,,,,,
2026-03-12 20:30:00+00:00,2026-03-13 02:00:00,2026-03-12 00:00:00,WTI Crude Futures,NYMEX,60m,5m,5,96.27999878,96.66000366,96.13999939,96.38999939,3286,USD,,,,,,other_valid_hours,,Yahoo 5m history truncated by provider lookback window | Partial 5m coverage used for 60m bucket because no fuller finer bucket was available,,,,,,,,
2026-03-12 22:00:00+00:00,2026-03-13 03:00:00,2026-03-13 00:00:00,WTI Crude Futures,NYMEX,60m,60m,60,96.73999786,98.08999634,95.69000244,96.22000122,0,USD,,,,,,other_valid_hours,,Yahoo 60m history truncated by provider lookback window,,,,,,,,
2026-03-12 22:30:00+00:00,2026-03-13 04:00:00,2026-03-13 00:00:00,WTI Crude Futures,NYMEX,60m,5m,5,97.29000092,97.5,95.69000244,96.87000275,7314,USD,,,,,,asia_early,,Yahoo 5m history truncated by provider lookback window,,,,,,,,
2026-03-12 23:30:00+00:00,2026-03-13 05:00:00,2026-03-13 00:00:00,WTI Crude Futures,NYMEX,60m,5m,5,96.87000275,97.08999634,94.83000183,95.18000031,8075,USD,,,,,,asia_early,,Yahoo 5m history truncated by provider lookback window,,,,,,,,
2026-03-13 00:30:00+00:00,2026-03-13 06:00:00,2026-03-13 00:00:00,WTI Crude Futures,NYMEX,60m,5m,5,95.16000366,95.76999664,94.66000366,94.98000336,9226,USD,,,,,,asia_early,,Yahoo 5m history truncated by provider lookback window,,,,,,,,
2026-03-13 01:30:00+00:00,2026-03-13 07:00:00,2026-03-13 00:00:00,WTI Crude Futures,NYMEX,60m,5m,5,94.98000336,96.22000122,94.91999817,95.80999756,7082,USD,,,,,,asia_early,,Yahoo 5m history truncated by provider lookback window,,,,,,,,
2026-03-13 02:30:00+00:00,2026-03-13 08:00:00,2026-03-13 00:00:00,WTI Crude Futures,NYMEX,60m,5m,5,95.81999969,96.61000061,95.48000336,95.91000366,5673,USD,,,,,,asia_early,,Yahoo 5m history truncated by provider lookback window,,,,,,,,
2026-03-13 03:30:00+00:00,2026-03-13 09:00:00,2026-03-13 00:00:00,WTI Crude Futures,NYMEX,60m,5m,5,95.91999817,95.97000122,95.19000244,95.68000031,4712,USD,,,,,,other_valid_hours,,Yahoo 5m history truncated by provider lookback window,,,,,,,,
2026-03-13 04:30:00+00:00,2026-03-13 10:00:00,2026-03-13 00:00:00,WTI Crude Futures,NYMEX,60m,5m,5,95.68000031,95.87000275,95.09999847,95.25,3257,USD,,,,,,other_valid_hours,,Yahoo 5m history truncated by provider lookback window,,,,,,,,
2026-03-13 05:30:00+00:00,2026-03-13 11:00:00,2026-03-13 00:00:00,WTI Crude Futures,NYMEX,60m,5m,5,95.27999878,95.83000183,94.51999664,95.63999939,7614,USD,,,,,,other_valid_hours,,Yahoo 5m history truncated by provider lookback window,,,,,,,,
2026-03-13 06:30:00+00:00,2026-03-13 12:00:00,2026-03-13 00:00:00,WTI Crude Futures,NYMEX,60m,5m,5,95.63999939,97.06999969,95.23000336,96.69000244,9116,USD,,,,,,other_valid_hours,,Yahoo 5m history truncated by provider lookback window,,,,,,,,
2026-03-13 07:30:00+00:00,2026-03-13 13:00:00,2026-03-13 00:00:00,WTI Crude Futures,NYMEX,60m,5m,5,96.69000244,97.83999634,96.23999786,97.12999725,16168,USD,,,,,,other_valid_hours,,Yahoo 5m history truncated by provider lookback window,,,,,,,,
2026-03-13 08:30:00+00:00,2026-03-13 14:00:00,2026-03-13 00:00:00,WTI Crude Futures,NYMEX,60m,5m,5,97.11000061,97.16000366,94.98000336,95.94000244,19504,USD,,,,,,other_valid_hours,,Yahoo 5m history truncated by provider lookback window,,,,,,,,
2026-03-13 09:30:00+00:00,2026-03-13 15:00:00,2026-03-13 00:00:00,WTI Crude Futures,NYMEX,60m,5m,5,95.93000031,96.27999878,94.95999908,95.15000153,9438,USD,,,,,,other_valid_hours,,Yahoo 5m history truncated by provider lookback window,,,,,,,,
2026-03-13 10:30:00+00:00,2026-03-13 16:00:00,2026-03-13 00:00:00,WTI Crude Futures,NYMEX,60m,5m,5,95.13999939,95.41999817,93.12000275,94.43000031,25232,USD,,,,,,europe_open,first_hour_after_europe_open,Yahoo 5m history truncated by provider lookback window,,,,,,,,
2026-03-13 11:30:00+00:00,2026-03-13 17:00:00,2026-03-13 00:00:00,WTI Crude Futures,NYMEX,60m,5m,5,94.43000031,94.58999634,93.02999878,93.87999725,17185,USD,,,,,,europe_open,,Yahoo 5m history truncated by provider lookback window,,,,,,,,
2026-03-13 12:30:00+00:00,2026-03-13 18:00:00,2026-03-13 00:00:00,WTI Crude Futures,NYMEX,60m,5m,5,93.87999725,94.38999939,92.04000092,93.61000061,36711,USD,,,,,,europe_mid,,Yahoo 5m history truncated by provider lookback window,,,,,,,,
2026-03-13 13:30:00+00:00,2026-03-13 19:00:00,2026-03-13 00:00:00,WTI Crude Futures,NYMEX,60m,5m,5,93.62000275,94.87000275,93.19000244,94.56999969,34236,USD,,,,,,europe_mid,,Yahoo 5m history truncated by provider lookback window,,,,,,,,
2026-03-13 14:30:00+00:00,2026-03-13 20:00:00,2026-03-13 00:00:00,WTI Crude Futures,NYMEX,60m,5m,5,94.55000305,96.16000366,94.01999664,95.76000214,32764,USD,,,,,,us_pre_open,,Yahoo 5m history truncated by provider lookback window,,,,,,,,
2026-03-13 15:30:00+00:00,2026-03-13 21:00:00,2026-03-13 00:00:00,WTI Crude Futures,NYMEX,60m,5m,5,95.75,97.55000305,95.55000305,97.18000031,38656,USD,,,,,,us_open,first_30m_after_us_open,Yahoo 5m history truncated by provider lookback window,,,,,,,,
2026-03-13 16:30:00+00:00,2026-03-13 22:00:00,2026-03-13 00:00:00,WTI Crude Futures,NYMEX,60m,5m,5,97.19999695,97.26999664,96.38999939,96.70999908,24941,USD,,,,,,us_open,,Yahoo 5m history truncated by provider lookback window,,,,,,,,
2026-03-13 17:30:00+00:00,2026-03-13 23:00:00,2026-03-13 00:00:00,WTI Crude Futures,NYMEX,60m,5m,5,96.70999908,99.31999969,96.70999908,98.55999756,49088,USD,,,,,,us_late,us_late_reversal_window,Yahoo 5m history truncated by provider lookback window,,,,,,,,
2026-03-13 18:30:00+00:00,2026-03-14 00:00:00,2026-03-13 00:00:00,WTI Crude Futures,NYMEX,60m,5m,5,98.55999756,98.58000183,97.0,97.94999695,18853,USD,,,,,,us_late,final_hour_of_session_if_identifiable,Yahoo 5m history truncated by provider lookback window,,,,,,,,
2026-03-13 19:30:00+00:00,2026-03-14 01:00:00,2026-03-13 00:00:00,WTI Crude Futures,NYMEX,60m,5m,5,97.94000244,98.98000336,97.69000244,98.65000153,11709,USD,,,,,,us_late,,Yahoo 5m history truncated by provider lookback window,,,,,,,,
2026-03-13 20:30:00+00:00,2026-03-14 02:00:00,2026-03-13 00:00:00,WTI Crude Futures,NYMEX,60m,5m,5,98.66999817,99.30999756,98.30999756,99.27999878,4743,USD,,,,,,other_valid_hours,,Yahoo 5m history truncated by provider lookback window | Partial 5m coverage used for 60m bucket because no fuller finer bucket was available,,,,,,,,
2026-03-15 22:00:00+00:00,2026-03-16 03:00:00,2026-03-16 00:00:00,WTI Crude Futures,NYMEX,60m,60m,60,101.5800018,101.7600021,99.33999634,99.59999847,13828,USD,,,,,,other_valid_hours,,Yahoo 60m history truncated by provider lookback window,,,,,,,,
2026-03-15 22:30:00+00:00,2026-03-16 04:00:00,2026-03-16 00:00:00,WTI Crude Futures,NYMEX,60m,5m,5,101.1900024,101.3799973,99.33999634,99.79000092,13537,USD,,,,,,asia_early,,Yahoo 5m history truncated by provider lookback window,,,,,,,,
2026-03-15 23:30:00+00:00,2026-03-16 05:00:00,2026-03-16 00:00:00,WTI Crude Futures,NYMEX,60m,5m,5,99.77999878,100.4400024,97.61000061,98.11000061,14432,USD,,,,,,asia_early,,Yahoo 5m history truncated by provider lookback window,,,,,,,,
2026-03-16 00:30:00+00:00,2026-03-16 06:00:00,2026-03-16 00:00:00,WTI Crude Futures,NYMEX,60m,5m,5,98.12999725,98.31999969,96.73999786,98.30999756,9750,USD,,,,,,asia_early,,Yahoo 5m history truncated by provider lookback window,,,,,,,,
2026-03-16 01:30:00+00:00,2026-03-16 07:00:00,2026-03-16 00:00:00,WTI Crude Futures,NYMEX,60m,5m,5,98.31999969,99.05999756,98.08999634,98.91999817,8793,USD,,,,,,asia_early,,Yahoo 5m history truncated by provider lookback window,,,,,,,,
2026-03-16 02:30:00+00:00,2026-03-16 08:00:00,2026-03-16 00:00:00,WTI Crude Futures,NYMEX,60m,5m,5,98.93000031,99.37999725,98.63999939,98.88999939,7141,USD,,,,,,asia_early,,Yahoo 5m history truncated by provider lookback window,,,,,,,,
2026-03-16 03:30:00+00:00,2026-03-16 09:00:00,2026-03-16 00:00:00,WTI Crude Futures,NYMEX,60m,5m,5,98.91000366,99.68000031,98.55000305,99.51999664,4608,USD,,,,,,other_valid_hours,,Yahoo 5m history truncated by provider lookback window,,,,,,,,
2026-03-16 04:30:00+00:00,2026-03-16 10:00:00,2026-03-16 00:00:00,WTI Crude Futures,NYMEX,60m,5m,5,99.54000092,99.79000092,99.33999634,99.55999756,2173,USD,,,,,,other_valid_hours,,Yahoo 5m history truncated by provider lookback window,,,,,,,,
2026-03-16 05:30:00+00:00,2026-03-16 11:00:00,2026-03-16 00:00:00,WTI Crude Futures,NYMEX,60m,5m,5,99.58000183,99.73999786,98.12000275,99.19000244,7308,USD,,,,,,other_valid_hours,,Yahoo 5m history truncated by provider lookback window,,,,,,,,
2026-03-16 06:30:00+00:00,2026-03-16 12:00:00,2026-03-16 00:00:00,WTI Crude Futures,NYMEX,60m,5m,5,99.18000031,100.5,98.58999634,100.3899994,9223,USD,,,,,,other_valid_hours,,Yahoo 5m history truncated by provider lookback window,,,,,,,,
2026-03-16 07:30:00+00:00,2026-03-16 13:00:00,2026-03-16 00:00:00,WTI Crude Futures,NYMEX,60m,5m,5,100.3899994,101.0299988,99.87000275,100.2200012,14805,USD,,,,,,other_valid_hours,,Yahoo 5m history truncated by provider lookback window,,,,,,,,
2026-03-16 08:30:00+00:00,2026-03-16 14:00:00,2026-03-16 00:00:00,WTI Crude Futures,NYMEX,60m,5m,5,100.2099991,100.7699966,99.12000275,99.26999664,13088,USD,,,,,,other_valid_hours,,Yahoo 5m history truncated by provider lookback window,,,,,,,,
2026-03-16 09:30:00+00:00,2026-03-16 15:00:00,2026-03-16 00:00:00,WTI Crude Futures,NYMEX,60m,5m,5,99.23999786,99.41000366,97.54000092,97.62999725,14661,USD,,,,,,other_valid_hours,,Yahoo 5m history truncated by provider lookback window,,,,,,,,
2026-03-16 10:30:00+00:00,2026-03-16 16:00:00,2026-03-16 00:00:00,WTI Crude Futures,NYMEX,60m,5m,5,97.63999939,97.94000244,96.66000366,97.61000061,19755,USD,,,,,,europe_open,first_hour_after_europe_open,Yahoo 5m history truncated by provider lookback window,,,,,,,,
2026-03-16 11:30:00+00:00,2026-03-16 17:00:00,2026-03-16 00:00:00,WTI Crude Futures,NYMEX,60m,5m,5,97.58999634,97.61000061,96.26999664,96.63999939,22163,USD,,,,,,europe_open,,Yahoo 5m history truncated by provider lookback window,,,,,,,,
2026-03-16 12:30:00+00:00,2026-03-16 18:00:00,2026-03-16 00:00:00,WTI Crude Futures,NYMEX,60m,5m,5,96.63999939,96.72000122,94.30999756,94.83999634,44801,USD,,,,,,europe_mid,,Yahoo 5m history truncated by provider lookback window,,,,,,,,
2026-03-16 13:30:00+00:00,2026-03-16 19:00:00,2026-03-16 00:00:00,WTI Crude Futures,NYMEX,60m,5m,5,94.83000183,95.12000275,92.97000122,94.27999878,45069,USD,,,,,,europe_mid,,Yahoo 5m history truncated by provider lookback window,,,,,,,,
2026-03-16 14:30:00+00:00,2026-03-16 20:00:00,2026-03-16 00:00:00,WTI Crude Futures,NYMEX,60m,5m,5,94.29000092,95.73999786,94.26000214,95.37999725,28934,USD,,,,,,us_pre_open,,Yahoo 5m history truncated by provider lookback window,,,,,,,,
2026-03-16 15:30:00+00:00,2026-03-16 21:00:00,2026-03-16 00:00:00,WTI Crude Futures,NYMEX,60m,5m,5,95.38999939,96.58000183,94.52999878,96.22000122,28016,USD,,,,,,us_open,first_30m_after_us_open,Yahoo 5m history truncated by provider lookback window,,,,,,,,
2026-03-16 16:30:00+00:00,2026-03-16 22:00:00,2026-03-16 00:00:00,WTI Crude Futures,NYMEX,60m,5m,5,96.22000122,96.33000183,93.72000122,93.98000336,32055,USD,,,,,,us_open,,Yahoo 5m history truncated by provider lookback window,,,,,,,,
2026-03-16 17:30:00+00:00,2026-03-16 23:00:00,2026-03-16 00:00:00,WTI Crude Futures,NYMEX,60m,5m,5,93.98999786,94.62000275,92.97000122,93.51000214,37830,USD,,,,,,us_late,us_late_reversal_window,Yahoo 5m history truncated by provider lookback window,,,,,,,,
2026-03-16 18:30:00+00:00,2026-03-17 00:00:00,2026-03-16 00:00:00,WTI Crude Futures,NYMEX,60m,5m,5,93.51000214,94.76000214,93.33999634,93.98999786,14603,USD,,,,,,us_late,final_hour_of_session_if_identifiable,Yahoo 5m history truncated by provider lookback window,,,,,,,,
2026-03-16 19:30:00+00:00,2026-03-17 01:00:00,2026-03-16 00:00:00,WTI Crude Futures,NYMEX,60m,5m,5,94.02999878,94.40000153,92.93000031,93.87000275,13868,USD,,,,,,us_late,,Yahoo 5m history truncated by provider lookback window,,,,,,,,
2026-03-16 20:30:00+00:00,2026-03-17 02:00:00,2026-03-16 00:00:00,WTI Crude Futures,NYMEX,60m,5m,5,93.86000061,94.41000366,93.52999878,94.22000122,4581,USD,,,,,,other_valid_hours,,Yahoo 5m history truncated by provider lookback window | Partial 5m coverage used for 60m bucket because no fuller finer bucket was available,,,,,,,,
2026-03-16 22:00:00+00:00,2026-03-17 03:00:00,2026-03-17 00:00:00,WTI Crude Futures,NYMEX,60m,60m,60,94.41000366,95.31999969,93.87999725,94.95999908,0,USD,,,,,,other_valid_hours,,Yahoo 60m history truncated by provider lookback window,,,,,,,,
2026-03-16 22:30:00+00:00,2026-03-17 04:00:00,2026-03-17 00:00:00,WTI Crude Futures,NYMEX,60m,5m,5,94.36000061,95.31999969,94.33000183,95.05999756,4197,USD,,,,,,asia_early,,Yahoo 5m history truncated by provider lookback window,,,,,,,,
2026-03-16 23:30:00+00:00,2026-03-17 05:00:00,2026-03-17 00:00:00,WTI Crude Futures,NYMEX,60m,5m,5,95.05000305,95.55999756,94.47000122,95.41000366,4885,USD,,,,,,asia_early,,Yahoo 5m history truncated by provider lookback window,,,,,,,,
2026-03-17 00:30:00+00:00,2026-03-17 06:00:00,2026-03-17 00:00:00,WTI Crude Futures,NYMEX,60m,5m,5,95.41000366,96.36000061,95.37999725,95.54000092,7704,USD,,,,,,asia_early,,Yahoo 5m history truncated by provider lookback window,,,,,,,,
2026-03-17 01:30:00+00:00,2026-03-17 07:00:00,2026-03-17 00:00:00,WTI Crude Futures,NYMEX,60m,5m,5,95.51999664,96.16000366,95.18000031,95.97000122,7150,USD,,,,,,asia_early,,Yahoo 5m history truncated by provider lookback window,,,,,,,,
2026-03-17 02:30:00+00:00,2026-03-17 08:00:00,2026-03-17 00:00:00,WTI Crude Futures,NYMEX,60m,5m,5,95.97000122,96.13999939,95.56999969,95.98000336,3628,USD,,,,,,asia_early,,Yahoo 5m history truncated by provider lookback window,,,,,,,,
2026-03-17 03:30:00+00:00,2026-03-17 09:00:00,2026-03-17 00:00:00,WTI Crude Futures,NYMEX,60m,5m,5,95.97000122,96.30000305,95.73999786,95.88999939,3120,USD,,,,,,other_valid_hours,,Yahoo 5m history truncated by provider lookback window,,,,,,,,
2026-03-17 04:30:00+00:00,2026-03-17 10:00:00,2026-03-17 00:00:00,WTI Crude Futures,NYMEX,60m,5m,5,95.88999939,95.90000153,95.34999847,95.40000153,2350,USD,,,,,,other_valid_hours,,Yahoo 5m history truncated by provider lookback window,,,,,,,,
2026-03-17 05:30:00+00:00,2026-03-17 11:00:00,2026-03-17 00:00:00,WTI Crude Futures,NYMEX,60m,5m,5,95.40000153,98.41999817,95.27999878,97.16999817,11996,USD,,,,,,other_valid_hours,,Yahoo 5m history truncated by provider lookback window,,,,,,,,
2026-03-17 06:30:00+00:00,2026-03-17 12:00:00,2026-03-17 00:00:00,WTI Crude Futures,NYMEX,60m,5m,5,97.15000153,97.76999664,96.58999634,96.87000275,6637,USD,,,,,,other_valid_hours,,Yahoo 5m history truncated by provider lookback window,,,,,,,,
2026-03-17 07:30:00+00:00,2026-03-17 13:00:00,2026-03-17 00:00:00,WTI Crude Futures,NYMEX,60m,5m,5,96.90000153,97.05999756,95.70999908,96.75,40100,USD,,,,,,other_valid_hours,,Yahoo 5m history truncated by provider lookback window,,,,,,,,
2026-03-17 08:30:00+00:00,2026-03-17 14:00:00,2026-03-17 00:00:00,WTI Crude Futures,NYMEX,60m,5m,5,96.73999786,97.0,95.16000366,95.25,14458,USD,,,,,,other_valid_hours,,Yahoo 5m history truncated by provider lookback window,,,,,,,,
2026-03-17 09:30:00+00:00,2026-03-17 15:00:00,2026-03-17 00:00:00,WTI Crude Futures,NYMEX,60m,5m,5,95.26000214,96.23999786,94.98000336,96.02999878,12831,USD,,,,,,other_valid_hours,,Yahoo 5m history truncated by provider lookback window,,,,,,,,
2026-03-17 10:30:00+00:00,2026-03-17 16:00:00,2026-03-17 00:00:00,WTI Crude Futures,NYMEX,60m,5m,5,96.04000092,96.16999817,95.47000122,95.87000275,10884,USD,,,,,,europe_open,first_hour_after_europe_open,Yahoo 5m history truncated by provider lookback window,,,,,,,,
2026-03-17 11:30:00+00:00,2026-03-17 17:00:00,2026-03-17 00:00:00,WTI Crude Futures,NYMEX,60m,5m,5,95.87000275,96.37000275,94.56999969,94.87000275,20847,USD,,,,,,europe_open,,Yahoo 5m history truncated by provider lookback window,,,,,,,,
2026-03-17 12:30:00+00:00,2026-03-17 18:00:00,2026-03-17 00:00:00,WTI Crude Futures,NYMEX,60m,5m,5,94.87000275,95.29000092,93.91000366,94.26000214,32485,USD,,,,,,europe_mid,,Yahoo 5m history truncated by provider lookback window,,,,,,,,
2026-03-17 13:30:00+00:00,2026-03-17 19:00:00,2026-03-17 00:00:00,WTI Crude Futures,NYMEX,60m,5m,5,94.26000214,94.80999756,93.18000031,94.23000336,35582,USD,,,,,,europe_mid,,Yahoo 5m history truncated by provider lookback window,,,,,,,,
2026-03-17 14:30:00+00:00,2026-03-17 20:00:00,2026-03-17 00:00:00,WTI Crude Futures,NYMEX,60m,5m,5,94.20999908,94.36000061,93.19000244,94.16999817,33099,USD,,,,,,us_pre_open,,Yahoo 5m history truncated by provider lookback window,,,,,,,,
2026-03-17 15:30:00+00:00,2026-03-17 21:00:00,2026-03-17 00:00:00,WTI Crude Futures,NYMEX,60m,5m,5,94.18000031,95.22000122,93.59999847,93.65000153,34727,USD,,,,,,us_open,first_30m_after_us_open,Yahoo 5m history truncated by provider lookback window,,,,,,,,
2026-03-17 16:30:00+00:00,2026-03-17 22:00:00,2026-03-17 00:00:00,WTI Crude Futures,NYMEX,60m,5m,5,93.66000366,95.37000275,93.62999725,95.01000214,24773,USD,,,,,,us_open,,Yahoo 5m history truncated by provider lookback window,,,,,,,,
2026-03-17 17:30:00+00:00,2026-03-17 23:00:00,2026-03-17 00:00:00,WTI Crude Futures,NYMEX,60m,5m,5,95.01999664,95.65000153,94.33000183,95.44999695,33481,USD,,,,,,us_late,us_late_reversal_window,Yahoo 5m history truncated by provider lookback window,,,,,,,,
2026-03-17 18:30:00+00:00,2026-03-18 00:00:00,2026-03-17 00:00:00,WTI Crude Futures,NYMEX,60m,5m,5,95.44999695,95.56999969,95.0,95.16999817,13804,USD,,,,,,us_late,final_hour_of_session_if_identifiable,Yahoo 5m history truncated by provider lookback window,,,,,,,,
2026-03-17 19:30:00+00:00,2026-03-18 01:00:00,2026-03-17 00:00:00,WTI Crude Futures,NYMEX,60m,5m,5,95.16000366,95.62000275,95.06999969,95.23999786,8396,USD,,,,,,us_late,,Yahoo 5m history truncated by provider lookback window,,,,,,,,
2026-03-17 20:30:00+00:00,2026-03-18 02:00:00,2026-03-17 00:00:00,WTI Crude Futures,NYMEX,60m,5m,5,95.23999786,95.48999786,95.16000366,95.30000305,3164,USD,,,,,,other_valid_hours,,Yahoo 5m history truncated by provider lookback window | Partial 5m coverage used for 60m bucket because no fuller finer bucket was available,,,,,,,,
2026-03-17 22:00:00+00:00,2026-03-18 03:00:00,2026-03-18 00:00:00,WTI Crude Futures,NYMEX,60m,60m,60,95.26999664,95.65000153,94.25,95.16000366,0,USD,,,,,,other_valid_hours,,Yahoo 60m history truncated by provider lookback window,,,,,,,,
2026-03-17 22:30:00+00:00,2026-03-18 04:00:00,2026-03-18 00:00:00,WTI Crude Futures,NYMEX,60m,5m,5,94.90000153,95.63999939,94.62000275,95.56999969,4250,USD,,,,,,asia_early,,Yahoo 5m history truncated by provider lookback window,,,,,,,,
2026-03-17 23:30:00+00:00,2026-03-18 05:00:00,2026-03-18 00:00:00,WTI Crude Futures,NYMEX,60m,5m,5,95.55000305,95.65000153,94.76000214,94.87999725,6312,USD,,,,,,asia_early,,Yahoo 5m history truncated by provider lookback window,,,,,,,,
2026-03-18 00:30:00+00:00,2026-03-18 06:00:00,2026-03-18 00:00:00,WTI Crude Futures,NYMEX,60m,5m,5,94.88999939,95.01999664,93.75,94.37999725,9560,USD,,,,,,asia_early,,Yahoo 5m history truncated by provider lookback window,,,,,,,,
2026-03-18 01:30:00+00:00,2026-03-18 07:00:00,2026-03-18 00:00:00,WTI Crude Futures,NYMEX,60m,5m,5,94.40000153,94.5,93.98000336,94.02999878,4241,USD,,,,,,asia_early,,Yahoo 5m history truncated by provider lookback window,,,,,,,,
2026-03-18 02:30:00+00:00,2026-03-18 08:00:00,2026-03-18 00:00:00,WTI Crude Futures,NYMEX,60m,5m,5,94.0,94.0,93.19999695,93.55000305,7598,USD,,,,,,asia_early,,Yahoo 5m history truncated by provider lookback window,,,,,,,,
2026-03-18 03:30:00+00:00,2026-03-18 09:00:00,2026-03-18 00:00:00,WTI Crude Futures,NYMEX,60m,5m,5,93.55000305,93.73000336,92.09999847,92.52999878,12822,USD,,,,,,other_valid_hours,,Yahoo 5m history truncated by provider lookback window,,,,,,,,
2026-03-18 04:30:00+00:00,2026-03-18 10:00:00,2026-03-18 00:00:00,WTI Crude Futures,NYMEX,60m,5m,5,92.54000092,92.93000031,92.11000061,92.33999634,5557,USD,,,,,,other_valid_hours,,Yahoo 5m history truncated by provider lookback window,,,,,,,,
2026-03-18 05:30:00+00:00,2026-03-18 11:00:00,2026-03-18 00:00:00,WTI Crude Futures,NYMEX,60m,5m,5,92.34999847,92.63999939,91.44999695,91.98000336,14352,USD,,,,,,other_valid_hours,,Yahoo 5m history truncated by provider lookback window,,,,,,,,
2026-03-18 06:30:00+00:00,2026-03-18 12:00:00,2026-03-18 00:00:00,WTI Crude Futures,NYMEX,60m,5m,5,91.97000122,93.12000275,91.86000061,93.01000214,10812,USD,,,,,,other_valid_hours,,Yahoo 5m history truncated by provider lookback window,,,,,,,,
2026-03-18 07:30:00+00:00,2026-03-18 13:00:00,2026-03-18 00:00:00,WTI Crude Futures,NYMEX,60m,5m,5,93.0,93.87999725,92.91000366,93.81999969,14075,USD,,,,,,other_valid_hours,,Yahoo 5m history truncated by provider lookback window,,,,,,,,
2026-03-18 08:30:00+00:00,2026-03-18 14:00:00,2026-03-18 00:00:00,WTI Crude Futures,NYMEX,60m,5m,5,93.83000183,94.41999817,93.69000244,94.0,18957,USD,,,,,,other_valid_hours,,Yahoo 5m history truncated by provider lookback window,,,,,,,,
2026-03-18 09:30:00+00:00,2026-03-18 15:00:00,2026-03-18 00:00:00,WTI Crude Futures,NYMEX,60m,5m,5,93.98999786,94.48999786,93.91000366,94.20999908,10104,USD,,,,,,other_valid_hours,,Yahoo 5m history truncated by provider lookback window,,,,,,,,
2026-03-18 10:30:00+00:00,2026-03-18 16:00:00,2026-03-18 00:00:00,WTI Crude Futures,NYMEX,60m,5m,5,94.20999908,95.51999664,93.90000153,95.36000061,20603,USD,,,,,,europe_open,first_hour_after_europe_open,Yahoo 5m history truncated by provider lookback window,,,,,,,,
2026-03-18 11:30:00+00:00,2026-03-18 17:00:00,2026-03-18 00:00:00,WTI Crude Futures,NYMEX,60m,5m,5,95.40000153,96.0,94.01000214,95.51999664,42389,USD,,,,,,europe_open,,Yahoo 5m history truncated by provider lookback window,,,,,,,,
2026-03-18 12:30:00+00:00,2026-03-18 18:00:00,2026-03-18 00:00:00,WTI Crude Futures,NYMEX,60m,5m,5,95.5,97.94999695,95.31999969,97.16999817,73988,USD,,,,,,europe_mid,,Yahoo 5m history truncated by provider lookback window,,,,,,,,
2026-03-18 13:30:00+00:00,2026-03-18 19:00:00,2026-03-18 00:00:00,WTI Crude Futures,NYMEX,60m,5m,5,97.16999817,98.43000031,96.93000031,98.09999847,53643,USD,,,,,,europe_mid,,Yahoo 5m history truncated by provider lookback window,,,,,,,,
2026-03-18 14:30:00+00:00,2026-03-18 20:00:00,2026-03-18 00:00:00,WTI Crude Futures,NYMEX,60m,5m,5,98.06999969,98.66999817,97.41999817,98.29000092,53079,USD,,,,,,us_pre_open,,Yahoo 5m history truncated by provider lookback window,,,,,,,,
2026-03-18 15:30:00+00:00,2026-03-18 21:00:00,2026-03-18 00:00:00,WTI Crude Futures,NYMEX,60m,5m,5,98.27999878,98.30000305,96.52999878,96.80000305,52267,USD,,,,,,us_open,first_30m_after_us_open,Yahoo 5m history truncated by provider lookback window,,,,,,,,
2026-03-18 16:30:00+00:00,2026-03-18 22:00:00,2026-03-18 00:00:00,WTI Crude Futures,NYMEX,60m,5m,5,96.80999756,97.38999939,96.56999969,97.12999725,30585,USD,,,,,,us_open,,Yahoo 5m history truncated by provider lookback window,,,,,,,,
2026-03-18 17:30:00+00:00,2026-03-18 23:00:00,2026-03-18 00:00:00,WTI Crude Futures,NYMEX,60m,5m,5,97.12999725,97.36000061,94.20999908,95.36000061,78988,USD,,,,,,us_late,us_late_reversal_window,Yahoo 5m history truncated by provider lookback window,,,,,,,,
2026-03-18 18:30:00+00:00,2026-03-19 00:00:00,2026-03-18 00:00:00,WTI Crude Futures,NYMEX,60m,5m,5,95.36000061,97.19999695,95.26000214,97.0,29499,USD,,,,,,us_late,final_hour_of_session_if_identifiable,Yahoo 5m history truncated by provider lookback window,,,,,,,,
2026-03-18 19:30:00+00:00,2026-03-19 01:00:00,2026-03-18 00:00:00,WTI Crude Futures,NYMEX,60m,5m,5,97.01000214,99.16000366,96.91999817,99.06999969,23750,USD,,,,,,us_late,,Yahoo 5m history truncated by provider lookback window,,,,,,,,
2026-03-18 20:30:00+00:00,2026-03-19 02:00:00,2026-03-18 00:00:00,WTI Crude Futures,NYMEX,60m,5m,5,99.08999634,99.77999878,98.83000183,99.05000305,10659,USD,,,,,,other_valid_hours,,Yahoo 5m history truncated by provider lookback window | Partial 5m coverage used for 60m bucket because no fuller finer bucket was available,,,,,,,,
2026-03-18 22:00:00+00:00,2026-03-19 03:00:00,2026-03-19 00:00:00,WTI Crude Futures,NYMEX,60m,60m,60,98.05999756,98.69000244,97.59999847,98.19000244,0,USD,,,,,,other_valid_hours,,Yahoo 60m history truncated by provider lookback window,,,,,,,,
2026-03-18 22:30:00+00:00,2026-03-19 04:00:00,2026-03-19 00:00:00,WTI Crude Futures,NYMEX,60m,5m,5,98.22000122,98.58999634,97.70999908,98.13999939,5427,USD,,,,,,asia_early,,Yahoo 5m history truncated by provider lookback window,,,,,,,,
2026-03-18 23:30:00+00:00,2026-03-19 05:00:00,2026-03-19 00:00:00,WTI Crude Futures,NYMEX,60m,5m,5,98.16999817,99.16999817,97.33000183,98.55999756,15258,USD,,,,,,asia_early,,Yahoo 5m history truncated by provider lookback window,,,,,,,,
2026-03-19 00:30:00+00:00,2026-03-19 06:00:00,2026-03-19 00:00:00,WTI Crude Futures,NYMEX,60m,5m,5,98.55000305,98.98999786,97.72000122,97.79000092,10170,USD,,,,,,asia_early,,Yahoo 5m history truncated by provider lookback window,,,,,,,,
2026-03-19 01:30:00+00:00,2026-03-19 07:00:00,2026-03-19 00:00:00,WTI Crude Futures,NYMEX,60m,5m,5,97.80000305,98.26999664,96.12000275,96.61000061,19104,USD,,,,,,asia_early,,Yahoo 5m history truncated by provider lookback window,,,,,,,,
2026-03-19 02:30:00+00:00,2026-03-19 08:00:00,2026-03-19 00:00:00,WTI Crude Futures,NYMEX,60m,5m,5,96.62000275,96.68000031,95.75,95.97000122,14726,USD,,,,,,asia_early,,Yahoo 5m history truncated by provider lookback window,,,,,,,,
2026-03-19 03:30:00+00:00,2026-03-19 09:00:00,2026-03-19 00:00:00,WTI Crude Futures,NYMEX,60m,5m,5,95.97000122,96.81999969,95.97000122,96.58999634,5691,USD,,,,,,other_valid_hours,,Yahoo 5m history truncated by provider lookback window,,,,,,,,
2026-03-19 04:30:00+00:00,2026-03-19 10:00:00,2026-03-19 00:00:00,WTI Crude Futures,NYMEX,60m,5m,5,96.58999634,96.83999634,95.95999908,96.26999664,5110,USD,,,,,,other_valid_hours,,Yahoo 5m history truncated by provider lookback window,,,,,,,,
2026-03-19 05:30:00+00:00,2026-03-19 11:00:00,2026-03-19 00:00:00,WTI Crude Futures,NYMEX,60m,5m,5,96.29000092,97.26999664,96.04000092,96.48000336,10639,USD,,,,,,other_valid_hours,,Yahoo 5m history truncated by provider lookback window,,,,,,,,
2026-03-19 06:30:00+00:00,2026-03-19 12:00:00,2026-03-19 00:00:00,WTI Crude Futures,NYMEX,60m,5m,5,96.48999786,96.98999786,95.31999969,95.80000305,19199,USD,,,,,,other_valid_hours,,Yahoo 5m history truncated by provider lookback window,,,,,,,,
2026-03-19 07:30:00+00:00,2026-03-19 13:00:00,2026-03-19 00:00:00,WTI Crude Futures,NYMEX,60m,5m,5,95.79000092,96.87999725,95.70999908,96.40000153,18838,USD,,,,,,other_valid_hours,,Yahoo 5m history truncated by provider lookback window,,,,,,,,
2026-03-19 08:30:00+00:00,2026-03-19 14:00:00,2026-03-19 00:00:00,WTI Crude Futures,NYMEX,60m,5m,5,96.41999817,98.95999908,95.81999969,98.30000305,42801,USD,,,,,,other_valid_hours,,Yahoo 5m history truncated by provider lookback window,,,,,,,,
2026-03-19 09:30:00+00:00,2026-03-19 15:00:00,2026-03-19 00:00:00,WTI Crude Futures,NYMEX,60m,5m,5,98.27999878,98.38999939,94.41000366,95.30000305,42617,USD,,,,,,other_valid_hours,,Yahoo 5m history truncated by provider lookback window,,,,,,,,
2026-03-19 10:30:00+00:00,2026-03-19 16:00:00,2026-03-19 00:00:00,WTI Crude Futures,NYMEX,60m,5m,5,95.30000305,97.02999878,95.25,96.66000366,18198,USD,,,,,,europe_open,first_hour_after_europe_open,Yahoo 5m history truncated by provider lookback window,,,,,,,,
2026-03-19 11:30:00+00:00,2026-03-19 17:00:00,2026-03-19 00:00:00,WTI Crude Futures,NYMEX,60m,5m,5,96.66000366,97.73999786,95.5,96.18000031,25778,USD,,,,,,europe_open,,Yahoo 5m history truncated by provider lookback window,,,,,,,,
2026-03-19 12:30:00+00:00,2026-03-19 18:00:00,2026-03-19 00:00:00,WTI Crude Futures,NYMEX,60m,5m,5,96.23000336,97.12000275,95.26999664,96.65000153,44245,USD,,,,,,europe_mid,,Yahoo 5m history truncated by provider lookback window,,,,,,,,
2026-03-19 13:30:00+00:00,2026-03-19 19:00:00,2026-03-19 00:00:00,WTI Crude Futures,NYMEX,60m,5m,5,96.66000366,97.25,95.65000153,96.97000122,52487,USD,,,,,,europe_mid,,Yahoo 5m history truncated by provider lookback window,,,,,,,,
2026-03-19 14:30:00+00:00,2026-03-19 20:00:00,2026-03-19 00:00:00,WTI Crude Futures,NYMEX,60m,5m,5,96.98000336,97.23999786,95.69000244,96.08000183,40924,USD,,,,,,us_pre_open,,Yahoo 5m history truncated by provider lookback window,,,,,,,,
2026-03-19 15:30:00+00:00,2026-03-19 21:00:00,2026-03-19 00:00:00,WTI Crude Futures,NYMEX,60m,5m,5,96.08999634,100.4800034,96.0,98.40000153,104602,USD,,,,,,us_open,first_30m_after_us_open,Yahoo 5m history truncated by provider lookback window,,,,,,,,
2026-03-19 16:30:00+00:00,2026-03-19 22:00:00,2026-03-19 00:00:00,WTI Crude Futures,NYMEX,60m,5m,5,98.38999939,98.48000336,95.33999634,95.40000153,40872,USD,,,,,,us_open,,Yahoo 5m history truncated by provider lookback window,,,,,,,,
2026-03-19 17:30:00+00:00,2026-03-19 23:00:00,2026-03-19 00:00:00,WTI Crude Futures,NYMEX,60m,5m,5,95.40000153,96.40000153,94.16000366,95.61000061,75794,USD,,,,,,us_late,us_late_reversal_window,Yahoo 5m history truncated by provider lookback window,,,,,,,,
2026-03-19 18:30:00+00:00,2026-03-20 00:00:00,2026-03-19 00:00:00,WTI Crude Futures,NYMEX,60m,5m,5,95.62000275,96.19999695,92.09999847,93.91999817,56142,USD,,,,,,us_late,final_hour_of_session_if_identifiable,Yahoo 5m history truncated by provider lookback window,,,,,,,,
2026-03-19 19:30:00+00:00,2026-03-20 01:00:00,2026-03-19 00:00:00,WTI Crude Futures,NYMEX,60m,5m,5,93.93000031,94.76999664,93.61000061,94.31999969,16462,USD,,,,,,us_late,,Yahoo 5m history truncated by provider lookback window,,,,,,,,
2026-03-19 20:30:00+00:00,2026-03-20 02:00:00,2026-03-19 00:00:00,WTI Crude Futures,NYMEX,60m,5m,5,94.33999634,94.76999664,93.97000122,94.58999634,4978,USD,,,,,,other_valid_hours,,Yahoo 5m history truncated by provider lookback window | Partial 5m coverage used for 60m bucket because no fuller finer bucket was available,,,,,,,,
2026-03-19 22:00:00+00:00,2026-03-20 03:00:00,2026-03-20 00:00:00,WTI Crude Futures,NYMEX,60m,60m,60,94.45999908,94.80000305,93.94999695,93.98999786,0,USD,,,,,,other_valid_hours,,Yahoo 60m history truncated by provider lookback window,,,,,,,,
2026-03-19 22:30:00+00:00,2026-03-20 04:00:00,2026-03-20 00:00:00,WTI Crude Futures,NYMEX,60m,5m,5,94.26999664,94.30999756,93.62000275,93.93000031,2490,USD,,,,,,asia_early,,Yahoo 5m history truncated by provider lookback window,,,,,,,,
2026-03-19 23:30:00+00:00,2026-03-20 05:00:00,2026-03-20 00:00:00,WTI Crude Futures,NYMEX,60m,5m,5,93.91999817,94.15000153,93.40000153,93.94000244,5236,USD,,,,,,asia_early,,Yahoo 5m history truncated by provider lookback window,,,,,,,,
2026-03-20 00:30:00+00:00,2026-03-20 06:00:00,2026-03-20 00:00:00,WTI Crude Futures,NYMEX,60m,5m,5,93.94999695,94.44999695,92.59999847,92.91000366,10673,USD,,,,,,asia_early,,Yahoo 5m history truncated by provider lookback window,,,,,,,,
2026-03-20 01:30:00+00:00,2026-03-20 07:00:00,2026-03-20 00:00:00,WTI Crude Futures,NYMEX,60m,5m,5,92.91999817,93.43000031,92.47000122,93.23999786,9479,USD,,,,,,asia_early,,Yahoo 5m history truncated by provider lookback window,,,,,,,,
2026-03-20 02:30:00+00:00,2026-03-20 08:00:00,2026-03-20 00:00:00,WTI Crude Futures,NYMEX,60m,5m,5,93.26999664,94.16000366,93.15000153,93.98000336,6160,USD,,,,,,asia_early,,Yahoo 5m history truncated by provider lookback window,,,,,,,,
2026-03-20 03:30:00+00:00,2026-03-20 09:00:00,2026-03-20 00:00:00,WTI Crude Futures,NYMEX,60m,5m,5,93.97000122,93.97000122,93.41000366,93.62000275,3328,USD,,,,,,other_valid_hours,,Yahoo 5m history truncated by provider lookback window,,,,,,,,
2026-03-20 04:30:00+00:00,2026-03-20 10:00:00,2026-03-20 00:00:00,WTI Crude Futures,NYMEX,60m,5m,5,93.62000275,94.06999969,93.61000061,93.87000275,3172,USD,,,,,,other_valid_hours,,Yahoo 5m history truncated by provider lookback window,,,,,,,,
2026-03-20 05:30:00+00:00,2026-03-20 11:00:00,2026-03-20 00:00:00,WTI Crude Futures,NYMEX,60m,5m,5,93.84999847,94.23000336,93.29000092,93.88999939,6225,USD,,,,,,other_valid_hours,,Yahoo 5m history truncated by provider lookback window,,,,,,,,
2026-03-20 06:30:00+00:00,2026-03-20 12:00:00,2026-03-20 00:00:00,WTI Crude Futures,NYMEX,60m,5m,5,93.88999939,94.77999878,93.86000061,94.43000031,8191,USD,,,,,,other_valid_hours,,Yahoo 5m history truncated by provider lookback window,,,,,,,,
2026-03-20 07:30:00+00:00,2026-03-20 13:00:00,2026-03-20 00:00:00,WTI Crude Futures,NYMEX,60m,5m,5,94.43000031,94.58000183,93.29000092,94.54000092,15018,USD,,,,,,other_valid_hours,,Yahoo 5m history truncated by provider lookback window,,,,,,,,
2026-03-20 08:30:00+00:00,2026-03-20 14:00:00,2026-03-20 00:00:00,WTI Crude Futures,NYMEX,60m,5m,5,94.55999756,95.81999969,94.05999756,95.73000336,19581,USD,,,,,,other_valid_hours,,Yahoo 5m history truncated by provider lookback window,,,,,,,,
2026-03-20 09:30:00+00:00,2026-03-20 15:00:00,2026-03-20 00:00:00,WTI Crude Futures,NYMEX,60m,5m,5,95.69999695,96.44999695,95.08000183,95.98999786,17455,USD,,,,,,other_valid_hours,,Yahoo 5m history truncated by provider lookback window,,,,,,,,
2026-03-20 10:30:00+00:00,2026-03-20 16:00:00,2026-03-20 00:00:00,WTI Crude Futures,NYMEX,60m,5m,5,96.0,96.13999939,94.45999908,94.61000061,15511,USD,,,,,,europe_open,first_hour_after_europe_open,Yahoo 5m history truncated by provider lookback window,,,,,,,,
2026-03-20 11:30:00+00:00,2026-03-20 17:00:00,2026-03-20 00:00:00,WTI Crude Futures,NYMEX,60m,5m,5,94.59999847,94.77999878,93.90000153,94.19999695,18547,USD,,,,,,europe_open,,Yahoo 5m history truncated by provider lookback window,,,,,,,,
2026-03-20 12:30:00+00:00,2026-03-20 18:00:00,2026-03-20 00:00:00,WTI Crude Futures,NYMEX,60m,5m,5,94.22000122,95.62999725,94.20999908,95.54000092,24875,USD,,,,,,europe_mid,,Yahoo 5m history truncated by provider lookback window,,,,,,,,
2026-03-20 13:30:00+00:00,2026-03-20 19:00:00,2026-03-20 00:00:00,WTI Crude Futures,NYMEX,60m,5m,5,95.52999878,96.22000122,95.0,95.86000061,32219,USD,,,,,,europe_mid,,Yahoo 5m history truncated by provider lookback window,,,,,,,,
2026-03-20 14:30:00+00:00,2026-03-20 20:00:00,2026-03-20 00:00:00,WTI Crude Futures,NYMEX,60m,5m,5,95.87000275,97.06999969,95.69000244,96.69999695,37345,USD,,,,,,us_pre_open,,Yahoo 5m history truncated by provider lookback window,,,,,,,,
2026-03-20 15:30:00+00:00,2026-03-20 21:00:00,2026-03-20 00:00:00,WTI Crude Futures,NYMEX,60m,5m,5,96.69999695,97.43000031,96.23000336,97.16999817,29353,USD,,,,,,us_open,first_30m_after_us_open,Yahoo 5m history truncated by provider lookback window,,,,,,,,
2026-03-20 16:30:00+00:00,2026-03-20 22:00:00,2026-03-20 00:00:00,WTI Crude Futures,NYMEX,60m,5m,5,97.16000366,98.31999969,97.02999878,98.16000366,39845,USD,,,,,,us_open,,Yahoo 5m history truncated by provider lookback window,,,,,,,,
2026-03-20 17:30:00+00:00,2026-03-20 23:00:00,2026-03-20 00:00:00,WTI Crude Futures,NYMEX,60m,5m,5,98.16000366,98.51000214,96.94000244,98.12000275,64041,USD,,,,,,us_late,us_late_reversal_window,Yahoo 5m history truncated by provider lookback window,,,,,,,,
2026-03-20 18:30:00+00:00,2026-03-21 00:00:00,2026-03-20 00:00:00,WTI Crude Futures,NYMEX,60m,5m,5,98.11000061,98.75,97.90000153,98.26000214,26786,USD,,,,,,us_late,final_hour_of_session_if_identifiable,Yahoo 5m history truncated by provider lookback window,,,,,,,,
2026-03-20 19:30:00+00:00,2026-03-21 01:00:00,2026-03-20 00:00:00,WTI Crude Futures,NYMEX,60m,5m,5,98.25,98.52999878,97.40000153,97.84999847,19462,USD,,,,,,us_late,,Yahoo 5m history truncated by provider lookback window,,,,,,,,
2026-03-20 20:30:00+00:00,2026-03-21 02:00:00,2026-03-20 00:00:00,WTI Crude Futures,NYMEX,60m,5m,5,97.86000061,98.16000366,97.73000336,98.08999634,3502,USD,,,,,,other_valid_hours,,Yahoo 5m history truncated by provider lookback window | Partial 5m coverage used for 60m bucket because no fuller finer bucket was available,,,,,,,,
2026-03-22 22:00:00+00:00,2026-03-23 03:00:00,2026-03-23 00:00:00,WTI Crude Futures,NYMEX,60m,60m,60,98.51999664,99.0,96.75,98.08000183,16973,USD,,,,,,other_valid_hours,,Yahoo 60m history truncated by provider lookback window,,,,,,,,
2026-03-22 22:30:00+00:00,2026-03-23 04:00:00,2026-03-23 00:00:00,WTI Crude Futures,NYMEX,60m,5m,5,97.44000244,98.44999695,96.75,98.26999664,10995,USD,,,,,,asia_early,,Yahoo 5m history truncated by provider lookback window,,,,,,,,
2026-03-22 23:30:00+00:00,2026-03-23 05:00:00,2026-03-23 00:00:00,WTI Crude Futures,NYMEX,60m,5m,5,98.26999664,98.94000244,97.91999817,97.95999908,6939,USD,,,,,,asia_early,,Yahoo 5m history truncated by provider lookback window,,,,,,,,
2026-03-23 00:30:00+00:00,2026-03-23 06:00:00,2026-03-23 00:00:00,WTI Crude Futures,NYMEX,60m,5m,5,97.95999908,98.63999939,97.90000153,98.51000214,7399,USD,,,,,,asia_early,,Yahoo 5m history truncated by provider lookback window,,,,,,,,
2026-03-23 01:30:00+00:00,2026-03-23 07:00:00,2026-03-23 00:00:00,WTI Crude Futures,NYMEX,60m,5m,5,98.48999786,99.02999878,98.15000153,98.73999786,6763,USD,,,,,,asia_early,,Yahoo 5m history truncated by provider lookback window,,,,,,,,
2026-03-23 02:30:00+00:00,2026-03-23 08:00:00,2026-03-23 00:00:00,WTI Crude Futures,NYMEX,60m,5m,5,98.72000122,99.16999817,98.62999725,99.0,4830,USD,,,,,,asia_early,,Yahoo 5m history truncated by provider lookback window,,,,,,,,
2026-03-23 03:30:00+00:00,2026-03-23 09:00:00,2026-03-23 00:00:00,WTI Crude Futures,NYMEX,60m,5m,5,99.0,99.33000183,98.98999786,99.15000153,2797,USD,,,,,,other_valid_hours,,Yahoo 5m history truncated by provider lookback window,,,,,,,,
2026-03-23 04:30:00+00:00,2026-03-23 10:00:00,2026-03-23 00:00:00,WTI Crude Futures,NYMEX,60m,5m,5,99.16000366,99.30000305,98.69000244,98.69999695,3026,USD,,,,,,other_valid_hours,,Yahoo 5m history truncated by provider lookback window,,,,,,,,
2026-03-23 05:30:00+00:00,2026-03-23 11:00:00,2026-03-23 00:00:00,WTI Crude Futures,NYMEX,60m,5m,5,98.70999908,100.3399963,97.95999908,99.88999939,12384,USD,,,,,,other_valid_hours,,Yahoo 5m history truncated by provider lookback window,,,,,,,,
2026-03-23 06:30:00+00:00,2026-03-23 12:00:00,2026-03-23 00:00:00,WTI Crude Futures,NYMEX,60m,5m,5,99.87999725,101.4700012,99.41000366,101.4499969,15327,USD,,,,,,other_valid_hours,,Yahoo 5m history truncated by provider lookback window,,,,,,,,
2026-03-23 07:30:00+00:00,2026-03-23 13:00:00,2026-03-23 00:00:00,WTI Crude Futures,NYMEX,60m,5m,5,101.4499969,101.6699982,99.83000183,100.2799988,18825,USD,,,,,,other_valid_hours,,Yahoo 5m history truncated by provider lookback window,,,,,,,,
2026-03-23 08:30:00+00:00,2026-03-23 14:00:00,2026-03-23 00:00:00,WTI Crude Futures,NYMEX,60m,5m,5,100.2600021,100.3300018,98.11000061,98.93000031,21736,USD,,,,,,other_valid_hours,,Yahoo 5m history truncated by provider lookback window,,,,,,,,
2026-03-23 09:30:00+00:00,2026-03-23 15:00:00,2026-03-23 00:00:00,WTI Crude Futures,NYMEX,60m,5m,5,98.91000366,99.43000031,98.73999786,99.16999817,8990,USD,,,,,,other_valid_hours,,Yahoo 5m history truncated by provider lookback window,,,,,,,,
2026-03-23 10:30:00+00:00,2026-03-23 16:00:00,2026-03-23 00:00:00,WTI Crude Futures,NYMEX,60m,5m,5,99.16999817,99.18000031,84.37000275,90.69999695,74412,USD,,,,,,europe_open,first_hour_after_europe_open,Yahoo 5m history truncated by provider lookback window,,,,,,,,
2026-03-23 11:30:00+00:00,2026-03-23 17:00:00,2026-03-23 00:00:00,WTI Crude Futures,NYMEX,60m,5m,5,90.66000366,93.31999969,89.5,91.66000366,49062,USD,,,,,,europe_open,,Yahoo 5m history truncated by provider lookback window,,,,,,,,
2026-03-23 12:30:00+00:00,2026-03-23 18:00:00,2026-03-23 00:00:00,WTI Crude Futures,NYMEX,60m,5m,5,91.62999725,91.70999908,88.12999725,90.94000244,56894,USD,,,,,,europe_mid,,Yahoo 5m history truncated by provider lookback window,,,,,,,,
2026-03-23 13:30:00+00:00,2026-03-23 19:00:00,2026-03-23 00:00:00,WTI Crude Futures,NYMEX,60m,5m,5,90.94999695,91.06999969,87.97000122,89.47000122,51832,USD,,,,,,europe_mid,,Yahoo 5m history truncated by provider lookback window,,,,,,,,
2026-03-23 14:30:00+00:00,2026-03-23 20:00:00,2026-03-23 00:00:00,WTI Crude Futures,NYMEX,60m,5m,5,89.45999908,90.30999756,85.43000031,86.97000122,66694,USD,,,,,,us_pre_open,,Yahoo 5m history truncated by provider lookback window,,,,,,,,
2026-03-23 15:30:00+00:00,2026-03-23 21:00:00,2026-03-23 00:00:00,WTI Crude Futures,NYMEX,60m,5m,5,86.95999908,91.87000275,86.66999817,91.58999634,66566,USD,,,,,,us_open,first_30m_after_us_open,Yahoo 5m history truncated by provider lookback window,,,,,,,,
2026-03-23 16:30:00+00:00,2026-03-23 22:00:00,2026-03-23 00:00:00,WTI Crude Futures,NYMEX,60m,5m,5,91.61000061,91.73999786,89.01000214,89.19000244,39876,USD,,,,,,us_open,,Yahoo 5m history truncated by provider lookback window,,,,,,,,
2026-03-23 17:30:00+00:00,2026-03-23 23:00:00,2026-03-23 00:00:00,WTI Crude Futures,NYMEX,60m,5m,5,89.18000031,89.54000092,87.19000244,88.18000031,48433,USD,,,,,,us_late,us_late_reversal_window,Yahoo 5m history truncated by provider lookback window,,,,,,,,
2026-03-23 18:30:00+00:00,2026-03-24 00:00:00,2026-03-23 00:00:00,WTI Crude Futures,NYMEX,60m,5m,5,88.19999695,88.5,86.73000336,88.02999878,25355,USD,,,,,,us_late,final_hour_of_session_if_identifiable,Yahoo 5m history truncated by provider lookback window,,,,,,,,
2026-03-23 19:30:00+00:00,2026-03-24 01:00:00,2026-03-23 00:00:00,WTI Crude Futures,NYMEX,60m,5m,5,88.04000092,89.30000305,87.90000153,89.23999786,9572,USD,,,,,,us_late,,Yahoo 5m history truncated by provider lookback window,,,,,,,,
2026-03-23 20:30:00+00:00,2026-03-24 02:00:00,2026-03-23 00:00:00,WTI Crude Futures,NYMEX,60m,5m,5,89.23000336,89.45999908,88.79000092,88.87000275,2294,USD,,,,,,other_valid_hours,,Yahoo 5m history truncated by provider lookback window | Partial 5m coverage used for 60m bucket because no fuller finer bucket was available,,,,,,,,
2026-03-23 22:00:00+00:00,2026-03-24 03:00:00,2026-03-24 00:00:00,WTI Crude Futures,NYMEX,60m,60m,60,88.77999878,89.5,88.72000122,89.12999725,0,USD,,,,,,other_valid_hours,,Yahoo 60m history truncated by provider lookback window,,,,,,,,
2026-03-23 22:30:00+00:00,2026-03-24 04:00:00,2026-03-24 00:00:00,WTI Crude Futures,NYMEX,60m,5m,5,89.02999878,89.30000305,88.5,88.69999695,2260,USD,,,,,,asia_early,,Yahoo 5m history truncated by provider lookback window,,,,,,,,
2026-03-23 23:30:00+00:00,2026-03-24 05:00:00,2026-03-24 00:00:00,WTI Crude Futures,NYMEX,60m,5m,5,88.73000336,90.25,88.65000153,90.19999695,9375,USD,,,,,,asia_early,,Yahoo 5m history truncated by provider lookback window,,,,,,,,
2026-03-24 00:30:00+00:00,2026-03-24 06:00:00,2026-03-24 00:00:00,WTI Crude Futures,NYMEX,60m,5m,5,90.19999695,91.5,90.06999969,91.30000305,11205,USD,,,,,,asia_early,,Yahoo 5m history truncated by provider lookback window,,,,,,,,
2026-03-24 01:30:00+00:00,2026-03-24 07:00:00,2026-03-24 00:00:00,WTI Crude Futures,NYMEX,60m,5m,5,91.30000305,92.0,91.26999664,91.36000061,7950,USD,,,,,,asia_early,,Yahoo 5m history truncated by provider lookback window,,,,,,,,
2026-03-24 02:30:00+00:00,2026-03-24 08:00:00,2026-03-24 00:00:00,WTI Crude Futures,NYMEX,60m,5m,5,91.36000061,91.69999695,90.94999695,91.41999817,5693,USD,,,,,,asia_early,,Yahoo 5m history truncated by provider lookback window,,,,,,,,
2026-03-24 03:30:00+00:00,2026-03-24 09:00:00,2026-03-24 00:00:00,WTI Crude Futures,NYMEX,60m,5m,5,91.43000031,92.04000092,91.34999847,91.80000305,2844,USD,,,,,,other_valid_hours,,Yahoo 5m history truncated by provider lookback window,,,,,,,,
2026-03-24 04:30:00+00:00,2026-03-24 10:00:00,2026-03-24 00:00:00,WTI Crude Futures,NYMEX,60m,5m,5,91.80000305,92.08000183,91.30999756,92.01000214,4391,USD,,,,,,other_valid_hours,,Yahoo 5m history truncated by provider lookback window,,,,,,,,
2026-03-24 05:30:00+00:00,2026-03-24 11:00:00,2026-03-24 00:00:00,WTI Crude Futures,NYMEX,60m,5m,5,92.0,92.29000092,90.73999786,91.19999695,7606,USD,,,,,,other_valid_hours,,Yahoo 5m history truncated by provider lookback window,,,,,,,,
2026-03-24 06:30:00+00:00,2026-03-24 12:00:00,2026-03-24 00:00:00,WTI Crude Futures,NYMEX,60m,5m,5,91.19999695,91.66000366,89.83000183,90.38999939,13007,USD,,,,,,other_valid_hours,,Yahoo 5m history truncated by provider lookback window,,,,,,,,
2026-03-24 07:30:00+00:00,2026-03-24 13:00:00,2026-03-24 00:00:00,WTI Crude Futures,NYMEX,60m,5m,5,90.38999939,90.87000275,89.11000061,90.48000336,21684,USD,,,,,,other_valid_hours,,Yahoo 5m history truncated by provider lookback window,,,,,,,,
2026-03-24 08:30:00+00:00,2026-03-24 14:00:00,2026-03-24 00:00:00,WTI Crude Futures,NYMEX,60m,5m,5,90.45999908,91.33999634,89.81999969,91.30999756,14695,USD,,,,,,other_valid_hours,,Yahoo 5m history truncated by provider lookback window,,,,,,,,
2026-03-24 09:30:00+00:00,2026-03-24 15:00:00,2026-03-24 00:00:00,WTI Crude Futures,NYMEX,60m,5m,5,91.29000092,91.44999695,89.43000031,90.09999847,11229,USD,,,,,,other_valid_hours,,Yahoo 5m history truncated by provider lookback window,,,,,,,,
2026-03-24 10:30:00+00:00,2026-03-24 16:00:00,2026-03-24 00:00:00,WTI Crude Futures,NYMEX,60m,5m,5,90.08999634,90.65000153,89.86000061,90.58000183,10948,USD,,,,,,europe_open,first_hour_after_europe_open,Yahoo 5m history truncated by provider lookback window,,,,,,,,
2026-03-24 11:30:00+00:00,2026-03-24 17:00:00,2026-03-24 00:00:00,WTI Crude Futures,NYMEX,60m,5m,5,90.61000061,91.80000305,90.26999664,91.37999725,15820,USD,,,,,,europe_open,,Yahoo 5m history truncated by provider lookback window,,,,,,,,
2026-03-24 12:30:00+00:00,2026-03-24 18:00:00,2026-03-24 00:00:00,WTI Crude Futures,NYMEX,60m,5m,5,91.40000153,92.56999969,91.37000275,92.47000122,36147,USD,,,,,,europe_mid,,Yahoo 5m history truncated by provider lookback window,,,,,,,,
2026-03-24 13:30:00+00:00,2026-03-24 19:00:00,2026-03-24 00:00:00,WTI Crude Futures,NYMEX,60m,5m,5,92.48000336,92.68000031,91.26999664,91.72000122,26766,USD,,,,,,europe_mid,,Yahoo 5m history truncated by provider lookback window,,,,,,,,
2026-03-24 14:30:00+00:00,2026-03-24 20:00:00,2026-03-24 00:00:00,WTI Crude Futures,NYMEX,60m,5m,5,91.70999908,92.30999756,90.51999664,91.09999847,40683,USD,,,,,,us_pre_open,,Yahoo 5m history truncated by provider lookback window,,,,,,,,
2026-03-24 15:30:00+00:00,2026-03-24 21:00:00,2026-03-24 00:00:00,WTI Crude Futures,NYMEX,60m,5m,5,91.11000061,92.58999634,91.05000305,92.01999664,29751,USD,,,,,,us_open,first_30m_after_us_open,Yahoo 5m history truncated by provider lookback window,,,,,,,,
2026-03-24 16:30:00+00:00,2026-03-24 22:00:00,2026-03-24 00:00:00,WTI Crude Futures,NYMEX,60m,5m,5,92.01999664,93.36000061,91.91999817,92.93000031,25958,USD,,,,,,us_open,,Yahoo 5m history truncated by provider lookback window,,,,,,,,
2026-03-24 17:30:00+00:00,2026-03-24 23:00:00,2026-03-24 00:00:00,WTI Crude Futures,NYMEX,60m,5m,5,92.93000031,93.01999664,91.19000244,92.29000092,42344,USD,,,,,,us_late,us_late_reversal_window,Yahoo 5m history truncated by provider lookback window,,,,,,,,
2026-03-24 18:30:00+00:00,2026-03-25 00:00:00,2026-03-24 00:00:00,WTI Crude Futures,NYMEX,60m,5m,5,92.26999664,92.5,90.94999695,91.65000153,19576,USD,,,,,,us_late,final_hour_of_session_if_identifiable,Yahoo 5m history truncated by provider lookback window,,,,,,,,
2026-03-24 19:30:00+00:00,2026-03-25 01:00:00,2026-03-24 00:00:00,WTI Crude Futures,NYMEX,60m,5m,5,91.65000153,91.98999786,86.33999634,88.75,25011,USD,,,,,,us_late,,Yahoo 5m history truncated by provider lookback window,,,,,,,,
2026-03-24 20:30:00+00:00,2026-03-25 02:00:00,2026-03-24 00:00:00,WTI Crude Futures,NYMEX,60m,5m,5,88.76000214,89.59999847,87.59999847,88.38999939,15444,USD,,,,,,other_valid_hours,,Yahoo 5m history truncated by provider lookback window | Partial 5m coverage used for 60m bucket because no fuller finer bucket was available,,,,,,,,
2026-03-24 22:00:00+00:00,2026-03-25 03:00:00,2026-03-25 00:00:00,WTI Crude Futures,NYMEX,60m,60m,60,88.48999786,89.36000061,87.80000305,88.77999878,0,USD,,,,,,other_valid_hours,,Yahoo 60m history truncated by provider lookback window,,,,,,,,
2026-03-24 22:30:00+00:00,2026-03-25 04:00:00,2026-03-25 00:00:00,WTI Crude Futures,NYMEX,60m,5m,5,88.95999908,89.0,88.44000244,88.62999725,3092,USD,,,,,,asia_early,,Yahoo 5m history truncated by provider lookback window,,,,,,,,
2026-03-24 23:30:00+00:00,2026-03-25 05:00:00,2026-03-25 00:00:00,WTI Crude Futures,NYMEX,60m,5m,5,88.62000275,89.0,87.13999939,87.62999725,9304,USD,,,,,,asia_early,,Yahoo 5m history truncated by provider lookback window,,,,,,,,
2026-03-25 00:30:00+00:00,2026-03-25 06:00:00,2026-03-25 00:00:00,WTI Crude Futures,NYMEX,60m,5m,5,87.65000153,88.19000244,86.72000122,87.54000092,10880,USD,,,,,,asia_early,,Yahoo 5m history truncated by provider lookback window,,,,,,,,
2026-03-25 01:30:00+00:00,2026-03-25 07:00:00,2026-03-25 00:00:00,WTI Crude Futures,NYMEX,60m,5m,5,87.55000305,88.19000244,87.31999969,88.15000153,5094,USD,,,,,,asia_early,,Yahoo 5m history truncated by provider lookback window,,,,,,,,
2026-03-25 02:30:00+00:00,2026-03-25 08:00:00,2026-03-25 00:00:00,WTI Crude Futures,NYMEX,60m,5m,5,88.16000366,89.16999817,88.0,88.68000031,6475,USD,,,,,,asia_early,,Yahoo 5m history truncated by provider lookback window,,,,,,,,
2026-03-25 03:30:00+00:00,2026-03-25 09:00:00,2026-03-25 00:00:00,WTI Crude Futures,NYMEX,60m,5m,5,88.66999817,89.23000336,88.31999969,88.51999664,4248,USD,,,,,,other_valid_hours,,Yahoo 5m history truncated by provider lookback window,,,,,,,,
2026-03-25 04:30:00+00:00,2026-03-25 10:00:00,2026-03-25 00:00:00,WTI Crude Futures,NYMEX,60m,5m,5,88.55000305,88.91000366,88.27999878,88.86000061,2736,USD,,,,,,other_valid_hours,,Yahoo 5m history truncated by provider lookback window,,,,,,,,
2026-03-25 05:30:00+00:00,2026-03-25 11:00:00,2026-03-25 00:00:00,WTI Crude Futures,NYMEX,60m,5m,5,88.88999939,89.48000336,88.69000244,89.36000061,4708,USD,,,,,,other_valid_hours,,Yahoo 5m history truncated by provider lookback window,,,,,,,,
2026-03-25 06:30:00+00:00,2026-03-25 12:00:00,2026-03-25 00:00:00,WTI Crude Futures,NYMEX,60m,5m,5,89.33999634,89.56999969,88.68000031,89.04000092,5796,USD,,,,,,other_valid_hours,,Yahoo 5m history truncated by provider lookback window,,,,,,,,
2026-03-25 07:30:00+00:00,2026-03-25 13:00:00,2026-03-25 00:00:00,WTI Crude Futures,NYMEX,60m,5m,5,89.04000092,89.12999725,86.76999664,87.09999847,17181,USD,,,,,,other_valid_hours,,Yahoo 5m history truncated by provider lookback window,,,,,,,,
2026-03-25 08:30:00+00:00,2026-03-25 14:00:00,2026-03-25 00:00:00,WTI Crude Futures,NYMEX,60m,5m,5,87.08999634,88.29000092,86.58999634,88.25,16949,USD,,,,,,other_valid_hours,,Yahoo 5m history truncated by provider lookback window,,,,,,,,
2026-03-25 09:30:00+00:00,2026-03-25 15:00:00,2026-03-25 00:00:00,WTI Crude Futures,NYMEX,60m,5m,5,88.25,88.79000092,87.01999664,87.69000244,13718,USD,,,,,,other_valid_hours,,Yahoo 5m history truncated by provider lookback window,,,,,,,,
2026-03-25 10:30:00+00:00,2026-03-25 16:00:00,2026-03-25 00:00:00,WTI Crude Futures,NYMEX,60m,5m,5,87.69999695,87.94000244,86.45999908,86.84999847,12073,USD,,,,,,europe_open,first_hour_after_europe_open,Yahoo 5m history truncated by provider lookback window,,,,,,,,
2026-03-25 11:30:00+00:00,2026-03-25 17:00:00,2026-03-25 00:00:00,WTI Crude Futures,NYMEX,60m,5m,5,86.83999634,89.05000305,86.68000031,88.87999725,27078,USD,,,,,,europe_open,,Yahoo 5m history truncated by provider lookback window,,,,,,,,
2026-03-25 12:30:00+00:00,2026-03-25 18:00:00,2026-03-25 00:00:00,WTI Crude Futures,NYMEX,60m,5m,5,88.87999725,89.38999939,87.41999817,87.68000031,27482,USD,,,,,,europe_mid,,Yahoo 5m history truncated by provider lookback window,,,,,,,,
2026-03-25 13:30:00+00:00,2026-03-25 19:00:00,2026-03-25 00:00:00,WTI Crude Futures,NYMEX,60m,5m,5,87.68000031,89.04000092,87.45999908,88.54000092,39650,USD,,,,,,europe_mid,,Yahoo 5m history truncated by provider lookback window,,,,,,,,
2026-03-25 14:30:00+00:00,2026-03-25 20:00:00,2026-03-25 00:00:00,WTI Crude Futures,NYMEX,60m,5m,5,88.61000061,90.19000244,88.38999939,89.44000244,32045,USD,,,,,,us_pre_open,,Yahoo 5m history truncated by provider lookback window,,,,,,,,
2026-03-25 15:30:00+00:00,2026-03-25 21:00:00,2026-03-25 00:00:00,WTI Crude Futures,NYMEX,60m,5m,5,89.44999695,90.68000031,89.08999634,89.98999786,37789,USD,,,,,,us_open,first_30m_after_us_open,Yahoo 5m history truncated by provider lookback window,,,,,,,,
2026-03-25 16:30:00+00:00,2026-03-25 22:00:00,2026-03-25 00:00:00,WTI Crude Futures,NYMEX,60m,5m,5,89.98999786,90.94999695,89.76000214,90.41000366,31363,USD,,,,,,us_open,,Yahoo 5m history truncated by provider lookback window,,,,,,,,
2026-03-25 17:30:00+00:00,2026-03-25 23:00:00,2026-03-25 00:00:00,WTI Crude Futures,NYMEX,60m,5m,5,90.38999939,90.55999756,89.23000336,90.33000183,39662,USD,,,,,,us_late,us_late_reversal_window,Yahoo 5m history truncated by provider lookback window,,,,,,,,
2026-03-25 18:30:00+00:00,2026-03-26 00:00:00,2026-03-25 00:00:00,WTI Crude Futures,NYMEX,60m,5m,5,90.31999969,91.73000336,90.01000214,90.66999817,18450,USD,,,,,,us_late,final_hour_of_session_if_identifiable,Yahoo 5m history truncated by provider lookback window,,,,,,,,
2026-03-25 19:30:00+00:00,2026-03-26 01:00:00,2026-03-25 00:00:00,WTI Crude Futures,NYMEX,60m,5m,5,90.68000031,91.38999939,90.68000031,91.29000092,4834,USD,,,,,,us_late,,Yahoo 5m history truncated by provider lookback window,,,,,,,,
2026-03-25 20:30:00+00:00,2026-03-26 02:00:00,2026-03-25 00:00:00,WTI Crude Futures,NYMEX,60m,5m,5,91.29000092,91.5,91.19999695,91.29000092,2755,USD,,,,,,other_valid_hours,,Yahoo 5m history truncated by provider lookback window | Partial 5m coverage used for 60m bucket because no fuller finer bucket was available,,,,,,,,
2026-03-25 22:00:00+00:00,2026-03-26 03:00:00,2026-03-26 00:00:00,WTI Crude Futures,NYMEX,60m,60m,60,91.37999725,91.41999817,90.87999725,91.0,0,USD,,,,,,other_valid_hours,,Yahoo 60m history truncated by provider lookback window,,,,,,,,
2026-03-25 22:30:00+00:00,2026-03-26 04:00:00,2026-03-26 00:00:00,WTI Crude Futures,NYMEX,60m,5m,5,91.16999817,91.20999908,90.70999908,91.05000305,1449,USD,,,,,,asia_early,,Yahoo 5m history truncated by provider lookback window,,,,,,,,
2026-03-25 23:30:00+00:00,2026-03-26 05:00:00,2026-03-26 00:00:00,WTI Crude Futures,NYMEX,60m,5m,5,91.06999969,91.55000305,90.90000153,91.23999786,3689,USD,,,,,,asia_early,,Yahoo 5m history truncated by provider lookback window,,,,,,,,
2026-03-26 00:30:00+00:00,2026-03-26 06:00:00,2026-03-26 00:00:00,WTI Crude Futures,NYMEX,60m,5m,5,91.25,91.61000061,90.94000244,91.37000275,4864,USD,,,,,,asia_early,,Yahoo 5m history truncated by provider lookback window,,,,,,,,
2026-03-26 01:30:00+00:00,2026-03-26 07:00:00,2026-03-26 00:00:00,WTI Crude Futures,NYMEX,60m,5m,5,91.36000061,91.51000214,91.08000183,91.37999725,2969,USD,,,,,,asia_early,,Yahoo 5m history truncated by provider lookback window,,,,,,,,
2026-03-26 02:30:00+00:00,2026-03-26 08:00:00,2026-03-26 00:00:00,WTI Crude Futures,NYMEX,60m,5m,5,91.36000061,92.09999847,91.31999969,91.80999756,5023,USD,,,,,,asia_early,,Yahoo 5m history truncated by provider lookback window,,,,,,,,
2026-03-26 03:30:00+00:00,2026-03-26 09:00:00,2026-03-26 00:00:00,WTI Crude Futures,NYMEX,60m,5m,5,91.80000305,91.87999725,91.58000183,91.80999756,2435,USD,,,,,,other_valid_hours,,Yahoo 5m history truncated by provider lookback window,,,,,,,,
2026-03-26 04:30:00+00:00,2026-03-26 10:00:00,2026-03-26 00:00:00,WTI Crude Futures,NYMEX,60m,5m,5,91.79000092,92.23000336,91.79000092,92.09999847,3897,USD,,,,,,other_valid_hours,,Yahoo 5m history truncated by provider lookback window,,,,,,,,
2026-03-26 05:30:00+00:00,2026-03-26 11:00:00,2026-03-26 00:00:00,WTI Crude Futures,NYMEX,60m,5m,5,92.11000061,92.48000336,91.91999817,92.23000336,5756,USD,,,,,,other_valid_hours,,Yahoo 5m history truncated by provider lookback window,,,,,,,,
2026-03-26 06:30:00+00:00,2026-03-26 12:00:00,2026-03-26 00:00:00,WTI Crude Futures,NYMEX,60m,5m,5,92.22000122,93.22000122,92.09999847,93.05000305,10083,USD,,,,,,other_valid_hours,,Yahoo 5m history truncated by provider lookback window,,,,,,,,
2026-03-26 07:30:00+00:00,2026-03-26 13:00:00,2026-03-26 00:00:00,WTI Crude Futures,NYMEX,60m,5m,5,93.04000092,93.66000366,92.69999695,93.58000183,9988,USD,,,,,,other_valid_hours,,Yahoo 5m history truncated by provider lookback window,,,,,,,,
2026-03-26 08:30:00+00:00,2026-03-26 14:00:00,2026-03-26 00:00:00,WTI Crude Futures,NYMEX,60m,5m,5,93.55000305,94.12999725,93.19999695,93.68000031,14659,USD,,,,,,other_valid_hours,,Yahoo 5m history truncated by provider lookback window,,,,,,,,
2026-03-26 09:30:00+00:00,2026-03-26 15:00:00,2026-03-26 00:00:00,WTI Crude Futures,NYMEX,60m,5m,5,93.68000031,93.94999695,92.72000122,92.90000153,10953,USD,,,,,,other_valid_hours,,Yahoo 5m history truncated by provider lookback window,,,,,,,,
2026-03-26 10:30:00+00:00,2026-03-26 16:00:00,2026-03-26 00:00:00,WTI Crude Futures,NYMEX,60m,5m,5,92.87999725,93.72000122,92.66000366,93.58999634,10156,USD,,,,,,europe_open,first_hour_after_europe_open,Yahoo 5m history truncated by provider lookback window,,,,,,,,
2026-03-26 11:30:00+00:00,2026-03-26 17:00:00,2026-03-26 00:00:00,WTI Crude Futures,NYMEX,60m,5m,5,93.59999847,94.83999634,93.56999969,94.06999969,15849,USD,,,,,,europe_open,,Yahoo 5m history truncated by provider lookback window,,,,,,,,
2026-03-26 12:30:00+00:00,2026-03-26 18:00:00,2026-03-26 00:00:00,WTI Crude Futures,NYMEX,60m,5m,5,94.05999756,94.62999725,93.40000153,93.62999725,22208,USD,,,,,,europe_mid,,Yahoo 5m history truncated by provider lookback window,,,,,,,,
2026-03-26 13:30:00+00:00,2026-03-26 19:00:00,2026-03-26 00:00:00,WTI Crude Futures,NYMEX,60m,5m,5,93.62999725,94.13999939,92.62999725,93.05000305,37393,USD,,,,,,europe_mid,,Yahoo 5m history truncated by provider lookback window,,,,,,,,
2026-03-26 14:30:00+00:00,2026-03-26 20:00:00,2026-03-26 00:00:00,WTI Crude Futures,NYMEX,60m,5m,5,93.05000305,94.33000183,92.43000031,94.05000305,39039,USD,,,,,,us_pre_open,,Yahoo 5m history truncated by provider lookback window,,,,,,,,
2026-03-26 15:30:00+00:00,2026-03-26 21:00:00,2026-03-26 00:00:00,WTI Crude Futures,NYMEX,60m,5m,5,94.05000305,95.09999847,93.86000061,94.94000244,29728,USD,,,,,,us_open,first_30m_after_us_open,Yahoo 5m history truncated by provider lookback window,,,,,,,,
2026-03-26 16:30:00+00:00,2026-03-26 22:00:00,2026-03-26 00:00:00,WTI Crude Futures,NYMEX,60m,5m,5,94.94999695,95.23999786,94.51999664,94.69999695,20790,USD,,,,,,us_open,,Yahoo 5m history truncated by provider lookback window,,,,,,,,
2026-03-26 17:30:00+00:00,2026-03-26 23:00:00,2026-03-26 00:00:00,WTI Crude Futures,NYMEX,60m,5m,5,94.69000244,95.44000244,94.34999847,94.43000031,35438,USD,,,,,,us_late,us_late_reversal_window,Yahoo 5m history truncated by provider lookback window,,,,,,,,
2026-03-26 18:30:00+00:00,2026-03-27 00:00:00,2026-03-26 00:00:00,WTI Crude Futures,NYMEX,60m,5m,5,94.43000031,94.66000366,94.06999969,94.30000305,12103,USD,,,,,,us_late,final_hour_of_session_if_identifiable,Yahoo 5m history truncated by provider lookback window,,,,,,,,
2026-03-26 19:30:00+00:00,2026-03-27 01:00:00,2026-03-26 00:00:00,WTI Crude Futures,NYMEX,60m,5m,5,94.30999756,94.52999878,89.51000214,93.38999939,25041,USD,,,,,,us_late,,Yahoo 5m history truncated by provider lookback window,,,,,,,,
2026-03-26 20:30:00+00:00,2026-03-27 02:00:00,2026-03-26 00:00:00,WTI Crude Futures,NYMEX,60m,5m,5,93.37999725,93.95999908,92.90000153,93.79000092,5363,USD,,,,,,other_valid_hours,,Yahoo 5m history truncated by provider lookback window | Partial 5m coverage used for 60m bucket because no fuller finer bucket was available,,,,,,,,
2026-03-26 22:00:00+00:00,2026-03-27 03:00:00,2026-03-27 00:00:00,WTI Crude Futures,NYMEX,60m,60m,60,93.30999756,93.73999786,93.01999664,93.23999786,0,USD,,,,,,other_valid_hours,,Yahoo 60m history truncated by provider lookback window,,,,,,,,
2026-03-26 22:30:00+00:00,2026-03-27 04:00:00,2026-03-27 00:00:00,WTI Crude Futures,NYMEX,60m,5m,5,93.47000122,93.5,93.09999847,93.36000061,1364,USD,,,,,,asia_early,,Yahoo 5m history truncated by provider lookback window,,,,,,,,
2026-03-26 23:30:00+00:00,2026-03-27 05:00:00,2026-03-27 00:00:00,WTI Crude Futures,NYMEX,60m,5m,5,93.36000061,93.76999664,92.73999786,93.58999634,5114,USD,,,,,,asia_early,,Yahoo 5m history truncated by provider lookback window,,,,,,,,
2026-03-27 00:30:00+00:00,2026-03-27 06:00:00,2026-03-27 00:00:00,WTI Crude Futures,NYMEX,60m,5m,5,93.56999969,94.19999695,93.06999969,93.44000244,4944,USD,,,,,,asia_early,,Yahoo 5m history truncated by provider lookback window,,,,,,,,
2026-03-27 01:30:00+00:00,2026-03-27 07:00:00,2026-03-27 00:00:00,WTI Crude Futures,NYMEX,60m,5m,5,93.44000244,93.59999847,92.08000183,93.08000183,6627,USD,,,,,,asia_early,,Yahoo 5m history truncated by provider lookback window,,,,,,,,
2026-03-27 02:30:00+00:00,2026-03-27 08:00:00,2026-03-27 00:00:00,WTI Crude Futures,NYMEX,60m,5m,5,93.11000061,93.73999786,93.04000092,93.69999695,3101,USD,,,,,,asia_early,,Yahoo 5m history truncated by provider lookback window,,,,,,,,
2026-03-27 03:30:00+00:00,2026-03-27 09:00:00,2026-03-27 00:00:00,WTI Crude Futures,NYMEX,60m,5m,5,93.70999908,93.80000305,93.41999817,93.70999908,2222,USD,,,,,,other_valid_hours,,Yahoo 5m history truncated by provider lookback window,,,,,,,,
2026-03-27 04:30:00+00:00,2026-03-27 10:00:00,2026-03-27 00:00:00,WTI Crude Futures,NYMEX,60m,5m,5,93.72000122,93.87999725,93.56999969,93.76999664,1729,USD,,,,,,other_valid_hours,,Yahoo 5m history truncated by provider lookback window,,,,,,,,
2026-03-27 05:30:00+00:00,2026-03-27 11:00:00,2026-03-27 00:00:00,WTI Crude Futures,NYMEX,60m,5m,5,93.76000214,94.26999664,93.54000092,93.94999695,5290,USD,,,,,,other_valid_hours,,Yahoo 5m history truncated by provider lookback window,,,,,,,,
2026-03-27 06:30:00+00:00,2026-03-27 12:00:00,2026-03-27 00:00:00,WTI Crude Futures,NYMEX,60m,5m,5,93.95999908,95.15000153,93.83000183,95.08999634,7942,USD,,,,,,other_valid_hours,,Yahoo 5m history truncated by provider lookback window,,,,,,,,
2026-03-27 07:30:00+00:00,2026-03-27 13:00:00,2026-03-27 00:00:00,WTI Crude Futures,NYMEX,60m,5m,5,95.08000183,96.11000061,94.69000244,95.98000336,14088,USD,,,,,,other_valid_hours,,Yahoo 5m history truncated by provider lookback window,,,,,,,,
2026-03-27 08:30:00+00:00,2026-03-27 14:00:00,2026-03-27 00:00:00,WTI Crude Futures,NYMEX,60m,5m,5,95.97000122,96.75,95.69000244,96.09999847,11754,USD,,,,,,other_valid_hours,,Yahoo 5m history truncated by provider lookback window,,,,,,,,
2026-03-27 09:30:00+00:00,2026-03-27 15:00:00,2026-03-27 00:00:00,WTI Crude Futures,NYMEX,60m,5m,5,96.12000275,96.37999725,95.76999664,96.34999847,8381,USD,,,,,,other_valid_hours,,Yahoo 5m history truncated by provider lookback window,,,,,,,,
2026-03-27 10:30:00+00:00,2026-03-27 16:00:00,2026-03-27 00:00:00,WTI Crude Futures,NYMEX,60m,5m,5,96.33999634,97.22000122,96.25,96.69000244,10630,USD,,,,,,europe_open,first_hour_after_europe_open,Yahoo 5m history truncated by provider lookback window,,,,,,,,
2026-03-27 11:30:00+00:00,2026-03-27 17:00:00,2026-03-27 00:00:00,WTI Crude Futures,NYMEX,60m,5m,5,96.69000244,97.25,96.29000092,97.01000214,13268,USD,,,,,,europe_open,,Yahoo 5m history truncated by provider lookback window,,,,,,,,
2026-03-27 12:30:00+00:00,2026-03-27 18:00:00,2026-03-27 00:00:00,WTI Crude Futures,NYMEX,60m,5m,5,97.01999664,97.72000122,96.56999969,96.91000366,23172,USD,,,,,,europe_mid,,Yahoo 5m history truncated by provider lookback window,,,,,,,,
2026-03-27 13:30:00+00:00,2026-03-27 19:00:00,2026-03-27 00:00:00,WTI Crude Futures,NYMEX,60m,5m,5,96.90000153,97.98999786,96.63999939,97.94000244,33608,USD,,,,,,europe_mid,,Yahoo 5m history truncated by provider lookback window,,,,,,,,
2026-03-27 14:30:00+00:00,2026-03-27 20:00:00,2026-03-27 00:00:00,WTI Crude Futures,NYMEX,60m,5m,5,97.93000031,98.34999847,97.12999725,97.34999847,30900,USD,,,,,,us_pre_open,,Yahoo 5m history truncated by provider lookback window,,,,,,,,
2026-03-27 15:30:00+00:00,2026-03-27 21:00:00,2026-03-27 00:00:00,WTI Crude Futures,NYMEX,60m,5m,5,97.34999847,98.48999786,96.95999908,98.22000122,25751,USD,,,,,,us_open,first_30m_after_us_open,Yahoo 5m history truncated by provider lookback window,,,,,,,,
2026-03-27 16:30:00+00:00,2026-03-27 22:00:00,2026-03-27 00:00:00,WTI Crude Futures,NYMEX,60m,5m,5,98.22000122,98.90000153,98.0,98.66000366,22784,USD,,,,,,us_open,,Yahoo 5m history truncated by provider lookback window,,,,,,,,
2026-03-27 17:30:00+00:00,2026-03-27 23:00:00,2026-03-27 00:00:00,WTI Crude Futures,NYMEX,60m,5m,5,98.66999817,100.0400009,98.19999695,99.51999664,53744,USD,,,,,,us_late,us_late_reversal_window,Yahoo 5m history truncated by provider lookback window,,,,,,,,
2026-03-27 18:30:00+00:00,2026-03-28 00:00:00,2026-03-27 00:00:00,WTI Crude Futures,NYMEX,60m,5m,5,99.5,99.87999725,98.77999878,99.81999969,24666,USD,,,,,,us_late,final_hour_of_session_if_identifiable,Yahoo 5m history truncated by provider lookback window,,,,,,,,
2026-03-27 19:30:00+00:00,2026-03-28 01:00:00,2026-03-27 00:00:00,WTI Crude Futures,NYMEX,60m,5m,5,99.83999634,100.7699966,99.0,100.5400009,20307,USD,,,,,,us_late,,Yahoo 5m history truncated by provider lookback window,,,,,,,,
2026-03-27 20:30:00+00:00,2026-03-28 02:00:00,2026-03-27 00:00:00,WTI Crude Futures,NYMEX,60m,5m,5,100.5400009,101.2399979,100.3700027,101.1800003,7443,USD,,,,,,other_valid_hours,,Yahoo 5m history truncated by provider lookback window | Partial 5m coverage used for 60m bucket because no fuller finer bucket was available,,,,,,,,
2026-03-29 22:00:00+00:00,2026-03-30 03:00:00,2026-03-30 00:00:00,WTI Crude Futures,NYMEX,60m,60m,60,103.0500031,103.1399994,102.0199966,102.1200027,6479,USD,,,,,,other_valid_hours,,Yahoo 60m history truncated by provider lookback window,,,,,,,,
2026-03-29 22:30:00+00:00,2026-03-30 04:00:00,2026-03-30 00:00:00,WTI Crude Futures,NYMEX,60m,5m,5,102.6900024,102.6999969,101.8600006,102.2900009,4486,USD,,,,,,asia_early,,Yahoo 5m history truncated by provider lookback window,,,,,,,,
2026-03-29 23:30:00+00:00,2026-03-30 05:00:00,2026-03-30 00:00:00,WTI Crude Futures,NYMEX,60m,5m,5,102.2900009,103.1299973,101.0500031,102.1200027,11712,USD,,,,,,asia_early,,Yahoo 5m history truncated by provider lookback window,,,,,,,,
2026-03-30 00:30:00+00:00,2026-03-30 06:00:00,2026-03-30 00:00:00,WTI Crude Futures,NYMEX,60m,5m,5,102.0999985,103.2099991,101.8600006,102.8600006,8353,USD,,,,,,asia_early,,Yahoo 5m history truncated by provider lookback window,,,,,,,,
2026-03-30 01:30:00+00:00,2026-03-30 07:00:00,2026-03-30 00:00:00,WTI Crude Futures,NYMEX,60m,5m,5,102.9000015,103.0599976,101.7099991,102.8499985,7251,USD,,,,,,asia_early,,Yahoo 5m history truncated by provider lookback window,,,,,,,,
2026-03-30 02:30:00+00:00,2026-03-30 08:00:00,2026-03-30 00:00:00,WTI Crude Futures,NYMEX,60m,5m,5,102.8799973,102.8899994,100.2600021,100.7300034,11961,USD,,,,,,asia_early,,Yahoo 5m history truncated by provider lookback window,,,,,,,,
2026-03-30 03:30:00+00:00,2026-03-30 09:00:00,2026-03-30 00:00:00,WTI Crude Futures,NYMEX,60m,5m,5,100.7200012,101.75,100.6900024,101.1900024,4768,USD,,,,,,other_valid_hours,,Yahoo 5m history truncated by provider lookback window,,,,,,,,
2026-03-30 04:30:00+00:00,2026-03-30 10:00:00,2026-03-30 00:00:00,WTI Crude Futures,NYMEX,60m,5m,5,101.1900024,101.5299988,100.8099976,101.4000015,3660,USD,,,,,,other_valid_hours,,Yahoo 5m history truncated by provider lookback window,,,,,,,,
2026-03-30 05:30:00+00:00,2026-03-30 11:00:00,2026-03-30 00:00:00,WTI Crude Futures,NYMEX,60m,5m,5,101.3799973,101.4700012,100.4199982,100.9599991,5501,USD,,,,,,other_valid_hours,,Yahoo 5m history truncated by provider lookback window,,,,,,,,
2026-03-30 06:30:00+00:00,2026-03-30 12:00:00,2026-03-30 00:00:00,WTI Crude Futures,NYMEX,60m,5m,5,100.9599991,102.1900024,100.5800018,101.8899994,9879,USD,,,,,,other_valid_hours,,Yahoo 5m history truncated by provider lookback window,,,,,,,,
2026-03-30 07:30:00+00:00,2026-03-30 13:00:00,2026-03-30 00:00:00,WTI Crude Futures,NYMEX,60m,5m,5,101.8899994,102.4899979,101.3600006,102.4100037,10585,USD,,,,,,other_valid_hours,,Yahoo 5m history truncated by provider lookback window,,,,,,,,
2026-03-30 08:30:00+00:00,2026-03-30 14:00:00,2026-03-30 00:00:00,WTI Crude Futures,NYMEX,60m,5m,5,102.4400024,102.4499969,100.6600037,101.5599976,11554,USD,,,,,,other_valid_hours,,Yahoo 5m history truncated by provider lookback window,,,,,,,,
2026-03-30 09:30:00+00:00,2026-03-30 15:00:00,2026-03-30 00:00:00,WTI Crude Futures,NYMEX,60m,5m,5,101.5599976,101.8000031,101.1200027,101.6600037,5784,USD,,,,,,other_valid_hours,,Yahoo 5m history truncated by provider lookback window,,,,,,,,
2026-03-30 10:30:00+00:00,2026-03-30 16:00:00,2026-03-30 00:00:00,WTI Crude Futures,NYMEX,60m,5m,5,101.6100006,102.0400009,99.43000031,101.1200027,13424,USD,,,,,,europe_open,first_hour_after_europe_open,Yahoo 5m history truncated by provider lookback window,,,,,,,,
2026-03-30 11:30:00+00:00,2026-03-30 17:00:00,2026-03-30 00:00:00,WTI Crude Futures,NYMEX,60m,5m,5,101.0800018,101.7699966,100.6100006,100.9800034,12898,USD,,,,,,europe_open,,Yahoo 5m history truncated by provider lookback window,,,,,,,,
2026-03-30 12:30:00+00:00,2026-03-30 18:00:00,2026-03-30 00:00:00,WTI Crude Futures,NYMEX,60m,5m,5,100.9800034,101.7900009,99.98999786,101.7699966,25952,USD,,,,,,europe_mid,,Yahoo 5m history truncated by provider lookback window,,,,,,,,
2026-03-30 13:30:00+00:00,2026-03-30 19:00:00,2026-03-30 00:00:00,WTI Crude Futures,NYMEX,60m,5m,5,101.7699966,102.8600006,101.4300003,101.7600021,38918,USD,,,,,,europe_mid,,Yahoo 5m history truncated by provider lookback window,,,,,,,,
2026-03-30 14:30:00+00:00,2026-03-30 20:00:00,2026-03-30 00:00:00,WTI Crude Futures,NYMEX,60m,5m,5,101.75,102.6999969,101.3300018,102.2600021,30852,USD,,,,,,us_pre_open,,Yahoo 5m history truncated by provider lookback window,,,,,,,,
2026-03-30 15:30:00+00:00,2026-03-30 21:00:00,2026-03-30 00:00:00,WTI Crude Futures,NYMEX,60m,5m,5,102.2799988,103.8600006,101.5,103.0999985,32914,USD,,,,,,us_open,first_30m_after_us_open,Yahoo 5m history truncated by provider lookback window,,,,,,,,
2026-03-30 16:30:00+00:00,2026-03-30 22:00:00,2026-03-30 00:00:00,WTI Crude Futures,NYMEX,60m,5m,5,103.0800018,103.6500015,102.4599991,103.3399963,19409,USD,,,,,,us_open,,Yahoo 5m history truncated by provider lookback window,,,,,,,,
2026-03-30 17:30:00+00:00,2026-03-30 23:00:00,2026-03-30 00:00:00,WTI Crude Futures,NYMEX,60m,5m,5,103.3399963,103.7300034,102.3499985,102.9199982,37615,USD,,,,,,us_late,us_late_reversal_window,Yahoo 5m history truncated by provider lookback window,,,,,,,,
2026-03-30 18:30:00+00:00,2026-03-31 00:00:00,2026-03-30 00:00:00,WTI Crude Futures,NYMEX,60m,5m,5,102.9000015,104.2099991,102.8899994,103.9199982,13250,USD,,,,,,us_late,final_hour_of_session_if_identifiable,Yahoo 5m history truncated by provider lookback window,,,,,,,,
2026-03-30 19:30:00+00:00,2026-03-31 01:00:00,2026-03-30 00:00:00,WTI Crude Futures,NYMEX,60m,5m,5,103.9300003,105.2200012,103.6399994,105.0800018,13444,USD,,,,,,us_late,,Yahoo 5m history truncated by provider lookback window,,,,,,,,
2026-03-30 20:30:00+00:00,2026-03-31 02:00:00,2026-03-30 00:00:00,WTI Crude Futures,NYMEX,60m,5m,5,105.1200027,105.3600006,104.8300018,105.0100021,3592,USD,,,,,,other_valid_hours,,Yahoo 5m history truncated by provider lookback window | Partial 5m coverage used for 60m bucket because no fuller finer bucket was available,,,,,,,,
2026-03-30 22:00:00+00:00,2026-03-31 03:00:00,2026-03-31 00:00:00,WTI Crude Futures,NYMEX,60m,60m,60,105.0699997,105.6399994,104.5,105.5699997,0,USD,,,,,,other_valid_hours,,Yahoo 60m history truncated by provider lookback window,,,,,,,,
2026-03-30 22:30:00+00:00,2026-03-31 04:00:00,2026-03-31 00:00:00,WTI Crude Futures,NYMEX,60m,5m,5,104.7300034,106.6999969,104.7300034,106.1299973,6869,USD,,,,,,asia_early,,Yahoo 5m history truncated by provider lookback window,,,,,,,,
2026-03-30 23:30:00+00:00,2026-03-31 05:00:00,2026-03-31 00:00:00,WTI Crude Futures,NYMEX,60m,5m,5,106.1100006,106.8600006,105.6600037,106.25,7255,USD,,,,,,asia_early,,Yahoo 5m history truncated by provider lookback window,,,,,,,,
2026-03-31 00:30:00+00:00,2026-03-31 06:00:00,2026-03-31 00:00:00,WTI Crude Futures,NYMEX,60m,5m,5,106.2600021,106.4400024,102.8000031,102.8799973,18092,USD,,,,,,asia_early,,Yahoo 5m history truncated by provider lookback window,,,,,,,,
2026-03-31 01:30:00+00:00,2026-03-31 07:00:00,2026-03-31 00:00:00,WTI Crude Futures,NYMEX,60m,5m,5,102.8799973,102.9499969,100.8300018,102.2200012,17338,USD,,,,,,asia_early,,Yahoo 5m history truncated by provider lookback window,,,,,,,,
2026-03-31 02:30:00+00:00,2026-03-31 08:00:00,2026-03-31 00:00:00,WTI Crude Futures,NYMEX,60m,5m,5,102.2300034,102.5800018,101.5699997,102.1699982,5708,USD,,,,,,asia_early,,Yahoo 5m history truncated by provider lookback window,,,,,,,,
2026-03-31 03:30:00+00:00,2026-03-31 09:00:00,2026-03-31 00:00:00,WTI Crude Futures,NYMEX,60m,5m,5,102.1600037,103.1600037,102.1500015,103.0,5029,USD,,,,,,other_valid_hours,,Yahoo 5m history truncated by provider lookback window,,,,,,,,
2026-03-31 04:30:00+00:00,2026-03-31 10:00:00,2026-03-31 00:00:00,WTI Crude Futures,NYMEX,60m,5m,5,103.0,103.4499969,102.5899963,102.9100037,3090,USD,,,,,,other_valid_hours,,Yahoo 5m history truncated by provider lookback window,,,,,,,,
2026-03-31 05:30:00+00:00,2026-03-31 11:00:00,2026-03-31 00:00:00,WTI Crude Futures,NYMEX,60m,5m,5,102.9000015,103.1299973,102.4499969,102.6800003,4119,USD,,,,,,other_valid_hours,,Yahoo 5m history truncated by provider lookback window,,,,,,,,
2026-03-31 06:30:00+00:00,2026-03-31 12:00:00,2026-03-31 00:00:00,WTI Crude Futures,NYMEX,60m,5m,5,102.6900024,103.4400024,102.5599976,103.3199997,5063,USD,,,,,,other_valid_hours,,Yahoo 5m history truncated by provider lookback window,,,,,,,,
2026-03-31 07:30:00+00:00,2026-03-31 13:00:00,2026-03-31 00:00:00,WTI Crude Futures,NYMEX,60m,5m,5,103.3199997,103.3399963,101.8000031,102.2900009,12362,USD,,,,,,other_valid_hours,,Yahoo 5m history truncated by provider lookback window,,,,,,,,
2026-03-31 08:30:00+00:00,2026-03-31 14:00:00,2026-03-31 00:00:00,WTI Crude Futures,NYMEX,60m,5m,5,102.2900009,102.9100037,101.3000031,102.0599976,11638,USD,,,,,,other_valid_hours,,Yahoo 5m history truncated by provider lookback window,,,,,,,,
2026-03-31 09:30:00+00:00,2026-03-31 15:00:00,2026-03-31 00:00:00,WTI Crude Futures,NYMEX,60m,5m,5,102.0599976,104.5999985,101.9800034,104.2799988,17764,USD,,,,,,other_valid_hours,,Yahoo 5m history truncated by provider lookback window,,,,,,,,
2026-03-31 10:30:00+00:00,2026-03-31 16:00:00,2026-03-31 00:00:00,WTI Crude Futures,NYMEX,60m,5m,5,104.3000031,105.2200012,103.1200027,103.5,21637,USD,,,,,,europe_open,first_hour_after_europe_open,Yahoo 5m history truncated by provider lookback window,,,,,,,,
2026-03-31 11:30:00+00:00,2026-03-31 17:00:00,2026-03-31 00:00:00,WTI Crude Futures,NYMEX,60m,5m,5,103.5199966,104.0800018,102.2699966,102.6299973,24999,USD,,,,,,europe_open,,Yahoo 5m history truncated by provider lookback window,,,,,,,,
2026-03-31 12:30:00+00:00,2026-03-31 18:00:00,2026-03-31 00:00:00,WTI Crude Futures,NYMEX,60m,5m,5,102.6299973,103.8899994,102.5999985,103.75,17799,USD,,,,,,europe_mid,,Yahoo 5m history truncated by provider lookback window,,,,,,,,
2026-03-31 13:30:00+00:00,2026-03-31 19:00:00,2026-03-31 00:00:00,WTI Crude Futures,NYMEX,60m,5m,5,103.7600021,103.8000031,102.1100006,102.6600037,36327,USD,,,,,,europe_mid,,Yahoo 5m history truncated by provider lookback window,,,,,,,,
2026-03-31 14:30:00+00:00,2026-03-31 20:00:00,2026-03-31 00:00:00,WTI Crude Futures,NYMEX,60m,5m,5,102.6600037,104.6900024,102.1999969,104.4700012,43578,USD,,,,,,us_pre_open,,Yahoo 5m history truncated by provider lookback window,,,,,,,,
2026-03-31 15:30:00+00:00,2026-03-31 21:00:00,2026-03-31 00:00:00,WTI Crude Futures,NYMEX,60m,5m,5,104.4800034,104.9000015,104.0,104.7399979,28723,USD,,,,,,us_open,first_30m_after_us_open,Yahoo 5m history truncated by provider lookback window,,,,,,,,
2026-03-31 16:30:00+00:00,2026-03-31 22:00:00,2026-03-31 00:00:00,WTI Crude Futures,NYMEX,60m,5m,5,104.75,105.0400009,99.62000275,101.5599976,95847,USD,,,,,,us_open,,Yahoo 5m history truncated by provider lookback window,,,,,,,,
2026-03-31 17:30:00+00:00,2026-03-31 23:00:00,2026-03-31 00:00:00,WTI Crude Futures,NYMEX,60m,5m,5,101.5699997,102.6399994,100.75,101.1500015,58090,USD,,,,,,us_late,us_late_reversal_window,Yahoo 5m history truncated by provider lookback window,,,,,,,,
2026-03-31 18:30:00+00:00,2026-04-01 00:00:00,2026-03-31 00:00:00,WTI Crude Futures,NYMEX,60m,5m,5,101.1600037,102.5,100.8000031,102.2799988,16768,USD,,,,,,us_late,final_hour_of_session_if_identifiable,Yahoo 5m history truncated by provider lookback window,,,,,,,,
2026-03-31 19:30:00+00:00,2026-04-01 01:00:00,2026-03-31 00:00:00,WTI Crude Futures,NYMEX,60m,5m,5,102.2600021,102.2799988,101.5299988,101.6299973,8909,USD,,,,,,us_late,,Yahoo 5m history truncated by provider lookback window,,,,,,,,
2026-03-31 20:30:00+00:00,2026-04-01 02:00:00,2026-03-31 00:00:00,WTI Crude Futures,NYMEX,60m,5m,5,101.5800018,101.7799988,100.6699982,101.5599976,5190,USD,,,,,,other_valid_hours,,Yahoo 5m history truncated by provider lookback window | Partial 5m coverage used for 60m bucket because no fuller finer bucket was available,,,,,,,,
2026-03-31 22:00:00+00:00,2026-04-01 03:00:00,2026-04-01 00:00:00,WTI Crude Futures,NYMEX,60m,60m,60,101.7200012,102.8499985,101.5199966,102.1999969,0,USD,,,,,,other_valid_hours,,Yahoo 60m history truncated by provider lookback window,,,,,,,,
2026-03-31 22:30:00+00:00,2026-04-01 04:00:00,2026-04-01 00:00:00,WTI Crude Futures,NYMEX,60m,5m,5,102.6100006,102.6500015,101.75,102.0,1554,USD,,,,,,asia_early,,Yahoo 5m history truncated by provider lookback window,,,,,,,,
2026-03-31 23:30:00+00:00,2026-04-01 05:00:00,2026-04-01 00:00:00,WTI Crude Futures,NYMEX,60m,5m,5,101.9899979,102.5699997,101.5500031,102.3600006,5547,USD,,,,,,asia_early,,Yahoo 5m history truncated by provider lookback window,,,,,,,,
2026-04-01 00:30:00+00:00,2026-04-01 06:00:00,2026-04-01 00:00:00,WTI Crude Futures,NYMEX,60m,5m,5,102.3600006,103.0500031,101.8799973,102.6200027,6308,USD,,,,,,asia_early,,Yahoo 5m history truncated by provider lookback window,,,,,,,,
2026-04-01 01:30:00+00:00,2026-04-01 07:00:00,2026-04-01 00:00:00,WTI Crude Futures,NYMEX,60m,5m,5,102.6200027,103.1600037,102.4599991,102.5899963,3818,USD,,,,,,asia_early,,Yahoo 5m history truncated by provider lookback window,,,,,,,,
2026-04-01 02:30:00+00:00,2026-04-01 08:00:00,2026-04-01 00:00:00,WTI Crude Futures,NYMEX,60m,5m,5,102.5699997,103.3099976,102.5299988,103.1900024,2892,USD,,,,,,asia_early,,Yahoo 5m history truncated by provider lookback window,,,,,,,,
2026-04-01 03:30:00+00:00,2026-04-01 09:00:00,2026-04-01 00:00:00,WTI Crude Futures,NYMEX,60m,5m,5,103.1800003,103.2600021,102.8000031,102.9700012,1716,USD,,,,,,other_valid_hours,,Yahoo 5m history truncated by provider lookback window,,,,,,,,
2026-04-01 04:30:00+00:00,2026-04-01 10:00:00,2026-04-01 00:00:00,WTI Crude Futures,NYMEX,60m,5m,5,102.9700012,103.1299973,102.1999969,102.3499985,3109,USD,,,,,,other_valid_hours,,Yahoo 5m history truncated by provider lookback window,,,,,,,,
2026-04-01 05:30:00+00:00,2026-04-01 11:00:00,2026-04-01 00:00:00,WTI Crude Futures,NYMEX,60m,5m,5,102.3899994,102.4000015,99.08999634,99.34999847,15300,USD,,,,,,other_valid_hours,,Yahoo 5m history truncated by provider lookback window,,,,,,,,
2026-04-01 06:30:00+00:00,2026-04-01 12:00:00,2026-04-01 00:00:00,WTI Crude Futures,NYMEX,60m,5m,5,99.33000183,99.33000183,96.61000061,97.31999969,30410,USD,,,,,,other_valid_hours,,Yahoo 5m history truncated by provider lookback window,,,,,,,,
2026-04-01 07:30:00+00:00,2026-04-01 13:00:00,2026-04-01 00:00:00,WTI Crude Futures,NYMEX,60m,5m,5,97.31999969,99.19999695,96.5,99.11000061,21362,USD,,,,,,other_valid_hours,,Yahoo 5m history truncated by provider lookback window,,,,,,,,
2026-04-01 08:30:00+00:00,2026-04-01 14:00:00,2026-04-01 00:00:00,WTI Crude Futures,NYMEX,60m,5m,5,99.09999847,100.4300003,98.58999634,100.1299973,13305,USD,,,,,,other_valid_hours,,Yahoo 5m history truncated by provider lookback window,,,,,,,,
2026-04-01 09:30:00+00:00,2026-04-01 15:00:00,2026-04-01 00:00:00,WTI Crude Futures,NYMEX,60m,5m,5,100.1299973,100.6600037,99.66000366,100.3399963,12888,USD,,,,,,other_valid_hours,,Yahoo 5m history truncated by provider lookback window,,,,,,,,
2026-04-01 10:30:00+00:00,2026-04-01 16:00:00,2026-04-01 00:00:00,WTI Crude Futures,NYMEX,60m,5m,5,100.3499985,100.5899963,99.12000275,99.16999817,12946,USD,,,,,,europe_open,first_hour_after_europe_open,Yahoo 5m history truncated by provider lookback window,,,,,,,,
2026-04-01 11:30:00+00:00,2026-04-01 17:00:00,2026-04-01 00:00:00,WTI Crude Futures,NYMEX,60m,5m,5,99.16999817,99.58999634,98.01000214,99.51000214,19465,USD,,,,,,europe_open,,Yahoo 5m history truncated by provider lookback window,,,,,,,,
2026-04-01 12:30:00+00:00,2026-04-01 18:00:00,2026-04-01 00:00:00,WTI Crude Futures,NYMEX,60m,5m,5,99.5,101.0100021,98.62000275,100.1200027,38236,USD,,,,,,europe_mid,,Yahoo 5m history truncated by provider lookback window,,,,,,,,
2026-04-01 13:30:00+00:00,2026-04-01 19:00:00,2026-04-01 00:00:00,WTI Crude Futures,NYMEX,60m,5m,5,100.1399994,100.25,98.44000244,98.84999847,38913,USD,,,,,,europe_mid,,Yahoo 5m history truncated by provider lookback window,,,,,,,,
2026-04-01 14:30:00+00:00,2026-04-01 20:00:00,2026-04-01 00:00:00,WTI Crude Futures,NYMEX,60m,5m,5,98.87000275,100.1999969,98.23000336,100.0400009,35127,USD,,,,,,us_pre_open,,Yahoo 5m history truncated by provider lookback window,,,,,,,,
2026-04-01 15:30:00+00:00,2026-04-01 21:00:00,2026-04-01 00:00:00,WTI Crude Futures,NYMEX,60m,5m,5,100.0199966,100.8600006,99.54000092,100.0899963,27633,USD,,,,,,us_open,first_30m_after_us_open,Yahoo 5m history truncated by provider lookback window,,,,,,,,
2026-04-01 16:30:00+00:00,2026-04-01 22:00:00,2026-04-01 00:00:00,WTI Crude Futures,NYMEX,60m,5m,5,100.0899963,100.3099976,99.15000153,99.31999969,20122,USD,,,,,,us_open,,Yahoo 5m history truncated by provider lookback window,,,,,,,,
2026-04-01 17:30:00+00:00,2026-04-01 23:00:00,2026-04-01 00:00:00,WTI Crude Futures,NYMEX,60m,5m,5,99.33000183,100.2600021,98.58000183,100.1399994,46275,USD,,,,,,us_late,us_late_reversal_window,Yahoo 5m history truncated by provider lookback window,,,,,,,,
2026-04-01 18:30:00+00:00,2026-04-02 00:00:00,2026-04-01 00:00:00,WTI Crude Futures,NYMEX,60m,5m,5,100.1500015,100.4400024,99.55999756,99.66999817,16433,USD,,,,,,us_late,final_hour_of_session_if_identifiable,Yahoo 5m history truncated by provider lookback window,,,,,,,,
2026-04-01 19:30:00+00:00,2026-04-02 01:00:00,2026-04-01 00:00:00,WTI Crude Futures,NYMEX,60m,5m,5,99.66999817,100.0,98.84999847,99.29000092,10667,USD,,,,,,us_late,,Yahoo 5m history truncated by provider lookback window,,,,,,,,
2026-04-01 20:30:00+00:00,2026-04-02 02:00:00,2026-04-01 00:00:00,WTI Crude Futures,NYMEX,60m,5m,5,99.30000305,99.33000183,98.76000214,98.91000366,2572,USD,,,,,,other_valid_hours,,Yahoo 5m history truncated by provider lookback window | Partial 5m coverage used for 60m bucket because no fuller finer bucket was available,,,,,,,,
2026-04-01 22:00:00+00:00,2026-04-02 03:00:00,2026-04-02 00:00:00,WTI Crude Futures,NYMEX,60m,60m,60,98.91999817,99.20999908,98.37000275,99.05000305,0,USD,,,,,,other_valid_hours,,Yahoo 60m history truncated by provider lookback window,,,,,,,,
2026-04-01 22:30:00+00:00,2026-04-02 04:00:00,2026-04-02 00:00:00,WTI Crude Futures,NYMEX,60m,5m,5,98.93000031,99.20999908,98.68000031,98.91000366,1320,USD,,,,,,asia_early,,Yahoo 5m history truncated by provider lookback window,,,,,,,,
2026-04-01 23:30:00+00:00,2026-04-02 05:00:00,2026-04-02 00:00:00,WTI Crude Futures,NYMEX,60m,5m,5,98.94000244,99.02999878,97.69999695,98.55000305,6567,USD,,,,,,asia_early,,Yahoo 5m history truncated by provider lookback window,,,,,,,,
2026-04-02 00:30:00+00:00,2026-04-02 06:00:00,2026-04-02 00:00:00,WTI Crude Futures,NYMEX,60m,5m,5,98.55999756,103.5599976,97.5,102.8700027,30570,USD,,,,,,asia_early,,Yahoo 5m history truncated by provider lookback window,,,,,,,,
2026-04-02 01:30:00+00:00,2026-04-02 07:00:00,2026-04-02 00:00:00,WTI Crude Futures,NYMEX,60m,5m,5,102.8700027,104.6399994,102.8399963,104.1299973,17136,USD,,,,,,asia_early,,Yahoo 5m history truncated by provider lookback window,,,,,,,,
2026-04-02 02:30:00+00:00,2026-04-02 08:00:00,2026-04-02 00:00:00,WTI Crude Futures,NYMEX,60m,5m,5,104.1399994,104.2699966,103.5400009,103.9499969,5437,USD,,,,,,asia_early,,Yahoo 5m history truncated by provider lookback window,,,,,,,,
2026-04-02 03:30:00+00:00,2026-04-02 09:00:00,2026-04-02 00:00:00,WTI Crude Futures,NYMEX,60m,5m,5,103.9700012,105.6200027,103.9000015,105.4400024,8409,USD,,,,,,other_valid_hours,,Yahoo 5m history truncated by provider lookback window,,,,,,,,
2026-04-02 04:30:00+00:00,2026-04-02 10:00:00,2026-04-02 00:00:00,WTI Crude Futures,NYMEX,60m,5m,5,105.4000015,105.6500015,104.6500015,104.7600021,4962,USD,,,,,,other_valid_hours,,Yahoo 5m history truncated by provider lookback window,,,,,,,,
2026-04-02 05:30:00+00:00,2026-04-02 11:00:00,2026-04-02 00:00:00,WTI Crude Futures,NYMEX,60m,5m,5,104.7600021,106.5699997,104.5100021,106.2699966,12104,USD,,,,,,other_valid_hours,,Yahoo 5m history truncated by provider lookback window,,,,,,,,
2026-04-02 06:30:00+00:00,2026-04-02 12:00:00,2026-04-02 00:00:00,WTI Crude Futures,NYMEX,60m,5m,5,106.2699966,106.75,105.8099976,106.5100021,11837,USD,,,,,,other_valid_hours,,Yahoo 5m history truncated by provider lookback window,,,,,,,,
2026-04-02 07:30:00+00:00,2026-04-02 13:00:00,2026-04-02 00:00:00,WTI Crude Futures,NYMEX,60m,5m,5,106.5299988,107.0899963,106.0599976,106.7600021,10541,USD,,,,,,other_valid_hours,,Yahoo 5m history truncated by provider lookback window,,,,,,,,
2026-04-02 08:30:00+00:00,2026-04-02 14:00:00,2026-04-02 00:00:00,WTI Crude Futures,NYMEX,60m,5m,5,106.7799988,107.3799973,106.5,107.3600006,10401,USD,,,,,,other_valid_hours,,Yahoo 5m history truncated by provider lookback window,,,,,,,,
2026-04-02 09:30:00+00:00,2026-04-02 15:00:00,2026-04-02 00:00:00,WTI Crude Futures,NYMEX,60m,5m,5,107.3499985,108.2099991,107.3499985,108.1699982,15027,USD,,,,,,other_valid_hours,,Yahoo 5m history truncated by provider lookback window,,,,,,,,
2026-04-02 10:30:00+00:00,2026-04-02 16:00:00,2026-04-02 00:00:00,WTI Crude Futures,NYMEX,60m,5m,5,108.1699982,109.25,107.7399979,109.0800018,17001,USD,,,,,,europe_open,first_hour_after_europe_open,Yahoo 5m history truncated by provider lookback window,,,,,,,,
2026-04-02 11:30:00+00:00,2026-04-02 17:00:00,2026-04-02 00:00:00,WTI Crude Futures,NYMEX,60m,5m,5,109.0800018,110.6699982,109.0699997,110.0800018,32047,USD,,,,,,europe_open,,Yahoo 5m history truncated by provider lookback window,,,,,,,,
2026-04-02 12:30:00+00:00,2026-04-02 18:00:00,2026-04-02 00:00:00,WTI Crude Futures,NYMEX,60m,5m,5,110.0800018,113.9700012,110.0,112.6399994,71034,USD,,,,,,europe_mid,,Yahoo 5m history truncated by provider lookback window,,,,,,,,
2026-04-02 13:30:00+00:00,2026-04-02 19:00:00,2026-04-02 00:00:00,WTI Crude Futures,NYMEX,60m,5m,5,112.6500015,113.4800034,110.25,110.9899979,58884,USD,,,,,,europe_mid,,Yahoo 5m history truncated by provider lookback window,,,,,,,,
2026-04-02 14:30:00+00:00,2026-04-02 20:00:00,2026-04-02 00:00:00,WTI Crude Futures,NYMEX,60m,5m,5,111.0,111.1800003,106.6200027,110.0199966,68032,USD,,,,,,us_pre_open,,Yahoo 5m history truncated by provider lookback window,,,,,,,,
2026-04-02 15:30:00+00:00,2026-04-02 21:00:00,2026-04-02 00:00:00,WTI Crude Futures,NYMEX,60m,5m,5,110.0100021,112.1600037,109.9700012,111.75,37514,USD,,,,,,us_open,first_30m_after_us_open,Yahoo 5m history truncated by provider lookback window,,,,,,,,
2026-04-02 16:30:00+00:00,2026-04-02 22:00:00,2026-04-02 00:00:00,WTI Crude Futures,NYMEX,60m,5m,5,111.7300034,111.9199982,110.0400009,111.1100006,26384,USD,,,,,,us_open,,Yahoo 5m history truncated by provider lookback window,,,,,,,,
2026-04-02 17:30:00+00:00,2026-04-02 23:00:00,2026-04-02 00:00:00,WTI Crude Futures,NYMEX,60m,5m,5,111.0999985,112.3000031,111.0699997,111.4800034,42855,USD,,,,,,us_late,us_late_reversal_window,Yahoo 5m history truncated by provider lookback window,,,,,,,,
2026-04-02 18:30:00+00:00,2026-04-03 00:00:00,2026-04-02 00:00:00,WTI Crude Futures,NYMEX,60m,5m,5,111.4800034,111.8700027,110.7699966,111.4800034,15202,USD,,,,,,us_late,final_hour_of_session_if_identifiable,Yahoo 5m history truncated by provider lookback window,,,,,,,,
2026-04-02 19:30:00+00:00,2026-04-03 01:00:00,2026-04-02 00:00:00,WTI Crude Futures,NYMEX,60m,5m,5,111.4700012,111.9599991,111.2200012,111.6600037,7476,USD,,,,,,us_late,,Yahoo 5m history truncated by provider lookback window,,,,,,,,
2026-04-02 20:30:00+00:00,2026-04-03 02:00:00,2026-04-02 00:00:00,WTI Crude Futures,NYMEX,60m,5m,5,111.6600037,112.0100021,111.5299988,112.0,2768,USD,,,,,,other_valid_hours,,Yahoo 5m history truncated by provider lookback window | Partial 5m coverage used for 60m bucket because no fuller finer bucket was available,,,,,,,,
2026-04-05 22:00:00+00:00,2026-04-06 03:00:00,2026-04-06 00:00:00,WTI Crude Futures,NYMEX,60m,60m,60,112.9599991,115.4800034,112.5,113.6900024,12539,USD,,,,,,other_valid_hours,,Yahoo 60m history truncated by provider lookback window,,,,,,,,
2026-04-05 22:30:00+00:00,2026-04-06 04:00:00,2026-04-06 00:00:00,WTI Crude Futures,NYMEX,60m,5m,5,114.8799973,114.9499969,112.8799973,113.8700027,7826,USD,,,,,,asia_early,,Yahoo 5m history truncated by provider lookback window,,,,,,,,
2026-04-05 23:30:00+00:00,2026-04-06 05:00:00,2026-04-06 00:00:00,WTI Crude Futures,NYMEX,60m,5m,5,113.8499985,114.4499969,112.1999969,112.4400024,6001,USD,,,,,,asia_early,,Yahoo 5m history truncated by provider lookback window,,,,,,,,
2026-04-06 00:30:00+00:00,2026-04-06 06:00:00,2026-04-06 00:00:00,WTI Crude Futures,NYMEX,60m,5m,5,112.4199982,112.7900009,111.5,111.6399994,6797,USD,,,,,,asia_early,,Yahoo 5m history truncated by provider lookback window,,,,,,,,
2026-04-06 01:30:00+00:00,2026-04-06 07:00:00,2026-04-06 00:00:00,WTI Crude Futures,NYMEX,60m,5m,5,111.6100006,112.1100006,109.5,110.5999985,8756,USD,,,,,,asia_early,,Yahoo 5m history truncated by provider lookback window,,,,,,,,
2026-04-06 02:30:00+00:00,2026-04-06 08:00:00,2026-04-06 00:00:00,WTI Crude Futures,NYMEX,60m,5m,5,110.5999985,112.3499985,110.5999985,111.6800003,6282,USD,,,,,,asia_early,,Yahoo 5m history truncated by provider lookback window,,,,,,,,
2026-04-06 03:30:00+00:00,2026-04-06 09:00:00,2026-04-06 00:00:00,WTI Crude Futures,NYMEX,60m,5m,5,111.6900024,112.0800018,110.7799988,111.1200027,3421,USD,,,,,,other_valid_hours,,Yahoo 5m history truncated by provider lookback window,,,,,,,,
2026-04-06 04:30:00+00:00,2026-04-06 10:00:00,2026-04-06 00:00:00,WTI Crude Futures,NYMEX,60m,5m,5,111.1399994,111.6600037,110.9599991,111.5899963,2385,USD,,,,,,other_valid_hours,,Yahoo 5m history truncated by provider lookback window,,,,,,,,
2026-04-06 05:30:00+00:00,2026-04-06 11:00:00,2026-04-06 00:00:00,WTI Crude Futures,NYMEX,60m,5m,5,111.5899963,112.2699966,110.8099976,111.5199966,5235,USD,,,,,,other_valid_hours,,Yahoo 5m history truncated by provider lookback window,,,,,,,,
2026-04-06 06:30:00+00:00,2026-04-06 12:00:00,2026-04-06 00:00:00,WTI Crude Futures,NYMEX,60m,5m,5,111.5400009,111.8799973,110.2799988,111.0,7136,USD,,,,,,other_valid_hours,,Yahoo 5m history truncated by provider lookback window,,,,,,,,
2026-04-06 07:30:00+00:00,2026-04-06 13:00:00,2026-04-06 00:00:00,WTI Crude Futures,NYMEX,60m,5m,5,110.9700012,111.0199966,108.8899994,109.6900024,8216,USD,,,,,,other_valid_hours,,Yahoo 5m history truncated by provider lookback window,,,,,,,,
2026-04-06 08:30:00+00:00,2026-04-06 14:00:00,2026-04-06 00:00:00,WTI Crude Futures,NYMEX,60m,5m,5,109.6999969,110.1800003,109.1800003,109.5899963,5226,USD,,,,,,other_valid_hours,,Yahoo 5m history truncated by provider lookback window,,,,,,,,
2026-04-06 09:30:00+00:00,2026-04-06 15:00:00,2026-04-06 00:00:00,WTI Crude Futures,NYMEX,60m,5m,5,109.5899963,111.7200012,109.2200012,110.5500031,7494,USD,,,,,,other_valid_hours,,Yahoo 5m history truncated by provider lookback window,,,,,,,,
2026-04-06 10:30:00+00:00,2026-04-06 16:00:00,2026-04-06 00:00:00,WTI Crude Futures,NYMEX,60m,5m,5,110.5500031,111.4400024,109.5999985,110.1500015,6121,USD,,,,,,europe_open,first_hour_after_europe_open,Yahoo 5m history truncated by provider lookback window,,,,,,,,
2026-04-06 11:30:00+00:00,2026-04-06 17:00:00,2026-04-06 00:00:00,WTI Crude Futures,NYMEX,60m,5m,5,110.1500015,110.9700012,109.7699966,110.5999985,6254,USD,,,,,,europe_open,,Yahoo 5m history truncated by provider lookback window,,,,,,,,
2026-04-06 12:30:00+00:00,2026-04-06 18:00:00,2026-04-06 00:00:00,WTI Crude Futures,NYMEX,60m,5m,5,110.6299973,112.4499969,109.8399963,112.2699966,15624,USD,,,,,,europe_mid,,Yahoo 5m history truncated by provider lookback window,,,,,,,,
2026-04-06 13:30:00+00:00,2026-04-06 19:00:00,2026-04-06 00:00:00,WTI Crude Futures,NYMEX,60m,5m,5,112.2900009,113.1399994,110.5800018,110.8600006,27560,USD,,,,,,europe_mid,,Yahoo 5m history truncated by provider lookback window,,,,,,,,
2026-04-06 14:30:00+00:00,2026-04-06 20:00:00,2026-04-06 00:00:00,WTI Crude Futures,NYMEX,60m,5m,5,110.8700027,112.3899994,110.2900009,112.1999969,20820,USD,,,,,,us_pre_open,,Yahoo 5m history truncated by provider lookback window,,,,,,,,
2026-04-06 15:30:00+00:00,2026-04-06 21:00:00,2026-04-06 00:00:00,WTI Crude Futures,NYMEX,60m,5m,5,112.1900024,112.6999969,111.1699982,111.9000015,12736,USD,,,,,,us_open,first_30m_after_us_open,Yahoo 5m history truncated by provider lookback window,,,,,,,,
2026-04-06 16:30:00+00:00,2026-04-06 22:00:00,2026-04-06 00:00:00,WTI Crude Futures,NYMEX,60m,5m,5,111.9000015,114.0,111.2799988,112.9199982,17152,USD,,,,,,us_open,,Yahoo 5m history truncated by provider lookback window,,,,,,,,
2026-04-06 17:30:00+00:00,2026-04-06 23:00:00,2026-04-06 00:00:00,WTI Crude Futures,NYMEX,60m,5m,5,112.8899994,114.2799988,112.0699997,112.25,31878,USD,,,,,,us_late,us_late_reversal_window,Yahoo 5m history truncated by provider lookback window,,,,,,,,
2026-04-06 18:30:00+00:00,2026-04-07 00:00:00,2026-04-06 00:00:00,WTI Crude Futures,NYMEX,60m,5m,5,112.25,112.9899979,111.7300034,112.75,10963,USD,,,,,,us_late,final_hour_of_session_if_identifiable,Yahoo 5m history truncated by provider lookback window,,,,,,,,
2026-04-06 19:30:00+00:00,2026-04-07 01:00:00,2026-04-06 00:00:00,WTI Crude Futures,NYMEX,60m,5m,5,112.7300034,112.8399963,111.8600006,112.5,6236,USD,,,,,,us_late,,Yahoo 5m history truncated by provider lookback window,,,,,,,,
2026-04-06 20:30:00+00:00,2026-04-07 02:00:00,2026-04-06 00:00:00,WTI Crude Futures,NYMEX,60m,5m,5,112.5100021,113.0599976,112.4899979,112.6100006,2259,USD,,,,,,other_valid_hours,,Yahoo 5m history truncated by provider lookback window | Partial 5m coverage used for 60m bucket because no fuller finer bucket was available,,,,,,,,
2026-04-06 22:00:00+00:00,2026-04-07 03:00:00,2026-04-07 00:00:00,WTI Crude Futures,NYMEX,60m,60m,60,112.6200027,113.6200027,112.5100021,113.3700027,0,USD,,,,,,other_valid_hours,,Yahoo 60m history truncated by provider lookback window,,,,,,,,
2026-04-06 22:30:00+00:00,2026-04-07 04:00:00,2026-04-07 00:00:00,WTI Crude Futures,NYMEX,60m,5m,5,112.9300003,113.6200027,112.8799973,113.5299988,2855,USD,,,,,,asia_early,,Yahoo 5m history truncated by provider lookback window,,,,,,,,
2026-04-06 23:30:00+00:00,2026-04-07 05:00:00,2026-04-07 00:00:00,WTI Crude Futures,NYMEX,60m,5m,5,113.5400009,113.9499969,112.6600037,113.0400009,4615,USD,,,,,,asia_early,,Yahoo 5m history truncated by provider lookback window,,,,,,,,
2026-04-07 00:30:00+00:00,2026-04-07 06:00:00,2026-04-07 00:00:00,WTI Crude Futures,NYMEX,60m,5m,5,113.0899963,113.8799973,112.75,113.6699982,6049,USD,,,,,,asia_early,,Yahoo 5m history truncated by provider lookback window,,,,,,,,
2026-04-07 01:30:00+00:00,2026-04-07 07:00:00,2026-04-07 00:00:00,WTI Crude Futures,NYMEX,60m,5m,5,113.6600037,115.5,113.6399994,114.8499985,10090,USD,,,,,,asia_early,,Yahoo 5m history truncated by provider lookback window,,,,,,,,
2026-04-07 02:30:00+00:00,2026-04-07 08:00:00,2026-04-07 00:00:00,WTI Crude Futures,NYMEX,60m,5m,5,114.8399963,115.7399979,114.5,115.1699982,4562,USD,,,,,,asia_early,,Yahoo 5m history truncated by provider lookback window,,,,,,,,
2026-04-07 03:30:00+00:00,2026-04-07 09:00:00,2026-04-07 00:00:00,WTI Crude Futures,NYMEX,60m,5m,5,115.1699982,116.5599976,115.1299973,116.0699997,5490,USD,,,,,,other_valid_hours,,Yahoo 5m history truncated by provider lookback window,,,,,,,,
2026-04-07 04:30:00+00:00,2026-04-07 10:00:00,2026-04-07 00:00:00,WTI Crude Futures,NYMEX,60m,5m,5,116.0999985,116.0999985,114.9499969,115.7300034,4127,USD,,,,,,other_valid_hours,,Yahoo 5m history truncated by provider lookback window,,,,,,,,
2026-04-07 05:30:00+00:00,2026-04-07 11:00:00,2026-04-07 00:00:00,WTI Crude Futures,NYMEX,60m,15m,15,115.6999969,116.0400009,112.4100037,115.0299988,4593,USD,,,,,,other_valid_hours,,Yahoo 15m history truncated by provider lookback window,,,,,,,,
2026-04-07 06:30:00+00:00,2026-04-07 12:00:00,2026-04-07 00:00:00,WTI Crude Futures,NYMEX,60m,5m,5,115.0400009,115.4300003,114.5800018,115.0100021,6701,USD,,,,,,other_valid_hours,,Yahoo 5m history truncated by provider lookback window,,,,,,,,
2026-04-07 07:30:00+00:00,2026-04-07 13:00:00,2026-04-07 00:00:00,WTI Crude Futures,NYMEX,60m,5m,5,115.0,115.6299973,112.4700012,113.4899979,15941,USD,,,,,,other_valid_hours,,Yahoo 5m history truncated by provider lookback window,,,,,,,,
2026-04-07 08:30:00+00:00,2026-04-07 14:00:00,2026-04-07 00:00:00,WTI Crude Futures,NYMEX,60m,5m,5,113.4899979,113.5699997,111.5299988,111.9000015,14874,USD,,,,,,other_valid_hours,,Yahoo 5m history truncated by provider lookback window,,,,,,,,
2026-04-07 09:30:00+00:00,2026-04-07 15:00:00,2026-04-07 00:00:00,WTI Crude Futures,NYMEX,60m,5m,5,111.9100037,114.4400024,111.2799988,113.8000031,18117,USD,,,,,,other_valid_hours,,Yahoo 5m history truncated by provider lookback window,,,,,,,,
2026-04-07 10:30:00+00:00,2026-04-07 16:00:00,2026-04-07 00:00:00,WTI Crude Futures,NYMEX,60m,5m,5,113.8099976,114.8700027,113.3899994,114.6699982,14892,USD,,,,,,europe_open,first_hour_after_europe_open,Yahoo 5m history truncated by provider lookback window,,,,,,,,
2026-04-07 11:30:00+00:00,2026-04-07 17:00:00,2026-04-07 00:00:00,WTI Crude Futures,NYMEX,60m,5m,5,114.6999969,116.4499969,114.3499985,114.7200012,27046,USD,,,,,,europe_open,,Yahoo 5m history truncated by provider lookback window,,,,,,,,
2026-04-07 12:30:00+00:00,2026-04-07 18:00:00,2026-04-07 00:00:00,WTI Crude Futures,NYMEX,60m,5m,5,114.6999969,115.9000015,114.1100006,115.2600021,24226,USD,,,,,,europe_mid,,Yahoo 5m history truncated by provider lookback window,,,,,,,,
2026-04-07 13:30:00+00:00,2026-04-07 19:00:00,2026-04-07 00:00:00,WTI Crude Futures,NYMEX,60m,5m,5,115.3000031,117.0500031,115.0699997,116.5400009,31712,USD,,,,,,europe_mid,,Yahoo 5m history truncated by provider lookback window,,,,,,,,
2026-04-07 14:30:00+00:00,2026-04-07 20:00:00,2026-04-07 00:00:00,WTI Crude Futures,NYMEX,60m,5m,5,116.5400009,117.6299973,115.4199982,115.8199997,36715,USD,,,,,,us_pre_open,,Yahoo 5m history truncated by provider lookback window,,,,,,,,
2026-04-07 15:30:00+00:00,2026-04-07 21:00:00,2026-04-07 00:00:00,WTI Crude Futures,NYMEX,60m,5m,5,115.8199997,116.3499985,113.6299973,114.8499985,31907,USD,,,,,,us_open,first_30m_after_us_open,Yahoo 5m history truncated by provider lookback window,,,,,,,,
2026-04-07 16:30:00+00:00,2026-04-07 22:00:00,2026-04-07 00:00:00,WTI Crude Futures,NYMEX,60m,5m,5,114.8600006,115.8700027,114.2799988,115.4100037,20026,USD,,,,,,us_open,,Yahoo 5m history truncated by provider lookback window,,,,,,,,
2026-04-07 17:30:00+00:00,2026-04-07 23:00:00,2026-04-07 00:00:00,WTI Crude Futures,NYMEX,60m,5m,5,115.4000015,115.4000015,112.5199966,112.8499985,50953,USD,,,,,,us_late,us_late_reversal_window,Yahoo 5m history truncated by provider lookback window,,,,,,,,
2026-04-07 18:30:00+00:00,2026-04-08 00:00:00,2026-04-07 00:00:00,WTI Crude Futures,NYMEX,60m,5m,5,112.8600006,115.5,112.0400009,113.2099991,30062,USD,,,,,,us_late,final_hour_of_session_if_identifiable,Yahoo 5m history truncated by provider lookback window,,,,,,,,
2026-04-07 19:30:00+00:00,2026-04-08 01:00:00,2026-04-07 00:00:00,WTI Crude Futures,NYMEX,60m,5m,5,113.2300034,114.0,109.1999969,111.3199997,24387,USD,,,,,,us_late,,Yahoo 5m history truncated by provider lookback window,,,,,,,,
2026-04-07 20:30:00+00:00,2026-04-08 02:00:00,2026-04-07 00:00:00,WTI Crude Futures,NYMEX,60m,5m,5,111.2900009,111.6100006,110.1699982,110.3399963,8048,USD,,,,,,other_valid_hours,,Yahoo 5m history truncated by provider lookback window | Partial 5m coverage used for 60m bucket because no fuller finer bucket was available,,,,,,,,
2026-04-07 22:00:00+00:00,2026-04-08 03:00:00,2026-04-08 00:00:00,WTI Crude Futures,NYMEX,60m,60m,60,108.7399979,109.1900024,97.33000183,98.77999878,0,USD,,,,,,other_valid_hours,,Yahoo 60m history truncated by provider lookback window,,,,,,,,
2026-04-07 22:30:00+00:00,2026-04-08 04:00:00,2026-04-08 00:00:00,WTI Crude Futures,NYMEX,60m,5m,5,107.9499969,108.0800018,91.05000305,93.75,67634,USD,,,,,,asia_early,,Yahoo 5m history truncated by provider lookback window,,,,,,,,
2026-04-07 23:30:00+00:00,2026-04-08 05:00:00,2026-04-08 00:00:00,WTI Crude Futures,NYMEX,60m,5m,5,93.69000244,97.76000214,93.16000366,97.30000305,32558,USD,,,,,,asia_early,,Yahoo 5m history truncated by provider lookback window,,,,,,,,
2026-04-08 00:30:00+00:00,2026-04-08 06:00:00,2026-04-08 00:00:00,WTI Crude Futures,NYMEX,60m,5m,5,97.26999664,98.31999969,95.80999756,97.22000122,19558,USD,,,,,,asia_early,,Yahoo 5m history truncated by provider lookback window,,,,,,,,
2026-04-08 01:30:00+00:00,2026-04-08 07:00:00,2026-04-08 00:00:00,WTI Crude Futures,NYMEX,60m,5m,5,97.18000031,97.41999817,96.02999878,97.04000092,12016,USD,,,,,,asia_early,,Yahoo 5m history truncated by provider lookback window,,,,,,,,
2026-04-08 02:30:00+00:00,2026-04-08 08:00:00,2026-04-08 00:00:00,WTI Crude Futures,NYMEX,60m,5m,5,97.01000214,97.01000214,95.5,95.77999878,7654,USD,,,,,,asia_early,,Yahoo 5m history truncated by provider lookback window,,,,,,,,
2026-04-08 03:30:00+00:00,2026-04-08 09:00:00,2026-04-08 00:00:00,WTI Crude Futures,NYMEX,60m,5m,5,95.76999664,96.65000153,95.55000305,95.88999939,4587,USD,,,,,,other_valid_hours,,Yahoo 5m history truncated by provider lookback window,,,,,,,,
2026-04-08 04:30:00+00:00,2026-04-08 10:00:00,2026-04-08 00:00:00,WTI Crude Futures,NYMEX,60m,5m,5,95.90000153,97.22000122,95.5,95.98000336,7086,USD,,,,,,other_valid_hours,,Yahoo 5m history truncated by provider lookback window,,,,,,,,
2026-04-08 05:30:00+00:00,2026-04-08 11:00:00,2026-04-08 00:00:00,WTI Crude Futures,NYMEX,60m,5m,5,95.98000336,96.02999878,94.59999847,94.66999817,10983,USD,,,,,,other_valid_hours,,Yahoo 5m history truncated by provider lookback window,,,,,,,,
2026-04-08 06:30:00+00:00,2026-04-08 12:00:00,2026-04-08 00:00:00,WTI Crude Futures,NYMEX,60m,5m,5,94.66000366,96.58999634,94.55999756,96.18000031,11354,USD,,,,,,other_valid_hours,,Yahoo 5m history truncated by provider lookback window,,,,,,,,
2026-04-08 07:30:00+00:00,2026-04-08 13:00:00,2026-04-08 00:00:00,WTI Crude Futures,NYMEX,60m,5m,5,96.18000031,96.65000153,95.41999817,96.47000122,10484,USD,,,,,,other_valid_hours,,Yahoo 5m history truncated by provider lookback window,,,,,,,,
2026-04-08 08:30:00+00:00,2026-04-08 14:00:00,2026-04-08 00:00:00,WTI Crude Futures,NYMEX,60m,5m,5,96.48000336,96.69000244,94.84999847,95.33999634,9775,USD,,,,,,other_valid_hours,,Yahoo 5m history truncated by provider lookback window,,,,,,,,
2026-04-08 09:30:00+00:00,2026-04-08 15:00:00,2026-04-08 00:00:00,WTI Crude Futures,NYMEX,60m,5m,5,95.31999969,95.59999847,94.12999725,94.76999664,11882,USD,,,,,,other_valid_hours,,Yahoo 5m history truncated by provider lookback window,,,,,,,,
2026-04-08 10:30:00+00:00,2026-04-08 16:00:00,2026-04-08 00:00:00,WTI Crude Futures,NYMEX,60m,5m,5,94.76999664,95.27999878,93.16000366,93.34999847,12413,USD,,,,,,europe_open,first_hour_after_europe_open,Yahoo 5m history truncated by provider lookback window,,,,,,,,
2026-04-08 11:30:00+00:00,2026-04-08 17:00:00,2026-04-08 00:00:00,WTI Crude Futures,NYMEX,60m,5m,5,93.34999847,95.20999908,92.19999695,94.06999969,37056,USD,,,,,,europe_open,,Yahoo 5m history truncated by provider lookback window,,,,,,,,
2026-04-08 12:30:00+00:00,2026-04-08 18:00:00,2026-04-08 00:00:00,WTI Crude Futures,NYMEX,60m,5m,5,94.08000183,94.08000183,91.84999847,93.13999939,32506,USD,,,,,,europe_mid,,Yahoo 5m history truncated by provider lookback window,,,,,,,,
2026-04-08 13:30:00+00:00,2026-04-08 19:00:00,2026-04-08 00:00:00,WTI Crude Futures,NYMEX,60m,5m,5,93.13999939,94.80000305,92.44000244,94.33999634,49990,USD,,,,,,europe_mid,,Yahoo 5m history truncated by provider lookback window,,,,,,,,
2026-04-08 14:30:00+00:00,2026-04-08 20:00:00,2026-04-08 00:00:00,WTI Crude Futures,NYMEX,60m,5m,5,94.38999939,96.41000366,94.22000122,96.37000275,47597,USD,,,,,,us_pre_open,,Yahoo 5m history truncated by provider lookback window,,,,,,,,
2026-04-08 15:30:00+00:00,2026-04-08 21:00:00,2026-04-08 00:00:00,WTI Crude Futures,NYMEX,60m,5m,5,96.37999725,96.43000031,94.51999664,95.06999969,29712,USD,,,,,,us_open,first_30m_after_us_open,Yahoo 5m history truncated by provider lookback window,,,,,,,,
2026-04-08 16:30:00+00:00,2026-04-08 22:00:00,2026-04-08 00:00:00,WTI Crude Futures,NYMEX,60m,5m,5,95.05000305,96.27999878,94.05999756,95.91999817,32810,USD,,,,,,us_open,,Yahoo 5m history truncated by provider lookback window,,,,,,,,
2026-04-08 17:30:00+00:00,2026-04-08 23:00:00,2026-04-08 00:00:00,WTI Crude Futures,NYMEX,60m,5m,5,95.93000031,96.18000031,93.61000061,94.40000153,63073,USD,,,,,,us_late,us_late_reversal_window,Yahoo 5m history truncated by provider lookback window,,,,,,,,
2026-04-08 18:30:00+00:00,2026-04-09 00:00:00,2026-04-08 00:00:00,WTI Crude Futures,NYMEX,60m,5m,5,94.41000366,96.91000366,94.11000061,96.81999969,21879,USD,,,,,,us_late,final_hour_of_session_if_identifiable,Yahoo 5m history truncated by provider lookback window,,,,,,,,
2026-04-08 19:30:00+00:00,2026-04-09 01:00:00,2026-04-08 00:00:00,WTI Crude Futures,NYMEX,60m,5m,5,96.86000061,96.87999725,95.69999695,96.29000092,12871,USD,,,,,,us_late,,Yahoo 5m history truncated by provider lookback window,,,,,,,,
2026-04-08 20:30:00+00:00,2026-04-09 02:00:00,2026-04-08 00:00:00,WTI Crude Futures,NYMEX,60m,5m,5,96.26999664,96.75,95.98000336,96.5,2593,USD,,,,,,other_valid_hours,,Yahoo 5m history truncated by provider lookback window | Partial 5m coverage used for 60m bucket because no fuller finer bucket was available,,,,,,,,
2026-04-08 22:00:00+00:00,2026-04-09 03:00:00,2026-04-09 00:00:00,WTI Crude Futures,NYMEX,60m,60m,60,96.77999878,97.87999725,96.25,96.80000305,0,USD,,,,,,other_valid_hours,,Yahoo 60m history truncated by provider lookback window,,,,,,,,
2026-04-08 22:30:00+00:00,2026-04-09 04:00:00,2026-04-09 00:00:00,WTI Crude Futures,NYMEX,60m,5m,5,97.05999756,97.22000122,96.51000214,96.77999878,2725,USD,,,,,,asia_early,,Yahoo 5m history truncated by provider lookback window,,,,,,,,
2026-04-08 23:30:00+00:00,2026-04-09 05:00:00,2026-04-09 00:00:00,WTI Crude Futures,NYMEX,60m,5m,5,96.76000214,97.51999664,96.37999725,97.04000092,6534,USD,,,,,,asia_early,,Yahoo 5m history truncated by provider lookback window,,,,,,,,
2026-04-09 00:30:00+00:00,2026-04-09 06:00:00,2026-04-09 00:00:00,WTI Crude Futures,NYMEX,60m,5m,5,97.05000305,98.37999725,96.94000244,98.13999939,7085,USD,,,,,,asia_early,,Yahoo 5m history truncated by provider lookback window,,,,,,,,
2026-04-09 01:30:00+00:00,2026-04-09 07:00:00,2026-04-09 00:00:00,WTI Crude Futures,NYMEX,60m,5m,5,98.12999725,98.16999817,96.51000214,96.98000336,6374,USD,,,,,,asia_early,,Yahoo 5m history truncated by provider lookback window,,,,,,,,
2026-04-09 02:30:00+00:00,2026-04-09 08:00:00,2026-04-09 00:00:00,WTI Crude Futures,NYMEX,60m,5m,5,97.0,97.29000092,96.72000122,97.0,2969,USD,,,,,,asia_early,,Yahoo 5m history truncated by provider lookback window,,,,,,,,
2026-04-09 03:30:00+00:00,2026-04-09 09:00:00,2026-04-09 00:00:00,WTI Crude Futures,NYMEX,60m,5m,5,97.01999664,97.52999878,96.95999908,97.44000244,2435,USD,,,,,,other_valid_hours,,Yahoo 5m history truncated by provider lookback window,,,,,,,,
2026-04-09 04:30:00+00:00,2026-04-09 10:00:00,2026-04-09 00:00:00,WTI Crude Futures,NYMEX,60m,5m,5,97.48000336,98.08000183,97.41999817,97.69000244,2837,USD,,,,,,other_valid_hours,,Yahoo 5m history truncated by provider lookback window,,,,,,,,
2026-04-09 05:30:00+00:00,2026-04-09 11:00:00,2026-04-09 00:00:00,WTI Crude Futures,NYMEX,60m,5m,5,97.70999908,97.81999969,96.95999908,97.48000336,4277,USD,,,,,,other_valid_hours,,Yahoo 5m history truncated by provider lookback window,,,,,,,,
2026-04-09 06:30:00+00:00,2026-04-09 12:00:00,2026-04-09 00:00:00,WTI Crude Futures,NYMEX,60m,5m,5,97.48000336,97.84999847,96.95999908,97.63999939,7872,USD,,,,,,other_valid_hours,,Yahoo 5m history truncated by provider lookback window,,,,,,,,
2026-04-09 07:30:00+00:00,2026-04-09 13:00:00,2026-04-09 00:00:00,WTI Crude Futures,NYMEX,60m,5m,5,97.63999939,98.08000183,97.16000366,97.79000092,11255,USD,,,,,,other_valid_hours,,Yahoo 5m history truncated by provider lookback window,,,,,,,,
2026-04-09 08:30:00+00:00,2026-04-09 14:00:00,2026-04-09 00:00:00,WTI Crude Futures,NYMEX,60m,5m,5,97.77999878,98.09999847,97.19000244,97.37999725,7264,USD,,,,,,other_valid_hours,,Yahoo 5m history truncated by provider lookback window,,,,,,,,
2026-04-09 09:30:00+00:00,2026-04-09 15:00:00,2026-04-09 00:00:00,WTI Crude Futures,NYMEX,60m,5m,5,97.37999725,99.58000183,97.25,99.08999634,11922,USD,,,,,,other_valid_hours,,Yahoo 5m history truncated by provider lookback window,,,,,,,,
2026-04-09 10:30:00+00:00,2026-04-09 16:00:00,2026-04-09 00:00:00,WTI Crude Futures,NYMEX,60m,5m,5,99.08999634,99.69000244,98.73000336,99.54000092,11524,USD,,,,,,europe_open,first_hour_after_europe_open,Yahoo 5m history truncated by provider lookback window,,,,,,,,
2026-04-09 11:30:00+00:00,2026-04-09 17:00:00,2026-04-09 00:00:00,WTI Crude Futures,NYMEX,60m,5m,5,99.52999878,99.52999878,98.38999939,99.09999847,13844,USD,,,,,,europe_open,,Yahoo 5m history truncated by provider lookback window,,,,,,,,
2026-04-09 12:30:00+00:00,2026-04-09 18:00:00,2026-04-09 00:00:00,WTI Crude Futures,NYMEX,60m,5m,5,99.05999756,100.2900009,98.73999786,99.05000305,25844,USD,,,,,,europe_mid,,Yahoo 5m history truncated by provider lookback window,,,,,,,,
2026-04-09 13:30:00+00:00,2026-04-09 19:00:00,2026-04-09 00:00:00,WTI Crude Futures,NYMEX,60m,5m,5,99.05999756,101.9899979,99.0,101.8799973,33549,USD,,,,,,europe_mid,,Yahoo 5m history truncated by provider lookback window,,,,,,,,
2026-04-09 14:30:00+00:00,2026-04-09 20:00:00,2026-04-09 00:00:00,WTI Crude Futures,NYMEX,60m,5m,5,101.8300018,102.6999969,100.8600006,101.6800003,40248,USD,,,,,,us_pre_open,,Yahoo 5m history truncated by provider lookback window,,,,,,,,
2026-04-09 15:30:00+00:00,2026-04-09 21:00:00,2026-04-09 00:00:00,WTI Crude Futures,NYMEX,60m,5m,5,101.6800003,101.7600021,96.86000061,97.15000153,62494,USD,,,,,,us_open,first_30m_after_us_open,Yahoo 5m history truncated by provider lookback window,,,,,,,,
2026-04-09 16:30:00+00:00,2026-04-09 22:00:00,2026-04-09 00:00:00,WTI Crude Futures,NYMEX,60m,5m,5,97.15000153,98.38999939,96.15000153,96.58999634,37671,USD,,,,,,us_open,,Yahoo 5m history truncated by provider lookback window,,,,,,,,
2026-04-09 17:30:00+00:00,2026-04-09 23:00:00,2026-04-09 00:00:00,WTI Crude Futures,NYMEX,60m,5m,5,96.58999634,98.48999786,95.25,97.88999939,61391,USD,,,,,,us_late,us_late_reversal_window,Yahoo 5m history truncated by provider lookback window,,,,,,,,
2026-04-09 18:30:00+00:00,2026-04-10 00:00:00,2026-04-09 00:00:00,WTI Crude Futures,NYMEX,60m,5m,5,97.88999939,99.38999939,97.83000183,99.02999878,20012,USD,,,,,,us_late,final_hour_of_session_if_identifiable,Yahoo 5m history truncated by provider lookback window,,,,,,,,
2026-04-09 19:30:00+00:00,2026-04-10 01:00:00,2026-04-09 00:00:00,WTI Crude Futures,NYMEX,60m,5m,5,99.04000092,99.5,98.33000183,98.55000305,8715,USD,,,,,,us_late,,Yahoo 5m history truncated by provider lookback window,,,,,,,,
2026-04-09 20:30:00+00:00,2026-04-10 02:00:00,2026-04-09 00:00:00,WTI Crude Futures,NYMEX,60m,5m,5,98.58000183,98.94999695,97.83000183,97.98000336,4154,USD,,,,,,other_valid_hours,,Yahoo 5m history truncated by provider lookback window | Partial 5m coverage used for 60m bucket because no fuller finer bucket was available,,,,,,,,
2026-04-09 22:00:00+00:00,2026-04-10 03:00:00,2026-04-10 00:00:00,WTI Crude Futures,NYMEX,60m,60m,60,98.23000336,99.19999695,98.01999664,99.0,0,USD,,,,,,other_valid_hours,,Yahoo 60m history truncated by provider lookback window,,,,,,,,
2026-04-09 22:30:00+00:00,2026-04-10 04:00:00,2026-04-10 00:00:00,WTI Crude Futures,NYMEX,60m,5m,5,98.52999878,99.19999695,98.23000336,98.47000122,3970,USD,,,,,,asia_early,,Yahoo 5m history truncated by provider lookback window,,,,,,,,
2026-04-09 23:30:00+00:00,2026-04-10 05:00:00,2026-04-10 00:00:00,WTI Crude Futures,NYMEX,60m,5m,5,98.44999695,98.69000244,98.26000214,98.37000275,2175,USD,,,,,,asia_early,,Yahoo 5m history truncated by provider lookback window,,,,,,,,
2026-04-10 00:30:00+00:00,2026-04-10 06:00:00,2026-04-10 00:00:00,WTI Crude Futures,NYMEX,60m,5m,5,98.37000275,99.23999786,98.30999756,98.72000122,4322,USD,,,,,,asia_early,,Yahoo 5m history truncated by provider lookback window,,,,,,,,
2026-04-10 01:30:00+00:00,2026-04-10 07:00:00,2026-04-10 00:00:00,WTI Crude Futures,NYMEX,60m,5m,5,98.69999695,98.90000153,98.33000183,98.83000183,2924,USD,,,,,,asia_early,,Yahoo 5m history truncated by provider lookback window,,,,,,,,
2026-04-10 02:30:00+00:00,2026-04-10 08:00:00,2026-04-10 00:00:00,WTI Crude Futures,NYMEX,60m,5m,5,98.83999634,98.90000153,98.41999817,98.72000122,2866,USD,,,,,,asia_early,,Yahoo 5m history truncated by provider lookback window,,,,,,,,
2026-04-10 03:30:00+00:00,2026-04-10 09:00:00,2026-04-10 00:00:00,WTI Crude Futures,NYMEX,60m,5m,5,98.70999908,98.70999908,97.58000183,98.15000153,4163,USD,,,,,,other_valid_hours,,Yahoo 5m history truncated by provider lookback window,,,,,,,,
2026-04-10 04:30:00+00:00,2026-04-10 10:00:00,2026-04-10 00:00:00,WTI Crude Futures,NYMEX,60m,5m,5,98.16000366,98.5,98.05000305,98.40000153,1839,USD,,,,,,other_valid_hours,,Yahoo 5m history truncated by provider lookback window,,,,,,,,
2026-04-10 05:30:00+00:00,2026-04-10 11:00:00,2026-04-10 00:00:00,WTI Crude Futures,NYMEX,60m,5m,5,98.41999817,98.75,98.11000061,98.52999878,3043,USD,,,,,,other_valid_hours,,Yahoo 5m history truncated by provider lookback window,,,,,,,,
2026-04-10 06:30:00+00:00,2026-04-10 12:00:00,2026-04-10 00:00:00,WTI Crude Futures,NYMEX,60m,5m,5,98.52999878,100.0,98.29000092,99.51999664,8888,USD,,,,,,other_valid_hours,,Yahoo 5m history truncated by provider lookback window,,,,,,,,
2026-04-10 07:30:00+00:00,2026-04-10 13:00:00,2026-04-10 00:00:00,WTI Crude Futures,NYMEX,60m,5m,5,99.55000305,100.0,99.33000183,99.65000153,6624,USD,,,,,,other_valid_hours,,Yahoo 5m history truncated by provider lookback window,,,,,,,,
2026-04-10 08:30:00+00:00,2026-04-10 14:00:00,2026-04-10 00:00:00,WTI Crude Futures,NYMEX,60m,5m,5,99.63999939,100.4199982,98.33000183,98.66000366,10816,USD,,,,,,other_valid_hours,,Yahoo 5m history truncated by provider lookback window,,,,,,,,
2026-04-10 09:30:00+00:00,2026-04-10 15:00:00,2026-04-10 00:00:00,WTI Crude Futures,NYMEX,60m,5m,5,98.65000153,99.27999878,98.16000366,98.5,8534,USD,,,,,,other_valid_hours,,Yahoo 5m history truncated by provider lookback window,,,,,,,,
2026-04-10 10:30:00+00:00,2026-04-10 16:00:00,2026-04-10 00:00:00,WTI Crude Futures,NYMEX,60m,5m,5,98.5,98.66000366,97.41000366,97.93000031,9304,USD,,,,,,europe_open,first_hour_after_europe_open,Yahoo 5m history truncated by provider lookback window,,,,,,,,
2026-04-10 11:30:00+00:00,2026-04-10 17:00:00,2026-04-10 00:00:00,WTI Crude Futures,NYMEX,60m,5m,5,97.91999817,98.37000275,97.0,97.58999634,10233,USD,,,,,,europe_open,,Yahoo 5m history truncated by provider lookback window,,,,,,,,
2026-04-10 12:30:00+00:00,2026-04-10 18:00:00,2026-04-10 00:00:00,WTI Crude Futures,NYMEX,60m,5m,5,97.61000061,98.44999695,97.25,98.30000305,18434,USD,,,,,,europe_mid,,Yahoo 5m history truncated by provider lookback window,,,,,,,,
2026-04-10 13:30:00+00:00,2026-04-10 19:00:00,2026-04-10 00:00:00,WTI Crude Futures,NYMEX,60m,5m,5,98.27999878,98.80000305,97.22000122,97.51000214,22313,USD,,,,,,europe_mid,,Yahoo 5m history truncated by provider lookback window,,,,,,,,
2026-04-10 14:30:00+00:00,2026-04-10 20:00:00,2026-04-10 00:00:00,WTI Crude Futures,NYMEX,60m,5m,5,97.5,99.0,97.30000305,98.76000214,34139,USD,,,,,,us_pre_open,,Yahoo 5m history truncated by provider lookback window,,,,,,,,
2026-04-10 15:30:00+00:00,2026-04-10 21:00:00,2026-04-10 00:00:00,WTI Crude Futures,NYMEX,60m,5m,5,98.76000214,99.5,98.47000122,98.80999756,26047,USD,,,,,,us_open,first_30m_after_us_open,Yahoo 5m history truncated by provider lookback window,,,,,,,,
2026-04-10 16:30:00+00:00,2026-04-10 22:00:00,2026-04-10 00:00:00,WTI Crude Futures,NYMEX,60m,5m,5,98.81999969,98.93000031,97.97000122,98.34999847,25723,USD,,,,,,us_open,,Yahoo 5m history truncated by provider lookback window,,,,,,,,
2026-04-10 17:30:00+00:00,2026-04-10 23:00:00,2026-04-10 00:00:00,WTI Crude Futures,NYMEX,60m,5m,5,98.34999847,98.73000336,96.37999725,96.55999756,48464,USD,,,,,,us_late,us_late_reversal_window,Yahoo 5m history truncated by provider lookback window,,,,,,,,
2026-04-10 18:30:00+00:00,2026-04-11 00:00:00,2026-04-10 00:00:00,WTI Crude Futures,NYMEX,60m,5m,5,96.55000305,96.63999939,95.51999664,95.87000275,16247,USD,,,,,,us_late,final_hour_of_session_if_identifiable,Yahoo 5m history truncated by provider lookback window,,,,,,,,
2026-04-10 19:30:00+00:00,2026-04-11 01:00:00,2026-04-10 00:00:00,WTI Crude Futures,NYMEX,60m,5m,5,95.88999939,96.41000366,95.52999878,95.62999725,7650,USD,,,,,,us_late,,Yahoo 5m history truncated by provider lookback window,,,,,,,,
2026-04-10 20:30:00+00:00,2026-04-11 02:00:00,2026-04-10 00:00:00,WTI Crude Futures,NYMEX,60m,5m,5,95.62999725,96.56999969,95.51000214,96.56999969,1949,USD,,,,,,other_valid_hours,,Yahoo 5m history truncated by provider lookback window | Partial 5m coverage used for 60m bucket because no fuller finer bucket was available,,,,,,,,
2026-04-12 22:00:00+00:00,2026-04-13 03:00:00,2026-04-13 00:00:00,WTI Crude Futures,NYMEX,60m,60m,60,104.8499985,104.9400024,103.8000031,104.5500031,8148,USD,,,,,,other_valid_hours,,Yahoo 60m history truncated by provider lookback window,,,,,,,,
2026-04-12 22:30:00+00:00,2026-04-13 04:00:00,2026-04-13 00:00:00,WTI Crude Futures,NYMEX,60m,5m,5,104.6900024,105.3799973,104.1699982,105.2399979,5989,USD,,,,,,asia_early,,Yahoo 5m history truncated by provider lookback window,,,,,,,,
2026-04-12 23:30:00+00:00,2026-04-13 05:00:00,2026-04-13 00:00:00,WTI Crude Futures,NYMEX,60m,5m,5,105.25,105.6299973,104.2399979,104.5299988,5523,USD,,,,,,asia_early,,Yahoo 5m history truncated by provider lookback window,,,,,,,,
2026-04-13 00:30:00+00:00,2026-04-13 06:00:00,2026-04-13 00:00:00,WTI Crude Futures,NYMEX,60m,5m,5,104.5199966,104.6600037,103.8499985,104.1200027,5972,USD,,,,,,asia_early,,Yahoo 5m history truncated by provider lookback window,,,,,,,,
2026-04-13 01:30:00+00:00,2026-04-13 07:00:00,2026-04-13 00:00:00,WTI Crude Futures,NYMEX,60m,5m,5,104.1200027,104.9899979,103.9700012,104.9599991,4195,USD,,,,,,asia_early,,Yahoo 5m history truncated by provider lookback window,,,,,,,,
2026-04-13 02:30:00+00:00,2026-04-13 08:00:00,2026-04-13 00:00:00,WTI Crude Futures,NYMEX,60m,5m,5,104.9499969,105.0899963,104.7399979,104.8099976,2121,USD,,,,,,asia_early,,Yahoo 5m history truncated by provider lookback window,,,,,,,,
2026-04-13 03:30:00+00:00,2026-04-13 09:00:00,2026-04-13 00:00:00,WTI Crude Futures,NYMEX,60m,5m,5,104.8000031,105.1800003,104.5599976,104.6900024,2883,USD,,,,,,other_valid_hours,,Yahoo 5m history truncated by provider lookback window,,,,,,,,
2026-04-13 04:30:00+00:00,2026-04-13 10:00:00,2026-04-13 00:00:00,WTI Crude Futures,NYMEX,60m,5m,5,104.6699982,104.8899994,104.6100006,104.7600021,1367,USD,,,,,,other_valid_hours,,Yahoo 5m history truncated by provider lookback window,,,,,,,,
2026-04-13 05:30:00+00:00,2026-04-13 11:00:00,2026-04-13 00:00:00,WTI Crude Futures,NYMEX,60m,5m,5,104.7399979,104.9100037,103.5999985,103.7799988,5769,USD,,,,,,other_valid_hours,,Yahoo 5m history truncated by provider lookback window,,,,,,,,
2026-04-13 06:30:00+00:00,2026-04-13 12:00:00,2026-04-13 00:00:00,WTI Crude Futures,NYMEX,60m,5m,5,103.7799988,103.8499985,102.9599991,103.5299988,5766,USD,,,,,,other_valid_hours,,Yahoo 5m history truncated by provider lookback window,,,,,,,,
2026-04-13 07:30:00+00:00,2026-04-13 13:00:00,2026-04-13 00:00:00,WTI Crude Futures,NYMEX,60m,5m,5,103.5100021,104.2399979,103.2799988,104.0800018,5988,USD,,,,,,other_valid_hours,,Yahoo 5m history truncated by provider lookback window,,,,,,,,
2026-04-13 08:30:00+00:00,2026-04-13 14:00:00,2026-04-13 00:00:00,WTI Crude Futures,NYMEX,60m,5m,5,104.0500031,104.8000031,103.8799973,104.6800003,5629,USD,,,,,,other_valid_hours,,Yahoo 5m history truncated by provider lookback window,,,,,,,,
2026-04-13 09:30:00+00:00,2026-04-13 15:00:00,2026-04-13 00:00:00,WTI Crude Futures,NYMEX,60m,5m,5,104.6800003,104.6900024,104.1900024,104.4599991,4250,USD,,,,,,other_valid_hours,,Yahoo 5m history truncated by provider lookback window,,,,,,,,
2026-04-13 10:30:00+00:00,2026-04-13 16:00:00,2026-04-13 00:00:00,WTI Crude Futures,NYMEX,60m,5m,5,104.4800034,104.5,103.4199982,104.0400009,6061,USD,,,,,,europe_open,first_hour_after_europe_open,Yahoo 5m history truncated by provider lookback window,,,,,,,,
2026-04-13 11:30:00+00:00,2026-04-13 17:00:00,2026-04-13 00:00:00,WTI Crude Futures,NYMEX,60m,5m,5,104.0500031,104.4000015,103.6999969,104.1500015,8785,USD,,,,,,europe_open,,Yahoo 5m history truncated by provider lookback window,,,,,,,,
2026-04-13 12:30:00+00:00,2026-04-13 18:00:00,2026-04-13 00:00:00,WTI Crude Futures,NYMEX,60m,5m,5,104.1500015,104.2200012,103.3099976,103.5,13692,USD,,,,,,europe_mid,,Yahoo 5m history truncated by provider lookback window,,,,,,,,
2026-04-13 13:30:00+00:00,2026-04-13 19:00:00,2026-04-13 00:00:00,WTI Crude Futures,NYMEX,60m,5m,5,103.4899979,103.6900024,100.3600006,101.9599991,43736,USD,,,,,,europe_mid,,Yahoo 5m history truncated by provider lookback window,,,,,,,,
2026-04-13 14:30:00+00:00,2026-04-13 20:00:00,2026-04-13 00:00:00,WTI Crude Futures,NYMEX,60m,5m,5,101.9400024,102.7600021,101.4599991,102.6100006,21982,USD,,,,,,us_pre_open,,Yahoo 5m history truncated by provider lookback window,,,,,,,,
2026-04-13 15:30:00+00:00,2026-04-13 21:00:00,2026-04-13 00:00:00,WTI Crude Futures,NYMEX,60m,5m,5,102.6200027,103.1900024,101.3799973,101.5800018,29369,USD,,,,,,us_open,first_30m_after_us_open,Yahoo 5m history truncated by provider lookback window,,,,,,,,
2026-04-13 16:30:00+00:00,2026-04-13 22:00:00,2026-04-13 00:00:00,WTI Crude Futures,NYMEX,60m,5m,5,101.5899963,101.6299973,98.97000122,99.16000366,54193,USD,,,,,,us_open,,Yahoo 5m history truncated by provider lookback window,,,,,,,,
2026-04-13 17:30:00+00:00,2026-04-13 23:00:00,2026-04-13 00:00:00,WTI Crude Futures,NYMEX,60m,5m,5,99.16999817,99.40000153,98.47000122,98.97000122,40232,USD,,,,,,us_late,us_late_reversal_window,Yahoo 5m history truncated by provider lookback window,,,,,,,,
2026-04-13 18:30:00+00:00,2026-04-14 00:00:00,2026-04-13 00:00:00,WTI Crude Futures,NYMEX,60m,5m,5,98.98000336,99.12999725,97.02999878,97.69000244,15346,USD,,,,,,us_late,final_hour_of_session_if_identifiable,Yahoo 5m history truncated by provider lookback window,,,,,,,,
2026-04-13 19:30:00+00:00,2026-04-14 01:00:00,2026-04-13 00:00:00,WTI Crude Futures,NYMEX,60m,5m,5,97.69000244,98.27999878,97.48999786,97.91000366,6744,USD,,,,,,us_late,,Yahoo 5m history truncated by provider lookback window,,,,,,,,
2026-04-13 20:30:00+00:00,2026-04-14 02:00:00,2026-04-13 00:00:00,WTI Crude Futures,NYMEX,60m,5m,5,97.93000031,98.23999786,97.70999908,98.01000214,1777,USD,,,,,,other_valid_hours,,Yahoo 5m history truncated by provider lookback window | Partial 5m coverage used for 60m bucket because no fuller finer bucket was available,,,,,,,,
2026-04-13 22:00:00+00:00,2026-04-14 03:00:00,2026-04-14 00:00:00,WTI Crude Futures,NYMEX,60m,60m,60,97.98999786,98.0,97.44999695,97.52999878,0,USD,,,,,,other_valid_hours,,Yahoo 60m history truncated by provider lookback window,,,,,,,,
2026-04-13 22:30:00+00:00,2026-04-14 04:00:00,2026-04-14 00:00:00,WTI Crude Futures,NYMEX,60m,5m,5,97.77999878,97.91000366,96.06999969,96.93000031,3640,USD,,,,,,asia_early,,Yahoo 5m history truncated by provider lookback window,,,,,,,,
2026-04-13 23:30:00+00:00,2026-04-14 05:00:00,2026-04-14 00:00:00,WTI Crude Futures,NYMEX,60m,5m,5,96.91000366,97.01000214,96.16999817,96.51999664,3897,USD,,,,,,asia_early,,Yahoo 5m history truncated by provider lookback window,,,,,,,,
2026-04-14 00:30:00+00:00,2026-04-14 06:00:00,2026-04-14 00:00:00,WTI Crude Futures,NYMEX,60m,5m,5,96.54000092,97.16000366,95.69000244,96.95999908,5313,USD,,,,,,asia_early,,Yahoo 5m history truncated by provider lookback window,,,,,,,,
2026-04-14 01:30:00+00:00,2026-04-14 07:00:00,2026-04-14 00:00:00,WTI Crude Futures,NYMEX,60m,5m,5,96.95999908,97.27999878,96.79000092,97.02999878,2110,USD,,,,,,asia_early,,Yahoo 5m history truncated by provider lookback window,,,,,,,,
2026-04-14 02:30:00+00:00,2026-04-14 08:00:00,2026-04-14 00:00:00,WTI Crude Futures,NYMEX,60m,5m,5,97.05000305,97.62000275,96.88999939,97.55000305,2789,USD,,,,,,asia_early,,Yahoo 5m history truncated by provider lookback window,,,,,,,,
2026-04-14 03:30:00+00:00,2026-04-14 09:00:00,2026-04-14 00:00:00,WTI Crude Futures,NYMEX,60m,5m,5,97.55000305,97.55000305,96.66999817,96.83000183,2163,USD,,,,,,other_valid_hours,,Yahoo 5m history truncated by provider lookback window,,,,,,,,
2026-04-14 04:30:00+00:00,2026-04-14 10:00:00,2026-04-14 00:00:00,WTI Crude Futures,NYMEX,60m,5m,5,96.83000183,97.13999939,96.63999939,97.11000061,1304,USD,,,,,,other_valid_hours,,Yahoo 5m history truncated by provider lookback window,,,,,,,,
2026-04-14 05:30:00+00:00,2026-04-14 11:00:00,2026-04-14 00:00:00,WTI Crude Futures,NYMEX,60m,5m,5,97.11000061,97.47000122,97.02999878,97.26999664,2689,USD,,,,,,other_valid_hours,,Yahoo 5m history truncated by provider lookback window,,,,,,,,
2026-04-14 06:30:00+00:00,2026-04-14 12:00:00,2026-04-14 00:00:00,WTI Crude Futures,NYMEX,60m,5m,5,97.26999664,97.73999786,95.19999695,96.33000183,11780,USD,,,,,,other_valid_hours,,Yahoo 5m history truncated by provider lookback window,,,,,,,,
2026-04-14 07:30:00+00:00,2026-04-14 13:00:00,2026-04-14 00:00:00,WTI Crude Futures,NYMEX,60m,5m,5,96.36000061,97.05999756,96.02999878,96.80000305,6573,USD,,,,,,other_valid_hours,,Yahoo 5m history truncated by provider lookback window,,,,,,,,
2026-04-14 08:30:00+00:00,2026-04-14 14:00:00,2026-04-14 00:00:00,WTI Crude Futures,NYMEX,60m,5m,5,96.79000092,97.15000153,96.23999786,97.15000153,4717,USD,,,,,,other_valid_hours,,Yahoo 5m history truncated by provider lookback window,,,,,,,,
2026-04-14 09:30:00+00:00,2026-04-14 15:00:00,2026-04-14 00:00:00,WTI Crude Futures,NYMEX,60m,5m,5,97.13999939,97.30000305,96.16000366,96.72000122,4993,USD,,,,,,other_valid_hours,,Yahoo 5m history truncated by provider lookback window,,,,,,,,
2026-04-14 10:30:00+00:00,2026-04-14 16:00:00,2026-04-14 00:00:00,WTI Crude Futures,NYMEX,60m,5m,5,96.69000244,97.72000122,96.66000366,97.62000275,4907,USD,,,,,,europe_open,first_hour_after_europe_open,Yahoo 5m history truncated by provider lookback window,,,,,,,,
2026-04-14 11:30:00+00:00,2026-04-14 17:00:00,2026-04-14 00:00:00,WTI Crude Futures,NYMEX,60m,5m,5,97.63999939,97.97000122,95.75,95.90000153,12636,USD,,,,,,europe_open,,Yahoo 5m history truncated by provider lookback window,,,,,,,,
2026-04-14 12:30:00+00:00,2026-04-14 18:00:00,2026-04-14 00:00:00,WTI Crude Futures,NYMEX,60m,5m,5,95.90000153,96.33999634,95.33000183,95.65000153,19916,USD,,,,,,europe_mid,,Yahoo 5m history truncated by provider lookback window,,,,,,,,
2026-04-14 13:30:00+00:00,2026-04-14 19:00:00,2026-04-14 00:00:00,WTI Crude Futures,NYMEX,60m,5m,5,95.66000366,95.79000092,92.20999908,93.48999786,43890,USD,,,,,,europe_mid,,Yahoo 5m history truncated by provider lookback window,,,,,,,,
2026-04-14 14:30:00+00:00,2026-04-14 20:00:00,2026-04-14 00:00:00,WTI Crude Futures,NYMEX,60m,5m,5,93.5,94.31999969,92.88999939,93.84999847,24641,USD,,,,,,us_pre_open,,Yahoo 5m history truncated by provider lookback window,,,,,,,,
2026-04-14 15:30:00+00:00,2026-04-14 21:00:00,2026-04-14 00:00:00,WTI Crude Futures,NYMEX,60m,5m,5,93.87000275,93.91000366,91.91999817,92.12999725,22724,USD,,,,,,us_open,first_30m_after_us_open,Yahoo 5m history truncated by provider lookback window,,,,,,,,
2026-04-14 16:30:00+00:00,2026-04-14 22:00:00,2026-04-14 00:00:00,WTI Crude Futures,NYMEX,60m,5m,5,92.13999939,93.0,91.97000122,92.48999786,20419,USD,,,,,,us_open,,Yahoo 5m history truncated by provider lookback window,,,,,,,,
2026-04-14 17:30:00+00:00,2026-04-14 23:00:00,2026-04-14 00:00:00,WTI Crude Futures,NYMEX,60m,5m,5,92.48999786,92.58000183,91.05999756,91.30999756,49563,USD,,,,,,us_late,us_late_reversal_window,Yahoo 5m history truncated by provider lookback window,,,,,,,,
2026-04-14 18:30:00+00:00,2026-04-15 00:00:00,2026-04-14 00:00:00,WTI Crude Futures,NYMEX,60m,5m,5,91.30999756,91.87999725,91.15000153,91.68000031,9620,USD,,,,,,us_late,final_hour_of_session_if_identifiable,Yahoo 5m history truncated by provider lookback window,,,,,,,,
2026-04-14 19:30:00+00:00,2026-04-15 01:00:00,2026-04-14 00:00:00,WTI Crude Futures,NYMEX,60m,5m,5,91.72000122,92.30000305,91.62000275,92.27999878,4565,USD,,,,,,us_late,,Yahoo 5m history truncated by provider lookback window,,,,,,,,
2026-04-14 20:30:00+00:00,2026-04-15 02:00:00,2026-04-14 00:00:00,WTI Crude Futures,NYMEX,60m,5m,5,92.29000092,92.34999847,91.44999695,92.06999969,4273,USD,,,,,,other_valid_hours,,Yahoo 5m history truncated by provider lookback window | Partial 5m coverage used for 60m bucket because no fuller finer bucket was available,,,,,,,,
2026-04-14 22:00:00+00:00,2026-04-15 03:00:00,2026-04-15 00:00:00,WTI Crude Futures,NYMEX,60m,60m,60,92.01999664,92.37999725,91.19000244,91.70999908,0,USD,,,,,,other_valid_hours,,Yahoo 60m history truncated by provider lookback window,,,,,,,,
2026-04-14 22:30:00+00:00,2026-04-15 04:00:00,2026-04-15 00:00:00,WTI Crude Futures,NYMEX,60m,5m,5,91.33999634,92.01000214,91.19000244,91.30999756,2358,USD,,,,,,asia_early,,Yahoo 5m history truncated by provider lookback window,,,,,,,,
2026-04-14 23:30:00+00:00,2026-04-15 05:00:00,2026-04-15 00:00:00,WTI Crude Futures,NYMEX,60m,5m,5,91.31999969,91.34999847,86.95999908,90.19000244,9217,USD,,,,,,asia_early,,Yahoo 5m history truncated by provider lookback window,,,,,,,,
2026-04-15 00:30:00+00:00,2026-04-15 06:00:00,2026-04-15 00:00:00,WTI Crude Futures,NYMEX,60m,5m,5,90.20999908,90.69000244,89.97000122,90.18000031,2395,USD,,,,,,asia_early,,Yahoo 5m history truncated by provider lookback window,,,,,,,,
2026-04-15 01:30:00+00:00,2026-04-15 07:00:00,2026-04-15 00:00:00,WTI Crude Futures,NYMEX,60m,5m,5,90.16999817,90.86000061,90.11000061,90.72000122,2075,USD,,,,,,asia_early,,Yahoo 5m history truncated by provider lookback window,,,,,,,,
2026-04-15 02:30:00+00:00,2026-04-15 08:00:00,2026-04-15 00:00:00,WTI Crude Futures,NYMEX,60m,5m,5,90.75,91.48999786,90.75,91.34999847,2841,USD,,,,,,asia_early,,Yahoo 5m history truncated by provider lookback window,,,,,,,,
2026-04-15 03:30:00+00:00,2026-04-15 09:00:00,2026-04-15 00:00:00,WTI Crude Futures,NYMEX,60m,5m,5,91.34999847,91.34999847,90.87000275,91.22000122,1613,USD,,,,,,other_valid_hours,,Yahoo 5m history truncated by provider lookback window,,,,,,,,
2026-04-15 04:30:00+00:00,2026-04-15 10:00:00,2026-04-15 00:00:00,WTI Crude Futures,NYMEX,60m,5m,5,91.22000122,91.81999969,91.22000122,91.66000366,2332,USD,,,,,,other_valid_hours,,Yahoo 5m history truncated by provider lookback window,,,,,,,,
2026-04-15 05:30:00+00:00,2026-04-15 11:00:00,2026-04-15 00:00:00,WTI Crude Futures,NYMEX,60m,5m,5,91.63999939,91.75,90.40000153,90.51000214,2994,USD,,,,,,other_valid_hours,,Yahoo 5m history truncated by provider lookback window,,,,,,,,
2026-04-15 06:30:00+00:00,2026-04-15 12:00:00,2026-04-15 00:00:00,WTI Crude Futures,NYMEX,60m,5m,5,90.51999664,91.48000336,90.30000305,91.40000153,4654,USD,,,,,,other_valid_hours,,Yahoo 5m history truncated by provider lookback window,,,,,,,,
2026-04-15 07:30:00+00:00,2026-04-15 13:00:00,2026-04-15 00:00:00,WTI Crude Futures,NYMEX,60m,5m,5,91.41000366,91.45999908,90.38999939,91.08000183,5491,USD,,,,,,other_valid_hours,,Yahoo 5m history truncated by provider lookback window,,,,,,,,
2026-04-15 08:30:00+00:00,2026-04-15 14:00:00,2026-04-15 00:00:00,WTI Crude Futures,NYMEX,60m,5m,5,91.05999756,92.66999817,91.04000092,92.59999847,9085,USD,,,,,,other_valid_hours,,Yahoo 5m history truncated by provider lookback window,,,,,,,,
2026-04-15 09:30:00+00:00,2026-04-15 15:00:00,2026-04-15 00:00:00,WTI Crude Futures,NYMEX,60m,5m,5,92.58000183,93.12999725,91.69999695,92.98000336,8421,USD,,,,,,other_valid_hours,,Yahoo 5m history truncated by provider lookback window,,,,,,,,
2026-04-15 10:30:00+00:00,2026-04-15 16:00:00,2026-04-15 00:00:00,WTI Crude Futures,NYMEX,60m,5m,5,92.95999908,93.30000305,92.15000153,92.44000244,8855,USD,,,,,,europe_open,first_hour_after_europe_open,Yahoo 5m history truncated by provider lookback window,,,,,,,,
2026-04-15 11:30:00+00:00,2026-04-15 17:00:00,2026-04-15 00:00:00,WTI Crude Futures,NYMEX,60m,5m,5,92.44000244,92.55000305,91.16000366,91.76000214,13289,USD,,,,,,europe_open,,Yahoo 5m history truncated by provider lookback window,,,,,,,,
2026-04-15 12:30:00+00:00,2026-04-15 18:00:00,2026-04-15 00:00:00,WTI Crude Futures,NYMEX,60m,5m,5,91.75,92.23000336,90.73000336,90.95999908,17704,USD,,,,,,europe_mid,,Yahoo 5m history truncated by provider lookback window,,,,,,,,
2026-04-15 13:30:00+00:00,2026-04-15 19:00:00,2026-04-15 00:00:00,WTI Crude Futures,NYMEX,60m,5m,5,90.94000244,91.55000305,90.40000153,90.75,22323,USD,,,,,,europe_mid,,Yahoo 5m history truncated by provider lookback window,,,,,,,,
2026-04-15 14:30:00+00:00,2026-04-15 20:00:00,2026-04-15 00:00:00,WTI Crude Futures,NYMEX,60m,5m,5,90.69999695,92.79000092,90.69999695,92.66000366,26207,USD,,,,,,us_pre_open,,Yahoo 5m history truncated by provider lookback window,,,,,,,,
2026-04-15 15:30:00+00:00,2026-04-15 21:00:00,2026-04-15 00:00:00,WTI Crude Futures,NYMEX,60m,5m,5,92.68000031,92.91999817,91.72000122,91.77999878,18318,USD,,,,,,us_open,first_30m_after_us_open,Yahoo 5m history truncated by provider lookback window,,,,,,,,
2026-04-15 16:30:00+00:00,2026-04-15 22:00:00,2026-04-15 00:00:00,WTI Crude Futures,NYMEX,60m,5m,5,91.76999664,91.98999786,91.41999817,91.62000275,14058,USD,,,,,,us_open,,Yahoo 5m history truncated by provider lookback window,,,,,,,,
2026-04-15 17:30:00+00:00,2026-04-15 23:00:00,2026-04-15 00:00:00,WTI Crude Futures,NYMEX,60m,5m,5,91.62999725,92.80000305,91.12000275,91.30000305,28658,USD,,,,,,us_late,us_late_reversal_window,Yahoo 5m history truncated by provider lookback window,,,,,,,,
2026-04-15 18:30:00+00:00,2026-04-16 00:00:00,2026-04-15 00:00:00,WTI Crude Futures,NYMEX,60m,5m,5,91.30000305,91.41000366,90.70999908,90.88999939,7309,USD,,,,,,us_late,final_hour_of_session_if_identifiable,Yahoo 5m history truncated by provider lookback window,,,,,,,,
2026-04-15 19:30:00+00:00,2026-04-16 01:00:00,2026-04-15 00:00:00,WTI Crude Futures,NYMEX,60m,5m,5,90.91000366,91.25,90.88999939,91.19999695,3061,USD,,,,,,us_late,,Yahoo 5m history truncated by provider lookback window,,,,,,,,
2026-04-15 20:30:00+00:00,2026-04-16 02:00:00,2026-04-15 00:00:00,WTI Crude Futures,NYMEX,60m,5m,5,91.19000244,91.47000122,91.19000244,91.38999939,1380,USD,,,,,,other_valid_hours,,Yahoo 5m history truncated by provider lookback window | Partial 5m coverage used for 60m bucket because no fuller finer bucket was available,,,,,,,,
2026-04-15 22:00:00+00:00,2026-04-16 03:00:00,2026-04-16 00:00:00,WTI Crude Futures,NYMEX,60m,60m,60,91.47000122,91.5,90.80999756,91.0,0,USD,,,,,,other_valid_hours,,Yahoo 60m history truncated by provider lookback window,,,,,,,,
2026-04-15 22:30:00+00:00,2026-04-16 04:00:00,2026-04-16 00:00:00,WTI Crude Futures,NYMEX,60m,5m,5,91.08999634,91.09999847,90.66999817,90.84999847,1041,USD,,,,,,asia_early,,Yahoo 5m history truncated by provider lookback window,,,,,,,,
2026-04-15 23:30:00+00:00,2026-04-16 05:00:00,2026-04-16 00:00:00,WTI Crude Futures,NYMEX,60m,5m,5,90.84999847,91.0,90.51999664,90.58999634,1205,USD,,,,,,asia_early,,Yahoo 5m history truncated by provider lookback window,,,,,,,,
2026-04-16 00:30:00+00:00,2026-04-16 06:00:00,2026-04-16 00:00:00,WTI Crude Futures,NYMEX,60m,5m,5,90.58999634,91.16999817,90.58999634,91.15000153,1808,USD,,,,,,asia_early,,Yahoo 5m history truncated by provider lookback window,,,,,,,,
2026-04-16 01:30:00+00:00,2026-04-16 07:00:00,2026-04-16 00:00:00,WTI Crude Futures,NYMEX,60m,5m,5,91.12999725,91.76000214,91.09999847,91.69000244,1512,USD,,,,,,asia_early,,Yahoo 5m history truncated by provider lookback window,,,,,,,,
2026-04-16 02:30:00+00:00,2026-04-16 08:00:00,2026-04-16 00:00:00,WTI Crude Futures,NYMEX,60m,5m,5,91.69999695,91.70999908,91.19999695,91.52999878,1372,USD,,,,,,asia_early,,Yahoo 5m history truncated by provider lookback window,,,,,,,,
2026-04-16 03:30:00+00:00,2026-04-16 09:00:00,2026-04-16 00:00:00,WTI Crude Futures,NYMEX,60m,5m,5,91.55000305,91.87000275,91.51999664,91.68000031,1544,USD,,,,,,other_valid_hours,,Yahoo 5m history truncated by provider lookback window,,,,,,,,
2026-04-16 04:30:00+00:00,2026-04-16 10:00:00,2026-04-16 00:00:00,WTI Crude Futures,NYMEX,60m,5m,5,91.70999908,91.84999847,91.55999756,91.62000275,1493,USD,,,,,,other_valid_hours,,Yahoo 5m history truncated by provider lookback window,,,,,,,,
2026-04-16 05:30:00+00:00,2026-04-16 11:00:00,2026-04-16 00:00:00,WTI Crude Futures,NYMEX,60m,5m,5,91.63999939,91.88999939,91.30999756,91.61000061,2169,USD,,,,,,other_valid_hours,,Yahoo 5m history truncated by provider lookback window,,,,,,,,
2026-04-16 06:30:00+00:00,2026-04-16 12:00:00,2026-04-16 00:00:00,WTI Crude Futures,NYMEX,60m,5m,5,91.61000061,92.15000153,91.44999695,91.83999634,4261,USD,,,,,,other_valid_hours,,Yahoo 5m history truncated by provider lookback window,,,,,,,,
2026-04-16 07:30:00+00:00,2026-04-16 13:00:00,2026-04-16 00:00:00,WTI Crude Futures,NYMEX,60m,5m,5,91.81999969,91.86000061,88.45999908,89.55999756,10780,USD,,,,,,other_valid_hours,,Yahoo 5m history truncated by provider lookback window,,,,,,,,
2026-04-16 08:30:00+00:00,2026-04-16 14:00:00,2026-04-16 00:00:00,WTI Crude Futures,NYMEX,60m,1m,1,89.55999756,89.81999969,89.02999878,89.19000244,5091,USD,,,,,,other_valid_hours,,Yahoo 1m history truncated by provider lookback window,,,,,,,,
2026-04-16 09:30:00+00:00,2026-04-16 15:00:00,2026-04-16 00:00:00,WTI Crude Futures,NYMEX,60m,1m,1,89.18000031,89.62000275,89.05999756,89.34999847,4453,USD,,,,,,other_valid_hours,,Yahoo 1m history truncated by provider lookback window,,,,,,,,
2026-04-16 10:30:00+00:00,2026-04-16 16:00:00,2026-04-16 00:00:00,WTI Crude Futures,NYMEX,60m,1m,1,89.36000061,89.44999695,88.41999817,88.66000366,8377,USD,,,,,,europe_open,first_hour_after_europe_open,Yahoo 1m history truncated by provider lookback window,,,,,,,,
2026-04-16 11:30:00+00:00,2026-04-16 17:00:00,2026-04-16 00:00:00,WTI Crude Futures,NYMEX,60m,1m,1,88.66999817,88.73999786,88.16000366,88.66000366,6825,USD,,,,,,europe_open,,Yahoo 1m history truncated by provider lookback window,,,,,,,,
2026-04-16 12:30:00+00:00,2026-04-16 18:00:00,2026-04-16 00:00:00,WTI Crude Futures,NYMEX,60m,1m,1,88.68000031,89.5,88.62999725,88.86000061,17666,USD,,,,,,europe_mid,,Yahoo 1m history truncated by provider lookback window,,,,,,,,
2026-04-16 13:30:00+00:00,2026-04-16 19:00:00,2026-04-16 00:00:00,WTI Crude Futures,NYMEX,60m,1m,1,88.86000061,90.65000153,88.84999847,90.30999756,27874,USD,,,,,,europe_mid,,Yahoo 1m history truncated by provider lookback window,,,,,,,,
2026-04-16 14:30:00+00:00,2026-04-16 20:00:00,2026-04-16 00:00:00,WTI Crude Futures,NYMEX,60m,1m,1,90.30000305,90.70999908,89.76000214,90.68000031,27533,USD,,,,,,us_pre_open,,Yahoo 1m history truncated by provider lookback window,,,,,,,,
2026-04-16 15:30:00+00:00,2026-04-16 21:00:00,2026-04-16 00:00:00,WTI Crude Futures,NYMEX,60m,1m,1,90.69000244,90.90000153,90.02999878,90.33000183,22486,USD,,,,,,us_open,first_30m_after_us_open,Yahoo 1m history truncated by provider lookback window,,,,,,,,
2026-04-16 16:30:00+00:00,2026-04-16 22:00:00,2026-04-16 00:00:00,WTI Crude Futures,NYMEX,60m,1m,1,90.31999969,91.58000183,90.27999878,91.41999817,24140,USD,,,,,,us_open,,Yahoo 1m history truncated by provider lookback window,,,,,,,,
2026-04-16 17:30:00+00:00,2026-04-16 23:00:00,2026-04-16 00:00:00,WTI Crude Futures,NYMEX,60m,1m,1,91.41000366,91.81999969,90.94999695,91.16999817,30631,USD,,,,,,us_late,us_late_reversal_window,Yahoo 1m history truncated by provider lookback window,,,,,,,,
2026-04-16 18:30:00+00:00,2026-04-17 00:00:00,2026-04-16 00:00:00,WTI Crude Futures,NYMEX,60m,1m,1,91.18000031,91.37000275,90.12999725,90.23999786,11749,USD,,,,,,us_late,final_hour_of_session_if_identifiable,Yahoo 1m history truncated by provider lookback window,,,,,,,,
2026-04-16 19:30:00+00:00,2026-04-17 01:00:00,2026-04-16 00:00:00,WTI Crude Futures,NYMEX,60m,1m,1,90.23000336,90.23000336,89.87999725,90.08000183,4200,USD,,,,,,us_late,,Yahoo 1m history truncated by provider lookback window,,,,,,,,
2026-04-16 20:30:00+00:00,2026-04-17 02:00:00,2026-04-16 00:00:00,WTI Crude Futures,NYMEX,60m,1m,1,90.05000305,90.06999969,89.62000275,89.65000153,2033,USD,,,,,,other_valid_hours,,Yahoo 1m history truncated by provider lookback window | Partial 1m coverage used for 60m bucket because no fuller finer bucket was available,,,,,,,,
2026-04-16 22:00:00+00:00,2026-04-17 03:00:00,2026-04-17 00:00:00,WTI Crude Futures,NYMEX,60m,60m,60,89.72000122,90.08999634,89.56999969,89.58999634,0,USD,,,,,,other_valid_hours,,Yahoo 60m history truncated by provider lookback window,,,,,,,,
2026-04-16 22:30:00+00:00,2026-04-17 04:00:00,2026-04-17 00:00:00,WTI Crude Futures,NYMEX,60m,1m,1,89.93000031,90.05999756,89.58000183,90.0,1685,USD,,,,,,asia_early,,Yahoo 1m history truncated by provider lookback window,,,,,,,,
2026-04-16 23:30:00+00:00,2026-04-17 05:00:00,2026-04-17 00:00:00,WTI Crude Futures,NYMEX,60m,1m,1,90.02999878,90.20999908,89.59999847,89.76999664,3091,USD,,,,,,asia_early,,Yahoo 1m history truncated by provider lookback window,,,,,,,,
2026-04-17 00:30:00+00:00,2026-04-17 06:00:00,2026-04-17 00:00:00,WTI Crude Futures,NYMEX,60m,1m,1,89.79000092,90.26000214,89.66999817,90.09999847,2664,USD,,,,,,asia_early,,Yahoo 1m history truncated by provider lookback window,,,,,,,,
2026-04-17 01:30:00+00:00,2026-04-17 07:00:00,2026-04-17 00:00:00,WTI Crude Futures,NYMEX,60m,1m,1,90.12000275,90.19000244,89.73999786,89.98000336,1374,USD,,,,,,asia_early,,Yahoo 1m history truncated by provider lookback window,,,,,,,,
2026-04-17 02:30:00+00:00,2026-04-17 08:00:00,2026-04-17 00:00:00,WTI Crude Futures,NYMEX,60m,1m,1,89.98000336,90.01000214,89.66999817,89.90000153,1425,USD,,,,,,asia_early,,Yahoo 1m history truncated by provider lookback window,,,,,,,,
2026-04-17 03:30:00+00:00,2026-04-17 09:00:00,2026-04-17 00:00:00,WTI Crude Futures,NYMEX,60m,5m,5,89.91000366,90.09999847,89.69999695,89.79000092,1336,USD,,,,,,other_valid_hours,,Yahoo 5m history truncated by provider lookback window,,,,,,,,
2026-04-17 04:30:00+00:00,2026-04-17 10:00:00,2026-04-17 00:00:00,WTI Crude Futures,NYMEX,60m,1m,1,89.80000305,89.80999756,89.44999695,89.5,1832,USD,,,,,,other_valid_hours,,Yahoo 1m history truncated by provider lookback window,,,,,,,,
2026-04-17 05:30:00+00:00,2026-04-17 11:00:00,2026-04-17 00:00:00,WTI Crude Futures,NYMEX,60m,5m,5,89.47000122,90.0,89.37000275,89.98000336,3386,USD,,,,,,other_valid_hours,,Yahoo 5m history truncated by provider lookback window,,,,,,,,
2026-04-17 06:30:00+00:00,2026-04-17 12:00:00,2026-04-17 00:00:00,WTI Crude Futures,NYMEX,60m,1m,1,89.98000336,90.33999634,89.80999756,89.97000122,4650,USD,,,,,,other_valid_hours,,Yahoo 1m history truncated by provider lookback window,,,,,,,,
2026-04-17 07:30:00+00:00,2026-04-17 13:00:00,2026-04-17 00:00:00,WTI Crude Futures,NYMEX,60m,1m,1,90.0,90.27999878,89.54000092,89.86000061,5105,USD,,,,,,other_valid_hours,,Yahoo 1m history truncated by provider lookback window,,,,,,,,
2026-04-17 08:30:00+00:00,2026-04-17 14:00:00,2026-04-17 00:00:00,WTI Crude Futures,NYMEX,60m,1m,1,89.86000061,90.0,88.08000183,88.13999939,10039,USD,,,,,,other_valid_hours,,Yahoo 1m history truncated by provider lookback window,,,,,,,,
2026-04-17 09:30:00+00:00,2026-04-17 15:00:00,2026-04-17 00:00:00,WTI Crude Futures,NYMEX,60m,1m,1,88.13999939,88.22000122,87.01999664,87.66999817,14565,USD,,,,,,other_valid_hours,,Yahoo 1m history truncated by provider lookback window,,,,,,,,
2026-04-17 10:30:00+00:00,2026-04-17 16:00:00,2026-04-17 00:00:00,WTI Crude Futures,NYMEX,60m,1m,1,87.65000153,88.05999756,87.58000183,87.81999969,5778,USD,,,,,,europe_open,first_hour_after_europe_open,Yahoo 1m history truncated by provider lookback window,,,,,,,,
2026-04-17 11:30:00+00:00,2026-04-17 17:00:00,2026-04-17 00:00:00,WTI Crude Futures,NYMEX,60m,1m,1,87.83999634,88.02999878,86.19999695,86.61000061,15747,USD,,,,,,europe_open,,Yahoo 1m history truncated by provider lookback window,,,,,,,,
2026-04-17 12:30:00+00:00,2026-04-17 18:00:00,2026-04-17 00:00:00,WTI Crude Futures,NYMEX,60m,1m,1,86.59999847,86.98999786,80.41999817,82.09999847,103932,USD,,,,,,europe_mid,,Yahoo 1m history truncated by provider lookback window,,,,,,,,
2026-04-17 13:30:00+00:00,2026-04-17 19:00:00,2026-04-17 00:00:00,WTI Crude Futures,NYMEX,60m,1m,1,82.09999847,82.90000153,80.61000061,81.01999664,77105,USD,,,,,,europe_mid,,Yahoo 1m history truncated by provider lookback window,,,,,,,,
2026-04-17 14:30:00+00:00,2026-04-17 20:00:00,2026-04-17 00:00:00,WTI Crude Futures,NYMEX,60m,1m,1,81.02999878,81.61000061,78.97000122,81.54000092,71105,USD,,,,,,us_pre_open,,Yahoo 1m history truncated by provider lookback window,,,,,,,,
2026-04-17 15:30:00+00:00,2026-04-17 21:00:00,2026-04-17 00:00:00,WTI Crude Futures,NYMEX,60m,1m,1,81.54000092,81.81999969,80.86000061,81.77999878,32806,USD,,,,,,us_open,first_30m_after_us_open,Yahoo 1m history truncated by provider lookback window,,,,,,,,
2026-04-17 16:30:00+00:00,2026-04-17 22:00:00,2026-04-17 00:00:00,WTI Crude Futures,NYMEX,60m,1m,1,81.77999878,82.91000366,81.23000336,82.76999664,25434,USD,,,,,,us_open,,Yahoo 1m history truncated by provider lookback window,,,,,,,,
2026-04-17 17:30:00+00:00,2026-04-17 23:00:00,2026-04-17 00:00:00,WTI Crude Futures,NYMEX,60m,1m,1,82.77999878,82.97000122,81.76999664,82.90000153,42201,USD,,,,,,us_late,us_late_reversal_window,Yahoo 1m history truncated by provider lookback window,,,,,,,,
2026-04-17 18:30:00+00:00,2026-04-18 00:00:00,2026-04-17 00:00:00,WTI Crude Futures,NYMEX,60m,1m,1,82.88999939,83.62999725,82.80000305,83.26999664,15059,USD,,,,,,us_late,final_hour_of_session_if_identifiable,Yahoo 1m history truncated by provider lookback window,,,,,,,,
2026-04-17 19:30:00+00:00,2026-04-18 01:00:00,2026-04-17 00:00:00,WTI Crude Futures,NYMEX,60m,1m,1,83.29000092,83.58000183,82.62999725,83.37000275,7823,USD,,,,,,us_late,,Yahoo 1m history truncated by provider lookback window,,,,,,,,
2026-04-17 20:30:00+00:00,2026-04-18 02:00:00,2026-04-17 00:00:00,WTI Crude Futures,NYMEX,60m,1m,1,83.37999725,84.02999878,82.58999634,82.58999634,3520,USD,,,,,,other_valid_hours,,Yahoo 1m history truncated by provider lookback window | Partial 1m coverage used for 60m bucket because no fuller finer bucket was available,,,,,,,,
2026-04-20 09:00:00+00:00,2026-04-20 14:00:00,2026-04-20 00:00:00,WTI Crude Futures,NYMEX,60m,60m,60,82.58999634,87.66000366,82.58999634,87.62000275,2577,USD,,,,,,other_valid_hours,,Yahoo 60m history truncated by provider lookback window,,,,,,,,
2026-04-20 09:30:00+00:00,2026-04-20 15:00:00,2026-04-20 00:00:00,WTI Crude Futures,NYMEX,60m,15m,15,82.58999634,87.66000366,82.58999634,87.15000153,6746,USD,,,,,,other_valid_hours,,Yahoo 15m history truncated by provider lookback window,,,,,,,,
2026-04-20 10:30:00+00:00,2026-04-20 16:00:00,2026-04-20 00:00:00,WTI Crude Futures,NYMEX,60m,15m,15,87.15000153,87.94999695,82.58999634,87.73000336,5783,USD,,,,,,europe_open,first_hour_after_europe_open,Yahoo 15m history truncated by provider lookback window,,,,,,,,
2026-04-20 11:30:00+00:00,2026-04-20 17:00:00,2026-04-20 00:00:00,WTI Crude Futures,NYMEX,60m,15m,15,87.73999786,87.86000061,82.58999634,86.94999695,12985,USD,,,,,,europe_open,,Yahoo 15m history truncated by provider lookback window,,,,,,,,
2026-04-20 12:30:00+00:00,2026-04-20 18:00:00,2026-04-20 00:00:00,WTI Crude Futures,NYMEX,60m,1m,1,86.94000244,87.45999908,85.66999817,85.80999756,31074,USD,,,,,,europe_mid,,Yahoo 1m history truncated by provider lookback window,,,,,,,,
2026-04-20 13:30:00+00:00,2026-04-20 19:00:00,2026-04-20 00:00:00,WTI Crude Futures,NYMEX,60m,1m,1,85.80999756,86.76000214,85.44999695,86.20999908,28658,USD,,,,,,europe_mid,,Yahoo 1m history truncated by provider lookback window,,,,,,,,
2026-04-20 14:30:00+00:00,2026-04-20 20:00:00,2026-04-20 00:00:00,WTI Crude Futures,NYMEX,60m,1m,1,86.23000336,87.83999634,85.98999786,86.54000092,38814,USD,,,,,,us_pre_open,,Yahoo 1m history truncated by provider lookback window,,,,,,,,
2026-04-20 15:30:00+00:00,2026-04-20 21:00:00,2026-04-20 00:00:00,WTI Crude Futures,NYMEX,60m,1m,1,86.54000092,87.68000031,86.54000092,87.27999878,18761,USD,,,,,,us_open,first_30m_after_us_open,Yahoo 1m history truncated by provider lookback window,,,,,,,,
2026-04-20 16:30:00+00:00,2026-04-20 22:00:00,2026-04-20 00:00:00,WTI Crude Futures,NYMEX,60m,1m,1,87.29000092,87.75,87.01999664,87.73999786,17799,USD,,,,,,us_open,,Yahoo 1m history truncated by provider lookback window,,,,,,,,
2026-04-20 17:30:00+00:00,2026-04-20 23:00:00,2026-04-20 00:00:00,WTI Crude Futures,NYMEX,60m,1m,1,87.73999786,87.98000336,86.97000122,87.34999847,43338,USD,,,,,,us_late,us_late_reversal_window,Yahoo 1m history truncated by provider lookback window,,,,,,,,
2026-04-20 18:30:00+00:00,2026-04-21 00:00:00,2026-04-20 00:00:00,WTI Crude Futures,NYMEX,60m,1m,1,87.33999634,87.70999908,87.12000275,87.16999817,11924,USD,,,,,,us_late,final_hour_of_session_if_identifiable,Yahoo 1m history truncated by provider lookback window,,,,,,,,
2026-04-20 19:30:00+00:00,2026-04-21 01:00:00,2026-04-20 00:00:00,WTI Crude Futures,NYMEX,60m,1m,1,87.18000031,87.19999695,86.77999878,86.93000031,5231,USD,,,,,,us_late,,Yahoo 1m history truncated by provider lookback window,,,,,,,,
2026-04-20 20:30:00+00:00,2026-04-21 02:00:00,2026-04-20 00:00:00,WTI Crude Futures,NYMEX,60m,1m,1,86.91999817,86.98999786,85.56999969,85.88999939,6437,USD,,,,,,other_valid_hours,,Yahoo 1m history truncated by provider lookback window | Partial 1m coverage used for 60m bucket because no fuller finer bucket was available,,,,,,,,
2026-04-20 22:00:00+00:00,2026-04-21 03:00:00,2026-04-21 00:00:00,WTI Crude Futures,NYMEX,60m,60m,60,85.81999969,86.52999878,85.5,86.36000061,0,USD,,,,,,other_valid_hours,,Yahoo 60m history truncated by provider lookback window,,,,,,,,
2026-04-20 22:30:00+00:00,2026-04-21 04:00:00,2026-04-21 00:00:00,WTI Crude Futures,NYMEX,60m,5m,5,86.19999695,86.52999878,86.13999939,86.41000366,1666,USD,,,,,,asia_early,,Yahoo 5m history truncated by provider lookback window,,,,,,,,
2026-04-20 23:30:00+00:00,2026-04-21 05:00:00,2026-04-21 00:00:00,WTI Crude Futures,NYMEX,60m,1m,1,86.41000366,86.55000305,86.11000061,86.31999969,2143,USD,,,,,,asia_early,,Yahoo 1m history truncated by provider lookback window,,,,,,,,
2026-04-21 00:30:00+00:00,2026-04-21 06:00:00,2026-04-21 00:00:00,WTI Crude Futures,NYMEX,60m,1m,1,86.33000183,86.73000336,86.16000366,86.65000153,4162,USD,,,,,,asia_early,,Yahoo 1m history truncated by provider lookback window,,,,,,,,
2026-04-21 01:30:00+00:00,2026-04-21 07:00:00,2026-04-21 00:00:00,WTI Crude Futures,NYMEX,60m,1m,1,86.66000366,86.77999878,86.41999817,86.52999878,2045,USD,,,,,,asia_early,,Yahoo 1m history truncated by provider lookback window,,,,,,,,
2026-04-21 02:30:00+00:00,2026-04-21 08:00:00,2026-04-21 00:00:00,WTI Crude Futures,NYMEX,60m,5m,5,86.51999664,86.77999878,86.48999786,86.58000183,1305,USD,,,,,,asia_early,,Yahoo 5m history truncated by provider lookback window,,,,,,,,
2026-04-21 03:30:00+00:00,2026-04-21 09:00:00,2026-04-21 00:00:00,WTI Crude Futures,NYMEX,60m,5m,5,86.56999969,86.76000214,86.41000366,86.48999786,1318,USD,,,,,,other_valid_hours,,Yahoo 5m history truncated by provider lookback window,,,,,,,,
2026-04-21 04:30:00+00:00,2026-04-21 10:00:00,2026-04-21 00:00:00,WTI Crude Futures,NYMEX,60m,1m,1,86.48999786,86.55999756,85.66999817,85.72000122,3375,USD,,,,,,other_valid_hours,,Yahoo 1m history truncated by provider lookback window,,,,,,,,
2026-04-21 05:30:00+00:00,2026-04-21 11:00:00,2026-04-21 00:00:00,WTI Crude Futures,NYMEX,60m,5m,5,85.73000336,86.44000244,85.66999817,86.33000183,3530,USD,,,,,,other_valid_hours,,Yahoo 5m history truncated by provider lookback window,,,,,,,,
2026-04-21 06:30:00+00:00,2026-04-21 12:00:00,2026-04-21 00:00:00,WTI Crude Futures,NYMEX,60m,15m,15,87.41999817,87.47000122,86.37999725,86.91000366,7115,USD,,,,,,other_valid_hours,,Yahoo 15m history truncated by provider lookback window,,,,,,,,
2026-04-21 07:30:00+00:00,2026-04-21 13:00:00,2026-04-21 00:00:00,WTI Crude Futures,NYMEX,60m,1m,1,86.90000153,87.0,85.86000061,86.19000244,7309,USD,,,,,,other_valid_hours,,Yahoo 1m history truncated by provider lookback window,,,,,,,,
2026-04-21 08:30:00+00:00,2026-04-21 14:00:00,2026-04-21 00:00:00,WTI Crude Futures,NYMEX,60m,1m,1,86.19000244,87.48999786,86.0,86.80000305,8820,USD,,,,,,other_valid_hours,,Yahoo 1m history truncated by provider lookback window,,,,,,,,
2026-04-21 09:30:00+00:00,2026-04-21 15:00:00,2026-04-21 00:00:00,WTI Crude Futures,NYMEX,60m,1m,1,86.80000305,86.98000336,86.41999817,86.54000092,5762,USD,,,,,,other_valid_hours,,Yahoo 1m history truncated by provider lookback window,,,,,,,,
2026-04-21 10:30:00+00:00,2026-04-21 16:00:00,2026-04-21 00:00:00,WTI Crude Futures,NYMEX,60m,1m,1,86.55999756,87.58000183,86.13999939,87.23999786,11948,USD,,,,,,europe_open,first_hour_after_europe_open,Yahoo 1m history truncated by provider lookback window,,,,,,,,
2026-04-21 11:30:00+00:00,2026-04-21 17:00:00,2026-04-21 00:00:00,WTI Crude Futures,NYMEX,60m,1m,1,87.23999786,87.73000336,87.11000061,87.22000122,9737,USD,,,,,,europe_open,,Yahoo 1m history truncated by provider lookback window,,,,,,,,
2026-04-21 12:30:00+00:00,2026-04-21 18:00:00,2026-04-21 00:00:00,WTI Crude Futures,NYMEX,60m,1m,1,87.23000336,87.69000244,86.55000305,86.94999695,20921,USD,,,,,,europe_mid,,Yahoo 1m history truncated by provider lookback window,,,,,,,,
2026-04-21 13:30:00+00:00,2026-04-21 19:00:00,2026-04-21 00:00:00,WTI Crude Futures,NYMEX,60m,1m,1,86.94999695,88.02999878,86.62000275,87.87000275,28407,USD,,,,,,europe_mid,,Yahoo 1m history truncated by provider lookback window,,,,,,,,
2026-04-21 14:30:00+00:00,2026-04-21 20:00:00,2026-04-21 00:00:00,WTI Crude Futures,NYMEX,60m,1m,1,87.86000061,89.86000061,87.65000153,89.79000092,40855,USD,,,,,,us_pre_open,,Yahoo 1m history truncated by provider lookback window,,,,,,,,
2026-04-21 15:30:00+00:00,2026-04-21 21:00:00,2026-04-21 00:00:00,WTI Crude Futures,NYMEX,60m,1m,1,89.77999878,90.15000153,89.37999725,89.95999908,30221,USD,,,,,,us_open,first_30m_after_us_open,Yahoo 1m history truncated by provider lookback window,,,,,,,,
2026-04-21 16:30:00+00:00,2026-04-21 22:00:00,2026-04-21 00:00:00,WTI Crude Futures,NYMEX,60m,1m,1,89.95999908,91.44999695,89.76999664,91.08999634,27933,USD,,,,,,us_open,,Yahoo 1m history truncated by provider lookback window,,,,,,,,
2026-04-21 17:30:00+00:00,2026-04-21 23:00:00,2026-04-21 00:00:00,WTI Crude Futures,NYMEX,60m,1m,1,91.08999634,91.11000061,88.97000122,89.55999756,59398,USD,,,,,,us_late,us_late_reversal_window,Yahoo 1m history truncated by provider lookback window,,,,,,,,
2026-04-21 18:30:00+00:00,2026-04-22 00:00:00,2026-04-21 00:00:00,WTI Crude Futures,NYMEX,60m,1m,1,89.55000305,89.86000061,87.86000061,88.37999725,35590,USD,,,,,,us_late,final_hour_of_session_if_identifiable,Yahoo 1m history truncated by provider lookback window,,,,,,,,
2026-04-21 19:30:00+00:00,2026-04-22 01:00:00,2026-04-21 00:00:00,WTI Crude Futures,NYMEX,60m,1m,1,88.37000275,92.23000336,87.88999939,89.98999786,46442,USD,,,,,,us_late,,Yahoo 1m history truncated by provider lookback window,,,,,,,,
2026-04-21 20:30:00+00:00,2026-04-22 02:00:00,2026-04-21 00:00:00,WTI Crude Futures,NYMEX,60m,1m,1,90.01000214,90.87000275,89.73999786,90.22000122,4076,USD,,,,,,other_valid_hours,,Yahoo 1m history truncated by provider lookback window | Partial 1m coverage used for 60m bucket because no fuller finer bucket was available,,,,,,,,
2026-04-21 22:00:00+00:00,2026-04-22 03:00:00,2026-04-22 00:00:00,WTI Crude Futures,NYMEX,60m,60m,60,90.0,90.69999695,89.70999908,90.33000183,0,USD,,,,,,other_valid_hours,,Yahoo 60m history truncated by provider lookback window,,,,,,,,
2026-04-21 22:30:00+00:00,2026-04-22 04:00:00,2026-04-22 00:00:00,WTI Crude Futures,NYMEX,60m,1m,1,90.19999695,90.5,90.16000366,90.43000031,1121,USD,,,,,,asia_early,,Yahoo 1m history truncated by provider lookback window,,,,,,,,
2026-04-21 23:30:00+00:00,2026-04-22 05:00:00,2026-04-22 00:00:00,WTI Crude Futures,NYMEX,60m,1m,1,90.41999817,90.70999908,88.76000214,89.37000275,6532,USD,,,,,,asia_early,,Yahoo 1m history truncated by provider lookback window,,,,,,,,
2026-04-22 00:30:00+00:00,2026-04-22 06:00:00,2026-04-22 00:00:00,WTI Crude Futures,NYMEX,60m,1m,1,89.36000061,89.84999847,89.04000092,89.12999725,5556,USD,,,,,,asia_early,,Yahoo 1m history truncated by provider lookback window,,,,,,,,
2026-04-22 01:30:00+00:00,2026-04-22 07:00:00,2026-04-22 00:00:00,WTI Crude Futures,NYMEX,60m,1m,1,89.16000366,89.55999756,89.11000061,89.23999786,3326,USD,,,,,,asia_early,,Yahoo 1m history truncated by provider lookback window,,,,,,,,
2026-04-22 02:30:00+00:00,2026-04-22 08:00:00,2026-04-22 00:00:00,WTI Crude Futures,NYMEX,60m,1m,1,89.25,89.69000244,89.15000153,89.37999725,2813,USD,,,,,,asia_early,,Yahoo 1m history truncated by provider lookback window,,,,,,,,
2026-04-22 03:30:00+00:00,2026-04-22 09:00:00,2026-04-22 00:00:00,WTI Crude Futures,NYMEX,60m,5m,5,89.38999939,89.54000092,89.16999817,89.51999664,2643,USD,,,,,,other_valid_hours,,Yahoo 5m history truncated by provider lookback window,,,,,,,,
2026-04-22 04:30:00+00:00,2026-04-22 10:00:00,2026-04-22 00:00:00,WTI Crude Futures,NYMEX,60m,1m,1,89.52999878,89.62000275,87.63999939,88.34999847,9280,USD,,,,,,other_valid_hours,,Yahoo 1m history truncated by provider lookback window,,,,,,,,
2026-04-22 05:30:00+00:00,2026-04-22 11:00:00,2026-04-22 00:00:00,WTI Crude Futures,NYMEX,60m,1m,1,88.37000275,88.95999908,88.08999634,88.73000336,5341,USD,,,,,,other_valid_hours,,Yahoo 1m history truncated by provider lookback window,,,,,,,,
2026-04-22 06:30:00+00:00,2026-04-22 12:00:00,2026-04-22 00:00:00,WTI Crude Futures,NYMEX,60m,1m,1,88.76999664,89.41000366,88.5,89.04000092,5552,USD,,,,,,other_valid_hours,,Yahoo 1m history truncated by provider lookback window,,,,,,,,
2026-04-22 07:30:00+00:00,2026-04-22 13:00:00,2026-04-22 00:00:00,WTI Crude Futures,NYMEX,60m,1m,1,89.05999756,90.77999878,88.98000336,90.76999664,7762,USD,,,,,,other_valid_hours,,Yahoo 1m history truncated by provider lookback window,,,,,,,,
2026-04-22 08:30:00+00:00,2026-04-22 14:00:00,2026-04-22 00:00:00,WTI Crude Futures,NYMEX,60m,1m,1,90.75,91.41000366,90.13999939,90.26999664,11630,USD,,,,,,other_valid_hours,,Yahoo 1m history truncated by provider lookback window,,,,,,,,
2026-04-22 09:30:00+00:00,2026-04-22 15:00:00,2026-04-22 00:00:00,WTI Crude Futures,NYMEX,60m,1m,1,90.27999878,91.15000153,90.01999664,90.15000153,7192,USD,,,,,,other_valid_hours,,Yahoo 1m history truncated by provider lookback window,,,,,,,,
2026-04-22 10:30:00+00:00,2026-04-22 16:00:00,2026-04-22 00:00:00,WTI Crude Futures,NYMEX,60m,1m,1,90.13999939,90.58000183,89.94000244,90.41000366,6754,USD,,,,,,europe_open,first_hour_after_europe_open,Yahoo 1m history truncated by provider lookback window,,,,,,,,
2026-04-22 11:30:00+00:00,2026-04-22 17:00:00,2026-04-22 00:00:00,WTI Crude Futures,NYMEX,60m,1m,1,90.41000366,90.63999939,89.70999908,90.52999878,11085,USD,,,,,,europe_open,,Yahoo 1m history truncated by provider lookback window,,,,,,,,
2026-04-22 12:30:00+00:00,2026-04-22 18:00:00,2026-04-22 00:00:00,WTI Crude Futures,NYMEX,60m,1m,1,90.55000305,91.87999725,90.41999817,91.16999817,35896,USD,,,,,,europe_mid,,Yahoo 1m history truncated by provider lookback window,,,,,,,,
2026-04-22 13:30:00+00:00,2026-04-22 19:00:00,2026-04-22 00:00:00,WTI Crude Futures,NYMEX,60m,1m,1,91.16999817,92.08000183,91.12999725,91.27999878,25358,USD,,,,,,europe_mid,,Yahoo 1m history truncated by provider lookback window,,,,,,,,
2026-04-22 14:30:00+00:00,2026-04-22 20:00:00,2026-04-22 00:00:00,WTI Crude Futures,NYMEX,60m,1m,1,91.26999664,92.45999908,90.95999908,92.26999664,36863,USD,,,,,,us_pre_open,,Yahoo 1m history truncated by provider lookback window,,,,,,,,
2026-04-22 15:30:00+00:00,2026-04-22 21:00:00,2026-04-22 00:00:00,WTI Crude Futures,NYMEX,60m,1m,1,92.27999878,93.5,92.15000153,93.22000122,27678,USD,,,,,,us_open,first_30m_after_us_open,Yahoo 1m history truncated by provider lookback window,,,,,,,,
2026-04-22 16:30:00+00:00,2026-04-22 22:00:00,2026-04-22 00:00:00,WTI Crude Futures,NYMEX,60m,1m,1,93.22000122,93.73000336,92.51999664,93.01999664,25189,USD,,,,,,us_open,,Yahoo 1m history truncated by provider lookback window,,,,,,,,
2026-04-22 17:30:00+00:00,2026-04-22 23:00:00,2026-04-22 00:00:00,WTI Crude Futures,NYMEX,60m,1m,1,93.0,93.30999756,92.33000183,93.01000214,25178,USD,,,,,,us_late,us_late_reversal_window,Yahoo 1m history truncated by provider lookback window,,,,,,,,
2026-04-22 18:30:00+00:00,2026-04-23 00:00:00,2026-04-22 00:00:00,WTI Crude Futures,NYMEX,60m,1m,1,93.01000214,93.15000153,92.51000214,92.58999634,9918,USD,,,,,,us_late,final_hour_of_session_if_identifiable,Yahoo 1m history truncated by provider lookback window,,,,,,,,
2026-04-22 19:30:00+00:00,2026-04-23 01:00:00,2026-04-22 00:00:00,WTI Crude Futures,NYMEX,60m,1m,1,92.59999847,92.69999695,92.41000366,92.5,3984,USD,,,,,,us_late,,Yahoo 1m history truncated by provider lookback window,,,,,,,,
2026-04-22 20:30:00+00:00,2026-04-23 02:00:00,2026-04-22 00:00:00,WTI Crude Futures,NYMEX,60m,1m,1,92.5,93.13999939,92.5,92.87000275,2187,USD,,,,,,other_valid_hours,,Yahoo 1m history truncated by provider lookback window | Partial 1m coverage used for 60m bucket because no fuller finer bucket was available,,,,,,,,
2026-04-22 22:00:00+00:00,2026-04-23 03:00:00,2026-04-23 00:00:00,WTI Crude Futures,NYMEX,60m,60m,60,92.90000153,92.93000031,92.33000183,92.52999878,0,USD,,,,,,other_valid_hours,,Yahoo 60m history truncated by provider lookback window,,,,,,,,
2026-04-22 22:30:00+00:00,2026-04-23 04:00:00,2026-04-23 00:00:00,WTI Crude Futures,NYMEX,60m,5m,5,92.63999939,92.65000153,92.33000183,92.48000336,699,USD,,,,,,asia_early,,Yahoo 5m history truncated by provider lookback window,,,,,,,,
2026-04-22 23:30:00+00:00,2026-04-23 05:00:00,2026-04-23 00:00:00,WTI Crude Futures,NYMEX,60m,5m,5,92.48000336,97.22000122,92.40000153,93.47000122,23419,USD,,,,,,asia_early,,Yahoo 5m history truncated by provider lookback window,,,,,,,,
2026-04-23 00:30:00+00:00,2026-04-23 06:00:00,2026-04-23 00:00:00,WTI Crude Futures,NYMEX,60m,1m,1,93.47000122,93.68000031,92.81999969,93.59999847,8182,USD,,,,,,asia_early,,Yahoo 1m history truncated by provider lookback window,,,,,,,,
2026-04-23 01:30:00+00:00,2026-04-23 07:00:00,2026-04-23 00:00:00,WTI Crude Futures,NYMEX,60m,1m,1,93.59999847,94.61000061,93.11000061,94.33000183,7020,USD,,,,,,asia_early,,Yahoo 1m history truncated by provider lookback window,,,,,,,,
2026-04-23 02:30:00+00:00,2026-04-23 08:00:00,2026-04-23 00:00:00,WTI Crude Futures,NYMEX,60m,1m,1,94.31999969,95.26999664,93.93000031,94.77999878,7294,USD,,,,,,asia_early,,Yahoo 1m history truncated by provider lookback window,,,,,,,,
2026-04-23 03:30:00+00:00,2026-04-23 09:00:00,2026-04-23 00:00:00,WTI Crude Futures,NYMEX,60m,5m,5,94.79000092,95.08999634,94.34999847,94.52999878,3229,USD,,,,,,other_valid_hours,,Yahoo 5m history truncated by provider lookback window,,,,,,,,
2026-04-23 04:30:00+00:00,2026-04-23 10:00:00,2026-04-23 00:00:00,WTI Crude Futures,NYMEX,60m,1m,1,94.55000305,94.55000305,93.95999908,94.31999969,2564,USD,,,,,,other_valid_hours,,Yahoo 1m history truncated by provider lookback window,,,,,,,,
2026-04-23 05:30:00+00:00,2026-04-23 11:00:00,2026-04-23 00:00:00,WTI Crude Futures,NYMEX,60m,1m,1,94.30000305,94.41000366,93.65000153,94.18000031,3457,USD,,,,,,other_valid_hours,,Yahoo 1m history truncated by provider lookback window,,,,,,,,
2026-04-23 06:30:00+00:00,2026-04-23 12:00:00,2026-04-23 00:00:00,WTI Crude Futures,NYMEX,60m,1m,1,94.16999817,94.73999786,94.15000153,94.37000275,4557,USD,,,,,,other_valid_hours,,Yahoo 1m history truncated by provider lookback window,,,,,,,,
2026-04-23 07:30:00+00:00,2026-04-23 13:00:00,2026-04-23 00:00:00,WTI Crude Futures,NYMEX,60m,5m,5,94.36000061,94.51000214,93.23999786,94.25,7698,USD,,,,,,other_valid_hours,,Yahoo 5m history truncated by provider lookback window,,,,,,,,
2026-04-23 08:30:00+00:00,2026-04-23 14:00:00,2026-04-23 00:00:00,WTI Crude Futures,NYMEX,60m,1m,1,94.22000122,95.63999939,94.16000366,94.63999939,11249,USD,,,,,,other_valid_hours,,Yahoo 1m history truncated by provider lookback window,,,,,,,,
2026-04-23 09:30:00+00:00,2026-04-23 15:00:00,2026-04-23 00:00:00,WTI Crude Futures,NYMEX,60m,1m,1,94.63999939,95.05999756,94.23999786,94.31999969,4573,USD,,,,,,other_valid_hours,,Yahoo 1m history truncated by provider lookback window,,,,,,,,
2026-04-23 10:30:00+00:00,2026-04-23 16:00:00,2026-04-23 00:00:00,WTI Crude Futures,NYMEX,60m,1m,1,94.31999969,94.66999817,93.73999786,94.06999969,6701,USD,,,,,,europe_open,first_hour_after_europe_open,Yahoo 1m history truncated by provider lookback window,,,,,,,,
2026-04-23 11:30:00+00:00,2026-04-23 17:00:00,2026-04-23 00:00:00,WTI Crude Futures,NYMEX,60m,1m,1,94.04000092,94.22000122,92.30000305,92.91999817,20720,USD,,,,,,europe_open,,Yahoo 1m history truncated by provider lookback window,,,,,,,,
2026-04-23 12:30:00+00:00,2026-04-23 18:00:00,2026-04-23 00:00:00,WTI Crude Futures,NYMEX,60m,1m,1,92.93000031,94.01000214,92.44999695,93.95999908,25851,USD,,,,,,europe_mid,,Yahoo 1m history truncated by provider lookback window,,,,,,,,
2026-04-23 13:30:00+00:00,2026-04-23 19:00:00,2026-04-23 00:00:00,WTI Crude Futures,NYMEX,60m,1m,1,93.97000122,94.62999725,93.26000214,93.37999725,26113,USD,,,,,,europe_mid,,Yahoo 1m history truncated by provider lookback window,,,,,,,,
2026-04-23 14:30:00+00:00,2026-04-23 20:00:00,2026-04-23 00:00:00,WTI Crude Futures,NYMEX,60m,1m,1,93.38999939,93.77999878,92.95999908,93.66000366,19584,USD,,,,,,us_pre_open,,Yahoo 1m history truncated by provider lookback window,,,,,,,,
2026-04-23 15:30:00+00:00,2026-04-23 21:00:00,2026-04-23 00:00:00,WTI Crude Futures,NYMEX,60m,1m,1,93.66999817,94.69999695,93.61000061,94.34999847,20752,USD,,,,,,us_open,first_30m_after_us_open,Yahoo 1m history truncated by provider lookback window,,,,,,,,
2026-04-23 16:30:00+00:00,2026-04-23 22:00:00,2026-04-23 00:00:00,WTI Crude Futures,NYMEX,60m,1m,1,94.33999634,96.94000244,93.93000031,96.73000336,42328,USD,,,,,,us_open,,Yahoo 1m history truncated by provider lookback window,,,,,,,,
2026-04-23 17:30:00+00:00,2026-04-23 23:00:00,2026-04-23 00:00:00,WTI Crude Futures,NYMEX,60m,1m,1,96.73999786,98.38999939,95.19999695,95.76000214,72779,USD,,,,,,us_late,us_late_reversal_window,Yahoo 1m history truncated by provider lookback window,,,,,,,,
2026-04-23 18:30:00+00:00,2026-04-24 00:00:00,2026-04-23 00:00:00,WTI Crude Futures,NYMEX,60m,1m,1,95.76999664,96.87999725,95.30999756,96.25,16209,USD,,,,,,us_late,final_hour_of_session_if_identifiable,Yahoo 1m history truncated by provider lookback window,,,,,,,,
2026-04-23 19:30:00+00:00,2026-04-24 01:00:00,2026-04-23 00:00:00,WTI Crude Futures,NYMEX,60m,1m,1,96.26999664,97.30999756,96.18000031,96.58000183,6780,USD,,,,,,us_late,,Yahoo 1m history truncated by provider lookback window,,,,,,,,
2026-04-23 20:30:00+00:00,2026-04-24 02:00:00,2026-04-23 00:00:00,WTI Crude Futures,NYMEX,60m,1m,1,96.55000305,97.41000366,96.44000244,97.0,3255,USD,,,,,,other_valid_hours,,Yahoo 1m history truncated by provider lookback window | Partial 1m coverage used for 60m bucket because no fuller finer bucket was available,,,,,,,,
2026-04-23 22:00:00+00:00,2026-04-24 03:00:00,2026-04-24 00:00:00,WTI Crude Futures,NYMEX,60m,60m,60,96.62000275,97.34999847,95.87999725,97.08000183,0,USD,,,,,,other_valid_hours,,Yahoo 60m history truncated by provider lookback window,,,,,,,,
2026-04-23 22:30:00+00:00,2026-04-24 04:00:00,2026-04-24 00:00:00,WTI Crude Futures,NYMEX,60m,5m,5,96.87000275,97.34999847,96.81999969,96.94999695,1347,USD,,,,,,asia_early,,Yahoo 5m history truncated by provider lookback window,,,,,,,,
2026-04-23 23:30:00+00:00,2026-04-24 05:00:00,2026-04-24 00:00:00,WTI Crude Futures,NYMEX,60m,1m,1,96.94999695,97.06999969,96.68000031,96.69999695,3005,USD,,,,,,asia_early,,Yahoo 1m history truncated by provider lookback window,,,,,,,,
2026-04-24 00:30:00+00:00,2026-04-24 06:00:00,2026-04-24 00:00:00,WTI Crude Futures,NYMEX,60m,1m,1,96.69999695,97.54000092,96.68000031,97.16999817,6340,USD,,,,,,asia_early,,Yahoo 1m history truncated by provider lookback window,,,,,,,,
2026-04-24 01:30:00+00:00,2026-04-24 07:00:00,2026-04-24 00:00:00,WTI Crude Futures,NYMEX,60m,1m,1,97.16000366,97.59999847,96.68000031,96.76000214,4204,USD,,,,,,asia_early,,Yahoo 1m history truncated by provider lookback window,,,,,,,,
2026-04-24 02:30:00+00:00,2026-04-24 08:00:00,2026-04-24 00:00:00,WTI Crude Futures,NYMEX,60m,1m,1,96.76999664,96.80000305,96.08000183,96.37000275,3673,USD,,,,,,asia_early,,Yahoo 1m history truncated by provider lookback window,,,,,,,,
2026-04-24 03:30:00+00:00,2026-04-24 09:00:00,2026-04-24 00:00:00,WTI Crude Futures,NYMEX,60m,5m,5,96.37999725,96.72000122,96.37000275,96.5,1883,USD,,,,,,other_valid_hours,,Yahoo 5m history truncated by provider lookback window,,,,,,,,
2026-04-24 04:30:00+00:00,2026-04-24 10:00:00,2026-04-24 00:00:00,WTI Crude Futures,NYMEX,60m,1m,1,96.5,96.51000214,95.87999725,96.05999756,2386,USD,,,,,,other_valid_hours,,Yahoo 1m history truncated by provider lookback window,,,,,,,,
2026-04-24 05:30:00+00:00,2026-04-24 11:00:00,2026-04-24 00:00:00,WTI Crude Futures,NYMEX,60m,1m,1,96.04000092,96.12999725,95.55000305,96.05000305,3490,USD,,,,,,other_valid_hours,,Yahoo 1m history truncated by provider lookback window,,,,,,,,
2026-04-24 06:30:00+00:00,2026-04-24 12:00:00,2026-04-24 00:00:00,WTI Crude Futures,NYMEX,60m,1m,1,96.05000305,96.63999939,95.83000183,96.16999817,6326,USD,,,,,,other_valid_hours,,Yahoo 1m history truncated by provider lookback window,,,,,,,,
2026-04-24 07:30:00+00:00,2026-04-24 13:00:00,2026-04-24 00:00:00,WTI Crude Futures,NYMEX,60m,1m,1,96.16999817,97.84999847,96.16000366,97.23999786,10665,USD,,,,,,other_valid_hours,,Yahoo 1m history truncated by provider lookback window,,,,,,,,
2026-04-24 08:30:00+00:00,2026-04-24 14:00:00,2026-04-24 00:00:00,WTI Crude Futures,NYMEX,60m,1m,1,97.23999786,97.55000305,96.66000366,97.41000366,6712,USD,,,,,,other_valid_hours,,Yahoo 1m history truncated by provider lookback window,,,,,,,,
2026-04-24 09:30:00+00:00,2026-04-24 15:00:00,2026-04-24 00:00:00,WTI Crude Futures,NYMEX,60m,1m,1,97.40000153,97.79000092,97.29000092,97.41999817,6684,USD,,,,,,other_valid_hours,,Yahoo 1m history truncated by provider lookback window,,,,,,,,
2026-04-24 10:30:00+00:00,2026-04-24 16:00:00,2026-04-24 00:00:00,WTI Crude Futures,NYMEX,60m,1m,1,97.41000366,97.52999878,93.68000031,93.73999786,33190,USD,,,,,,europe_open,first_hour_after_europe_open,Yahoo 1m history truncated by provider lookback window,,,,,,,,
2026-04-24 11:30:00+00:00,2026-04-24 17:00:00,2026-04-24 00:00:00,WTI Crude Futures,NYMEX,60m,1m,1,93.72000122,95.12999725,93.62999725,94.90000153,22023,USD,,,,,,europe_open,,Yahoo 1m history truncated by provider lookback window,,,,,,,,
2026-04-24 12:30:00+00:00,2026-04-24 18:00:00,2026-04-24 00:00:00,WTI Crude Futures,NYMEX,60m,1m,1,94.91000366,96.48999786,94.63999939,94.91999817,28682,USD,,,,,,europe_mid,,Yahoo 1m history truncated by provider lookback window,,,,,,,,
2026-04-24 13:30:00+00:00,2026-04-24 19:00:00,2026-04-24 00:00:00,WTI Crude Futures,NYMEX,60m,1m,1,94.93000031,95.58999634,94.75,95.33000183,22004,USD,,,,,,europe_mid,,Yahoo 1m history truncated by provider lookback window,,,,,,,,
2026-04-24 14:30:00+00:00,2026-04-24 20:00:00,2026-04-24 00:00:00,WTI Crude Futures,NYMEX,60m,1m,1,95.33999634,95.80999756,94.66000366,95.48999786,23957,USD,,,,,,us_pre_open,,Yahoo 1m history truncated by provider lookback window,,,,,,,,
2026-04-24 15:30:00+00:00,2026-04-24 21:00:00,2026-04-24 00:00:00,WTI Crude Futures,NYMEX,60m,1m,1,95.47000122,95.55000305,92.68000031,93.98999786,48933,USD,,,,,,us_open,first_30m_after_us_open,Yahoo 1m history truncated by provider lookback window,,,,,,,,
2026-04-24 16:30:00+00:00,2026-04-24 22:00:00,2026-04-24 00:00:00,WTI Crude Futures,NYMEX,60m,1m,1,93.98000336,94.43000031,93.36000061,93.88999939,19496,USD,,,,,,us_open,,Yahoo 1m history truncated by provider lookback window,,,,,,,,
2026-04-24 17:30:00+00:00,2026-04-24 23:00:00,2026-04-24 00:00:00,WTI Crude Futures,NYMEX,60m,1m,1,93.88999939,94.5,92.75,94.41999817,28418,USD,,,,,,us_late,us_late_reversal_window,Yahoo 1m history truncated by provider lookback window,,,,,,,,
2026-04-24 18:30:00+00:00,2026-04-25 00:00:00,2026-04-24 00:00:00,WTI Crude Futures,NYMEX,60m,1m,1,94.41999817,94.91999817,94.02999878,94.83000183,10189,USD,,,,,,us_late,final_hour_of_session_if_identifiable,Yahoo 1m history truncated by provider lookback window,,,,,,,,
2026-04-24 19:30:00+00:00,2026-04-25 01:00:00,2026-04-24 00:00:00,WTI Crude Futures,NYMEX,60m,1m,1,94.84999847,95.55999756,94.61000061,95.41999817,8917,USD,,,,,,us_late,,Yahoo 1m history truncated by provider lookback window,,,,,,,,
2026-04-24 20:30:00+00:00,2026-04-25 02:00:00,2026-04-24 00:00:00,WTI Crude Futures,NYMEX,60m,1m,1,95.41000366,95.43000031,94.40000153,94.40000153,3489,USD,,,,,,other_valid_hours,,Yahoo 1m history truncated by provider lookback window | Partial 1m coverage used for 60m bucket because no fuller finer bucket was available,,,,,,,,
2026-04-26 22:00:00+00:00,2026-04-27 03:00:00,2026-04-27 00:00:00,WTI Crude Futures,NYMEX,60m,60m,60,96.34999847,96.68000031,95.95999908,96.01000214,3651,USD,,,,,,other_valid_hours,,Yahoo 60m history truncated by provider lookback window,,,,,,,,
2026-04-26 22:30:00+00:00,2026-04-27 04:00:00,2026-04-27 00:00:00,WTI Crude Futures,NYMEX,60m,1m,1,96.48999786,96.62999725,95.94999695,96.16999817,2562,USD,,,,,,asia_early,,Yahoo 1m history truncated by provider lookback window,,,,,,,,
2026-04-26 23:30:00+00:00,2026-04-27 05:00:00,2026-04-27 00:00:00,WTI Crude Futures,NYMEX,60m,1m,1,96.16000366,96.52999878,95.97000122,96.19000244,2049,USD,,,,,,asia_early,,Yahoo 1m history truncated by provider lookback window,,,,,,,,
2026-04-27 00:30:00+00:00,2026-04-27 06:00:00,2026-04-27 00:00:00,WTI Crude Futures,NYMEX,60m,1m,1,96.19000244,96.48999786,95.44999695,95.88999939,6770,USD,,,,,,asia_early,,Yahoo 1m history truncated by provider lookback window,,,,,,,,
2026-04-27 01:30:00+00:00,2026-04-27 07:00:00,2026-04-27 00:00:00,WTI Crude Futures,NYMEX,60m,1m,1,95.87999725,96.05000305,95.36000061,95.45999908,2982,USD,,,,,,asia_early,,Yahoo 1m history truncated by provider lookback window,,,,,,,,
2026-04-27 02:30:00+00:00,2026-04-27 08:00:00,2026-04-27 00:00:00,WTI Crude Futures,NYMEX,60m,1m,1,95.45999908,95.58999634,94.98999786,95.19000244,2244,USD,,,,,,asia_early,,Yahoo 1m history truncated by provider lookback window,,,,,,,,
2026-04-27 03:30:00+00:00,2026-04-27 09:00:00,2026-04-27 00:00:00,WTI Crude Futures,NYMEX,60m,5m,5,95.19999695,95.37999725,95.12999725,95.34999847,1281,USD,,,,,,other_valid_hours,,Yahoo 5m history truncated by provider lookback window,,,,,,,,
2026-04-27 04:30:00+00:00,2026-04-27 10:00:00,2026-04-27 00:00:00,WTI Crude Futures,NYMEX,60m,1m,1,95.34999847,96.05000305,95.19999695,95.97000122,2089,USD,,,,,,other_valid_hours,,Yahoo 1m history truncated by provider lookback window,,,,,,,,
2026-04-27 05:30:00+00:00,2026-04-27 11:00:00,2026-04-27 00:00:00,WTI Crude Futures,NYMEX,60m,1m,1,95.95999908,96.41000366,95.83000183,96.18000031,3153,USD,,,,,,other_valid_hours,,Yahoo 1m history truncated by provider lookback window,,,,,,,,
2026-04-27 06:30:00+00:00,2026-04-27 12:00:00,2026-04-27 00:00:00,WTI Crude Futures,NYMEX,60m,1m,1,96.18000031,96.75,96.01999664,96.66000366,3305,USD,,,,,,other_valid_hours,,Yahoo 1m history truncated by provider lookback window,,,,,,,,
2026-04-27 07:30:00+00:00,2026-04-27 13:00:00,2026-04-27 00:00:00,WTI Crude Futures,NYMEX,60m,1m,1,96.65000153,97.09999847,96.44000244,96.94000244,4597,USD,,,,,,other_valid_hours,,Yahoo 1m history truncated by provider lookback window,,,,,,,,
2026-04-27 08:30:00+00:00,2026-04-27 14:00:00,2026-04-27 00:00:00,WTI Crude Futures,NYMEX,60m,1m,1,96.94000244,96.97000122,96.15000153,96.63999939,5155,USD,,,,,,other_valid_hours,,Yahoo 1m history truncated by provider lookback window,,,,,,,,
2026-04-27 09:30:00+00:00,2026-04-27 15:00:00,2026-04-27 00:00:00,WTI Crude Futures,NYMEX,60m,1m,1,96.62999725,96.69000244,96.18000031,96.31999969,2581,USD,,,,,,other_valid_hours,,Yahoo 1m history truncated by provider lookback window,,,,,,,,
2026-04-27 10:30:00+00:00,2026-04-27 16:00:00,2026-04-27 00:00:00,WTI Crude Futures,NYMEX,60m,1m,1,96.30999756,96.31999969,94.66000366,94.72000122,9073,USD,,,,,,europe_open,first_hour_after_europe_open,Yahoo 1m history truncated by provider lookback window,,,,,,,,
2026-04-27 11:30:00+00:00,2026-04-27 17:00:00,2026-04-27 00:00:00,WTI Crude Futures,NYMEX,60m,1m,1,94.69999695,95.69000244,94.58999634,95.51999664,8430,USD,,,,,,europe_open,,Yahoo 1m history truncated by provider lookback window,,,,,,,,
2026-04-27 12:30:00+00:00,2026-04-27 18:00:00,2026-04-27 00:00:00,WTI Crude Futures,NYMEX,60m,1m,1,95.52999878,96.54000092,95.48999786,95.83999634,18548,USD,,,,,,europe_mid,,Yahoo 1m history truncated by provider lookback window,,,,,,,,
2026-04-27 13:30:00+00:00,2026-04-27 19:00:00,2026-04-27 00:00:00,WTI Crude Futures,NYMEX,60m,1m,1,95.83000183,96.52999878,95.30000305,96.23999786,22267,USD,,,,,,europe_mid,,Yahoo 1m history truncated by provider lookback window,,,,,,,,
2026-04-27 14:30:00+00:00,2026-04-27 20:00:00,2026-04-27 00:00:00,WTI Crude Futures,NYMEX,60m,1m,1,96.23000336,97.5,95.69999695,96.88999939,28542,USD,,,,,,us_pre_open,,Yahoo 1m history truncated by provider lookback window,,,,,,,,
2026-04-27 15:30:00+00:00,2026-04-27 21:00:00,2026-04-27 00:00:00,WTI Crude Futures,NYMEX,60m,1m,1,96.90000153,97.19999695,96.05999756,96.33999634,16069,USD,,,,,,us_open,first_30m_after_us_open,Yahoo 1m history truncated by provider lookback window,,,,,,,,
2026-04-27 16:30:00+00:00,2026-04-27 22:00:00,2026-04-27 00:00:00,WTI Crude Futures,NYMEX,60m,1m,1,96.36000061,97.66999817,96.12000275,96.87000275,13767,USD,,,,,,us_open,,Yahoo 1m history truncated by provider lookback window,,,,,,,,
2026-04-27 17:30:00+00:00,2026-04-27 23:00:00,2026-04-27 00:00:00,WTI Crude Futures,NYMEX,60m,1m,1,96.86000061,97.23000336,96.16000366,96.37999725,20148,USD,,,,,,us_late,us_late_reversal_window,Yahoo 1m history truncated by provider lookback window,,,,,,,,
2026-04-27 18:30:00+00:00,2026-04-28 00:00:00,2026-04-27 00:00:00,WTI Crude Futures,NYMEX,60m,1m,1,96.38999939,96.59999847,96.05000305,96.09999847,7319,USD,,,,,,us_late,final_hour_of_session_if_identifiable,Yahoo 1m history truncated by provider lookback window,,,,,,,,
2026-04-27 19:30:00+00:00,2026-04-28 01:00:00,2026-04-27 00:00:00,WTI Crude Futures,NYMEX,60m,1m,1,96.11000061,96.73999786,95.90000153,96.48000336,6934,USD,,,,,,us_late,,Yahoo 1m history truncated by provider lookback window,,,,,,,,
2026-04-27 20:30:00+00:00,2026-04-28 02:00:00,2026-04-27 00:00:00,WTI Crude Futures,NYMEX,60m,1m,1,96.48999786,96.80000305,96.43000031,96.68000031,1310,USD,,,,,,other_valid_hours,,Yahoo 1m history truncated by provider lookback window | Partial 1m coverage used for 60m bucket because no fuller finer bucket was available,,,,,,,,
2026-04-27 22:00:00+00:00,2026-04-28 03:00:00,2026-04-28 00:00:00,WTI Crude Futures,NYMEX,60m,60m,60,96.66999817,96.77999878,96.30000305,96.62999725,0,USD,,,,,,other_valid_hours,,Yahoo 60m history truncated by provider lookback window,,,,,,,,
2026-04-27 22:30:00+00:00,2026-04-28 04:00:00,2026-04-28 00:00:00,WTI Crude Futures,NYMEX,60m,5m,5,96.52999878,96.77999878,96.30000305,96.63999939,1029,USD,,,,,,asia_early,,Yahoo 5m history truncated by provider lookback window,,,,,,,,
2026-04-27 23:30:00+00:00,2026-04-28 05:00:00,2026-04-28 00:00:00,WTI Crude Futures,NYMEX,60m,1m,1,96.63999939,97.04000092,96.23999786,96.91999817,3295,USD,,,,,,asia_early,,Yahoo 1m history truncated by provider lookback window,,,,,,,,
2026-04-28 00:30:00+00:00,2026-04-28 06:00:00,2026-04-28 00:00:00,WTI Crude Futures,NYMEX,60m,1m,1,96.90000153,97.36000061,96.90000153,97.06999969,2922,USD,,,,,,asia_early,,Yahoo 1m history truncated by provider lookback window,,,,,,,,
2026-04-28 01:30:00+00:00,2026-04-28 07:00:00,2026-04-28 00:00:00,WTI Crude Futures,NYMEX,60m,1m,1,97.05999756,97.55000305,96.84999847,97.34999847,2318,USD,,,,,,asia_early,,Yahoo 1m history truncated by provider lookback window,,,,,,,,
2026-04-28 02:30:00+00:00,2026-04-28 08:00:00,2026-04-28 00:00:00,WTI Crude Futures,NYMEX,60m,1m,1,97.38999939,97.48000336,97.18000031,97.31999969,2001,USD,,,,,,asia_early,,Yahoo 1m history truncated by provider lookback window,,,,,,,,
2026-04-28 03:30:00+00:00,2026-04-28 09:00:00,2026-04-28 00:00:00,WTI Crude Futures,NYMEX,60m,5m,5,97.27999878,97.80999756,97.27999878,97.41000366,2195,USD,,,,,,other_valid_hours,,Yahoo 5m history truncated by provider lookback window,,,,,,,,
2026-04-28 04:30:00+00:00,2026-04-28 10:00:00,2026-04-28 00:00:00,WTI Crude Futures,NYMEX,60m,1m,1,97.41000366,97.62999725,97.31999969,97.48999786,822,USD,,,,,,other_valid_hours,,Yahoo 1m history truncated by provider lookback window,,,,,,,,
2026-04-28 05:30:00+00:00,2026-04-28 11:00:00,2026-04-28 00:00:00,WTI Crude Futures,NYMEX,60m,1m,1,97.5,98.84999847,97.41000366,97.86000061,8163,USD,,,,,,other_valid_hours,,Yahoo 1m history truncated by provider lookback window,,,,,,,,
2026-04-28 06:30:00+00:00,2026-04-28 12:00:00,2026-04-28 00:00:00,WTI Crude Futures,NYMEX,60m,1m,1,97.86000061,99.05000305,97.76000214,98.87000275,5668,USD,,,,,,other_valid_hours,,Yahoo 1m history truncated by provider lookback window,,,,,,,,
2026-04-28 07:30:00+00:00,2026-04-28 13:00:00,2026-04-28 00:00:00,WTI Crude Futures,NYMEX,60m,1m,1,98.86000061,99.22000122,98.22000122,98.23999786,8868,USD,,,,,,other_valid_hours,,Yahoo 1m history truncated by provider lookback window,,,,,,,,
2026-04-28 08:30:00+00:00,2026-04-28 14:00:00,2026-04-28 00:00:00,WTI Crude Futures,NYMEX,60m,1m,1,98.23999786,99.56999969,98.23000336,99.48999786,7343,USD,,,,,,other_valid_hours,,Yahoo 1m history truncated by provider lookback window,,,,,,,,
2026-04-28 09:30:00+00:00,2026-04-28 15:00:00,2026-04-28 00:00:00,WTI Crude Futures,NYMEX,60m,1m,1,99.48000336,100.1100006,99.44999695,99.81999969,7516,USD,,,,,,other_valid_hours,,Yahoo 1m history truncated by provider lookback window,,,,,,,,
2026-04-28 10:30:00+00:00,2026-04-28 16:00:00,2026-04-28 00:00:00,WTI Crude Futures,NYMEX,60m,1m,1,99.81999969,100.9899979,99.54000092,100.9499969,11196,USD,,,,,,europe_open,first_hour_after_europe_open,Yahoo 1m history truncated by provider lookback window,,,,,,,,
2026-04-28 11:30:00+00:00,2026-04-28 17:00:00,2026-04-28 00:00:00,WTI Crude Futures,NYMEX,60m,1m,1,100.9499969,101.8499985,98.09999847,100.3600006,36853,USD,,,,,,europe_open,,Yahoo 1m history truncated by provider lookback window,,,,,,,,
2026-04-28 12:30:00+00:00,2026-04-28 18:00:00,2026-04-28 00:00:00,WTI Crude Futures,NYMEX,60m,1m,1,100.3799973,100.5,98.95999908,99.34999847,27654,USD,,,,,,europe_mid,,Yahoo 1m history truncated by provider lookback window,,,,,,,,
2026-04-28 13:30:00+00:00,2026-04-28 19:00:00,2026-04-28 00:00:00,WTI Crude Futures,NYMEX,60m,1m,1,99.33000183,100.2300034,98.75,99.90000153,27617,USD,,,,,,europe_mid,,Yahoo 1m history truncated by provider lookback window,,,,,,,,
2026-04-28 14:30:00+00:00,2026-04-28 20:00:00,2026-04-28 00:00:00,WTI Crude Futures,NYMEX,60m,1m,1,99.90000153,100.4700012,99.01000214,99.62000275,31000,USD,,,,,,us_pre_open,,Yahoo 1m history truncated by provider lookback window,,,,,,,,
2026-04-28 15:30:00+00:00,2026-04-28 21:00:00,2026-04-28 00:00:00,WTI Crude Futures,NYMEX,60m,1m,1,99.63999939,100.1999969,99.26000214,99.69999695,15680,USD,,,,,,us_open,first_30m_after_us_open,Yahoo 1m history truncated by provider lookback window,,,,,,,,
2026-04-28 16:30:00+00:00,2026-04-28 22:00:00,2026-04-28 00:00:00,WTI Crude Futures,NYMEX,60m,1m,1,99.68000031,100.4599991,99.05999756,100.3799973,16518,USD,,,,,,us_open,,Yahoo 1m history truncated by provider lookback window,,,,,,,,
2026-04-28 17:30:00+00:00,2026-04-28 23:00:00,2026-04-28 00:00:00,WTI Crude Futures,NYMEX,60m,1m,1,100.3799973,100.3799973,99.34999847,99.94999695,22913,USD,,,,,,us_late,us_late_reversal_window,Yahoo 1m history truncated by provider lookback window,,,,,,,,
2026-04-28 18:30:00+00:00,2026-04-29 00:00:00,2026-04-28 00:00:00,WTI Crude Futures,NYMEX,60m,1m,1,99.94999695,100.3300018,99.77999878,99.95999908,9238,USD,,,,,,us_late,final_hour_of_session_if_identifiable,Yahoo 1m history truncated by provider lookback window,,,,,,,,
2026-04-28 19:30:00+00:00,2026-04-29 01:00:00,2026-04-28 00:00:00,WTI Crude Futures,NYMEX,60m,1m,1,99.95999908,100.0500031,99.51000214,99.63999939,4211,USD,,,,,,us_late,,Yahoo 1m history truncated by provider lookback window,,,,,,,,
2026-04-28 20:30:00+00:00,2026-04-29 02:00:00,2026-04-28 00:00:00,WTI Crude Futures,NYMEX,60m,1m,1,99.61000061,99.70999908,99.55000305,99.62000275,1628,USD,,,,,,other_valid_hours,,Yahoo 1m history truncated by provider lookback window | Partial 1m coverage used for 60m bucket because no fuller finer bucket was available,,,,,,,,
2026-04-28 22:00:00+00:00,2026-04-29 03:00:00,2026-04-29 00:00:00,WTI Crude Futures,NYMEX,60m,60m,60,99.70999908,99.75,99.36000061,99.61000061,0,USD,,,,,,other_valid_hours,,Yahoo 60m history truncated by provider lookback window,,,,,,,,
2026-04-28 22:30:00+00:00,2026-04-29 04:00:00,2026-04-29 00:00:00,WTI Crude Futures,NYMEX,60m,5m,5,99.40000153,99.69999695,99.34999847,99.48000336,1519,USD,,,,,,asia_early,,Yahoo 5m history truncated by provider lookback window,,,,,,,,
2026-04-28 23:30:00+00:00,2026-04-29 05:00:00,2026-04-29 00:00:00,WTI Crude Futures,NYMEX,60m,1m,1,99.47000122,99.51999664,98.93000031,99.23000336,2916,USD,,,,,,asia_early,,Yahoo 1m history truncated by provider lookback window,,,,,,,,
2026-04-29 00:30:00+00:00,2026-04-29 06:00:00,2026-04-29 00:00:00,WTI Crude Futures,NYMEX,60m,1m,1,99.20999908,100.3799973,99.05000305,100.1999969,5926,USD,,,,,,asia_early,,Yahoo 1m history truncated by provider lookback window,,,,,,,,
2026-04-29 01:30:00+00:00,2026-04-29 07:00:00,2026-04-29 00:00:00,WTI Crude Futures,NYMEX,60m,1m,1,100.2099991,100.7399979,98.41999817,98.83000183,9043,USD,,,,,,asia_early,,Yahoo 1m history truncated by provider lookback window,,,,,,,,
2026-04-29 02:30:00+00:00,2026-04-29 08:00:00,2026-04-29 00:00:00,WTI Crude Futures,NYMEX,60m,1m,1,98.86000061,99.44000244,98.65000153,99.13999939,3670,USD,,,,,,asia_early,,Yahoo 1m history truncated by provider lookback window,,,,,,,,
2026-04-29 03:30:00+00:00,2026-04-29 09:00:00,2026-04-29 00:00:00,WTI Crude Futures,NYMEX,60m,5m,5,99.19000244,99.47000122,99.16000366,99.36000061,1140,USD,,,,,,other_valid_hours,,Yahoo 5m history truncated by provider lookback window,,,,,,,,
2026-04-29 04:30:00+00:00,2026-04-29 10:00:00,2026-04-29 00:00:00,WTI Crude Futures,NYMEX,60m,1m,1,99.36000061,99.83999634,99.20999908,99.69999695,1875,USD,,,,,,other_valid_hours,,Yahoo 1m history truncated by provider lookback window,,,,,,,,
2026-04-29 05:30:00+00:00,2026-04-29 11:00:00,2026-04-29 00:00:00,WTI Crude Futures,NYMEX,60m,1m,1,99.72000122,100.1200027,99.55999756,100.1200027,2093,USD,,,,,,other_valid_hours,,Yahoo 1m history truncated by provider lookback window,,,,,,,,
2026-04-29 06:30:00+00:00,2026-04-29 12:00:00,2026-04-29 00:00:00,WTI Crude Futures,NYMEX,60m,1m,1,100.1200027,101.0,100.0599976,100.8799973,6974,USD,,,,,,other_valid_hours,,Yahoo 1m history truncated by provider lookback window,,,,,,,,
2026-04-29 07:30:00+00:00,2026-04-29 13:00:00,2026-04-29 00:00:00,WTI Crude Futures,NYMEX,60m,1m,1,100.8700027,103.1200027,100.8199997,103.0,14103,USD,,,,,,other_valid_hours,,Yahoo 1m history truncated by provider lookback window,,,,,,,,
2026-04-29 08:30:00+00:00,2026-04-29 14:00:00,2026-04-29 00:00:00,WTI Crude Futures,NYMEX,60m,1m,1,102.9700012,103.7799988,102.8199997,103.4499969,11432,USD,,,,,,other_valid_hours,,Yahoo 1m history truncated by provider lookback window,,,,,,,,
2026-04-29 09:30:00+00:00,2026-04-29 15:00:00,2026-04-29 00:00:00,WTI Crude Futures,NYMEX,60m,1m,1,103.4800034,103.8199997,102.8499985,103.4300003,8842,USD,,,,,,other_valid_hours,,Yahoo 1m history truncated by provider lookback window,,,,,,,,
2026-04-29 10:30:00+00:00,2026-04-29 16:00:00,2026-04-29 00:00:00,WTI Crude Futures,NYMEX,60m,1m,1,103.4100037,103.4499969,102.9700012,103.1900024,5597,USD,,,,,,europe_open,first_hour_after_europe_open,Yahoo 1m history truncated by provider lookback window,,,,,,,,
2026-04-29 11:30:00+00:00,2026-04-29 17:00:00,2026-04-29 00:00:00,WTI Crude Futures,NYMEX,60m,1m,1,103.1999969,103.7799988,102.7399979,103.7399979,10745,USD,,,,,,europe_open,,Yahoo 1m history truncated by provider lookback window,,,,,,,,
2026-04-29 12:30:00+00:00,2026-04-29 18:00:00,2026-04-29 00:00:00,WTI Crude Futures,NYMEX,60m,1m,1,103.75,104.6299973,103.0500031,104.5400009,27924,USD,,,,,,europe_mid,,Yahoo 1m history truncated by provider lookback window,,,,,,,,
2026-04-29 13:30:00+00:00,2026-04-29 19:00:00,2026-04-29 00:00:00,WTI Crude Futures,NYMEX,60m,1m,1,104.5500031,105.25,104.3899994,104.7399979,27064,USD,,,,,,europe_mid,,Yahoo 1m history truncated by provider lookback window,,,,,,,,
2026-04-29 14:30:00+00:00,2026-04-29 20:00:00,2026-04-29 00:00:00,WTI Crude Futures,NYMEX,60m,1m,1,104.7200012,105.6399994,104.4700012,105.5400009,28296,USD,,,,,,us_pre_open,,Yahoo 1m history truncated by provider lookback window,,,,,,,,
2026-04-29 15:30:00+00:00,2026-04-29 21:00:00,2026-04-29 00:00:00,WTI Crude Futures,NYMEX,60m,1m,1,105.5400009,107.0400009,105.4100037,106.6900024,37603,USD,,,,,,us_open,first_30m_after_us_open,Yahoo 1m history truncated by provider lookback window,,,,,,,,
2026-04-29 16:30:00+00:00,2026-04-29 22:00:00,2026-04-29 00:00:00,WTI Crude Futures,NYMEX,60m,1m,1,106.7200012,107.6800003,106.5199966,106.8099976,28116,USD,,,,,,us_open,,Yahoo 1m history truncated by provider lookback window,,,,,,,,
2026-04-29 17:30:00+00:00,2026-04-29 23:00:00,2026-04-29 00:00:00,WTI Crude Futures,NYMEX,60m,1m,1,106.8000031,107.2099991,106.2699966,106.9800034,34932,USD,,,,,,us_late,us_late_reversal_window,Yahoo 1m history truncated by provider lookback window,,,,,,,,
2026-04-29 18:30:00+00:00,2026-04-30 00:00:00,2026-04-29 00:00:00,WTI Crude Futures,NYMEX,60m,1m,1,106.9899979,107.5699997,106.6900024,107.5400009,11744,USD,,,,,,us_late,final_hour_of_session_if_identifiable,Yahoo 1m history truncated by provider lookback window,,,,,,,,
2026-04-29 19:30:00+00:00,2026-04-30 01:00:00,2026-04-29 00:00:00,WTI Crude Futures,NYMEX,60m,1m,1,107.5500031,108.4899979,107.5299988,107.9400024,10145,USD,,,,,,us_late,,Yahoo 1m history truncated by provider lookback window,,,,,,,,
2026-04-29 20:30:00+00:00,2026-04-30 02:00:00,2026-04-29 00:00:00,WTI Crude Futures,NYMEX,60m,1m,1,107.9300003,108.5999985,107.8499985,108.4899979,2063,USD,,,,,,other_valid_hours,,Yahoo 1m history truncated by provider lookback window | Partial 1m coverage used for 60m bucket because no fuller finer bucket was available,,,,,,,,
2026-04-29 22:00:00+00:00,2026-04-30 03:00:00,2026-04-30 00:00:00,WTI Crude Futures,NYMEX,60m,60m,60,109.0699997,109.6399994,107.5800018,108.4100037,0,USD,,,,,,other_valid_hours,,Yahoo 60m history truncated by provider lookback window,,,,,,,,
2026-04-29 22:30:00+00:00,2026-04-30 04:00:00,2026-04-30 00:00:00,WTI Crude Futures,NYMEX,60m,1m,1,108.4300003,108.8600006,108.1699982,108.1999969,1881,USD,,,,,,asia_early,,Yahoo 1m history truncated by provider lookback window,,,,,,,,
2026-04-29 23:30:00+00:00,2026-04-30 05:00:00,2026-04-30 00:00:00,WTI Crude Futures,NYMEX,60m,1m,1,108.1699982,108.2399979,106.4499969,106.9800034,7068,USD,,,,,,asia_early,,Yahoo 1m history truncated by provider lookback window,,,,,,,,
2026-04-30 00:30:00+00:00,2026-04-30 06:00:00,2026-04-30 00:00:00,WTI Crude Futures,NYMEX,60m,1m,1,107.0,107.6600037,106.9100037,107.3000031,3625,USD,,,,,,asia_early,,Yahoo 1m history truncated by provider lookback window,,,,,,,,
2026-04-30 01:30:00+00:00,2026-04-30 07:00:00,2026-04-30 00:00:00,WTI Crude Futures,NYMEX,60m,1m,1,107.3000031,108.5899963,107.1299973,108.4599991,4585,USD,,,,,,asia_early,,Yahoo 1m history truncated by provider lookback window,,,,,,,,
2026-04-30 02:30:00+00:00,2026-04-30 08:00:00,2026-04-30 00:00:00,WTI Crude Futures,NYMEX,60m,1m,1,108.4800034,109.5800018,108.1399994,109.0,8141,USD,,,,,,asia_early,,Yahoo 1m history truncated by provider lookback window,,,,,,,,
2026-04-30 03:30:00+00:00,2026-04-30 09:00:00,2026-04-30 00:00:00,WTI Crude Futures,NYMEX,60m,5m,5,109.0,110.2900009,108.7399979,109.9800034,6634,USD,,,,,,other_valid_hours,,Yahoo 5m history truncated by provider lookback window,,,,,,,,
2026-04-30 04:30:00+00:00,2026-04-30 10:00:00,2026-04-30 00:00:00,WTI Crude Futures,NYMEX,60m,1m,1,109.9800034,110.9300003,109.0400009,109.4800034,6374,USD,,,,,,other_valid_hours,,Yahoo 1m history truncated by provider lookback window,,,,,,,,
2026-04-30 05:30:00+00:00,2026-04-30 11:00:00,2026-04-30 00:00:00,WTI Crude Futures,NYMEX,60m,1m,1,109.4599991,110.3099976,108.8399963,110.1500015,5785,USD,,,,,,other_valid_hours,,Yahoo 1m history truncated by provider lookback window,,,,,,,,
2026-04-30 06:30:00+00:00,2026-04-30 12:00:00,2026-04-30 00:00:00,WTI Crude Futures,NYMEX,60m,1m,1,110.1399994,110.1399994,107.6399994,108.1999969,10486,USD,,,,,,other_valid_hours,,Yahoo 1m history truncated by provider lookback window,,,,,,,,
2026-04-30 07:30:00+00:00,2026-04-30 13:00:00,2026-04-30 00:00:00,WTI Crude Futures,NYMEX,60m,5m,5,108.1600037,108.6200027,107.7600021,107.8600006,6499,USD,,,,,,other_valid_hours,,Yahoo 5m history truncated by provider lookback window,,,,,,,,
2026-04-30 08:30:00+00:00,2026-04-30 14:00:00,2026-04-30 00:00:00,WTI Crude Futures,NYMEX,60m,1m,1,107.8799973,108.8700027,107.2099991,107.2200012,8056,USD,,,,,,other_valid_hours,,Yahoo 1m history truncated by provider lookback window,,,,,,,,
2026-04-30 09:30:00+00:00,2026-04-30 15:00:00,2026-04-30 00:00:00,WTI Crude Futures,NYMEX,60m,1m,1,107.2300034,107.4000015,106.1999969,106.8499985,12648,USD,,,,,,other_valid_hours,,Yahoo 1m history truncated by provider lookback window,,,,,,,,
2026-04-30 10:30:00+00:00,2026-04-30 16:00:00,2026-04-30 00:00:00,WTI Crude Futures,NYMEX,60m,1m,1,106.8499985,107.3099976,103.5,103.6999969,19768,USD,,,,,,europe_open,first_hour_after_europe_open,Yahoo 1m history truncated by provider lookback window,,,,,,,,
2026-04-30 11:30:00+00:00,2026-04-30 17:00:00,2026-04-30 00:00:00,WTI Crude Futures,NYMEX,60m,1m,1,103.6999969,105.1800003,103.6600037,104.8199997,21711,USD,,,,,,europe_open,,Yahoo 1m history truncated by provider lookback window,,,,,,,,
2026-04-30 12:30:00+00:00,2026-04-30 18:00:00,2026-04-30 00:00:00,WTI Crude Futures,NYMEX,60m,1m,1,104.8300018,105.8300018,103.8499985,104.6500015,21862,USD,,,,,,europe_mid,,Yahoo 1m history truncated by provider lookback window,,,,,,,,
2026-04-30 13:30:00+00:00,2026-04-30 19:00:00,2026-04-30 00:00:00,WTI Crude Futures,NYMEX,60m,1m,1,104.6600037,105.9800034,104.5999985,105.0800018,24172,USD,,,,,,europe_mid,,Yahoo 1m history truncated by provider lookback window,,,,,,,,
2026-04-30 14:30:00+00:00,2026-04-30 20:00:00,2026-04-30 00:00:00,WTI Crude Futures,NYMEX,60m,1m,1,105.0899963,106.6200027,104.0800018,104.4499969,44821,USD,,,,,,us_pre_open,,Yahoo 1m history truncated by provider lookback window,,,,,,,,
2026-04-30 15:30:00+00:00,2026-04-30 21:00:00,2026-04-30 00:00:00,WTI Crude Futures,NYMEX,60m,1m,1,104.4400024,104.8899994,103.5500031,104.6500015,25356,USD,,,,,,us_open,first_30m_after_us_open,Yahoo 1m history truncated by provider lookback window,,,,,,,,
2026-04-30 16:30:00+00:00,2026-04-30 22:00:00,2026-04-30 00:00:00,WTI Crude Futures,NYMEX,60m,1m,1,104.6500015,105.1699982,103.9000015,104.5199966,16565,USD,,,,,,us_open,,Yahoo 1m history truncated by provider lookback window,,,,,,,,
2026-04-30 17:30:00+00:00,2026-04-30 23:00:00,2026-04-30 00:00:00,WTI Crude Futures,NYMEX,60m,1m,1,104.5299988,105.3099976,103.3399963,105.1500015,36735,USD,,,,,,us_late,us_late_reversal_window,Yahoo 1m history truncated by provider lookback window,,,,,,,,
2026-04-30 18:30:00+00:00,2026-05-01 00:00:00,2026-04-30 00:00:00,WTI Crude Futures,NYMEX,60m,1m,1,105.1500015,105.5999985,104.6999969,104.8099976,11149,USD,,,,,,us_late,final_hour_of_session_if_identifiable,Yahoo 1m history truncated by provider lookback window,,,,,,,,
2026-04-30 19:30:00+00:00,2026-05-01 01:00:00,2026-04-30 00:00:00,WTI Crude Futures,NYMEX,60m,1m,1,104.8000031,106.0199966,104.7699966,105.5400009,7869,USD,,,,,,us_late,,Yahoo 1m history truncated by provider lookback window,,,,,,,,
2026-04-30 20:30:00+00:00,2026-05-01 02:00:00,2026-04-30 00:00:00,WTI Crude Futures,NYMEX,60m,1m,1,105.5299988,106.1500015,105.3600006,105.4100037,2089,USD,,,,,,other_valid_hours,,Yahoo 1m history truncated by provider lookback window | Partial 1m coverage used for 60m bucket because no fuller finer bucket was available,,,,,,,,
2026-04-30 22:00:00+00:00,2026-05-01 03:00:00,2026-05-01 00:00:00,WTI Crude Futures,NYMEX,60m,60m,60,105.1399994,105.9700012,105.0599976,105.6900024,0,USD,,,,,,other_valid_hours,,Yahoo 60m history truncated by provider lookback window,,,,,,,,
2026-04-30 22:30:00+00:00,2026-05-01 04:00:00,2026-05-01 00:00:00,WTI Crude Futures,NYMEX,60m,5m,5,105.7200012,105.9700012,105.5,105.7600021,1045,USD,,,,,,asia_early,,Yahoo 5m history truncated by provider lookback window,,,,,,,,
2026-04-30 23:30:00+00:00,2026-05-01 05:00:00,2026-05-01 00:00:00,WTI Crude Futures,NYMEX,60m,1m,1,105.7600021,106.0400009,105.3799973,105.5800018,2032,USD,,,,,,asia_early,,Yahoo 1m history truncated by provider lookback window,,,,,,,,
2026-05-01 00:30:00+00:00,2026-05-01 06:00:00,2026-05-01 00:00:00,WTI Crude Futures,NYMEX,60m,1m,1,105.6299973,106.0100021,105.4100037,105.6600037,2089,USD,,,,,,asia_early,,Yahoo 1m history truncated by provider lookback window,,,,,,,,
2026-05-01 01:30:00+00:00,2026-05-01 07:00:00,2026-05-01 00:00:00,WTI Crude Futures,NYMEX,60m,1m,1,105.6900024,105.9599991,105.0800018,105.8600006,2791,USD,,,,,,asia_early,,Yahoo 1m history truncated by provider lookback window,,,,,,,,
2026-05-01 02:30:00+00:00,2026-05-01 08:00:00,2026-05-01 00:00:00,WTI Crude Futures,NYMEX,60m,1m,1,105.8700027,106.3799973,105.3799973,105.6999969,2399,USD,,,,,,asia_early,,Yahoo 1m history truncated by provider lookback window,,,,,,,,
2026-05-01 03:30:00+00:00,2026-05-01 09:00:00,2026-05-01 00:00:00,WTI Crude Futures,NYMEX,60m,5m,5,105.6800003,105.7399979,105.1800003,105.3700027,1062,USD,,,,,,other_valid_hours,,Yahoo 5m history truncated by provider lookback window,,,,,,,,
2026-05-01 04:30:00+00:00,2026-05-01 10:00:00,2026-05-01 00:00:00,WTI Crude Futures,NYMEX,60m,1m,1,105.3700027,105.4000015,104.9800034,105.1699982,1592,USD,,,,,,other_valid_hours,,Yahoo 1m history truncated by provider lookback window,,,,,,,,
2026-05-01 05:30:00+00:00,2026-05-01 11:00:00,2026-05-01 00:00:00,WTI Crude Futures,NYMEX,60m,1m,1,105.1900024,106.1200027,105.0,106.0199966,2530,USD,,,,,,other_valid_hours,,Yahoo 1m history truncated by provider lookback window,,,,,,,,
2026-05-01 06:30:00+00:00,2026-05-01 12:00:00,2026-05-01 00:00:00,WTI Crude Futures,NYMEX,60m,1m,1,106.0400009,106.6500015,104.1299973,104.5899963,8078,USD,,,,,,other_valid_hours,,Yahoo 1m history truncated by provider lookback window,,,,,,,,
2026-05-01 07:30:00+00:00,2026-05-01 13:00:00,2026-05-01 00:00:00,WTI Crude Futures,NYMEX,60m,1m,1,104.6500015,105.7399979,104.5100021,105.1100006,7166,USD,,,,,,other_valid_hours,,Yahoo 1m history truncated by provider lookback window,,,,,,,,
2026-05-01 08:30:00+00:00,2026-05-01 14:00:00,2026-05-01 00:00:00,WTI Crude Futures,NYMEX,60m,1m,1,105.1200027,106.1699982,105.1200027,105.8000031,4939,USD,,,,,,other_valid_hours,,Yahoo 1m history truncated by provider lookback window,,,,,,,,
2026-05-01 09:30:00+00:00,2026-05-01 15:00:00,2026-05-01 00:00:00,WTI Crude Futures,NYMEX,60m,1m,1,105.8300018,105.9100037,105.2099991,105.4000015,3546,USD,,,,,,other_valid_hours,,Yahoo 1m history truncated by provider lookback window,,,,,,,,
2026-05-01 10:30:00+00:00,2026-05-01 16:00:00,2026-05-01 00:00:00,WTI Crude Futures,NYMEX,60m,1m,1,105.4100037,105.7200012,104.2600021,104.4800034,7116,USD,,,,,,europe_open,first_hour_after_europe_open,Yahoo 1m history truncated by provider lookback window,,,,,,,,
2026-05-01 11:30:00+00:00,2026-05-01 17:00:00,2026-05-01 00:00:00,WTI Crude Futures,NYMEX,60m,1m,1,104.5,104.5199966,102.2099991,102.8199997,19636,USD,,,,,,europe_open,,Yahoo 1m history truncated by provider lookback window,,,,,,,,
2026-05-01 12:30:00+00:00,2026-05-01 18:00:00,2026-05-01 00:00:00,WTI Crude Futures,NYMEX,60m,1m,1,102.8300018,104.0299988,102.5100021,102.6399994,18073,USD,,,,,,europe_mid,,Yahoo 1m history truncated by provider lookback window,,,,,,,,
2026-05-01 13:30:00+00:00,2026-05-01 19:00:00,2026-05-01 00:00:00,WTI Crude Futures,NYMEX,60m,1m,1,102.6100006,102.9300003,99.30000305,100.6600037,43961,USD,,,,,,europe_mid,,Yahoo 1m history truncated by provider lookback window,,,,,,,,
2026-05-01 14:30:00+00:00,2026-05-01 20:00:00,2026-05-01 00:00:00,WTI Crude Futures,NYMEX,60m,1m,1,100.6699982,102.4800034,100.5400009,102.0599976,22076,USD,,,,,,us_pre_open,,Yahoo 1m history truncated by provider lookback window,,,,,,,,
2026-05-01 15:30:00+00:00,2026-05-01 21:00:00,2026-05-01 00:00:00,WTI Crude Futures,NYMEX,60m,1m,1,102.0299988,102.5899963,100.7099991,102.5299988,28321,USD,,,,,,us_open,first_30m_after_us_open,Yahoo 1m history truncated by provider lookback window,,,,,,,,
2026-05-01 16:30:00+00:00,2026-05-01 22:00:00,2026-05-01 00:00:00,WTI Crude Futures,NYMEX,60m,1m,1,102.5500031,102.5800018,101.3700027,101.6200027,16114,USD,,,,,,us_open,,Yahoo 1m history truncated by provider lookback window,,,,,,,,
2026-05-01 17:30:00+00:00,2026-05-01 23:00:00,2026-05-01 00:00:00,WTI Crude Futures,NYMEX,60m,1m,1,101.6200027,102.1699982,101.1399994,101.8399963,30658,USD,,,,,,us_late,us_late_reversal_window,Yahoo 1m history truncated by provider lookback window,,,,,,,,
2026-05-01 18:30:00+00:00,2026-05-02 00:00:00,2026-05-01 00:00:00,WTI Crude Futures,NYMEX,60m,1m,1,101.8499985,102.7099991,101.7900009,102.0400009,9015,USD,,,,,,us_late,final_hour_of_session_if_identifiable,Yahoo 1m history truncated by provider lookback window,,,,,,,,
2026-05-01 19:30:00+00:00,2026-05-02 01:00:00,2026-05-01 00:00:00,WTI Crude Futures,NYMEX,60m,1m,1,102.0400009,102.6900024,101.8199997,102.5100021,4563,USD,,,,,,us_late,,Yahoo 1m history truncated by provider lookback window,,,,,,,,
2026-05-01 20:30:00+00:00,2026-05-02 02:00:00,2026-05-01 00:00:00,WTI Crude Futures,NYMEX,60m,1m,1,102.5100021,102.75,101.9400024,101.9400024,2473,USD,,,,,,other_valid_hours,,Yahoo 1m history truncated by provider lookback window | Partial 1m coverage used for 60m bucket because no fuller finer bucket was available,,,,,,,,
2026-05-03 22:00:00+00:00,2026-05-04 03:00:00,2026-05-04 00:00:00,WTI Crude Futures,NYMEX,60m,60m,60,100.1900024,101.5800018,100.0299988,101.0599976,5552,USD,,,,,,other_valid_hours,,Yahoo 60m history truncated by provider lookback window,,,,,,,,
2026-05-03 22:30:00+00:00,2026-05-04 04:00:00,2026-05-04 00:00:00,WTI Crude Futures,NYMEX,60m,1m,1,101.2600021,101.5500031,100.8600006,101.5500031,2671,USD,,,,,,asia_early,,Yahoo 1m history truncated by provider lookback window,,,,,,,,
2026-05-03 23:30:00+00:00,2026-05-04 05:00:00,2026-05-04 00:00:00,WTI Crude Futures,NYMEX,60m,1m,1,101.5299988,102.3300018,101.2099991,102.1699982,3433,USD,,,,,,asia_early,,Yahoo 1m history truncated by provider lookback window,,,,,,,,
2026-05-04 00:30:00+00:00,2026-05-04 06:00:00,2026-05-04 00:00:00,WTI Crude Futures,NYMEX,60m,1m,1,102.1699982,102.1699982,101.0599976,101.9400024,4033,USD,,,,,,asia_early,,Yahoo 1m history truncated by provider lookback window,,,,,,,,
2026-05-04 01:30:00+00:00,2026-05-04 07:00:00,2026-05-04 00:00:00,WTI Crude Futures,NYMEX,60m,1m,1,101.9300003,102.0999985,101.3899994,102.0199966,1767,USD,,,,,,asia_early,,Yahoo 1m history truncated by provider lookback window,,,,,,,,
2026-05-04 02:30:00+00:00,2026-05-04 08:00:00,2026-05-04 00:00:00,WTI Crude Futures,NYMEX,60m,5m,5,102.0199966,102.0299988,101.7300034,101.8499985,868,USD,,,,,,asia_early,,Yahoo 5m history truncated by provider lookback window,,,,,,,,
2026-05-04 03:30:00+00:00,2026-05-04 09:00:00,2026-05-04 00:00:00,WTI Crude Futures,NYMEX,60m,5m,5,101.8300018,102.1999969,101.1200027,101.6299973,2497,USD,,,,,,other_valid_hours,,Yahoo 5m history truncated by provider lookback window,,,,,,,,
2026-05-04 04:30:00+00:00,2026-05-04 10:00:00,2026-05-04 00:00:00,WTI Crude Futures,NYMEX,60m,5m,5,101.6299973,101.8099976,100.1200027,101.1200027,3472,USD,,,,,,other_valid_hours,,Yahoo 5m history truncated by provider lookback window,,,,,,,,
2026-05-04 05:30:00+00:00,2026-05-04 11:00:00,2026-05-04 00:00:00,WTI Crude Futures,NYMEX,60m,1m,1,101.1200027,101.7399979,100.8099976,101.5699997,2914,USD,,,,,,other_valid_hours,,Yahoo 1m history truncated by provider lookback window,,,,,,,,
2026-05-04 06:30:00+00:00,2026-05-04 12:00:00,2026-05-04 00:00:00,WTI Crude Futures,NYMEX,60m,1m,1,101.5599976,103.0899963,101.3899994,102.6600037,6820,USD,,,,,,other_valid_hours,,Yahoo 1m history truncated by provider lookback window,,,,,,,,
2026-05-04 07:30:00+00:00,2026-05-04 13:00:00,2026-05-04 00:00:00,WTI Crude Futures,NYMEX,60m,1m,1,102.6900024,104.5400009,102.6399994,103.6900024,8780,USD,,,,,,other_valid_hours,,Yahoo 1m history truncated by provider lookback window,,,,,,,,
2026-05-04 08:30:00+00:00,2026-05-04 14:00:00,2026-05-04 00:00:00,WTI Crude Futures,NYMEX,60m,1m,1,103.6699982,103.6900024,102.6100006,103.2099991,4578,USD,,,,,,other_valid_hours,,Yahoo 1m history truncated by provider lookback window,,,,,,,,
2026-05-04 09:30:00+00:00,2026-05-04 15:00:00,2026-05-04 00:00:00,WTI Crude Futures,NYMEX,60m,1m,1,103.2099991,107.4599991,102.7399979,106.9000015,22429,USD,,,,,,other_valid_hours,,Yahoo 1m history truncated by provider lookback window,,,,,,,,
2026-05-04 10:30:00+00:00,2026-05-04 16:00:00,2026-05-04 00:00:00,WTI Crude Futures,NYMEX,60m,1m,1,106.9199982,107.1299973,104.6100006,105.1399994,16740,USD,,,,,,europe_open,first_hour_after_europe_open,Yahoo 1m history truncated by provider lookback window,,,,,,,,
2026-05-04 11:30:00+00:00,2026-05-04 17:00:00,2026-05-04 00:00:00,WTI Crude Futures,NYMEX,60m,1m,1,105.1600037,105.9300003,102.8899994,103.2300034,16338,USD,,,,,,europe_open,,Yahoo 1m history truncated by provider lookback window,,,,,,,,
2026-05-04 12:30:00+00:00,2026-05-04 18:00:00,2026-05-04 00:00:00,WTI Crude Futures,NYMEX,60m,1m,1,103.2600021,104.1800003,101.8300018,102.8000031,26711,USD,,,,,,europe_mid,,Yahoo 1m history truncated by provider lookback window,,,,,,,,
2026-05-04 13:30:00+00:00,2026-05-04 19:00:00,2026-05-04 00:00:00,WTI Crude Futures,NYMEX,60m,1m,1,102.7799988,102.9899979,101.4899979,102.2900009,26952,USD,,,,,,europe_mid,,Yahoo 1m history truncated by provider lookback window,,,,,,,,
2026-05-04 14:30:00+00:00,2026-05-04 20:00:00,2026-05-04 00:00:00,WTI Crude Futures,NYMEX,60m,1m,1,102.2900009,105.8499985,101.9899979,105.2399979,44254,USD,,,,,,us_pre_open,,Yahoo 1m history truncated by provider lookback window,,,,,,,,
2026-05-04 15:30:00+00:00,2026-05-04 21:00:00,2026-05-04 00:00:00,WTI Crude Futures,NYMEX,60m,1m,1,105.25,106.6399994,104.6900024,105.5500031,39572,USD,,,,,,us_open,first_30m_after_us_open,Yahoo 1m history truncated by provider lookback window,,,,,,,,
2026-05-04 16:30:00+00:00,2026-05-04 22:00:00,2026-05-04 00:00:00,WTI Crude Futures,NYMEX,60m,1m,1,105.5500031,106.4899979,104.9700012,105.0699997,24190,USD,,,,,,us_open,,Yahoo 1m history truncated by provider lookback window,,,,,,,,
2026-05-04 17:30:00+00:00,2026-05-04 23:00:00,2026-05-04 00:00:00,WTI Crude Futures,NYMEX,60m,1m,1,105.0800018,106.7600021,104.75,106.2799988,26734,USD,,,,,,us_late,us_late_reversal_window,Yahoo 1m history truncated by provider lookback window,,,,,,,,
2026-05-04 18:30:00+00:00,2026-05-05 00:00:00,2026-05-04 00:00:00,WTI Crude Futures,NYMEX,60m,1m,1,106.2699966,106.3899994,104.8099976,105.2099991,15094,USD,,,,,,us_late,final_hour_of_session_if_identifiable,Yahoo 1m history truncated by provider lookback window,,,,,,,,
2026-05-04 19:30:00+00:00,2026-05-05 01:00:00,2026-05-04 00:00:00,WTI Crude Futures,NYMEX,60m,1m,1,105.1699982,105.4199982,104.8099976,104.9000015,3988,USD,,,,,,us_late,,Yahoo 1m history truncated by provider lookback window,,,,,,,,
2026-05-04 20:30:00+00:00,2026-05-05 02:00:00,2026-05-04 00:00:00,WTI Crude Futures,NYMEX,60m,1m,1,104.8799973,105.2300034,104.6100006,105.1399994,1633,USD,,,,,,other_valid_hours,,Yahoo 1m history truncated by provider lookback window | Partial 1m coverage used for 60m bucket because no fuller finer bucket was available,,,,,,,,
2026-05-04 22:00:00+00:00,2026-05-05 03:00:00,2026-05-05 00:00:00,WTI Crude Futures,NYMEX,60m,60m,60,104.9300003,105.4800034,104.6699982,104.9100037,0,USD,,,,,,other_valid_hours,,Yahoo 60m history truncated by provider lookback window,,,,,,,,
2026-05-04 22:30:00+00:00,2026-05-05 04:00:00,2026-05-05 00:00:00,WTI Crude Futures,NYMEX,60m,5m,5,104.8000031,105.0299988,104.75,104.9000015,507,USD,,,,,,asia_early,,Yahoo 5m history truncated by provider lookback window,,,,,,,,
2026-05-04 23:30:00+00:00,2026-05-05 05:00:00,2026-05-05 00:00:00,WTI Crude Futures,NYMEX,60m,5m,5,104.9100037,105.1800003,104.5199966,105.0999985,1168,USD,,,,,,asia_early,,Yahoo 5m history truncated by provider lookback window,,,,,,,,
2026-05-05 00:30:00+00:00,2026-05-05 06:00:00,2026-05-05 00:00:00,WTI Crude Futures,NYMEX,60m,5m,5,105.0599976,105.25,104.6900024,104.8300018,1311,USD,,,,,,asia_early,,Yahoo 5m history truncated by provider lookback window,,,,,,,,
2026-05-05 01:30:00+00:00,2026-05-05 07:00:00,2026-05-05 00:00:00,WTI Crude Futures,NYMEX,60m,1m,1,104.8499985,104.9100037,104.1900024,104.4100037,1891,USD,,,,,,asia_early,,Yahoo 1m history truncated by provider lookback window,,,,,,,,
2026-05-05 02:30:00+00:00,2026-05-05 08:00:00,2026-05-05 00:00:00,WTI Crude Futures,NYMEX,60m,5m,5,104.4300003,104.5,103.9199982,104.3300018,1843,USD,,,,,,asia_early,,Yahoo 5m history truncated by provider lookback window,,,,,,,,
2026-05-05 03:30:00+00:00,2026-05-05 09:00:00,2026-05-05 00:00:00,WTI Crude Futures,NYMEX,60m,5m,5,104.3499985,104.5199966,104.0100021,104.0999985,856,USD,,,,,,other_valid_hours,,Yahoo 5m history truncated by provider lookback window,,,,,,,,
2026-05-05 04:30:00+00:00,2026-05-05 10:00:00,2026-05-05 00:00:00,WTI Crude Futures,NYMEX,60m,1m,1,104.0999985,104.5800018,103.8499985,104.3799973,1874,USD,,,,,,other_valid_hours,,Yahoo 1m history truncated by provider lookback window,,,,,,,,
2026-05-05 05:30:00+00:00,2026-05-05 11:00:00,2026-05-05 00:00:00,WTI Crude Futures,NYMEX,60m,1m,1,104.3499985,105.3499985,103.9899979,105.0100021,2828,USD,,,,,,other_valid_hours,,Yahoo 1m history truncated by provider lookback window,,,,,,,,
2026-05-05 06:30:00+00:00,2026-05-05 12:00:00,2026-05-05 00:00:00,WTI Crude Futures,NYMEX,60m,1m,1,104.9899979,105.0299988,103.8799973,104.4100037,4619,USD,,,,,,other_valid_hours,,Yahoo 1m history truncated by provider lookback window,,,,,,,,
2026-05-05 07:30:00+00:00,2026-05-05 13:00:00,2026-05-05 00:00:00,WTI Crude Futures,NYMEX,60m,1m,1,104.4100037,104.8199997,103.1500015,103.9300003,8167,USD,,,,,,other_valid_hours,,Yahoo 1m history truncated by provider lookback window,,,,,,,,
2026-05-05 08:30:00+00:00,2026-05-05 14:00:00,2026-05-05 00:00:00,WTI Crude Futures,NYMEX,60m,1m,1,103.9199982,104.5,103.0800018,103.9100037,7138,USD,,,,,,other_valid_hours,,Yahoo 1m history truncated by provider lookback window,,,,,,,,
2026-05-05 09:30:00+00:00,2026-05-05 15:00:00,2026-05-05 00:00:00,WTI Crude Futures,NYMEX,60m,1m,1,103.9100037,104.3700027,103.7200012,104.0999985,3569,USD,,,,,,other_valid_hours,,Yahoo 1m history truncated by provider lookback window,,,,,,,,
2026-05-05 10:30:00+00:00,2026-05-05 16:00:00,2026-05-05 00:00:00,WTI Crude Futures,NYMEX,60m,1m,1,104.0899963,105.0899963,103.5,104.2099991,8170,USD,,,,,,europe_open,first_hour_after_europe_open,Yahoo 1m history truncated by provider lookback window,,,,,,,,
2026-05-05 11:30:00+00:00,2026-05-05 17:00:00,2026-05-05 00:00:00,WTI Crude Futures,NYMEX,60m,1m,1,104.2300034,104.3600006,102.7099991,102.8499985,13517,USD,,,,,,europe_open,,Yahoo 1m history truncated by provider lookback window,,,,,,,,
2026-05-05 12:30:00+00:00,2026-05-05 18:00:00,2026-05-05 00:00:00,WTI Crude Futures,NYMEX,60m,1m,1,102.8399963,103.3700027,102.0400009,102.4599991,17163,USD,,,,,,europe_mid,,Yahoo 1m history truncated by provider lookback window,,,,,,,,
2026-05-05 13:30:00+00:00,2026-05-05 19:00:00,2026-05-05 00:00:00,WTI Crude Futures,NYMEX,60m,1m,1,102.4300003,103.0,101.0800018,101.8600006,36891,USD,,,,,,europe_mid,,Yahoo 1m history truncated by provider lookback window,,,,,,,,
2026-05-05 14:30:00+00:00,2026-05-05 20:00:00,2026-05-05 00:00:00,WTI Crude Futures,NYMEX,60m,1m,1,101.8799973,102.6299973,101.5,101.9599991,21032,USD,,,,,,us_pre_open,,Yahoo 1m history truncated by provider lookback window,,,,,,,,
2026-05-05 15:30:00+00:00,2026-05-05 21:00:00,2026-05-05 00:00:00,WTI Crude Futures,NYMEX,60m,1m,1,101.9700012,102.3799973,101.2799988,102.1600037,16903,USD,,,,,,us_open,first_30m_after_us_open,Yahoo 1m history truncated by provider lookback window,,,,,,,,
2026-05-05 16:30:00+00:00,2026-05-05 22:00:00,2026-05-05 00:00:00,WTI Crude Futures,NYMEX,60m,1m,1,102.1500015,102.4199982,101.6299973,101.7399979,12909,USD,,,,,,us_open,,Yahoo 1m history truncated by provider lookback window,,,,,,,,
2026-05-05 17:30:00+00:00,2026-05-05 23:00:00,2026-05-05 00:00:00,WTI Crude Futures,NYMEX,60m,1m,1,101.7399979,102.6299973,101.4499969,102.1600037,25988,USD,,,,,,us_late,us_late_reversal_window,Yahoo 1m history truncated by provider lookback window,,,,,,,,
2026-05-05 18:30:00+00:00,2026-05-06 00:00:00,2026-05-05 00:00:00,WTI Crude Futures,NYMEX,60m,1m,1,102.1699982,102.5599976,101.9700012,102.5500031,7898,USD,,,,,,us_late,final_hour_of_session_if_identifiable,Yahoo 1m history truncated by provider lookback window,,,,,,,,
2026-05-05 19:30:00+00:00,2026-05-06 01:00:00,2026-05-05 00:00:00,WTI Crude Futures,NYMEX,60m,1m,1,102.5599976,102.9100037,102.5100021,102.6399994,6839,USD,,,,,,us_late,,Yahoo 1m history truncated by provider lookback window,,,,,,,,
2026-05-05 20:30:00+00:00,2026-05-06 02:00:00,2026-05-05 00:00:00,WTI Crude Futures,NYMEX,60m,1m,1,102.6399994,102.75,102.3600006,102.6800003,2411,USD,,,,,,other_valid_hours,,Yahoo 1m history truncated by provider lookback window | Partial 1m coverage used for 60m bucket because no fuller finer bucket was available,,,,,,,,
2026-05-05 22:00:00+00:00,2026-05-06 03:00:00,2026-05-06 00:00:00,WTI Crude Futures,NYMEX,60m,60m,60,102.6999969,102.6999969,99.12000275,101.0299988,0,USD,,,,,,other_valid_hours,,Yahoo 60m history truncated by provider lookback window,,,,,,,,
2026-05-05 22:30:00+00:00,2026-05-06 04:00:00,2026-05-06 00:00:00,WTI Crude Futures,NYMEX,60m,1m,1,102.4800034,102.5299988,99.12000275,100.0699997,9965,USD,,,,,,asia_early,,Yahoo 1m history truncated by provider lookback window,,,,,,,,
2026-05-05 23:30:00+00:00,2026-05-06 05:00:00,2026-05-06 00:00:00,WTI Crude Futures,NYMEX,60m,1m,1,100.0999985,101.4100037,99.61000061,101.25,7168,USD,,,,,,asia_early,,Yahoo 1m history truncated by provider lookback window,,,,,,,,
2026-05-06 00:30:00+00:00,2026-05-06 06:00:00,2026-05-06 00:00:00,WTI Crude Futures,NYMEX,60m,1m,1,101.25,101.3499985,100.3499985,100.9599991,4561,USD,,,,,,asia_early,,Yahoo 1m history truncated by provider lookback window,,,,,,,,
2026-05-06 01:30:00+00:00,2026-05-06 07:00:00,2026-05-06 00:00:00,WTI Crude Futures,NYMEX,60m,1m,1,100.9499969,100.9800034,100.1100006,100.6100006,3034,USD,,,,,,asia_early,,Yahoo 1m history truncated by provider lookback window,,,,,,,,
2026-05-06 02:30:00+00:00,2026-05-06 08:00:00,2026-05-06 00:00:00,WTI Crude Futures,NYMEX,60m,1m,1,100.6299973,100.9800034,100.5599976,100.9300003,1272,USD,,,,,,asia_early,,Yahoo 1m history truncated by provider lookback window,,,,,,,,
2026-05-06 03:30:00+00:00,2026-05-06 09:00:00,2026-05-06 00:00:00,WTI Crude Futures,NYMEX,60m,5m,5,100.9300003,100.9400024,100.3199997,100.3600006,1609,USD,,,,,,other_valid_hours,,Yahoo 5m history truncated by provider lookback window,,,,,,,,
2026-05-06 04:30:00+00:00,2026-05-06 10:00:00,2026-05-06 00:00:00,WTI Crude Futures,NYMEX,60m,1m,1,100.3700027,101.3700027,100.2099991,100.9499969,2265,USD,,,,,,other_valid_hours,,Yahoo 1m history truncated by provider lookback window,,,,,,,,
2026-05-06 05:30:00+00:00,2026-05-06 11:00:00,2026-05-06 00:00:00,WTI Crude Futures,NYMEX,60m,1m,1,100.9400024,101.0800018,99.73999786,100.4100037,3873,USD,,,,,,other_valid_hours,,Yahoo 1m history truncated by provider lookback window,,,,,,,,
2026-05-06 06:30:00+00:00,2026-05-06 12:00:00,2026-05-06 00:00:00,WTI Crude Futures,NYMEX,60m,1m,1,100.4400024,101.3000031,100.2200012,100.3499985,5011,USD,,,,,,other_valid_hours,,Yahoo 1m history truncated by provider lookback window,,,,,,,,
2026-05-06 07:30:00+00:00,2026-05-06 13:00:00,2026-05-06 00:00:00,WTI Crude Futures,NYMEX,60m,1m,1,100.3399963,100.75,97.58999634,99.01999664,17831,USD,,,,,,other_valid_hours,,Yahoo 1m history truncated by provider lookback window,,,,,,,,
2026-05-06 08:30:00+00:00,2026-05-06 14:00:00,2026-05-06 00:00:00,WTI Crude Futures,NYMEX,60m,1m,1,99.04000092,99.06999969,94.31999969,95.37999725,28019,USD,,,,,,other_valid_hours,,Yahoo 1m history truncated by provider lookback window,,,,,,,,
2026-05-06 09:30:00+00:00,2026-05-06 15:00:00,2026-05-06 00:00:00,WTI Crude Futures,NYMEX,60m,1m,1,95.37999725,95.58000183,92.09999847,93.01000214,29363,USD,,,,,,other_valid_hours,,Yahoo 1m history truncated by provider lookback window,,,,,,,,
2026-05-06 10:30:00+00:00,2026-05-06 16:00:00,2026-05-06 00:00:00,WTI Crude Futures,NYMEX,60m,1m,1,93.0,93.01000214,88.66000366,90.51000214,45458,USD,,,,,,europe_open,first_hour_after_europe_open,Yahoo 1m history truncated by provider lookback window,,,,,,,,
2026-05-06 11:30:00+00:00,2026-05-06 17:00:00,2026-05-06 00:00:00,WTI Crude Futures,NYMEX,60m,1m,1,90.48999786,96.09999847,90.26000214,94.13999939,46511,USD,,,,,,europe_open,,Yahoo 1m history truncated by provider lookback window,,,,,,,,
2026-05-06 12:30:00+00:00,2026-05-06 18:00:00,2026-05-06 00:00:00,WTI Crude Futures,NYMEX,60m,1m,1,94.12999725,96.80000305,94.01999664,96.27999878,31388,USD,,,,,,europe_mid,,Yahoo 1m history truncated by provider lookback window,,,,,,,,
2026-05-06 13:30:00+00:00,2026-05-06 19:00:00,2026-05-06 00:00:00,WTI Crude Futures,NYMEX,60m,1m,1,96.27999878,97.33000183,94.87000275,95.62999725,34550,USD,,,,,,europe_mid,,Yahoo 1m history truncated by provider lookback window,,,,,,,,
2026-05-06 14:30:00+00:00,2026-05-06 20:00:00,2026-05-06 00:00:00,WTI Crude Futures,NYMEX,60m,1m,1,95.62999725,96.11000061,94.48000336,95.0,26192,USD,,,,,,us_pre_open,,Yahoo 1m history truncated by provider lookback window,,,,,,,,
2026-05-06 15:30:00+00:00,2026-05-06 21:00:00,2026-05-06 00:00:00,WTI Crude Futures,NYMEX,60m,1m,1,95.0,95.72000122,94.62000275,94.84999847,19006,USD,,,,,,us_open,first_30m_after_us_open,Yahoo 1m history truncated by provider lookback window,,,,,,,,
2026-05-06 16:30:00+00:00,2026-05-06 22:00:00,2026-05-06 00:00:00,WTI Crude Futures,NYMEX,60m,1m,1,94.86000061,96.34999847,94.56999969,95.23999786,19525,USD,,,,,,us_open,,Yahoo 1m history truncated by provider lookback window,,,,,,,,
2026-05-06 17:30:00+00:00,2026-05-06 23:00:00,2026-05-06 00:00:00,WTI Crude Futures,NYMEX,60m,1m,1,95.26999664,95.69000244,94.33000183,95.22000122,32664,USD,,,,,,us_late,us_late_reversal_window,Yahoo 1m history truncated by provider lookback window,,,,,,,,
2026-05-06 18:30:00+00:00,2026-05-07 00:00:00,2026-05-06 00:00:00,WTI Crude Futures,NYMEX,60m,1m,1,95.22000122,95.29000092,94.81999969,95.19000244,9231,USD,,,,,,us_late,final_hour_of_session_if_identifiable,Yahoo 1m history truncated by provider lookback window,,,,,,,,
2026-05-06 19:30:00+00:00,2026-05-07 01:00:00,2026-05-06 00:00:00,WTI Crude Futures,NYMEX,60m,1m,1,95.19999695,95.68000031,94.90000153,95.56999969,7196,USD,,,,,,us_late,,Yahoo 1m history truncated by provider lookback window,,,,,,,,
2026-05-06 20:30:00+00:00,2026-05-07 02:00:00,2026-05-06 00:00:00,WTI Crude Futures,NYMEX,60m,1m,1,95.56999969,96.37000275,95.41999817,96.20999908,6308,USD,,,,,,other_valid_hours,,Yahoo 1m history truncated by provider lookback window | Partial 1m coverage used for 60m bucket because no fuller finer bucket was available,,,,,,,,
2026-05-06 22:00:00+00:00,2026-05-07 03:00:00,2026-05-07 00:00:00,WTI Crude Futures,NYMEX,60m,60m,60,96.30000305,96.33000183,95.62000275,95.86000061,0,USD,,,,,,other_valid_hours,,Yahoo 60m history truncated by provider lookback window,,,,,,,,
2026-05-06 22:30:00+00:00,2026-05-07 04:00:00,2026-05-07 00:00:00,WTI Crude Futures,NYMEX,60m,1m,1,95.84999847,96.23999786,95.72000122,95.94999695,991,USD,,,,,,asia_early,,Yahoo 1m history truncated by provider lookback window,,,,,,,,
2026-05-06 23:30:00+00:00,2026-05-07 05:00:00,2026-05-07 00:00:00,WTI Crude Futures,NYMEX,60m,1m,1,95.94999695,96.48000336,95.73999786,96.22000122,2164,USD,,,,,,asia_early,,Yahoo 1m history truncated by provider lookback window,,,,,,,,
2026-05-07 00:30:00+00:00,2026-05-07 06:00:00,2026-05-07 00:00:00,WTI Crude Futures,NYMEX,60m,1m,1,96.23999786,96.44999695,95.59999847,95.63999939,2933,USD,,,,,,asia_early,,Yahoo 1m history truncated by provider lookback window,,,,,,,,
2026-05-07 01:30:00+00:00,2026-05-07 07:00:00,2026-05-07 00:00:00,WTI Crude Futures,NYMEX,60m,1m,1,95.66000366,95.83000183,94.83000183,95.62000275,3240,USD,,,,,,asia_early,,Yahoo 1m history truncated by provider lookback window,,,,,,,,
2026-05-07 02:30:00+00:00,2026-05-07 08:00:00,2026-05-07 00:00:00,WTI Crude Futures,NYMEX,60m,1m,1,95.62999725,95.94999695,95.47000122,95.87000275,1107,USD,,,,,,asia_early,,Yahoo 1m history truncated by provider lookback window,,,,,,,,
2026-05-07 03:30:00+00:00,2026-05-07 09:00:00,2026-05-07 00:00:00,WTI Crude Futures,NYMEX,60m,5m,5,95.90000153,95.93000031,95.34999847,95.72000122,812,USD,,,,,,other_valid_hours,,Yahoo 5m history truncated by provider lookback window,,,,,,,,
2026-05-07 04:30:00+00:00,2026-05-07 10:00:00,2026-05-07 00:00:00,WTI Crude Futures,NYMEX,60m,5m,5,95.72000122,95.83000183,95.5,95.66999817,1070,USD,,,,,,other_valid_hours,,Yahoo 5m history truncated by provider lookback window,,,,,,,,
2026-05-07 05:30:00+00:00,2026-05-07 11:00:00,2026-05-07 00:00:00,WTI Crude Futures,NYMEX,60m,15m,15,95.66000366,95.68000031,94.98000336,95.55000305,2042,USD,,,,,,other_valid_hours,,Yahoo 15m history truncated by provider lookback window,,,,,,,,
2026-05-07 06:30:00+00:00,2026-05-07 12:00:00,2026-05-07 00:00:00,WTI Crude Futures,NYMEX,60m,5m,5,95.08000183,95.44999695,91.91999817,92.80000305,18113,USD,,,,,,other_valid_hours,,Yahoo 5m history truncated by provider lookback window,,,,,,,,
2026-05-07 07:30:00+00:00,2026-05-07 13:00:00,2026-05-07 00:00:00,WTI Crude Futures,NYMEX,60m,5m,5,92.79000092,94.58999634,92.66000366,93.91000366,11576,USD,,,,,,other_valid_hours,,Yahoo 5m history truncated by provider lookback window,,,,,,,,
2026-05-07 08:30:00+00:00,2026-05-07 14:00:00,2026-05-07 00:00:00,WTI Crude Futures,NYMEX,60m,1m,1,93.90000153,93.93000031,92.45999908,92.47000122,6235,USD,,,,,,other_valid_hours,,Yahoo 1m history truncated by provider lookback window,,,,,,,,
2026-05-07 09:30:00+00:00,2026-05-07 15:00:00,2026-05-07 00:00:00,WTI Crude Futures,NYMEX,60m,1m,1,92.5,93.09999847,92.13999939,92.69999695,7379,USD,,,,,,other_valid_hours,,Yahoo 1m history truncated by provider lookback window,,,,,,,,
2026-05-07 10:30:00+00:00,2026-05-07 16:00:00,2026-05-07 00:00:00,WTI Crude Futures,NYMEX,60m,1m,1,92.68000031,93.33000183,91.33000183,91.70999908,10063,USD,,,,,,europe_open,first_hour_after_europe_open,Yahoo 1m history truncated by provider lookback window,,,,,,,,
2026-05-07 11:30:00+00:00,2026-05-07 17:00:00,2026-05-07 00:00:00,WTI Crude Futures,NYMEX,60m,1m,1,91.68000031,92.16000366,90.52999878,90.62000275,15058,USD,,,,,,europe_open,,Yahoo 1m history truncated by provider lookback window,,,,,,,,
2026-05-07 12:30:00+00:00,2026-05-07 18:00:00,2026-05-07 00:00:00,WTI Crude Futures,NYMEX,60m,1m,1,90.61000061,91.79000092,89.84999847,91.27999878,25998,USD,,,,,,europe_mid,,Yahoo 1m history truncated by provider lookback window,,,,,,,,
2026-05-07 13:30:00+00:00,2026-05-07 19:00:00,2026-05-07 00:00:00,WTI Crude Futures,NYMEX,60m,1m,1,91.30000305,92.69000244,90.30000305,90.95999908,28037,USD,,,,,,europe_mid,,Yahoo 1m history truncated by provider lookback window,,,,,,,,
2026-05-07 14:30:00+00:00,2026-05-07 20:00:00,2026-05-07 00:00:00,WTI Crude Futures,NYMEX,60m,1m,1,91.0,92.69999695,90.83999634,92.16999817,28567,USD,,,,,,us_pre_open,,Yahoo 1m history truncated by provider lookback window,,,,,,,,
2026-05-07 15:30:00+00:00,2026-05-07 21:00:00,2026-05-07 00:00:00,WTI Crude Futures,NYMEX,60m,1m,1,92.12999725,95.08000183,91.69000244,94.02999878,40424,USD,,,,,,us_open,first_30m_after_us_open,Yahoo 1m history truncated by provider lookback window,,,,,,,,
2026-05-07 16:30:00+00:00,2026-05-07 22:00:00,2026-05-07 00:00:00,WTI Crude Futures,NYMEX,60m,1m,1,94.02999878,97.45999908,93.94000244,97.0,47641,USD,,,,,,us_open,,Yahoo 1m history truncated by provider lookback window,,,,,,,,
2026-05-07 17:30:00+00:00,2026-05-07 23:00:00,2026-05-07 00:00:00,WTI Crude Futures,NYMEX,60m,1m,1,96.98999786,97.18000031,94.55999756,94.88999939,47195,USD,,,,,,us_late,us_late_reversal_window,Yahoo 1m history truncated by provider lookback window,,,,,,,,
2026-05-07 18:30:00+00:00,2026-05-08 00:00:00,2026-05-07 00:00:00,WTI Crude Futures,NYMEX,60m,1m,1,94.88999939,97.23000336,94.83999634,96.66000366,27882,USD,,,,,,us_late,final_hour_of_session_if_identifiable,Yahoo 1m history truncated by provider lookback window,,,,,,,,
2026-05-07 19:30:00+00:00,2026-05-08 01:00:00,2026-05-07 00:00:00,WTI Crude Futures,NYMEX,60m,1m,1,96.69000244,97.30000305,94.72000122,96.0,15661,USD,,,,,,us_late,,Yahoo 1m history truncated by provider lookback window,,,,,,,,
2026-05-07 20:30:00+00:00,2026-05-08 02:00:00,2026-05-07 00:00:00,WTI Crude Futures,NYMEX,60m,1m,1,95.98999786,97.98999786,95.84999847,97.66000366,7173,USD,,,,,,other_valid_hours,,Yahoo 1m history truncated by provider lookback window | Partial 1m coverage used for 60m bucket because no fuller finer bucket was available,,,,,,,,
2026-05-07 22:00:00+00:00,2026-05-08 03:00:00,2026-05-08 00:00:00,WTI Crude Futures,NYMEX,60m,60m,60,98.25,98.63999939,96.12000275,97.26999664,0,USD,,,,,,other_valid_hours,,Yahoo 60m history truncated by provider lookback window,,,,,,,,
2026-05-07 22:30:00+00:00,2026-05-08 04:00:00,2026-05-08 00:00:00,WTI Crude Futures,NYMEX,60m,1m,1,96.87999725,97.73999786,96.69999695,96.93000031,3275,USD,,,,,,asia_early,,Yahoo 1m history truncated by provider lookback window,,,,,,,,
2026-05-07 23:30:00+00:00,2026-05-08 05:00:00,2026-05-08 00:00:00,WTI Crude Futures,NYMEX,60m,1m,1,96.95999908,97.30000305,96.40000153,97.08999634,2252,USD,,,,,,asia_early,,Yahoo 1m history truncated by provider lookback window,,,,,,,,
2026-05-08 00:30:00+00:00,2026-05-08 06:00:00,2026-05-08 00:00:00,WTI Crude Futures,NYMEX,60m,1m,1,97.09999847,97.09999847,95.51999664,95.77999878,3960,USD,,,,,,asia_early,,Yahoo 1m history truncated by provider lookback window,,,,,,,,
2026-05-08 01:30:00+00:00,2026-05-08 07:00:00,2026-05-08 00:00:00,WTI Crude Futures,NYMEX,60m,1m,1,95.76000214,96.12000275,95.72000122,95.91000366,2586,USD,,,,,,asia_early,,Yahoo 1m history truncated by provider lookback window,,,,,,,,
2026-05-08 02:30:00+00:00,2026-05-08 08:00:00,2026-05-08 00:00:00,WTI Crude Futures,NYMEX,60m,1m,1,95.91999817,96.47000122,95.08000183,95.68000031,3302,USD,,,,,,asia_early,,Yahoo 1m history truncated by provider lookback window,,,,,,,,
2026-05-08 03:30:00+00:00,2026-05-08 09:00:00,2026-05-08 00:00:00,WTI Crude Futures,NYMEX,60m,5m,5,95.66999817,96.48000336,95.36000061,96.27999878,1918,USD,,,,,,other_valid_hours,,Yahoo 5m history truncated by provider lookback window,,,,,,,,
2026-05-08 04:30:00+00:00,2026-05-08 10:00:00,2026-05-08 00:00:00,WTI Crude Futures,NYMEX,60m,1m,1,96.27999878,96.34999847,95.30999756,95.79000092,2088,USD,,,,,,other_valid_hours,,Yahoo 1m history truncated by provider lookback window,,,,,,,,
2026-05-08 05:30:00+00:00,2026-05-08 11:00:00,2026-05-08 00:00:00,WTI Crude Futures,NYMEX,60m,1m,1,95.80000305,95.83000183,94.15000153,94.62000275,4080,USD,,,,,,other_valid_hours,,Yahoo 1m history truncated by provider lookback window,,,,,,,,
2026-05-08 06:30:00+00:00,2026-05-08 12:00:00,2026-05-08 00:00:00,WTI Crude Futures,NYMEX,60m,1m,1,94.62000275,95.91000366,94.51000214,95.47000122,6257,USD,,,,,,other_valid_hours,,Yahoo 1m history truncated by provider lookback window,,,,,,,,
2026-05-08 07:30:00+00:00,2026-05-08 13:00:00,2026-05-08 00:00:00,WTI Crude Futures,NYMEX,60m,1m,1,95.48000336,95.62000275,94.37999725,94.44999695,5566,USD,,,,,,other_valid_hours,,Yahoo 1m history truncated by provider lookback window,,,,,,,,
2026-05-08 08:30:00+00:00,2026-05-08 14:00:00,2026-05-08 00:00:00,WTI Crude Futures,NYMEX,60m,1m,1,94.44000244,94.79000092,93.81999969,94.15000153,7452,USD,,,,,,other_valid_hours,,Yahoo 1m history truncated by provider lookback window,,,,,,,,
2026-05-08 09:30:00+00:00,2026-05-08 15:00:00,2026-05-08 00:00:00,WTI Crude Futures,NYMEX,60m,1m,1,94.13999939,95.38999939,94.06999969,94.66999817,6433,USD,,,,,,other_valid_hours,,Yahoo 1m history truncated by provider lookback window,,,,,,,,
2026-05-08 10:30:00+00:00,2026-05-08 16:00:00,2026-05-08 00:00:00,WTI Crude Futures,NYMEX,60m,1m,1,94.66999817,95.30000305,94.20999908,94.61000061,6011,USD,,,,,,europe_open,first_hour_after_europe_open,Yahoo 1m history truncated by provider lookback window,,,,,,,,
2026-05-08 11:30:00+00:00,2026-05-08 17:00:00,2026-05-08 00:00:00,WTI Crude Futures,NYMEX,60m,1m,1,94.59999847,95.33999634,94.59999847,95.08000183,7098,USD,,,,,,europe_open,,Yahoo 1m history truncated by provider lookback window,,,,,,,,
2026-05-08 12:30:00+00:00,2026-05-08 18:00:00,2026-05-08 00:00:00,WTI Crude Futures,NYMEX,60m,1m,1,95.16000366,95.62999725,93.91000366,94.16000366,17782,USD,,,,,,europe_mid,,Yahoo 1m history truncated by provider lookback window,,,,,,,,
2026-05-08 13:30:00+00:00,2026-05-08 19:00:00,2026-05-08 00:00:00,WTI Crude Futures,NYMEX,60m,1m,1,94.11000061,95.58999634,94.01000214,95.55000305,19646,USD,,,,,,europe_mid,,Yahoo 1m history truncated by provider lookback window,,,,,,,,
2026-05-08 14:30:00+00:00,2026-05-08 20:00:00,2026-05-08 00:00:00,WTI Crude Futures,NYMEX,60m,1m,1,95.55999756,96.12000275,94.75,95.62000275,21838,USD,,,,,,us_pre_open,,Yahoo 1m history truncated by provider lookback window,,,,,,,,
2026-05-08 15:30:00+00:00,2026-05-08 21:00:00,2026-05-08 00:00:00,WTI Crude Futures,NYMEX,60m,1m,1,95.61000061,96.12000275,95.19999695,95.62999725,24840,USD,,,,,,us_open,first_30m_after_us_open,Yahoo 1m history truncated by provider lookback window,,,,,,,,
2026-05-08 16:30:00+00:00,2026-05-08 22:00:00,2026-05-08 00:00:00,WTI Crude Futures,NYMEX,60m,1m,1,95.61000061,96.18000031,95.30999756,95.43000031,12904,USD,,,,,,us_open,,Yahoo 1m history truncated by provider lookback window,,,,,,,,
2026-05-08 17:30:00+00:00,2026-05-08 23:00:00,2026-05-08 00:00:00,WTI Crude Futures,NYMEX,60m,1m,1,95.43000031,95.77999878,94.58999634,95.38999939,31462,USD,,,,,,us_late,us_late_reversal_window,Yahoo 1m history truncated by provider lookback window,,,,,,,,
2026-05-10 22:00:00+00:00,2026-05-11 03:00:00,2026-05-11 00:00:00,WTI Crude Futures,NYMEX,60m,60m,60,97.97000122070312,98.41999816894533,97.6500015258789,98.29000091552734,3975,USD,,,,,,other_valid_hours,,Yahoo 60m history truncated by provider lookback window | Missing FX for INR conversion,,,,,,,,
2026-05-10 22:30:00+00:00,2026-05-11 04:00:00,2026-05-11 00:00:00,WTI Crude Futures,NYMEX,60m,1m,1,97.88999938964844,98.47000122070312,97.83999633789062,98.3499984741211,3449,USD,,,,,,global_reopen_pre_mcx,,Yahoo 1m history truncated by provider lookback window | Missing FX for INR conversion,,,,,,,,
2026-05-10 23:30:00+00:00,2026-05-11 05:00:00,2026-05-11 00:00:00,WTI Crude Futures,NYMEX,60m,1m,1,98.3499984741211,98.91999816894533,98.26000213623048,98.61000061035156,3633,USD,,,,,,global_reopen_pre_mcx,,Yahoo 1m history truncated by provider lookback window | Missing FX for INR conversion,,,,,,,,
2026-05-11 00:30:00+00:00,2026-05-11 06:00:00,2026-05-11 00:00:00,WTI Crude Futures,NYMEX,60m,1m,1,98.62000274658205,99.91000366210938,98.62000274658205,99.0199966430664,8148,USD,,,,,,global_reopen_pre_mcx,,Yahoo 1m history truncated by provider lookback window | Missing FX for INR conversion,,,,,,,,
2026-05-11 01:30:00+00:00,2026-05-11 07:00:00,2026-05-11 00:00:00,WTI Crude Futures,NYMEX,60m,1m,1,99.04000091552734,99.37000274658205,98.87999725341795,99.11000061035156,2636,USD,,,,,,global_reopen_pre_mcx,,Yahoo 1m history truncated by provider lookback window | Missing FX for INR conversion,,,,,,,,
2026-05-11 02:30:00+00:00,2026-05-11 08:00:00,2026-05-11 00:00:00,WTI Crude Futures,NYMEX,60m,1m,1,99.0999984741211,100.3099975585938,99.0500030517578,99.83999633789062,5545,USD,,,,,,global_reopen_pre_mcx,,Yahoo 1m history truncated by provider lookback window | Missing FX for INR conversion,,,,,,,,
2026-05-11 03:30:00+00:00,2026-05-11 09:00:00,2026-05-11 00:00:00,WTI Crude Futures,NYMEX,60m,5m,5,99.8499984741211,100.2799987792969,99.68000030517578,100.0999984741211,2022,USD,,,,,,mcx_open_drive,first_15m_after_mcx_open,Yahoo 5m history truncated by provider lookback window | Missing FX for INR conversion,,,,,,,,
2026-05-11 04:30:00+00:00,2026-05-11 10:00:00,2026-05-11 00:00:00,WTI Crude Futures,NYMEX,60m,1m,1,100.0999984741211,100.370002746582,99.83999633789062,100.0,2084,USD,,,,,,mcx_open_drive,,Yahoo 1m history truncated by provider lookback window | Missing FX for INR conversion,,,,,,,,
2026-05-11 05:30:00+00:00,2026-05-11 11:00:00,2026-05-11 00:00:00,WTI Crude Futures,NYMEX,60m,1m,1,100.0100021362305,100.1399993896484,99.62000274658205,99.8499984741211,2516,USD,,,,,,india_morning,,Yahoo 1m history truncated by provider lookback window | Missing FX for INR conversion,,,,,,,,
2026-05-11 06:30:00+00:00,2026-05-11 12:00:00,2026-05-11 00:00:00,WTI Crude Futures,NYMEX,60m,1m,1,99.83999633789062,99.8499984741211,98.70999908447266,98.97000122070312,6265,USD,,,,,,india_morning,,Yahoo 1m history truncated by provider lookback window | Missing FX for INR conversion,,,,,,,,
2026-05-11 07:30:00+00:00,2026-05-11 13:00:00,2026-05-11 00:00:00,WTI Crude Futures,NYMEX,60m,1m,1,98.95999908447266,99.11000061035156,96.91999816894533,97.5500030517578,10136,USD,,,,,,india_midday,,Yahoo 1m history truncated by provider lookback window | Missing FX for INR conversion,,,,,,,,
2026-05-11 08:30:00+00:00,2026-05-11 14:00:00,2026-05-11 00:00:00,WTI Crude Futures,NYMEX,60m,1m,1,97.5500030517578,97.87000274658205,97.33999633789062,97.66999816894533,4695,USD,,,,,,india_midday,,Yahoo 1m history truncated by provider lookback window | Missing FX for INR conversion,,,,,,,,
2026-05-11 09:30:00+00:00,2026-05-11 15:00:00,2026-05-11 00:00:00,WTI Crude Futures,NYMEX,60m,1m,1,97.66000366210938,98.11000061035156,97.27999877929688,97.69000244140624,5013,USD,,,,,,india_midday,,Yahoo 1m history truncated by provider lookback window | Missing FX for INR conversion,,,,,,,,
2026-05-11 10:30:00+00:00,2026-05-11 16:00:00,2026-05-11 00:00:00,WTI Crude Futures,NYMEX,60m,1m,1,97.68000030517578,98.05999755859376,97.4800033569336,97.91000366210938,2687,USD,,,,,,europe_open,first_hour_after_europe_open,Yahoo 1m history truncated by provider lookback window | Missing FX for INR conversion,,,,,,,,
2026-05-11 11:30:00+00:00,2026-05-11 17:00:00,2026-05-11 00:00:00,WTI Crude Futures,NYMEX,60m,1m,1,97.94000244140624,98.6999969482422,97.4800033569336,97.54000091552734,7022,USD,,,,,,europe_open,,Yahoo 1m history truncated by provider lookback window | Missing FX for INR conversion,,,,,,,,
2026-05-11 12:30:00+00:00,2026-05-11 18:00:00,2026-05-11 00:00:00,WTI Crude Futures,NYMEX,60m,1m,1,97.55999755859376,98.68000030517578,96.4000015258789,96.8499984741211,20753,USD,,,,,,europe_mid,,Yahoo 1m history truncated by provider lookback window | Missing FX for INR conversion,,,,,,,,
2026-05-11 13:30:00+00:00,2026-05-11 19:00:00,2026-05-11 00:00:00,WTI Crude Futures,NYMEX,60m,1m,1,96.83999633789062,97.31999969482422,96.12999725341795,97.27999877929688,20390,USD,,,,,,europe_mid,,Yahoo 1m history truncated by provider lookback window | Missing FX for INR conversion,,,,,,,,
2026-05-11 14:30:00+00:00,2026-05-11 20:00:00,2026-05-11 00:00:00,WTI Crude Futures,NYMEX,60m,1m,1,97.27999877929688,97.95999908447266,97.12000274658205,97.5,19795,USD,,,,,,us_pre_open,,Yahoo 1m history truncated by provider lookback window | Missing FX for INR conversion,,,,,,,,
2026-05-11 15:30:00+00:00,2026-05-11 21:00:00,2026-05-11 00:00:00,WTI Crude Futures,NYMEX,60m,1m,1,97.5,98.8000030517578,97.19000244140624,98.72000122070312,19131,USD,,,,,,us_open,first_30m_after_us_open,Yahoo 1m history truncated by provider lookback window | Missing FX for INR conversion,,,,,,,,
2026-05-11 16:30:00+00:00,2026-05-11 22:00:00,2026-05-11 00:00:00,WTI Crude Futures,NYMEX,60m,1m,1,98.7300033569336,99.83999633789062,98.4000015258789,98.63999938964844,19071,USD,,,,,,us_open,,Yahoo 1m history truncated by provider lookback window | Missing FX for INR conversion,,,,,,,,
2026-05-11 17:30:00+00:00,2026-05-11 23:00:00,2026-05-11 00:00:00,WTI Crude Futures,NYMEX,60m,1m,1,98.62999725341795,98.9000015258789,97.81999969482422,98.06999969482422,33042,USD,,,,,,mcx_tail,final_hour_before_mcx_close,Yahoo 1m history truncated by provider lookback window | Missing FX for INR conversion,,,,,,,,
2026-05-11 18:30:00+00:00,2026-05-12 00:00:00,2026-05-11 00:00:00,WTI Crude Futures,NYMEX,60m,1m,1,98.08000183105467,98.29000091552734,97.83999633789062,98.02999877929688,8383,USD,,,,,,other_valid_hours,,Yahoo 1m history truncated by provider lookback window | Missing FX for INR conversion,,,,,,,,
2026-05-11 19:30:00+00:00,2026-05-12 01:00:00,2026-05-11 00:00:00,WTI Crude Futures,NYMEX,60m,1m,1,98.02999877929688,98.9800033569336,97.91999816894533,98.26000213623048,6584,USD,,,,,,other_valid_hours,,Yahoo 1m history truncated by provider lookback window | Missing FX for INR conversion,,,,,,,,
2026-05-11 20:30:00+00:00,2026-05-12 02:00:00,2026-05-11 00:00:00,WTI Crude Futures,NYMEX,60m,1m,1,98.29000091552734,98.51000213623048,98.19000244140624,98.25,1533,USD,,,,,,other_valid_hours,,Yahoo 1m history truncated by provider lookback window | Missing FX for INR conversion | Partial 1m coverage used for 60m bucket because no fuller finer bucket was available,,,,,,,,
2026-05-11 22:00:00+00:00,2026-05-12 03:00:00,2026-05-12 00:00:00,WTI Crude Futures,NYMEX,60m,60m,60,98.38999938964844,98.4499969482422,98.0199966430664,98.23999786376952,0,USD,,,,,,other_valid_hours,,Yahoo 60m history truncated by provider lookback window | Missing FX for INR conversion,,,,,,,,
2026-05-11 22:30:00+00:00,2026-05-12 04:00:00,2026-05-12 00:00:00,WTI Crude Futures,NYMEX,60m,5m,5,98.1500015258789,98.27999877929688,98.04000091552734,98.1999969482422,634,USD,,,,,,global_reopen_pre_mcx,,Yahoo 5m history truncated by provider lookback window | Missing FX for INR conversion,,,,,,,,
2026-05-11 23:30:00+00:00,2026-05-12 05:00:00,2026-05-12 00:00:00,WTI Crude Futures,NYMEX,60m,5m,5,98.18000030517578,98.4800033569336,98.0,98.4499969482422,1646,USD,,,,,,global_reopen_pre_mcx,,Yahoo 5m history truncated by provider lookback window | Missing FX for INR conversion,,,,,,,,
2026-05-12 00:30:00+00:00,2026-05-12 06:00:00,2026-05-12 00:00:00,WTI Crude Futures,NYMEX,60m,1m,1,98.44000244140624,98.9000015258789,98.31999969482422,98.8000030517578,2503,USD,,,,,,global_reopen_pre_mcx,,Yahoo 1m history truncated by provider lookback window | Missing FX for INR conversion,,,,,,,,
2026-05-12 01:30:00+00:00,2026-05-12 07:00:00,2026-05-12 00:00:00,WTI Crude Futures,NYMEX,60m,5m,5,98.83000183105467,99.27999877929688,98.72000122070312,99.12000274658205,2642,USD,,,,,,global_reopen_pre_mcx,,Yahoo 5m history truncated by provider lookback window | Missing FX for INR conversion,,,,,,,,
2026-05-12 02:30:00+00:00,2026-05-12 08:00:00,2026-05-12 00:00:00,WTI Crude Futures,NYMEX,60m,5m,5,99.12999725341795,99.22000122070312,98.9499969482422,99.0500030517578,1102,USD,,,,,,global_reopen_pre_mcx,,Yahoo 5m history truncated by provider lookback window | Missing FX for INR conversion,,,,,,,,
2026-05-12 03:30:00+00:00,2026-05-12 09:00:00,2026-05-12 00:00:00,WTI Crude Futures,NYMEX,60m,5m,5,99.04000091552734,99.20999908447266,98.66999816894533,98.95999908447266,1691,USD,,,,,,mcx_open_drive,first_15m_after_mcx_open,Yahoo 5m history truncated by provider lookback window | Missing FX for INR conversion,,,,,,,,
2026-05-12 04:30:00+00:00,2026-05-12 10:00:00,2026-05-12 00:00:00,WTI Crude Futures,NYMEX,60m,5m,5,98.95999908447266,99.04000091552734,98.76000213623048,98.95999908447266,650,USD,,,,,,mcx_open_drive,,Yahoo 5m history truncated by provider lookback window | Missing FX for INR conversion,,,,,,,,
2026-05-12 05:30:00+00:00,2026-05-12 11:00:00,2026-05-12 00:00:00,WTI Crude Futures,NYMEX,60m,1m,1,98.95999908447266,99.79000091552734,98.83000183105467,99.45999908447266,4534,USD,,,,,,india_morning,,Yahoo 1m history truncated by provider lookback window | Missing FX for INR conversion,,,,,,,,
2026-05-12 06:30:00+00:00,2026-05-12 12:00:00,2026-05-12 00:00:00,WTI Crude Futures,NYMEX,60m,1m,1,99.47000122070312,100.7099990844727,99.41000366210938,100.370002746582,6986,USD,,,,,,india_morning,,Yahoo 1m history truncated by provider lookback window | Missing FX for INR conversion,,,,,,,,
2026-05-12 07:30:00+00:00,2026-05-12 13:00:00,2026-05-12 00:00:00,WTI Crude Futures,NYMEX,60m,1m,1,100.3499984741211,101.4700012207031,100.3000030517578,101.1800003051758,7218,USD,,,,,,india_midday,,Yahoo 1m history truncated by provider lookback window | Missing FX for INR conversion,,,,,,,,
2026-05-12 08:30:00+00:00,2026-05-12 14:00:00,2026-05-12 00:00:00,WTI Crude Futures,NYMEX,60m,1m,1,101.1800003051758,101.7600021362305,100.8099975585938,101.4700012207031,5799,USD,,,,,,india_midday,,Yahoo 1m history truncated by provider lookback window | Missing FX for INR conversion,,,,,,,,
2026-05-12 09:30:00+00:00,2026-05-12 15:00:00,2026-05-12 00:00:00,WTI Crude Futures,NYMEX,60m,1m,1,101.4800033569336,101.4800033569336,100.8199996948242,101.1100006103516,5213,USD,,,,,,india_midday,,Yahoo 1m history truncated by provider lookback window | Missing FX for INR conversion,,,,,,,,
2026-05-12 10:30:00+00:00,2026-05-12 16:00:00,2026-05-12 00:00:00,WTI Crude Futures,NYMEX,60m,1m,1,101.120002746582,102.0500030517578,101.0599975585938,101.2399978637695,6885,USD,,,,,,europe_open,first_hour_after_europe_open,Yahoo 1m history truncated by provider lookback window | Missing FX for INR conversion,,,,,,,,
2026-05-12 11:30:00+00:00,2026-05-12 17:00:00,2026-05-12 00:00:00,WTI Crude Futures,NYMEX,60m,1m,1,101.25,101.7600021362305,101.1500015258789,101.5400009155273,8241,USD,,,,,,europe_open,,Yahoo 1m history truncated by provider lookback window | Missing FX for INR conversion,,,,,,,,
2026-05-12 12:30:00+00:00,2026-05-12 18:00:00,2026-05-12 00:00:00,WTI Crude Futures,NYMEX,60m,1m,1,101.5599975585938,101.6800003051758,100.5999984741211,101.6500015258789,14477,USD,,,,,,europe_mid,,Yahoo 1m history truncated by provider lookback window | Missing FX for INR conversion,,,,,,,,
2026-05-12 13:30:00+00:00,2026-05-12 19:00:00,2026-05-12 00:00:00,WTI Crude Futures,NYMEX,60m,1m,1,101.6699981689453,102.129997253418,101.2900009155273,101.9700012207031,17208,USD,,,,,,europe_mid,,Yahoo 1m history truncated by provider lookback window | Missing FX for INR conversion,,,,,,,,
2026-05-12 14:30:00+00:00,2026-05-12 20:00:00,2026-05-12 00:00:00,WTI Crude Futures,NYMEX,60m,1m,1,101.9400024414062,102.2399978637695,101.5,101.9199981689453,20097,USD,,,,,,us_pre_open,,Yahoo 1m history truncated by provider lookback window | Missing FX for INR conversion,,,,,,,,
2026-05-12 15:30:00+00:00,2026-05-12 21:00:00,2026-05-12 00:00:00,WTI Crude Futures,NYMEX,60m,1m,1,101.9100036621094,101.9499969482422,101.1600036621094,101.7099990844727,14955,USD,,,,,,us_open,first_30m_after_us_open,Yahoo 1m history truncated by provider lookback window | Missing FX for INR conversion,,,,,,,,
2026-05-12 16:30:00+00:00,2026-05-12 22:00:00,2026-05-12 00:00:00,WTI Crude Futures,NYMEX,60m,1m,1,101.6999969482422,101.9700012207031,101.2399978637695,101.3600006103516,14099,USD,,,,,,us_open,,Yahoo 1m history truncated by provider lookback window | Missing FX for INR conversion,,,,,,,,
2026-05-12 17:30:00+00:00,2026-05-12 23:00:00,2026-05-12 00:00:00,WTI Crude Futures,NYMEX,60m,1m,1,101.3499984741211,102.6600036621094,101.2300033569336,102.3000030517578,39181,USD,,,,,,mcx_tail,final_hour_before_mcx_close,Yahoo 1m history truncated by provider lookback window | Missing FX for INR conversion,,,,,,,,
2026-05-12 18:30:00+00:00,2026-05-13 00:00:00,2026-05-12 00:00:00,WTI Crude Futures,NYMEX,60m,1m,1,102.2900009155273,102.7200012207031,102.2099990844727,102.2600021362305,9952,USD,,,,,,other_valid_hours,,Yahoo 1m history truncated by provider lookback window | Missing FX for INR conversion,,,,,,,,
2026-05-12 19:30:00+00:00,2026-05-13 01:00:00,2026-05-12 00:00:00,WTI Crude Futures,NYMEX,60m,1m,1,102.2799987792969,102.5,102.2200012207031,102.2799987792969,3986,USD,,,,,,other_valid_hours,,Yahoo 1m history truncated by provider lookback window | Missing FX for INR conversion,,,,,,,,
2026-05-12 20:30:00+00:00,2026-05-13 02:00:00,2026-05-12 00:00:00,WTI Crude Futures,NYMEX,60m,1m,1,102.2600021362305,102.3499984741211,101.9100036621094,102.0500030517578,2136,USD,,,,,,other_valid_hours,,Yahoo 1m history truncated by provider lookback window | Missing FX for INR conversion | Partial 1m coverage used for 60m bucket because no fuller finer bucket was available,,,,,,,,
2026-05-12 22:00:00+00:00,2026-05-13 03:00:00,2026-05-13 00:00:00,WTI Crude Futures,NYMEX,60m,60m,60,102.1600036621094,102.2699966430664,101.6999969482422,101.9300003051758,0,USD,,,,,,other_valid_hours,,Yahoo 60m history truncated by provider lookback window | Missing FX for INR conversion,,,,,,,,
2026-05-12 22:30:00+00:00,2026-05-13 04:00:00,2026-05-13 00:00:00,WTI Crude Futures,NYMEX,60m,5m,5,101.8300018310547,102.0599975585938,101.7799987792969,101.9499969482422,734,USD,,,,,,global_reopen_pre_mcx,,Yahoo 5m history truncated by provider lookback window | Missing FX for INR conversion,,,,,,,,
2026-05-12 23:30:00+00:00,2026-05-13 05:00:00,2026-05-13 00:00:00,WTI Crude Futures,NYMEX,60m,5m,5,101.9800033569336,102.129997253418,101.4400024414062,101.5299987792969,2372,USD,,,,,,global_reopen_pre_mcx,,Yahoo 5m history truncated by provider lookback window | Missing FX for INR conversion,,,,,,,,
2026-05-13 00:30:00+00:00,2026-05-13 06:00:00,2026-05-13 00:00:00,WTI Crude Futures,NYMEX,60m,1m,1,101.5199966430664,101.6999969482422,100.9300003051758,101.4800033569336,2813,USD,,,,,,global_reopen_pre_mcx,,Yahoo 1m history truncated by provider lookback window | Missing FX for INR conversion,,,,,,,,
2026-05-13 01:30:00+00:00,2026-05-13 07:00:00,2026-05-13 00:00:00,WTI Crude Futures,NYMEX,60m,5m,5,101.4499969482422,101.75,101.4400024414062,101.5599975585938,1009,USD,,,,,,global_reopen_pre_mcx,,Yahoo 5m history truncated by provider lookback window | Missing FX for INR conversion,,,,,,,,
2026-05-13 02:30:00+00:00,2026-05-13 08:00:00,2026-05-13 00:00:00,WTI Crude Futures,NYMEX,60m,5m,5,101.5599975585938,101.6500015258789,100.7699966430664,101.0500030517578,1937,USD,,,,,,global_reopen_pre_mcx,,Yahoo 5m history truncated by provider lookback window | Missing FX for INR conversion,,,,,,,,
2026-05-13 03:30:00+00:00,2026-05-13 09:00:00,2026-05-13 00:00:00,WTI Crude Futures,NYMEX,60m,5m,5,101.0599975585938,101.1800003051758,100.8399963378906,100.870002746582,803,USD,,,,,,mcx_open_drive,first_15m_after_mcx_open,Yahoo 5m history truncated by provider lookback window | Missing FX for INR conversion,,,,,,,,
2026-05-13 04:30:00+00:00,2026-05-13 10:00:00,2026-05-13 00:00:00,WTI Crude Futures,NYMEX,60m,5m,5,100.8899993896484,101.0,100.5800018310547,100.75,1253,USD,,,,,,mcx_open_drive,,Yahoo 5m history truncated by provider lookback window | Missing FX for INR conversion,,,,,,,,
2026-05-13 05:30:00+00:00,2026-05-13 11:00:00,2026-05-13 00:00:00,WTI Crude Futures,NYMEX,60m,5m,5,100.7399978637695,101.0599975585938,100.5599975585938,100.7699966430664,1972,USD,,,,,,india_morning,,Yahoo 5m history truncated by provider lookback window | Missing FX for INR conversion,,,,,,,,
2026-05-13 06:30:00+00:00,2026-05-13 12:00:00,2026-05-13 00:00:00,WTI Crude Futures,NYMEX,60m,1m,1,100.7399978637695,101.3499984741211,100.6500015258789,100.7699966430664,2984,USD,,,,,,india_morning,,Yahoo 1m history truncated by provider lookback window | Missing FX for INR conversion,,,,,,,,
2026-05-13 07:30:00+00:00,2026-05-13 13:00:00,2026-05-13 00:00:00,WTI Crude Futures,NYMEX,60m,1m,1,100.7799987792969,101.4300003051758,100.7200012207031,101.1999969482422,3987,USD,,,,,,india_midday,,Yahoo 1m history truncated by provider lookback window | Missing FX for INR conversion,,,,,,,,
2026-05-13 08:30:00+00:00,2026-05-13 14:00:00,2026-05-13 00:00:00,WTI Crude Futures,NYMEX,60m,1m,1,101.1900024414062,101.9800033569336,101.120002746582,101.4800033569336,3867,USD,,,,,,india_midday,,Yahoo 1m history truncated by provider lookback window | Missing FX for INR conversion,,,,,,,,
2026-05-13 09:30:00+00:00,2026-05-13 15:00:00,2026-05-13 00:00:00,WTI Crude Futures,NYMEX,60m,1m,1,101.5,102.0699996948242,101.1900024414062,102.0199966430664,3712,USD,,,,,,india_midday,,Yahoo 1m history truncated by provider lookback window | Missing FX for INR conversion,,,,,,,,
2026-05-13 10:30:00+00:00,2026-05-13 16:00:00,2026-05-13 00:00:00,WTI Crude Futures,NYMEX,60m,1m,1,102.0299987792969,102.3899993896484,101.9400024414062,102.0699996948242,4686,USD,,,,,,europe_open,first_hour_after_europe_open,Yahoo 1m history truncated by provider lookback window | Missing FX for INR conversion,,,,,,,,
2026-05-13 11:30:00+00:00,2026-05-13 17:00:00,2026-05-13 00:00:00,WTI Crude Futures,NYMEX,60m,1m,1,102.0800018310547,102.2699966430664,101.6699981689453,102.1999969482422,7594,USD,,,,,,europe_open,,Yahoo 1m history truncated by provider lookback window | Missing FX for INR conversion,,,,,,,,
2026-05-13 12:30:00+00:00,2026-05-13 18:00:00,2026-05-13 00:00:00,WTI Crude Futures,NYMEX,60m,1m,1,102.1900024414062,102.75,102.0299987792969,102.5699996948242,14680,USD,,,,,,europe_mid,,Yahoo 1m history truncated by provider lookback window | Missing FX for INR conversion,,,,,,,,
2026-05-13 13:30:00+00:00,2026-05-13 19:00:00,2026-05-13 00:00:00,WTI Crude Futures,NYMEX,60m,1m,1,102.5800018310547,103.6699981689453,102.2799987792969,103.5400009155273,26224,USD,,,,,,europe_mid,,Yahoo 1m history truncated by provider lookback window | Missing FX for INR conversion,,,,,,,,
2026-05-13 14:30:00+00:00,2026-05-13 20:00:00,2026-05-13 00:00:00,WTI Crude Futures,NYMEX,60m,1m,1,103.5299987792969,103.6699981689453,102.5500030517578,102.5999984741211,20776,USD,,,,,,us_pre_open,,Yahoo 1m history truncated by provider lookback window | Missing FX for INR conversion,,,,,,,,
2026-05-13 15:30:00+00:00,2026-05-13 21:00:00,2026-05-13 00:00:00,WTI Crude Futures,NYMEX,60m,1m,1,102.5899963378906,102.7799987792969,100.8499984741211,101.2699966430664,21779,USD,,,,,,us_open,first_30m_after_us_open,Yahoo 1m history truncated by provider lookback window | Missing FX for INR conversion,,,,,,,,
2026-05-13 16:30:00+00:00,2026-05-13 22:00:00,2026-05-13 00:00:00,WTI Crude Futures,NYMEX,60m,1m,1,101.2799987792969,102.2200012207031,101.1399993896484,101.7099990844727,15453,USD,,,,,,us_open,,Yahoo 1m history truncated by provider lookback window | Missing FX for INR conversion,,,,,,,,
2026-05-13 17:30:00+00:00,2026-05-13 23:00:00,2026-05-13 00:00:00,WTI Crude Futures,NYMEX,60m,1m,1,101.6999969482422,101.7200012207031,100.9300003051758,101.0100021362305,26609,USD,,,,,,mcx_tail,final_hour_before_mcx_close,Yahoo 1m history truncated by provider lookback window | Missing FX for INR conversion,,,,,,,,
2026-05-13 18:30:00+00:00,2026-05-14 00:00:00,2026-05-13 00:00:00,WTI Crude Futures,NYMEX,60m,1m,1,101.0199966430664,101.1900024414062,100.6900024414062,101.1500015258789,7400,USD,,,,,,other_valid_hours,,Yahoo 1m history truncated by provider lookback window | Missing FX for INR conversion,,,,,,,,
2026-05-13 19:30:00+00:00,2026-05-14 01:00:00,2026-05-13 00:00:00,WTI Crude Futures,NYMEX,60m,1m,1,101.1500015258789,101.5800018310547,101.0999984741211,101.2399978637695,3629,USD,,,,,,other_valid_hours,,Yahoo 1m history truncated by provider lookback window | Missing FX for INR conversion,,,,,,,,
2026-05-13 20:30:00+00:00,2026-05-14 02:00:00,2026-05-13 00:00:00,WTI Crude Futures,NYMEX,60m,1m,1,101.2300033569336,101.25,100.6999969482422,101.0,1584,USD,,,,,,other_valid_hours,,Yahoo 1m history truncated by provider lookback window | Missing FX for INR conversion | Partial 1m coverage used for 60m bucket because no fuller finer bucket was available,,,,,,,,
2026-05-13 22:00:00+00:00,2026-05-14 03:00:00,2026-05-14 00:00:00,WTI Crude Futures,NYMEX,60m,60m,60,101.0199966430664,101.2600021362305,100.7200012207031,100.870002746582,0,USD,,,,,,other_valid_hours,,Yahoo 60m history truncated by provider lookback window | Missing FX for INR conversion,,,,,,,,
2026-05-13 22:30:00+00:00,2026-05-14 04:00:00,2026-05-14 00:00:00,WTI Crude Futures,NYMEX,60m,5m,5,100.8300018310547,101.0699996948242,100.7799987792969,100.9899978637695,382,USD,,,,,,global_reopen_pre_mcx,,Yahoo 5m history truncated by provider lookback window | Missing FX for INR conversion,,,,,,,,
2026-05-13 23:30:00+00:00,2026-05-14 05:00:00,2026-05-14 00:00:00,WTI Crude Futures,NYMEX,60m,5m,5,101.0100021362305,101.2799987792969,100.8899993896484,101.0999984741211,901,USD,,,,,,global_reopen_pre_mcx,,Yahoo 5m history truncated by provider lookback window | Missing FX for INR conversion,,,,,,,,
2026-05-14 00:30:00+00:00,2026-05-14 06:00:00,2026-05-14 00:00:00,WTI Crude Futures,NYMEX,60m,5m,5,101.0999984741211,101.4100036621094,100.870002746582,101.0800018310547,1282,USD,,,,,,global_reopen_pre_mcx,,Yahoo 5m history truncated by provider lookback window | Missing FX for INR conversion,,,,,,,,
2026-05-14 01:30:00+00:00,2026-05-14 07:00:00,2026-05-14 00:00:00,WTI Crude Futures,NYMEX,60m,5m,5,101.0899963378906,101.2399978637695,100.7300033569336,101.1500015258789,1423,USD,,,,,,global_reopen_pre_mcx,,Yahoo 5m history truncated by provider lookback window | Missing FX for INR conversion,,,,,,,,
2026-05-14 02:30:00+00:00,2026-05-14 08:00:00,2026-05-14 00:00:00,WTI Crude Futures,NYMEX,60m,5m,5,101.1699981689453,101.5199966430664,101.1500015258789,101.2300033569336,1247,USD,,,,,,global_reopen_pre_mcx,,Yahoo 5m history truncated by provider lookback window | Missing FX for INR conversion,,,,,,,,
2026-05-14 03:30:00+00:00,2026-05-14 09:00:00,2026-05-14 00:00:00,WTI Crude Futures,NYMEX,60m,5m,5,101.2399978637695,101.7399978637695,101.2399978637695,101.4499969482422,1652,USD,,,,,,mcx_open_drive,first_15m_after_mcx_open,Yahoo 5m history truncated by provider lookback window | Missing FX for INR conversion,,,,,,,,
2026-05-14 04:30:00+00:00,2026-05-14 10:00:00,2026-05-14 00:00:00,WTI Crude Futures,NYMEX,60m,5m,5,101.4899978637695,101.7200012207031,101.4100036621094,101.6100006103516,1113,USD,,,,,,mcx_open_drive,,Yahoo 5m history truncated by provider lookback window | Missing FX for INR conversion,,,,,,,,
2026-05-14 05:30:00+00:00,2026-05-14 11:00:00,2026-05-14 00:00:00,WTI Crude Futures,NYMEX,60m,1m,1,101.620002746582,101.8199996948242,101.0899963378906,101.2399978637695,1801,USD,,,,,,india_morning,,Yahoo 1m history truncated by provider lookback window | Missing FX for INR conversion,,,,,,,,
2026-05-14 06:30:00+00:00,2026-05-14 12:00:00,2026-05-14 00:00:00,WTI Crude Futures,NYMEX,60m,1m,1,101.2399978637695,101.5599975585938,99.5999984741211,101.2699966430664,8363,USD,,,,,,india_morning,,Yahoo 1m history truncated by provider lookback window | Missing FX for INR conversion,,,,,,,,
2026-05-14 07:30:00+00:00,2026-05-14 13:00:00,2026-05-14 00:00:00,WTI Crude Futures,NYMEX,60m,1m,1,101.2900009155273,102.3499984741211,101.0100021362305,101.5500030517578,6507,USD,,,,,,india_midday,,Yahoo 1m history truncated by provider lookback window | Missing FX for INR conversion,,,,,,,,
2026-05-14 08:30:00+00:00,2026-05-14 14:00:00,2026-05-14 00:00:00,WTI Crude Futures,NYMEX,60m,1m,1,101.5599975585938,102.0999984741211,101.0,101.7699966430664,6320,USD,,,,,,india_midday,,Yahoo 1m history truncated by provider lookback window | Missing FX for INR conversion,,,,,,,,
2026-05-14 09:30:00+00:00,2026-05-14 15:00:00,2026-05-14 00:00:00,WTI Crude Futures,NYMEX,60m,1m,1,101.8000030517578,101.8099975585938,100.1100006103516,100.7300033569336,6658,USD,,,,,,india_midday,,Yahoo 1m history truncated by provider lookback window | Missing FX for INR conversion,,,,,,,,
2026-05-14 10:30:00+00:00,2026-05-14 16:00:00,2026-05-14 00:00:00,WTI Crude Futures,NYMEX,60m,1m,1,100.75,101.7200012207031,100.6900024414062,100.8399963378906,7509,USD,,,,,,europe_open,first_hour_after_europe_open,Yahoo 1m history truncated by provider lookback window | Missing FX for INR conversion,,,,,,,,
2026-05-14 11:30:00+00:00,2026-05-14 17:00:00,2026-05-14 00:00:00,WTI Crude Futures,NYMEX,60m,1m,1,100.8300018310547,101.0,99.38999938964844,100.4899978637695,9255,USD,,,,,,europe_open,,Yahoo 1m history truncated by provider lookback window | Missing FX for INR conversion,,,,,,,,
2026-05-14 12:30:00+00:00,2026-05-14 18:00:00,2026-05-14 00:00:00,WTI Crude Futures,NYMEX,60m,1m,1,100.4499969482422,100.9400024414062,100.1699981689453,100.3499984741211,15604,USD,,,,,,europe_mid,,Yahoo 1m history truncated by provider lookback window | Missing FX for INR conversion,,,,,,,,
2026-05-14 13:30:00+00:00,2026-05-14 19:00:00,2026-05-14 00:00:00,WTI Crude Futures,NYMEX,60m,1m,1,100.3600006103516,101.7600021362305,100.2300033569336,101.3199996948242,15695,USD,,,,,,europe_mid,,Yahoo 1m history truncated by provider lookback window | Missing FX for INR conversion,,,,,,,,
2026-05-14 14:30:00+00:00,2026-05-14 20:00:00,2026-05-14 00:00:00,WTI Crude Futures,NYMEX,60m,1m,1,101.3199996948242,101.5299987792969,100.3300018310547,100.7300033569336,12738,USD,,,,,,us_pre_open,,Yahoo 1m history truncated by provider lookback window | Missing FX for INR conversion,,,,,,,,
2026-05-14 15:30:00+00:00,2026-05-14 21:00:00,2026-05-14 00:00:00,WTI Crude Futures,NYMEX,60m,1m,1,100.7300033569336,101.0800018310547,100.25,100.879997253418,9909,USD,,,,,,us_open,first_30m_after_us_open,Yahoo 1m history truncated by provider lookback window | Missing FX for INR conversion,,,,,,,,
2026-05-14 16:30:00+00:00,2026-05-14 22:00:00,2026-05-14 00:00:00,WTI Crude Futures,NYMEX,60m,1m,1,100.870002746582,101.6699981689453,100.7799987792969,101.5199966430664,11670,USD,,,,,,us_open,,Yahoo 1m history truncated by provider lookback window | Missing FX for INR conversion,,,,,,,,
2026-05-14 17:30:00+00:00,2026-05-14 23:00:00,2026-05-14 00:00:00,WTI Crude Futures,NYMEX,60m,1m,1,101.5299987792969,102.0699996948242,101.0800018310547,101.1600036621094,21877,USD,,,,,,mcx_tail,final_hour_before_mcx_close,Yahoo 1m history truncated by provider lookback window | Missing FX for INR conversion,,,,,,,,
2026-05-14 18:30:00+00:00,2026-05-15 00:00:00,2026-05-14 00:00:00,WTI Crude Futures,NYMEX,60m,1m,1,101.1600036621094,101.75,101.0699996948242,101.6100006103516,6152,USD,,,,,,other_valid_hours,,Yahoo 1m history truncated by provider lookback window | Missing FX for INR conversion,,,,,,,,
2026-05-14 19:30:00+00:00,2026-05-15 01:00:00,2026-05-14 00:00:00,WTI Crude Futures,NYMEX,60m,1m,1,101.620002746582,102.1800003051758,101.620002746582,101.9199981689453,3294,USD,,,,,,other_valid_hours,,Yahoo 1m history truncated by provider lookback window | Missing FX for INR conversion,,,,,,,,
2026-05-14 20:30:00+00:00,2026-05-15 02:00:00,2026-05-14 00:00:00,WTI Crude Futures,NYMEX,60m,1m,1,101.9100036621094,102.1399993896484,101.9000015258789,102.0199966430664,890,USD,,,,,,other_valid_hours,,Yahoo 1m history truncated by provider lookback window | Missing FX for INR conversion | Partial 1m coverage used for 60m bucket because no fuller finer bucket was available,,,,,,,,
2026-05-14 22:00:00+00:00,2026-05-15 03:00:00,2026-05-15 00:00:00,WTI Crude Futures,NYMEX,60m,60m,60,102.0599975585938,102.0699996948242,101.4800033569336,101.9599990844727,0,USD,,,,,,other_valid_hours,,Yahoo 60m history truncated by provider lookback window | Missing FX for INR conversion,,,,,,,,
2026-05-14 22:30:00+00:00,2026-05-15 04:00:00,2026-05-15 00:00:00,WTI Crude Futures,NYMEX,60m,5m,5,101.5800018310547,102.0299987792969,101.5100021362305,101.9000015258789,386,USD,,,,,,global_reopen_pre_mcx,,Yahoo 5m history truncated by provider lookback window | Missing FX for INR conversion,,,,,,,,
2026-05-14 23:30:00+00:00,2026-05-15 05:00:00,2026-05-15 00:00:00,WTI Crude Futures,NYMEX,60m,5m,5,101.9100036621094,102.0199966430664,101.5800018310547,101.7600021362305,413,USD,,,,,,global_reopen_pre_mcx,,Yahoo 5m history truncated by provider lookback window | Missing FX for INR conversion,,,,,,,,
2026-05-15 00:30:00+00:00,2026-05-15 06:00:00,2026-05-15 00:00:00,WTI Crude Futures,NYMEX,60m,5m,5,101.8000030517578,102.620002746582,101.6800003051758,102.5199966430664,724,USD,,,,,,global_reopen_pre_mcx,,Yahoo 5m history truncated by provider lookback window | Missing FX for INR conversion,,,,,,,,
2026-05-15 01:30:00+00:00,2026-05-15 07:00:00,2026-05-15 00:00:00,WTI Crude Futures,NYMEX,60m,5m,5,102.5500030517578,102.9000015258789,102.1600036621094,102.7300033569336,950,USD,,,,,,global_reopen_pre_mcx,,Yahoo 5m history truncated by provider lookback window | Missing FX for INR conversion,,,,,,,,
2026-05-15 02:30:00+00:00,2026-05-15 08:00:00,2026-05-15 00:00:00,WTI Crude Futures,NYMEX,60m,5m,5,102.7399978637695,102.9199981689453,102.0299987792969,102.4599990844727,631,USD,,,,,,global_reopen_pre_mcx,,Yahoo 5m history truncated by provider lookback window | Missing FX for INR conversion,,,,,,,,
2026-05-15 03:30:00+00:00,2026-05-15 09:00:00,2026-05-15 00:00:00,WTI Crude Futures,NYMEX,60m,5m,5,102.5500030517578,102.629997253418,102.3499984741211,102.4300003051758,358,USD,,,,,,mcx_open_drive,first_15m_after_mcx_open,Yahoo 5m history truncated by provider lookback window | Missing FX for INR conversion,,,,,,,,
2026-05-15 04:30:00+00:00,2026-05-15 10:00:00,2026-05-15 00:00:00,WTI Crude Futures,NYMEX,60m,5m,5,102.5100021362305,102.6900024414062,102.370002746582,102.5,1052,USD,,,,,,mcx_open_drive,,Yahoo 5m history truncated by provider lookback window | Missing FX for INR conversion,,,,,,,,
2026-05-15 05:30:00+00:00,2026-05-15 11:00:00,2026-05-15 00:00:00,WTI Crude Futures,NYMEX,60m,5m,5,102.620002746582,103.7900009155273,102.620002746582,103.3899993896484,1562,USD,,,,,,india_morning,,Yahoo 5m history truncated by provider lookback window | Missing FX for INR conversion,,,,,,,,
2026-05-15 06:30:00+00:00,2026-05-15 12:00:00,2026-05-15 00:00:00,WTI Crude Futures,NYMEX,60m,5m,5,103.3899993896484,103.4700012207031,102.6999969482422,102.9599990844727,797,USD,,,,,,india_morning,,Yahoo 5m history truncated by provider lookback window | Missing FX for INR conversion,,,,,,,,
2026-05-15 07:30:00+00:00,2026-05-15 13:00:00,2026-05-15 00:00:00,WTI Crude Futures,NYMEX,60m,1m,1,102.9499969482422,102.9499969482422,98.58000183105467,100.5100021362305,21096,USD,,,,,,india_midday,,Yahoo 1m history truncated by provider lookback window | Missing FX for INR conversion,,,,,,,,
2026-05-15 08:30:00+00:00,2026-05-15 14:00:00,2026-05-15 00:00:00,WTI Crude Futures,NYMEX,60m,1m,1,100.5299987792969,100.7600021362305,100.0699996948242,100.3600006103516,6816,USD,,,,,,india_midday,,Yahoo 1m history truncated by provider lookback window | Missing FX for INR conversion,,,,,,,,
2026-05-15 09:30:00+00:00,2026-05-15 15:00:00,2026-05-15 00:00:00,WTI Crude Futures,NYMEX,60m,1m,1,100.3899993896484,100.9400024414062,99.87999725341795,100.0999984741211,9419,USD,,,,,,india_midday,,Yahoo 1m history truncated by provider lookback window | Missing FX for INR conversion,,,,,,,,
2026-05-15 10:30:00+00:00,2026-05-15 16:00:00,2026-05-15 00:00:00,WTI Crude Futures,NYMEX,60m,1m,1,100.0699996948242,100.379997253418,98.6500015258789,99.66000366210938,13430,USD,,,,,,europe_open,first_hour_after_europe_open,Yahoo 1m history truncated by provider lookback window | Missing FX for INR conversion,,,,,,,,
2026-05-15 11:30:00+00:00,2026-05-15 17:00:00,2026-05-15 00:00:00,WTI Crude Futures,NYMEX,60m,1m,1,99.6500015258789,100.1800003051758,99.51000213623048,99.87000274658205,10472,USD,,,,,,europe_open,,Yahoo 1m history truncated by provider lookback window | Missing FX for INR conversion,,,,,,,,
2026-05-15 12:30:00+00:00,2026-05-15 18:00:00,2026-05-15 00:00:00,WTI Crude Futures,NYMEX,60m,1m,1,99.87999725341795,100.0500030517578,99.3000030517578,99.4800033569336,10985,USD,,,,,,europe_mid,,Yahoo 1m history truncated by provider lookback window | Missing FX for INR conversion,,,,,,,,
2026-05-15 13:30:00+00:00,2026-05-15 19:00:00,2026-05-15 00:00:00,WTI Crude Futures,NYMEX,60m,1m,1,99.48999786376952,100.0400009155273,99.18000030517578,99.77999877929688,17079,USD,,,,,,europe_mid,,Yahoo 1m history truncated by provider lookback window | Missing FX for INR conversion,,,,,,,,
2026-05-15 14:30:00+00:00,2026-05-15 20:00:00,2026-05-15 00:00:00,WTI Crude Futures,NYMEX,60m,1m,1,99.7699966430664,100.5599975585938,99.70999908447266,100.0999984741211,18357,USD,,,,,,us_pre_open,,Yahoo 1m history truncated by provider lookback window | Missing FX for INR conversion,,,,,,,,
2026-05-15 15:30:00+00:00,2026-05-15 21:00:00,2026-05-15 00:00:00,WTI Crude Futures,NYMEX,60m,1m,1,100.0899963378906,101.2300033569336,99.91000366210938,100.6500015258789,18137,USD,,,,,,us_open,first_30m_after_us_open,Yahoo 1m history truncated by provider lookback window | Missing FX for INR conversion,,,,,,,,
2026-05-15 16:30:00+00:00,2026-05-15 22:00:00,2026-05-15 00:00:00,WTI Crude Futures,NYMEX,60m,1m,1,100.6500015258789,100.8099975585938,100.3099975585938,100.5899963378906,11578,USD,,,,,,us_open,,Yahoo 1m history truncated by provider lookback window | Missing FX for INR conversion,,,,,,,,
2026-05-15 17:30:00+00:00,2026-05-15 23:00:00,2026-05-15 00:00:00,WTI Crude Futures,NYMEX,60m,1m,1,100.5899963378906,101.129997253418,100.5500030517578,101.129997253418,22038,USD,,,,,,mcx_tail,final_hour_before_mcx_close,Yahoo 1m history truncated by provider lookback window | Missing FX for INR conversion,,,,,,,,
2026-05-15 18:30:00+00:00,2026-05-16 00:00:00,2026-05-15 00:00:00,WTI Crude Futures,NYMEX,60m,1m,1,101.120002746582,101.3899993896484,100.9000015258789,101.0999984741211,8316,USD,,,,,,other_valid_hours,,Yahoo 1m history truncated by provider lookback window | Missing FX for INR conversion,,,,,,,,
2026-05-15 19:30:00+00:00,2026-05-16 01:00:00,2026-05-15 00:00:00,WTI Crude Futures,NYMEX,60m,1m,1,101.0800018310547,101.5699996948242,100.9300003051758,101.2699966430664,5563,USD,,,,,,other_valid_hours,,Yahoo 1m history truncated by provider lookback window | Missing FX for INR conversion,,,,,,,,
2026-05-15 21:00:00+00:00,2026-05-16 02:00:00,2026-05-15 00:00:00,WTI Crude Futures,NYMEX,60m,60m,60,101.0199966430664,101.0199966430664,101.0199966430664,101.0199966430664,0,USD,,,,,,other_valid_hours,,Yahoo 60m history truncated by provider lookback window | Missing FX for INR conversion,,,,,,,,
2026-05-17 22:00:00+00:00,2026-05-18 03:00:00,2026-05-18 00:00:00,WTI Crude Futures,NYMEX,60m,60m,60,102.0299987792969,102.5599975585938,102.0,102.25,4749,USD,,,,,,other_valid_hours,,Yahoo 60m history truncated by provider lookback window | Missing FX for INR conversion,,,,,,,,
2026-05-17 22:30:00+00:00,2026-05-18 04:00:00,2026-05-18 00:00:00,WTI Crude Futures,NYMEX,60m,1m,1,102.5299987792969,102.6699981689453,102.25,102.6399993896484,1677,USD,,,,,,global_reopen_pre_mcx,,Yahoo 1m history truncated by provider lookback window | Missing FX for INR conversion,,,,,,,,
2026-05-17 23:30:00+00:00,2026-05-18 05:00:00,2026-05-18 00:00:00,WTI Crude Futures,NYMEX,60m,1m,1,102.6500015258789,102.6999969482422,102.0,102.3199996948242,2683,USD,,,,,,global_reopen_pre_mcx,,Yahoo 1m history truncated by provider lookback window | Missing FX for INR conversion,,,,,,,,
2026-05-18 00:30:00+00:00,2026-05-18 06:00:00,2026-05-18 00:00:00,WTI Crude Futures,NYMEX,60m,1m,1,102.3000030517578,104.370002746582,102.3000030517578,104.0299987792969,8613,USD,,,,,,global_reopen_pre_mcx,,Yahoo 1m history truncated by provider lookback window | Missing FX for INR conversion,,,,,,,,
2026-05-18 01:30:00+00:00,2026-05-18 07:00:00,2026-05-18 00:00:00,WTI Crude Futures,NYMEX,60m,1m,1,103.9599990844727,104.0,103.0999984741211,103.3000030517578,3570,USD,,,,,,global_reopen_pre_mcx,,Yahoo 1m history truncated by provider lookback window | Missing FX for INR conversion,,,,,,,,
2026-05-18 02:30:00+00:00,2026-05-18 08:00:00,2026-05-18 00:00:00,WTI Crude Futures,NYMEX,60m,5m,5,103.3399963378906,103.4100036621094,103.0800018310547,103.2200012207031,1605,USD,,,,,,global_reopen_pre_mcx,,Yahoo 5m history truncated by provider lookback window | Missing FX for INR conversion,,,,,,,,
2026-05-18 03:30:00+00:00,2026-05-18 09:00:00,2026-05-18 00:00:00,WTI Crude Futures,NYMEX,60m,5m,5,103.2099990844727,103.4000015258789,103.0400009155273,103.3199996948242,1441,USD,,,,,,mcx_open_drive,first_15m_after_mcx_open,Yahoo 5m history truncated by provider lookback window | Missing FX for INR conversion,,,,,,,,
2026-05-18 04:30:00+00:00,2026-05-18 10:00:00,2026-05-18 00:00:00,WTI Crude Futures,NYMEX,60m,5m,5,103.3199996948242,103.3300018310547,102.870002746582,103.1699981689453,1605,USD,,,,,,mcx_open_drive,,Yahoo 5m history truncated by provider lookback window | Missing FX for INR conversion,,,,,,,,
2026-05-18 05:30:00+00:00,2026-05-18 11:00:00,2026-05-18 00:00:00,WTI Crude Futures,NYMEX,60m,1m,1,103.120002746582,103.3199996948242,102.5599975585938,103.2600021362305,2945,USD,,,,,,india_morning,,Yahoo 1m history truncated by provider lookback window | Missing FX for INR conversion,,,,,,,,
2026-05-18 06:30:00+00:00,2026-05-18 12:00:00,2026-05-18 00:00:00,WTI Crude Futures,NYMEX,60m,15m,15,103.2600021362305,103.4499969482422,101.0199966430664,102.120002746582,5497,USD,,,,,,india_morning,,Yahoo 15m history truncated by provider lookback window | Missing FX for INR conversion,,,,,,,,
2026-05-18 07:30:00+00:00,2026-05-18 13:00:00,2026-05-18 00:00:00,WTI Crude Futures,NYMEX,60m,1m,1,102.1100006103516,102.4300003051758,101.5999984741211,102.1100006103516,10005,USD,,,,,,india_midday,,Yahoo 1m history truncated by provider lookback window | Missing FX for INR conversion,,,,,,,,
2026-05-18 08:30:00+00:00,2026-05-18 14:00:00,2026-05-18 00:00:00,WTI Crude Futures,NYMEX,60m,1m,1,102.1100006103516,102.5599975585938,101.6999969482422,102.2200012207031,5315,USD,,,,,,india_midday,,Yahoo 1m history truncated by provider lookback window | Missing FX for INR conversion,,,,,,,,
2026-05-18 09:30:00+00:00,2026-05-18 15:00:00,2026-05-18 00:00:00,WTI Crude Futures,NYMEX,60m,1m,1,102.2200012207031,102.4000015258789,101.8600006103516,102.120002746582,4416,USD,,,,,,india_midday,,Yahoo 1m history truncated by provider lookback window | Missing FX for INR conversion,,,,,,,,
2026-05-18 10:30:00+00:00,2026-05-18 16:00:00,2026-05-18 00:00:00,WTI Crude Futures,NYMEX,60m,1m,1,102.120002746582,103.2600021362305,102.0599975585938,102.3899993896484,9499,USD,,,,,,europe_open,first_hour_after_europe_open,Yahoo 1m history truncated by provider lookback window | Missing FX for INR conversion,,,,,,,,
2026-05-18 11:30:00+00:00,2026-05-18 17:00:00,2026-05-18 00:00:00,WTI Crude Futures,NYMEX,60m,1m,1,102.4000015258789,102.4599990844727,100.1600036621094,101.120002746582,23029,USD,,,,,,europe_open,,Yahoo 1m history truncated by provider lookback window | Missing FX for INR conversion,,,,,,,,
2026-05-18 12:30:00+00:00,2026-05-18 18:00:00,2026-05-18 00:00:00,WTI Crude Futures,NYMEX,60m,1m,1,101.0899963378906,101.0999984741211,98.5999984741211,99.61000061035156,37891,USD,,,,,,europe_mid,,Yahoo 1m history truncated by provider lookback window | Missing FX for INR conversion,,,,,,,,
2026-05-18 13:30:00+00:00,2026-05-18 19:00:00,2026-05-18 00:00:00,WTI Crude Futures,NYMEX,60m,1m,1,99.62999725341795,101.4100036621094,99.04000091552734,101.370002746582,39910,USD,,,,,,europe_mid,,Yahoo 1m history truncated by provider lookback window | Missing FX for INR conversion,,,,,,,,
2026-05-18 14:30:00+00:00,2026-05-18 20:00:00,2026-05-18 00:00:00,WTI Crude Futures,NYMEX,60m,1m,1,101.3600006103516,103.0599975585938,101.25,102.9899978637695,33130,USD,,,,,,us_pre_open,,Yahoo 1m history truncated by provider lookback window | Missing FX for INR conversion,,,,,,,,
2026-05-18 15:30:00+00:00,2026-05-18 21:00:00,2026-05-18 00:00:00,WTI Crude Futures,NYMEX,60m,1m,1,102.9899978637695,103.6399993896484,102.5999984741211,103.3300018310547,23578,USD,,,,,,us_open,first_30m_after_us_open,Yahoo 1m history truncated by provider lookback window | Missing FX for INR conversion,,,,,,,,
2026-05-18 16:30:00+00:00,2026-05-18 22:00:00,2026-05-18 00:00:00,WTI Crude Futures,NYMEX,60m,1m,1,103.3399963378906,103.4700012207031,102.1900024414062,102.6100006103516,19496,USD,,,,,,us_open,,Yahoo 1m history truncated by provider lookback window | Missing FX for INR conversion,,,,,,,,
2026-05-18 17:30:00+00:00,2026-05-18 23:00:00,2026-05-18 00:00:00,WTI Crude Futures,NYMEX,60m,1m,1,102.5899963378906,105.2099990844727,102.5800018310547,104.4199981689453,42951,USD,,,,,,mcx_tail,final_hour_before_mcx_close,Yahoo 1m history truncated by provider lookback window | Missing FX for INR conversion,,,,,,,,
2026-05-18 18:30:00+00:00,2026-05-19 00:00:00,2026-05-18 00:00:00,WTI Crude Futures,NYMEX,60m,1m,1,104.4199981689453,104.8000030517578,101.9199981689453,102.3899993896484,27047,USD,,,,,,other_valid_hours,,Yahoo 1m history truncated by provider lookback window | Missing FX for INR conversion,,,,,,,,
2026-05-18 19:30:00+00:00,2026-05-19 01:00:00,2026-05-18 00:00:00,WTI Crude Futures,NYMEX,60m,1m,1,102.4100036621094,102.4499969482422,101.0999984741211,101.6999969482422,9700,USD,,,,,,other_valid_hours,,Yahoo 1m history truncated by provider lookback window | Missing FX for INR conversion,,,,,,,,
2026-05-18 21:00:00+00:00,2026-05-19 02:00:00,2026-05-18 00:00:00,WTI Crude Futures,NYMEX,60m,60m,60,102.4899978637695,102.4899978637695,102.4899978637695,102.4899978637695,2,USD,,,,,,other_valid_hours,,Yahoo 60m history truncated by provider lookback window | Missing FX for INR conversion,,,,,,,,
2026-05-18 22:00:00+00:00,2026-05-19 03:00:00,2026-05-19 00:00:00,WTI Crude Futures,NYMEX,60m,60m,60,102.5800018310547,102.7399978637695,102.120002746582,102.4499969482422,0,USD,,,,,,other_valid_hours,,Yahoo 60m history truncated by provider lookback window | Missing FX for INR conversion,,,,,,,,
2026-05-18 22:30:00+00:00,2026-05-19 04:00:00,2026-05-19 00:00:00,WTI Crude Futures,NYMEX,60m,5m,5,102.379997253418,102.5500030517578,102.3199996948242,102.4400024414062,1545,USD,,,,,,global_reopen_pre_mcx,,Yahoo 5m history truncated by provider lookback window | Missing FX for INR conversion,,,,,,,,
2026-05-18 23:30:00+00:00,2026-05-19 05:00:00,2026-05-19 00:00:00,WTI Crude Futures,NYMEX,60m,1m,1,102.4300003051758,102.75,102.2200012207031,102.5400009155273,1381,USD,,,,,,global_reopen_pre_mcx,,Yahoo 1m history truncated by provider lookback window | Missing FX for INR conversion,,,,,,,,
2026-05-19 00:30:00+00:00,2026-05-19 06:00:00,2026-05-19 00:00:00,WTI Crude Futures,NYMEX,60m,1m,1,102.5400009155273,103.0,102.2399978637695,102.7799987792969,2847,USD,,,,,,global_reopen_pre_mcx,,Yahoo 1m history truncated by provider lookback window | Missing FX for INR conversion,,,,,,,,
2026-05-19 01:30:00+00:00,2026-05-19 07:00:00,2026-05-19 00:00:00,WTI Crude Futures,NYMEX,60m,1m,1,102.7699966430664,102.8199996948242,102.2399978637695,102.5899963378906,2224,USD,,,,,,global_reopen_pre_mcx,,Yahoo 1m history truncated by provider lookback window | Missing FX for INR conversion,,,,,,,,
2026-05-19 02:30:00+00:00,2026-05-19 08:00:00,2026-05-19 00:00:00,WTI Crude Futures,NYMEX,60m,1m,1,102.629997253418,103.129997253418,102.5899963378906,102.8099975585938,1211,USD,,,,,,global_reopen_pre_mcx,,Yahoo 1m history truncated by provider lookback window | Missing FX for INR conversion,,,,,,,,
2026-05-19 03:30:00+00:00,2026-05-19 09:00:00,2026-05-19 00:00:00,WTI Crude Futures,NYMEX,60m,5m,5,102.8099975585938,102.9100036621094,102.6399993896484,102.7300033569336,903,USD,,,,,,mcx_open_drive,first_15m_after_mcx_open,Yahoo 5m history truncated by provider lookback window | Missing FX for INR conversion,,,,,,,,
2026-05-19 04:30:00+00:00,2026-05-19 10:00:00,2026-05-19 00:00:00,WTI Crude Futures,NYMEX,60m,5m,5,102.7300033569336,103.379997253418,102.5800018310547,103.0100021362305,1579,USD,,,,,,mcx_open_drive,,Yahoo 5m history truncated by provider lookback window | Missing FX for INR conversion,,,,,,,,
2026-05-19 05:30:00+00:00,2026-05-19 11:00:00,2026-05-19 00:00:00,WTI Crude Futures,NYMEX,60m,1m,1,103.0500030517578,103.6999969482422,102.7399978637695,103.4300003051758,5226,USD,,,,,,india_morning,,Yahoo 1m history truncated by provider lookback window | Missing FX for INR conversion,,,,,,,,
2026-05-19 06:30:00+00:00,2026-05-19 12:00:00,2026-05-19 00:00:00,WTI Crude Futures,NYMEX,60m,1m,1,103.4499969482422,104.0,103.3600006103516,103.5500030517578,5339,USD,,,,,,india_morning,,Yahoo 1m history truncated by provider lookback window | Missing FX for INR conversion,,,,,,,,
2026-05-19 07:30:00+00:00,2026-05-19 13:00:00,2026-05-19 00:00:00,WTI Crude Futures,NYMEX,60m,1m,1,103.5400009155273,103.8600006103516,103.0199966430664,103.4400024414062,5509,USD,,,,,,india_midday,,Yahoo 1m history truncated by provider lookback window | Missing FX for INR conversion,,,,,,,,
2026-05-19 08:30:00+00:00,2026-05-19 14:00:00,2026-05-19 00:00:00,WTI Crude Futures,NYMEX,60m,1m,1,103.4599990844727,103.5800018310547,103.0299987792969,103.3399963378906,3679,USD,,,,,,india_midday,,Yahoo 1m history truncated by provider lookback window | Missing FX for INR conversion,,,,,,,,
2026-05-19 09:30:00+00:00,2026-05-19 15:00:00,2026-05-19 00:00:00,WTI Crude Futures,NYMEX,60m,1m,1,103.3300018310547,103.4300003051758,102.5599975585938,103.0500030517578,4008,USD,,,,,,india_midday,,Yahoo 1m history truncated by provider lookback window | Missing FX for INR conversion,,,,,,,,
2026-05-19 10:30:00+00:00,2026-05-19 16:00:00,2026-05-19 00:00:00,WTI Crude Futures,NYMEX,60m,1m,1,103.0100021362305,104.1800003051758,102.9700012207031,103.8399963378906,10680,USD,,,,,,europe_open,first_hour_after_europe_open,Yahoo 1m history truncated by provider lookback window | Missing FX for INR conversion,,,,,,,,
2026-05-19 11:30:00+00:00,2026-05-19 17:00:00,2026-05-19 00:00:00,WTI Crude Futures,NYMEX,60m,1m,1,103.8600006103516,104.0100021362305,103.2799987792969,103.4800033569336,5285,USD,,,,,,europe_open,,Yahoo 1m history truncated by provider lookback window | Missing FX for INR conversion,,,,,,,,
2026-05-19 12:30:00+00:00,2026-05-19 18:00:00,2026-05-19 00:00:00,WTI Crude Futures,NYMEX,60m,1m,1,103.4800033569336,104.6399993896484,103.1399993896484,104.4199981689453,13184,USD,,,,,,europe_mid,,Yahoo 1m history truncated by provider lookback window | Missing FX for INR conversion,,,,,,,,
2026-05-19 13:30:00+00:00,2026-05-19 19:00:00,2026-05-19 00:00:00,WTI Crude Futures,NYMEX,60m,1m,1,104.4199981689453,104.7099990844727,102.6100006103516,103.1399993896484,29481,USD,,,,,,europe_mid,,Yahoo 1m history truncated by provider lookback window | Missing FX for INR conversion,,,,,,,,
2026-05-19 14:30:00+00:00,2026-05-19 20:00:00,2026-05-19 00:00:00,WTI Crude Futures,NYMEX,60m,1m,1,103.1399993896484,103.75,102.8099975585938,103.4800033569336,19689,USD,,,,,,us_pre_open,,Yahoo 1m history truncated by provider lookback window | Missing FX for INR conversion,,,,,,,,
2026-05-19 15:30:00+00:00,2026-05-19 21:00:00,2026-05-19 00:00:00,WTI Crude Futures,NYMEX,60m,1m,1,103.4899978637695,104.0500030517578,103.2099990844727,103.8199996948242,12967,USD,,,,,,us_open,first_30m_after_us_open,Yahoo 1m history truncated by provider lookback window | Missing FX for INR conversion,,,,,,,,
2026-05-19 16:30:00+00:00,2026-05-19 22:00:00,2026-05-19 00:00:00,WTI Crude Futures,NYMEX,60m,1m,1,103.8300018310547,104.1500015258789,103.5100021362305,103.9100036621094,12026,USD,,,,,,us_open,,Yahoo 1m history truncated by provider lookback window | Missing FX for INR conversion,,,,,,,,
2026-05-19 17:30:00+00:00,2026-05-19 23:00:00,2026-05-19 00:00:00,WTI Crude Futures,NYMEX,60m,1m,1,103.9100036621094,104.4599990844727,103.0899963378906,104.4100036621094,34122,USD,,,,,,mcx_tail,final_hour_before_mcx_close,Yahoo 1m history truncated by provider lookback window | Missing FX for INR conversion,,,,,,,,
2026-05-19 18:30:00+00:00,2026-05-20 00:00:00,2026-05-19 00:00:00,WTI Crude Futures,NYMEX,60m,1m,1,104.4000015258789,104.8600006103516,104.120002746582,104.4400024414062,10306,USD,,,,,,other_valid_hours,,Yahoo 1m history truncated by provider lookback window | Missing FX for INR conversion,,,,,,,,
2026-05-19 19:30:00+00:00,2026-05-20 01:00:00,2026-05-19 00:00:00,WTI Crude Futures,NYMEX,60m,1m,1,104.4499969482422,104.5899963378906,104.1600036621094,104.2200012207031,2769,USD,,,,,,other_valid_hours,,Yahoo 1m history truncated by provider lookback window | Missing FX for INR conversion,,,,,,,,
2026-05-19 20:30:00+00:00,2026-05-20 02:00:00,2026-05-19 00:00:00,WTI Crude Futures,NYMEX,60m,1m,1,104.2099990844727,104.2300033569336,103.9499969482422,104.0299987792969,1747,USD,,,,,,other_valid_hours,,Yahoo 1m history truncated by provider lookback window | Missing FX for INR conversion | Partial 1m coverage used for 60m bucket because no fuller finer bucket was available,,,,,,,,
2026-05-19 22:00:00+00:00,2026-05-20 03:00:00,2026-05-20 00:00:00,WTI Crude Futures,NYMEX,60m,60m,60,104.120002746582,104.3600006103516,104.0299987792969,104.2099990844727,0,USD,,,,,,other_valid_hours,,Yahoo 60m history truncated by provider lookback window | Missing FX for INR conversion,,,,,,,,
2026-05-19 22:30:00+00:00,2026-05-20 04:00:00,2026-05-20 00:00:00,WTI Crude Futures,NYMEX,60m,5m,5,104.2300033569336,104.2900009155273,104.0199966430664,104.0500030517578,623,USD,,,,,,global_reopen_pre_mcx,,Yahoo 5m history truncated by provider lookback window | Missing FX for INR conversion,,,,,,,,
2026-05-19 23:30:00+00:00,2026-05-20 05:00:00,2026-05-20 00:00:00,WTI Crude Futures,NYMEX,60m,1m,1,104.0699996948242,104.0899963378906,103.7099990844727,103.8199996948242,1813,USD,,,,,,global_reopen_pre_mcx,,Yahoo 1m history truncated by provider lookback window | Missing FX for INR conversion,,,,,,,,
2026-05-20 00:30:00+00:00,2026-05-20 06:00:00,2026-05-20 00:00:00,WTI Crude Futures,NYMEX,60m,5m,5,103.8000030517578,104.4499969482422,103.7099990844727,104.1500015258789,2061,USD,,,,,,global_reopen_pre_mcx,,Yahoo 5m history truncated by provider lookback window | Missing FX for INR conversion,,,,,,,,
2026-05-20 01:30:00+00:00,2026-05-20 07:00:00,2026-05-20 00:00:00,WTI Crude Futures,NYMEX,60m,1m,1,104.1399993896484,104.379997253418,103.120002746582,103.9100036621094,4003,USD,,,,,,global_reopen_pre_mcx,,Yahoo 1m history truncated by provider lookback window | Missing FX for INR conversion,,,,,,,,
2026-05-20 02:30:00+00:00,2026-05-20 08:00:00,2026-05-20 00:00:00,WTI Crude Futures,NYMEX,60m,1m,1,103.9199981689453,104.4499969482422,103.8899993896484,104.0400009155273,2501,USD,,,,,,global_reopen_pre_mcx,,Yahoo 1m history truncated by provider lookback window | Missing FX for INR conversion,,,,,,,,
2026-05-20 03:30:00+00:00,2026-05-20 09:00:00,2026-05-20 00:00:00,WTI Crude Futures,NYMEX,60m,5m,5,104.0500030517578,104.0800018310547,103.3199996948242,103.5299987792969,2014,USD,,,,,,mcx_open_drive,first_15m_after_mcx_open,Yahoo 5m history truncated by provider lookback window | Missing FX for INR conversion,,,,,,,,
2026-05-20 04:30:00+00:00,2026-05-20 10:00:00,2026-05-20 00:00:00,WTI Crude Futures,NYMEX,60m,5m,5,103.5299987792969,103.9700012207031,103.5100021362305,103.7699966430664,968,USD,,,,,,mcx_open_drive,,Yahoo 5m history truncated by provider lookback window | Missing FX for INR conversion,,,,,,,,
2026-05-20 05:30:00+00:00,2026-05-20 11:00:00,2026-05-20 00:00:00,WTI Crude Futures,NYMEX,60m,1m,1,103.7600021362305,104.0100021362305,102.9199981689453,103.0400009155273,3444,USD,,,,,,india_morning,,Yahoo 1m history truncated by provider lookback window | Missing FX for INR conversion,,,,,,,,
2026-05-20 06:30:00+00:00,2026-05-20 12:00:00,2026-05-20 00:00:00,WTI Crude Futures,NYMEX,60m,1m,1,103.0299987792969,103.3499984741211,102.5,102.6699981689453,5058,USD,,,,,,india_morning,,Yahoo 1m history truncated by provider lookback window | Missing FX for INR conversion,,,,,,,,
2026-05-20 07:30:00+00:00,2026-05-20 13:00:00,2026-05-20 00:00:00,WTI Crude Futures,NYMEX,60m,1m,1,102.6999969482422,103.1699981689453,102.5100021362305,102.7699966430664,4810,USD,,,,,,india_midday,,Yahoo 1m history truncated by provider lookback window | Missing FX for INR conversion,,,,,,,,
2026-05-20 08:30:00+00:00,2026-05-20 14:00:00,2026-05-20 00:00:00,WTI Crude Futures,NYMEX,60m,1m,1,102.7600021362305,102.8499984741211,101.6399993896484,102.5,9319,USD,,,,,,india_midday,,Yahoo 1m history truncated by provider lookback window | Missing FX for INR conversion,,,,,,,,
2026-05-20 09:30:00+00:00,2026-05-20 15:00:00,2026-05-20 00:00:00,WTI Crude Futures,NYMEX,60m,1m,1,102.4800033569336,102.7200012207031,102.0899963378906,102.1600036621094,4971,USD,,,,,,india_midday,,Yahoo 1m history truncated by provider lookback window | Missing FX for INR conversion,,,,,,,,
2026-05-20 10:30:00+00:00,2026-05-20 16:00:00,2026-05-20 00:00:00,WTI Crude Futures,NYMEX,60m,1m,1,102.1500015258789,102.2799987792969,100.870002746582,102.0800018310547,12463,USD,,,,,,europe_open,first_hour_after_europe_open,Yahoo 1m history truncated by provider lookback window | Missing FX for INR conversion,,,,,,,,
2026-05-20 11:30:00+00:00,2026-05-20 17:00:00,2026-05-20 00:00:00,WTI Crude Futures,NYMEX,60m,1m,1,102.0599975585938,102.7699966430664,101.2099990844727,101.2699966430664,14052,USD,,,,,,europe_open,,Yahoo 1m history truncated by provider lookback window | Missing FX for INR conversion,,,,,,,,
2026-05-20 12:30:00+00:00,2026-05-20 18:00:00,2026-05-20 00:00:00,WTI Crude Futures,NYMEX,60m,1m,1,101.2799987792969,102.1100006103516,100.75,102.0400009155273,21755,USD,,,,,,europe_mid,,Yahoo 1m history truncated by provider lookback window | Missing FX for INR conversion,,,,,,,,
2026-05-20 13:30:00+00:00,2026-05-20 19:00:00,2026-05-20 00:00:00,WTI Crude Futures,NYMEX,60m,1m,1,102.0500030517578,102.8000030517578,99.4499969482422,100.3899993896484,46558,USD,,,,,,europe_mid,,Yahoo 1m history truncated by provider lookback window | Missing FX for INR conversion,,,,,,,,
2026-05-20 14:30:00+00:00,2026-05-20 20:00:00,2026-05-20 00:00:00,WTI Crude Futures,NYMEX,60m,1m,1,100.4199981689453,101.0,97.0,99.80999755859376,53744,USD,,,,,,us_pre_open,,Yahoo 1m history truncated by provider lookback window | Missing FX for INR conversion,,,,,,,,
2026-05-20 15:30:00+00:00,2026-05-20 21:00:00,2026-05-20 00:00:00,WTI Crude Futures,NYMEX,60m,1m,1,99.70999908447266,99.7300033569336,98.3499984741211,99.41999816894533,24130,USD,,,,,,us_open,first_30m_after_us_open,Yahoo 1m history truncated by provider lookback window | Missing FX for INR conversion,,,,,,,,
2026-05-20 16:30:00+00:00,2026-05-20 22:00:00,2026-05-20 00:00:00,WTI Crude Futures,NYMEX,60m,1m,1,99.41999816894533,99.51000213623048,96.94000244140624,97.45999908447266,30831,USD,,,,,,us_open,,Yahoo 1m history truncated by provider lookback window | Missing FX for INR conversion,,,,,,,,
2026-05-20 17:30:00+00:00,2026-05-20 23:00:00,2026-05-20 00:00:00,WTI Crude Futures,NYMEX,60m,1m,1,97.4499969482422,98.70999908447266,97.12000274658205,98.19000244140624,33352,USD,,,,,,mcx_tail,final_hour_before_mcx_close,Yahoo 1m history truncated by provider lookback window | Missing FX for INR conversion,,,,,,,,
2026-05-20 18:30:00+00:00,2026-05-21 00:00:00,2026-05-20 00:00:00,WTI Crude Futures,NYMEX,60m,1m,1,98.18000030517578,98.27999877929688,97.76000213623048,98.2300033569336,9850,USD,,,,,,other_valid_hours,,Yahoo 1m history truncated by provider lookback window | Missing FX for INR conversion,,,,,,,,
2026-05-20 19:30:00+00:00,2026-05-21 01:00:00,2026-05-20 00:00:00,WTI Crude Futures,NYMEX,60m,1m,1,98.22000122070312,98.58000183105467,97.81999969482422,98.44000244140624,6261,USD,,,,,,other_valid_hours,,Yahoo 1m history truncated by provider lookback window | Missing FX for INR conversion,,,,,,,,
2026-05-20 20:30:00+00:00,2026-05-21 02:00:00,2026-05-20 00:00:00,WTI Crude Futures,NYMEX,60m,1m,1,98.44000244140624,99.11000061035156,98.33999633789062,99.08000183105467,2405,USD,,,,,,other_valid_hours,,Yahoo 1m history truncated by provider lookback window | Missing FX for INR conversion | Partial 1m coverage used for 60m bucket because no fuller finer bucket was available,,,,,,,,
2026-05-20 22:00:00+00:00,2026-05-21 03:00:00,2026-05-21 00:00:00,WTI Crude Futures,NYMEX,60m,60m,60,98.9499969482422,99.22000122070312,98.75,98.98999786376952,0,USD,,,,,,other_valid_hours,,Yahoo 60m history truncated by provider lookback window | Missing FX for INR conversion,,,,,,,,
2026-05-20 22:30:00+00:00,2026-05-21 04:00:00,2026-05-21 00:00:00,WTI Crude Futures,NYMEX,60m,5m,5,99.1999969482422,99.22000122070312,98.87000274658205,99.11000061035156,1032,USD,,,,,,global_reopen_pre_mcx,,Yahoo 5m history truncated by provider lookback window | Missing FX for INR conversion,,,,,,,,
2026-05-20 23:30:00+00:00,2026-05-21 05:00:00,2026-05-21 00:00:00,WTI Crude Futures,NYMEX,60m,5m,5,99.11000061035156,100.1100006103516,98.75,99.5500030517578,3889,USD,,,,,,global_reopen_pre_mcx,,Yahoo 5m history truncated by provider lookback window | Missing FX for INR conversion,,,,,,,,
2026-05-21 00:30:00+00:00,2026-05-21 06:00:00,2026-05-21 00:00:00,WTI Crude Futures,NYMEX,60m,1m,1,99.5199966430664,99.62000274658205,98.5999984741211,98.79000091552734,3672,USD,,,,,,global_reopen_pre_mcx,,Yahoo 1m history truncated by provider lookback window | Missing FX for INR conversion,,,,,,,,
2026-05-21 01:30:00+00:00,2026-05-21 07:00:00,2026-05-21 00:00:00,WTI Crude Futures,NYMEX,60m,1m,1,98.80999755859376,98.9000015258789,98.5,98.68000030517578,1869,USD,,,,,,global_reopen_pre_mcx,,Yahoo 1m history truncated by provider lookback window | Missing FX for INR conversion,,,,,,,,
2026-05-21 02:30:00+00:00,2026-05-21 08:00:00,2026-05-21 00:00:00,WTI Crude Futures,NYMEX,60m,1m,1,98.66999816894533,99.2699966430664,98.6500015258789,99.0500030517578,1562,USD,,,,,,global_reopen_pre_mcx,,Yahoo 1m history truncated by provider lookback window | Missing FX for INR conversion,,,,,,,,
2026-05-21 03:30:00+00:00,2026-05-21 09:00:00,2026-05-21 00:00:00,WTI Crude Futures,NYMEX,60m,5m,5,99.06999969482422,99.2699966430664,98.94000244140624,99.23999786376952,672,USD,,,,,,mcx_open_drive,first_15m_after_mcx_open,Yahoo 5m history truncated by provider lookback window | Missing FX for INR conversion,,,,,,,,
2026-05-21 04:30:00+00:00,2026-05-21 10:00:00,2026-05-21 00:00:00,WTI Crude Futures,NYMEX,60m,1m,1,99.26000213623048,99.29000091552734,98.79000091552734,99.20999908447266,1071,USD,,,,,,mcx_open_drive,,Yahoo 1m history truncated by provider lookback window | Missing FX for INR conversion,,,,,,,,
2026-05-21 05:30:00+00:00,2026-05-21 11:00:00,2026-05-21 00:00:00,WTI Crude Futures,NYMEX,60m,1m,1,99.23999786376952,100.0599975585938,98.8000030517578,99.29000091552734,5854,USD,,,,,,india_morning,,Yahoo 1m history truncated by provider lookback window | Missing FX for INR conversion,,,,,,,,
2026-05-21 06:30:00+00:00,2026-05-21 12:00:00,2026-05-21 00:00:00,WTI Crude Futures,NYMEX,60m,1m,1,99.27999877929688,99.93000030517578,99.23999786376952,99.63999938964844,2689,USD,,,,,,india_morning,,Yahoo 1m history truncated by provider lookback window | Missing FX for INR conversion,,,,,,,,
2026-05-21 07:30:00+00:00,2026-05-21 13:00:00,2026-05-21 00:00:00,WTI Crude Futures,NYMEX,60m,1m,1,99.62999725341795,99.66000366210938,98.04000091552734,98.7300033569336,6676,USD,,,,,,india_midday,,Yahoo 1m history truncated by provider lookback window | Missing FX for INR conversion,,,,,,,,
2026-05-21 08:30:00+00:00,2026-05-21 14:00:00,2026-05-21 00:00:00,WTI Crude Futures,NYMEX,60m,1m,1,98.72000122070312,99.58000183105467,97.58000183105467,97.6500015258789,7718,USD,,,,,,india_midday,,Yahoo 1m history truncated by provider lookback window | Missing FX for INR conversion,,,,,,,,
2026-05-21 09:30:00+00:00,2026-05-21 15:00:00,2026-05-21 00:00:00,WTI Crude Futures,NYMEX,60m,1m,1,97.61000061035156,99.8000030517578,97.25,99.63999938964844,11135,USD,,,,,,india_midday,,Yahoo 1m history truncated by provider lookback window | Missing FX for INR conversion,,,,,,,,
2026-05-21 10:30:00+00:00,2026-05-21 16:00:00,2026-05-21 00:00:00,WTI Crude Futures,NYMEX,60m,1m,1,99.62999725341795,101.3399963378906,99.58999633789062,100.379997253418,22784,USD,,,,,,europe_open,first_hour_after_europe_open,Yahoo 1m history truncated by provider lookback window | Missing FX for INR conversion,,,,,,,,
2026-05-21 11:30:00+00:00,2026-05-21 17:00:00,2026-05-21 00:00:00,WTI Crude Futures,NYMEX,60m,1m,1,100.4000015258789,101.1999969482422,100.3300018310547,101.1800003051758,10050,USD,,,,,,europe_open,,Yahoo 1m history truncated by provider lookback window | Missing FX for INR conversion,,,,,,,,
2026-05-21 12:30:00+00:00,2026-05-21 18:00:00,2026-05-21 00:00:00,WTI Crude Futures,NYMEX,60m,1m,1,101.1800003051758,102.1900024414062,100.4400024414062,101.9300003051758,23586,USD,,,,,,europe_mid,,Yahoo 1m history truncated by provider lookback window | Missing FX for INR conversion,,,,,,,,
2026-05-21 13:30:00+00:00,2026-05-21 19:00:00,2026-05-21 00:00:00,WTI Crude Futures,NYMEX,60m,1m,1,101.9300003051758,102.6600036621094,100.2699966430664,100.5899963378906,38806,USD,,,,,,europe_mid,,Yahoo 1m history truncated by provider lookback window | Missing FX for INR conversion,,,,,,,,
2026-05-21 14:30:00+00:00,2026-05-21 20:00:00,2026-05-21 00:00:00,WTI Crude Futures,NYMEX,60m,1m,1,100.5999984741211,102.1399993896484,100.370002746582,101.7699966430664,22193,USD,,,,,,us_pre_open,,Yahoo 1m history truncated by provider lookback window | Missing FX for INR conversion,,,,,,,,
2026-05-21 15:30:00+00:00,2026-05-21 21:00:00,2026-05-21 00:00:00,WTI Crude Futures,NYMEX,60m,1m,1,101.7799987792969,101.8000030517578,99.79000091552734,100.4199981689453,21685,USD,,,,,,us_open,first_30m_after_us_open,Yahoo 1m history truncated by provider lookback window | Missing FX for INR conversion,,,,,,,,
2026-05-21 16:30:00+00:00,2026-05-21 22:00:00,2026-05-21 00:00:00,WTI Crude Futures,NYMEX,60m,1m,1,100.4100036621094,100.5199966430664,97.58999633789062,98.4800033569336,37724,USD,,,,,,us_open,,Yahoo 1m history truncated by provider lookback window | Missing FX for INR conversion,,,,,,,,
2026-05-21 17:30:00+00:00,2026-05-21 23:00:00,2026-05-21 00:00:00,WTI Crude Futures,NYMEX,60m,1m,1,98.4800033569336,98.87999725341795,95.76000213623048,96.27999877929688,58048,USD,,,,,,mcx_tail,final_hour_before_mcx_close,Yahoo 1m history truncated by provider lookback window | Missing FX for INR conversion,,,,,,,,
2026-05-21 18:30:00+00:00,2026-05-22 00:00:00,2026-05-21 00:00:00,WTI Crude Futures,NYMEX,60m,1m,1,96.27999877929688,98.3000030517578,96.19000244140624,97.44000244140624,31826,USD,,,,,,other_valid_hours,,Yahoo 1m history truncated by provider lookback window | Missing FX for INR conversion,,,,,,,,
2026-05-21 19:30:00+00:00,2026-05-22 01:00:00,2026-05-21 00:00:00,WTI Crude Futures,NYMEX,60m,1m,1,97.45999908447266,98.20999908447266,97.05999755859376,97.86000061035156,11089,USD,,,,,,other_valid_hours,,Yahoo 1m history truncated by provider lookback window | Missing FX for INR conversion,,,,,,,,
2026-05-21 20:30:00+00:00,2026-05-22 02:00:00,2026-05-21 00:00:00,WTI Crude Futures,NYMEX,60m,1m,1,97.86000061035156,98.18000030517578,97.81999969482422,98.0,1580,USD,,,,,,other_valid_hours,,Yahoo 1m history truncated by provider lookback window | Missing FX for INR conversion | Partial 1m coverage used for 60m bucket because no fuller finer bucket was available,,,,,,,,
2026-05-21 22:00:00+00:00,2026-05-22 03:00:00,2026-05-22 00:00:00,WTI Crude Futures,NYMEX,60m,60m,60,98.0,98.0,97.29000091552734,97.7300033569336,0,USD,,,,,,other_valid_hours,,Yahoo 60m history truncated by provider lookback window | Missing FX for INR conversion,,,,,,,,
2026-05-21 22:30:00+00:00,2026-05-22 04:00:00,2026-05-22 00:00:00,WTI Crude Futures,NYMEX,60m,1m,1,97.52999877929688,97.91000366210938,97.52999877929688,97.62000274658205,1606,USD,,,,,,global_reopen_pre_mcx,,Yahoo 1m history truncated by provider lookback window | Missing FX for INR conversion,,,,,,,,
2026-05-21 23:30:00+00:00,2026-05-22 05:00:00,2026-05-22 00:00:00,WTI Crude Futures,NYMEX,60m,5m,5,97.61000061035156,98.1500015258789,97.51000213623048,98.06999969482422,2278,USD,,,,,,global_reopen_pre_mcx,,Yahoo 5m history truncated by provider lookback window | Missing FX for INR conversion,,,,,,,,
2026-05-22 00:30:00+00:00,2026-05-22 06:00:00,2026-05-22 00:00:00,WTI Crude Futures,NYMEX,60m,1m,1,98.08000183105467,98.3499984741211,97.73999786376952,98.08999633789062,2489,USD,,,,,,global_reopen_pre_mcx,,Yahoo 1m history truncated by provider lookback window | Missing FX for INR conversion,,,,,,,,
2026-05-22 01:30:00+00:00,2026-05-22 07:00:00,2026-05-22 00:00:00,WTI Crude Futures,NYMEX,60m,1m,1,98.08000183105467,98.13999938964844,97.62000274658205,97.80999755859376,2030,USD,,,,,,global_reopen_pre_mcx,,Yahoo 1m history truncated by provider lookback window | Missing FX for INR conversion,,,,,,,,
2026-05-22 02:30:00+00:00,2026-05-22 08:00:00,2026-05-22 00:00:00,WTI Crude Futures,NYMEX,60m,1m,1,97.81999969482422,97.81999969482422,97.23999786376952,97.5500030517578,2022,USD,,,,,,global_reopen_pre_mcx,,Yahoo 1m history truncated by provider lookback window | Missing FX for INR conversion,,,,,,,,
2026-05-22 03:30:00+00:00,2026-05-22 09:00:00,2026-05-22 00:00:00,WTI Crude Futures,NYMEX,60m,5m,5,97.52999877929688,97.54000091552734,96.91999816894533,97.25,1815,USD,,,,,,mcx_open_drive,first_15m_after_mcx_open,Yahoo 5m history truncated by provider lookback window | Missing FX for INR conversion,,,,,,,,
2026-05-22 04:30:00+00:00,2026-05-22 10:00:00,2026-05-22 00:00:00,WTI Crude Futures,NYMEX,60m,1m,1,97.2699966430664,97.75,97.20999908447266,97.6999969482422,1407,USD,,,,,,mcx_open_drive,,Yahoo 1m history truncated by provider lookback window | Missing FX for INR conversion,,,,,,,,
2026-05-22 05:30:00+00:00,2026-05-22 11:00:00,2026-05-22 00:00:00,WTI Crude Futures,NYMEX,60m,1m,1,97.68000030517578,98.7300033569336,97.66000366210938,97.98999786376952,3325,USD,,,,,,india_morning,,Yahoo 1m history truncated by provider lookback window | Missing FX for INR conversion,,,,,,,,
2026-05-22 06:30:00+00:00,2026-05-22 12:00:00,2026-05-22 00:00:00,WTI Crude Futures,NYMEX,60m,1m,1,97.9800033569336,98.55999755859376,97.91999816894533,98.16000366210938,5584,USD,,,,,,india_morning,,Yahoo 1m history truncated by provider lookback window | Missing FX for INR conversion,,,,,,,,
2026-05-22 07:30:00+00:00,2026-05-22 13:00:00,2026-05-22 00:00:00,WTI Crude Futures,NYMEX,60m,1m,1,98.16999816894533,98.93000030517578,98.08999633789062,98.37999725341795,8844,USD,,,,,,india_midday,,Yahoo 1m history truncated by provider lookback window | Missing FX for INR conversion,,,,,,,,
2026-05-22 08:30:00+00:00,2026-05-22 14:00:00,2026-05-22 00:00:00,WTI Crude Futures,NYMEX,60m,1m,1,98.38999938964844,99.43000030517578,98.2699966430664,98.8000030517578,8570,USD,,,,,,india_midday,,Yahoo 1m history truncated by provider lookback window | Missing FX for INR conversion,,,,,,,,
2026-05-22 09:30:00+00:00,2026-05-22 15:00:00,2026-05-22 00:00:00,WTI Crude Futures,NYMEX,60m,1m,1,98.80999755859376,98.8499984741211,97.66000366210938,98.5,5860,USD,,,,,,india_midday,,Yahoo 1m history truncated by provider lookback window | Missing FX for INR conversion,,,,,,,,
2026-05-22 10:30:00+00:00,2026-05-22 16:00:00,2026-05-22 00:00:00,WTI Crude Futures,NYMEX,60m,1m,1,98.48999786376952,98.8000030517578,98.08000183105467,98.58000183105467,5703,USD,,,,,,europe_open,first_hour_after_europe_open,Yahoo 1m history truncated by provider lookback window | Missing FX for INR conversion,,,,,,,,
2026-05-22 11:30:00+00:00,2026-05-22 17:00:00,2026-05-22 00:00:00,WTI Crude Futures,NYMEX,60m,1m,1,98.56999969482422,98.66000366210938,95.6500015258789,96.61000061035156,22592,USD,,,,,,europe_open,,Yahoo 1m history truncated by provider lookback window | Missing FX for INR conversion,,,,,,,,
2026-05-22 12:30:00+00:00,2026-05-22 18:00:00,2026-05-22 00:00:00,WTI Crude Futures,NYMEX,60m,1m,1,96.5999984741211,96.9499969482422,95.45999908447266,96.56999969482422,19987,USD,,,,,,europe_mid,,Yahoo 1m history truncated by provider lookback window | Missing FX for INR conversion,,,,,,,,
2026-05-22 13:30:00+00:00,2026-05-22 19:00:00,2026-05-22 00:00:00,WTI Crude Futures,NYMEX,60m,1m,1,96.58999633789062,98.16999816894533,96.37999725341795,97.54000091552734,25360,USD,,,,,,europe_mid,,Yahoo 1m history truncated by provider lookback window | Missing FX for INR conversion,,,,,,,,
2026-05-22 14:30:00+00:00,2026-05-22 20:00:00,2026-05-22 00:00:00,WTI Crude Futures,NYMEX,60m,1m,1,97.55999755859376,97.95999908447266,97.29000091552734,97.4499969482422,14078,USD,,,,,,us_pre_open,,Yahoo 1m history truncated by provider lookback window | Missing FX for INR conversion,,,,,,,,
2026-05-22 15:30:00+00:00,2026-05-22 21:00:00,2026-05-22 00:00:00,WTI Crude Futures,NYMEX,60m,1m,1,97.44000244140624,97.47000122070312,96.8000030517578,96.9000015258789,18158,USD,,,,,,us_open,first_30m_after_us_open,Yahoo 1m history truncated by provider lookback window | Missing FX for INR conversion,,,,,,,,
2026-05-22 16:30:00+00:00,2026-05-22 22:00:00,2026-05-22 00:00:00,WTI Crude Futures,NYMEX,60m,1m,1,96.88999938964844,97.23999786376952,94.7300033569336,95.0,30840,USD,,,,,,us_open,,Yahoo 1m history truncated by provider lookback window | Missing FX for INR conversion,,,,,,,,
2026-05-22 17:30:00+00:00,2026-05-22 23:00:00,2026-05-22 00:00:00,WTI Crude Futures,NYMEX,60m,1m,1,94.98999786376952,96.75,94.8000030517578,96.75,35612,USD,,,,,,mcx_tail,final_hour_before_mcx_close,Yahoo 1m history truncated by provider lookback window | Missing FX for INR conversion,,,,,,,,
2026-05-22 18:30:00+00:00,2026-05-23 00:00:00,2026-05-22 00:00:00,WTI Crude Futures,NYMEX,60m,1m,1,96.76000213623048,96.9499969482422,96.0,96.81999969482422,10715,USD,,,,,,other_valid_hours,,Yahoo 1m history truncated by provider lookback window | Missing FX for INR conversion,,,,,,,,
2026-05-22 19:30:00+00:00,2026-05-23 01:00:00,2026-05-22 00:00:00,WTI Crude Futures,NYMEX,60m,1m,1,96.81999969482422,96.94000244140624,95.97000122070312,96.18000030517578,6863,USD,,,,,,other_valid_hours,,Yahoo 1m history truncated by provider lookback window | Missing FX for INR conversion,,,,,,,,
2026-05-22 20:30:00+00:00,2026-05-23 02:00:00,2026-05-22 00:00:00,WTI Crude Futures,NYMEX,60m,1m,1,96.18000030517578,97.2699966430664,96.06999969482422,96.5999984741211,4897,USD,,,,,,other_valid_hours,,Yahoo 1m history truncated by provider lookback window | Missing FX for INR conversion | Partial 1m coverage used for 60m bucket because no fuller finer bucket was available,,,,,,,,
2026-05-26 04:00:00+00:00,2026-05-26 09:00:00,2026-05-26 00:00:00,WTI Crude Futures,NYMEX,60m,60m,60,91.66000366210938,92.12000274658205,91.58000183105467,92.0199966430664,1878,USD,,,,,,mcx_open_drive,first_15m_after_mcx_open,Yahoo 60m history truncated by provider lookback window | Missing FX for INR conversion,,,,,,,,
2026-05-26 04:30:00+00:00,2026-05-26 10:00:00,2026-05-26 00:00:00,WTI Crude Futures,NYMEX,60m,1m,1,91.83999633789062,92.5500030517578,91.69000244140624,92.0500030517578,3180,USD,,,,,,mcx_open_drive,,Yahoo 1m history truncated by provider lookback window | Missing FX for INR conversion,,,,,,,,
2026-05-26 05:30:00+00:00,2026-05-26 11:00:00,2026-05-26 00:00:00,WTI Crude Futures,NYMEX,60m,1m,1,92.05999755859376,92.30999755859376,91.58000183105467,91.95999908447266,4143,USD,,,,,,india_morning,,Yahoo 1m history truncated by provider lookback window | Missing FX for INR conversion,,,,,,,,
2026-05-26 06:30:00+00:00,2026-05-26 12:00:00,2026-05-26 00:00:00,WTI Crude Futures,NYMEX,60m,1m,1,91.94000244140624,92.75,91.4000015258789,92.30999755859376,7435,USD,,,,,,india_morning,,Yahoo 1m history truncated by provider lookback window | Missing FX for INR conversion,,,,,,,,
2026-05-26 07:30:00+00:00,2026-05-26 13:00:00,2026-05-26 00:00:00,WTI Crude Futures,NYMEX,60m,1m,1,92.30999755859376,92.95999908447266,92.2699966430664,92.76000213623048,8174,USD,,,,,,india_midday,,Yahoo 1m history truncated by provider lookback window | Missing FX for INR conversion,,,,,,,,
2026-05-26 08:30:00+00:00,2026-05-26 14:00:00,2026-05-26 00:00:00,WTI Crude Futures,NYMEX,60m,1m,1,92.7699966430664,93.63999938964844,92.68000030517578,93.0199966430664,7854,USD,,,,,,india_midday,,Yahoo 1m history truncated by provider lookback window | Missing FX for INR conversion,,,,,,,,
2026-05-26 09:30:00+00:00,2026-05-26 15:00:00,2026-05-26 00:00:00,WTI Crude Futures,NYMEX,60m,1m,1,93.02999877929688,93.12000274658205,91.77999877929688,91.83999633789062,7313,USD,,,,,,india_midday,,Yahoo 1m history truncated by provider lookback window | Missing FX for INR conversion,,,,,,,,
2026-05-26 10:30:00+00:00,2026-05-26 16:00:00,2026-05-26 00:00:00,WTI Crude Futures,NYMEX,60m,1m,1,91.8499984741211,92.5,91.5,92.43000030517578,7286,USD,,,,,,europe_open,first_hour_after_europe_open,Yahoo 1m history truncated by provider lookback window | Missing FX for INR conversion,,,,,,,,
2026-05-26 11:30:00+00:00,2026-05-26 17:00:00,2026-05-26 00:00:00,WTI Crude Futures,NYMEX,60m,1m,1,92.44000244140624,93.36000061035156,92.16999816894533,92.75,11154,USD,,,,,,europe_open,,Yahoo 1m history truncated by provider lookback window | Missing FX for INR conversion,,,,,,,,
2026-05-26 12:30:00+00:00,2026-05-26 18:00:00,2026-05-26 00:00:00,WTI Crude Futures,NYMEX,60m,1m,1,92.72000122070312,93.05999755859376,92.4800033569336,93.04000091552734,10233,USD,,,,,,europe_mid,,Yahoo 1m history truncated by provider lookback window | Missing FX for INR conversion,,,,,,,,
2026-05-26 13:30:00+00:00,2026-05-26 19:00:00,2026-05-26 00:00:00,WTI Crude Futures,NYMEX,60m,1m,1,93.05999755859376,94.51000213623048,92.8000030517578,93.81999969482422,25263,USD,,,,,,europe_mid,,Yahoo 1m history truncated by provider lookback window | Missing FX for INR conversion,,,,,,,,
2026-05-26 14:30:00+00:00,2026-05-26 20:00:00,2026-05-26 00:00:00,WTI Crude Futures,NYMEX,60m,1m,1,93.8000030517578,94.6999969482422,93.16999816894533,94.63999938964844,27153,USD,,,,,,us_pre_open,,Yahoo 1m history truncated by provider lookback window | Missing FX for INR conversion,,,,,,,,
2026-05-26 15:30:00+00:00,2026-05-26 21:00:00,2026-05-26 00:00:00,WTI Crude Futures,NYMEX,60m,1m,1,94.62000274658205,94.62999725341795,93.80999755859376,94.06999969482422,17960,USD,,,,,,us_open,first_30m_after_us_open,Yahoo 1m history truncated by provider lookback window | Missing FX for INR conversion,,,,,,,,
2026-05-26 16:30:00+00:00,2026-05-26 22:00:00,2026-05-26 00:00:00,WTI Crude Futures,NYMEX,60m,1m,1,94.06999969482422,94.30999755859376,93.70999908447266,94.0500030517578,15535,USD,,,,,,us_open,,Yahoo 1m history truncated by provider lookback window | Missing FX for INR conversion,,,,,,,,
2026-05-26 17:30:00+00:00,2026-05-26 23:00:00,2026-05-26 00:00:00,WTI Crude Futures,NYMEX,60m,1m,1,94.0500030517578,94.13999938964844,93.5500030517578,93.88999938964844,24251,USD,,,,,,mcx_tail,final_hour_before_mcx_close,Yahoo 1m history truncated by provider lookback window | Missing FX for INR conversion,,,,,,,,
2026-05-26 18:30:00+00:00,2026-05-27 00:00:00,2026-05-26 00:00:00,WTI Crude Futures,NYMEX,60m,1m,1,93.87999725341795,94.06999969482422,93.41000366210938,93.95999908447266,9664,USD,,,,,,other_valid_hours,,Yahoo 1m history truncated by provider lookback window | Missing FX for INR conversion,,,,,,,,
2026-05-26 19:30:00+00:00,2026-05-27 01:00:00,2026-05-26 00:00:00,WTI Crude Futures,NYMEX,60m,1m,1,93.95999908447266,94.0199966430664,93.1999969482422,93.6999969482422,5107,USD,,,,,,other_valid_hours,,Yahoo 1m history truncated by provider lookback window | Missing FX for INR conversion,,,,,,,,
2026-05-26 20:30:00+00:00,2026-05-27 02:00:00,2026-05-26 00:00:00,WTI Crude Futures,NYMEX,60m,1m,1,93.6999969482422,93.87000274658205,93.4800033569336,93.56999969482422,1647,USD,,,,,,other_valid_hours,,Yahoo 1m history truncated by provider lookback window | Missing FX for INR conversion | Partial 1m coverage used for 60m bucket because no fuller finer bucket was available,,,,,,,,
2026-05-26 22:00:00+00:00,2026-05-27 03:00:00,2026-05-27 00:00:00,WTI Crude Futures,NYMEX,60m,60m,60,93.38999938964844,93.69000244140624,93.3000030517578,93.58000183105467,0,USD,,,,,,other_valid_hours,,Yahoo 60m history truncated by provider lookback window | Missing FX for INR conversion,,,,,,,,
2026-05-26 22:30:00+00:00,2026-05-27 04:00:00,2026-05-27 00:00:00,WTI Crude Futures,NYMEX,60m,5m,5,93.66999816894533,93.68000030517578,93.29000091552734,93.31999969482422,1047,USD,,,,,,global_reopen_pre_mcx,,Yahoo 5m history truncated by provider lookback window | Missing FX for INR conversion,,,,,,,,
2026-05-26 23:30:00+00:00,2026-05-27 05:00:00,2026-05-27 00:00:00,WTI Crude Futures,NYMEX,60m,1m,1,93.33000183105467,93.43000030517578,92.80999755859376,93.13999938964844,2334,USD,,,,,,global_reopen_pre_mcx,,Yahoo 1m history truncated by provider lookback window | Missing FX for INR conversion,,,,,,,,
2026-05-27 00:30:00+00:00,2026-05-27 06:00:00,2026-05-27 00:00:00,WTI Crude Futures,NYMEX,60m,1m,1,93.16000366210938,93.23999786376952,92.5500030517578,92.88999938964844,3602,USD,,,,,,global_reopen_pre_mcx,,Yahoo 1m history truncated by provider lookback window | Missing FX for INR conversion,,,,,,,,
2026-05-27 01:30:00+00:00,2026-05-27 07:00:00,2026-05-27 00:00:00,WTI Crude Futures,NYMEX,60m,1m,1,92.9000015258789,92.9800033569336,92.41000366210938,92.62999725341795,1963,USD,,,,,,global_reopen_pre_mcx,,Yahoo 1m history truncated by provider lookback window | Missing FX for INR conversion,,,,,,,,
2026-05-27 02:30:00+00:00,2026-05-27 08:00:00,2026-05-27 00:00:00,WTI Crude Futures,NYMEX,60m,1m,1,92.62999725341795,92.75,91.87000274658205,92.02999877929688,3687,USD,,,,,,global_reopen_pre_mcx,,Yahoo 1m history truncated by provider lookback window | Missing FX for INR conversion,,,,,,,,
2026-05-27 03:30:00+00:00,2026-05-27 09:00:00,2026-05-27 00:00:00,WTI Crude Futures,NYMEX,60m,5m,5,92.04000091552734,92.30999755859376,91.80999755859376,91.97000122070312,1590,USD,,,,,,mcx_open_drive,first_15m_after_mcx_open,Yahoo 5m history truncated by provider lookback window | Missing FX for INR conversion,,,,,,,,
2026-05-27 04:30:00+00:00,2026-05-27 10:00:00,2026-05-27 00:00:00,WTI Crude Futures,NYMEX,60m,1m,1,91.9800033569336,92.0999984741211,91.7300033569336,91.94000244140624,1834,USD,,,,,,mcx_open_drive,,Yahoo 1m history truncated by provider lookback window | Missing FX for INR conversion,,,,,,,,
2026-05-27 05:30:00+00:00,2026-05-27 11:00:00,2026-05-27 00:00:00,WTI Crude Futures,NYMEX,60m,1m,1,91.91999816894533,92.22000122070312,91.5199966430664,91.9000015258789,3856,USD,,,,,,india_morning,,Yahoo 1m history truncated by provider lookback window | Missing FX for INR conversion,,,,,,,,
2026-05-27 06:30:00+00:00,2026-05-27 12:00:00,2026-05-27 00:00:00,WTI Crude Futures,NYMEX,60m,1m,1,91.91000366210938,92.04000091552734,91.0,91.16999816894533,6831,USD,,,,,,india_morning,,Yahoo 1m history truncated by provider lookback window | Missing FX for INR conversion,,,,,,,,
2026-05-27 07:30:00+00:00,2026-05-27 13:00:00,2026-05-27 00:00:00,WTI Crude Futures,NYMEX,60m,1m,1,91.16000366210938,91.48999786376952,90.37000274658205,90.58000183105467,9273,USD,,,,,,india_midday,,Yahoo 1m history truncated by provider lookback window | Missing FX for INR conversion,,,,,,,,
2026-05-27 08:30:00+00:00,2026-05-27 14:00:00,2026-05-27 00:00:00,WTI Crude Futures,NYMEX,60m,1m,1,90.56999969482422,90.81999969482422,89.63999938964844,90.0,11297,USD,,,,,,india_midday,,Yahoo 1m history truncated by provider lookback window | Missing FX for INR conversion,,,,,,,,
2026-05-27 09:30:00+00:00,2026-05-27 15:00:00,2026-05-27 00:00:00,WTI Crude Futures,NYMEX,60m,1m,1,89.98999786376953,90.4499969482422,89.77999877929688,90.33000183105467,7005,USD,,,,,,india_midday,,Yahoo 1m history truncated by provider lookback window | Missing FX for INR conversion,,,,,,,,
2026-05-27 10:30:00+00:00,2026-05-27 16:00:00,2026-05-27 00:00:00,WTI Crude Futures,NYMEX,60m,1m,1,90.33000183105467,90.83000183105467,89.95999908447266,90.69000244140624,9981,USD,,,,,,europe_open,first_hour_after_europe_open,Yahoo 1m history truncated by provider lookback window | Missing FX for INR conversion,,,,,,,,
2026-05-27 11:30:00+00:00,2026-05-27 17:00:00,2026-05-27 00:00:00,WTI Crude Futures,NYMEX,60m,1m,1,90.69000244140624,90.8499984741211,88.25,88.5199966430664,26222,USD,,,,,,europe_open,,Yahoo 1m history truncated by provider lookback window | Missing FX for INR conversion,,,,,,,,
2026-05-27 12:30:00+00:00,2026-05-27 18:00:00,2026-05-27 00:00:00,WTI Crude Futures,NYMEX,60m,1m,1,88.51000213623047,89.76000213623047,87.7699966430664,89.70999908447266,32137,USD,,,,,,europe_mid,,Yahoo 1m history truncated by provider lookback window | Missing FX for INR conversion,,,,,,,,
2026-05-27 13:30:00+00:00,2026-05-27 19:00:00,2026-05-27 00:00:00,WTI Crude Futures,NYMEX,60m,1m,1,89.72000122070312,90.29000091552734,89.3499984741211,89.56999969482422,24615,USD,,,,,,europe_mid,,Yahoo 1m history truncated by provider lookback window | Missing FX for INR conversion,,,,,,,,
2026-05-27 14:30:00+00:00,2026-05-27 20:00:00,2026-05-27 00:00:00,WTI Crude Futures,NYMEX,60m,1m,1,89.58000183105469,91.19000244140624,89.4800033569336,90.62000274658205,29535,USD,,,,,,us_pre_open,,Yahoo 1m history truncated by provider lookback window | Missing FX for INR conversion,,,,,,,,
2026-05-27 15:30:00+00:00,2026-05-27 21:00:00,2026-05-27 00:00:00,WTI Crude Futures,NYMEX,60m,1m,1,90.61000061035156,90.83000183105467,89.66000366210938,89.87999725341797,27490,USD,,,,,,us_open,first_30m_after_us_open,Yahoo 1m history truncated by provider lookback window | Missing FX for INR conversion,,,,,,,,
2026-05-27 16:30:00+00:00,2026-05-27 22:00:00,2026-05-27 00:00:00,WTI Crude Futures,NYMEX,60m,1m,1,89.87999725341797,90.0999984741211,89.41999816894531,89.66000366210938,13505,USD,,,,,,us_open,,Yahoo 1m history truncated by provider lookback window | Missing FX for INR conversion,,,,,,,,
2026-05-27 17:30:00+00:00,2026-05-27 23:00:00,2026-05-27 00:00:00,WTI Crude Futures,NYMEX,60m,1m,1,89.6500015258789,89.76000213623047,88.56999969482422,88.5999984741211,33268,USD,,,,,,mcx_tail,final_hour_before_mcx_close,Yahoo 1m history truncated by provider lookback window | Missing FX for INR conversion,,,,,,,,
2026-05-27 22:00:00+00:00,2026-05-28 03:00:00+05:30,2026-05-28,WTI Crude Futures,NYMEX,60m,60m,60,89.11000061035156,90.08000183105467,89.11000061035156,89.69999694824219,0,USD,,,,,,other_valid_hours,,Missing FX for INR conversion,WTI,yahoo_intraday_direct | bucket_complete_60m_for_60m,yahoo_front_symbol_no_verified_roll_metadata,CL=F,yahoo_finance,https://finance.yahoo.com,UTC,MISSING_DAILY_FX
2026-05-27 22:30:00+00:00,2026-05-28 04:00:00+05:30,2026-05-28,WTI Crude Futures,NYMEX,60m,5m,5,89.83000183105469,90.16999816894533,89.41000366210938,89.98999786376953,1792,USD,,,,,,global_reopen_pre_mcx,,Missing FX for INR conversion,WTI,yahoo_intraday_direct | bucket_complete_5m_for_60m,yahoo_front_symbol_no_verified_roll_metadata,CL=F,yahoo_finance,https://finance.yahoo.com,UTC,MISSING_DAILY_FX
2026-05-27 23:30:00+00:00,2026-05-28 05:00:00+05:30,2026-05-28,WTI Crude Futures,NYMEX,60m,1m,1,89.98999786376953,90.69000244140624,89.88999938964844,90.29000091552734,4666,USD,,,,,,global_reopen_pre_mcx,,Missing FX for INR conversion,WTI,yahoo_intraday_direct | bucket_complete_1m_for_60m,yahoo_front_symbol_no_verified_roll_metadata,CL=F,yahoo_finance,https://finance.yahoo.com,UTC,MISSING_DAILY_FX
2026-05-28 00:30:00+00:00,2026-05-28 06:00:00+05:30,2026-05-28,WTI Crude Futures,NYMEX,60m,1m,1,90.30999755859376,90.66000366210938,90.05000305175781,90.0999984741211,3497,USD,,,,,,global_reopen_pre_mcx,,Missing FX for INR conversion,WTI,yahoo_intraday_direct | bucket_complete_1m_for_60m,yahoo_front_symbol_no_verified_roll_metadata,CL=F,yahoo_finance,https://finance.yahoo.com,UTC,MISSING_DAILY_FX
2026-05-28 01:30:00+00:00,2026-05-28 07:00:00+05:30,2026-05-28,WTI Crude Futures,NYMEX,60m,1m,1,90.11000061035156,90.41999816894533,89.97000122070312,90.19000244140624,1985,USD,,,,,,global_reopen_pre_mcx,,Missing FX for INR conversion,WTI,yahoo_intraday_direct | bucket_complete_1m_for_60m,yahoo_front_symbol_no_verified_roll_metadata,CL=F,yahoo_finance,https://finance.yahoo.com,UTC,MISSING_DAILY_FX
2026-05-28 02:30:00+00:00,2026-05-28 08:00:00+05:30,2026-05-28,WTI Crude Futures,NYMEX,60m,1m,1,90.20999908447266,91.91000366210938,89.93000030517578,91.44000244140624,7135,USD,,,,,,global_reopen_pre_mcx,,Missing FX for INR conversion,WTI,yahoo_intraday_direct | bucket_complete_1m_for_60m,yahoo_front_symbol_no_verified_roll_metadata,CL=F,yahoo_finance,https://finance.yahoo.com,UTC,MISSING_DAILY_FX
2026-05-28 03:30:00+00:00,2026-05-28 09:00:00+05:30,2026-05-28,WTI Crude Futures,NYMEX,60m,5m,5,91.41999816894533,92.5199966430664,91.41999816894533,92.41999816894533,5286,USD,,,,,,mcx_open_drive,first_15m_after_mcx_open,Missing FX for INR conversion,WTI,yahoo_intraday_direct | bucket_complete_5m_for_60m,yahoo_front_symbol_no_verified_roll_metadata,CL=F,yahoo_finance,https://finance.yahoo.com,UTC,MISSING_DAILY_FX
2026-05-28 04:30:00+00:00,2026-05-28 10:00:00+05:30,2026-05-28,WTI Crude Futures,NYMEX,60m,1m,1,92.41000366210938,92.41999816894533,91.91999816894533,92.0199966430664,2762,USD,,,,,,mcx_open_drive,,Missing FX for INR conversion,WTI,yahoo_intraday_direct | bucket_complete_1m_for_60m,yahoo_front_symbol_no_verified_roll_metadata,CL=F,yahoo_finance,https://finance.yahoo.com,UTC,MISSING_DAILY_FX
2026-05-28 05:30:00+00:00,2026-05-28 11:00:00+05:30,2026-05-28,WTI Crude Futures,NYMEX,60m,1m,1,92.01000213623048,92.01000213623048,91.1500015258789,91.27999877929688,4038,USD,,,,,,india_morning,,Missing FX for INR conversion,WTI,yahoo_intraday_direct | bucket_complete_1m_for_60m,yahoo_front_symbol_no_verified_roll_metadata,CL=F,yahoo_finance,https://finance.yahoo.com,UTC,MISSING_DAILY_FX
2026-05-28 06:30:00+00:00,2026-05-28 12:00:00+05:30,2026-05-28,WTI Crude Futures,NYMEX,60m,1m,1,91.29000091552734,91.31999969482422,90.75,91.20999908447266,4913,USD,,,,,,india_morning,,Missing FX for INR conversion,WTI,yahoo_intraday_direct | bucket_complete_1m_for_60m,yahoo_front_symbol_no_verified_roll_metadata,CL=F,yahoo_finance,https://finance.yahoo.com,UTC,MISSING_DAILY_FX
2026-05-28 07:30:00+00:00,2026-05-28 13:00:00+05:30,2026-05-28,WTI Crude Futures,NYMEX,60m,1m,1,91.1999969482422,91.41999816894533,90.55999755859376,90.83999633789062,6510,USD,,,,,,india_midday,,Missing FX for INR conversion,WTI,yahoo_intraday_direct | bucket_complete_1m_for_60m,yahoo_front_symbol_no_verified_roll_metadata,CL=F,yahoo_finance,https://finance.yahoo.com,UTC,MISSING_DAILY_FX
2026-05-28 08:30:00+00:00,2026-05-28 14:00:00+05:30,2026-05-28,WTI Crude Futures,NYMEX,60m,1m,1,90.81999969482422,91.0199966430664,90.16000366210938,90.44000244140624,4817,USD,,,,,,india_midday,,Missing FX for INR conversion,WTI,yahoo_intraday_direct | bucket_complete_1m_for_60m,yahoo_front_symbol_no_verified_roll_metadata,CL=F,yahoo_finance,https://finance.yahoo.com,UTC,MISSING_DAILY_FX
2026-05-28 09:30:00+00:00,2026-05-28 15:00:00+05:30,2026-05-28,WTI Crude Futures,NYMEX,60m,1m,1,90.45999908447266,90.77999877929688,89.87000274658203,90.2300033569336,4909,USD,,,,,,india_midday,,Missing FX for INR conversion,WTI,yahoo_intraday_direct | bucket_complete_1m_for_60m,yahoo_front_symbol_no_verified_roll_metadata,CL=F,yahoo_finance,https://finance.yahoo.com,UTC,MISSING_DAILY_FX
2026-05-28 10:30:00+00:00,2026-05-28 16:00:00+05:30,2026-05-28,WTI Crude Futures,NYMEX,60m,1m,1,90.2300033569336,91.38999938964844,90.2300033569336,91.23999786376952,8673,USD,,,,,,europe_open,first_hour_after_europe_open,Missing FX for INR conversion,WTI,yahoo_intraday_direct | bucket_complete_1m_for_60m,yahoo_front_symbol_no_verified_roll_metadata,CL=F,yahoo_finance,https://finance.yahoo.com,UTC,MISSING_DAILY_FX
2026-05-28 11:30:00+00:00,2026-05-28 17:00:00+05:30,2026-05-28,WTI Crude Futures,NYMEX,60m,1m,1,91.25,91.56999969482422,91.0,91.0500030517578,8619,USD,,,,,,europe_open,,Missing FX for INR conversion,WTI,yahoo_intraday_direct | bucket_complete_1m_for_60m,yahoo_front_symbol_no_verified_roll_metadata,CL=F,yahoo_finance,https://finance.yahoo.com,UTC,MISSING_DAILY_FX
2026-05-28 12:30:00+00:00,2026-05-28 18:00:00+05:30,2026-05-28,WTI Crude Futures,NYMEX,60m,1m,1,91.0500030517578,91.08999633789062,90.3000030517578,90.98999786376952,12853,USD,,,,,,europe_mid,,Missing FX for INR conversion,WTI,yahoo_intraday_direct | bucket_complete_1m_for_60m,yahoo_front_symbol_no_verified_roll_metadata,CL=F,yahoo_finance,https://finance.yahoo.com,UTC,MISSING_DAILY_FX
2026-05-28 13:30:00+00:00,2026-05-28 19:00:00+05:30,2026-05-28,WTI Crude Futures,NYMEX,60m,1m,1,91.0,91.3499984741211,87.11000061035156,89.13999938964844,28995,USD,,,,,,europe_mid,,Missing FX for INR conversion,WTI,yahoo_intraday_direct | bucket_complete_1m_for_60m,yahoo_front_symbol_no_verified_roll_metadata,CL=F,yahoo_finance,https://finance.yahoo.com,UTC,MISSING_DAILY_FX
2026-05-28 14:30:00+00:00,2026-05-28 20:00:00+05:30,2026-05-28,WTI Crude Futures,NYMEX,60m,1m,1,89.1500015258789,90.16000366210938,88.87999725341797,89.77999877929688,23880,USD,,,,,,us_pre_open,,Missing FX for INR conversion,WTI,yahoo_intraday_direct | bucket_complete_1m_for_60m,yahoo_front_symbol_no_verified_roll_metadata,CL=F,yahoo_finance,https://finance.yahoo.com,UTC,MISSING_DAILY_FX
2026-05-28 15:30:00+00:00,2026-05-28 21:00:00+05:30,2026-05-28,WTI Crude Futures,NYMEX,60m,1m,1,89.7699966430664,90.25,88.80000305175781,89.16999816894531,18221,USD,,,,,,us_open,first_30m_after_us_open,Missing FX for INR conversion,WTI,yahoo_intraday_direct | bucket_complete_1m_for_60m,yahoo_front_symbol_no_verified_roll_metadata,CL=F,yahoo_finance,https://finance.yahoo.com,UTC,MISSING_DAILY_FX
2026-05-28 16:30:00+00:00,2026-05-28 22:00:00+05:30,2026-05-28,WTI Crude Futures,NYMEX,60m,1m,1,89.16999816894531,89.27999877929688,88.0199966430664,89.04000091552734,19635,USD,,,,,,us_open,,Missing FX for INR conversion,WTI,yahoo_intraday_direct | bucket_complete_1m_for_60m,yahoo_front_symbol_no_verified_roll_metadata,CL=F,yahoo_finance,https://finance.yahoo.com,UTC,MISSING_DAILY_FX
2026-05-28 17:30:00+00:00,2026-05-28 23:00:00+05:30,2026-05-28,WTI Crude Futures,NYMEX,60m,1m,1,89.02999877929688,89.3499984741211,88.58999633789062,88.9000015258789,24758,USD,,,,,,mcx_tail,final_hour_before_mcx_close,Missing FX for INR conversion,WTI,yahoo_intraday_direct | bucket_complete_1m_for_60m,yahoo_front_symbol_no_verified_roll_metadata,CL=F,yahoo_finance,https://finance.yahoo.com,UTC,MISSING_DAILY_FX
2026-05-28 18:30:00+00:00,2026-05-29 00:00:00+05:30,2026-05-28,WTI Crude Futures,NYMEX,60m,1m,1,88.93000030517578,89.54000091552734,88.87000274658203,89.29000091552734,6356,USD,,,,,,other_valid_hours,,Missing FX for INR conversion,WTI,yahoo_intraday_direct | bucket_complete_1m_for_60m,yahoo_front_symbol_no_verified_roll_metadata,CL=F,yahoo_finance,https://finance.yahoo.com,UTC,MISSING_DAILY_FX
2026-05-28 19:30:00+00:00,2026-05-29 01:00:00+05:30,2026-05-28,WTI Crude Futures,NYMEX,60m,1m,1,89.31999969482422,89.63999938964844,88.69999694824219,88.79000091552734,6792,USD,,,,,,other_valid_hours,,Missing FX for INR conversion,WTI,yahoo_intraday_direct | bucket_complete_1m_for_60m,yahoo_front_symbol_no_verified_roll_metadata,CL=F,yahoo_finance,https://finance.yahoo.com,UTC,MISSING_DAILY_FX
2026-05-28 20:30:00+00:00,2026-05-29 02:00:00+05:30,2026-05-28,WTI Crude Futures,NYMEX,60m,1m,1,88.79000091552734,88.95999908447266,88.52999877929688,88.52999877929688,1760,USD,,,,,,other_valid_hours,,Missing FX for INR conversion | Partial 1m coverage used for 60m bucket because no fuller finer bucket was available,WTI,yahoo_intraday_direct | bucket_partial_1m_for_60m,yahoo_front_symbol_no_verified_roll_metadata,CL=F,yahoo_finance,https://finance.yahoo.com,UTC,MISSING_DAILY_FX | PARTIAL_60M_BUCKET_FROM_1M
2026-05-28 22:00:00+00:00,2026-05-29 03:00:00+05:30,2026-05-29,WTI Crude Futures,NYMEX,60m,60m,60,88.55000305175781,88.91999816894531,88.26000213623047,88.51000213623047,0,USD,,,,,,other_valid_hours,,Missing FX for INR conversion,WTI,yahoo_intraday_direct | bucket_complete_60m_for_60m,yahoo_front_symbol_no_verified_roll_metadata,CL=F,yahoo_finance,https://finance.yahoo.com,UTC,MISSING_DAILY_FX
2026-05-28 22:30:00+00:00,2026-05-29 04:00:00+05:30,2026-05-29,WTI Crude Futures,NYMEX,60m,5m,5,88.7699966430664,88.80000305175781,88.19999694824219,88.47000122070312,1031,USD,,,,,,global_reopen_pre_mcx,,Missing FX for INR conversion,WTI,yahoo_intraday_direct | bucket_complete_5m_for_60m,yahoo_front_symbol_no_verified_roll_metadata,CL=F,yahoo_finance,https://finance.yahoo.com,UTC,MISSING_DAILY_FX
2026-05-28 23:30:00+00:00,2026-05-29 05:00:00+05:30,2026-05-29,WTI Crude Futures,NYMEX,60m,5m,5,88.4800033569336,88.66999816894531,87.62999725341797,87.91999816894531,2882,USD,,,,,,global_reopen_pre_mcx,,Missing FX for INR conversion,WTI,yahoo_intraday_direct | bucket_complete_5m_for_60m,yahoo_front_symbol_no_verified_roll_metadata,CL=F,yahoo_finance,https://finance.yahoo.com,UTC,MISSING_DAILY_FX
2026-05-29 00:30:00+00:00,2026-05-29 06:00:00+05:30,2026-05-29,WTI Crude Futures,NYMEX,60m,1m,1,87.93000030517578,88.44999694824219,87.66999816894531,88.31999969482422,2722,USD,,,,,,global_reopen_pre_mcx,,Missing FX for INR conversion,WTI,yahoo_intraday_direct | bucket_complete_1m_for_60m,yahoo_front_symbol_no_verified_roll_metadata,CL=F,yahoo_finance,https://finance.yahoo.com,UTC,MISSING_DAILY_FX
2026-05-29 01:30:00+00:00,2026-05-29 07:00:00+05:30,2026-05-29,WTI Crude Futures,NYMEX,60m,1m,1,88.30000305175781,88.44000244140625,87.56999969482422,87.88999938964844,2542,USD,,,,,,global_reopen_pre_mcx,,Missing FX for INR conversion,WTI,yahoo_intraday_direct | bucket_complete_1m_for_60m,yahoo_front_symbol_no_verified_roll_metadata,CL=F,yahoo_finance,https://finance.yahoo.com,UTC,MISSING_DAILY_FX
2026-05-29 02:30:00+00:00,2026-05-29 08:00:00+05:30,2026-05-29,WTI Crude Futures,NYMEX,60m,1m,1,87.9000015258789,88.05000305175781,87.37000274658203,87.63999938964844,2065,USD,,,,,,global_reopen_pre_mcx,,Missing FX for INR conversion,WTI,yahoo_intraday_direct | bucket_complete_1m_for_60m,yahoo_front_symbol_no_verified_roll_metadata,CL=F,yahoo_finance,https://finance.yahoo.com,UTC,MISSING_DAILY_FX
2026-05-29 03:30:00+00:00,2026-05-29 09:00:00+05:30,2026-05-29,WTI Crude Futures,NYMEX,60m,5m,5,87.62999725341797,88.29000091552734,87.47000122070312,87.72000122070312,3669,USD,,,,,,mcx_open_drive,first_15m_after_mcx_open,Missing FX for INR conversion,WTI,yahoo_intraday_direct | bucket_complete_5m_for_60m,yahoo_front_symbol_no_verified_roll_metadata,CL=F,yahoo_finance,https://finance.yahoo.com,UTC,MISSING_DAILY_FX
2026-05-29 04:30:00+00:00,2026-05-29 10:00:00+05:30,2026-05-29,WTI Crude Futures,NYMEX,60m,1m,1,87.69999694824219,87.98999786376953,87.55999755859375,87.7699966430664,1536,USD,,,,,,mcx_open_drive,,Missing FX for INR conversion,WTI,yahoo_intraday_direct | bucket_complete_1m_for_60m,yahoo_front_symbol_no_verified_roll_metadata,CL=F,yahoo_finance,https://finance.yahoo.com,UTC,MISSING_DAILY_FX
2026-05-29 05:30:00+00:00,2026-05-29 11:00:00+05:30,2026-05-29,WTI Crude Futures,NYMEX,60m,1m,1,87.80000305175781,88.12999725341797,87.37000274658203,87.4000015258789,2664,USD,,,,,,india_morning,,Missing FX for INR conversion,WTI,yahoo_intraday_direct | bucket_complete_1m_for_60m,yahoo_front_symbol_no_verified_roll_metadata,CL=F,yahoo_finance,https://finance.yahoo.com,UTC,MISSING_DAILY_FX
2026-05-29 06:30:00+00:00,2026-05-29 12:00:00+05:30,2026-05-29,WTI Crude Futures,NYMEX,60m,1m,1,87.41999816894531,88.16999816894531,87.16999816894531,88.05000305175781,4076,USD,,,,,,india_morning,,Missing FX for INR conversion,WTI,yahoo_intraday_direct | bucket_complete_1m_for_60m,yahoo_front_symbol_no_verified_roll_metadata,CL=F,yahoo_finance,https://finance.yahoo.com,UTC,MISSING_DAILY_FX
2026-05-29 07:30:00+00:00,2026-05-29 13:00:00+05:30,2026-05-29,WTI Crude Futures,NYMEX,60m,1m,1,88.02999877929688,89.0199966430664,88.02999877929688,88.76000213623047,5796,USD,,,,,,india_midday,,Missing FX for INR conversion,WTI,yahoo_intraday_direct | bucket_complete_1m_for_60m,yahoo_front_symbol_no_verified_roll_metadata,CL=F,yahoo_finance,https://finance.yahoo.com,UTC,MISSING_DAILY_FX
2026-05-29 08:30:00+00:00,2026-05-29 14:00:00+05:30,2026-05-29,WTI Crude Futures,NYMEX,60m,1m,1,88.73999786376953,88.9800033569336,86.86000061035156,87.08999633789062,10956,USD,,,,,,india_midday,,Missing FX for INR conversion,WTI,yahoo_intraday_direct | bucket_complete_1m_for_60m,yahoo_front_symbol_no_verified_roll_metadata,CL=F,yahoo_finance,https://finance.yahoo.com,UTC,MISSING_DAILY_FX
2026-05-29 09:30:00+00:00,2026-05-29 15:00:00+05:30,2026-05-29,WTI Crude Futures,NYMEX,60m,1m,1,87.06999969482422,87.81999969482422,86.95999908447266,87.69999694824219,5495,USD,,,,,,india_midday,,Missing FX for INR conversion,WTI,yahoo_intraday_direct | bucket_complete_1m_for_60m,yahoo_front_symbol_no_verified_roll_metadata,CL=F,yahoo_finance,https://finance.yahoo.com,UTC,MISSING_DAILY_FX
2026-05-29 10:30:00+00:00,2026-05-29 16:00:00+05:30,2026-05-29,WTI Crude Futures,NYMEX,60m,1m,1,87.70999908447266,87.75,86.70999908447266,87.27999877929688,5447,USD,,,,,,europe_open,first_hour_after_europe_open,Missing FX for INR conversion,WTI,yahoo_intraday_direct | bucket_complete_1m_for_60m,yahoo_front_symbol_no_verified_roll_metadata,CL=F,yahoo_finance,https://finance.yahoo.com,UTC,MISSING_DAILY_FX
2026-05-29 11:30:00+00:00,2026-05-29 17:00:00+05:30,2026-05-29,WTI Crude Futures,NYMEX,60m,1m,1,87.29000091552734,88.30999755859375,87.29000091552734,87.68000030517578,7583,USD,,,,,,europe_open,,Missing FX for INR conversion,WTI,yahoo_intraday_direct | bucket_complete_1m_for_60m,yahoo_front_symbol_no_verified_roll_metadata,CL=F,yahoo_finance,https://finance.yahoo.com,UTC,MISSING_DAILY_FX
2026-05-29 12:30:00+00:00,2026-05-29 18:00:00+05:30,2026-05-29,WTI Crude Futures,NYMEX,60m,1m,1,87.66999816894531,88.16000366210938,86.7300033569336,87.52999877929688,17961,USD,,,,,,europe_mid,,Missing FX for INR conversion,WTI,yahoo_intraday_direct | bucket_complete_1m_for_60m,yahoo_front_symbol_no_verified_roll_metadata,CL=F,yahoo_finance,https://finance.yahoo.com,UTC,MISSING_DAILY_FX
2026-05-29 13:30:00+00:00,2026-05-29 19:00:00+05:30,2026-05-29,WTI Crude Futures,NYMEX,60m,1m,1,87.54000091552734,88.55000305175781,87.19999694824219,88.44000244140625,22440,USD,,,,,,europe_mid,,Missing FX for INR conversion,WTI,yahoo_intraday_direct | bucket_complete_1m_for_60m,yahoo_front_symbol_no_verified_roll_metadata,CL=F,yahoo_finance,https://finance.yahoo.com,UTC,MISSING_DAILY_FX
2026-05-29 14:30:00+00:00,2026-05-29 20:00:00+05:30,2026-05-29,WTI Crude Futures,NYMEX,60m,1m,1,88.44999694824219,88.94999694824219,86.3499984741211,87.25,43667,USD,,,,,,us_pre_open,,Missing FX for INR conversion,WTI,yahoo_intraday_direct | bucket_complete_1m_for_60m,yahoo_front_symbol_no_verified_roll_metadata,CL=F,yahoo_finance,https://finance.yahoo.com,UTC,MISSING_DAILY_FX
2026-05-29 15:30:00+00:00,2026-05-29 21:00:00+05:30,2026-05-29,WTI Crude Futures,NYMEX,60m,1m,1,87.25,87.97000122070312,86.91999816894531,87.4800033569336,20517,USD,,,,,,us_open,first_30m_after_us_open,Missing FX for INR conversion,WTI,yahoo_intraday_direct | bucket_complete_1m_for_60m,yahoo_front_symbol_no_verified_roll_metadata,CL=F,yahoo_finance,https://finance.yahoo.com,UTC,MISSING_DAILY_FX
2026-05-29 16:30:00+00:00,2026-05-29 22:00:00+05:30,2026-05-29,WTI Crude Futures,NYMEX,60m,1m,1,87.44000244140625,87.44999694824219,86.43000030517578,87.0999984741211,25304,USD,,,,,,us_open,,Missing FX for INR conversion,WTI,yahoo_intraday_direct | bucket_complete_1m_for_60m,yahoo_front_symbol_no_verified_roll_metadata,CL=F,yahoo_finance,https://finance.yahoo.com,UTC,MISSING_DAILY_FX
2026-05-29 17:30:00+00:00,2026-05-29 23:00:00+05:30,2026-05-29,WTI Crude Futures,NYMEX,60m,1m,1,87.0999984741211,87.55000305175781,86.55999755859375,87.41999816894531,34156,USD,,,,,,mcx_tail,final_hour_before_mcx_close,Missing FX for INR conversion,WTI,yahoo_intraday_direct | bucket_complete_1m_for_60m,yahoo_front_symbol_no_verified_roll_metadata,CL=F,yahoo_finance,https://finance.yahoo.com,UTC,MISSING_DAILY_FX
2026-05-29 18:30:00+00:00,2026-05-30 00:00:00+05:30,2026-05-29,WTI Crude Futures,NYMEX,60m,1m,1,87.41999816894531,88.0,87.12000274658203,87.62999725341797,11935,USD,,,,,,other_valid_hours,,Missing FX for INR conversion,WTI,yahoo_intraday_direct | bucket_complete_1m_for_60m,yahoo_front_symbol_no_verified_roll_metadata,CL=F,yahoo_finance,https://finance.yahoo.com,UTC,MISSING_DAILY_FX
2026-05-29 19:30:00+00:00,2026-05-30 01:00:00+05:30,2026-05-29,WTI Crude Futures,NYMEX,60m,1m,1,87.62999725341797,88.16999816894531,87.5999984741211,87.87000274658203,5364,USD,,,,,,other_valid_hours,,Missing FX for INR conversion,WTI,yahoo_intraday_direct | bucket_complete_1m_for_60m,yahoo_front_symbol_no_verified_roll_metadata,CL=F,yahoo_finance,https://finance.yahoo.com,UTC,MISSING_DAILY_FX
2026-05-29 20:30:00+00:00,2026-05-30 02:00:00+05:30,2026-05-29,WTI Crude Futures,NYMEX,60m,1m,1,87.8499984741211,87.9800033569336,87.36000061035156,87.36000061035156,1898,USD,,,,,,other_valid_hours,,Missing FX for INR conversion | Partial 1m coverage used for 60m bucket because no fuller finer bucket was available,WTI,yahoo_intraday_direct | bucket_partial_1m_for_60m,yahoo_front_symbol_no_verified_roll_metadata,CL=F,yahoo_finance,https://finance.yahoo.com,UTC,MISSING_DAILY_FX | PARTIAL_60M_BUCKET_FROM_1M
2026-05-31 22:00:00+00:00,2026-06-01 03:00:00+05:30,2026-06-01,WTI Crude Futures,NYMEX,60m,60m,60,89.93000030517578,89.95999908447266,89.33999633789062,89.58999633789062,3378,USD,,,,,,other_valid_hours,,Missing FX for INR conversion,WTI,yahoo_intraday_direct | bucket_complete_60m_for_60m,yahoo_front_symbol_no_verified_roll_metadata,CL=F,yahoo_finance,https://finance.yahoo.com,UTC,MISSING_DAILY_FX
2026-05-31 22:30:00+00:00,2026-06-01 04:00:00+05:30,2026-06-01,WTI Crude Futures,NYMEX,60m,1m,1,89.66999816894531,89.66999816894531,89.20999908447266,89.37000274658203,2370,USD,,,,,,global_reopen_pre_mcx,,Missing FX for INR conversion,WTI,yahoo_intraday_direct | bucket_complete_1m_for_60m,yahoo_front_symbol_no_verified_roll_metadata,CL=F,yahoo_finance,https://finance.yahoo.com,UTC,MISSING_DAILY_FX
2026-05-31 23:30:00+00:00,2026-06-01 05:00:00+05:30,2026-06-01,WTI Crude Futures,NYMEX,60m,1m,1,89.33000183105469,89.88999938964844,89.11000061035156,89.69999694824219,2538,USD,,,,,,global_reopen_pre_mcx,,Missing FX for INR conversion,WTI,yahoo_intraday_direct | bucket_complete_1m_for_60m,yahoo_front_symbol_no_verified_roll_metadata,CL=F,yahoo_finance,https://finance.yahoo.com,UTC,MISSING_DAILY_FX
2026-06-01 00:30:00+00:00,2026-06-01 06:00:00+05:30,2026-06-01,WTI Crude Futures,NYMEX,60m,1m,1,89.69999694824219,89.94999694824219,89.02999877929688,89.7300033569336,2833,USD,,,,,,global_reopen_pre_mcx,,Missing FX for INR conversion,WTI,yahoo_intraday_direct | bucket_complete_1m_for_60m,yahoo_front_symbol_no_verified_roll_metadata,CL=F,yahoo_finance,https://finance.yahoo.com,UTC,MISSING_DAILY_FX
2026-06-01 01:30:00+00:00,2026-06-01 07:00:00+05:30,2026-06-01,WTI Crude Futures,NYMEX,60m,1m,1,89.73999786376953,90.1999969482422,89.69999694824219,89.86000061035156,3034,USD,,,,,,global_reopen_pre_mcx,,Missing FX for INR conversion,WTI,yahoo_intraday_direct | bucket_complete_1m_for_60m,yahoo_front_symbol_no_verified_roll_metadata,CL=F,yahoo_finance,https://finance.yahoo.com,UTC,MISSING_DAILY_FX
2026-06-01 02:30:00+00:00,2026-06-01 08:00:00+05:30,2026-06-01,WTI Crude Futures,NYMEX,60m,1m,1,89.83999633789062,90.04000091552734,89.44999694824219,89.63999938964844,2871,USD,,,,,,global_reopen_pre_mcx,,Missing FX for INR conversion,WTI,yahoo_intraday_direct | bucket_complete_1m_for_60m,yahoo_front_symbol_no_verified_roll_metadata,CL=F,yahoo_finance,https://finance.yahoo.com,UTC,MISSING_DAILY_FX
2026-06-01 03:30:00+00:00,2026-06-01 09:00:00+05:30,2026-06-01,WTI Crude Futures,NYMEX,60m,5m,5,89.6500015258789,89.94000244140625,89.16000366210938,89.72000122070312,1991,USD,,,,,,mcx_open_drive,first_15m_after_mcx_open,Missing FX for INR conversion,WTI,yahoo_intraday_direct | bucket_complete_5m_for_60m,yahoo_front_symbol_no_verified_roll_metadata,CL=F,yahoo_finance,https://finance.yahoo.com,UTC,MISSING_DAILY_FX
2026-06-01 04:30:00+00:00,2026-06-01 10:00:00+05:30,2026-06-01,WTI Crude Futures,NYMEX,60m,5m,5,89.72000122070312,89.79000091552734,89.26000213623047,89.7300033569336,1516,USD,,,,,,mcx_open_drive,,Missing FX for INR conversion,WTI,yahoo_intraday_direct | bucket_complete_5m_for_60m,yahoo_front_symbol_no_verified_roll_metadata,CL=F,yahoo_finance,https://finance.yahoo.com,UTC,MISSING_DAILY_FX
2026-06-01 05:30:00+00:00,2026-06-01 11:00:00+05:30,2026-06-01,WTI Crude Futures,NYMEX,60m,1m,1,89.7300033569336,90.12999725341795,89.69999694824219,90.0199966430664,2434,USD,,,,,,india_morning,,Missing FX for INR conversion,WTI,yahoo_intraday_direct | bucket_complete_1m_for_60m,yahoo_front_symbol_no_verified_roll_metadata,CL=F,yahoo_finance,https://finance.yahoo.com,UTC,MISSING_DAILY_FX
2026-06-01 06:30:00+00:00,2026-06-01 12:00:00+05:30,2026-06-01,WTI Crude Futures,NYMEX,60m,1m,1,90.0199966430664,90.76000213623048,89.91000366210938,90.41000366210938,5815,USD,,,,,,india_morning,,Missing FX for INR conversion,WTI,yahoo_intraday_direct | bucket_complete_1m_for_60m,yahoo_front_symbol_no_verified_roll_metadata,CL=F,yahoo_finance,https://finance.yahoo.com,UTC,MISSING_DAILY_FX
2026-06-01 07:30:00+00:00,2026-06-01 13:00:00+05:30,2026-06-01,WTI Crude Futures,NYMEX,60m,1m,1,90.4000015258789,90.91999816894533,90.20999908447266,90.8499984741211,5549,USD,,,,,,india_midday,,Missing FX for INR conversion,WTI,yahoo_intraday_direct | bucket_complete_1m_for_60m,yahoo_front_symbol_no_verified_roll_metadata,CL=F,yahoo_finance,https://finance.yahoo.com,UTC,MISSING_DAILY_FX
2026-06-01 08:30:00+00:00,2026-06-01 14:00:00+05:30,2026-06-01,WTI Crude Futures,NYMEX,60m,1m,1,90.86000061035156,91.26000213623048,90.5500030517578,91.02999877929688,6277,USD,,,,,,india_midday,,Missing FX for INR conversion,WTI,yahoo_intraday_direct | bucket_complete_1m_for_60m,yahoo_front_symbol_no_verified_roll_metadata,CL=F,yahoo_finance,https://finance.yahoo.com,UTC,MISSING_DAILY_FX
2026-06-01 09:30:00+00:00,2026-06-01 15:00:00+05:30,2026-06-01,WTI Crude Futures,NYMEX,60m,1m,1,91.04000091552734,91.05999755859376,90.47000122070312,90.56999969482422,3904,USD,,,,,,india_midday,,Missing FX for INR conversion,WTI,yahoo_intraday_direct | bucket_complete_1m_for_60m,yahoo_front_symbol_no_verified_roll_metadata,CL=F,yahoo_finance,https://finance.yahoo.com,UTC,MISSING_DAILY_FX
2026-06-01 10:30:00+00:00,2026-06-01 16:00:00+05:30,2026-06-01,WTI Crude Futures,NYMEX,60m,1m,1,90.56999969482422,90.80999755859376,90.36000061035156,90.5199966430664,3437,USD,,,,,,europe_open,first_hour_after_europe_open,Missing FX for INR conversion,WTI,yahoo_intraday_direct | bucket_complete_1m_for_60m,yahoo_front_symbol_no_verified_roll_metadata,CL=F,yahoo_finance,https://finance.yahoo.com,UTC,MISSING_DAILY_FX
2026-06-01 11:30:00+00:00,2026-06-01 17:00:00+05:30,2026-06-01,WTI Crude Futures,NYMEX,60m,1m,1,90.54000091552734,90.55999755859376,89.70999908447266,89.93000030517578,8785,USD,,,,,,europe_open,,Missing FX for INR conversion,WTI,yahoo_intraday_direct | bucket_complete_1m_for_60m,yahoo_front_symbol_no_verified_roll_metadata,CL=F,yahoo_finance,https://finance.yahoo.com,UTC,MISSING_DAILY_FX
2026-06-01 12:30:00+00:00,2026-06-01 18:00:00+05:30,2026-06-01,WTI Crude Futures,NYMEX,60m,1m,1,89.94999694824219,92.7300033569336,89.2699966430664,92.55999755859376,35987,USD,,,,,,europe_mid,,Missing FX for INR conversion,WTI,yahoo_intraday_direct | bucket_complete_1m_for_60m,yahoo_front_symbol_no_verified_roll_metadata,CL=F,yahoo_finance,https://finance.yahoo.com,UTC,MISSING_DAILY_FX
2026-06-01 13:30:00+00:00,2026-06-01 19:00:00+05:30,2026-06-01,WTI Crude Futures,NYMEX,60m,1m,1,92.56999969482422,94.37999725341795,92.11000061035156,94.19000244140624,47537,USD,,,,,,europe_mid,,Missing FX for INR conversion,WTI,yahoo_intraday_direct | bucket_complete_1m_for_60m,yahoo_front_symbol_no_verified_roll_metadata,CL=F,yahoo_finance,https://finance.yahoo.com,UTC,MISSING_DAILY_FX
2026-06-01 14:30:00+00:00,2026-06-01 20:00:00+05:30,2026-06-01,WTI Crude Futures,NYMEX,60m,1m,1,94.16999816894533,94.77999877929688,93.58999633789062,93.7300033569336,26093,USD,,,,,,us_pre_open,,Missing FX for INR conversion,WTI,yahoo_intraday_direct | bucket_complete_1m_for_60m,yahoo_front_symbol_no_verified_roll_metadata,CL=F,yahoo_finance,https://finance.yahoo.com,UTC,MISSING_DAILY_FX
2026-06-01 15:30:00+00:00,2026-06-01 21:00:00+05:30,2026-06-01,WTI Crude Futures,NYMEX,60m,1m,1,93.73999786376952,94.44000244140624,92.1999969482422,94.16999816894533,31759,USD,,,,,,us_open,first_30m_after_us_open,Missing FX for INR conversion,WTI,yahoo_intraday_direct | bucket_complete_1m_for_60m,yahoo_front_symbol_no_verified_roll_metadata,CL=F,yahoo_finance,https://finance.yahoo.com,UTC,MISSING_DAILY_FX
2026-06-01 16:30:00+00:00,2026-06-01 22:00:00+05:30,2026-06-01,WTI Crude Futures,NYMEX,60m,1m,1,94.16999816894533,94.4499969482422,91.30999755859376,91.5199966430664,30189,USD,,,,,,us_open,,Missing FX for INR conversion,WTI,yahoo_intraday_direct | bucket_complete_1m_for_60m,yahoo_front_symbol_no_verified_roll_metadata,CL=F,yahoo_finance,https://finance.yahoo.com,UTC,MISSING_DAILY_FX
2026-06-01 17:30:00+00:00,2026-06-01 23:00:00+05:30,2026-06-01,WTI Crude Futures,NYMEX,60m,1m,1,91.51000213623048,92.27999877929688,90.8000030517578,92.19000244140624,42368,USD,,,,,,mcx_tail,final_hour_before_mcx_close,Missing FX for INR conversion,WTI,yahoo_intraday_direct | bucket_complete_1m_for_60m,yahoo_front_symbol_no_verified_roll_metadata,CL=F,yahoo_finance,https://finance.yahoo.com,UTC,MISSING_DAILY_FX
2026-06-01 18:30:00+00:00,2026-06-02 00:00:00+05:30,2026-06-01,WTI Crude Futures,NYMEX,60m,1m,1,92.1999969482422,92.6500015258789,92.0999984741211,92.20999908447266,8481,USD,,,,,,other_valid_hours,,Missing FX for INR conversion,WTI,yahoo_intraday_direct | bucket_complete_1m_for_60m,yahoo_front_symbol_no_verified_roll_metadata,CL=F,yahoo_finance,https://finance.yahoo.com,UTC,MISSING_DAILY_FX
2026-06-01 19:30:00+00:00,2026-06-02 01:00:00+05:30,2026-06-01,WTI Crude Futures,NYMEX,60m,1m,1,92.19000244140624,92.62999725341795,92.0999984741211,92.27999877929688,4883,USD,,,,,,other_valid_hours,,Missing FX for INR conversion,WTI,yahoo_intraday_direct | bucket_complete_1m_for_60m,yahoo_front_symbol_no_verified_roll_metadata,CL=F,yahoo_finance,https://finance.yahoo.com,UTC,MISSING_DAILY_FX
2026-06-01 20:30:00+00:00,2026-06-02 02:00:00+05:30,2026-06-01,WTI Crude Futures,NYMEX,60m,1m,1,92.2699966430664,92.5500030517578,92.08000183105467,92.47000122070312,1705,USD,,,,,,other_valid_hours,,Missing FX for INR conversion | Partial 1m coverage used for 60m bucket because no fuller finer bucket was available,WTI,yahoo_intraday_direct | bucket_partial_1m_for_60m,yahoo_front_symbol_no_verified_roll_metadata,CL=F,yahoo_finance,https://finance.yahoo.com,UTC,MISSING_DAILY_FX | PARTIAL_60M_BUCKET_FROM_1M
2026-06-01 22:00:00+00:00,2026-06-02 03:00:00+05:30,2026-06-02,WTI Crude Futures,NYMEX,60m,60m,60,92.44999694824219,92.61000061035156,92.13999938964844,92.30000305175781,0,USD,,,,,,other_valid_hours,,Missing FX for INR conversion,WTI,yahoo_intraday_direct | bucket_complete_60m_for_60m,yahoo_front_symbol_no_verified_roll_metadata,CL=F,yahoo_finance,https://finance.yahoo.com,UTC,MISSING_DAILY_FX
2026-06-01 22:30:00+00:00,2026-06-02 04:00:00+05:30,2026-06-02,WTI Crude Futures,NYMEX,60m,5m,5,92.20999908447266,92.44000244140625,92.18000030517578,92.33999633789062,458,USD,,,,,,global_reopen_pre_mcx,,Missing FX for INR conversion,WTI,yahoo_intraday_direct | bucket_complete_5m_for_60m,yahoo_front_symbol_no_verified_roll_metadata,CL=F,yahoo_finance,https://finance.yahoo.com,UTC,MISSING_DAILY_FX
2026-06-01 23:30:00+00:00,2026-06-02 05:00:00+05:30,2026-06-02,WTI Crude Futures,NYMEX,60m,5m,5,92.3499984741211,92.37000274658203,91.6500015258789,91.87000274658203,3510,USD,,,,,,global_reopen_pre_mcx,,Missing FX for INR conversion,WTI,yahoo_intraday_direct | bucket_complete_5m_for_60m,yahoo_front_symbol_no_verified_roll_metadata,CL=F,yahoo_finance,https://finance.yahoo.com,UTC,MISSING_DAILY_FX
2026-06-02 00:30:00+00:00,2026-06-02 06:00:00+05:30,2026-06-02,WTI Crude Futures,NYMEX,60m,1m,1,91.8499984741211,92.6500015258789,91.58999633789062,92.0199966430664,4586,USD,,,,,,global_reopen_pre_mcx,,Missing FX for INR conversion,WTI,yahoo_intraday_direct | bucket_complete_1m_for_60m,yahoo_front_symbol_no_verified_roll_metadata,CL=F,yahoo_finance,https://finance.yahoo.com,UTC,MISSING_DAILY_FX
2026-06-02 01:30:00+00:00,2026-06-02 07:00:00+05:30,2026-06-02,WTI Crude Futures,NYMEX,60m,1m,1,92.02999877929688,92.02999877929688,91.45999908447266,91.77999877929688,2583,USD,,,,,,global_reopen_pre_mcx,,Missing FX for INR conversion,WTI,yahoo_intraday_direct | bucket_complete_1m_for_60m,yahoo_front_symbol_no_verified_roll_metadata,CL=F,yahoo_finance,https://finance.yahoo.com,UTC,MISSING_DAILY_FX
2026-06-02 02:30:00+00:00,2026-06-02 08:00:00+05:30,2026-06-02,WTI Crude Futures,NYMEX,60m,1m,1,91.7699966430664,91.87999725341797,91.55000305175781,91.63999938964844,1863,USD,,,,,,global_reopen_pre_mcx,,Missing FX for INR conversion,WTI,yahoo_intraday_direct | bucket_complete_1m_for_60m,yahoo_front_symbol_no_verified_roll_metadata,CL=F,yahoo_finance,https://finance.yahoo.com,UTC,MISSING_DAILY_FX
2026-06-02 03:30:00+00:00,2026-06-02 09:00:00+05:30,2026-06-02,WTI Crude Futures,NYMEX,60m,5m,5,91.66000366210938,91.73999786376953,91.18000030517578,91.29000091552734,1661,USD,,,,,,mcx_open_drive,first_15m_after_mcx_open,Missing FX for INR conversion,WTI,yahoo_intraday_direct | bucket_complete_5m_for_60m,yahoo_front_symbol_no_verified_roll_metadata,CL=F,yahoo_finance,https://finance.yahoo.com,UTC,MISSING_DAILY_FX
2026-06-02 04:30:00+00:00,2026-06-02 10:00:00+05:30,2026-06-02,WTI Crude Futures,NYMEX,60m,5m,5,91.29000091552734,91.44000244140625,91.11000061035156,91.36000061035156,1017,USD,,,,,,mcx_open_drive,,Missing FX for INR conversion,WTI,yahoo_intraday_direct | bucket_complete_5m_for_60m,yahoo_front_symbol_no_verified_roll_metadata,CL=F,yahoo_finance,https://finance.yahoo.com,UTC,MISSING_DAILY_FX
2026-06-02 05:30:00+00:00,2026-06-02 11:00:00+05:30,2026-06-02,WTI Crude Futures,NYMEX,60m,1m,1,91.37000274658203,91.48999786376953,91.0,91.1500015258789,2509,USD,,,,,,india_morning,,Missing FX for INR conversion,WTI,yahoo_intraday_direct | bucket_complete_1m_for_60m,yahoo_front_symbol_no_verified_roll_metadata,CL=F,yahoo_finance,https://finance.yahoo.com,UTC,MISSING_DAILY_FX
2026-06-02 06:30:00+00:00,2026-06-02 12:00:00+05:30,2026-06-02,WTI Crude Futures,NYMEX,60m,1m,1,91.1500015258789,91.73999786376953,90.98999786376953,91.44000244140625,5189,USD,,,,,,india_morning,,Missing FX for INR conversion,WTI,yahoo_intraday_direct | bucket_complete_1m_for_60m,yahoo_front_symbol_no_verified_roll_metadata,CL=F,yahoo_finance,https://finance.yahoo.com,UTC,MISSING_DAILY_FX
2026-06-02 07:30:00+00:00,2026-06-02 13:00:00+05:30,2026-06-02,WTI Crude Futures,NYMEX,60m,1m,1,91.44000244140625,91.66999816894531,90.48999786376953,91.12999725341797,8802,USD,,,,,,india_midday,,Missing FX for INR conversion,WTI,yahoo_intraday_direct | bucket_complete_1m_for_60m,yahoo_front_symbol_no_verified_roll_metadata,CL=F,yahoo_finance,https://finance.yahoo.com,UTC,MISSING_DAILY_FX
2026-06-02 08:30:00+00:00,2026-06-02 14:00:00+05:30,2026-06-02,WTI Crude Futures,NYMEX,60m,1m,1,91.12000274658203,91.12000274658203,90.12000274658203,90.63999938964844,5927,USD,,,,,,india_midday,,Missing FX for INR conversion,WTI,yahoo_intraday_direct | bucket_complete_1m_for_60m,yahoo_front_symbol_no_verified_roll_metadata,CL=F,yahoo_finance,https://finance.yahoo.com,UTC,MISSING_DAILY_FX
2026-06-02 09:30:00+00:00,2026-06-02 15:00:00+05:30,2026-06-02,WTI Crude Futures,NYMEX,60m,1m,1,90.6500015258789,91.5199966430664,90.5999984741211,91.26000213623047,6823,USD,,,,,,india_midday,,Missing FX for INR conversion,WTI,yahoo_intraday_direct | bucket_complete_1m_for_60m,yahoo_front_symbol_no_verified_roll_metadata,CL=F,yahoo_finance,https://finance.yahoo.com,UTC,MISSING_DAILY_FX
2026-06-02 10:30:00+00:00,2026-06-02 16:00:00+05:30,2026-06-02,WTI Crude Futures,NYMEX,60m,1m,1,91.2699966430664,91.31999969482422,90.73999786376953,91.06999969482422,3965,USD,,,,,,europe_open,first_hour_after_europe_open,Missing FX for INR conversion,WTI,yahoo_intraday_direct | bucket_complete_1m_for_60m,yahoo_front_symbol_no_verified_roll_metadata,CL=F,yahoo_finance,https://finance.yahoo.com,UTC,MISSING_DAILY_FX
2026-06-02 11:30:00+00:00,2026-06-02 17:00:00+05:30,2026-06-02,WTI Crude Futures,NYMEX,60m,1m,1,91.05000305175781,91.25,90.58000183105469,90.79000091552734,5408,USD,,,,,,europe_open,,Missing FX for INR conversion,WTI,yahoo_intraday_direct | bucket_complete_1m_for_60m,yahoo_front_symbol_no_verified_roll_metadata,CL=F,yahoo_finance,https://finance.yahoo.com,UTC,MISSING_DAILY_FX
2026-06-02 12:30:00+00:00,2026-06-02 18:00:00+05:30,2026-06-02,WTI Crude Futures,NYMEX,60m,1m,1,90.80000305175781,92.19999694824219,90.77999877929688,92.16000366210938,18450,USD,,,,,,europe_mid,,Missing FX for INR conversion,WTI,yahoo_intraday_direct | bucket_complete_1m_for_60m,yahoo_front_symbol_no_verified_roll_metadata,CL=F,yahoo_finance,https://finance.yahoo.com,UTC,MISSING_DAILY_FX
2026-06-02 13:30:00+00:00,2026-06-02 19:00:00+05:30,2026-06-02,WTI Crude Futures,NYMEX,60m,1m,1,92.16999816894531,92.5,91.81999969482422,92.1500015258789,19274,USD,,,,,,europe_mid,,Missing FX for INR conversion,WTI,yahoo_intraday_direct | bucket_complete_1m_for_60m,yahoo_front_symbol_no_verified_roll_metadata,CL=F,yahoo_finance,https://finance.yahoo.com,UTC,MISSING_DAILY_FX
2026-06-02 14:30:00+00:00,2026-06-02 20:00:00+05:30,2026-06-02,WTI Crude Futures,NYMEX,60m,1m,1,92.13999938964844,92.1500015258789,91.44000244140625,91.80000305175781,14967,USD,,,,,,us_pre_open,,Missing FX for INR conversion,WTI,yahoo_intraday_direct | bucket_complete_1m_for_60m,yahoo_front_symbol_no_verified_roll_metadata,CL=F,yahoo_finance,https://finance.yahoo.com,UTC,MISSING_DAILY_FX
2026-06-02 15:30:00+00:00,2026-06-02 21:00:00+05:30,2026-06-02,WTI Crude Futures,NYMEX,60m,1m,1,91.80000305175781,93.23999786376953,91.79000091552734,93.19000244140625,24036,USD,,,,,,us_open,first_30m_after_us_open,Missing FX for INR conversion,WTI,yahoo_intraday_direct | bucket_complete_1m_for_60m,yahoo_front_symbol_no_verified_roll_metadata,CL=F,yahoo_finance,https://finance.yahoo.com,UTC,MISSING_DAILY_FX
2026-06-02 16:30:00+00:00,2026-06-02 22:00:00+05:30,2026-06-02,WTI Crude Futures,NYMEX,60m,1m,1,93.19999694824219,93.80000305175781,92.9000015258789,93.6500015258789,21699,USD,,,,,,us_open,,Missing FX for INR conversion,WTI,yahoo_intraday_direct | bucket_complete_1m_for_60m,yahoo_front_symbol_no_verified_roll_metadata,CL=F,yahoo_finance,https://finance.yahoo.com,UTC,MISSING_DAILY_FX
2026-06-02 17:30:00+00:00,2026-06-02 23:00:00+05:30,2026-06-02,WTI Crude Futures,NYMEX,60m,1m,1,93.6500015258789,93.94999694824219,93.19999694824219,93.7300033569336,35595,USD,,,,,,mcx_tail,final_hour_before_mcx_close,Missing FX for INR conversion,WTI,yahoo_intraday_direct | bucket_complete_1m_for_60m,yahoo_front_symbol_no_verified_roll_metadata,CL=F,yahoo_finance,https://finance.yahoo.com,UTC,MISSING_DAILY_FX
2026-06-02 18:30:00+00:00,2026-06-03 00:00:00+05:30,2026-06-02,WTI Crude Futures,NYMEX,60m,1m,1,93.7300033569336,94.0,93.54000091552734,93.58000183105469,8658,USD,,,,,,other_valid_hours,,Missing FX for INR conversion,WTI,yahoo_intraday_direct | bucket_complete_1m_for_60m,yahoo_front_symbol_no_verified_roll_metadata,CL=F,yahoo_finance,https://finance.yahoo.com,UTC,MISSING_DAILY_FX
2026-06-02 19:30:00+00:00,2026-06-03 01:00:00+05:30,2026-06-02,WTI Crude Futures,NYMEX,60m,1m,1,93.58000183105469,93.76000213623047,93.44999694824219,93.51000213623047,5835,USD,,,,,,other_valid_hours,,Missing FX for INR conversion,WTI,yahoo_intraday_direct | bucket_complete_1m_for_60m,yahoo_front_symbol_no_verified_roll_metadata,CL=F,yahoo_finance,https://finance.yahoo.com,UTC,MISSING_DAILY_FX
2026-06-02 20:30:00+00:00,2026-06-03 02:00:00+05:30,2026-06-02,WTI Crude Futures,NYMEX,60m,1m,1,93.51000213623047,93.5199966430664,93.33999633789062,93.38999938964844,1447,USD,,,,,,other_valid_hours,,Missing FX for INR conversion | Partial 1m coverage used for 60m bucket because no fuller finer bucket was available,WTI,yahoo_intraday_direct | bucket_partial_1m_for_60m,yahoo_front_symbol_no_verified_roll_metadata,CL=F,yahoo_finance,https://finance.yahoo.com,UTC,MISSING_DAILY_FX | PARTIAL_60M_BUCKET_FROM_1M
2026-06-02 22:00:00+00:00,2026-06-03 03:00:00+05:30,2026-06-03,WTI Crude Futures,NYMEX,60m,60m,60,93.44999694824219,94.5,93.44999694824219,94.25,3374,USD,,,,,,other_valid_hours,,Missing FX for INR conversion,WTI,yahoo_intraday_direct | bucket_complete_60m_for_60m,yahoo_front_symbol_no_verified_roll_metadata,CL=F,yahoo_finance,https://finance.yahoo.com,UTC,MISSING_DAILY_FX
2026-06-02 22:30:00+00:00,2026-06-03 04:00:00+05:30,2026-06-03,WTI Crude Futures,NYMEX,60m,1m,1,93.8499984741211,96.08000183105469,93.80000305175781,95.5999984741211,8324,USD,,,,,,global_reopen_pre_mcx,,Missing FX for INR conversion,WTI,yahoo_intraday_direct | bucket_complete_1m_for_60m,yahoo_front_symbol_no_verified_roll_metadata,CL=F,yahoo_finance,https://finance.yahoo.com,UTC,MISSING_DAILY_FX
2026-06-02 23:30:00+00:00,2026-06-03 05:00:00+05:30,2026-06-03,WTI Crude Futures,NYMEX,60m,1m,1,95.5999984741211,95.79000091552734,94.23999786376953,94.61000061035156,6346,USD,,,,,,global_reopen_pre_mcx,,Missing FX for INR conversion,WTI,yahoo_intraday_direct | bucket_complete_1m_for_60m,yahoo_front_symbol_no_verified_roll_metadata,CL=F,yahoo_finance,https://finance.yahoo.com,UTC,MISSING_DAILY_FX
2026-06-03 00:30:00+00:00,2026-06-03 06:00:00+05:30,2026-06-03,WTI Crude Futures,NYMEX,60m,1m,1,94.5999984741211,95.0999984741211,94.19999694824219,94.81999969482422,4446,USD,,,,,,global_reopen_pre_mcx,,Missing FX for INR conversion,WTI,yahoo_intraday_direct | bucket_complete_1m_for_60m,yahoo_front_symbol_no_verified_roll_metadata,CL=F,yahoo_finance,https://finance.yahoo.com,UTC,MISSING_DAILY_FX
2026-06-03 01:30:00+00:00,2026-06-03 07:00:00+05:30,2026-06-03,WTI Crude Futures,NYMEX,60m,5m,5,94.83999633789062,94.97000122070312,94.58000183105469,94.63999938964844,1668,USD,,,,,,global_reopen_pre_mcx,,Missing FX for INR conversion,WTI,yahoo_intraday_direct | bucket_complete_5m_for_60m,yahoo_front_symbol_no_verified_roll_metadata,CL=F,yahoo_finance,https://finance.yahoo.com,UTC,MISSING_DAILY_FX
2026-06-03 02:30:00+00:00,2026-06-03 08:00:00+05:30,2026-06-03,WTI Crude Futures,NYMEX,60m,5m,5,94.63999938964844,94.80999755859375,94.5199966430664,94.66999816894531,1204,USD,,,,,,global_reopen_pre_mcx,,Missing FX for INR conversion,WTI,yahoo_intraday_direct | bucket_complete_5m_for_60m,yahoo_front_symbol_no_verified_roll_metadata,CL=F,yahoo_finance,https://finance.yahoo.com,UTC,MISSING_DAILY_FX
2026-06-03 03:30:00+00:00,2026-06-03 09:00:00+05:30,2026-06-03,WTI Crude Futures,NYMEX,60m,5m,5,94.66000366210938,94.94999694824219,94.52999877929688,94.88999938964844,1126,USD,,,,,,mcx_open_drive,first_15m_after_mcx_open,Missing FX for INR conversion,WTI,yahoo_intraday_direct | bucket_complete_5m_for_60m,yahoo_front_symbol_no_verified_roll_metadata,CL=F,yahoo_finance,https://finance.yahoo.com,UTC,MISSING_DAILY_FX
2026-06-03 04:30:00+00:00,2026-06-03 10:00:00+05:30,2026-06-03,WTI Crude Futures,NYMEX,60m,1m,1,94.9000015258789,95.19000244140625,94.79000091552734,94.95999908447266,1119,USD,,,,,,mcx_open_drive,,Missing FX for INR conversion,WTI,yahoo_intraday_direct | bucket_complete_1m_for_60m,yahoo_front_symbol_no_verified_roll_metadata,CL=F,yahoo_finance,https://finance.yahoo.com,UTC,MISSING_DAILY_FX
2026-06-03 05:30:00+00:00,2026-06-03 11:00:00+05:30,2026-06-03,WTI Crude Futures,NYMEX,60m,1m,1,94.94000244140625,95.61000061035156,94.87999725341797,95.30000305175781,3516,USD,,,,,,india_morning,,Missing FX for INR conversion,WTI,yahoo_intraday_direct | bucket_complete_1m_for_60m,yahoo_front_symbol_no_verified_roll_metadata,CL=F,yahoo_finance,https://finance.yahoo.com,UTC,MISSING_DAILY_FX
2026-06-03 06:30:00+00:00,2026-06-03 12:00:00+05:30,2026-06-03,WTI Crude Futures,NYMEX,60m,1m,1,95.29000091552734,95.91999816894531,95.29000091552734,95.80999755859375,5553,USD,,,,,,india_morning,,Missing FX for INR conversion,WTI,yahoo_intraday_direct | bucket_complete_1m_for_60m,yahoo_front_symbol_no_verified_roll_metadata,CL=F,yahoo_finance,https://finance.yahoo.com,UTC,MISSING_DAILY_FX
2026-06-03 07:30:00+00:00,2026-06-03 13:00:00+05:30,2026-06-03,WTI Crude Futures,NYMEX,60m,1m,1,95.81999969482422,96.55999755859375,95.61000061035156,96.01000213623047,9271,USD,,,,,,india_midday,,Missing FX for INR conversion,WTI,yahoo_intraday_direct | bucket_complete_1m_for_60m,yahoo_front_symbol_no_verified_roll_metadata,CL=F,yahoo_finance,https://finance.yahoo.com,UTC,MISSING_DAILY_FX
2026-06-03 08:30:00+00:00,2026-06-03 14:00:00+05:30,2026-06-03,WTI Crude Futures,NYMEX,60m,1m,1,96.0,96.54000091552734,95.88999938964844,96.27999877929688,5941,USD,,,,,,india_midday,,Missing FX for INR conversion,WTI,yahoo_intraday_direct | bucket_complete_1m_for_60m,yahoo_front_symbol_no_verified_roll_metadata,CL=F,yahoo_finance,https://finance.yahoo.com,UTC,MISSING_DAILY_FX
2026-06-03 09:30:00+00:00,2026-06-03 15:00:00+05:30,2026-06-03,WTI Crude Futures,NYMEX,60m,1m,1,96.29000091552734,97.0,95.62999725341797,96.30000305175781,15614,USD,,,,,,india_midday,,Missing FX for INR conversion,WTI,yahoo_intraday_direct | bucket_complete_1m_for_60m,yahoo_front_symbol_no_verified_roll_metadata,CL=F,yahoo_finance,https://finance.yahoo.com,UTC,MISSING_DAILY_FX
2026-06-03 10:30:00+00:00,2026-06-03 16:00:00+05:30,2026-06-03,WTI Crude Futures,NYMEX,60m,1m,1,96.30999755859375,96.5199966430664,95.58000183105469,95.70999908447266,6425,USD,,,,,,europe_open,first_hour_after_europe_open,Missing FX for INR conversion,WTI,yahoo_intraday_direct | bucket_complete_1m_for_60m,yahoo_front_symbol_no_verified_roll_metadata,CL=F,yahoo_finance,https://finance.yahoo.com,UTC,MISSING_DAILY_FX
2026-06-03 11:30:00+00:00,2026-06-03 17:00:00+05:30,2026-06-03,WTI Crude Futures,NYMEX,60m,1m,1,95.69999694824219,96.4000015258789,95.30999755859375,96.33999633789062,9435,USD,,,,,,europe_open,,Missing FX for INR conversion,WTI,yahoo_intraday_direct | bucket_complete_1m_for_60m,yahoo_front_symbol_no_verified_roll_metadata,CL=F,yahoo_finance,https://finance.yahoo.com,UTC,MISSING_DAILY_FX
2026-06-03 12:30:00+00:00,2026-06-03 18:00:00+05:30,2026-06-03,WTI Crude Futures,NYMEX,60m,1m,1,96.33999633789062,96.5,94.94999694824219,95.11000061035156,21124,USD,,,,,,europe_mid,,Missing FX for INR conversion,WTI,yahoo_intraday_direct | bucket_complete_1m_for_60m,yahoo_front_symbol_no_verified_roll_metadata,CL=F,yahoo_finance,https://finance.yahoo.com,UTC,MISSING_DAILY_FX
2026-06-03 13:30:00+00:00,2026-06-03 19:00:00+05:30,2026-06-03,WTI Crude Futures,NYMEX,60m,1m,1,95.11000061035156,95.38999938964844,94.33999633789062,95.16000366210938,28869,USD,,,,,,europe_mid,,Missing FX for INR conversion,WTI,yahoo_intraday_direct | bucket_complete_1m_for_60m,yahoo_front_symbol_no_verified_roll_metadata,CL=F,yahoo_finance,https://finance.yahoo.com,UTC,MISSING_DAILY_FX
2026-06-03 14:30:00+00:00,2026-06-03 20:00:00+05:30,2026-06-03,WTI Crude Futures,NYMEX,60m,1m,1,95.19000244140625,95.8499984741211,94.97000122070312,95.45999908447266,24056,USD,,,,,,us_pre_open,,Missing FX for INR conversion,WTI,yahoo_intraday_direct | bucket_complete_1m_for_60m,yahoo_front_symbol_no_verified_roll_metadata,CL=F,yahoo_finance,https://finance.yahoo.com,UTC,MISSING_DAILY_FX
2026-06-03 15:30:00+00:00,2026-06-03 21:00:00+05:30,2026-06-03,WTI Crude Futures,NYMEX,60m,1m,1,95.44999694824219,96.31999969482422,95.44999694824219,96.16999816894531,20467,USD,,,,,,us_open,first_30m_after_us_open,Missing FX for INR conversion,WTI,yahoo_intraday_direct | bucket_complete_1m_for_60m,yahoo_front_symbol_no_verified_roll_metadata,CL=F,yahoo_finance,https://finance.yahoo.com,UTC,MISSING_DAILY_FX
2026-06-03 16:30:00+00:00,2026-06-03 22:00:00+05:30,2026-06-03,WTI Crude Futures,NYMEX,60m,1m,1,96.18000030517578,96.31999969482422,95.25,96.16000366210938,19263,USD,,,,,,us_open,,Missing FX for INR conversion,WTI,yahoo_intraday_direct | bucket_complete_1m_for_60m,yahoo_front_symbol_no_verified_roll_metadata,CL=F,yahoo_finance,https://finance.yahoo.com,UTC,MISSING_DAILY_FX
2026-06-03 17:30:00+00:00,2026-06-03 23:00:00+05:30,2026-06-03,WTI Crude Futures,NYMEX,60m,1m,1,96.1500015258789,96.4800033569336,95.8499984741211,96.02999877929688,23623,USD,,,,,,mcx_tail,final_hour_before_mcx_close,Missing FX for INR conversion,WTI,yahoo_intraday_direct | bucket_complete_1m_for_60m,yahoo_front_symbol_no_verified_roll_metadata,CL=F,yahoo_finance,https://finance.yahoo.com,UTC,MISSING_DAILY_FX
2026-06-03 18:30:00+00:00,2026-06-04 00:00:00+05:30,2026-06-03,WTI Crude Futures,NYMEX,60m,1m,1,96.0199966430664,96.56999969482422,95.66999816894531,96.13999938964844,9049,USD,,,,,,other_valid_hours,,Missing FX for INR conversion,WTI,yahoo_intraday_direct | bucket_complete_1m_for_60m,yahoo_front_symbol_no_verified_roll_metadata,CL=F,yahoo_finance,https://finance.yahoo.com,UTC,MISSING_DAILY_FX
2026-06-03 19:30:00+00:00,2026-06-04 01:00:00+05:30,2026-06-03,WTI Crude Futures,NYMEX,60m,1m,1,96.1500015258789,96.47000122070312,95.91000366210938,96.25,6002,USD,,,,,,other_valid_hours,,Missing FX for INR conversion,WTI,yahoo_intraday_direct | bucket_complete_1m_for_60m,yahoo_front_symbol_no_verified_roll_metadata,CL=F,yahoo_finance,https://finance.yahoo.com,UTC,MISSING_DAILY_FX
2026-06-03 20:30:00+00:00,2026-06-04 02:00:00+05:30,2026-06-03,WTI Crude Futures,NYMEX,60m,1m,1,96.25,96.48999786376953,96.01000213623047,96.19999694824219,3334,USD,,,,,,other_valid_hours,,Missing FX for INR conversion | Partial 1m coverage used for 60m bucket because no fuller finer bucket was available,WTI,yahoo_intraday_direct | bucket_partial_1m_for_60m,yahoo_front_symbol_no_verified_roll_metadata,CL=F,yahoo_finance,https://finance.yahoo.com,UTC,MISSING_DAILY_FX | PARTIAL_60M_BUCKET_FROM_1M
2026-06-03 22:00:00+00:00,2026-06-04 03:00:00+05:30,2026-06-04,WTI Crude Futures,NYMEX,60m,60m,60,95.75,95.91000366210938,95.0,95.23999786376953,0,USD,,,,,,other_valid_hours,,Missing FX for INR conversion,WTI,yahoo_intraday_direct | bucket_complete_60m_for_60m,yahoo_front_symbol_no_verified_roll_metadata,CL=F,yahoo_finance,https://finance.yahoo.com,UTC,MISSING_DAILY_FX
2026-06-03 22:30:00+00:00,2026-06-04 04:00:00+05:30,2026-06-04,WTI Crude Futures,NYMEX,60m,1m,1,95.86000061035156,95.86000061035156,95.0,95.37999725341797,2751,USD,,,,,,global_reopen_pre_mcx,,Missing FX for INR conversion,WTI,yahoo_intraday_direct | bucket_complete_1m_for_60m,yahoo_front_symbol_no_verified_roll_metadata,CL=F,yahoo_finance,https://finance.yahoo.com,UTC,MISSING_DAILY_FX
2026-06-03 23:30:00+00:00,2026-06-04 05:00:00+05:30,2026-06-04,WTI Crude Futures,NYMEX,60m,1m,1,95.37999725341797,95.7699966430664,95.2300033569336,95.66000366210938,2168,USD,,,,,,global_reopen_pre_mcx,,Missing FX for INR conversion,WTI,yahoo_intraday_direct | bucket_complete_1m_for_60m,yahoo_front_symbol_no_verified_roll_metadata,CL=F,yahoo_finance,https://finance.yahoo.com,UTC,MISSING_DAILY_FX
2026-06-04 00:30:00+00:00,2026-06-04 06:00:00+05:30,2026-06-04,WTI Crude Futures,NYMEX,60m,1m,1,95.66999816894531,95.68000030517578,95.06999969482422,95.08999633789062,2650,USD,,,,,,global_reopen_pre_mcx,,Missing FX for INR conversion,WTI,yahoo_intraday_direct | bucket_complete_1m_for_60m,yahoo_front_symbol_no_verified_roll_metadata,CL=F,yahoo_finance,https://finance.yahoo.com,UTC,MISSING_DAILY_FX
2026-06-04 01:30:00+00:00,2026-06-04 07:00:00+05:30,2026-06-04,WTI Crude Futures,NYMEX,60m,1m,1,95.08999633789062,95.18000030517578,94.79000091552734,94.94000244140625,2197,USD,,,,,,global_reopen_pre_mcx,,Missing FX for INR conversion,WTI,yahoo_intraday_direct | bucket_complete_1m_for_60m,yahoo_front_symbol_no_verified_roll_metadata,CL=F,yahoo_finance,https://finance.yahoo.com,UTC,MISSING_DAILY_FX
2026-06-04 02:30:00+00:00,2026-06-04 08:00:00+05:30,2026-06-04,WTI Crude Futures,NYMEX,60m,5m,5,94.91999816894531,94.9800033569336,94.76000213623047,94.93000030517578,1012,USD,,,,,,global_reopen_pre_mcx,,Missing FX for INR conversion,WTI,yahoo_intraday_direct | bucket_complete_5m_for_60m,yahoo_front_symbol_no_verified_roll_metadata,CL=F,yahoo_finance,https://finance.yahoo.com,UTC,MISSING_DAILY_FX
2026-06-04 03:30:00+00:00,2026-06-04 09:00:00+05:30,2026-06-04,WTI Crude Futures,NYMEX,60m,5m,5,94.94999694824219,95.5199966430664,94.94999694824219,95.19999694824219,2321,USD,,,,,,mcx_open_drive,first_15m_after_mcx_open,Missing FX for INR conversion,WTI,yahoo_intraday_direct | bucket_complete_5m_for_60m,yahoo_front_symbol_no_verified_roll_metadata,CL=F,yahoo_finance,https://finance.yahoo.com,UTC,MISSING_DAILY_FX
2026-06-04 04:30:00+00:00,2026-06-04 10:00:00+05:30,2026-06-04,WTI Crude Futures,NYMEX,60m,5m,5,95.20999908447266,95.5999984741211,95.11000061035156,95.58999633789062,1020,USD,,,,,,mcx_open_drive,,Missing FX for INR conversion,WTI,yahoo_intraday_direct | bucket_complete_5m_for_60m,yahoo_front_symbol_no_verified_roll_metadata,CL=F,yahoo_finance,https://finance.yahoo.com,UTC,MISSING_DAILY_FX
2026-06-04 05:30:00+00:00,2026-06-04 11:00:00+05:30,2026-06-04,WTI Crude Futures,NYMEX,60m,1m,1,95.56999969482422,95.58999633789062,94.9800033569336,95.19000244140625,1750,USD,,,,,,india_morning,,Missing FX for INR conversion,WTI,yahoo_intraday_direct | bucket_complete_1m_for_60m,yahoo_front_symbol_no_verified_roll_metadata,CL=F,yahoo_finance,https://finance.yahoo.com,UTC,MISSING_DAILY_FX
2026-06-04 06:30:00+00:00,2026-06-04 12:00:00+05:30,2026-06-04,WTI Crude Futures,NYMEX,60m,1m,1,95.22000122070312,95.43000030517578,94.9000015258789,95.30999755859375,2882,USD,,,,,,india_morning,,Missing FX for INR conversion,WTI,yahoo_intraday_direct | bucket_complete_1m_for_60m,yahoo_front_symbol_no_verified_roll_metadata,CL=F,yahoo_finance,https://finance.yahoo.com,UTC,MISSING_DAILY_FX
2026-06-04 07:30:00+00:00,2026-06-04 13:00:00+05:30,2026-06-04,WTI Crude Futures,NYMEX,60m,1m,1,95.30999755859375,95.69000244140625,94.77999877929688,94.77999877929688,6447,USD,,,,,,india_midday,,Missing FX for INR conversion,WTI,yahoo_intraday_direct | bucket_complete_1m_for_60m,yahoo_front_symbol_no_verified_roll_metadata,CL=F,yahoo_finance,https://finance.yahoo.com,UTC,MISSING_DAILY_FX
2026-06-04 08:30:00+00:00,2026-06-04 14:00:00+05:30,2026-06-04,WTI Crude Futures,NYMEX,60m,1m,1,94.77999877929688,95.4000015258789,94.37999725341797,94.83000183105469,7365,USD,,,,,,india_midday,,Missing FX for INR conversion,WTI,yahoo_intraday_direct | bucket_complete_1m_for_60m,yahoo_front_symbol_no_verified_roll_metadata,CL=F,yahoo_finance,https://finance.yahoo.com,UTC,MISSING_DAILY_FX
2026-06-04 09:30:00+00:00,2026-06-04 15:00:00+05:30,2026-06-04,WTI Crude Futures,NYMEX,60m,1m,1,94.80999755859375,95.23999786376953,94.05999755859375,95.08999633789062,6717,USD,,,,,,india_midday,,Missing FX for INR conversion,WTI,yahoo_intraday_direct | bucket_complete_1m_for_60m,yahoo_front_symbol_no_verified_roll_metadata,CL=F,yahoo_finance,https://finance.yahoo.com,UTC,MISSING_DAILY_FX
2026-06-04 10:30:00+00:00,2026-06-04 16:00:00+05:30,2026-06-04,WTI Crude Futures,NYMEX,60m,1m,1,95.08999633789062,95.30000305175781,93.63999938964844,93.79000091552734,8581,USD,,,,,,europe_open,first_hour_after_europe_open,Missing FX for INR conversion,WTI,yahoo_intraday_direct | bucket_complete_1m_for_60m,yahoo_front_symbol_no_verified_roll_metadata,CL=F,yahoo_finance,https://finance.yahoo.com,UTC,MISSING_DAILY_FX
2026-06-04 11:30:00+00:00,2026-06-04 17:00:00+05:30,2026-06-04,WTI Crude Futures,NYMEX,60m,1m,1,93.77999877929688,94.12999725341797,91.91000366210938,92.76000213623047,25119,USD,,,,,,europe_open,,Missing FX for INR conversion,WTI,yahoo_intraday_direct | bucket_complete_1m_for_60m,yahoo_front_symbol_no_verified_roll_metadata,CL=F,yahoo_finance,https://finance.yahoo.com,UTC,MISSING_DAILY_FX
2026-06-04 12:30:00+00:00,2026-06-04 18:00:00+05:30,2026-06-04,WTI Crude Futures,NYMEX,60m,1m,1,92.76000213623047,93.12999725341797,92.31999969482422,93.08999633789062,17066,USD,,,,,,europe_mid,,Missing FX for INR conversion,WTI,yahoo_intraday_direct | bucket_complete_1m_for_60m,yahoo_front_symbol_no_verified_roll_metadata,CL=F,yahoo_finance,https://finance.yahoo.com,UTC,MISSING_DAILY_FX
2026-06-04 13:30:00+00:00,2026-06-04 19:00:00+05:30,2026-06-04,WTI Crude Futures,NYMEX,60m,1m,1,93.0999984741211,93.1500015258789,92.01000213623047,92.62000274658203,20248,USD,,,,,,europe_mid,,Missing FX for INR conversion,WTI,yahoo_intraday_direct | bucket_complete_1m_for_60m,yahoo_front_symbol_no_verified_roll_metadata,CL=F,yahoo_finance,https://finance.yahoo.com,UTC,MISSING_DAILY_FX
2026-06-04 14:30:00+00:00,2026-06-04 20:00:00+05:30,2026-06-04,WTI Crude Futures,NYMEX,60m,1m,1,92.62000274658203,93.26000213623047,92.5999984741211,92.73999786376953,14112,USD,,,,,,us_pre_open,,Missing FX for INR conversion,WTI,yahoo_intraday_direct | bucket_complete_1m_for_60m,yahoo_front_symbol_no_verified_roll_metadata,CL=F,yahoo_finance,https://finance.yahoo.com,UTC,MISSING_DAILY_FX
2026-06-04 15:30:00+00:00,2026-06-04 21:00:00+05:30,2026-06-04,WTI Crude Futures,NYMEX,60m,1m,1,92.7300033569336,93.18000030517578,92.6500015258789,92.97000122070312,13734,USD,,,,,,us_open,first_30m_after_us_open,Missing FX for INR conversion,WTI,yahoo_intraday_direct | bucket_complete_1m_for_60m,yahoo_front_symbol_no_verified_roll_metadata,CL=F,yahoo_finance,https://finance.yahoo.com,UTC,MISSING_DAILY_FX
2026-06-04 16:30:00+00:00,2026-06-04 22:00:00+05:30,2026-06-04,WTI Crude Futures,NYMEX,60m,1m,1,92.95999908447266,93.02999877929688,92.13999938964844,92.18000030517578,11768,USD,,,,,,us_open,,Missing FX for INR conversion,WTI,yahoo_intraday_direct | bucket_complete_1m_for_60m,yahoo_front_symbol_no_verified_roll_metadata,CL=F,yahoo_finance,https://finance.yahoo.com,UTC,MISSING_DAILY_FX
2026-06-04 17:30:00+00:00,2026-06-04 23:00:00+05:30,2026-06-04,WTI Crude Futures,NYMEX,60m,1m,1,92.19000244140625,93.23999786376953,91.94000244140625,93.08999633789062,29953,USD,,,,,,mcx_tail,final_hour_before_mcx_close,Missing FX for INR conversion,WTI,yahoo_intraday_direct | bucket_complete_1m_for_60m,yahoo_front_symbol_no_verified_roll_metadata,CL=F,yahoo_finance,https://finance.yahoo.com,UTC,MISSING_DAILY_FX
