stream,phase_id,phase_label,leg_triplet,example_window_triplet,n_occurrences,n_phase_dates,support,confidence,consistency,composite_score,low_confidence_flag
BRENT_session,2,post_ceasefire_complex,FLAT_Q1_0_25|FLAT_Q1_0_25|FLAT_Q1_0_25,global_reopen_pre_mcx|mcx_open_drive|india_morning,6,43,0.13953488372093023,0.3333333333333333,0.8376623376623378,0.1168831168831169,False
BRENT_session,2,post_ceasefire_complex,DOWN_Q2_25_50|FLAT_Q1_0_25|UP_Q3_50_75,us_open|mcx_tail|other_valid_hours,6,43,0.13953488372093023,0.46153846153846156,0.756427604871448,0.10554803788903926,False
WTI_session,2,post_ceasefire_complex,FLAT_Q1_0_25|FLAT_Q1_0_25|FLAT_Q1_0_25,india_morning|india_midday|europe_midday,5,43,0.11627906976744186,0.3125,0.835965978128797,0.09720534629404616,False
WTI_session,6,ceasefire_collapse_renewed_escalation,DOWN_Q4_75_90|DOWN_Q5_90_100|UP_Q4_75_90,mcx_open_drive|india_morning|india_midday,2,3,0.6666666666666666,0.6666666666666666,1.0,0.26666666666666666,True
WTI_session,6,ceasefire_collapse_renewed_escalation,DOWN_Q5_90_100|UP_Q4_75_90|DOWN_Q5_90_100,europe_midday|us_pre_open|us_open,2,3,0.6666666666666666,0.6666666666666666,1.0,0.26666666666666666,True
BRENT_session,6,ceasefire_collapse_renewed_escalation,FLAT_Q1_0_25|UP_Q3_50_75|DOWN_Q1_0_25,india_midday|europe_midday|us_pre_open,2,3,0.6666666666666666,1.0,0.7499999999999999,0.19999999999999996,True
WTI_session,6,ceasefire_collapse_renewed_escalation,DOWN_Q5_90_100|DOWN_Q4_75_90|DOWN_Q5_90_100,global_reopen_pre_mcx|mcx_open_drive|india_morning,2,3,0.6666666666666666,1.0,0.7499999999999999,0.19999999999999996,True
WTI_session,9,ceasefire_pause_breakdown_renewed_escalation,DOWN_Q3_50_75|FLAT_Q1_0_25|FLAT_Q1_0_25,mcx_open_drive|india_morning|india_midday,2,4,0.5,1.0,0.6666666666666666,0.13333333333333333,True
BRENT_session,1,full_scale_war,FLAT_Q1_0_25|FLAT_Q1_0_25|FLAT_Q1_0_25,europe_midday|us_pre_open|us_open,3,18,0.16666666666666666,0.3333333333333333,0.8571428571428571,0.0857142857142857,True
BRENT_session,1,full_scale_war,FLAT_Q1_0_25|FLAT_Q1_0_25|UP_Q2_25_50,europe_midday|us_pre_open|us_open,3,18,0.16666666666666666,0.3333333333333333,0.8571428571428571,0.0857142857142857,True
WTI_session,6,ceasefire_collapse_renewed_escalation,DOWN_Q4_75_90|DOWN_Q5_90_100|DOWN_Q4_75_90,europe_midday|us_pre_open|us_open,1,3,0.3333333333333333,0.3333333333333333,1.0,0.06666666666666667,True
WTI_session,6,ceasefire_collapse_renewed_escalation,DOWN_Q5_90_100|UP_Q4_75_90|DOWN_Q4_75_90,india_morning|india_midday|europe_midday,1,3,0.3333333333333333,0.3333333333333333,1.0,0.06666666666666667,True
BRENT_session,7,sustained_major_reescalation_hormuz_war,UP_Q3_50_75|DOWN_Q4_75_90|FLAT_Q1_0_25,global_reopen_pre_mcx|mcx_open_drive|india_morning,2,10,0.2,0.5,0.7692307692307692,0.06153846153846154,True
WTI_session,7,sustained_major_reescalation_hormuz_war,UP_Q2_25_50|UP_Q3_50_75|UP_Q3_50_75,europe_midday|us_pre_open|us_open,2,10,0.2,0.5,0.7692307692307692,0.06153846153846154,True
BRENT_session,6,ceasefire_collapse_renewed_escalation,FLAT_Q1_0_25|FLAT_Q2_25_50|FLAT_Q2_25_50,global_reopen_pre_mcx|mcx_open_drive|india_morning,1,3,0.3333333333333333,0.5,0.8571428571428571,0.05714285714285714,True
BRENT_session,6,ceasefire_collapse_renewed_escalation,FLAT_Q1_0_25|FLAT_Q2_25_50|UP_Q3_50_75,us_open|mcx_tail|other_valid_hours,1,3,0.3333333333333333,0.5,0.8571428571428571,0.05714285714285714,True
BRENT_session,6,ceasefire_collapse_renewed_escalation,FLAT_Q2_25_50|FLAT_Q1_0_25|FLAT_Q1_0_25,us_open|us_open|mcx_tail,1,3,0.3333333333333333,0.5,0.8571428571428571,0.05714285714285714,True
BRENT_session,6,ceasefire_collapse_renewed_escalation,FLAT_Q2_25_50|FLAT_Q1_0_25|UP_Q3_50_75,india_morning|india_midday|europe_midday,1,3,0.3333333333333333,0.5,0.8571428571428571,0.05714285714285714,True
BRENT_session,6,ceasefire_collapse_renewed_escalation,UP_Q3_50_75|DOWN_Q1_0_25|FLAT_Q2_25_50,europe_midday|us_pre_open|us_open,1,3,0.3333333333333333,0.5,0.8571428571428571,0.05714285714285714,True
BRENT_session,6,ceasefire_collapse_renewed_escalation,UP_Q3_50_75|DOWN_Q1_0_25|UP_Q3_50_75,india_midday|europe_midday|us_pre_open,1,3,0.3333333333333333,0.5,0.8571428571428571,0.05714285714285714,True
WTI_session,6,ceasefire_collapse_renewed_escalation,FLAT_Q1_0_25|FLAT_Q1_0_25|FLAT_Q1_0_25,mcx_open_drive|india_morning|india_midday,1,3,0.3333333333333333,0.5,0.8571428571428571,0.05714285714285714,True
WTI_session,6,ceasefire_collapse_renewed_escalation,FLAT_Q1_0_25|FLAT_Q1_0_25|UP_Q2_25_50,india_morning|india_midday|europe_midday,1,3,0.3333333333333333,0.5,0.8571428571428571,0.05714285714285714,True
WTI_session,7,sustained_major_reescalation_hormuz_war,FLAT_Q1_0_25|UP_Q3_50_75|DOWN_Q4_75_90,us_pre_open|us_open|us_open,2,10,0.2,0.6666666666666666,0.6818181818181819,0.05454545454545456,True
WTI_session,10,second_deescalation_active_negotiation_hormuz_deal,DOWN_Q3_50_75|FLAT_Q1_0_25|FLAT_Q1_0_25,india_midday|europe_midday|us_pre_open,2,14,0.14285714285714285,0.3333333333333333,0.84,0.048,True
WTI_session,10,second_deescalation_active_negotiation_hormuz_deal,DOWN_Q3_50_75|FLAT_Q1_0_25|UP_Q2_25_50,europe_midday|us_pre_open|us_open,2,14,0.14285714285714285,0.3333333333333333,0.84,0.048,True
WTI_session,10,second_deescalation_active_negotiation_hormuz_deal,FLAT_Q1_0_25|FLAT_Q1_0_25|UP_Q4_75_90,europe_midday|us_pre_open|us_open,2,14,0.14285714285714285,0.3333333333333333,0.84,0.048,True
BRENT_session,9,ceasefire_pause_breakdown_renewed_escalation,FLAT_Q1_0_25|UP_Q2_25_50|UP_Q3_50_75,mcx_open_drive|india_morning|india_midday,1,4,0.25,0.3333333333333333,0.9230769230769231,0.046153846153846156,True
BRENT_session,9,ceasefire_pause_breakdown_renewed_escalation,FLAT_Q1_0_25|UP_Q2_25_50|UP_Q4_75_90,india_midday|europe_midday|us_pre_open,1,4,0.25,0.3333333333333333,0.9230769230769231,0.046153846153846156,True
BRENT_session,9,ceasefire_pause_breakdown_renewed_escalation,FLAT_Q1_0_25|UP_Q2_25_50|UP_Q5_90_100,us_open|us_open|mcx_tail,1,4,0.25,0.3333333333333333,0.9230769230769231,0.046153846153846156,True
WTI_session,9,ceasefire_pause_breakdown_renewed_escalation,UP_Q2_25_50|DOWN_Q3_50_75|DOWN_Q2_25_50,mcx_open_drive|india_morning|india_midday,1,4,0.25,0.3333333333333333,0.9230769230769231,0.046153846153846156,True
WTI_session,9,ceasefire_pause_breakdown_renewed_escalation,UP_Q2_25_50|DOWN_Q3_50_75|FLAT_Q1_0_25,us_open|mcx_tail|other_valid_hours,1,4,0.25,0.3333333333333333,0.9230769230769231,0.046153846153846156,True
WTI_session,9,ceasefire_pause_breakdown_renewed_escalation,UP_Q2_25_50|DOWN_Q3_50_75|UP_Q3_50_75,us_pre_open|us_open|us_open,1,4,0.25,0.3333333333333333,0.9230769230769231,0.046153846153846156,True
WTI_session,10,second_deescalation_active_negotiation_hormuz_deal,FLAT_Q1_0_25|UP_Q3_50_75|FLAT_Q1_0_25,us_open|us_open|mcx_tail,2,14,0.14285714285714285,0.4,0.7954545454545455,0.04545454545454546,True
BRENT_session,7,sustained_major_reescalation_hormuz_war,UP_Q3_50_75|FLAT_Q1_0_25|UP_Q4_75_90,us_open|mcx_tail|other_valid_hours,2,10,0.2,1.0,0.5555555555555556,0.04444444444444445,True
BRENT_session,7,sustained_major_reescalation_hormuz_war,UP_Q3_50_75|UP_Q5_90_100|DOWN_Q2_25_50,europe_midday|us_pre_open|us_open,2,10,0.2,1.0,0.5555555555555556,0.04444444444444445,True
WTI_session,7,sustained_major_reescalation_hormuz_war,DOWN_Q3_50_75|UP_Q2_25_50|UP_Q3_50_75,mcx_open_drive|india_morning|india_midday,2,10,0.2,1.0,0.5555555555555556,0.04444444444444445,True
WTI_session,7,sustained_major_reescalation_hormuz_war,UP_Q3_50_75|DOWN_Q4_75_90|UP_Q3_50_75,us_open|us_open|mcx_tail,2,10,0.2,1.0,0.5555555555555556,0.04444444444444445,True
WTI_session,5,slight_escalation_strait_closure,UP_Q4_75_90|FLAT_Q1_0_25|FLAT_Q1_0_25,us_open|mcx_tail|other_valid_hours,2,12,0.16666666666666666,0.6666666666666666,0.6666666666666666,0.044444444444444446,True
WTI_session,10,second_deescalation_active_negotiation_hormuz_deal,UP_Q3_50_75|FLAT_Q1_0_25|UP_Q3_50_75,india_morning|india_midday|europe_midday,2,14,0.14285714285714285,0.5,0.7368421052631579,0.042105263157894736,True
BRENT_session,3,strong_escalation_op_rising_lion,DOWN_Q4_75_90|FLAT_Q1_0_25|DOWN_Q4_75_90,mcx_open_drive|india_morning|india_midday,1,4,0.25,0.5,0.8,0.04000000000000001,True
BRENT_session,3,strong_escalation_op_rising_lion,DOWN_Q4_75_90|FLAT_Q1_0_25|FLAT_Q2_25_50,global_reopen_pre_mcx|mcx_open_drive|india_morning,1,4,0.25,0.5,0.8,0.04000000000000001,True
BRENT_session,3,strong_escalation_op_rising_lion,UP_Q3_50_75|DOWN_Q4_75_90|FLAT_Q1_0_25,global_reopen_pre_mcx|mcx_open_drive|india_morning,1,4,0.25,0.5,0.8,0.04000000000000001,True
BRENT_session,3,strong_escalation_op_rising_lion,UP_Q3_50_75|DOWN_Q4_75_90|UP_Q4_75_90,us_open|mcx_tail|other_valid_hours,1,4,0.25,0.5,0.8,0.04000000000000001,True
BRENT_session,9,ceasefire_pause_breakdown_renewed_escalation,DOWN_Q3_50_75|FLAT_Q1_0_25|FLAT_Q1_0_25,mcx_open_drive|india_morning|india_midday,1,4,0.25,0.5,0.8,0.04000000000000001,True
BRENT_session,9,ceasefire_pause_breakdown_renewed_escalation,DOWN_Q3_50_75|FLAT_Q1_0_25|UP_Q2_25_50,global_reopen_pre_mcx|mcx_open_drive|india_morning,1,4,0.25,0.5,0.8,0.04000000000000001,True
BRENT_session,9,ceasefire_pause_breakdown_renewed_escalation,FLAT_Q1_0_25|FLAT_Q1_0_25|FLAT_Q1_0_25,us_open|us_open|mcx_tail,1,4,0.25,0.5,0.8,0.04000000000000001,True
BRENT_session,9,ceasefire_pause_breakdown_renewed_escalation,FLAT_Q1_0_25|FLAT_Q1_0_25|UP_Q2_25_50,india_morning|india_midday|europe_midday,1,4,0.25,0.5,0.8,0.04000000000000001,True
BRENT_session,9,ceasefire_pause_breakdown_renewed_escalation,UP_Q2_25_50|UP_Q5_90_100|DOWN_Q2_25_50,us_open|mcx_tail|other_valid_hours,1,4,0.25,0.5,0.8,0.04000000000000001,True
BRENT_session,9,ceasefire_pause_breakdown_renewed_escalation,UP_Q2_25_50|UP_Q5_90_100|DOWN_Q4_75_90,mcx_open_drive|india_morning|india_midday,1,4,0.25,0.5,0.8,0.04000000000000001,True
WTI_session,3,strong_escalation_op_rising_lion,DOWN_Q2_25_50|DOWN_Q2_25_50|DOWN_Q3_50_75,global_reopen_pre_mcx|mcx_open_drive|india_morning,1,4,0.25,0.5,0.8,0.04000000000000001,True
WTI_session,3,strong_escalation_op_rising_lion,DOWN_Q2_25_50|DOWN_Q2_25_50|UP_Q2_25_50,india_morning|india_midday|europe_midday,1,4,0.25,0.5,0.8,0.04000000000000001,True
WTI_session,3,strong_escalation_op_rising_lion,DOWN_Q3_50_75|FLAT_Q1_0_25|DOWN_Q5_90_100,mcx_open_drive|india_morning|india_midday,1,4,0.25,0.5,0.8,0.04000000000000001,True
WTI_session,3,strong_escalation_op_rising_lion,DOWN_Q3_50_75|FLAT_Q1_0_25|UP_Q2_25_50,india_midday|europe_midday|us_pre_open,1,4,0.25,0.5,0.8,0.04000000000000001,True
WTI_session,3,strong_escalation_op_rising_lion,FLAT_Q1_0_25|UP_Q2_25_50|FLAT_Q1_0_25,us_open|mcx_tail|other_valid_hours,1,4,0.25,0.5,0.8,0.04000000000000001,True
WTI_session,3,strong_escalation_op_rising_lion,FLAT_Q1_0_25|UP_Q2_25_50|UP_Q3_50_75,europe_midday|us_pre_open|us_open,1,4,0.25,0.5,0.8,0.04000000000000001,True
WTI_session,9,ceasefire_pause_breakdown_renewed_escalation,DOWN_Q3_50_75|DOWN_Q2_25_50|UP_Q2_25_50,india_midday|europe_midday|us_pre_open,1,4,0.25,0.5,0.8,0.04000000000000001,True
WTI_session,9,ceasefire_pause_breakdown_renewed_escalation,DOWN_Q3_50_75|DOWN_Q2_25_50|UP_Q3_50_75,india_morning|india_midday|europe_midday,1,4,0.25,0.5,0.8,0.04000000000000001,True
WTI_session,9,ceasefire_pause_breakdown_renewed_escalation,DOWN_Q3_50_75|DOWN_Q5_90_100|DOWN_Q2_25_50,us_pre_open|us_open|us_open,1,4,0.25,0.5,0.8,0.04000000000000001,True
WTI_session,9,ceasefire_pause_breakdown_renewed_escalation,DOWN_Q3_50_75|DOWN_Q5_90_100|UP_Q2_25_50,global_reopen_pre_mcx|mcx_open_drive|india_morning,1,4,0.25,0.5,0.8,0.04000000000000001,True
WTI_session,9,ceasefire_pause_breakdown_renewed_escalation,UP_Q4_75_90|DOWN_Q3_50_75|DOWN_Q2_25_50,india_morning|india_midday|europe_midday,1,4,0.25,0.5,0.8,0.04000000000000001,True
WTI_session,9,ceasefire_pause_breakdown_renewed_escalation,UP_Q4_75_90|DOWN_Q3_50_75|FLAT_Q1_0_25,global_reopen_pre_mcx|mcx_open_drive|india_morning,1,4,0.25,0.5,0.8,0.04000000000000001,True
BRENT_session,6,ceasefire_collapse_renewed_escalation,DOWN_Q1_0_25|FLAT_Q2_25_50|FLAT_Q1_0_25,us_pre_open|us_open|us_open,1,3,0.3333333333333333,1.0,0.6,0.04,True
BRENT_session,6,ceasefire_collapse_renewed_escalation,DOWN_Q1_0_25|UP_Q3_50_75|DOWN_Q3_50_75,europe_midday|us_pre_open|us_open,1,3,0.3333333333333333,1.0,0.6,0.04,True
BRENT_session,6,ceasefire_collapse_renewed_escalation,DOWN_Q2_25_50|DOWN_Q2_25_50|DOWN_Q3_50_75,us_pre_open|us_open|us_open,1,3,0.3333333333333333,1.0,0.6,0.04,True
BRENT_session,6,ceasefire_collapse_renewed_escalation,DOWN_Q2_25_50|DOWN_Q3_50_75|FLAT_Q3_50_75,us_open|us_open|mcx_tail,1,3,0.3333333333333333,1.0,0.6,0.04,True
BRENT_session,6,ceasefire_collapse_renewed_escalation,DOWN_Q2_25_50|FLAT_Q1_0_25|DOWN_Q3_50_75,global_reopen_pre_mcx|mcx_open_drive|india_morning,1,3,0.3333333333333333,1.0,0.6,0.04,True
BRENT_session,6,ceasefire_collapse_renewed_escalation,DOWN_Q3_50_75|FLAT_Q1_0_25|FLAT_Q2_25_50,us_open|us_open|mcx_tail,1,3,0.3333333333333333,1.0,0.6,0.04,True
BRENT_session,6,ceasefire_collapse_renewed_escalation,DOWN_Q3_50_75|FLAT_Q2_25_50|UP_Q1_0_25,india_morning|india_midday|europe_midday,1,3,0.3333333333333333,1.0,0.6,0.04,True
BRENT_session,6,ceasefire_collapse_renewed_escalation,DOWN_Q3_50_75|FLAT_Q3_50_75|FLAT_Q2_25_50,us_open|mcx_tail|other_valid_hours,1,3,0.3333333333333333,1.0,0.6,0.04,True
BRENT_session,6,ceasefire_collapse_renewed_escalation,FLAT_Q1_0_25|DOWN_Q3_50_75|FLAT_Q2_25_50,mcx_open_drive|india_morning|india_midday,1,3,0.3333333333333333,1.0,0.6,0.04,True
BRENT_session,6,ceasefire_collapse_renewed_escalation,FLAT_Q1_0_25|FLAT_Q1_0_25|FLAT_Q1_0_25,us_open|mcx_tail|other_valid_hours,1,3,0.3333333333333333,1.0,0.6,0.04,True
BRENT_session,6,ceasefire_collapse_renewed_escalation,FLAT_Q1_0_25|FLAT_Q3_50_75|FLAT_Q1_0_25,global_reopen_pre_mcx|mcx_open_drive|india_morning,1,3,0.3333333333333333,1.0,0.6,0.04,True
BRENT_session,6,ceasefire_collapse_renewed_escalation,FLAT_Q2_25_50|FLAT_Q2_25_50|FLAT_Q1_0_25,mcx_open_drive|india_morning|india_midday,1,3,0.3333333333333333,1.0,0.6,0.04,True
BRENT_session,6,ceasefire_collapse_renewed_escalation,FLAT_Q2_25_50|UP_Q1_0_25|DOWN_Q2_25_50,india_midday|europe_midday|us_pre_open,1,3,0.3333333333333333,1.0,0.6,0.04,True
BRENT_session,6,ceasefire_collapse_renewed_escalation,FLAT_Q3_50_75|FLAT_Q1_0_25|UP_Q3_50_75,mcx_open_drive|india_morning|india_midday,1,3,0.3333333333333333,1.0,0.6,0.04,True
BRENT_session,6,ceasefire_collapse_renewed_escalation,UP_Q1_0_25|DOWN_Q2_25_50|DOWN_Q2_25_50,europe_midday|us_pre_open|us_open,1,3,0.3333333333333333,1.0,0.6,0.04,True
BRENT_session,6,ceasefire_collapse_renewed_escalation,UP_Q3_50_75|DOWN_Q3_50_75|FLAT_Q1_0_25,us_pre_open|us_open|us_open,1,3,0.3333333333333333,1.0,0.6,0.04,True
WTI_session,6,ceasefire_collapse_renewed_escalation,DOWN_Q1_0_25|FLAT_Q1_0_25|DOWN_Q2_25_50,us_pre_open|us_open|us_open,1,3,0.3333333333333333,1.0,0.6,0.04,True
WTI_session,6,ceasefire_collapse_renewed_escalation,DOWN_Q2_25_50|FLAT_Q1_0_25|FLAT_Q1_0_25,us_open|mcx_tail|other_valid_hours,1,3,0.3333333333333333,1.0,0.6,0.04,True
WTI_session,6,ceasefire_collapse_renewed_escalation,DOWN_Q3_50_75|DOWN_Q5_90_100|UP_Q4_75_90,us_open|mcx_tail|other_valid_hours,1,3,0.3333333333333333,1.0,0.6,0.04,True
WTI_session,6,ceasefire_collapse_renewed_escalation,DOWN_Q4_75_90|UP_Q5_90_100|UP_Q4_75_90,global_reopen_pre_mcx|mcx_open_drive|india_morning,1,3,0.3333333333333333,1.0,0.6,0.04,True
WTI_session,6,ceasefire_collapse_renewed_escalation,DOWN_Q5_90_100|DOWN_Q3_50_75|DOWN_Q5_90_100,us_open|us_open|mcx_tail,1,3,0.3333333333333333,1.0,0.6,0.04,True
WTI_session,6,ceasefire_collapse_renewed_escalation,FLAT_Q1_0_25|DOWN_Q2_25_50|FLAT_Q1_0_25,us_open|us_open|mcx_tail,1,3,0.3333333333333333,1.0,0.6,0.04,True
WTI_session,6,ceasefire_collapse_renewed_escalation,FLAT_Q1_0_25|UP_Q2_25_50|DOWN_Q1_0_25,india_midday|europe_midday|us_pre_open,1,3,0.3333333333333333,1.0,0.6,0.04,True
WTI_session,6,ceasefire_collapse_renewed_escalation,UP_Q2_25_50|DOWN_Q1_0_25|FLAT_Q1_0_25,europe_midday|us_pre_open|us_open,1,3,0.3333333333333333,1.0,0.6,0.04,True
WTI_session,6,ceasefire_collapse_renewed_escalation,UP_Q3_50_75|FLAT_Q1_0_25|FLAT_Q1_0_25,global_reopen_pre_mcx|mcx_open_drive|india_morning,1,3,0.3333333333333333,1.0,0.6,0.04,True
WTI_session,6,ceasefire_collapse_renewed_escalation,UP_Q4_75_90|DOWN_Q4_75_90|DOWN_Q5_90_100,india_midday|europe_midday|us_pre_open,1,3,0.3333333333333333,1.0,0.6,0.04,True
WTI_session,6,ceasefire_collapse_renewed_escalation,UP_Q4_75_90|DOWN_Q5_90_100|DOWN_Q3_50_75,us_pre_open|us_open|us_open,1,3,0.3333333333333333,1.0,0.6,0.04,True
WTI_session,6,ceasefire_collapse_renewed_escalation,UP_Q4_75_90|UP_Q5_90_100|DOWN_Q5_90_100,india_morning|india_midday|europe_midday,1,3,0.3333333333333333,1.0,0.6,0.04,True
WTI_session,6,ceasefire_collapse_renewed_escalation,UP_Q5_90_100|DOWN_Q5_90_100|UP_Q4_75_90,india_midday|europe_midday|us_pre_open,1,3,0.3333333333333333,1.0,0.6,0.04,True
WTI_session,6,ceasefire_collapse_renewed_escalation,UP_Q5_90_100|UP_Q4_75_90|UP_Q5_90_100,mcx_open_drive|india_morning|india_midday,1,3,0.3333333333333333,1.0,0.6,0.04,True
BRENT_session,2,post_ceasefire_complex,FLAT_Q1_0_25|FLAT_Q1_0_25|DOWN_Q3_50_75,global_reopen_pre_mcx|mcx_open_drive|india_morning,3,43,0.06976744186046512,0.16666666666666666,0.911660777385159,0.03816254416961131,True
BRENT_session,2,post_ceasefire_complex,FLAT_Q1_0_25|FLAT_Q1_0_25|UP_Q3_50_75,global_reopen_pre_mcx|mcx_open_drive|india_morning,3,43,0.06976744186046512,0.16666666666666666,0.911660777385159,0.03816254416961131,True
BRENT_session,10,second_deescalation_active_negotiation_hormuz_deal,UP_Q2_25_50|UP_Q2_25_50|UP_Q2_25_50,us_open|us_open|mcx_tail,2,14,0.14285714285714285,0.6666666666666666,0.65625,0.037500000000000006,True
WTI_session,10,second_deescalation_active_negotiation_hormuz_deal,FLAT_Q1_0_25|DOWN_Q3_50_75|FLAT_Q1_0_25,india_midday|europe_midday|us_pre_open,2,14,0.14285714285714285,0.6666666666666666,0.65625,0.037500000000000006,True
WTI_session,10,second_deescalation_active_negotiation_hormuz_deal,UP_Q4_75_90|DOWN_Q3_50_75|FLAT_Q1_0_25,global_reopen_pre_mcx|mcx_open_drive|india_morning,2,14,0.14285714285714285,0.6666666666666666,0.65625,0.037500000000000006,True
BRENT_session,5,slight_escalation_strait_closure,DOWN_Q4_75_90|FLAT_Q1_0_25|DOWN_Q1_0_25,india_midday|europe_midday|us_pre_open,2,12,0.16666666666666666,1.0,0.5454545454545454,0.03636363636363636,True
BRENT_session,2,post_ceasefire_complex,FLAT_Q1_0_25|UP_Q3_50_75|FLAT_Q1_0_25,europe_midday|us_pre_open|us_open,3,43,0.06976744186046512,0.23076923076923078,0.8613251155624038,0.03605546995377504,True
WTI_session,2,post_ceasefire_complex,DOWN_Q2_25_50|FLAT_Q1_0_25|UP_Q4_75_90,us_open|us_open|mcx_tail,3,43,0.06976744186046512,0.3333333333333333,0.7914110429447853,0.03312883435582822,True
WTI_session,2,post_ceasefire_complex,DOWN_Q3_50_75|UP_Q3_50_75|FLAT_Q1_0_25,us_pre_open|us_open|us_open,3,43,0.06976744186046512,0.3333333333333333,0.7914110429447853,0.03312883435582822,True
BRENT_session,2,post_ceasefire_complex,FLAT_Q1_0_25|DOWN_Q2_25_50|FLAT_Q1_0_25,europe_midday|us_pre_open|us_open,3,43,0.06976744186046512,0.375,0.7661469933184856,0.032071269487750555,True
WTI_session,2,post_ceasefire_complex,FLAT_Q1_0_25|DOWN_Q3_50_75|UP_Q2_25_50,global_reopen_pre_mcx|mcx_open_drive|india_morning,3,43,0.06976744186046512,0.375,0.7661469933184856,0.032071269487750555,True
BRENT_session,1,full_scale_war,UP_Q2_25_50|FLAT_Q1_0_25|FLAT_Q1_0_25,global_reopen_pre_mcx|mcx_open_drive|india_morning,2,18,0.1111111111111111,0.5,0.72,0.031999999999999994,True
WTI_session,1,full_scale_war,UP_Q3_50_75|FLAT_Q1_0_25|FLAT_Q1_0_25,mcx_open_drive|india_morning|india_midday,2,18,0.1111111111111111,0.5,0.72,0.031999999999999994,True
WTI_session,1,full_scale_war,UP_Q3_50_75|UP_Q4_75_90|DOWN_Q2_25_50,us_open|mcx_tail|other_valid_hours,2,18,0.1111111111111111,0.5,0.72,0.031999999999999994,True
WTI_session,2,post_ceasefire_complex,DOWN_Q3_50_75|FLAT_Q1_0_25|FLAT_Q1_0_25,global_reopen_pre_mcx|mcx_open_drive|india_morning,3,43,0.06976744186046512,0.42857142857142855,0.7359413202933985,0.03080684596577017,True
BRENT_session,4,naval_blockade_removed,DOWN_Q2_25_50|DOWN_Q3_50_75|DOWN_Q1_0_25,europe_midday|us_pre_open|us_open,1,5,0.2,0.5,0.7692307692307692,0.03076923076923077,True
BRENT_session,4,naval_blockade_removed,DOWN_Q2_25_50|DOWN_Q3_50_75|UP_Q3_50_75,us_open|us_open|mcx_tail,1,5,0.2,0.5,0.7692307692307692,0.03076923076923077,True
BRENT_session,4,naval_blockade_removed,DOWN_Q3_50_75|FLAT_Q1_0_25|FLAT_Q1_0_25,global_reopen_pre_mcx|mcx_open_drive|india_morning,1,5,0.2,0.5,0.7692307692307692,0.03076923076923077,True
BRENT_session,4,naval_blockade_removed,DOWN_Q3_50_75|FLAT_Q1_0_25|UP_Q3_50_75,mcx_open_drive|india_morning|india_midday,1,5,0.2,0.5,0.7692307692307692,0.03076923076923077,True
BRENT_session,4,naval_blockade_removed,FLAT_Q1_0_25|DOWN_Q4_75_90|DOWN_Q2_25_50,india_morning|india_midday|europe_midday,1,5,0.2,0.5,0.7692307692307692,0.03076923076923077,True
BRENT_session,4,naval_blockade_removed,FLAT_Q1_0_25|DOWN_Q4_75_90|FLAT_Q2_25_50,global_reopen_pre_mcx|mcx_open_drive|india_morning,1,5,0.2,0.5,0.7692307692307692,0.03076923076923077,True
BRENT_session,4,naval_blockade_removed,FLAT_Q1_0_25|FLAT_Q1_0_25|DOWN_Q4_75_90,mcx_open_drive|india_morning|india_midday,1,5,0.2,0.5,0.7692307692307692,0.03076923076923077,True
BRENT_session,4,naval_blockade_removed,FLAT_Q1_0_25|FLAT_Q1_0_25|FLAT_Q1_0_25,us_open|mcx_tail|other_valid_hours,1,5,0.2,0.5,0.7692307692307692,0.03076923076923077,True
WTI_session,4,naval_blockade_removed,DOWN_Q2_25_50|DOWN_Q3_50_75|DOWN_Q5_90_100,europe_midday|us_pre_open|us_open,1,5,0.2,0.5,0.7692307692307692,0.03076923076923077,True
WTI_session,4,naval_blockade_removed,DOWN_Q2_25_50|DOWN_Q3_50_75|UP_Q3_50_75,us_open|us_open|mcx_tail,1,5,0.2,0.5,0.7692307692307692,0.03076923076923077,True
WTI_session,4,naval_blockade_removed,DOWN_Q5_90_100|DOWN_Q2_25_50|DOWN_Q3_50_75,india_midday|europe_midday|us_pre_open,1,5,0.2,0.5,0.7692307692307692,0.03076923076923077,True
WTI_session,4,naval_blockade_removed,DOWN_Q5_90_100|DOWN_Q2_25_50|UP_Q1_0_25,us_open|us_open|mcx_tail,1,5,0.2,0.5,0.7692307692307692,0.03076923076923077,True
WTI_session,10,second_deescalation_active_negotiation_hormuz_deal,DOWN_Q2_25_50|UP_Q3_50_75|DOWN_Q3_50_75,india_midday|europe_midday|us_pre_open,2,14,0.14285714285714285,1.0,0.5384615384615384,0.030769230769230767,True
WTI_session,10,second_deescalation_active_negotiation_hormuz_deal,UP_Q3_50_75|DOWN_Q3_50_75|FLAT_Q1_0_25,europe_midday|us_pre_open|us_open,2,14,0.14285714285714285,1.0,0.5384615384615384,0.030769230769230767,True
WTI_session,10,second_deescalation_active_negotiation_hormuz_deal,UP_Q5_90_100|UP_Q2_25_50|DOWN_Q5_90_100,india_midday|europe_midday|us_pre_open,2,14,0.14285714285714285,1.0,0.5384615384615384,0.030769230769230767,True
BRENT_session,3,strong_escalation_op_rising_lion,DOWN_Q1_0_25|FLAT_Q1_0_25|UP_Q3_50_75,us_pre_open|us_open|us_open,1,4,0.25,1.0,0.5714285714285714,0.02857142857142857,True
BRENT_session,3,strong_escalation_op_rising_lion,DOWN_Q1_0_25|UP_Q4_75_90|DOWN_Q1_0_25,india_midday|europe_midday|us_pre_open,1,4,0.25,1.0,0.5714285714285714,0.02857142857142857,True
BRENT_session,3,strong_escalation_op_rising_lion,DOWN_Q2_25_50|DOWN_Q3_50_75|DOWN_Q1_0_25,mcx_open_drive|india_morning|india_midday,1,4,0.25,1.0,0.5714285714285714,0.02857142857142857,True
BRENT_session,3,strong_escalation_op_rising_lion,DOWN_Q2_25_50|UP_Q2_25_50|DOWN_Q4_75_90,india_midday|europe_midday|us_pre_open,1,4,0.25,1.0,0.5714285714285714,0.02857142857142857,True
BRENT_session,3,strong_escalation_op_rising_lion,DOWN_Q3_50_75|DOWN_Q1_0_25|UP_Q4_75_90,india_morning|india_midday|europe_midday,1,4,0.25,1.0,0.5714285714285714,0.02857142857142857,True
BRENT_session,3,strong_escalation_op_rising_lion,DOWN_Q3_50_75|DOWN_Q3_50_75|DOWN_Q3_50_75,us_open|mcx_tail|other_valid_hours,1,4,0.25,1.0,0.5714285714285714,0.02857142857142857,True
BRENT_session,3,strong_escalation_op_rising_lion,DOWN_Q3_50_75|DOWN_Q5_90_100|DOWN_Q3_50_75,mcx_open_drive|india_morning|india_midday,1,4,0.25,1.0,0.5714285714285714,0.02857142857142857,True
BRENT_session,3,strong_escalation_op_rising_lion,DOWN_Q3_50_75|FLAT_Q1_0_25|UP_Q2_25_50,india_midday|europe_midday|us_pre_open,1,4,0.25,1.0,0.5714285714285714,0.02857142857142857,True
BRENT_session,3,strong_escalation_op_rising_lion,DOWN_Q4_75_90|FLAT_Q2_25_50|FLAT_Q1_0_25,us_pre_open|us_open|us_open,1,4,0.25,1.0,0.5714285714285714,0.02857142857142857,True
BRENT_session,3,strong_escalation_op_rising_lion,DOWN_Q4_75_90|UP_Q3_50_75|UP_Q3_50_75,india_midday|europe_midday|us_pre_open,1,4,0.25,1.0,0.5714285714285714,0.02857142857142857,True
BRENT_session,3,strong_escalation_op_rising_lion,DOWN_Q5_90_100|DOWN_Q3_50_75|FLAT_Q1_0_25,india_morning|india_midday|europe_midday,1,4,0.25,1.0,0.5714285714285714,0.02857142857142857,True
BRENT_session,3,strong_escalation_op_rising_lion,DOWN_Q5_90_100|FLAT_Q1_0_25|FLAT_Q1_0_25,us_open|mcx_tail|other_valid_hours,1,4,0.25,1.0,0.5714285714285714,0.02857142857142857,True
BRENT_session,3,strong_escalation_op_rising_lion,FLAT_Q1_0_25|DOWN_Q2_25_50|DOWN_Q3_50_75,global_reopen_pre_mcx|mcx_open_drive|india_morning,1,4,0.25,1.0,0.5714285714285714,0.02857142857142857,True
BRENT_session,3,strong_escalation_op_rising_lion,FLAT_Q1_0_25|DOWN_Q3_50_75|DOWN_Q5_90_100,global_reopen_pre_mcx|mcx_open_drive|india_morning,1,4,0.25,1.0,0.5714285714285714,0.02857142857142857,True
BRENT_session,3,strong_escalation_op_rising_lion,FLAT_Q1_0_25|DOWN_Q4_75_90|UP_Q3_50_75,india_morning|india_midday|europe_midday,1,4,0.25,1.0,0.5714285714285714,0.02857142857142857,True
BRENT_session,3,strong_escalation_op_rising_lion,FLAT_Q1_0_25|DOWN_Q5_90_100|FLAT_Q1_0_25,us_open|us_open|mcx_tail,1,4,0.25,1.0,0.5714285714285714,0.02857142857142857,True
BRENT_session,3,strong_escalation_op_rising_lion,FLAT_Q1_0_25|FLAT_Q1_0_25|UP_Q2_25_50,us_open|mcx_tail|other_valid_hours,1,4,0.25,1.0,0.5714285714285714,0.02857142857142857,True
BRENT_session,3,strong_escalation_op_rising_lion,FLAT_Q1_0_25|FLAT_Q2_25_50|DOWN_Q2_25_50,mcx_open_drive|india_morning|india_midday,1,4,0.25,1.0,0.5714285714285714,0.02857142857142857,True
BRENT_session,3,strong_escalation_op_rising_lion,FLAT_Q1_0_25|UP_Q2_25_50|UP_Q3_50_75,europe_midday|us_pre_open|us_open,1,4,0.25,1.0,0.5714285714285714,0.02857142857142857,True
BRENT_session,3,strong_escalation_op_rising_lion,FLAT_Q1_0_25|UP_Q3_50_75|DOWN_Q4_75_90,us_open|us_open|mcx_tail,1,4,0.25,1.0,0.5714285714285714,0.02857142857142857,True
BRENT_session,3,strong_escalation_op_rising_lion,FLAT_Q2_25_50|DOWN_Q2_25_50|UP_Q2_25_50,india_morning|india_midday|europe_midday,1,4,0.25,1.0,0.5714285714285714,0.02857142857142857,True
BRENT_session,3,strong_escalation_op_rising_lion,FLAT_Q2_25_50|FLAT_Q1_0_25|FLAT_Q1_0_25,us_open|us_open|mcx_tail,1,4,0.25,1.0,0.5714285714285714,0.02857142857142857,True
BRENT_session,3,strong_escalation_op_rising_lion,UP_Q2_25_50|DOWN_Q4_75_90|FLAT_Q2_25_50,europe_midday|us_pre_open|us_open,1,4,0.25,1.0,0.5714285714285714,0.02857142857142857,True
BRENT_session,3,strong_escalation_op_rising_lion,UP_Q2_25_50|UP_Q3_50_75|DOWN_Q3_50_75,us_pre_open|us_open|us_open,1,4,0.25,1.0,0.5714285714285714,0.02857142857142857,True
BRENT_session,3,strong_escalation_op_rising_lion,UP_Q3_50_75|DOWN_Q3_50_75|DOWN_Q3_50_75,us_open|us_open|mcx_tail,1,4,0.25,1.0,0.5714285714285714,0.02857142857142857,True
BRENT_session,3,strong_escalation_op_rising_lion,UP_Q3_50_75|FLAT_Q1_0_25|DOWN_Q5_90_100,us_pre_open|us_open|us_open,1,4,0.25,1.0,0.5714285714285714,0.02857142857142857,True
BRENT_session,3,strong_escalation_op_rising_lion,UP_Q3_50_75|UP_Q3_50_75|FLAT_Q1_0_25,europe_midday|us_pre_open|us_open,1,4,0.25,1.0,0.5714285714285714,0.02857142857142857,True
BRENT_session,3,strong_escalation_op_rising_lion,UP_Q4_75_90|DOWN_Q1_0_25|FLAT_Q1_0_25,europe_midday|us_pre_open|us_open,1,4,0.25,1.0,0.5714285714285714,0.02857142857142857,True
BRENT_session,9,ceasefire_pause_breakdown_renewed_escalation,DOWN_Q1_0_25|FLAT_Q1_0_25|DOWN_Q3_50_75,global_reopen_pre_mcx|mcx_open_drive|india_morning,1,4,0.25,1.0,0.5714285714285714,0.02857142857142857,True
BRENT_session,9,ceasefire_pause_breakdown_renewed_escalation,DOWN_Q2_25_50|FLAT_Q1_0_25|FLAT_Q1_0_25,us_pre_open|us_open|us_open,1,4,0.25,1.0,0.5714285714285714,0.02857142857142857,True
BRENT_session,9,ceasefire_pause_breakdown_renewed_escalation,DOWN_Q2_25_50|UP_Q2_25_50|UP_Q5_90_100,global_reopen_pre_mcx|mcx_open_drive|india_morning,1,4,0.25,1.0,0.5714285714285714,0.02857142857142857,True
BRENT_session,9,ceasefire_pause_breakdown_renewed_escalation,DOWN_Q3_50_75|DOWN_Q3_50_75|UP_Q5_90_100,us_open|mcx_tail|other_valid_hours,1,4,0.25,1.0,0.5714285714285714,0.02857142857142857,True
BRENT_session,9,ceasefire_pause_breakdown_renewed_escalation,DOWN_Q3_50_75|DOWN_Q5_90_100|DOWN_Q4_75_90,us_pre_open|us_open|us_open,1,4,0.25,1.0,0.5714285714285714,0.02857142857142857,True
BRENT_session,9,ceasefire_pause_breakdown_renewed_escalation,DOWN_Q3_50_75|FLAT_Q2_25_50|UP_Q3_50_75,india_morning|india_midday|europe_midday,1,4,0.25,1.0,0.5714285714285714,0.02857142857142857,True
BRENT_session,9,ceasefire_pause_breakdown_renewed_escalation,DOWN_Q4_75_90|DOWN_Q5_90_100|FLAT_Q1_0_25,india_midday|europe_midday|us_pre_open,1,4,0.25,1.0,0.5714285714285714,0.02857142857142857,True
BRENT_session,9,ceasefire_pause_breakdown_renewed_escalation,DOWN_Q4_75_90|FLAT_Q2_25_50|DOWN_Q3_50_75,us_open|mcx_tail|other_valid_hours,1,4,0.25,1.0,0.5714285714285714,0.02857142857142857,True
BRENT_session,9,ceasefire_pause_breakdown_renewed_escalation,DOWN_Q5_90_100|DOWN_Q4_75_90|FLAT_Q2_25_50,us_open|us_open|mcx_tail,1,4,0.25,1.0,0.5714285714285714,0.02857142857142857,True
BRENT_session,9,ceasefire_pause_breakdown_renewed_escalation,DOWN_Q5_90_100|FLAT_Q1_0_25|FLAT_Q2_25_50,europe_midday|us_pre_open|us_open,1,4,0.25,1.0,0.5714285714285714,0.02857142857142857,True
BRENT_session,9,ceasefire_pause_breakdown_renewed_escalation,FLAT_Q1_0_25|DOWN_Q3_50_75|FLAT_Q2_25_50,mcx_open_drive|india_morning|india_midday,1,4,0.25,1.0,0.5714285714285714,0.02857142857142857,True
BRENT_session,9,ceasefire_pause_breakdown_renewed_escalation,FLAT_Q1_0_25|FLAT_Q2_25_50|DOWN_Q3_50_75,us_pre_open|us_open|us_open,1,4,0.25,1.0,0.5714285714285714,0.02857142857142857,True
BRENT_session,9,ceasefire_pause_breakdown_renewed_escalation,FLAT_Q2_25_50|DOWN_Q3_50_75|DOWN_Q3_50_75,us_open|us_open|mcx_tail,1,4,0.25,1.0,0.5714285714285714,0.02857142857142857,True
BRENT_session,9,ceasefire_pause_breakdown_renewed_escalation,FLAT_Q2_25_50|UP_Q3_50_75|DOWN_Q3_50_75,india_midday|europe_midday|us_pre_open,1,4,0.25,1.0,0.5714285714285714,0.02857142857142857,True
BRENT_session,9,ceasefire_pause_breakdown_renewed_escalation,UP_Q1_0_25|DOWN_Q2_25_50|FLAT_Q1_0_25,europe_midday|us_pre_open|us_open,1,4,0.25,1.0,0.5714285714285714,0.02857142857142857,True
BRENT_session,9,ceasefire_pause_breakdown_renewed_escalation,UP_Q2_25_50|UP_Q3_50_75|UP_Q1_0_25,india_morning|india_midday|europe_midday,1,4,0.25,1.0,0.5714285714285714,0.02857142857142857,True
BRENT_session,9,ceasefire_pause_breakdown_renewed_escalation,UP_Q2_25_50|UP_Q4_75_90|FLAT_Q1_0_25,europe_midday|us_pre_open|us_open,1,4,0.25,1.0,0.5714285714285714,0.02857142857142857,True
BRENT_session,9,ceasefire_pause_breakdown_renewed_escalation,UP_Q3_50_75|DOWN_Q3_50_75|DOWN_Q5_90_100,europe_midday|us_pre_open|us_open,1,4,0.25,1.0,0.5714285714285714,0.02857142857142857,True
BRENT_session,9,ceasefire_pause_breakdown_renewed_escalation,UP_Q3_50_75|UP_Q1_0_25|DOWN_Q2_25_50,india_midday|europe_midday|us_pre_open,1,4,0.25,1.0,0.5714285714285714,0.02857142857142857,True
BRENT_session,9,ceasefire_pause_breakdown_renewed_escalation,UP_Q4_75_90|FLAT_Q1_0_25|UP_Q2_25_50,us_pre_open|us_open|us_open,1,4,0.25,1.0,0.5714285714285714,0.02857142857142857,True
BRENT_session,9,ceasefire_pause_breakdown_renewed_escalation,UP_Q5_90_100|DOWN_Q3_50_75|FLAT_Q1_0_25,global_reopen_pre_mcx|mcx_open_drive|india_morning,1,4,0.25,1.0,0.5714285714285714,0.02857142857142857,True
BRENT_session,9,ceasefire_pause_breakdown_renewed_escalation,UP_Q5_90_100|DOWN_Q4_75_90|DOWN_Q5_90_100,india_morning|india_midday|europe_midday,1,4,0.25,1.0,0.5714285714285714,0.02857142857142857,True
WTI_session,3,strong_escalation_op_rising_lion,DOWN_Q1_0_25|FLAT_Q2_25_50|UP_Q4_75_90,us_pre_open|us_open|us_open,1,4,0.25,1.0,0.5714285714285714,0.02857142857142857,True
WTI_session,3,strong_escalation_op_rising_lion,DOWN_Q1_0_25|UP_Q5_90_100|DOWN_Q1_0_25,india_midday|europe_midday|us_pre_open,1,4,0.25,1.0,0.5714285714285714,0.02857142857142857,True
WTI_session,3,strong_escalation_op_rising_lion,DOWN_Q2_25_50|DOWN_Q3_50_75|DOWN_Q1_0_25,mcx_open_drive|india_morning|india_midday,1,4,0.25,1.0,0.5714285714285714,0.02857142857142857,True
WTI_session,3,strong_escalation_op_rising_lion,DOWN_Q2_25_50|DOWN_Q5_90_100|DOWN_Q4_75_90,global_reopen_pre_mcx|mcx_open_drive|india_morning,1,4,0.25,1.0,0.5714285714285714,0.02857142857142857,True
WTI_session,3,strong_escalation_op_rising_lion,DOWN_Q2_25_50|UP_Q2_25_50|DOWN_Q5_90_100,india_midday|europe_midday|us_pre_open,1,4,0.25,1.0,0.5714285714285714,0.02857142857142857,True
WTI_session,3,strong_escalation_op_rising_lion,DOWN_Q3_50_75|DOWN_Q1_0_25|UP_Q5_90_100,india_morning|india_midday|europe_midday,1,4,0.25,1.0,0.5714285714285714,0.02857142857142857,True
WTI_session,3,strong_escalation_op_rising_lion,DOWN_Q4_75_90|DOWN_Q3_50_75|FLAT_Q1_0_25,india_morning|india_midday|europe_midday,1,4,0.25,1.0,0.5714285714285714,0.02857142857142857,True
WTI_session,3,strong_escalation_op_rising_lion,DOWN_Q4_75_90|FLAT_Q1_0_25|UP_Q2_25_50,us_open|us_open|mcx_tail,1,4,0.25,1.0,0.5714285714285714,0.02857142857142857,True
WTI_session,3,strong_escalation_op_rising_lion,DOWN_Q5_90_100|DOWN_Q2_25_50|DOWN_Q3_50_75,us_open|mcx_tail|other_valid_hours,1,4,0.25,1.0,0.5714285714285714,0.02857142857142857,True
WTI_session,3,strong_escalation_op_rising_lion,DOWN_Q5_90_100|DOWN_Q4_75_90|DOWN_Q3_50_75,mcx_open_drive|india_morning|india_midday,1,4,0.25,1.0,0.5714285714285714,0.02857142857142857,True
WTI_session,3,strong_escalation_op_rising_lion,DOWN_Q5_90_100|FLAT_Q1_0_25|DOWN_Q2_25_50,global_reopen_pre_mcx|mcx_open_drive|india_morning,1,4,0.25,1.0,0.5714285714285714,0.02857142857142857,True
WTI_session,3,strong_escalation_op_rising_lion,DOWN_Q5_90_100|FLAT_Q2_25_50|FLAT_Q2_25_50,us_pre_open|us_open|us_open,1,4,0.25,1.0,0.5714285714285714,0.02857142857142857,True
WTI_session,3,strong_escalation_op_rising_lion,DOWN_Q5_90_100|UP_Q3_50_75|UP_Q3_50_75,india_midday|europe_midday|us_pre_open,1,4,0.25,1.0,0.5714285714285714,0.02857142857142857,True
WTI_session,3,strong_escalation_op_rising_lion,FLAT_Q1_0_25|DOWN_Q2_25_50|DOWN_Q2_25_50,mcx_open_drive|india_morning|india_midday,1,4,0.25,1.0,0.5714285714285714,0.02857142857142857,True
WTI_session,3,strong_escalation_op_rising_lion,FLAT_Q1_0_25|DOWN_Q5_90_100|UP_Q3_50_75,india_morning|india_midday|europe_midday,1,4,0.25,1.0,0.5714285714285714,0.02857142857142857,True
WTI_session,3,strong_escalation_op_rising_lion,FLAT_Q2_25_50|FLAT_Q2_25_50|UP_Q3_50_75,us_open|us_open|mcx_tail,1,4,0.25,1.0,0.5714285714285714,0.02857142857142857,True
WTI_session,3,strong_escalation_op_rising_lion,FLAT_Q2_25_50|UP_Q3_50_75|UP_Q2_25_50,us_open|mcx_tail|other_valid_hours,1,4,0.25,1.0,0.5714285714285714,0.02857142857142857,True
WTI_session,3,strong_escalation_op_rising_lion,FLAT_Q2_25_50|UP_Q4_75_90|DOWN_Q5_90_100,us_open|us_open|mcx_tail,1,4,0.25,1.0,0.5714285714285714,0.02857142857142857,True
WTI_session,3,strong_escalation_op_rising_lion,UP_Q2_25_50|DOWN_Q5_90_100|FLAT_Q2_25_50,europe_midday|us_pre_open|us_open,1,4,0.25,1.0,0.5714285714285714,0.02857142857142857,True
WTI_session,3,strong_escalation_op_rising_lion,UP_Q2_25_50|UP_Q3_50_75|DOWN_Q5_90_100,us_pre_open|us_open|us_open,1,4,0.25,1.0,0.5714285714285714,0.02857142857142857,True
WTI_session,3,strong_escalation_op_rising_lion,UP_Q3_50_75|DOWN_Q3_50_75|FLAT_Q1_0_25,global_reopen_pre_mcx|mcx_open_drive|india_morning,1,4,0.25,1.0,0.5714285714285714,0.02857142857142857,True
WTI_session,3,strong_escalation_op_rising_lion,UP_Q3_50_75|DOWN_Q4_75_90|FLAT_Q1_0_25,us_pre_open|us_open|us_open,1,4,0.25,1.0,0.5714285714285714,0.02857142857142857,True
WTI_session,3,strong_escalation_op_rising_lion,UP_Q3_50_75|DOWN_Q5_90_100|DOWN_Q2_25_50,us_open|us_open|mcx_tail,1,4,0.25,1.0,0.5714285714285714,0.02857142857142857,True
WTI_session,3,strong_escalation_op_rising_lion,UP_Q3_50_75|UP_Q3_50_75|DOWN_Q4_75_90,europe_midday|us_pre_open|us_open,1,4,0.25,1.0,0.5714285714285714,0.02857142857142857,True
WTI_session,3,strong_escalation_op_rising_lion,UP_Q4_75_90|DOWN_Q5_90_100|UP_Q5_90_100,us_open|mcx_tail|other_valid_hours,1,4,0.25,1.0,0.5714285714285714,0.02857142857142857,True
WTI_session,3,strong_escalation_op_rising_lion,UP_Q5_90_100|DOWN_Q1_0_25|FLAT_Q2_25_50,europe_midday|us_pre_open|us_open,1,4,0.25,1.0,0.5714285714285714,0.02857142857142857,True
WTI_session,9,ceasefire_pause_breakdown_renewed_escalation,DOWN_Q1_0_25|UP_Q2_25_50|DOWN_Q3_50_75,global_reopen_pre_mcx|mcx_open_drive|india_morning,1,4,0.25,1.0,0.5714285714285714,0.02857142857142857,True
WTI_session,9,ceasefire_pause_breakdown_renewed_escalation,DOWN_Q2_25_50|FLAT_Q2_25_50|DOWN_Q2_25_50,us_open|mcx_tail|other_valid_hours,1,4,0.25,1.0,0.5714285714285714,0.02857142857142857,True
WTI_session,9,ceasefire_pause_breakdown_renewed_escalation,DOWN_Q2_25_50|UP_Q2_25_50|DOWN_Q3_50_75,europe_midday|us_pre_open|us_open,1,4,0.25,1.0,0.5714285714285714,0.02857142857142857,True
WTI_session,9,ceasefire_pause_breakdown_renewed_escalation,DOWN_Q2_25_50|UP_Q3_50_75|DOWN_Q3_50_75,india_midday|europe_midday|us_pre_open,1,4,0.25,1.0,0.5714285714285714,0.02857142857142857,True
WTI_session,9,ceasefire_pause_breakdown_renewed_escalation,DOWN_Q2_25_50|UP_Q4_75_90|UP_Q4_75_90,global_reopen_pre_mcx|mcx_open_drive|india_morning,1,4,0.25,1.0,0.5714285714285714,0.02857142857142857,True
WTI_session,9,ceasefire_pause_breakdown_renewed_escalation,DOWN_Q3_50_75|UP_Q3_50_75|DOWN_Q4_75_90,us_open|us_open|mcx_tail,1,4,0.25,1.0,0.5714285714285714,0.02857142857142857,True
WTI_session,9,ceasefire_pause_breakdown_renewed_escalation,DOWN_Q4_75_90|UP_Q2_25_50|DOWN_Q3_50_75,us_open|us_open|mcx_tail,1,4,0.25,1.0,0.5714285714285714,0.02857142857142857,True
WTI_session,9,ceasefire_pause_breakdown_renewed_escalation,DOWN_Q5_90_100|DOWN_Q2_25_50|FLAT_Q2_25_50,us_open|us_open|mcx_tail,1,4,0.25,1.0,0.5714285714285714,0.02857142857142857,True
WTI_session,9,ceasefire_pause_breakdown_renewed_escalation,DOWN_Q5_90_100|UP_Q2_25_50|UP_Q5_90_100,mcx_open_drive|india_morning|india_midday,1,4,0.25,1.0,0.5714285714285714,0.02857142857142857,True
WTI_session,9,ceasefire_pause_breakdown_renewed_escalation,FLAT_Q1_0_25|DOWN_Q3_50_75|FLAT_Q1_0_25,us_open|us_open|mcx_tail,1,4,0.25,1.0,0.5714285714285714,0.02857142857142857,True
WTI_session,9,ceasefire_pause_breakdown_renewed_escalation,FLAT_Q1_0_25|FLAT_Q1_0_25|UP_Q1_0_25,india_morning|india_midday|europe_midday,1,4,0.25,1.0,0.5714285714285714,0.02857142857142857,True
WTI_session,9,ceasefire_pause_breakdown_renewed_escalation,FLAT_Q1_0_25|UP_Q1_0_25|UP_Q5_90_100,india_midday|europe_midday|us_pre_open,1,4,0.25,1.0,0.5714285714285714,0.02857142857142857,True
WTI_session,9,ceasefire_pause_breakdown_renewed_escalation,UP_Q1_0_25|DOWN_Q4_75_90|UP_Q2_25_50,us_pre_open|us_open|us_open,1,4,0.25,1.0,0.5714285714285714,0.02857142857142857,True
WTI_session,9,ceasefire_pause_breakdown_renewed_escalation,UP_Q1_0_25|UP_Q5_90_100|FLAT_Q1_0_25,europe_midday|us_pre_open|us_open,1,4,0.25,1.0,0.5714285714285714,0.02857142857142857,True
WTI_session,9,ceasefire_pause_breakdown_renewed_escalation,UP_Q2_25_50|UP_Q5_90_100|UP_Q4_75_90,india_morning|india_midday|europe_midday,1,4,0.25,1.0,0.5714285714285714,0.02857142857142857,True
WTI_session,9,ceasefire_pause_breakdown_renewed_escalation,UP_Q3_50_75|DOWN_Q3_50_75|DOWN_Q5_90_100,europe_midday|us_pre_open|us_open,1,4,0.25,1.0,0.5714285714285714,0.02857142857142857,True
WTI_session,9,ceasefire_pause_breakdown_renewed_escalation,UP_Q3_50_75|DOWN_Q4_75_90|UP_Q4_75_90,us_open|mcx_tail|other_valid_hours,1,4,0.25,1.0,0.5714285714285714,0.02857142857142857,True
WTI_session,9,ceasefire_pause_breakdown_renewed_escalation,UP_Q4_75_90|UP_Q1_0_25|DOWN_Q4_75_90,europe_midday|us_pre_open|us_open,1,4,0.25,1.0,0.5714285714285714,0.02857142857142857,True
WTI_session,9,ceasefire_pause_breakdown_renewed_escalation,UP_Q4_75_90|UP_Q4_75_90|DOWN_Q3_50_75,mcx_open_drive|india_morning|india_midday,1,4,0.25,1.0,0.5714285714285714,0.02857142857142857,True
WTI_session,9,ceasefire_pause_breakdown_renewed_escalation,UP_Q5_90_100|FLAT_Q1_0_25|DOWN_Q3_50_75,us_pre_open|us_open|us_open,1,4,0.25,1.0,0.5714285714285714,0.02857142857142857,True
WTI_session,9,ceasefire_pause_breakdown_renewed_escalation,UP_Q5_90_100|UP_Q4_75_90|UP_Q1_0_25,india_midday|europe_midday|us_pre_open,1,4,0.25,1.0,0.5714285714285714,0.02857142857142857,True
BRENT_session,1,full_scale_war,DOWN_Q2_25_50|FLAT_Q1_0_25|FLAT_Q1_0_25,india_midday|europe_midday|us_pre_open,2,18,0.1111111111111111,0.6666666666666666,0.6428571428571428,0.028571428571428567,True
BRENT_session,1,full_scale_war,DOWN_Q2_25_50|UP_Q3_50_75|DOWN_Q2_25_50,asia_early|us_late|europe_midday,2,18,0.1111111111111111,0.6666666666666666,0.6428571428571428,0.028571428571428567,True
BRENT_session,1,full_scale_war,UP_Q3_50_75|FLAT_Q2_25_50|FLAT_Q1_0_25,europe_midday|us_pre_open|us_open,2,18,0.1111111111111111,0.6666666666666666,0.6428571428571428,0.028571428571428567,True
BRENT_session,1,full_scale_war,UP_Q3_50_75|UP_Q2_25_50|UP_Q2_25_50,asia_early|us_late|europe_midday,2,18,0.1111111111111111,0.6666666666666666,0.6428571428571428,0.028571428571428567,True
BRENT_session,1,full_scale_war,UP_Q3_50_75|UP_Q3_50_75|FLAT_Q1_0_25,us_open|mcx_tail|other_valid_hours,2,18,0.1111111111111111,0.6666666666666666,0.6428571428571428,0.028571428571428567,True
WTI_session,1,full_scale_war,DOWN_Q4_75_90|UP_Q2_25_50|FLAT_Q1_0_25,global_reopen_pre_mcx|mcx_open_drive|india_morning,2,18,0.1111111111111111,0.6666666666666666,0.6428571428571428,0.028571428571428567,True
WTI_session,1,full_scale_war,UP_Q3_50_75|UP_Q3_50_75|UP_Q3_50_75,us_open|us_open|other_valid_hours,2,18,0.1111111111111111,0.6666666666666666,0.6428571428571428,0.028571428571428567,True
BRENT_session,2,post_ceasefire_complex,UP_Q3_50_75|DOWN_Q2_25_50|FLAT_Q1_0_25,europe_midday|us_pre_open|us_open,3,43,0.06976744186046512,0.6,0.6534954407294833,0.02735562310030395,True
BRENT_session,2,post_ceasefire_complex,UP_Q3_50_75|DOWN_Q4_75_90|DOWN_Q3_50_75,europe_midday|us_pre_open|us_open,3,43,0.06976744186046512,0.6,0.6534954407294833,0.02735562310030395,True
BRENT_session,1,full_scale_war,UP_Q2_25_50|UP_Q2_25_50|DOWN_Q3_50_75,india_midday|europe_midday|us_pre_open,2,18,0.1111111111111111,1.0,0.5294117647058824,0.023529411764705882,True
WTI_session,1,full_scale_war,DOWN_Q3_50_75|UP_Q3_50_75|FLAT_Q1_0_25,global_reopen_pre_mcx|mcx_open_drive|india_morning,2,18,0.1111111111111111,1.0,0.5294117647058824,0.023529411764705882,True
WTI_session,1,full_scale_war,UP_Q5_90_100|DOWN_Q3_50_75|FLAT_Q1_0_25,india_midday|europe_midday|us_pre_open,2,18,0.1111111111111111,1.0,0.5294117647058824,0.023529411764705882,True
BRENT_session,4,naval_blockade_removed,DOWN_Q1_0_25|DOWN_Q5_90_100|UP_Q2_25_50,us_open|us_open|mcx_tail,1,5,0.2,1.0,0.5555555555555556,0.022222222222222227,True
BRENT_session,4,naval_blockade_removed,DOWN_Q2_25_50|FLAT_Q1_0_25|DOWN_Q2_25_50,india_midday|europe_midday|us_pre_open,1,5,0.2,1.0,0.5555555555555556,0.022222222222222227,True
BRENT_session,4,naval_blockade_removed,DOWN_Q2_25_50|UP_Q3_50_75|FLAT_Q1_0_25,us_pre_open|us_open|us_open,1,5,0.2,1.0,0.5555555555555556,0.022222222222222227,True
BRENT_session,4,naval_blockade_removed,DOWN_Q3_50_75|DOWN_Q1_0_25|DOWN_Q5_90_100,us_pre_open|us_open|us_open,1,5,0.2,1.0,0.5555555555555556,0.022222222222222227,True
BRENT_session,4,naval_blockade_removed,DOWN_Q3_50_75|DOWN_Q3_50_75|FLAT_Q1_0_25,global_reopen_pre_mcx|mcx_open_drive|india_morning,1,5,0.2,1.0,0.5555555555555556,0.022222222222222227,True
BRENT_session,4,naval_blockade_removed,DOWN_Q3_50_75|UP_Q3_50_75|DOWN_Q4_75_90,us_open|mcx_tail|other_valid_hours,1,5,0.2,1.0,0.5555555555555556,0.022222222222222227,True
BRENT_session,4,naval_blockade_removed,DOWN_Q4_75_90|DOWN_Q2_25_50|DOWN_Q3_50_75,india_midday|europe_midday|us_pre_open,1,5,0.2,1.0,0.5555555555555556,0.022222222222222227,True
BRENT_session,4,naval_blockade_removed,DOWN_Q4_75_90|FLAT_Q1_0_25|FLAT_Q5_90_100,global_reopen_pre_mcx|mcx_open_drive|india_morning,1,5,0.2,1.0,0.5555555555555556,0.022222222222222227,True
BRENT_session,4,naval_blockade_removed,DOWN_Q4_75_90|FLAT_Q2_25_50|FLAT_Q1_0_25,mcx_open_drive|india_morning|india_midday,1,5,0.2,1.0,0.5555555555555556,0.022222222222222227,True
BRENT_session,4,naval_blockade_removed,DOWN_Q5_90_100|UP_Q2_25_50|UP_Q3_50_75,us_open|mcx_tail|other_valid_hours,1,5,0.2,1.0,0.5555555555555556,0.022222222222222227,True
BRENT_session,4,naval_blockade_removed,DOWN_Q5_90_100|UP_Q4_75_90|UP_Q1_0_25,us_pre_open|us_open|us_open,1,5,0.2,1.0,0.5555555555555556,0.022222222222222227,True
BRENT_session,4,naval_blockade_removed,FLAT_Q1_0_25|DOWN_Q2_25_50|UP_Q3_50_75,europe_midday|us_pre_open|us_open,1,5,0.2,1.0,0.5555555555555556,0.022222222222222227,True
BRENT_session,4,naval_blockade_removed,FLAT_Q1_0_25|FLAT_Q5_90_100|DOWN_Q2_25_50,mcx_open_drive|india_morning|india_midday,1,5,0.2,1.0,0.5555555555555556,0.022222222222222227,True
BRENT_session,4,naval_blockade_removed,FLAT_Q1_0_25|UP_Q3_50_75|UP_Q3_50_75,india_morning|india_midday|europe_midday,1,5,0.2,1.0,0.5555555555555556,0.022222222222222227,True
BRENT_session,4,naval_blockade_removed,FLAT_Q1_0_25|UP_Q4_75_90|DOWN_Q5_90_100,india_midday|europe_midday|us_pre_open,1,5,0.2,1.0,0.5555555555555556,0.022222222222222227,True
BRENT_session,4,naval_blockade_removed,FLAT_Q2_25_50|FLAT_Q1_0_25|UP_Q4_75_90,india_morning|india_midday|europe_midday,1,5,0.2,1.0,0.5555555555555556,0.022222222222222227,True
BRENT_session,4,naval_blockade_removed,FLAT_Q5_90_100|DOWN_Q2_25_50|FLAT_Q1_0_25,india_morning|india_midday|europe_midday,1,5,0.2,1.0,0.5555555555555556,0.022222222222222227,True
BRENT_session,4,naval_blockade_removed,UP_Q1_0_25|DOWN_Q2_25_50|DOWN_Q3_50_75,us_pre_open|us_open|us_open,1,5,0.2,1.0,0.5555555555555556,0.022222222222222227,True
BRENT_session,4,naval_blockade_removed,UP_Q1_0_25|UP_Q5_90_100|DOWN_Q2_25_50,us_open|mcx_tail|other_valid_hours,1,5,0.2,1.0,0.5555555555555556,0.022222222222222227,True
BRENT_session,4,naval_blockade_removed,UP_Q3_50_75|FLAT_Q1_0_25|FLAT_Q1_0_25,us_open|us_open|mcx_tail,1,5,0.2,1.0,0.5555555555555556,0.022222222222222227,True
BRENT_session,4,naval_blockade_removed,UP_Q3_50_75|UP_Q1_0_25|DOWN_Q2_25_50,europe_midday|us_pre_open|us_open,1,5,0.2,1.0,0.5555555555555556,0.022222222222222227,True
BRENT_session,4,naval_blockade_removed,UP_Q3_50_75|UP_Q3_50_75|UP_Q1_0_25,india_midday|europe_midday|us_pre_open,1,5,0.2,1.0,0.5555555555555556,0.022222222222222227,True
BRENT_session,4,naval_blockade_removed,UP_Q4_75_90|DOWN_Q5_90_100|UP_Q4_75_90,europe_midday|us_pre_open|us_open,1,5,0.2,1.0,0.5555555555555556,0.022222222222222227,True
BRENT_session,4,naval_blockade_removed,UP_Q4_75_90|UP_Q1_0_25|UP_Q5_90_100,us_open|us_open|mcx_tail,1,5,0.2,1.0,0.5555555555555556,0.022222222222222227,True
WTI_session,4,naval_blockade_removed,DOWN_Q1_0_25|FLAT_Q1_0_25|DOWN_Q1_0_25,india_midday|europe_midday|us_pre_open,1,5,0.2,1.0,0.5555555555555556,0.022222222222222227,True
WTI_session,4,naval_blockade_removed,DOWN_Q1_0_25|UP_Q3_50_75|FLAT_Q1_0_25,us_pre_open|us_open|us_open,1,5,0.2,1.0,0.5555555555555556,0.022222222222222227,True
WTI_session,4,naval_blockade_removed,DOWN_Q2_25_50|DOWN_Q5_90_100|FLAT_Q3_50_75,global_reopen_pre_mcx|mcx_open_drive|india_morning,1,5,0.2,1.0,0.5555555555555556,0.022222222222222227,True
WTI_session,4,naval_blockade_removed,DOWN_Q2_25_50|FLAT_Q1_0_25|FLAT_Q2_25_50,global_reopen_pre_mcx|mcx_open_drive|india_morning,1,5,0.2,1.0,0.5555555555555556,0.022222222222222227,True
WTI_session,4,naval_blockade_removed,DOWN_Q2_25_50|UP_Q1_0_25|UP_Q3_50_75,us_open|mcx_tail|other_valid_hours,1,5,0.2,1.0,0.5555555555555556,0.022222222222222227,True
WTI_session,4,naval_blockade_removed,DOWN_Q2_25_50|UP_Q5_90_100|DOWN_Q4_75_90,india_midday|europe_midday|us_pre_open,1,5,0.2,1.0,0.5555555555555556,0.022222222222222227,True
WTI_session,4,naval_blockade_removed,DOWN_Q3_50_75|DOWN_Q5_90_100|DOWN_Q2_25_50,us_pre_open|us_open|us_open,1,5,0.2,1.0,0.5555555555555556,0.022222222222222227,True
WTI_session,4,naval_blockade_removed,DOWN_Q3_50_75|UP_Q3_50_75|DOWN_Q5_90_100,us_open|mcx_tail|other_valid_hours,1,5,0.2,1.0,0.5555555555555556,0.022222222222222227,True
WTI_session,4,naval_blockade_removed,DOWN_Q4_75_90|FLAT_Q2_25_50|FLAT_Q4_75_90,global_reopen_pre_mcx|mcx_open_drive|india_morning,1,5,0.2,1.0,0.5555555555555556,0.022222222222222227,True
WTI_session,4,naval_blockade_removed,DOWN_Q4_75_90|UP_Q2_25_50|UP_Q4_75_90,us_pre_open|us_open|us_open,1,5,0.2,1.0,0.5555555555555556,0.022222222222222227,True
WTI_session,4,naval_blockade_removed,DOWN_Q5_90_100|FLAT_Q3_50_75|DOWN_Q2_25_50,mcx_open_drive|india_morning|india_midday,1,5,0.2,1.0,0.5555555555555556,0.022222222222222227,True
WTI_session,4,naval_blockade_removed,DOWN_Q5_90_100|UP_Q4_75_90|FLAT_Q3_50_75,global_reopen_pre_mcx|mcx_open_drive|india_morning,1,5,0.2,1.0,0.5555555555555556,0.022222222222222227,True
WTI_session,4,naval_blockade_removed,FLAT_Q1_0_25|DOWN_Q1_0_25|UP_Q3_50_75,europe_midday|us_pre_open|us_open,1,5,0.2,1.0,0.5555555555555556,0.022222222222222227,True
WTI_session,4,naval_blockade_removed,FLAT_Q1_0_25|FLAT_Q2_25_50|DOWN_Q5_90_100,mcx_open_drive|india_morning|india_midday,1,5,0.2,1.0,0.5555555555555556,0.022222222222222227,True
WTI_session,4,naval_blockade_removed,FLAT_Q1_0_25|UP_Q2_25_50|UP_Q1_0_25,us_open|mcx_tail|other_valid_hours,1,5,0.2,1.0,0.5555555555555556,0.022222222222222227,True
WTI_session,4,naval_blockade_removed,FLAT_Q2_25_50|DOWN_Q5_90_100|DOWN_Q2_25_50,india_morning|india_midday|europe_midday,1,5,0.2,1.0,0.5555555555555556,0.022222222222222227,True
WTI_session,4,naval_blockade_removed,FLAT_Q2_25_50|FLAT_Q4_75_90|UP_Q3_50_75,mcx_open_drive|india_morning|india_midday,1,5,0.2,1.0,0.5555555555555556,0.022222222222222227,True
WTI_session,4,naval_blockade_removed,FLAT_Q3_50_75|DOWN_Q1_0_25|FLAT_Q1_0_25,india_morning|india_midday|europe_midday,1,5,0.2,1.0,0.5555555555555556,0.022222222222222227,True
WTI_session,4,naval_blockade_removed,FLAT_Q3_50_75|DOWN_Q2_25_50|UP_Q5_90_100,india_morning|india_midday|europe_midday,1,5,0.2,1.0,0.5555555555555556,0.022222222222222227,True
WTI_session,4,naval_blockade_removed,FLAT_Q4_75_90|UP_Q3_50_75|UP_Q3_50_75,india_morning|india_midday|europe_midday,1,5,0.2,1.0,0.5555555555555556,0.022222222222222227,True
WTI_session,4,naval_blockade_removed,UP_Q2_25_50|DOWN_Q2_25_50|DOWN_Q3_50_75,us_pre_open|us_open|us_open,1,5,0.2,1.0,0.5555555555555556,0.022222222222222227,True
WTI_session,4,naval_blockade_removed,UP_Q2_25_50|UP_Q4_75_90|UP_Q4_75_90,us_open|us_open|mcx_tail,1,5,0.2,1.0,0.5555555555555556,0.022222222222222227,True
WTI_session,4,naval_blockade_removed,UP_Q3_50_75|FLAT_Q1_0_25|UP_Q2_25_50,us_open|us_open|mcx_tail,1,5,0.2,1.0,0.5555555555555556,0.022222222222222227,True
WTI_session,4,naval_blockade_removed,UP_Q3_50_75|UP_Q2_25_50|DOWN_Q2_25_50,europe_midday|us_pre_open|us_open,1,5,0.2,1.0,0.5555555555555556,0.022222222222222227,True
WTI_session,4,naval_blockade_removed,UP_Q3_50_75|UP_Q3_50_75|UP_Q2_25_50,india_midday|europe_midday|us_pre_open,1,5,0.2,1.0,0.5555555555555556,0.022222222222222227,True
WTI_session,4,naval_blockade_removed,UP_Q4_75_90|FLAT_Q3_50_75|DOWN_Q1_0_25,mcx_open_drive|india_morning|india_midday,1,5,0.2,1.0,0.5555555555555556,0.022222222222222227,True
WTI_session,4,naval_blockade_removed,UP_Q4_75_90|UP_Q4_75_90|DOWN_Q2_25_50,us_open|mcx_tail|other_valid_hours,1,5,0.2,1.0,0.5555555555555556,0.022222222222222227,True
WTI_session,4,naval_blockade_removed,UP_Q5_90_100|DOWN_Q4_75_90|UP_Q2_25_50,europe_midday|us_pre_open|us_open,1,5,0.2,1.0,0.5555555555555556,0.022222222222222227,True
WTI_session,2,post_ceasefire_complex,UP_Q1_0_25|UP_Q2_25_50|UP_Q3_50_75,us_open|us_open|mcx_tail,3,43,0.06976744186046512,1.0,0.5180722891566265,0.021686746987951807,True
BRENT_session,7,sustained_major_reescalation_hormuz_war,FLAT_Q1_0_25|FLAT_Q1_0_25|DOWN_Q2_25_50,india_morning|india_midday|europe_midday,1,10,0.1,0.2,0.9090909090909091,0.018181818181818184,True
BRENT_session,7,sustained_major_reescalation_hormuz_war,FLAT_Q1_0_25|FLAT_Q1_0_25|DOWN_Q3_50_75,global_reopen_pre_mcx|mcx_open_drive|india_morning,1,10,0.1,0.2,0.9090909090909091,0.018181818181818184,True
BRENT_session,7,sustained_major_reescalation_hormuz_war,FLAT_Q1_0_25|FLAT_Q1_0_25|FLAT_Q1_0_25,india_morning|india_midday|europe_midday,1,10,0.1,0.2,0.9090909090909091,0.018181818181818184,True
BRENT_session,7,sustained_major_reescalation_hormuz_war,FLAT_Q1_0_25|FLAT_Q1_0_25|UP_Q2_25_50,india_midday|europe_midday|us_pre_open,1,10,0.1,0.2,0.9090909090909091,0.018181818181818184,True
BRENT_session,7,sustained_major_reescalation_hormuz_war,FLAT_Q1_0_25|FLAT_Q1_0_25|UP_Q3_50_75,us_open|mcx_tail|other_valid_hours,1,10,0.1,0.2,0.9090909090909091,0.018181818181818184,True
BRENT_session,2,post_ceasefire_complex,FLAT_Q1_0_25|FLAT_Q1_0_25|DOWN_Q2_25_50,india_midday|europe_midday|us_pre_open,2,43,0.046511627906976744,0.1111111111111111,0.9393203883495146,0.017475728155339806,True
BRENT_session,2,post_ceasefire_complex,FLAT_Q1_0_25|FLAT_Q1_0_25|UP_Q2_25_50,india_midday|europe_midday|us_pre_open,2,43,0.046511627906976744,0.1111111111111111,0.9393203883495146,0.017475728155339806,True
BRENT_session,7,sustained_major_reescalation_hormuz_war,UP_Q3_50_75|DOWN_Q4_75_90|DOWN_Q4_75_90,india_morning|india_midday|europe_midday,1,10,0.1,0.25,0.8695652173913044,0.01739130434782609,True
BRENT_session,7,sustained_major_reescalation_hormuz_war,UP_Q3_50_75|DOWN_Q4_75_90|UP_Q3_50_75,us_open|us_open|mcx_tail,1,10,0.1,0.25,0.8695652173913044,0.01739130434782609,True
WTI_session,7,sustained_major_reescalation_hormuz_war,UP_Q2_25_50|UP_Q3_50_75|UP_Q2_25_50,india_morning|india_midday|europe_midday,1,10,0.1,0.25,0.8695652173913044,0.01739130434782609,True
WTI_session,7,sustained_major_reescalation_hormuz_war,UP_Q2_25_50|UP_Q3_50_75|UP_Q4_75_90,global_reopen_pre_mcx|mcx_open_drive|india_morning,1,10,0.1,0.25,0.8695652173913044,0.01739130434782609,True
WTI_session,2,post_ceasefire_complex,FLAT_Q1_0_25|FLAT_Q1_0_25|DOWN_Q2_25_50,india_morning|india_midday|europe_midday,2,43,0.046511627906976744,0.125,0.9272237196765499,0.01725067385444744,True
WTI_session,2,post_ceasefire_complex,FLAT_Q1_0_25|FLAT_Q1_0_25|DOWN_Q5_90_100,global_reopen_pre_mcx|mcx_open_drive|india_morning,2,43,0.046511627906976744,0.125,0.9272237196765499,0.01725067385444744,True
WTI_session,2,post_ceasefire_complex,FLAT_Q1_0_25|FLAT_Q1_0_25|UP_Q2_25_50,india_midday|europe_midday|us_pre_open,2,43,0.046511627906976744,0.125,0.9272237196765499,0.01725067385444744,True
BRENT_session,2,post_ceasefire_complex,DOWN_Q2_25_50|FLAT_Q1_0_25|FLAT_Q1_0_25,europe_midday|us_pre_open|us_open,2,43,0.046511627906976744,0.15384615384615385,0.9030694668820678,0.01680129240710824,True
BRENT_session,2,post_ceasefire_complex,DOWN_Q2_25_50|FLAT_Q1_0_25|FLAT_Q2_25_50,us_open|mcx_tail|other_valid_hours,2,43,0.046511627906976744,0.15384615384615385,0.9030694668820678,0.01680129240710824,True
BRENT_session,2,post_ceasefire_complex,FLAT_Q1_0_25|UP_Q3_50_75|DOWN_Q3_50_75,india_morning|india_midday|europe_midday,2,43,0.046511627906976744,0.15384615384615385,0.9030694668820678,0.01680129240710824,True
BRENT_session,2,post_ceasefire_complex,FLAT_Q1_0_25|UP_Q3_50_75|DOWN_Q4_75_90,global_reopen_pre_mcx|mcx_open_drive|india_morning,2,43,0.046511627906976744,0.15384615384615385,0.9030694668820678,0.01680129240710824,True
BRENT_session,2,post_ceasefire_complex,FLAT_Q1_0_25|UP_Q3_50_75|UP_Q2_25_50,europe_midday|us_pre_open|us_open,2,43,0.046511627906976744,0.15384615384615385,0.9030694668820678,0.01680129240710824,True
BRENT_session,7,sustained_major_reescalation_hormuz_war,DOWN_Q2_25_50|FLAT_Q1_0_25|FLAT_Q1_0_25,us_open|us_open|mcx_tail,1,10,0.1,0.3333333333333333,0.8108108108108107,0.016216216216216217,True
BRENT_session,7,sustained_major_reescalation_hormuz_war,DOWN_Q2_25_50|FLAT_Q1_0_25|FLAT_Q2_25_50,us_open|us_open|mcx_tail,1,10,0.1,0.3333333333333333,0.8108108108108107,0.016216216216216217,True
BRENT_session,7,sustained_major_reescalation_hormuz_war,DOWN_Q2_25_50|FLAT_Q1_0_25|UP_Q4_75_90,us_open|mcx_tail|other_valid_hours,1,10,0.1,0.3333333333333333,0.8108108108108107,0.016216216216216217,True
BRENT_session,7,sustained_major_reescalation_hormuz_war,DOWN_Q4_75_90|FLAT_Q1_0_25|DOWN_Q5_90_100,india_midday|europe_midday|us_pre_open,1,10,0.1,0.3333333333333333,0.8108108108108107,0.016216216216216217,True
BRENT_session,7,sustained_major_reescalation_hormuz_war,DOWN_Q4_75_90|FLAT_Q1_0_25|FLAT_Q1_0_25,mcx_open_drive|india_morning|india_midday,1,10,0.1,0.3333333333333333,0.8108108108108107,0.016216216216216217,True
BRENT_session,7,sustained_major_reescalation_hormuz_war,DOWN_Q4_75_90|FLAT_Q1_0_25|UP_Q3_50_75,global_reopen_pre_mcx|mcx_open_drive|india_morning,1,10,0.1,0.3333333333333333,0.8108108108108107,0.016216216216216217,True
BRENT_session,7,sustained_major_reescalation_hormuz_war,FLAT_Q1_0_25|UP_Q4_75_90|DOWN_Q3_50_75,us_open|mcx_tail|other_valid_hours,1,10,0.1,0.3333333333333333,0.8108108108108107,0.016216216216216217,True
BRENT_session,7,sustained_major_reescalation_hormuz_war,FLAT_Q1_0_25|UP_Q4_75_90|UP_Q2_25_50,mcx_open_drive|india_morning|india_midday,1,10,0.1,0.3333333333333333,0.8108108108108107,0.016216216216216217,True
BRENT_session,7,sustained_major_reescalation_hormuz_war,FLAT_Q1_0_25|UP_Q4_75_90|UP_Q3_50_75,europe_midday|us_pre_open|us_open,1,10,0.1,0.3333333333333333,0.8108108108108107,0.016216216216216217,True
WTI_session,7,sustained_major_reescalation_hormuz_war,FLAT_Q1_0_25|DOWN_Q3_50_75|FLAT_Q1_0_25,india_midday|europe_midday|us_pre_open,1,10,0.1,0.3333333333333333,0.8108108108108107,0.016216216216216217,True
WTI_session,7,sustained_major_reescalation_hormuz_war,FLAT_Q1_0_25|DOWN_Q3_50_75|FLAT_Q3_50_75,us_open|mcx_tail|other_valid_hours,1,10,0.1,0.3333333333333333,0.8108108108108107,0.016216216216216217,True
WTI_session,7,sustained_major_reescalation_hormuz_war,FLAT_Q1_0_25|DOWN_Q3_50_75|UP_Q2_25_50,us_pre_open|us_open|us_open,1,10,0.1,0.3333333333333333,0.8108108108108107,0.016216216216216217,True
WTI_session,7,sustained_major_reescalation_hormuz_war,FLAT_Q1_0_25|UP_Q3_50_75|DOWN_Q2_25_50,global_reopen_pre_mcx|mcx_open_drive|india_morning,1,10,0.1,0.3333333333333333,0.8108108108108107,0.016216216216216217,True
WTI_session,7,sustained_major_reescalation_hormuz_war,UP_Q2_25_50|UP_Q2_25_50|DOWN_Q2_25_50,europe_midday|us_pre_open|us_open,1,10,0.1,0.3333333333333333,0.8108108108108107,0.016216216216216217,True
WTI_session,7,sustained_major_reescalation_hormuz_war,UP_Q2_25_50|UP_Q2_25_50|FLAT_Q1_0_25,europe_midday|us_pre_open|us_open,1,10,0.1,0.3333333333333333,0.8108108108108107,0.016216216216216217,True
WTI_session,7,sustained_major_reescalation_hormuz_war,UP_Q2_25_50|UP_Q2_25_50|UP_Q2_25_50,india_midday|europe_midday|us_pre_open,1,10,0.1,0.3333333333333333,0.8108108108108107,0.016216216216216217,True
WTI_session,2,post_ceasefire_complex,UP_Q3_50_75|FLAT_Q1_0_25|DOWN_Q3_50_75,us_open|mcx_tail|other_valid_hours,2,43,0.046511627906976744,0.2,0.8669354838709676,0.016129032258064512,True
BRENT_session,2,post_ceasefire_complex,UP_Q2_25_50|FLAT_Q1_0_25|FLAT_Q1_0_25,us_open|mcx_tail|other_valid_hours,2,43,0.046511627906976744,0.2222222222222222,0.8505494505494505,0.015824175824175824,True
WTI_session,2,post_ceasefire_complex,DOWN_Q2_25_50|FLAT_Q1_0_25|DOWN_Q3_50_75,india_morning|india_midday|europe_midday,2,43,0.046511627906976744,0.2222222222222222,0.8505494505494505,0.015824175824175824,True
WTI_session,2,post_ceasefire_complex,DOWN_Q3_50_75|UP_Q3_50_75|DOWN_Q2_25_50,india_midday|europe_midday|us_pre_open,2,43,0.046511627906976744,0.2222222222222222,0.8505494505494505,0.015824175824175824,True
WTI_session,2,post_ceasefire_complex,DOWN_Q3_50_75|UP_Q3_50_75|DOWN_Q3_50_75,global_reopen_pre_mcx|mcx_open_drive|india_morning,2,43,0.046511627906976744,0.2222222222222222,0.8505494505494505,0.015824175824175824,True
WTI_session,2,post_ceasefire_complex,DOWN_Q3_50_75|UP_Q3_50_75|DOWN_Q4_75_90,india_midday|europe_midday|us_pre_open,2,43,0.046511627906976744,0.2222222222222222,0.8505494505494505,0.015824175824175824,True
BRENT_session,2,post_ceasefire_complex,FLAT_Q1_0_25|DOWN_Q2_25_50|DOWN_Q3_50_75,europe_midday|us_pre_open|us_open,2,43,0.046511627906976744,0.25,0.8309178743961353,0.015458937198067632,True
BRENT_session,2,post_ceasefire_complex,UP_Q3_50_75|FLAT_Q1_0_25|FLAT_Q1_0_25,global_reopen_pre_mcx|mcx_open_drive|india_morning,2,43,0.046511627906976744,0.25,0.8309178743961353,0.015458937198067632,True
WTI_session,2,post_ceasefire_complex,FLAT_Q1_0_25|DOWN_Q2_25_50|DOWN_Q2_25_50,india_midday|europe_midday|us_pre_open,2,43,0.046511627906976744,0.25,0.8309178743961353,0.015458937198067632,True
WTI_session,2,post_ceasefire_complex,FLAT_Q1_0_25|DOWN_Q2_25_50|DOWN_Q4_75_90,india_morning|india_midday|europe_midday,2,43,0.046511627906976744,0.25,0.8309178743961353,0.015458937198067632,True
WTI_session,2,post_ceasefire_complex,FLAT_Q1_0_25|DOWN_Q2_25_50|FLAT_Q1_0_25,us_open|us_open|mcx_tail,2,43,0.046511627906976744,0.25,0.8309178743961353,0.015458937198067632,True
WTI_session,2,post_ceasefire_complex,FLAT_Q1_0_25|DOWN_Q3_50_75|UP_Q3_50_75,europe_midday|us_pre_open|us_open,2,43,0.046511627906976744,0.25,0.8309178743961353,0.015458937198067632,True
BRENT_session,2,post_ceasefire_complex,DOWN_Q1_0_25|FLAT_Q1_0_25|FLAT_Q1_0_25,india_morning|india_midday|europe_midday,2,43,0.046511627906976744,0.2857142857142857,0.806970509383378,0.015013404825737264,True
BRENT_session,2,post_ceasefire_complex,FLAT_Q1_0_25|UP_Q2_25_50|FLAT_Q1_0_25,europe_midday|us_pre_open|us_open,2,43,0.046511627906976744,0.2857142857142857,0.806970509383378,0.015013404825737264,True
BRENT_session,2,post_ceasefire_complex,FLAT_Q1_0_25|UP_Q2_25_50|UP_Q3_50_75,europe_midday|us_pre_open|us_open,2,43,0.046511627906976744,0.2857142857142857,0.806970509383378,0.015013404825737264,True
BRENT_session,2,post_ceasefire_complex,DOWN_Q3_50_75|DOWN_Q3_50_75|FLAT_Q1_0_25,global_reopen_pre_mcx|mcx_open_drive|india_morning,2,43,0.046511627906976744,0.3333333333333333,0.7771084337349398,0.014457831325301205,True
WTI_session,2,post_ceasefire_complex,DOWN_Q4_75_90|FLAT_Q1_0_25|FLAT_Q1_0_25,europe_midday|us_pre_open|us_open,2,43,0.046511627906976744,0.3333333333333333,0.7771084337349398,0.014457831325301205,True
WTI_session,2,post_ceasefire_complex,FLAT_Q1_0_25|DOWN_Q5_90_100|FLAT_Q1_0_25,india_midday|europe_midday|us_pre_open,2,43,0.046511627906976744,0.3333333333333333,0.7771084337349398,0.014457831325301205,True
WTI_session,2,post_ceasefire_complex,FLAT_Q1_0_25|DOWN_Q5_90_100|UP_Q3_50_75,mcx_open_drive|india_morning|india_midday,2,43,0.046511627906976744,0.3333333333333333,0.7771084337349398,0.014457831325301205,True
WTI_session,2,post_ceasefire_complex,UP_Q2_25_50|UP_Q3_50_75|DOWN_Q3_50_75,europe_midday|us_pre_open|us_open,2,43,0.046511627906976744,0.3333333333333333,0.7771084337349398,0.014457831325301205,True
WTI_session,2,post_ceasefire_complex,UP_Q3_50_75|DOWN_Q2_25_50|DOWN_Q2_25_50,india_midday|europe_midday|us_pre_open,2,43,0.046511627906976744,0.3333333333333333,0.7771084337349398,0.014457831325301205,True
WTI_session,2,post_ceasefire_complex,UP_Q3_50_75|DOWN_Q4_75_90|FLAT_Q1_0_25,europe_midday|us_pre_open|us_open,2,43,0.046511627906976744,0.3333333333333333,0.7771084337349398,0.014457831325301205,True
WTI_session,2,post_ceasefire_complex,UP_Q3_50_75|UP_Q3_50_75|FLAT_Q1_0_25,us_open|us_open|mcx_tail,2,43,0.046511627906976744,0.3333333333333333,0.7771084337349398,0.014457831325301205,True
WTI_session,2,post_ceasefire_complex,UP_Q3_50_75|UP_Q3_50_75|UP_Q3_50_75,us_pre_open|us_open|us_open,2,43,0.046511627906976744,0.3333333333333333,0.7771084337349398,0.014457831325301205,True
BRENT_session,7,sustained_major_reescalation_hormuz_war,DOWN_Q2_25_50|DOWN_Q2_25_50|UP_Q3_50_75,europe_midday|us_pre_open|us_open,1,10,0.1,0.5,0.7142857142857143,0.014285714285714289,True
BRENT_session,7,sustained_major_reescalation_hormuz_war,DOWN_Q2_25_50|DOWN_Q2_25_50|UP_Q4_75_90,india_morning|india_midday|europe_midday,1,10,0.1,0.5,0.7142857142857143,0.014285714285714289,True
BRENT_session,7,sustained_major_reescalation_hormuz_war,DOWN_Q2_25_50|UP_Q4_75_90|FLAT_Q2_25_50,us_open|us_open|mcx_tail,1,10,0.1,0.5,0.7142857142857143,0.014285714285714289,True
BRENT_session,7,sustained_major_reescalation_hormuz_war,DOWN_Q2_25_50|UP_Q4_75_90|UP_Q3_50_75,india_midday|europe_midday|us_pre_open,1,10,0.1,0.5,0.7142857142857143,0.014285714285714289,True
BRENT_session,7,sustained_major_reescalation_hormuz_war,DOWN_Q3_50_75|DOWN_Q3_50_75|DOWN_Q5_90_100,europe_midday|us_pre_open|us_open,1,10,0.1,0.5,0.7142857142857143,0.014285714285714289,True
BRENT_session,7,sustained_major_reescalation_hormuz_war,DOWN_Q3_50_75|DOWN_Q3_50_75|FLAT_Q1_0_25,global_reopen_pre_mcx|mcx_open_drive|india_morning,1,10,0.1,0.5,0.7142857142857143,0.014285714285714289,True
BRENT_session,7,sustained_major_reescalation_hormuz_war,DOWN_Q4_75_90|UP_Q3_50_75|FLAT_Q1_0_25,us_open|mcx_tail|other_valid_hours,1,10,0.1,0.5,0.7142857142857143,0.014285714285714289,True
BRENT_session,7,sustained_major_reescalation_hormuz_war,DOWN_Q4_75_90|UP_Q3_50_75|UP_Q3_50_75,europe_midday|us_pre_open|us_open,1,10,0.1,0.5,0.7142857142857143,0.014285714285714289,True
BRENT_session,7,sustained_major_reescalation_hormuz_war,DOWN_Q5_90_100|DOWN_Q5_90_100|DOWN_Q5_90_100,mcx_open_drive|india_morning|india_midday,1,10,0.1,0.5,0.7142857142857143,0.014285714285714289,True
BRENT_session,7,sustained_major_reescalation_hormuz_war,DOWN_Q5_90_100|DOWN_Q5_90_100|FLAT_Q1_0_25,india_morning|india_midday|europe_midday,1,10,0.1,0.5,0.7142857142857143,0.014285714285714289,True
BRENT_session,7,sustained_major_reescalation_hormuz_war,DOWN_Q5_90_100|FLAT_Q1_0_25|UP_Q4_75_90,india_midday|europe_midday|us_pre_open,1,10,0.1,0.5,0.7142857142857143,0.014285714285714289,True
BRENT_session,7,sustained_major_reescalation_hormuz_war,DOWN_Q5_90_100|FLAT_Q1_0_25|UP_Q5_90_100,us_pre_open|us_open|us_open,1,10,0.1,0.5,0.7142857142857143,0.014285714285714289,True
BRENT_session,7,sustained_major_reescalation_hormuz_war,DOWN_Q5_90_100|UP_Q3_50_75|FLAT_Q1_0_25,us_open|us_open|mcx_tail,1,10,0.1,0.5,0.7142857142857143,0.014285714285714289,True
BRENT_session,7,sustained_major_reescalation_hormuz_war,DOWN_Q5_90_100|UP_Q3_50_75|UP_Q5_90_100,india_midday|europe_midday|us_pre_open,1,10,0.1,0.5,0.7142857142857143,0.014285714285714289,True
BRENT_session,7,sustained_major_reescalation_hormuz_war,FLAT_Q1_0_25|DOWN_Q5_90_100|DOWN_Q5_90_100,global_reopen_pre_mcx|mcx_open_drive|india_morning,1,10,0.1,0.5,0.7142857142857143,0.014285714285714289,True
BRENT_session,7,sustained_major_reescalation_hormuz_war,FLAT_Q1_0_25|DOWN_Q5_90_100|FLAT_Q1_0_25,europe_midday|us_pre_open|us_open,1,10,0.1,0.5,0.7142857142857143,0.014285714285714289,True
BRENT_session,7,sustained_major_reescalation_hormuz_war,FLAT_Q1_0_25|UP_Q2_25_50|DOWN_Q3_50_75,europe_midday|us_pre_open|us_open,1,10,0.1,0.5,0.7142857142857143,0.014285714285714289,True
BRENT_session,7,sustained_major_reescalation_hormuz_war,FLAT_Q1_0_25|UP_Q2_25_50|UP_Q3_50_75,india_morning|india_midday|europe_midday,1,10,0.1,0.5,0.7142857142857143,0.014285714285714289,True
BRENT_session,7,sustained_major_reescalation_hormuz_war,FLAT_Q2_25_50|UP_Q3_50_75|DOWN_Q4_75_90,mcx_open_drive|india_morning|india_midday,1,10,0.1,0.5,0.7142857142857143,0.014285714285714289,True
BRENT_session,7,sustained_major_reescalation_hormuz_war,FLAT_Q2_25_50|UP_Q3_50_75|DOWN_Q5_90_100,mcx_open_drive|india_morning|india_midday,1,10,0.1,0.5,0.7142857142857143,0.014285714285714289,True
BRENT_session,7,sustained_major_reescalation_hormuz_war,UP_Q2_25_50|DOWN_Q3_50_75|DOWN_Q2_25_50,us_pre_open|us_open|us_open,1,10,0.1,0.5,0.7142857142857143,0.014285714285714289,True
BRENT_session,7,sustained_major_reescalation_hormuz_war,UP_Q2_25_50|DOWN_Q3_50_75|DOWN_Q3_50_75,india_midday|europe_midday|us_pre_open,1,10,0.1,0.5,0.7142857142857143,0.014285714285714289,True
BRENT_session,7,sustained_major_reescalation_hormuz_war,UP_Q3_50_75|UP_Q3_50_75|DOWN_Q2_25_50,europe_midday|us_pre_open|us_open,1,10,0.1,0.5,0.7142857142857143,0.014285714285714289,True
BRENT_session,7,sustained_major_reescalation_hormuz_war,UP_Q3_50_75|UP_Q3_50_75|FLAT_Q1_0_25,us_pre_open|us_open|us_open,1,10,0.1,0.5,0.7142857142857143,0.014285714285714289,True
BRENT_session,7,sustained_major_reescalation_hormuz_war,UP_Q4_75_90|FLAT_Q2_25_50|FLAT_Q1_0_25,us_open|mcx_tail|other_valid_hours,1,10,0.1,0.5,0.7142857142857143,0.014285714285714289,True
BRENT_session,7,sustained_major_reescalation_hormuz_war,UP_Q4_75_90|FLAT_Q2_25_50|UP_Q3_50_75,global_reopen_pre_mcx|mcx_open_drive|india_morning,1,10,0.1,0.5,0.7142857142857143,0.014285714285714289,True
BRENT_session,7,sustained_major_reescalation_hormuz_war,UP_Q4_75_90|UP_Q3_50_75|DOWN_Q4_75_90,us_pre_open|us_open|us_open,1,10,0.1,0.5,0.7142857142857143,0.014285714285714289,True
BRENT_session,7,sustained_major_reescalation_hormuz_war,UP_Q4_75_90|UP_Q3_50_75|UP_Q5_90_100,europe_midday|us_pre_open|us_open,1,10,0.1,0.5,0.7142857142857143,0.014285714285714289,True
BRENT_session,7,sustained_major_reescalation_hormuz_war,UP_Q5_90_100|DOWN_Q2_25_50|FLAT_Q1_0_25,us_pre_open|us_open|us_open,1,10,0.1,0.5,0.7142857142857143,0.014285714285714289,True
BRENT_session,7,sustained_major_reescalation_hormuz_war,UP_Q5_90_100|DOWN_Q2_25_50|UP_Q5_90_100,us_open|us_open|mcx_tail,1,10,0.1,0.5,0.7142857142857143,0.014285714285714289,True
WTI_session,7,sustained_major_reescalation_hormuz_war,DOWN_Q2_25_50|FLAT_Q2_25_50|FLAT_Q1_0_25,global_reopen_pre_mcx|mcx_open_drive|india_morning,1,10,0.1,0.5,0.7142857142857143,0.014285714285714289,True
WTI_session,7,sustained_major_reescalation_hormuz_war,DOWN_Q2_25_50|FLAT_Q2_25_50|FLAT_Q2_25_50,us_open|mcx_tail|other_valid_hours,1,10,0.1,0.5,0.7142857142857143,0.014285714285714289,True
WTI_session,7,sustained_major_reescalation_hormuz_war,DOWN_Q4_75_90|FLAT_Q1_0_25|FLAT_Q1_0_25,mcx_open_drive|india_morning|india_midday,1,10,0.1,0.5,0.7142857142857143,0.014285714285714289,True
WTI_session,7,sustained_major_reescalation_hormuz_war,DOWN_Q4_75_90|FLAT_Q1_0_25|UP_Q2_25_50,global_reopen_pre_mcx|mcx_open_drive|india_morning,1,10,0.1,0.5,0.7142857142857143,0.014285714285714289,True
WTI_session,7,sustained_major_reescalation_hormuz_war,DOWN_Q4_75_90|UP_Q3_50_75|FLAT_Q1_0_25,us_open|mcx_tail|other_valid_hours,1,10,0.1,0.5,0.7142857142857143,0.014285714285714289,True
WTI_session,7,sustained_major_reescalation_hormuz_war,DOWN_Q4_75_90|UP_Q3_50_75|UP_Q5_90_100,us_open|mcx_tail|other_valid_hours,1,10,0.1,0.5,0.7142857142857143,0.014285714285714289,True
WTI_session,7,sustained_major_reescalation_hormuz_war,FLAT_Q1_0_25|FLAT_Q1_0_25|FLAT_Q1_0_25,india_morning|india_midday|europe_midday,1,10,0.1,0.5,0.7142857142857143,0.014285714285714289,True
WTI_session,7,sustained_major_reescalation_hormuz_war,FLAT_Q1_0_25|FLAT_Q1_0_25|UP_Q1_0_25,india_midday|europe_midday|us_pre_open,1,10,0.1,0.5,0.7142857142857143,0.014285714285714289,True
WTI_session,7,sustained_major_reescalation_hormuz_war,FLAT_Q1_0_25|UP_Q2_25_50|DOWN_Q4_75_90,mcx_open_drive|india_morning|india_midday,1,10,0.1,0.5,0.7142857142857143,0.014285714285714289,True
WTI_session,7,sustained_major_reescalation_hormuz_war,FLAT_Q1_0_25|UP_Q2_25_50|UP_Q2_25_50,india_morning|india_midday|europe_midday,1,10,0.1,0.5,0.7142857142857143,0.014285714285714289,True
WTI_session,7,sustained_major_reescalation_hormuz_war,FLAT_Q1_0_25|UP_Q4_75_90|FLAT_Q1_0_25,mcx_open_drive|india_morning|india_midday,1,10,0.1,0.5,0.7142857142857143,0.014285714285714289,True
WTI_session,7,sustained_major_reescalation_hormuz_war,FLAT_Q1_0_25|UP_Q4_75_90|FLAT_Q2_25_50,us_open|mcx_tail|other_valid_hours,1,10,0.1,0.5,0.7142857142857143,0.014285714285714289,True
WTI_session,7,sustained_major_reescalation_hormuz_war,FLAT_Q2_25_50|FLAT_Q1_0_25|DOWN_Q3_50_75,india_morning|india_midday|europe_midday,1,10,0.1,0.5,0.7142857142857143,0.014285714285714289,True
WTI_session,7,sustained_major_reescalation_hormuz_war,FLAT_Q2_25_50|FLAT_Q1_0_25|UP_Q2_25_50,mcx_open_drive|india_morning|india_midday,1,10,0.1,0.5,0.7142857142857143,0.014285714285714289,True
WTI_session,7,sustained_major_reescalation_hormuz_war,UP_Q2_25_50|DOWN_Q4_75_90|DOWN_Q4_75_90,india_morning|india_midday|europe_midday,1,10,0.1,0.5,0.7142857142857143,0.014285714285714289,True
WTI_session,7,sustained_major_reescalation_hormuz_war,UP_Q2_25_50|DOWN_Q4_75_90|FLAT_Q2_25_50,global_reopen_pre_mcx|mcx_open_drive|india_morning,1,10,0.1,0.5,0.7142857142857143,0.014285714285714289,True
WTI_session,7,sustained_major_reescalation_hormuz_war,UP_Q2_25_50|FLAT_Q1_0_25|DOWN_Q2_25_50,us_pre_open|us_open|us_open,1,10,0.1,0.5,0.7142857142857143,0.014285714285714289,True
WTI_session,7,sustained_major_reescalation_hormuz_war,UP_Q2_25_50|FLAT_Q1_0_25|UP_Q4_75_90,us_open|us_open|mcx_tail,1,10,0.1,0.5,0.7142857142857143,0.014285714285714289,True
WTI_session,7,sustained_major_reescalation_hormuz_war,UP_Q3_50_75|UP_Q2_25_50|UP_Q2_25_50,india_midday|europe_midday|us_pre_open,1,10,0.1,0.5,0.7142857142857143,0.014285714285714289,True
WTI_session,7,sustained_major_reescalation_hormuz_war,UP_Q3_50_75|UP_Q2_25_50|UP_Q3_50_75,india_midday|europe_midday|us_pre_open,1,10,0.1,0.5,0.7142857142857143,0.014285714285714289,True
WTI_session,7,sustained_major_reescalation_hormuz_war,UP_Q3_50_75|UP_Q4_75_90|DOWN_Q1_0_25,europe_midday|us_pre_open|us_open,1,10,0.1,0.5,0.7142857142857143,0.014285714285714289,True
WTI_session,7,sustained_major_reescalation_hormuz_war,UP_Q3_50_75|UP_Q4_75_90|UP_Q3_50_75,mcx_open_drive|india_morning|india_midday,1,10,0.1,0.5,0.7142857142857143,0.014285714285714289,True
WTI_session,7,sustained_major_reescalation_hormuz_war,UP_Q4_75_90|FLAT_Q1_0_25|DOWN_Q5_90_100,india_morning|india_midday|europe_midday,1,10,0.1,0.5,0.7142857142857143,0.014285714285714289,True
WTI_session,7,sustained_major_reescalation_hormuz_war,UP_Q4_75_90|FLAT_Q1_0_25|FLAT_Q2_25_50,us_open|mcx_tail|other_valid_hours,1,10,0.1,0.5,0.7142857142857143,0.014285714285714289,True
BRENT_session,5,slight_escalation_strait_closure,FLAT_Q1_0_25|FLAT_Q1_0_25|DOWN_Q2_25_50,us_open|mcx_tail|other_valid_hours,1,12,0.08333333333333333,0.25,0.8571428571428571,0.014285714285714285,True
BRENT_session,5,slight_escalation_strait_closure,FLAT_Q1_0_25|FLAT_Q1_0_25|FLAT_Q1_0_25,global_reopen_pre_mcx|mcx_open_drive|india_morning,1,12,0.08333333333333333,0.25,0.8571428571428571,0.014285714285714285,True
BRENT_session,5,slight_escalation_strait_closure,FLAT_Q1_0_25|FLAT_Q1_0_25|FLAT_Q2_25_50,global_reopen_pre_mcx|mcx_open_drive|india_morning,1,12,0.08333333333333333,0.25,0.8571428571428571,0.014285714285714285,True
BRENT_session,5,slight_escalation_strait_closure,FLAT_Q1_0_25|FLAT_Q1_0_25|UP_Q2_25_50,mcx_open_drive|india_morning|india_midday,1,12,0.08333333333333333,0.25,0.8571428571428571,0.014285714285714285,True
BRENT_session,2,post_ceasefire_complex,DOWN_Q3_50_75|UP_Q3_50_75|DOWN_Q4_75_90,india_midday|europe_midday|us_pre_open,2,43,0.046511627906976744,0.4,0.7388316151202748,0.013745704467353952,True
BRENT_session,2,post_ceasefire_complex,DOWN_Q4_75_90|DOWN_Q3_50_75|UP_Q3_50_75,india_morning|india_midday|europe_midday,2,43,0.046511627906976744,0.4,0.7388316151202748,0.013745704467353952,True
BRENT_session,2,post_ceasefire_complex,DOWN_Q4_75_90|UP_Q3_50_75|DOWN_Q2_25_50,mcx_open_drive|india_morning|india_midday,2,43,0.046511627906976744,0.4,0.7388316151202748,0.013745704467353952,True
BRENT_session,2,post_ceasefire_complex,FLAT_Q1_0_25|DOWN_Q3_50_75|UP_Q3_50_75,europe_midday|us_pre_open|us_open,2,43,0.046511627906976744,0.4,0.7388316151202748,0.013745704467353952,True
BRENT_session,2,post_ceasefire_complex,FLAT_Q1_0_25|FLAT_Q2_25_50|FLAT_Q1_0_25,us_open|mcx_tail|other_valid_hours,2,43,0.046511627906976744,0.4,0.7388316151202748,0.013745704467353952,True
BRENT_session,2,post_ceasefire_complex,UP_Q3_50_75|DOWN_Q3_50_75|DOWN_Q3_50_75,europe_midday|us_pre_open|us_open,2,43,0.046511627906976744,0.4,0.7388316151202748,0.013745704467353952,True
BRENT_session,2,post_ceasefire_complex,UP_Q3_50_75|UP_Q3_50_75|UP_Q3_50_75,global_reopen_pre_mcx|mcx_open_drive|india_morning,2,43,0.046511627906976744,0.4,0.7388316151202748,0.013745704467353952,True
WTI_session,2,post_ceasefire_complex,DOWN_Q2_25_50|DOWN_Q2_25_50|UP_Q4_75_90,europe_midday|us_pre_open|us_open,2,43,0.046511627906976744,0.4,0.7388316151202748,0.013745704467353952,True
WTI_session,2,post_ceasefire_complex,DOWN_Q2_25_50|UP_Q3_50_75|FLAT_Q2_25_50,us_open|mcx_tail|other_valid_hours,2,43,0.046511627906976744,0.4,0.7388316151202748,0.013745704467353952,True
WTI_session,2,post_ceasefire_complex,DOWN_Q3_50_75|UP_Q2_25_50|UP_Q3_50_75,europe_midday|us_pre_open|us_open,2,43,0.046511627906976744,0.4,0.7388316151202748,0.013745704467353952,True
WTI_session,2,post_ceasefire_complex,DOWN_Q4_75_90|UP_Q2_25_50|DOWN_Q5_90_100,mcx_open_drive|india_morning|india_midday,2,43,0.046511627906976744,0.4,0.7388316151202748,0.013745704467353952,True
WTI_session,2,post_ceasefire_complex,DOWN_Q4_75_90|UP_Q3_50_75|UP_Q4_75_90,europe_midday|us_pre_open|us_open,2,43,0.046511627906976744,0.4,0.7388316151202748,0.013745704467353952,True
WTI_session,2,post_ceasefire_complex,FLAT_Q1_0_25|UP_Q3_50_75|UP_Q3_50_75,europe_midday|us_pre_open|us_open,2,43,0.046511627906976744,0.4,0.7388316151202748,0.013745704467353952,True
WTI_session,2,post_ceasefire_complex,FLAT_Q2_25_50|UP_Q3_50_75|DOWN_Q4_75_90,mcx_open_drive|india_morning|india_midday,2,43,0.046511627906976744,0.4,0.7388316151202748,0.013745704467353952,True
WTI_session,2,post_ceasefire_complex,FLAT_Q2_25_50|UP_Q3_50_75|UP_Q2_25_50,mcx_open_drive|india_morning|india_midday,2,43,0.046511627906976744,0.4,0.7388316151202748,0.013745704467353952,True
BRENT_session,5,slight_escalation_strait_closure,DOWN_Q3_50_75|FLAT_Q1_0_25|DOWN_Q5_90_100,mcx_open_drive|india_morning|india_midday,1,12,0.08333333333333333,0.3333333333333333,0.8,0.013333333333333334,True
BRENT_session,5,slight_escalation_strait_closure,DOWN_Q3_50_75|FLAT_Q1_0_25|FLAT_Q1_0_25,us_open|mcx_tail|other_valid_hours,1,12,0.08333333333333333,0.3333333333333333,0.8,0.013333333333333334,True
BRENT_session,5,slight_escalation_strait_closure,DOWN_Q3_50_75|FLAT_Q1_0_25|FLAT_Q2_25_50,us_open|us_open|mcx_tail,1,12,0.08333333333333333,0.3333333333333333,0.8,0.013333333333333334,True
BRENT_session,5,slight_escalation_strait_closure,FLAT_Q1_0_25|DOWN_Q1_0_25|DOWN_Q5_90_100,europe_midday|us_pre_open|us_open,1,12,0.08333333333333333,0.3333333333333333,0.8,0.013333333333333334,True
BRENT_session,5,slight_escalation_strait_closure,FLAT_Q1_0_25|DOWN_Q1_0_25|UP_Q2_25_50,india_midday|europe_midday|us_pre_open,1,12,0.08333333333333333,0.3333333333333333,0.8,0.013333333333333334,True
BRENT_session,5,slight_escalation_strait_closure,FLAT_Q1_0_25|DOWN_Q1_0_25|UP_Q4_75_90,india_midday|europe_midday|us_pre_open,1,12,0.08333333333333333,0.3333333333333333,0.8,0.013333333333333334,True
BRENT_session,5,slight_escalation_strait_closure,FLAT_Q1_0_25|FLAT_Q2_25_50|DOWN_Q4_75_90,mcx_open_drive|india_morning|india_midday,1,12,0.08333333333333333,0.3333333333333333,0.8,0.013333333333333334,True
BRENT_session,5,slight_escalation_strait_closure,FLAT_Q1_0_25|FLAT_Q2_25_50|FLAT_Q1_0_25,us_open|mcx_tail|other_valid_hours,1,12,0.08333333333333333,0.3333333333333333,0.8,0.013333333333333334,True
BRENT_session,5,slight_escalation_strait_closure,FLAT_Q1_0_25|FLAT_Q2_25_50|UP_Q4_75_90,us_open|mcx_tail|other_valid_hours,1,12,0.08333333333333333,0.3333333333333333,0.8,0.013333333333333334,True
BRENT_session,5,slight_escalation_strait_closure,FLAT_Q1_0_25|UP_Q2_25_50|DOWN_Q2_25_50,india_morning|india_midday|europe_midday,1,12,0.08333333333333333,0.3333333333333333,0.8,0.013333333333333334,True
BRENT_session,5,slight_escalation_strait_closure,FLAT_Q1_0_25|UP_Q2_25_50|DOWN_Q4_75_90,india_morning|india_midday|europe_midday,1,12,0.08333333333333333,0.3333333333333333,0.8,0.013333333333333334,True
BRENT_session,5,slight_escalation_strait_closure,FLAT_Q1_0_25|UP_Q2_25_50|UP_Q3_50_75,india_morning|india_midday|europe_midday,1,12,0.08333333333333333,0.3333333333333333,0.8,0.013333333333333334,True
BRENT_session,5,slight_escalation_strait_closure,UP_Q2_25_50|UP_Q3_50_75|DOWN_Q3_50_75,us_open|mcx_tail|other_valid_hours,1,12,0.08333333333333333,0.3333333333333333,0.8,0.013333333333333334,True
BRENT_session,5,slight_escalation_strait_closure,UP_Q2_25_50|UP_Q3_50_75|FLAT_Q1_0_25,us_pre_open|us_open|us_open,1,12,0.08333333333333333,0.3333333333333333,0.8,0.013333333333333334,True
BRENT_session,5,slight_escalation_strait_closure,UP_Q2_25_50|UP_Q3_50_75|UP_Q3_50_75,india_midday|europe_midday|us_pre_open,1,12,0.08333333333333333,0.3333333333333333,0.8,0.013333333333333334,True
BRENT_session,5,slight_escalation_strait_closure,UP_Q3_50_75|FLAT_Q1_0_25|DOWN_Q2_25_50,us_open|mcx_tail|other_valid_hours,1,12,0.08333333333333333,0.3333333333333333,0.8,0.013333333333333334,True
BRENT_session,5,slight_escalation_strait_closure,UP_Q3_50_75|FLAT_Q1_0_25|FLAT_Q1_0_25,us_open|us_open|mcx_tail,1,12,0.08333333333333333,0.3333333333333333,0.8,0.013333333333333334,True
BRENT_session,5,slight_escalation_strait_closure,UP_Q3_50_75|FLAT_Q1_0_25|UP_Q2_25_50,mcx_open_drive|india_morning|india_midday,1,12,0.08333333333333333,0.3333333333333333,0.8,0.013333333333333334,True
WTI_session,5,slight_escalation_strait_closure,FLAT_Q1_0_25|DOWN_Q3_50_75|DOWN_Q5_90_100,india_morning|india_midday|europe_midday,1,12,0.08333333333333333,0.3333333333333333,0.8,0.013333333333333334,True
WTI_session,5,slight_escalation_strait_closure,FLAT_Q1_0_25|DOWN_Q3_50_75|FLAT_Q2_25_50,global_reopen_pre_mcx|mcx_open_drive|india_morning,1,12,0.08333333333333333,0.3333333333333333,0.8,0.013333333333333334,True
WTI_session,5,slight_escalation_strait_closure,FLAT_Q1_0_25|DOWN_Q3_50_75|UP_Q2_25_50,india_midday|europe_midday|us_pre_open,1,12,0.08333333333333333,0.3333333333333333,0.8,0.013333333333333334,True
WTI_session,5,slight_escalation_strait_closure,UP_Q4_75_90|FLAT_Q1_0_25|DOWN_Q3_50_75,mcx_open_drive|india_morning|india_midday,1,12,0.08333333333333333,0.3333333333333333,0.8,0.013333333333333334,True
WTI_session,10,second_deescalation_active_negotiation_hormuz_deal,DOWN_Q3_50_75|FLAT_Q1_0_25|DOWN_Q2_25_50,mcx_open_drive|india_morning|india_midday,1,14,0.07142857142857142,0.16666666666666666,0.9130434782608695,0.013043478260869566,True
WTI_session,10,second_deescalation_active_negotiation_hormuz_deal,DOWN_Q3_50_75|FLAT_Q1_0_25|UP_Q3_50_75,us_open|mcx_tail|other_valid_hours,1,14,0.07142857142857142,0.16666666666666666,0.9130434782608695,0.013043478260869566,True
WTI_session,10,second_deescalation_active_negotiation_hormuz_deal,FLAT_Q1_0_25|FLAT_Q1_0_25|DOWN_Q3_50_75,mcx_open_drive|india_morning|india_midday,1,14,0.07142857142857142,0.16666666666666666,0.9130434782608695,0.013043478260869566,True
WTI_session,10,second_deescalation_active_negotiation_hormuz_deal,FLAT_Q1_0_25|FLAT_Q1_0_25|FLAT_Q1_0_25,global_reopen_pre_mcx|mcx_open_drive|india_morning,1,14,0.07142857142857142,0.16666666666666666,0.9130434782608695,0.013043478260869566,True
WTI_session,10,second_deescalation_active_negotiation_hormuz_deal,FLAT_Q1_0_25|FLAT_Q1_0_25|UP_Q2_25_50,us_open|us_open|mcx_tail,1,14,0.07142857142857142,0.16666666666666666,0.9130434782608695,0.013043478260869566,True
WTI_session,10,second_deescalation_active_negotiation_hormuz_deal,FLAT_Q1_0_25|FLAT_Q1_0_25|UP_Q5_90_100,global_reopen_pre_mcx|mcx_open_drive|india_morning,1,14,0.07142857142857142,0.16666666666666666,0.9130434782608695,0.013043478260869566,True
BRENT_session,2,post_ceasefire_complex,DOWN_Q3_50_75|FLAT_Q2_25_50|FLAT_Q1_0_25,global_reopen_pre_mcx|mcx_open_drive|india_morning,2,43,0.046511627906976744,0.5,0.6880000000000001,0.0128,True
BRENT_session,2,post_ceasefire_complex,UP_Q2_25_50|DOWN_Q2_25_50|FLAT_Q1_0_25,us_open|us_open|mcx_tail,2,43,0.046511627906976744,0.5,0.6880000000000001,0.0128,True
BRENT_session,2,post_ceasefire_complex,UP_Q2_25_50|UP_Q3_50_75|DOWN_Q3_50_75,us_open|mcx_tail|other_valid_hours,2,43,0.046511627906976744,0.5,0.6880000000000001,0.0128,True
BRENT_session,2,post_ceasefire_complex,UP_Q2_25_50|UP_Q3_50_75|UP_Q4_75_90,india_morning|india_midday|europe_midday,2,43,0.046511627906976744,0.5,0.6880000000000001,0.0128,True
BRENT_session,2,post_ceasefire_complex,UP_Q3_50_75|UP_Q2_25_50|FLAT_Q1_0_25,us_open|us_open|mcx_tail,2,43,0.046511627906976744,0.5,0.6880000000000001,0.0128,True
BRENT_session,2,post_ceasefire_complex,UP_Q4_75_90|DOWN_Q2_25_50|FLAT_Q1_0_25,india_midday|europe_midday|us_pre_open,2,43,0.046511627906976744,0.5,0.6880000000000001,0.0128,True
WTI_session,2,post_ceasefire_complex,DOWN_Q3_50_75|DOWN_Q3_50_75|FLAT_Q1_0_25,us_open|mcx_tail|other_valid_hours,2,43,0.046511627906976744,0.5,0.6880000000000001,0.0128,True
WTI_session,2,post_ceasefire_complex,DOWN_Q5_90_100|FLAT_Q1_0_25|DOWN_Q3_50_75,europe_midday|us_pre_open|us_open,2,43,0.046511627906976744,0.5,0.6880000000000001,0.0128,True
WTI_session,2,post_ceasefire_complex,UP_Q2_25_50|DOWN_Q3_50_75|FLAT_Q1_0_25,global_reopen_pre_mcx|mcx_open_drive|india_morning,2,43,0.046511627906976744,0.5,0.6880000000000001,0.0128,True
WTI_session,2,post_ceasefire_complex,UP_Q2_25_50|DOWN_Q4_75_90|FLAT_Q1_0_25,india_midday|europe_midday|us_pre_open,2,43,0.046511627906976744,0.5,0.6880000000000001,0.0128,True
WTI_session,2,post_ceasefire_complex,UP_Q3_50_75|UP_Q4_75_90|DOWN_Q2_25_50,us_pre_open|us_open|us_open,2,43,0.046511627906976744,0.5,0.6880000000000001,0.0128,True
WTI_session,2,post_ceasefire_complex,UP_Q4_75_90|DOWN_Q3_50_75|UP_Q3_50_75,europe_midday|us_pre_open|us_open,2,43,0.046511627906976744,0.5,0.6880000000000001,0.0128,True
WTI_session,2,post_ceasefire_complex,UP_Q5_90_100|DOWN_Q5_90_100|DOWN_Q3_50_75,mcx_open_drive|india_morning|india_midday,2,43,0.046511627906976744,0.5,0.6880000000000001,0.0128,True
WTI_session,10,second_deescalation_active_negotiation_hormuz_deal,FLAT_Q1_0_25|UP_Q3_50_75|DOWN_Q5_90_100,us_open|mcx_tail|other_valid_hours,1,14,0.07142857142857142,0.2,0.8860759493670887,0.012658227848101267,True
WTI_session,10,second_deescalation_active_negotiation_hormuz_deal,FLAT_Q1_0_25|UP_Q3_50_75|UP_Q2_25_50,us_pre_open|us_open|us_open,1,14,0.07142857142857142,0.2,0.8860759493670887,0.012658227848101267,True
WTI_session,10,second_deescalation_active_negotiation_hormuz_deal,FLAT_Q1_0_25|UP_Q3_50_75|UP_Q3_50_75,india_midday|europe_midday|us_pre_open,1,14,0.07142857142857142,0.2,0.8860759493670887,0.012658227848101267,True
BRENT_session,10,second_deescalation_active_negotiation_hormuz_deal,DOWN_Q2_25_50|FLAT_Q1_0_25|DOWN_Q2_25_50,mcx_open_drive|india_morning|india_midday,1,14,0.07142857142857142,0.25,0.8484848484848485,0.012121212121212123,True
BRENT_session,10,second_deescalation_active_negotiation_hormuz_deal,DOWN_Q2_25_50|FLAT_Q1_0_25|DOWN_Q4_75_90,india_midday|europe_midday|us_pre_open,1,14,0.07142857142857142,0.25,0.8484848484848485,0.012121212121212123,True
BRENT_session,10,second_deescalation_active_negotiation_hormuz_deal,DOWN_Q2_25_50|FLAT_Q1_0_25|FLAT_Q1_0_25,us_pre_open|us_open|us_open,1,14,0.07142857142857142,0.25,0.8484848484848485,0.012121212121212123,True
BRENT_session,10,second_deescalation_active_negotiation_hormuz_deal,DOWN_Q2_25_50|FLAT_Q1_0_25|UP_Q3_50_75,europe_midday|us_pre_open|us_open,1,14,0.07142857142857142,0.25,0.8484848484848485,0.012121212121212123,True
BRENT_session,10,second_deescalation_active_negotiation_hormuz_deal,FLAT_Q1_0_25|FLAT_Q1_0_25|DOWN_Q1_0_25,mcx_open_drive|india_morning|india_midday,1,14,0.07142857142857142,0.25,0.8484848484848485,0.012121212121212123,True
BRENT_session,10,second_deescalation_active_negotiation_hormuz_deal,FLAT_Q1_0_25|FLAT_Q1_0_25|FLAT_Q1_0_25,global_reopen_pre_mcx|mcx_open_drive|india_morning,1,14,0.07142857142857142,0.25,0.8484848484848485,0.012121212121212123,True
BRENT_session,10,second_deescalation_active_negotiation_hormuz_deal,FLAT_Q1_0_25|FLAT_Q1_0_25|UP_Q3_50_75,us_open|us_open|mcx_tail,1,14,0.07142857142857142,0.25,0.8484848484848485,0.012121212121212123,True
BRENT_session,10,second_deescalation_active_negotiation_hormuz_deal,FLAT_Q1_0_25|FLAT_Q1_0_25|UP_Q5_90_100,global_reopen_pre_mcx|mcx_open_drive|india_morning,1,14,0.07142857142857142,0.25,0.8484848484848485,0.012121212121212123,True
BRENT_session,10,second_deescalation_active_negotiation_hormuz_deal,FLAT_Q1_0_25|UP_Q3_50_75|DOWN_Q3_50_75,india_morning|india_midday|europe_midday,1,14,0.07142857142857142,0.25,0.8484848484848485,0.012121212121212123,True
BRENT_session,10,second_deescalation_active_negotiation_hormuz_deal,FLAT_Q1_0_25|UP_Q3_50_75|DOWN_Q4_75_90,us_open|mcx_tail|other_valid_hours,1,14,0.07142857142857142,0.25,0.8484848484848485,0.012121212121212123,True
BRENT_session,10,second_deescalation_active_negotiation_hormuz_deal,FLAT_Q1_0_25|UP_Q3_50_75|FLAT_Q1_0_25,us_pre_open|us_open|us_open,1,14,0.07142857142857142,0.25,0.8484848484848485,0.012121212121212123,True
BRENT_session,10,second_deescalation_active_negotiation_hormuz_deal,FLAT_Q1_0_25|UP_Q3_50_75|UP_Q3_50_75,us_open|mcx_tail|other_valid_hours,1,14,0.07142857142857142,0.25,0.8484848484848485,0.012121212121212123,True
BRENT_session,10,second_deescalation_active_negotiation_hormuz_deal,UP_Q2_25_50|UP_Q3_50_75|DOWN_Q4_75_90,us_open|mcx_tail|other_valid_hours,1,14,0.07142857142857142,0.25,0.8484848484848485,0.012121212121212123,True
BRENT_session,10,second_deescalation_active_negotiation_hormuz_deal,UP_Q2_25_50|UP_Q3_50_75|FLAT_Q2_25_50,us_open|mcx_tail|other_valid_hours,1,14,0.07142857142857142,0.25,0.8484848484848485,0.012121212121212123,True
BRENT_session,10,second_deescalation_active_negotiation_hormuz_deal,UP_Q2_25_50|UP_Q3_50_75|UP_Q2_25_50,us_pre_open|us_open|us_open,1,14,0.07142857142857142,0.25,0.8484848484848485,0.012121212121212123,True
BRENT_session,10,second_deescalation_active_negotiation_hormuz_deal,UP_Q2_25_50|UP_Q3_50_75|UP_Q5_90_100,europe_midday|us_pre_open|us_open,1,14,0.07142857142857142,0.25,0.8484848484848485,0.012121212121212123,True
WTI_session,10,second_deescalation_active_negotiation_hormuz_deal,DOWN_Q2_25_50|DOWN_Q2_25_50|DOWN_Q2_25_50,global_reopen_pre_mcx|mcx_open_drive|india_morning,1,14,0.07142857142857142,0.25,0.8484848484848485,0.012121212121212123,True
WTI_session,10,second_deescalation_active_negotiation_hormuz_deal,DOWN_Q2_25_50|DOWN_Q2_25_50|DOWN_Q4_75_90,us_open|mcx_tail|other_valid_hours,1,14,0.07142857142857142,0.25,0.8484848484848485,0.012121212121212123,True
WTI_session,10,second_deescalation_active_negotiation_hormuz_deal,DOWN_Q2_25_50|DOWN_Q2_25_50|UP_Q3_50_75,mcx_open_drive|india_morning|india_midday,1,14,0.07142857142857142,0.25,0.8484848484848485,0.012121212121212123,True
WTI_session,10,second_deescalation_active_negotiation_hormuz_deal,DOWN_Q2_25_50|DOWN_Q2_25_50|UP_Q4_75_90,india_midday|europe_midday|us_pre_open,1,14,0.07142857142857142,0.25,0.8484848484848485,0.012121212121212123,True
WTI_session,10,second_deescalation_active_negotiation_hormuz_deal,UP_Q3_50_75|FLAT_Q1_0_25|DOWN_Q5_90_100,us_open|us_open|mcx_tail,1,14,0.07142857142857142,0.25,0.8484848484848485,0.012121212121212123,True
WTI_session,10,second_deescalation_active_negotiation_hormuz_deal,UP_Q3_50_75|FLAT_Q1_0_25|FLAT_Q1_0_25,us_open|mcx_tail|other_valid_hours,1,14,0.07142857142857142,0.25,0.8484848484848485,0.012121212121212123,True
BRENT_session,5,slight_escalation_strait_closure,DOWN_Q2_25_50|FLAT_Q1_0_25|DOWN_Q5_90_100,global_reopen_pre_mcx|mcx_open_drive|india_morning,1,12,0.08333333333333333,0.5,0.7058823529411764,0.011764705882352941,True
BRENT_session,5,slight_escalation_strait_closure,DOWN_Q2_25_50|FLAT_Q1_0_25|UP_Q3_50_75,us_open|us_open|mcx_tail,1,12,0.08333333333333333,0.5,0.7058823529411764,0.011764705882352941,True
BRENT_session,5,slight_escalation_strait_closure,DOWN_Q2_25_50|UP_Q3_50_75|DOWN_Q4_75_90,global_reopen_pre_mcx|mcx_open_drive|india_morning,1,12,0.08333333333333333,0.5,0.7058823529411764,0.011764705882352941,True
BRENT_session,5,slight_escalation_strait_closure,DOWN_Q2_25_50|UP_Q3_50_75|UP_Q1_0_25,india_midday|europe_midday|us_pre_open,1,12,0.08333333333333333,0.5,0.7058823529411764,0.011764705882352941,True
BRENT_session,5,slight_escalation_strait_closure,DOWN_Q5_90_100|UP_Q3_50_75|UP_Q2_25_50,india_morning|india_midday|europe_midday,1,12,0.08333333333333333,0.5,0.7058823529411764,0.011764705882352941,True
BRENT_session,5,slight_escalation_strait_closure,DOWN_Q5_90_100|UP_Q3_50_75|UP_Q3_50_75,us_pre_open|us_open|us_open,1,12,0.08333333333333333,0.5,0.7058823529411764,0.011764705882352941,True
BRENT_session,5,slight_escalation_strait_closure,FLAT_Q1_0_25|DOWN_Q5_90_100|UP_Q3_50_75,mcx_open_drive|india_morning|india_midday,1,12,0.08333333333333333,0.5,0.7058823529411764,0.011764705882352941,True
BRENT_session,5,slight_escalation_strait_closure,FLAT_Q1_0_25|DOWN_Q5_90_100|UP_Q4_75_90,india_morning|india_midday|europe_midday,1,12,0.08333333333333333,0.5,0.7058823529411764,0.011764705882352941,True
BRENT_session,5,slight_escalation_strait_closure,FLAT_Q1_0_25|UP_Q5_90_100|DOWN_Q1_0_25,us_open|mcx_tail|other_valid_hours,1,12,0.08333333333333333,0.5,0.7058823529411764,0.011764705882352941,True
BRENT_session,5,slight_escalation_strait_closure,FLAT_Q1_0_25|UP_Q5_90_100|FLAT_Q1_0_25,mcx_open_drive|india_morning|india_midday,1,12,0.08333333333333333,0.5,0.7058823529411764,0.011764705882352941,True
BRENT_session,5,slight_escalation_strait_closure,UP_Q2_25_50|FLAT_Q2_25_50|FLAT_Q2_25_50,us_open|us_open|mcx_tail,1,12,0.08333333333333333,0.5,0.7058823529411764,0.011764705882352941,True
BRENT_session,5,slight_escalation_strait_closure,UP_Q2_25_50|FLAT_Q2_25_50|UP_Q3_50_75,global_reopen_pre_mcx|mcx_open_drive|india_morning,1,12,0.08333333333333333,0.5,0.7058823529411764,0.011764705882352941,True
BRENT_session,5,slight_escalation_strait_closure,UP_Q2_25_50|UP_Q5_90_100|DOWN_Q3_50_75,us_open|mcx_tail|other_valid_hours,1,12,0.08333333333333333,0.5,0.7058823529411764,0.011764705882352941,True
BRENT_session,5,slight_escalation_strait_closure,UP_Q2_25_50|UP_Q5_90_100|FLAT_Q1_0_25,us_pre_open|us_open|us_open,1,12,0.08333333333333333,0.5,0.7058823529411764,0.011764705882352941,True
BRENT_session,5,slight_escalation_strait_closure,UP_Q3_50_75|UP_Q2_25_50|DOWN_Q5_90_100,india_midday|europe_midday|us_pre_open,1,12,0.08333333333333333,0.5,0.7058823529411764,0.011764705882352941,True
BRENT_session,5,slight_escalation_strait_closure,UP_Q3_50_75|UP_Q2_25_50|UP_Q2_25_50,us_pre_open|us_open|us_open,1,12,0.08333333333333333,0.5,0.7058823529411764,0.011764705882352941,True
BRENT_session,5,slight_escalation_strait_closure,UP_Q3_50_75|UP_Q3_50_75|FLAT_Q1_0_25,us_open|us_open|mcx_tail,1,12,0.08333333333333333,0.5,0.7058823529411764,0.011764705882352941,True
BRENT_session,5,slight_escalation_strait_closure,UP_Q3_50_75|UP_Q3_50_75|UP_Q2_25_50,europe_midday|us_pre_open|us_open,1,12,0.08333333333333333,0.5,0.7058823529411764,0.011764705882352941,True
BRENT_session,5,slight_escalation_strait_closure,UP_Q4_75_90|DOWN_Q3_50_75|FLAT_Q1_0_25,us_open|us_open|mcx_tail,1,12,0.08333333333333333,0.5,0.7058823529411764,0.011764705882352941,True
BRENT_session,5,slight_escalation_strait_closure,UP_Q4_75_90|DOWN_Q3_50_75|UP_Q4_75_90,europe_midday|us_pre_open|us_open,1,12,0.08333333333333333,0.5,0.7058823529411764,0.011764705882352941,True
BRENT_session,5,slight_escalation_strait_closure,UP_Q5_90_100|FLAT_Q1_0_25|DOWN_Q1_0_25,india_morning|india_midday|europe_midday,1,12,0.08333333333333333,0.5,0.7058823529411764,0.011764705882352941,True
BRENT_session,5,slight_escalation_strait_closure,UP_Q5_90_100|FLAT_Q1_0_25|UP_Q5_90_100,us_open|us_open|mcx_tail,1,12,0.08333333333333333,0.5,0.7058823529411764,0.011764705882352941,True
WTI_session,5,slight_escalation_strait_closure,DOWN_Q2_25_50|UP_Q3_50_75|DOWN_Q3_50_75,us_open|mcx_tail|other_valid_hours,1,12,0.08333333333333333,0.5,0.7058823529411764,0.011764705882352941,True
WTI_session,5,slight_escalation_strait_closure,DOWN_Q2_25_50|UP_Q3_50_75|UP_Q1_0_25,india_midday|europe_midday|us_pre_open,1,12,0.08333333333333333,0.5,0.7058823529411764,0.011764705882352941,True
WTI_session,5,slight_escalation_strait_closure,DOWN_Q2_25_50|UP_Q4_75_90|DOWN_Q4_75_90,global_reopen_pre_mcx|mcx_open_drive|india_morning,1,12,0.08333333333333333,0.5,0.7058823529411764,0.011764705882352941,True
WTI_session,5,slight_escalation_strait_closure,DOWN_Q2_25_50|UP_Q4_75_90|UP_Q5_90_100,us_open|mcx_tail|other_valid_hours,1,12,0.08333333333333333,0.5,0.7058823529411764,0.011764705882352941,True
WTI_session,5,slight_escalation_strait_closure,DOWN_Q3_50_75|DOWN_Q5_90_100|DOWN_Q2_25_50,india_midday|europe_midday|us_pre_open,1,12,0.08333333333333333,0.5,0.7058823529411764,0.011764705882352941,True
WTI_session,5,slight_escalation_strait_closure,DOWN_Q3_50_75|DOWN_Q5_90_100|FLAT_Q3_50_75,us_open|us_open|mcx_tail,1,12,0.08333333333333333,0.5,0.7058823529411764,0.011764705882352941,True
WTI_session,5,slight_escalation_strait_closure,DOWN_Q3_50_75|FLAT_Q2_25_50|DOWN_Q5_90_100,global_reopen_pre_mcx|mcx_open_drive|india_morning,1,12,0.08333333333333333,0.5,0.7058823529411764,0.011764705882352941,True
WTI_session,5,slight_escalation_strait_closure,DOWN_Q3_50_75|FLAT_Q2_25_50|UP_Q5_90_100,mcx_open_drive|india_morning|india_midday,1,12,0.08333333333333333,0.5,0.7058823529411764,0.011764705882352941,True
WTI_session,5,slight_escalation_strait_closure,DOWN_Q4_75_90|FLAT_Q1_0_25|DOWN_Q2_25_50,us_pre_open|us_open|us_open,1,12,0.08333333333333333,0.5,0.7058823529411764,0.011764705882352941,True
WTI_session,5,slight_escalation_strait_closure,DOWN_Q4_75_90|FLAT_Q1_0_25|DOWN_Q3_50_75,india_morning|india_midday|europe_midday,1,12,0.08333333333333333,0.5,0.7058823529411764,0.011764705882352941,True
WTI_session,5,slight_escalation_strait_closure,DOWN_Q4_75_90|FLAT_Q2_25_50|DOWN_Q5_90_100,mcx_open_drive|india_morning|india_midday,1,12,0.08333333333333333,0.5,0.7058823529411764,0.011764705882352941,True
WTI_session,5,slight_escalation_strait_closure,DOWN_Q4_75_90|FLAT_Q2_25_50|UP_Q2_25_50,us_open|mcx_tail|other_valid_hours,1,12,0.08333333333333333,0.5,0.7058823529411764,0.011764705882352941,True
WTI_session,5,slight_escalation_strait_closure,DOWN_Q5_90_100|UP_Q5_90_100|DOWN_Q3_50_75,india_midday|europe_midday|us_pre_open,1,12,0.08333333333333333,0.5,0.7058823529411764,0.011764705882352941,True
WTI_session,5,slight_escalation_strait_closure,DOWN_Q5_90_100|UP_Q5_90_100|FLAT_Q3_50_75,global_reopen_pre_mcx|mcx_open_drive|india_morning,1,12,0.08333333333333333,0.5,0.7058823529411764,0.011764705882352941,True
WTI_session,5,slight_escalation_strait_closure,FLAT_Q1_0_25|DOWN_Q2_25_50|DOWN_Q4_75_90,india_midday|europe_midday|us_pre_open,1,12,0.08333333333333333,0.5,0.7058823529411764,0.011764705882352941,True
WTI_session,5,slight_escalation_strait_closure,FLAT_Q1_0_25|DOWN_Q2_25_50|UP_Q4_75_90,us_open|us_open|mcx_tail,1,12,0.08333333333333333,0.5,0.7058823529411764,0.011764705882352941,True
WTI_session,5,slight_escalation_strait_closure,FLAT_Q1_0_25|FLAT_Q1_0_25|DOWN_Q1_0_25,us_open|mcx_tail|other_valid_hours,1,12,0.08333333333333333,0.5,0.7058823529411764,0.011764705882352941,True
WTI_session,5,slight_escalation_strait_closure,FLAT_Q1_0_25|FLAT_Q1_0_25|DOWN_Q2_25_50,us_open|mcx_tail|other_valid_hours,1,12,0.08333333333333333,0.5,0.7058823529411764,0.011764705882352941,True
WTI_session,5,slight_escalation_strait_closure,FLAT_Q1_0_25|UP_Q3_50_75|DOWN_Q4_75_90,india_morning|india_midday|europe_midday,1,12,0.08333333333333333,0.5,0.7058823529411764,0.011764705882352941,True
WTI_session,5,slight_escalation_strait_closure,FLAT_Q1_0_25|UP_Q3_50_75|FLAT_Q2_25_50,us_open|us_open|mcx_tail,1,12,0.08333333333333333,0.5,0.7058823529411764,0.011764705882352941,True
WTI_session,5,slight_escalation_strait_closure,FLAT_Q2_25_50|DOWN_Q5_90_100|UP_Q3_50_75,mcx_open_drive|india_morning|india_midday,1,12,0.08333333333333333,0.5,0.7058823529411764,0.011764705882352941,True
WTI_session,5,slight_escalation_strait_closure,FLAT_Q2_25_50|DOWN_Q5_90_100|UP_Q5_90_100,india_morning|india_midday|europe_midday,1,12,0.08333333333333333,0.5,0.7058823529411764,0.011764705882352941,True
WTI_session,5,slight_escalation_strait_closure,FLAT_Q2_25_50|FLAT_Q1_0_25|DOWN_Q2_25_50,india_morning|india_midday|europe_midday,1,12,0.08333333333333333,0.5,0.7058823529411764,0.011764705882352941,True
WTI_session,5,slight_escalation_strait_closure,FLAT_Q2_25_50|FLAT_Q1_0_25|UP_Q3_50_75,mcx_open_drive|india_morning|india_midday,1,12,0.08333333333333333,0.5,0.7058823529411764,0.011764705882352941,True
WTI_session,5,slight_escalation_strait_closure,UP_Q2_25_50|UP_Q3_50_75|FLAT_Q1_0_25,us_pre_open|us_open|us_open,1,12,0.08333333333333333,0.5,0.7058823529411764,0.011764705882352941,True
WTI_session,5,slight_escalation_strait_closure,UP_Q2_25_50|UP_Q3_50_75|UP_Q5_90_100,us_open|us_open|mcx_tail,1,12,0.08333333333333333,0.5,0.7058823529411764,0.011764705882352941,True
WTI_session,5,slight_escalation_strait_closure,UP_Q3_50_75|FLAT_Q2_25_50|UP_Q4_75_90,global_reopen_pre_mcx|mcx_open_drive|india_morning,1,12,0.08333333333333333,0.5,0.7058823529411764,0.011764705882352941,True
WTI_session,5,slight_escalation_strait_closure,UP_Q3_50_75|FLAT_Q2_25_50|UP_Q5_90_100,us_open|mcx_tail|other_valid_hours,1,12,0.08333333333333333,0.5,0.7058823529411764,0.011764705882352941,True
WTI_session,5,slight_escalation_strait_closure,UP_Q5_90_100|FLAT_Q1_0_25|DOWN_Q1_0_25,india_midday|europe_midday|us_pre_open,1,12,0.08333333333333333,0.5,0.7058823529411764,0.011764705882352941,True
WTI_session,5,slight_escalation_strait_closure,UP_Q5_90_100|FLAT_Q1_0_25|UP_Q3_50_75,us_pre_open|us_open|us_open,1,12,0.08333333333333333,0.5,0.7058823529411764,0.011764705882352941,True
BRENT_session,2,post_ceasefire_complex,DOWN_Q2_25_50|DOWN_Q3_50_75|FLAT_Q1_0_25,india_midday|europe_midday|us_pre_open,2,43,0.046511627906976744,0.6666666666666666,0.6172248803827751,0.011483253588516748,True
BRENT_session,2,post_ceasefire_complex,DOWN_Q3_50_75|DOWN_Q2_25_50|FLAT_Q1_0_25,india_morning|india_midday|europe_midday,2,43,0.046511627906976744,0.6666666666666666,0.6172248803827751,0.011483253588516748,True
BRENT_session,2,post_ceasefire_complex,FLAT_Q1_0_25|DOWN_Q5_90_100|UP_Q3_50_75,us_open|us_open|mcx_tail,2,43,0.046511627906976744,0.6666666666666666,0.6172248803827751,0.011483253588516748,True
BRENT_session,2,post_ceasefire_complex,FLAT_Q1_0_25|UP_Q4_75_90|DOWN_Q2_25_50,global_reopen_pre_mcx|mcx_open_drive|india_morning,2,43,0.046511627906976744,0.6666666666666666,0.6172248803827751,0.011483253588516748,True
BRENT_session,2,post_ceasefire_complex,UP_Q4_75_90|UP_Q4_75_90|FLAT_Q1_0_25,india_morning|india_midday|europe_midday,2,43,0.046511627906976744,0.6666666666666666,0.6172248803827751,0.011483253588516748,True
WTI_session,2,post_ceasefire_complex,DOWN_Q2_25_50|FLAT_Q2_25_50|FLAT_Q1_0_25,global_reopen_pre_mcx|mcx_open_drive|india_morning,2,43,0.046511627906976744,0.6666666666666666,0.6172248803827751,0.011483253588516748,True
WTI_session,2,post_ceasefire_complex,DOWN_Q2_25_50|UP_Q5_90_100|DOWN_Q5_90_100,europe_midday|us_pre_open|us_open,2,43,0.046511627906976744,0.6666666666666666,0.6172248803827751,0.011483253588516748,True
WTI_session,2,post_ceasefire_complex,FLAT_Q1_0_25|UP_Q1_0_25|UP_Q2_25_50,india_morning|india_midday|europe_midday,2,43,0.046511627906976744,0.6666666666666666,0.6172248803827751,0.011483253588516748,True
WTI_session,2,post_ceasefire_complex,UP_Q2_25_50|DOWN_Q2_25_50|FLAT_Q1_0_25,india_morning|india_midday|europe_midday,2,43,0.046511627906976744,0.6666666666666666,0.6172248803827751,0.011483253588516748,True
BRENT_session,10,second_deescalation_active_negotiation_hormuz_deal,DOWN_Q3_50_75|FLAT_Q1_0_25|DOWN_Q4_75_90,us_open|mcx_tail|other_valid_hours,1,14,0.07142857142857142,0.3333333333333333,0.7924528301886793,0.011320754716981133,True
BRENT_session,10,second_deescalation_active_negotiation_hormuz_deal,DOWN_Q3_50_75|FLAT_Q1_0_25|UP_Q3_50_75,mcx_open_drive|india_morning|india_midday,1,14,0.07142857142857142,0.3333333333333333,0.7924528301886793,0.011320754716981133,True
BRENT_session,10,second_deescalation_active_negotiation_hormuz_deal,DOWN_Q3_50_75|FLAT_Q1_0_25|UP_Q5_90_100,europe_midday|us_pre_open|us_open,1,14,0.07142857142857142,0.3333333333333333,0.7924528301886793,0.011320754716981133,True
BRENT_session,10,second_deescalation_active_negotiation_hormuz_deal,DOWN_Q4_75_90|UP_Q3_50_75|FLAT_Q1_0_25,mcx_open_drive|india_morning|india_midday,1,14,0.07142857142857142,0.3333333333333333,0.7924528301886793,0.011320754716981133,True
BRENT_session,10,second_deescalation_active_negotiation_hormuz_deal,DOWN_Q4_75_90|UP_Q3_50_75|UP_Q2_25_50,india_morning|india_midday|europe_midday,1,14,0.07142857142857142,0.3333333333333333,0.7924528301886793,0.011320754716981133,True
BRENT_session,10,second_deescalation_active_negotiation_hormuz_deal,DOWN_Q4_75_90|UP_Q3_50_75|UP_Q4_75_90,europe_midday|us_pre_open|us_open,1,14,0.07142857142857142,0.3333333333333333,0.7924528301886793,0.011320754716981133,True
BRENT_session,10,second_deescalation_active_negotiation_hormuz_deal,FLAT_Q1_0_25|DOWN_Q2_25_50|UP_Q2_25_50,india_morning|india_midday|europe_midday,1,14,0.07142857142857142,0.3333333333333333,0.7924528301886793,0.011320754716981133,True
BRENT_session,10,second_deescalation_active_negotiation_hormuz_deal,FLAT_Q1_0_25|DOWN_Q2_25_50|UP_Q4_75_90,europe_midday|us_pre_open|us_open,1,14,0.07142857142857142,0.3333333333333333,0.7924528301886793,0.011320754716981133,True
BRENT_session,10,second_deescalation_active_negotiation_hormuz_deal,FLAT_Q1_0_25|DOWN_Q2_25_50|UP_Q5_90_100,us_open|us_open|mcx_tail,1,14,0.07142857142857142,0.3333333333333333,0.7924528301886793,0.011320754716981133,True
BRENT_session,10,second_deescalation_active_negotiation_hormuz_deal,FLAT_Q1_0_25|UP_Q5_90_100|DOWN_Q2_25_50,mcx_open_drive|india_morning|india_midday,1,14,0.07142857142857142,0.3333333333333333,0.7924528301886793,0.011320754716981133,True
BRENT_session,10,second_deescalation_active_negotiation_hormuz_deal,FLAT_Q1_0_25|UP_Q5_90_100|FLAT_Q1_0_25,us_pre_open|us_open|us_open,1,14,0.07142857142857142,0.3333333333333333,0.7924528301886793,0.011320754716981133,True
BRENT_session,10,second_deescalation_active_negotiation_hormuz_deal,FLAT_Q1_0_25|UP_Q5_90_100|UP_Q2_25_50,mcx_open_drive|india_morning|india_midday,1,14,0.07142857142857142,0.3333333333333333,0.7924528301886793,0.011320754716981133,True
BRENT_session,10,second_deescalation_active_negotiation_hormuz_deal,UP_Q2_25_50|UP_Q2_25_50|FLAT_Q1_0_25,us_open|mcx_tail|other_valid_hours,1,14,0.07142857142857142,0.3333333333333333,0.7924528301886793,0.011320754716981133,True
WTI_session,10,second_deescalation_active_negotiation_hormuz_deal,FLAT_Q1_0_25|DOWN_Q3_50_75|UP_Q4_75_90,us_open|us_open|mcx_tail,1,14,0.07142857142857142,0.3333333333333333,0.7924528301886793,0.011320754716981133,True
WTI_session,10,second_deescalation_active_negotiation_hormuz_deal,FLAT_Q1_0_25|UP_Q2_25_50|DOWN_Q5_90_100,us_open|mcx_tail|other_valid_hours,1,14,0.07142857142857142,0.3333333333333333,0.7924528301886793,0.011320754716981133,True
WTI_session,10,second_deescalation_active_negotiation_hormuz_deal,FLAT_Q1_0_25|UP_Q2_25_50|UP_Q2_25_50,us_pre_open|us_open|us_open,1,14,0.07142857142857142,0.3333333333333333,0.7924528301886793,0.011320754716981133,True
WTI_session,10,second_deescalation_active_negotiation_hormuz_deal,FLAT_Q1_0_25|UP_Q2_25_50|UP_Q5_90_100,us_pre_open|us_open|us_open,1,14,0.07142857142857142,0.3333333333333333,0.7924528301886793,0.011320754716981133,True
WTI_session,10,second_deescalation_active_negotiation_hormuz_deal,FLAT_Q1_0_25|UP_Q4_75_90|DOWN_Q3_50_75,us_pre_open|us_open|us_open,1,14,0.07142857142857142,0.3333333333333333,0.7924528301886793,0.011320754716981133,True
WTI_session,10,second_deescalation_active_negotiation_hormuz_deal,FLAT_Q1_0_25|UP_Q4_75_90|FLAT_Q1_0_25,mcx_open_drive|india_morning|india_midday,1,14,0.07142857142857142,0.3333333333333333,0.7924528301886793,0.011320754716981133,True
WTI_session,10,second_deescalation_active_negotiation_hormuz_deal,FLAT_Q1_0_25|UP_Q4_75_90|UP_Q2_25_50,us_open|us_open|mcx_tail,1,14,0.07142857142857142,0.3333333333333333,0.7924528301886793,0.011320754716981133,True
WTI_session,10,second_deescalation_active_negotiation_hormuz_deal,UP_Q3_50_75|UP_Q3_50_75|UP_Q2_25_50,europe_midday|us_pre_open|us_open,1,14,0.07142857142857142,0.3333333333333333,0.7924528301886793,0.011320754716981133,True
WTI_session,10,second_deescalation_active_negotiation_hormuz_deal,UP_Q3_50_75|UP_Q3_50_75|UP_Q3_50_75,europe_midday|us_pre_open|us_open,1,14,0.07142857142857142,0.3333333333333333,0.7924528301886793,0.011320754716981133,True
WTI_session,10,second_deescalation_active_negotiation_hormuz_deal,UP_Q3_50_75|UP_Q3_50_75|UP_Q4_75_90,us_pre_open|us_open|us_open,1,14,0.07142857142857142,0.3333333333333333,0.7924528301886793,0.011320754716981133,True
WTI_session,10,second_deescalation_active_negotiation_hormuz_deal,UP_Q4_75_90|DOWN_Q3_50_75|UP_Q5_90_100,us_open|mcx_tail|other_valid_hours,1,14,0.07142857142857142,0.3333333333333333,0.7924528301886793,0.011320754716981133,True
BRENT_session,1,full_scale_war,FLAT_Q1_0_25|FLAT_Q1_0_25|DOWN_Q1_0_25,asia_early|us_late|europe_midday,1,18,0.05555555555555555,0.1111111111111111,0.9473684210526315,0.010526315789473684,True
BRENT_session,1,full_scale_war,FLAT_Q1_0_25|FLAT_Q1_0_25|DOWN_Q3_50_75,mcx_open_drive|india_morning|india_midday,1,18,0.05555555555555555,0.1111111111111111,0.9473684210526315,0.010526315789473684,True
BRENT_session,1,full_scale_war,FLAT_Q1_0_25|FLAT_Q1_0_25|DOWN_Q5_90_100,us_open|us_open|mcx_tail,1,18,0.05555555555555555,0.1111111111111111,0.9473684210526315,0.010526315789473684,True
BRENT_session,7,sustained_major_reescalation_hormuz_war,DOWN_Q2_25_50|FLAT_Q2_25_50|FLAT_Q1_0_25,global_reopen_pre_mcx|mcx_open_drive|india_morning,1,10,0.1,1.0,0.5263157894736842,0.010526315789473684,True
BRENT_session,7,sustained_major_reescalation_hormuz_war,DOWN_Q2_25_50|UP_Q3_50_75|DOWN_Q3_50_75,us_pre_open|us_open|us_open,1,10,0.1,1.0,0.5263157894736842,0.010526315789473684,True
BRENT_session,7,sustained_major_reescalation_hormuz_war,DOWN_Q2_25_50|UP_Q5_90_100|FLAT_Q1_0_25,us_open|mcx_tail|other_valid_hours,1,10,0.1,1.0,0.5263157894736842,0.010526315789473684,True
BRENT_session,7,sustained_major_reescalation_hormuz_war,DOWN_Q3_50_75|DOWN_Q2_25_50|FLAT_Q1_0_25,us_open|us_open|mcx_tail,1,10,0.1,1.0,0.5263157894736842,0.010526315789473684,True
BRENT_session,7,sustained_major_reescalation_hormuz_war,DOWN_Q3_50_75|DOWN_Q5_90_100|UP_Q3_50_75,us_pre_open|us_open|us_open,1,10,0.1,1.0,0.5263157894736842,0.010526315789473684,True
BRENT_session,7,sustained_major_reescalation_hormuz_war,DOWN_Q3_50_75|FLAT_Q1_0_25|FLAT_Q1_0_25,mcx_open_drive|india_morning|india_midday,1,10,0.1,1.0,0.5263157894736842,0.010526315789473684,True
BRENT_session,7,sustained_major_reescalation_hormuz_war,DOWN_Q3_50_75|UP_Q3_50_75|UP_Q2_25_50,india_morning|india_midday|europe_midday,1,10,0.1,1.0,0.5263157894736842,0.010526315789473684,True
BRENT_session,7,sustained_major_reescalation_hormuz_war,DOWN_Q3_50_75|UP_Q4_75_90|UP_Q4_75_90,us_open|mcx_tail|other_valid_hours,1,10,0.1,1.0,0.5263157894736842,0.010526315789473684,True
BRENT_session,7,sustained_major_reescalation_hormuz_war,DOWN_Q4_75_90|DOWN_Q4_75_90|UP_Q3_50_75,india_midday|europe_midday|us_pre_open,1,10,0.1,1.0,0.5263157894736842,0.010526315789473684,True
BRENT_session,7,sustained_major_reescalation_hormuz_war,FLAT_Q1_0_25|DOWN_Q2_25_50|DOWN_Q2_25_50,india_midday|europe_midday|us_pre_open,1,10,0.1,1.0,0.5263157894736842,0.010526315789473684,True
BRENT_session,7,sustained_major_reescalation_hormuz_war,FLAT_Q1_0_25|DOWN_Q3_50_75|UP_Q3_50_75,mcx_open_drive|india_morning|india_midday,1,10,0.1,1.0,0.5263157894736842,0.010526315789473684,True
BRENT_session,7,sustained_major_reescalation_hormuz_war,FLAT_Q1_0_25|FLAT_Q2_25_50|FLAT_Q2_25_50,us_open|mcx_tail|other_valid_hours,1,10,0.1,1.0,0.5263157894736842,0.010526315789473684,True
BRENT_session,7,sustained_major_reescalation_hormuz_war,FLAT_Q1_0_25|UP_Q3_50_75|DOWN_Q4_75_90,mcx_open_drive|india_morning|india_midday,1,10,0.1,1.0,0.5263157894736842,0.010526315789473684,True
BRENT_session,7,sustained_major_reescalation_hormuz_war,FLAT_Q1_0_25|UP_Q5_90_100|FLAT_Q2_25_50,us_open|us_open|mcx_tail,1,10,0.1,1.0,0.5263157894736842,0.010526315789473684,True
BRENT_session,7,sustained_major_reescalation_hormuz_war,FLAT_Q2_25_50|FLAT_Q1_0_25|UP_Q2_25_50,mcx_open_drive|india_morning|india_midday,1,10,0.1,1.0,0.5263157894736842,0.010526315789473684,True
BRENT_session,7,sustained_major_reescalation_hormuz_war,FLAT_Q3_50_75|DOWN_Q2_25_50|DOWN_Q2_25_50,mcx_open_drive|india_morning|india_midday,1,10,0.1,1.0,0.5263157894736842,0.010526315789473684,True
BRENT_session,7,sustained_major_reescalation_hormuz_war,UP_Q1_0_25|FLAT_Q3_50_75|DOWN_Q2_25_50,global_reopen_pre_mcx|mcx_open_drive|india_morning,1,10,0.1,1.0,0.5263157894736842,0.010526315789473684,True
BRENT_session,7,sustained_major_reescalation_hormuz_war,UP_Q2_25_50|DOWN_Q2_25_50|UP_Q4_75_90,us_pre_open|us_open|us_open,1,10,0.1,1.0,0.5263157894736842,0.010526315789473684,True
BRENT_session,7,sustained_major_reescalation_hormuz_war,UP_Q2_25_50|UP_Q2_25_50|DOWN_Q2_25_50,europe_midday|us_pre_open|us_open,1,10,0.1,1.0,0.5263157894736842,0.010526315789473684,True
BRENT_session,7,sustained_major_reescalation_hormuz_war,UP_Q2_25_50|UP_Q3_50_75|UP_Q3_50_75,india_midday|europe_midday|us_pre_open,1,10,0.1,1.0,0.5263157894736842,0.010526315789473684,True
BRENT_session,7,sustained_major_reescalation_hormuz_war,UP_Q3_50_75|DOWN_Q2_25_50|FLAT_Q1_0_25,us_pre_open|us_open|us_open,1,10,0.1,1.0,0.5263157894736842,0.010526315789473684,True
BRENT_session,7,sustained_major_reescalation_hormuz_war,UP_Q3_50_75|DOWN_Q3_50_75|UP_Q4_75_90,us_open|us_open|mcx_tail,1,10,0.1,1.0,0.5263157894736842,0.010526315789473684,True
BRENT_session,7,sustained_major_reescalation_hormuz_war,UP_Q3_50_75|DOWN_Q5_90_100|UP_Q3_50_75,india_morning|india_midday|europe_midday,1,10,0.1,1.0,0.5263157894736842,0.010526315789473684,True
BRENT_session,7,sustained_major_reescalation_hormuz_war,UP_Q3_50_75|FLAT_Q2_25_50|UP_Q3_50_75,global_reopen_pre_mcx|mcx_open_drive|india_morning,1,10,0.1,1.0,0.5263157894736842,0.010526315789473684,True
BRENT_session,7,sustained_major_reescalation_hormuz_war,UP_Q3_50_75|UP_Q2_25_50|UP_Q2_25_50,india_midday|europe_midday|us_pre_open,1,10,0.1,1.0,0.5263157894736842,0.010526315789473684,True
BRENT_session,7,sustained_major_reescalation_hormuz_war,UP_Q4_75_90|UP_Q2_25_50|DOWN_Q3_50_75,india_morning|india_midday|europe_midday,1,10,0.1,1.0,0.5263157894736842,0.010526315789473684,True
BRENT_session,7,sustained_major_reescalation_hormuz_war,UP_Q5_90_100|FLAT_Q1_0_25|UP_Q4_75_90,global_reopen_pre_mcx|mcx_open_drive|india_morning,1,10,0.1,1.0,0.5263157894736842,0.010526315789473684,True
BRENT_session,7,sustained_major_reescalation_hormuz_war,UP_Q5_90_100|FLAT_Q2_25_50|FLAT_Q1_0_25,us_open|mcx_tail|other_valid_hours,1,10,0.1,1.0,0.5263157894736842,0.010526315789473684,True
WTI_session,7,sustained_major_reescalation_hormuz_war,DOWN_Q1_0_25|FLAT_Q1_0_25|DOWN_Q1_0_25,us_pre_open|us_open|us_open,1,10,0.1,1.0,0.5263157894736842,0.010526315789473684,True
WTI_session,7,sustained_major_reescalation_hormuz_war,DOWN_Q1_0_25|FLAT_Q2_25_50|DOWN_Q3_50_75,us_open|mcx_tail|other_valid_hours,1,10,0.1,1.0,0.5263157894736842,0.010526315789473684,True
WTI_session,7,sustained_major_reescalation_hormuz_war,DOWN_Q1_0_25|UP_Q5_90_100|UP_Q5_90_100,us_open|us_open|mcx_tail,1,10,0.1,1.0,0.5263157894736842,0.010526315789473684,True
WTI_session,7,sustained_major_reescalation_hormuz_war,DOWN_Q2_25_50|DOWN_Q2_25_50|UP_Q3_50_75,india_morning|india_midday|europe_midday,1,10,0.1,1.0,0.5263157894736842,0.010526315789473684,True
WTI_session,7,sustained_major_reescalation_hormuz_war,DOWN_Q2_25_50|DOWN_Q5_90_100|DOWN_Q5_90_100,global_reopen_pre_mcx|mcx_open_drive|india_morning,1,10,0.1,1.0,0.5263157894736842,0.010526315789473684,True
WTI_session,7,sustained_major_reescalation_hormuz_war,DOWN_Q2_25_50|FLAT_Q1_0_25|UP_Q5_90_100,us_open|mcx_tail|other_valid_hours,1,10,0.1,1.0,0.5263157894736842,0.010526315789473684,True
WTI_session,7,sustained_major_reescalation_hormuz_war,DOWN_Q2_25_50|UP_Q3_50_75|UP_Q4_75_90,india_midday|europe_midday|us_pre_open,1,10,0.1,1.0,0.5263157894736842,0.010526315789473684,True
WTI_session,7,sustained_major_reescalation_hormuz_war,DOWN_Q2_25_50|UP_Q4_75_90|FLAT_Q1_0_25,us_open|us_open|mcx_tail,1,10,0.1,1.0,0.5263157894736842,0.010526315789473684,True
WTI_session,7,sustained_major_reescalation_hormuz_war,DOWN_Q3_50_75|DOWN_Q4_75_90|FLAT_Q1_0_25,global_reopen_pre_mcx|mcx_open_drive|india_morning,1,10,0.1,1.0,0.5263157894736842,0.010526315789473684,True
WTI_session,7,sustained_major_reescalation_hormuz_war,DOWN_Q3_50_75|FLAT_Q1_0_25|UP_Q3_50_75,europe_midday|us_pre_open|us_open,1,10,0.1,1.0,0.5263157894736842,0.010526315789473684,True
WTI_session,7,sustained_major_reescalation_hormuz_war,DOWN_Q3_50_75|UP_Q1_0_25|FLAT_Q1_0_25,india_midday|europe_midday|us_pre_open,1,10,0.1,1.0,0.5263157894736842,0.010526315789473684,True
WTI_session,7,sustained_major_reescalation_hormuz_war,DOWN_Q3_50_75|UP_Q3_50_75|UP_Q2_25_50,india_morning|india_midday|europe_midday,1,10,0.1,1.0,0.5263157894736842,0.010526315789473684,True
WTI_session,7,sustained_major_reescalation_hormuz_war,DOWN_Q4_75_90|DOWN_Q2_25_50|FLAT_Q1_0_25,us_open|us_open|mcx_tail,1,10,0.1,1.0,0.5263157894736842,0.010526315789473684,True
WTI_session,7,sustained_major_reescalation_hormuz_war,DOWN_Q4_75_90|DOWN_Q4_75_90|UP_Q4_75_90,india_midday|europe_midday|us_pre_open,1,10,0.1,1.0,0.5263157894736842,0.010526315789473684,True
WTI_session,7,sustained_major_reescalation_hormuz_war,DOWN_Q4_75_90|FLAT_Q2_25_50|FLAT_Q1_0_25,mcx_open_drive|india_morning|india_midday,1,10,0.1,1.0,0.5263157894736842,0.010526315789473684,True
WTI_session,7,sustained_major_reescalation_hormuz_war,DOWN_Q4_75_90|UP_Q4_75_90|UP_Q2_25_50,europe_midday|us_pre_open|us_open,1,10,0.1,1.0,0.5263157894736842,0.010526315789473684,True
WTI_session,7,sustained_major_reescalation_hormuz_war,DOWN_Q5_90_100|DOWN_Q1_0_25|FLAT_Q1_0_25,europe_midday|us_pre_open|us_open,1,10,0.1,1.0,0.5263157894736842,0.010526315789473684,True
WTI_session,7,sustained_major_reescalation_hormuz_war,DOWN_Q5_90_100|DOWN_Q3_50_75|UP_Q1_0_25,india_morning|india_midday|europe_midday,1,10,0.1,1.0,0.5263157894736842,0.010526315789473684,True
WTI_session,7,sustained_major_reescalation_hormuz_war,DOWN_Q5_90_100|DOWN_Q5_90_100|DOWN_Q3_50_75,mcx_open_drive|india_morning|india_midday,1,10,0.1,1.0,0.5263157894736842,0.010526315789473684,True
WTI_session,7,sustained_major_reescalation_hormuz_war,DOWN_Q5_90_100|FLAT_Q1_0_25|DOWN_Q3_50_75,europe_midday|us_pre_open|us_open,1,10,0.1,1.0,0.5263157894736842,0.010526315789473684,True
WTI_session,7,sustained_major_reescalation_hormuz_war,FLAT_Q1_0_25|DOWN_Q1_0_25|FLAT_Q2_25_50,us_open|us_open|mcx_tail,1,10,0.1,1.0,0.5263157894736842,0.010526315789473684,True
WTI_session,7,sustained_major_reescalation_hormuz_war,FLAT_Q1_0_25|DOWN_Q2_25_50|FLAT_Q2_25_50,us_open|us_open|mcx_tail,1,10,0.1,1.0,0.5263157894736842,0.010526315789473684,True
WTI_session,7,sustained_major_reescalation_hormuz_war,FLAT_Q1_0_25|DOWN_Q5_90_100|FLAT_Q1_0_25,india_midday|europe_midday|us_pre_open,1,10,0.1,1.0,0.5263157894736842,0.010526315789473684,True
WTI_session,7,sustained_major_reescalation_hormuz_war,FLAT_Q1_0_25|FLAT_Q2_25_50|DOWN_Q3_50_75,global_reopen_pre_mcx|mcx_open_drive|india_morning,1,10,0.1,1.0,0.5263157894736842,0.010526315789473684,True
WTI_session,7,sustained_major_reescalation_hormuz_war,FLAT_Q1_0_25|UP_Q1_0_25|DOWN_Q4_75_90,europe_midday|us_pre_open|us_open,1,10,0.1,1.0,0.5263157894736842,0.010526315789473684,True
WTI_session,7,sustained_major_reescalation_hormuz_war,FLAT_Q2_25_50|DOWN_Q3_50_75|UP_Q3_50_75,mcx_open_drive|india_morning|india_midday,1,10,0.1,1.0,0.5263157894736842,0.010526315789473684,True
WTI_session,7,sustained_major_reescalation_hormuz_war,UP_Q1_0_25|DOWN_Q4_75_90|DOWN_Q2_25_50,us_pre_open|us_open|us_open,1,10,0.1,1.0,0.5263157894736842,0.010526315789473684,True
WTI_session,7,sustained_major_reescalation_hormuz_war,UP_Q1_0_25|FLAT_Q1_0_25|UP_Q3_50_75,europe_midday|us_pre_open|us_open,1,10,0.1,1.0,0.5263157894736842,0.010526315789473684,True
WTI_session,7,sustained_major_reescalation_hormuz_war,UP_Q2_25_50|DOWN_Q2_25_50|UP_Q4_75_90,us_pre_open|us_open|us_open,1,10,0.1,1.0,0.5263157894736842,0.010526315789473684,True
WTI_session,7,sustained_major_reescalation_hormuz_war,UP_Q3_50_75|DOWN_Q2_25_50|DOWN_Q2_25_50,mcx_open_drive|india_morning|india_midday,1,10,0.1,1.0,0.5263157894736842,0.010526315789473684,True
WTI_session,7,sustained_major_reescalation_hormuz_war,UP_Q3_50_75|DOWN_Q3_50_75|UP_Q2_25_50,global_reopen_pre_mcx|mcx_open_drive|india_morning,1,10,0.1,1.0,0.5263157894736842,0.010526315789473684,True
WTI_session,7,sustained_major_reescalation_hormuz_war,UP_Q3_50_75|DOWN_Q5_90_100|DOWN_Q1_0_25,india_midday|europe_midday|us_pre_open,1,10,0.1,1.0,0.5263157894736842,0.010526315789473684,True
WTI_session,7,sustained_major_reescalation_hormuz_war,UP_Q3_50_75|FLAT_Q1_0_25|DOWN_Q3_50_75,us_open|us_open|mcx_tail,1,10,0.1,1.0,0.5263157894736842,0.010526315789473684,True
WTI_session,7,sustained_major_reescalation_hormuz_war,UP_Q3_50_75|UP_Q3_50_75|FLAT_Q1_0_25,us_pre_open|us_open|us_open,1,10,0.1,1.0,0.5263157894736842,0.010526315789473684,True
WTI_session,7,sustained_major_reescalation_hormuz_war,UP_Q4_75_90|DOWN_Q1_0_25|UP_Q5_90_100,us_pre_open|us_open|us_open,1,10,0.1,1.0,0.5263157894736842,0.010526315789473684,True
WTI_session,7,sustained_major_reescalation_hormuz_war,UP_Q4_75_90|UP_Q2_25_50|FLAT_Q1_0_25,us_pre_open|us_open|us_open,1,10,0.1,1.0,0.5263157894736842,0.010526315789473684,True
WTI_session,7,sustained_major_reescalation_hormuz_war,UP_Q4_75_90|UP_Q3_50_75|DOWN_Q5_90_100,india_morning|india_midday|europe_midday,1,10,0.1,1.0,0.5263157894736842,0.010526315789473684,True
WTI_session,7,sustained_major_reescalation_hormuz_war,UP_Q5_90_100|FLAT_Q1_0_25|UP_Q4_75_90,global_reopen_pre_mcx|mcx_open_drive|india_morning,1,10,0.1,1.0,0.5263157894736842,0.010526315789473684,True
WTI_session,7,sustained_major_reescalation_hormuz_war,UP_Q5_90_100|UP_Q5_90_100|FLAT_Q2_25_50,us_open|mcx_tail|other_valid_hours,1,10,0.1,1.0,0.5263157894736842,0.010526315789473684,True
BRENT_session,10,second_deescalation_active_negotiation_hormuz_deal,DOWN_Q2_25_50|DOWN_Q2_25_50|DOWN_Q3_50_75,us_pre_open|us_open|us_open,1,14,0.07142857142857142,0.5,0.7,0.01,True
BRENT_session,10,second_deescalation_active_negotiation_hormuz_deal,DOWN_Q2_25_50|DOWN_Q2_25_50|FLAT_Q1_0_25,india_morning|india_midday|europe_midday,1,14,0.07142857142857142,0.5,0.7,0.01,True
BRENT_session,10,second_deescalation_active_negotiation_hormuz_deal,DOWN_Q2_25_50|UP_Q2_25_50|DOWN_Q2_25_50,india_midday|europe_midday|us_pre_open,1,14,0.07142857142857142,0.5,0.7,0.01,True
BRENT_session,10,second_deescalation_active_negotiation_hormuz_deal,DOWN_Q2_25_50|UP_Q2_25_50|UP_Q3_50_75,us_open|us_open|mcx_tail,1,14,0.07142857142857142,0.5,0.7,0.01,True
BRENT_session,10,second_deescalation_active_negotiation_hormuz_deal,DOWN_Q3_50_75|UP_Q5_90_100|DOWN_Q2_25_50,global_reopen_pre_mcx|mcx_open_drive|india_morning,1,14,0.07142857142857142,0.5,0.7,0.01,True
BRENT_session,10,second_deescalation_active_negotiation_hormuz_deal,DOWN_Q3_50_75|UP_Q5_90_100|DOWN_Q4_75_90,us_open|us_open|mcx_tail,1,14,0.07142857142857142,0.5,0.7,0.01,True
BRENT_session,10,second_deescalation_active_negotiation_hormuz_deal,DOWN_Q4_75_90|DOWN_Q3_50_75|DOWN_Q4_75_90,global_reopen_pre_mcx|mcx_open_drive|india_morning,1,14,0.07142857142857142,0.5,0.7,0.01,True
BRENT_session,10,second_deescalation_active_negotiation_hormuz_deal,DOWN_Q4_75_90|DOWN_Q3_50_75|UP_Q5_90_100,us_pre_open|us_open|us_open,1,14,0.07142857142857142,0.5,0.7,0.01,True
BRENT_session,10,second_deescalation_active_negotiation_hormuz_deal,FLAT_Q1_0_25|UP_Q2_25_50|FLAT_Q1_0_25,us_open|mcx_tail|other_valid_hours,1,14,0.07142857142857142,0.5,0.7,0.01,True
BRENT_session,10,second_deescalation_active_negotiation_hormuz_deal,FLAT_Q1_0_25|UP_Q2_25_50|UP_Q4_75_90,mcx_open_drive|india_morning|india_midday,1,14,0.07142857142857142,0.5,0.7,0.01,True
BRENT_session,10,second_deescalation_active_negotiation_hormuz_deal,FLAT_Q2_25_50|FLAT_Q1_0_25|UP_Q1_0_25,mcx_open_drive|india_morning|india_midday,1,14,0.07142857142857142,0.5,0.7,0.01,True
BRENT_session,10,second_deescalation_active_negotiation_hormuz_deal,FLAT_Q2_25_50|FLAT_Q1_0_25|UP_Q2_25_50,global_reopen_pre_mcx|mcx_open_drive|india_morning,1,14,0.07142857142857142,0.5,0.7,0.01,True
BRENT_session,10,second_deescalation_active_negotiation_hormuz_deal,UP_Q1_0_25|DOWN_Q4_75_90|DOWN_Q2_25_50,europe_midday|us_pre_open|us_open,1,14,0.07142857142857142,0.5,0.7,0.01,True
BRENT_session,10,second_deescalation_active_negotiation_hormuz_deal,UP_Q1_0_25|DOWN_Q4_75_90|UP_Q3_50_75,india_midday|europe_midday|us_pre_open,1,14,0.07142857142857142,0.5,0.7,0.01,True
BRENT_session,10,second_deescalation_active_negotiation_hormuz_deal,UP_Q2_25_50|FLAT_Q1_0_25|FLAT_Q2_25_50,us_open|mcx_tail|other_valid_hours,1,14,0.07142857142857142,0.5,0.7,0.01,True
BRENT_session,10,second_deescalation_active_negotiation_hormuz_deal,UP_Q2_25_50|FLAT_Q1_0_25|UP_Q5_90_100,global_reopen_pre_mcx|mcx_open_drive|india_morning,1,14,0.07142857142857142,0.5,0.7,0.01,True
BRENT_session,10,second_deescalation_active_negotiation_hormuz_deal,UP_Q3_50_75|DOWN_Q3_50_75|DOWN_Q3_50_75,mcx_open_drive|india_morning|india_midday,1,14,0.07142857142857142,0.5,0.7,0.01,True
BRENT_session,10,second_deescalation_active_negotiation_hormuz_deal,UP_Q3_50_75|DOWN_Q3_50_75|FLAT_Q1_0_25,india_midday|europe_midday|us_pre_open,1,14,0.07142857142857142,0.5,0.7,0.01,True
BRENT_session,10,second_deescalation_active_negotiation_hormuz_deal,UP_Q3_50_75|FLAT_Q1_0_25|DOWN_Q5_90_100,us_open|us_open|mcx_tail,1,14,0.07142857142857142,0.5,0.7,0.01,True
BRENT_session,10,second_deescalation_active_negotiation_hormuz_deal,UP_Q3_50_75|FLAT_Q1_0_25|UP_Q4_75_90,india_morning|india_midday|europe_midday,1,14,0.07142857142857142,0.5,0.7,0.01,True
BRENT_session,10,second_deescalation_active_negotiation_hormuz_deal,UP_Q3_50_75|UP_Q2_25_50|FLAT_Q1_0_25,us_open|us_open|mcx_tail,1,14,0.07142857142857142,0.5,0.7,0.01,True
BRENT_session,10,second_deescalation_active_negotiation_hormuz_deal,UP_Q3_50_75|UP_Q2_25_50|UP_Q3_50_75,india_midday|europe_midday|us_pre_open,1,14,0.07142857142857142,0.5,0.7,0.01,True
BRENT_session,10,second_deescalation_active_negotiation_hormuz_deal,UP_Q3_50_75|UP_Q4_75_90|DOWN_Q3_50_75,us_pre_open|us_open|us_open,1,14,0.07142857142857142,0.5,0.7,0.01,True
BRENT_session,10,second_deescalation_active_negotiation_hormuz_deal,UP_Q3_50_75|UP_Q4_75_90|FLAT_Q1_0_25,us_pre_open|us_open|us_open,1,14,0.07142857142857142,0.5,0.7,0.01,True
BRENT_session,10,second_deescalation_active_negotiation_hormuz_deal,UP_Q4_75_90|DOWN_Q3_50_75|DOWN_Q1_0_25,us_open|us_open|mcx_tail,1,14,0.07142857142857142,0.5,0.7,0.01,True
BRENT_session,10,second_deescalation_active_negotiation_hormuz_deal,UP_Q4_75_90|DOWN_Q3_50_75|UP_Q2_25_50,us_open|us_open|mcx_tail,1,14,0.07142857142857142,0.5,0.7,0.01,True
BRENT_session,10,second_deescalation_active_negotiation_hormuz_deal,UP_Q5_90_100|DOWN_Q2_25_50|DOWN_Q1_0_25,india_morning|india_midday|europe_midday,1,14,0.07142857142857142,0.5,0.7,0.01,True
BRENT_session,10,second_deescalation_active_negotiation_hormuz_deal,UP_Q5_90_100|DOWN_Q2_25_50|DOWN_Q2_25_50,mcx_open_drive|india_morning|india_midday,1,14,0.07142857142857142,0.5,0.7,0.01,True
BRENT_session,10,second_deescalation_active_negotiation_hormuz_deal,UP_Q5_90_100|UP_Q2_25_50|DOWN_Q4_75_90,india_morning|india_midday|europe_midday,1,14,0.07142857142857142,0.5,0.7,0.01,True
BRENT_session,10,second_deescalation_active_negotiation_hormuz_deal,UP_Q5_90_100|UP_Q2_25_50|UP_Q3_50_75,us_open|us_open|mcx_tail,1,14,0.07142857142857142,0.5,0.7,0.01,True
BRENT_session,10,second_deescalation_active_negotiation_hormuz_deal,UP_Q5_90_100|UP_Q3_50_75|DOWN_Q4_75_90,global_reopen_pre_mcx|mcx_open_drive|india_morning,1,14,0.07142857142857142,0.5,0.7,0.01,True
BRENT_session,10,second_deescalation_active_negotiation_hormuz_deal,UP_Q5_90_100|UP_Q3_50_75|FLAT_Q1_0_25,us_open|us_open|mcx_tail,1,14,0.07142857142857142,0.5,0.7,0.01,True
WTI_session,10,second_deescalation_active_negotiation_hormuz_deal,DOWN_Q2_25_50|DOWN_Q3_50_75|DOWN_Q1_0_25,india_morning|india_midday|europe_midday,1,14,0.07142857142857142,0.5,0.7,0.01,True
WTI_session,10,second_deescalation_active_negotiation_hormuz_deal,DOWN_Q2_25_50|DOWN_Q3_50_75|UP_Q4_75_90,mcx_open_drive|india_morning|india_midday,1,14,0.07142857142857142,0.5,0.7,0.01,True
WTI_session,10,second_deescalation_active_negotiation_hormuz_deal,DOWN_Q3_50_75|UP_Q4_75_90|FLAT_Q2_25_50,us_open|mcx_tail|other_valid_hours,1,14,0.07142857142857142,0.5,0.7,0.01,True
WTI_session,10,second_deescalation_active_negotiation_hormuz_deal,DOWN_Q3_50_75|UP_Q4_75_90|UP_Q3_50_75,india_morning|india_midday|europe_midday,1,14,0.07142857142857142,0.5,0.7,0.01,True
WTI_session,10,second_deescalation_active_negotiation_hormuz_deal,DOWN_Q4_75_90|UP_Q5_90_100|DOWN_Q4_75_90,us_open|us_open|mcx_tail,1,14,0.07142857142857142,0.5,0.7,0.01,True
WTI_session,10,second_deescalation_active_negotiation_hormuz_deal,DOWN_Q4_75_90|UP_Q5_90_100|FLAT_Q2_25_50,global_reopen_pre_mcx|mcx_open_drive|india_morning,1,14,0.07142857142857142,0.5,0.7,0.01,True
WTI_session,10,second_deescalation_active_negotiation_hormuz_deal,DOWN_Q5_90_100|FLAT_Q1_0_25|DOWN_Q3_50_75,us_pre_open|us_open|us_open,1,14,0.07142857142857142,0.5,0.7,0.01,True
WTI_session,10,second_deescalation_active_negotiation_hormuz_deal,DOWN_Q5_90_100|FLAT_Q1_0_25|UP_Q3_50_75,europe_midday|us_pre_open|us_open,1,14,0.07142857142857142,0.5,0.7,0.01,True
WTI_session,10,second_deescalation_active_negotiation_hormuz_deal,FLAT_Q1_0_25|DOWN_Q2_25_50|DOWN_Q2_25_50,us_open|us_open|mcx_tail,1,14,0.07142857142857142,0.5,0.7,0.01,True
WTI_session,10,second_deescalation_active_negotiation_hormuz_deal,FLAT_Q1_0_25|DOWN_Q2_25_50|UP_Q3_50_75,india_morning|india_midday|europe_midday,1,14,0.07142857142857142,0.5,0.7,0.01,True
WTI_session,10,second_deescalation_active_negotiation_hormuz_deal,FLAT_Q2_25_50|FLAT_Q1_0_25|UP_Q1_0_25,mcx_open_drive|india_morning|india_midday,1,14,0.07142857142857142,0.5,0.7,0.01,True
WTI_session,10,second_deescalation_active_negotiation_hormuz_deal,FLAT_Q2_25_50|FLAT_Q1_0_25|UP_Q4_75_90,us_pre_open|us_open|us_open,1,14,0.07142857142857142,0.5,0.7,0.01,True
WTI_session,10,second_deescalation_active_negotiation_hormuz_deal,FLAT_Q2_25_50|UP_Q2_25_50|DOWN_Q3_50_75,global_reopen_pre_mcx|mcx_open_drive|india_morning,1,14,0.07142857142857142,0.5,0.7,0.01,True
WTI_session,10,second_deescalation_active_negotiation_hormuz_deal,FLAT_Q2_25_50|UP_Q2_25_50|UP_Q5_90_100,mcx_open_drive|india_morning|india_midday,1,14,0.07142857142857142,0.5,0.7,0.01,True
WTI_session,10,second_deescalation_active_negotiation_hormuz_deal,UP_Q2_25_50|DOWN_Q5_90_100|FLAT_Q1_0_25,india_midday|europe_midday|us_pre_open,1,14,0.07142857142857142,0.5,0.7,0.01,True
WTI_session,10,second_deescalation_active_negotiation_hormuz_deal,UP_Q2_25_50|DOWN_Q5_90_100|UP_Q3_50_75,europe_midday|us_pre_open|us_open,1,14,0.07142857142857142,0.5,0.7,0.01,True
WTI_session,10,second_deescalation_active_negotiation_hormuz_deal,UP_Q2_25_50|UP_Q2_25_50|FLAT_Q1_0_25,us_open|mcx_tail|other_valid_hours,1,14,0.07142857142857142,0.5,0.7,0.01,True
WTI_session,10,second_deescalation_active_negotiation_hormuz_deal,UP_Q2_25_50|UP_Q2_25_50|UP_Q2_25_50,us_open|us_open|mcx_tail,1,14,0.07142857142857142,0.5,0.7,0.01,True
WTI_session,10,second_deescalation_active_negotiation_hormuz_deal,UP_Q2_25_50|UP_Q5_90_100|UP_Q2_25_50,india_morning|india_midday|europe_midday,1,14,0.07142857142857142,0.5,0.7,0.01,True
WTI_session,10,second_deescalation_active_negotiation_hormuz_deal,UP_Q2_25_50|UP_Q5_90_100|UP_Q3_50_75,us_open|us_open|mcx_tail,1,14,0.07142857142857142,0.5,0.7,0.01,True
WTI_session,10,second_deescalation_active_negotiation_hormuz_deal,UP_Q3_50_75|DOWN_Q4_75_90|FLAT_Q2_25_50,india_midday|europe_midday|us_pre_open,1,14,0.07142857142857142,0.5,0.7,0.01,True
WTI_session,10,second_deescalation_active_negotiation_hormuz_deal,UP_Q3_50_75|DOWN_Q4_75_90|UP_Q4_75_90,mcx_open_drive|india_morning|india_midday,1,14,0.07142857142857142,0.5,0.7,0.01,True
WTI_session,10,second_deescalation_active_negotiation_hormuz_deal,UP_Q3_50_75|UP_Q2_25_50|FLAT_Q1_0_25,us_open|us_open|mcx_tail,1,14,0.07142857142857142,0.5,0.7,0.01,True
WTI_session,10,second_deescalation_active_negotiation_hormuz_deal,UP_Q3_50_75|UP_Q2_25_50|UP_Q4_75_90,us_pre_open|us_open|us_open,1,14,0.07142857142857142,0.5,0.7,0.01,True
WTI_session,10,second_deescalation_active_negotiation_hormuz_deal,UP_Q4_75_90|FLAT_Q1_0_25|DOWN_Q3_50_75,india_morning|india_midday|europe_midday,1,14,0.07142857142857142,0.5,0.7,0.01,True
WTI_session,10,second_deescalation_active_negotiation_hormuz_deal,UP_Q4_75_90|FLAT_Q1_0_25|UP_Q3_50_75,us_pre_open|us_open|us_open,1,14,0.07142857142857142,0.5,0.7,0.01,True
WTI_session,10,second_deescalation_active_negotiation_hormuz_deal,UP_Q5_90_100|DOWN_Q2_25_50|DOWN_Q3_50_75,mcx_open_drive|india_morning|india_midday,1,14,0.07142857142857142,0.5,0.7,0.01,True
WTI_session,10,second_deescalation_active_negotiation_hormuz_deal,UP_Q5_90_100|DOWN_Q2_25_50|DOWN_Q5_90_100,india_midday|europe_midday|us_pre_open,1,14,0.07142857142857142,0.5,0.7,0.01,True
WTI_session,10,second_deescalation_active_negotiation_hormuz_deal,UP_Q5_90_100|UP_Q3_50_75|DOWN_Q4_75_90,global_reopen_pre_mcx|mcx_open_drive|india_morning,1,14,0.07142857142857142,0.5,0.7,0.01,True
WTI_session,10,second_deescalation_active_negotiation_hormuz_deal,UP_Q5_90_100|UP_Q3_50_75|UP_Q3_50_75,us_open|mcx_tail|other_valid_hours,1,14,0.07142857142857142,0.5,0.7,0.01,True
BRENT_session,1,full_scale_war,UP_Q2_25_50|DOWN_Q3_50_75|DOWN_Q1_0_25,us_open|mcx_tail|other_valid_hours,1,18,0.05555555555555555,0.2,0.8737864077669903,0.00970873786407767,True
BRENT_session,1,full_scale_war,UP_Q2_25_50|DOWN_Q3_50_75|DOWN_Q2_25_50,europe_midday|us_pre_open|us_open,1,18,0.05555555555555555,0.2,0.8737864077669903,0.00970873786407767,True
BRENT_session,1,full_scale_war,UP_Q2_25_50|DOWN_Q3_50_75|DOWN_Q5_90_100,global_reopen_pre_mcx|mcx_open_drive|india_morning,1,18,0.05555555555555555,0.2,0.8737864077669903,0.00970873786407767,True
BRENT_session,1,full_scale_war,UP_Q2_25_50|DOWN_Q3_50_75|FLAT_Q1_0_25,us_open|us_open|mcx_tail,1,18,0.05555555555555555,0.2,0.8737864077669903,0.00970873786407767,True
BRENT_session,1,full_scale_war,UP_Q2_25_50|DOWN_Q3_50_75|UP_Q2_25_50,europe_midday|us_pre_open|us_open,1,18,0.05555555555555555,0.2,0.8737864077669903,0.00970873786407767,True
BRENT_session,2,post_ceasefire_complex,DOWN_Q5_90_100|UP_Q2_25_50|UP_Q2_25_50,europe_midday|us_pre_open|us_open,2,43,0.046511627906976744,1.0,0.511904761904762,0.009523809523809525,True
BRENT_session,2,post_ceasefire_complex,FLAT_Q1_0_25|DOWN_Q1_0_25|FLAT_Q1_0_25,mcx_open_drive|india_morning|india_midday,2,43,0.046511627906976744,1.0,0.511904761904762,0.009523809523809525,True
WTI_session,2,post_ceasefire_complex,FLAT_Q1_0_25|UP_Q4_75_90|FLAT_Q2_25_50,us_open|mcx_tail|other_valid_hours,2,43,0.046511627906976744,1.0,0.511904761904762,0.009523809523809525,True
WTI_session,2,post_ceasefire_complex,UP_Q4_75_90|FLAT_Q2_25_50|UP_Q3_50_75,global_reopen_pre_mcx|mcx_open_drive|india_morning,2,43,0.046511627906976744,1.0,0.511904761904762,0.009523809523809525,True
BRENT_session,1,full_scale_war,UP_Q2_25_50|FLAT_Q1_0_25|DOWN_Q2_25_50,us_open|us_open|other_valid_hours,1,18,0.05555555555555555,0.25,0.8372093023255814,0.009302325581395349,True
BRENT_session,1,full_scale_war,UP_Q2_25_50|FLAT_Q1_0_25|UP_Q3_50_75,europe_midday|us_pre_open|us_open,1,18,0.05555555555555555,0.25,0.8372093023255814,0.009302325581395349,True
WTI_session,1,full_scale_war,FLAT_Q1_0_25|UP_Q2_25_50|DOWN_Q1_0_25,asia_early|us_late|europe_midday,1,18,0.05555555555555555,0.25,0.8372093023255814,0.009302325581395349,True
WTI_session,1,full_scale_war,FLAT_Q1_0_25|UP_Q2_25_50|DOWN_Q4_75_90,us_late|europe_midday|us_pre_open,1,18,0.05555555555555555,0.25,0.8372093023255814,0.009302325581395349,True
WTI_session,1,full_scale_war,FLAT_Q1_0_25|UP_Q2_25_50|UP_Q3_50_75,europe_midday|us_pre_open|us_open,1,18,0.05555555555555555,0.25,0.8372093023255814,0.009302325581395349,True
WTI_session,1,full_scale_war,FLAT_Q1_0_25|UP_Q2_25_50|UP_Q4_75_90,europe_midday|us_pre_open|us_open,1,18,0.05555555555555555,0.25,0.8372093023255814,0.009302325581395349,True
WTI_session,1,full_scale_war,UP_Q3_50_75|FLAT_Q1_0_25|DOWN_Q3_50_75,europe_midday|us_pre_open|us_open,1,18,0.05555555555555555,0.25,0.8372093023255814,0.009302325581395349,True
WTI_session,1,full_scale_war,UP_Q3_50_75|FLAT_Q1_0_25|FLAT_Q3_50_75,global_reopen_pre_mcx|mcx_open_drive|india_morning,1,18,0.05555555555555555,0.25,0.8372093023255814,0.009302325581395349,True
WTI_session,1,full_scale_war,UP_Q3_50_75|UP_Q4_75_90|UP_Q2_25_50,india_midday|europe_midday|us_pre_open,1,18,0.05555555555555555,0.25,0.8372093023255814,0.009302325581395349,True
WTI_session,1,full_scale_war,UP_Q3_50_75|UP_Q4_75_90|UP_Q3_50_75,us_pre_open|us_open|us_open,1,18,0.05555555555555555,0.25,0.8372093023255814,0.009302325581395349,True
BRENT_session,1,full_scale_war,DOWN_Q2_25_50|FLAT_Q1_0_25|DOWN_Q5_90_100,europe_midday|us_pre_open|us_open,1,18,0.05555555555555555,0.3333333333333333,0.782608695652174,0.008695652173913044,True
BRENT_session,1,full_scale_war,DOWN_Q2_25_50|UP_Q3_50_75|UP_Q3_50_75,us_open|us_open|mcx_tail,1,18,0.05555555555555555,0.3333333333333333,0.782608695652174,0.008695652173913044,True
BRENT_session,1,full_scale_war,DOWN_Q3_50_75|FLAT_Q1_0_25|DOWN_Q1_0_25,us_open|mcx_tail|other_valid_hours,1,18,0.05555555555555555,0.3333333333333333,0.782608695652174,0.008695652173913044,True
BRENT_session,1,full_scale_war,DOWN_Q3_50_75|FLAT_Q1_0_25|DOWN_Q3_50_75,asia_early|us_late|europe_midday,1,18,0.05555555555555555,0.3333333333333333,0.782608695652174,0.008695652173913044,True
BRENT_session,1,full_scale_war,DOWN_Q3_50_75|FLAT_Q1_0_25|UP_Q4_75_90,us_open|us_open|other_valid_hours,1,18,0.05555555555555555,0.3333333333333333,0.782608695652174,0.008695652173913044,True
BRENT_session,1,full_scale_war,DOWN_Q5_90_100|FLAT_Q1_0_25|DOWN_Q3_50_75,us_open|us_open|other_valid_hours,1,18,0.05555555555555555,0.3333333333333333,0.782608695652174,0.008695652173913044,True
BRENT_session,1,full_scale_war,DOWN_Q5_90_100|FLAT_Q1_0_25|DOWN_Q5_90_100,europe_midday|us_pre_open|us_open,1,18,0.05555555555555555,0.3333333333333333,0.782608695652174,0.008695652173913044,True
BRENT_session,1,full_scale_war,DOWN_Q5_90_100|FLAT_Q1_0_25|UP_Q3_50_75,us_open|us_open|other_valid_hours,1,18,0.05555555555555555,0.3333333333333333,0.782608695652174,0.008695652173913044,True
BRENT_session,1,full_scale_war,FLAT_Q1_0_25|DOWN_Q5_90_100|DOWN_Q3_50_75,us_open|mcx_tail|other_valid_hours,1,18,0.05555555555555555,0.3333333333333333,0.782608695652174,0.008695652173913044,True
BRENT_session,1,full_scale_war,FLAT_Q1_0_25|DOWN_Q5_90_100|UP_Q2_25_50,us_pre_open|us_open|us_open,1,18,0.05555555555555555,0.3333333333333333,0.782608695652174,0.008695652173913044,True
BRENT_session,1,full_scale_war,FLAT_Q1_0_25|DOWN_Q5_90_100|UP_Q4_75_90,us_pre_open|us_open|us_open,1,18,0.05555555555555555,0.3333333333333333,0.782608695652174,0.008695652173913044,True
BRENT_session,1,full_scale_war,FLAT_Q1_0_25|UP_Q2_25_50|DOWN_Q3_50_75,us_pre_open|us_open|us_open,1,18,0.05555555555555555,0.3333333333333333,0.782608695652174,0.008695652173913044,True
BRENT_session,1,full_scale_war,FLAT_Q1_0_25|UP_Q2_25_50|DOWN_Q5_90_100,asia_early|us_late|europe_midday,1,18,0.05555555555555555,0.3333333333333333,0.782608695652174,0.008695652173913044,True
BRENT_session,1,full_scale_war,FLAT_Q1_0_25|UP_Q2_25_50|UP_Q3_50_75,us_pre_open|us_open|us_open,1,18,0.05555555555555555,0.3333333333333333,0.782608695652174,0.008695652173913044,True
BRENT_session,1,full_scale_war,UP_Q2_25_50|DOWN_Q2_25_50|FLAT_Q1_0_25,india_midday|europe_midday|us_pre_open,1,18,0.05555555555555555,0.3333333333333333,0.782608695652174,0.008695652173913044,True
BRENT_session,1,full_scale_war,UP_Q2_25_50|DOWN_Q2_25_50|UP_Q3_50_75,asia_early|us_late|europe_midday,1,18,0.05555555555555555,0.3333333333333333,0.782608695652174,0.008695652173913044,True
BRENT_session,1,full_scale_war,UP_Q2_25_50|DOWN_Q2_25_50|UP_Q4_75_90,us_pre_open|us_open|us_open,1,18,0.05555555555555555,0.3333333333333333,0.782608695652174,0.008695652173913044,True
BRENT_session,1,full_scale_war,UP_Q3_50_75|FLAT_Q1_0_25|UP_Q3_50_75,us_open|us_open|other_valid_hours,1,18,0.05555555555555555,0.3333333333333333,0.782608695652174,0.008695652173913044,True
BRENT_session,1,full_scale_war,UP_Q3_50_75|FLAT_Q1_0_25|UP_Q4_75_90,us_open|us_open|other_valid_hours,1,18,0.05555555555555555,0.3333333333333333,0.782608695652174,0.008695652173913044,True
BRENT_session,1,full_scale_war,UP_Q3_50_75|FLAT_Q1_0_25|UP_Q5_90_100,us_open|us_open|other_valid_hours,1,18,0.05555555555555555,0.3333333333333333,0.782608695652174,0.008695652173913044,True
BRENT_session,1,full_scale_war,UP_Q3_50_75|FLAT_Q2_25_50|DOWN_Q2_25_50,mcx_open_drive|india_morning|india_midday,1,18,0.05555555555555555,0.3333333333333333,0.782608695652174,0.008695652173913044,True
BRENT_session,1,full_scale_war,UP_Q3_50_75|UP_Q2_25_50|FLAT_Q1_0_25,us_late|europe_midday|us_pre_open,1,18,0.05555555555555555,0.3333333333333333,0.782608695652174,0.008695652173913044,True
BRENT_session,1,full_scale_war,UP_Q3_50_75|UP_Q3_50_75|UP_Q4_75_90,us_late|europe_midday|us_pre_open,1,18,0.05555555555555555,0.3333333333333333,0.782608695652174,0.008695652173913044,True
BRENT_session,5,slight_escalation_strait_closure,DOWN_Q1_0_25|DOWN_Q3_50_75|DOWN_Q4_75_90,us_pre_open|us_open|us_open,1,12,0.08333333333333333,1.0,0.5217391304347826,0.008695652173913044,True
BRENT_session,5,slight_escalation_strait_closure,DOWN_Q1_0_25|DOWN_Q5_90_100|UP_Q2_25_50,us_pre_open|us_open|us_open,1,12,0.08333333333333333,1.0,0.5217391304347826,0.008695652173913044,True
BRENT_session,5,slight_escalation_strait_closure,DOWN_Q1_0_25|UP_Q2_25_50|UP_Q5_90_100,europe_midday|us_pre_open|us_open,1,12,0.08333333333333333,1.0,0.5217391304347826,0.008695652173913044,True
BRENT_session,5,slight_escalation_strait_closure,DOWN_Q1_0_25|UP_Q4_75_90|UP_Q4_75_90,europe_midday|us_pre_open|us_open,1,12,0.08333333333333333,1.0,0.5217391304347826,0.008695652173913044,True
BRENT_session,5,slight_escalation_strait_closure,DOWN_Q2_25_50|DOWN_Q3_50_75|DOWN_Q2_25_50,europe_midday|us_pre_open|us_open,1,12,0.08333333333333333,1.0,0.5217391304347826,0.008695652173913044,True
BRENT_session,5,slight_escalation_strait_closure,DOWN_Q3_50_75|DOWN_Q2_25_50|FLAT_Q1_0_25,us_pre_open|us_open|us_open,1,12,0.08333333333333333,1.0,0.5217391304347826,0.008695652173913044,True
BRENT_session,5,slight_escalation_strait_closure,DOWN_Q3_50_75|DOWN_Q3_50_75|FLAT_Q1_0_25,global_reopen_pre_mcx|mcx_open_drive|india_morning,1,12,0.08333333333333333,1.0,0.5217391304347826,0.008695652173913044,True
BRENT_session,5,slight_escalation_strait_closure,DOWN_Q3_50_75|DOWN_Q4_75_90|DOWN_Q3_50_75,us_open|us_open|mcx_tail,1,12,0.08333333333333333,1.0,0.5217391304347826,0.008695652173913044,True
BRENT_session,5,slight_escalation_strait_closure,DOWN_Q3_50_75|DOWN_Q5_90_100|DOWN_Q3_50_75,india_midday|europe_midday|us_pre_open,1,12,0.08333333333333333,1.0,0.5217391304347826,0.008695652173913044,True
BRENT_session,5,slight_escalation_strait_closure,DOWN_Q3_50_75|FLAT_Q2_25_50|UP_Q4_75_90,mcx_open_drive|india_morning|india_midday,1,12,0.08333333333333333,1.0,0.5217391304347826,0.008695652173913044,True
BRENT_session,5,slight_escalation_strait_closure,DOWN_Q3_50_75|UP_Q2_25_50|FLAT_Q2_25_50,us_pre_open|us_open|us_open,1,12,0.08333333333333333,1.0,0.5217391304347826,0.008695652173913044,True
BRENT_session,5,slight_escalation_strait_closure,DOWN_Q3_50_75|UP_Q3_50_75|FLAT_Q3_50_75,global_reopen_pre_mcx|mcx_open_drive|india_morning,1,12,0.08333333333333333,1.0,0.5217391304347826,0.008695652173913044,True
BRENT_session,5,slight_escalation_strait_closure,DOWN_Q3_50_75|UP_Q4_75_90|DOWN_Q3_50_75,us_pre_open|us_open|us_open,1,12,0.08333333333333333,1.0,0.5217391304347826,0.008695652173913044,True
BRENT_session,5,slight_escalation_strait_closure,DOWN_Q4_75_90|DOWN_Q3_50_75|UP_Q2_25_50,us_open|mcx_tail|other_valid_hours,1,12,0.08333333333333333,1.0,0.5217391304347826,0.008695652173913044,True
BRENT_session,5,slight_escalation_strait_closure,DOWN_Q4_75_90|UP_Q2_25_50|UP_Q3_50_75,europe_midday|us_pre_open|us_open,1,12,0.08333333333333333,1.0,0.5217391304347826,0.008695652173913044,True
BRENT_session,5,slight_escalation_strait_closure,DOWN_Q4_75_90|UP_Q3_50_75|FLAT_Q1_0_25,global_reopen_pre_mcx|mcx_open_drive|india_morning,1,12,0.08333333333333333,1.0,0.5217391304347826,0.008695652173913044,True
BRENT_session,5,slight_escalation_strait_closure,DOWN_Q5_90_100|DOWN_Q3_50_75|UP_Q2_25_50,europe_midday|us_pre_open|us_open,1,12,0.08333333333333333,1.0,0.5217391304347826,0.008695652173913044,True
BRENT_session,5,slight_escalation_strait_closure,DOWN_Q5_90_100|DOWN_Q5_90_100|FLAT_Q1_0_25,global_reopen_pre_mcx|mcx_open_drive|india_morning,1,12,0.08333333333333333,1.0,0.5217391304347826,0.008695652173913044,True
BRENT_session,5,slight_escalation_strait_closure,DOWN_Q5_90_100|FLAT_Q1_0_25|UP_Q2_25_50,mcx_open_drive|india_morning|india_midday,1,12,0.08333333333333333,1.0,0.5217391304347826,0.008695652173913044,True
BRENT_session,5,slight_escalation_strait_closure,DOWN_Q5_90_100|UP_Q2_25_50|UP_Q3_50_75,us_open|us_open|mcx_tail,1,12,0.08333333333333333,1.0,0.5217391304347826,0.008695652173913044,True
BRENT_session,5,slight_escalation_strait_closure,DOWN_Q5_90_100|UP_Q4_75_90|DOWN_Q3_50_75,india_midday|europe_midday|us_pre_open,1,12,0.08333333333333333,1.0,0.5217391304347826,0.008695652173913044,True
BRENT_session,5,slight_escalation_strait_closure,FLAT_Q1_0_25|DOWN_Q3_50_75|FLAT_Q2_25_50,global_reopen_pre_mcx|mcx_open_drive|india_morning,1,12,0.08333333333333333,1.0,0.5217391304347826,0.008695652173913044,True
BRENT_session,5,slight_escalation_strait_closure,FLAT_Q1_0_25|UP_Q3_50_75|UP_Q5_90_100,us_open|mcx_tail|other_valid_hours,1,12,0.08333333333333333,1.0,0.5217391304347826,0.008695652173913044,True
BRENT_session,5,slight_escalation_strait_closure,FLAT_Q2_25_50|DOWN_Q4_75_90|FLAT_Q1_0_25,india_morning|india_midday|europe_midday,1,12,0.08333333333333333,1.0,0.5217391304347826,0.008695652173913044,True
BRENT_session,5,slight_escalation_strait_closure,FLAT_Q2_25_50|FLAT_Q2_25_50|DOWN_Q4_75_90,us_open|mcx_tail|other_valid_hours,1,12,0.08333333333333333,1.0,0.5217391304347826,0.008695652173913044,True
BRENT_session,5,slight_escalation_strait_closure,FLAT_Q2_25_50|UP_Q3_50_75|DOWN_Q2_25_50,mcx_open_drive|india_morning|india_midday,1,12,0.08333333333333333,1.0,0.5217391304347826,0.008695652173913044,True
BRENT_session,5,slight_escalation_strait_closure,FLAT_Q2_25_50|UP_Q4_75_90|UP_Q1_0_25,india_morning|india_midday|europe_midday,1,12,0.08333333333333333,1.0,0.5217391304347826,0.008695652173913044,True
BRENT_session,5,slight_escalation_strait_closure,FLAT_Q3_50_75|DOWN_Q3_50_75|DOWN_Q5_90_100,india_morning|india_midday|europe_midday,1,12,0.08333333333333333,1.0,0.5217391304347826,0.008695652173913044,True
BRENT_session,5,slight_escalation_strait_closure,UP_Q1_0_25|DOWN_Q1_0_25|DOWN_Q3_50_75,europe_midday|us_pre_open|us_open,1,12,0.08333333333333333,1.0,0.5217391304347826,0.008695652173913044,True
BRENT_session,5,slight_escalation_strait_closure,UP_Q1_0_25|DOWN_Q3_50_75|FLAT_Q1_0_25,us_pre_open|us_open|us_open,1,12,0.08333333333333333,1.0,0.5217391304347826,0.008695652173913044,True
BRENT_session,5,slight_escalation_strait_closure,UP_Q2_25_50|DOWN_Q2_25_50|DOWN_Q3_50_75,india_midday|europe_midday|us_pre_open,1,12,0.08333333333333333,1.0,0.5217391304347826,0.008695652173913044,True
BRENT_session,5,slight_escalation_strait_closure,UP_Q2_25_50|DOWN_Q4_75_90|UP_Q2_25_50,india_midday|europe_midday|us_pre_open,1,12,0.08333333333333333,1.0,0.5217391304347826,0.008695652173913044,True
BRENT_session,5,slight_escalation_strait_closure,UP_Q2_25_50|DOWN_Q5_90_100|UP_Q3_50_75,europe_midday|us_pre_open|us_open,1,12,0.08333333333333333,1.0,0.5217391304347826,0.008695652173913044,True
BRENT_session,5,slight_escalation_strait_closure,UP_Q2_25_50|FLAT_Q1_0_25|UP_Q5_90_100,global_reopen_pre_mcx|mcx_open_drive|india_morning,1,12,0.08333333333333333,1.0,0.5217391304347826,0.008695652173913044,True
BRENT_session,5,slight_escalation_strait_closure,UP_Q2_25_50|UP_Q2_25_50|UP_Q5_90_100,us_open|us_open|mcx_tail,1,12,0.08333333333333333,1.0,0.5217391304347826,0.008695652173913044,True
BRENT_session,5,slight_escalation_strait_closure,UP_Q3_50_75|DOWN_Q2_25_50|UP_Q3_50_75,india_morning|india_midday|europe_midday,1,12,0.08333333333333333,1.0,0.5217391304347826,0.008695652173913044,True
BRENT_session,5,slight_escalation_strait_closure,UP_Q3_50_75|DOWN_Q4_75_90|FLAT_Q1_0_25,mcx_open_drive|india_morning|india_midday,1,12,0.08333333333333333,1.0,0.5217391304347826,0.008695652173913044,True
BRENT_session,5,slight_escalation_strait_closure,UP_Q3_50_75|FLAT_Q3_50_75|DOWN_Q3_50_75,mcx_open_drive|india_morning|india_midday,1,12,0.08333333333333333,1.0,0.5217391304347826,0.008695652173913044,True
BRENT_session,5,slight_escalation_strait_closure,UP_Q3_50_75|UP_Q1_0_25|DOWN_Q3_50_75,europe_midday|us_pre_open|us_open,1,12,0.08333333333333333,1.0,0.5217391304347826,0.008695652173913044,True
BRENT_session,5,slight_escalation_strait_closure,UP_Q4_75_90|FLAT_Q1_0_25|FLAT_Q2_25_50,us_open|us_open|mcx_tail,1,12,0.08333333333333333,1.0,0.5217391304347826,0.008695652173913044,True
BRENT_session,5,slight_escalation_strait_closure,UP_Q4_75_90|UP_Q1_0_25|DOWN_Q1_0_25,india_midday|europe_midday|us_pre_open,1,12,0.08333333333333333,1.0,0.5217391304347826,0.008695652173913044,True
BRENT_session,5,slight_escalation_strait_closure,UP_Q4_75_90|UP_Q4_75_90|FLAT_Q1_0_25,us_pre_open|us_open|us_open,1,12,0.08333333333333333,1.0,0.5217391304347826,0.008695652173913044,True
WTI_session,1,full_scale_war,DOWN_Q3_50_75|FLAT_Q1_0_25|DOWN_Q2_25_50,europe_midday|us_pre_open|us_open,1,18,0.05555555555555555,0.3333333333333333,0.782608695652174,0.008695652173913044,True
WTI_session,1,full_scale_war,DOWN_Q3_50_75|FLAT_Q1_0_25|DOWN_Q5_90_100,europe_midday|us_pre_open|us_open,1,18,0.05555555555555555,0.3333333333333333,0.782608695652174,0.008695652173913044,True
WTI_session,1,full_scale_war,DOWN_Q3_50_75|FLAT_Q1_0_25|UP_Q4_75_90,us_open|us_open|other_valid_hours,1,18,0.05555555555555555,0.3333333333333333,0.782608695652174,0.008695652173913044,True
WTI_session,1,full_scale_war,DOWN_Q4_75_90|UP_Q2_25_50|UP_Q4_75_90,us_open|us_open|other_valid_hours,1,18,0.05555555555555555,0.3333333333333333,0.782608695652174,0.008695652173913044,True
WTI_session,1,full_scale_war,UP_Q2_25_50|FLAT_Q1_0_25|DOWN_Q1_0_25,us_open|us_open|other_valid_hours,1,18,0.05555555555555555,0.3333333333333333,0.782608695652174,0.008695652173913044,True
WTI_session,1,full_scale_war,UP_Q2_25_50|FLAT_Q1_0_25|DOWN_Q2_25_50,us_pre_open|us_open|us_open,1,18,0.05555555555555555,0.3333333333333333,0.782608695652174,0.008695652173913044,True
WTI_session,1,full_scale_war,UP_Q2_25_50|FLAT_Q1_0_25|UP_Q3_50_75,mcx_open_drive|india_morning|india_midday,1,18,0.05555555555555555,0.3333333333333333,0.782608695652174,0.008695652173913044,True
WTI_session,1,full_scale_war,UP_Q2_25_50|UP_Q4_75_90|DOWN_Q2_25_50,us_pre_open|us_open|us_open,1,18,0.05555555555555555,0.3333333333333333,0.782608695652174,0.008695652173913044,True
WTI_session,1,full_scale_war,UP_Q2_25_50|UP_Q4_75_90|DOWN_Q3_50_75,us_open|us_open|mcx_tail,1,18,0.05555555555555555,0.3333333333333333,0.782608695652174,0.008695652173913044,True
WTI_session,1,full_scale_war,UP_Q2_25_50|UP_Q4_75_90|UP_Q3_50_75,us_open|us_open|other_valid_hours,1,18,0.05555555555555555,0.3333333333333333,0.782608695652174,0.008695652173913044,True
WTI_session,1,full_scale_war,UP_Q3_50_75|UP_Q3_50_75|UP_Q5_90_100,us_late|europe_midday|us_pre_open,1,18,0.05555555555555555,0.3333333333333333,0.782608695652174,0.008695652173913044,True
WTI_session,5,slight_escalation_strait_closure,DOWN_Q1_0_25|DOWN_Q2_25_50|UP_Q5_90_100,india_midday|europe_midday|us_pre_open,1,12,0.08333333333333333,1.0,0.5217391304347826,0.008695652173913044,True
WTI_session,5,slight_escalation_strait_closure,DOWN_Q1_0_25|DOWN_Q3_50_75|DOWN_Q5_90_100,us_pre_open|us_open|us_open,1,12,0.08333333333333333,1.0,0.5217391304347826,0.008695652173913044,True
WTI_session,5,slight_escalation_strait_closure,DOWN_Q1_0_25|DOWN_Q5_90_100|UP_Q2_25_50,us_pre_open|us_open|us_open,1,12,0.08333333333333333,1.0,0.5217391304347826,0.008695652173913044,True
WTI_session,5,slight_escalation_strait_closure,DOWN_Q1_0_25|FLAT_Q2_25_50|FLAT_Q3_50_75,global_reopen_pre_mcx|mcx_open_drive|india_morning,1,12,0.08333333333333333,1.0,0.5217391304347826,0.008695652173913044,True
WTI_session,5,slight_escalation_strait_closure,DOWN_Q2_25_50|DOWN_Q4_75_90|FLAT_Q1_0_25,europe_midday|us_pre_open|us_open,1,12,0.08333333333333333,1.0,0.5217391304347826,0.008695652173913044,True
WTI_session,5,slight_escalation_strait_closure,DOWN_Q2_25_50|FLAT_Q1_0_25|FLAT_Q3_50_75,global_reopen_pre_mcx|mcx_open_drive|india_morning,1,12,0.08333333333333333,1.0,0.5217391304347826,0.008695652173913044,True
WTI_session,5,slight_escalation_strait_closure,DOWN_Q2_25_50|UP_Q2_25_50|DOWN_Q2_25_50,us_pre_open|us_open|us_open,1,12,0.08333333333333333,1.0,0.5217391304347826,0.008695652173913044,True
WTI_session,5,slight_escalation_strait_closure,DOWN_Q2_25_50|UP_Q5_90_100|FLAT_Q1_0_25,europe_midday|us_pre_open|us_open,1,12,0.08333333333333333,1.0,0.5217391304347826,0.008695652173913044,True
WTI_session,5,slight_escalation_strait_closure,DOWN_Q3_50_75|DOWN_Q3_50_75|UP_Q4_75_90,us_pre_open|us_open|us_open,1,12,0.08333333333333333,1.0,0.5217391304347826,0.008695652173913044,True
WTI_session,5,slight_escalation_strait_closure,DOWN_Q3_50_75|UP_Q2_25_50|FLAT_Q1_0_25,europe_midday|us_pre_open|us_open,1,12,0.08333333333333333,1.0,0.5217391304347826,0.008695652173913044,True
WTI_session,5,slight_escalation_strait_closure,DOWN_Q3_50_75|UP_Q4_75_90|FLAT_Q1_0_25,us_open|us_open|mcx_tail,1,12,0.08333333333333333,1.0,0.5217391304347826,0.008695652173913044,True
WTI_session,5,slight_escalation_strait_closure,DOWN_Q4_75_90|DOWN_Q4_75_90|FLAT_Q2_25_50,global_reopen_pre_mcx|mcx_open_drive|india_morning,1,12,0.08333333333333333,1.0,0.5217391304347826,0.008695652173913044,True
WTI_session,5,slight_escalation_strait_closure,DOWN_Q4_75_90|UP_Q2_25_50|UP_Q3_50_75,europe_midday|us_pre_open|us_open,1,12,0.08333333333333333,1.0,0.5217391304347826,0.008695652173913044,True
WTI_session,5,slight_escalation_strait_closure,DOWN_Q4_75_90|UP_Q3_50_75|DOWN_Q1_0_25,india_midday|europe_midday|us_pre_open,1,12,0.08333333333333333,1.0,0.5217391304347826,0.008695652173913044,True
WTI_session,5,slight_escalation_strait_closure,DOWN_Q4_75_90|UP_Q4_75_90|FLAT_Q1_0_25,global_reopen_pre_mcx|mcx_open_drive|india_morning,1,12,0.08333333333333333,1.0,0.5217391304347826,0.008695652173913044,True
WTI_session,5,slight_escalation_strait_closure,DOWN_Q5_90_100|DOWN_Q2_25_50|UP_Q2_25_50,europe_midday|us_pre_open|us_open,1,12,0.08333333333333333,1.0,0.5217391304347826,0.008695652173913044,True
WTI_session,5,slight_escalation_strait_closure,DOWN_Q5_90_100|DOWN_Q5_90_100|FLAT_Q2_25_50,global_reopen_pre_mcx|mcx_open_drive|india_morning,1,12,0.08333333333333333,1.0,0.5217391304347826,0.008695652173913044,True
WTI_session,5,slight_escalation_strait_closure,DOWN_Q5_90_100|FLAT_Q2_25_50|FLAT_Q1_0_25,mcx_open_drive|india_morning|india_midday,1,12,0.08333333333333333,1.0,0.5217391304347826,0.008695652173913044,True
WTI_session,5,slight_escalation_strait_closure,DOWN_Q5_90_100|FLAT_Q3_50_75|UP_Q3_50_75,us_open|mcx_tail|other_valid_hours,1,12,0.08333333333333333,1.0,0.5217391304347826,0.008695652173913044,True
WTI_session,5,slight_escalation_strait_closure,DOWN_Q5_90_100|UP_Q2_25_50|UP_Q4_75_90,us_open|us_open|mcx_tail,1,12,0.08333333333333333,1.0,0.5217391304347826,0.008695652173913044,True
WTI_session,5,slight_escalation_strait_closure,DOWN_Q5_90_100|UP_Q3_50_75|UP_Q2_25_50,india_morning|india_midday|europe_midday,1,12,0.08333333333333333,1.0,0.5217391304347826,0.008695652173913044,True
WTI_session,5,slight_escalation_strait_closure,DOWN_Q5_90_100|UP_Q4_75_90|FLAT_Q1_0_25,us_pre_open|us_open|us_open,1,12,0.08333333333333333,1.0,0.5217391304347826,0.008695652173913044,True
WTI_session,5,slight_escalation_strait_closure,FLAT_Q1_0_25|DOWN_Q1_0_25|DOWN_Q3_50_75,europe_midday|us_pre_open|us_open,1,12,0.08333333333333333,1.0,0.5217391304347826,0.008695652173913044,True
WTI_session,5,slight_escalation_strait_closure,FLAT_Q1_0_25|DOWN_Q4_75_90|FLAT_Q2_25_50,us_open|us_open|mcx_tail,1,12,0.08333333333333333,1.0,0.5217391304347826,0.008695652173913044,True
WTI_session,5,slight_escalation_strait_closure,FLAT_Q1_0_25|FLAT_Q2_25_50|FLAT_Q1_0_25,global_reopen_pre_mcx|mcx_open_drive|india_morning,1,12,0.08333333333333333,1.0,0.5217391304347826,0.008695652173913044,True
WTI_session,5,slight_escalation_strait_closure,FLAT_Q1_0_25|FLAT_Q3_50_75|DOWN_Q4_75_90,mcx_open_drive|india_morning|india_midday,1,12,0.08333333333333333,1.0,0.5217391304347826,0.008695652173913044,True
WTI_session,5,slight_escalation_strait_closure,FLAT_Q1_0_25|UP_Q1_0_25|UP_Q4_75_90,india_midday|europe_midday|us_pre_open,1,12,0.08333333333333333,1.0,0.5217391304347826,0.008695652173913044,True
WTI_session,5,slight_escalation_strait_closure,FLAT_Q1_0_25|UP_Q5_90_100|UP_Q4_75_90,us_open|us_open|mcx_tail,1,12,0.08333333333333333,1.0,0.5217391304347826,0.008695652173913044,True
WTI_session,5,slight_escalation_strait_closure,FLAT_Q2_25_50|FLAT_Q3_50_75|DOWN_Q2_25_50,mcx_open_drive|india_morning|india_midday,1,12,0.08333333333333333,1.0,0.5217391304347826,0.008695652173913044,True
WTI_session,5,slight_escalation_strait_closure,FLAT_Q2_25_50|UP_Q4_75_90|DOWN_Q1_0_25,mcx_open_drive|india_morning|india_midday,1,12,0.08333333333333333,1.0,0.5217391304347826,0.008695652173913044,True
WTI_session,5,slight_escalation_strait_closure,FLAT_Q2_25_50|UP_Q5_90_100|FLAT_Q1_0_25,india_morning|india_midday|europe_midday,1,12,0.08333333333333333,1.0,0.5217391304347826,0.008695652173913044,True
WTI_session,5,slight_escalation_strait_closure,FLAT_Q3_50_75|DOWN_Q2_25_50|UP_Q3_50_75,india_morning|india_midday|europe_midday,1,12,0.08333333333333333,1.0,0.5217391304347826,0.008695652173913044,True
WTI_session,5,slight_escalation_strait_closure,FLAT_Q3_50_75|DOWN_Q4_75_90|UP_Q3_50_75,india_morning|india_midday|europe_midday,1,12,0.08333333333333333,1.0,0.5217391304347826,0.008695652173913044,True
WTI_session,5,slight_escalation_strait_closure,FLAT_Q3_50_75|FLAT_Q1_0_25|UP_Q1_0_25,india_morning|india_midday|europe_midday,1,12,0.08333333333333333,1.0,0.5217391304347826,0.008695652173913044,True
WTI_session,5,slight_escalation_strait_closure,UP_Q1_0_25|FLAT_Q1_0_25|DOWN_Q4_75_90,us_pre_open|us_open|us_open,1,12,0.08333333333333333,1.0,0.5217391304347826,0.008695652173913044,True
WTI_session,5,slight_escalation_strait_closure,UP_Q1_0_25|UP_Q4_75_90|UP_Q2_25_50,europe_midday|us_pre_open|us_open,1,12,0.08333333333333333,1.0,0.5217391304347826,0.008695652173913044,True
WTI_session,5,slight_escalation_strait_closure,UP_Q2_25_50|DOWN_Q2_25_50|UP_Q3_50_75,us_open|us_open|mcx_tail,1,12,0.08333333333333333,1.0,0.5217391304347826,0.008695652173913044,True
WTI_session,5,slight_escalation_strait_closure,UP_Q2_25_50|DOWN_Q5_90_100|UP_Q4_75_90,europe_midday|us_pre_open|us_open,1,12,0.08333333333333333,1.0,0.5217391304347826,0.008695652173913044,True
WTI_session,5,slight_escalation_strait_closure,UP_Q2_25_50|FLAT_Q1_0_25|UP_Q5_90_100,us_pre_open|us_open|us_open,1,12,0.08333333333333333,1.0,0.5217391304347826,0.008695652173913044,True
WTI_session,5,slight_escalation_strait_closure,UP_Q2_25_50|UP_Q4_75_90|DOWN_Q4_75_90,us_open|mcx_tail|other_valid_hours,1,12,0.08333333333333333,1.0,0.5217391304347826,0.008695652173913044,True
WTI_session,5,slight_escalation_strait_closure,UP_Q3_50_75|DOWN_Q1_0_25|DOWN_Q5_90_100,europe_midday|us_pre_open|us_open,1,12,0.08333333333333333,1.0,0.5217391304347826,0.008695652173913044,True
WTI_session,5,slight_escalation_strait_closure,UP_Q3_50_75|DOWN_Q4_75_90|UP_Q2_25_50,india_midday|europe_midday|us_pre_open,1,12,0.08333333333333333,1.0,0.5217391304347826,0.008695652173913044,True
WTI_session,5,slight_escalation_strait_closure,UP_Q3_50_75|FLAT_Q1_0_25|FLAT_Q1_0_25,us_open|us_open|mcx_tail,1,12,0.08333333333333333,1.0,0.5217391304347826,0.008695652173913044,True
WTI_session,5,slight_escalation_strait_closure,UP_Q3_50_75|UP_Q1_0_25|FLAT_Q1_0_25,europe_midday|us_pre_open|us_open,1,12,0.08333333333333333,1.0,0.5217391304347826,0.008695652173913044,True
WTI_session,5,slight_escalation_strait_closure,UP_Q3_50_75|UP_Q2_25_50|DOWN_Q5_90_100,india_midday|europe_midday|us_pre_open,1,12,0.08333333333333333,1.0,0.5217391304347826,0.008695652173913044,True
WTI_session,5,slight_escalation_strait_closure,UP_Q3_50_75|UP_Q5_90_100|DOWN_Q3_50_75,us_open|mcx_tail|other_valid_hours,1,12,0.08333333333333333,1.0,0.5217391304347826,0.008695652173913044,True
WTI_session,5,slight_escalation_strait_closure,UP_Q4_75_90|DOWN_Q1_0_25|DOWN_Q2_25_50,india_morning|india_midday|europe_midday,1,12,0.08333333333333333,1.0,0.5217391304347826,0.008695652173913044,True
WTI_session,5,slight_escalation_strait_closure,UP_Q4_75_90|DOWN_Q4_75_90|FLAT_Q1_0_25,mcx_open_drive|india_morning|india_midday,1,12,0.08333333333333333,1.0,0.5217391304347826,0.008695652173913044,True
WTI_session,5,slight_escalation_strait_closure,UP_Q4_75_90|UP_Q2_25_50|UP_Q3_50_75,us_pre_open|us_open|us_open,1,12,0.08333333333333333,1.0,0.5217391304347826,0.008695652173913044,True
WTI_session,5,slight_escalation_strait_closure,UP_Q5_90_100|DOWN_Q3_50_75|DOWN_Q3_50_75,europe_midday|us_pre_open|us_open,1,12,0.08333333333333333,1.0,0.5217391304347826,0.008695652173913044,True
WTI_session,5,slight_escalation_strait_closure,UP_Q5_90_100|FLAT_Q3_50_75|FLAT_Q1_0_25,mcx_open_drive|india_morning|india_midday,1,12,0.08333333333333333,1.0,0.5217391304347826,0.008695652173913044,True
WTI_session,5,slight_escalation_strait_closure,UP_Q5_90_100|UP_Q4_75_90|DOWN_Q1_0_25,us_open|mcx_tail|other_valid_hours,1,12,0.08333333333333333,1.0,0.5217391304347826,0.008695652173913044,True
BRENT_session,1,full_scale_war,DOWN_Q2_25_50|UP_Q4_75_90|DOWN_Q3_50_75,us_open|us_open|other_valid_hours,1,18,0.05555555555555555,0.5,0.6923076923076923,0.007692307692307692,True
BRENT_session,1,full_scale_war,DOWN_Q2_25_50|UP_Q4_75_90|UP_Q2_25_50,europe_midday|us_pre_open|us_open,1,18,0.05555555555555555,0.5,0.6923076923076923,0.007692307692307692,True
BRENT_session,1,full_scale_war,DOWN_Q3_50_75|DOWN_Q5_90_100|FLAT_Q1_0_25,us_pre_open|us_open|us_open,1,18,0.05555555555555555,0.5,0.6923076923076923,0.007692307692307692,True
BRENT_session,1,full_scale_war,DOWN_Q3_50_75|DOWN_Q5_90_100|UP_Q5_90_100,mcx_open_drive|india_morning|india_midday,1,18,0.05555555555555555,0.5,0.6923076923076923,0.007692307692307692,True
BRENT_session,1,full_scale_war,DOWN_Q3_50_75|UP_Q2_25_50|FLAT_Q1_0_25,us_pre_open|us_open|us_open,1,18,0.05555555555555555,0.5,0.6923076923076923,0.007692307692307692,True
BRENT_session,1,full_scale_war,DOWN_Q3_50_75|UP_Q2_25_50|UP_Q5_90_100,us_pre_open|us_open|us_open,1,18,0.05555555555555555,0.5,0.6923076923076923,0.007692307692307692,True
BRENT_session,1,full_scale_war,DOWN_Q3_50_75|UP_Q4_75_90|FLAT_Q2_25_50,global_reopen_pre_mcx|mcx_open_drive|india_morning,1,18,0.05555555555555555,0.5,0.6923076923076923,0.007692307692307692,True
BRENT_session,1,full_scale_war,DOWN_Q3_50_75|UP_Q4_75_90|UP_Q2_25_50,asia_early|us_late|europe_midday,1,18,0.05555555555555555,0.5,0.6923076923076923,0.007692307692307692,True
BRENT_session,1,full_scale_war,FLAT_Q1_0_25|DOWN_Q3_50_75|DOWN_Q3_50_75,us_late|europe_midday|us_pre_open,1,18,0.05555555555555555,0.5,0.6923076923076923,0.007692307692307692,True
BRENT_session,1,full_scale_war,FLAT_Q1_0_25|DOWN_Q3_50_75|UP_Q3_50_75,india_morning|india_midday|europe_midday,1,18,0.05555555555555555,0.5,0.6923076923076923,0.007692307692307692,True
BRENT_session,1,full_scale_war,FLAT_Q1_0_25|FLAT_Q2_25_50|DOWN_Q1_0_25,mcx_open_drive|india_morning|india_midday,1,18,0.05555555555555555,0.5,0.6923076923076923,0.007692307692307692,True
BRENT_session,1,full_scale_war,FLAT_Q1_0_25|FLAT_Q2_25_50|DOWN_Q5_90_100,asia_early|us_late|europe_midday,1,18,0.05555555555555555,0.5,0.6923076923076923,0.007692307692307692,True
BRENT_session,1,full_scale_war,FLAT_Q1_0_25|UP_Q3_50_75|FLAT_Q1_0_25,us_pre_open|us_open|us_open,1,18,0.05555555555555555,0.5,0.6923076923076923,0.007692307692307692,True
BRENT_session,1,full_scale_war,FLAT_Q1_0_25|UP_Q3_50_75|UP_Q2_25_50,asia_early|us_late|europe_midday,1,18,0.05555555555555555,0.5,0.6923076923076923,0.007692307692307692,True
BRENT_session,1,full_scale_war,UP_Q2_25_50|UP_Q3_50_75|FLAT_Q1_0_25,us_pre_open|us_open|us_open,1,18,0.05555555555555555,0.5,0.6923076923076923,0.007692307692307692,True
BRENT_session,1,full_scale_war,UP_Q2_25_50|UP_Q3_50_75|FLAT_Q2_25_50,us_open|us_open|mcx_tail,1,18,0.05555555555555555,0.5,0.6923076923076923,0.007692307692307692,True
BRENT_session,1,full_scale_war,UP_Q2_25_50|UP_Q5_90_100|DOWN_Q5_90_100,europe_midday|us_pre_open|us_open,1,18,0.05555555555555555,0.5,0.6923076923076923,0.007692307692307692,True
BRENT_session,1,full_scale_war,UP_Q2_25_50|UP_Q5_90_100|UP_Q2_25_50,us_open|us_open|other_valid_hours,1,18,0.05555555555555555,0.5,0.6923076923076923,0.007692307692307692,True
BRENT_session,1,full_scale_war,UP_Q3_50_75|DOWN_Q2_25_50|FLAT_Q1_0_25,europe_midday|us_pre_open|us_open,1,18,0.05555555555555555,0.5,0.6923076923076923,0.007692307692307692,True
BRENT_session,1,full_scale_war,UP_Q3_50_75|DOWN_Q2_25_50|UP_Q4_75_90,us_late|europe_midday|us_pre_open,1,18,0.05555555555555555,0.5,0.6923076923076923,0.007692307692307692,True
BRENT_session,1,full_scale_war,UP_Q4_75_90|UP_Q2_25_50|FLAT_Q1_0_25,us_pre_open|us_open|us_open,1,18,0.05555555555555555,0.5,0.6923076923076923,0.007692307692307692,True
BRENT_session,1,full_scale_war,UP_Q4_75_90|UP_Q2_25_50|UP_Q5_90_100,us_late|europe_midday|us_pre_open,1,18,0.05555555555555555,0.5,0.6923076923076923,0.007692307692307692,True
BRENT_session,1,full_scale_war,UP_Q5_90_100|DOWN_Q4_75_90|FLAT_Q1_0_25,india_midday|europe_midday|us_pre_open,1,18,0.05555555555555555,0.5,0.6923076923076923,0.007692307692307692,True
BRENT_session,1,full_scale_war,UP_Q5_90_100|DOWN_Q4_75_90|UP_Q2_25_50,us_late|europe_midday|us_pre_open,1,18,0.05555555555555555,0.5,0.6923076923076923,0.007692307692307692,True
BRENT_session,1,full_scale_war,UP_Q5_90_100|DOWN_Q5_90_100|FLAT_Q1_0_25,us_pre_open|us_open|us_open,1,18,0.05555555555555555,0.5,0.6923076923076923,0.007692307692307692,True
BRENT_session,1,full_scale_war,UP_Q5_90_100|DOWN_Q5_90_100|UP_Q1_0_25,asia_early|us_late|europe_midday,1,18,0.05555555555555555,0.5,0.6923076923076923,0.007692307692307692,True
WTI_session,1,full_scale_war,DOWN_Q2_25_50|DOWN_Q5_90_100|DOWN_Q2_25_50,us_open|mcx_tail|other_valid_hours,1,18,0.05555555555555555,0.5,0.6923076923076923,0.007692307692307692,True
WTI_session,1,full_scale_war,DOWN_Q2_25_50|DOWN_Q5_90_100|UP_Q5_90_100,mcx_open_drive|india_morning|india_midday,1,18,0.05555555555555555,0.5,0.6923076923076923,0.007692307692307692,True
WTI_session,1,full_scale_war,DOWN_Q2_25_50|UP_Q3_50_75|FLAT_Q1_0_25,us_late|europe_midday|us_pre_open,1,18,0.05555555555555555,0.5,0.6923076923076923,0.007692307692307692,True
WTI_session,1,full_scale_war,DOWN_Q2_25_50|UP_Q3_50_75|UP_Q4_75_90,us_open|us_open|mcx_tail,1,18,0.05555555555555555,0.5,0.6923076923076923,0.007692307692307692,True
WTI_session,1,full_scale_war,DOWN_Q3_50_75|UP_Q2_25_50|DOWN_Q3_50_75,us_late|europe_midday|us_pre_open,1,18,0.05555555555555555,0.5,0.6923076923076923,0.007692307692307692,True
WTI_session,1,full_scale_war,DOWN_Q3_50_75|UP_Q2_25_50|UP_Q3_50_75,us_pre_open|us_open|us_open,1,18,0.05555555555555555,0.5,0.6923076923076923,0.007692307692307692,True
WTI_session,1,full_scale_war,DOWN_Q3_50_75|UP_Q4_75_90|DOWN_Q4_75_90,asia_early|us_late|europe_midday,1,18,0.05555555555555555,0.5,0.6923076923076923,0.007692307692307692,True
WTI_session,1,full_scale_war,DOWN_Q3_50_75|UP_Q4_75_90|UP_Q2_25_50,europe_midday|us_pre_open|us_open,1,18,0.05555555555555555,0.5,0.6923076923076923,0.007692307692307692,True
WTI_session,1,full_scale_war,DOWN_Q4_75_90|UP_Q3_50_75|DOWN_Q4_75_90,us_pre_open|us_open|us_open,1,18,0.05555555555555555,0.5,0.6923076923076923,0.007692307692307692,True
WTI_session,1,full_scale_war,DOWN_Q4_75_90|UP_Q3_50_75|UP_Q4_75_90,europe_midday|us_pre_open|us_open,1,18,0.05555555555555555,0.5,0.6923076923076923,0.007692307692307692,True
WTI_session,1,full_scale_war,DOWN_Q5_90_100|DOWN_Q5_90_100|DOWN_Q5_90_100,europe_midday|us_pre_open|us_open,1,18,0.05555555555555555,0.5,0.6923076923076923,0.007692307692307692,True
WTI_session,1,full_scale_war,DOWN_Q5_90_100|DOWN_Q5_90_100|UP_Q5_90_100,us_pre_open|us_open|us_open,1,18,0.05555555555555555,0.5,0.6923076923076923,0.007692307692307692,True
WTI_session,1,full_scale_war,DOWN_Q5_90_100|FLAT_Q1_0_25|DOWN_Q4_75_90,asia_early|us_late|europe_midday,1,18,0.05555555555555555,0.5,0.6923076923076923,0.007692307692307692,True
WTI_session,1,full_scale_war,DOWN_Q5_90_100|FLAT_Q1_0_25|UP_Q2_25_50,us_late|europe_midday|us_pre_open,1,18,0.05555555555555555,0.5,0.6923076923076923,0.007692307692307692,True
WTI_session,1,full_scale_war,DOWN_Q5_90_100|UP_Q5_90_100|DOWN_Q3_50_75,india_morning|india_midday|europe_midday,1,18,0.05555555555555555,0.5,0.6923076923076923,0.007692307692307692,True
WTI_session,1,full_scale_war,DOWN_Q5_90_100|UP_Q5_90_100|DOWN_Q5_90_100,us_open|us_open|other_valid_hours,1,18,0.05555555555555555,0.5,0.6923076923076923,0.007692307692307692,True
WTI_session,1,full_scale_war,FLAT_Q1_0_25|DOWN_Q2_25_50|DOWN_Q5_90_100,us_open|us_open|mcx_tail,1,18,0.05555555555555555,0.5,0.6923076923076923,0.007692307692307692,True
WTI_session,1,full_scale_war,FLAT_Q1_0_25|DOWN_Q2_25_50|UP_Q3_50_75,us_pre_open|us_open|us_open,1,18,0.05555555555555555,0.5,0.6923076923076923,0.007692307692307692,True
WTI_session,1,full_scale_war,FLAT_Q1_0_25|DOWN_Q3_50_75|DOWN_Q2_25_50,us_pre_open|us_open|us_open,1,18,0.05555555555555555,0.5,0.6923076923076923,0.007692307692307692,True
WTI_session,1,full_scale_war,FLAT_Q1_0_25|DOWN_Q3_50_75|UP_Q4_75_90,us_late|europe_midday|us_pre_open,1,18,0.05555555555555555,0.5,0.6923076923076923,0.007692307692307692,True
WTI_session,1,full_scale_war,FLAT_Q1_0_25|DOWN_Q5_90_100|DOWN_Q5_90_100,us_late|europe_midday|us_pre_open,1,18,0.05555555555555555,0.5,0.6923076923076923,0.007692307692307692,True
WTI_session,1,full_scale_war,FLAT_Q1_0_25|DOWN_Q5_90_100|UP_Q4_75_90,us_pre_open|us_open|us_open,1,18,0.05555555555555555,0.5,0.6923076923076923,0.007692307692307692,True
WTI_session,1,full_scale_war,FLAT_Q1_0_25|FLAT_Q1_0_25|FLAT_Q1_0_25,india_morning|india_midday|europe_midday,1,18,0.05555555555555555,0.5,0.6923076923076923,0.007692307692307692,True
WTI_session,1,full_scale_war,FLAT_Q1_0_25|FLAT_Q1_0_25|UP_Q2_25_50,india_midday|europe_midday|us_pre_open,1,18,0.05555555555555555,0.5,0.6923076923076923,0.007692307692307692,True
WTI_session,1,full_scale_war,FLAT_Q1_0_25|UP_Q3_50_75|DOWN_Q3_50_75,india_morning|india_midday|europe_midday,1,18,0.05555555555555555,0.5,0.6923076923076923,0.007692307692307692,True
WTI_session,1,full_scale_war,FLAT_Q1_0_25|UP_Q3_50_75|UP_Q1_0_25,asia_early|us_late|europe_midday,1,18,0.05555555555555555,0.5,0.6923076923076923,0.007692307692307692,True
WTI_session,1,full_scale_war,UP_Q2_25_50|DOWN_Q3_50_75|UP_Q2_25_50,europe_midday|us_pre_open|us_open,1,18,0.05555555555555555,0.5,0.6923076923076923,0.007692307692307692,True
WTI_session,1,full_scale_war,UP_Q2_25_50|DOWN_Q3_50_75|UP_Q3_50_75,us_pre_open|us_open|us_open,1,18,0.05555555555555555,0.5,0.6923076923076923,0.007692307692307692,True
WTI_session,1,full_scale_war,UP_Q2_25_50|UP_Q3_50_75|UP_Q1_0_25,us_pre_open|us_open|us_open,1,18,0.05555555555555555,0.5,0.6923076923076923,0.007692307692307692,True
WTI_session,1,full_scale_war,UP_Q2_25_50|UP_Q3_50_75|UP_Q2_25_50,us_open|us_open|other_valid_hours,1,18,0.05555555555555555,0.5,0.6923076923076923,0.007692307692307692,True
WTI_session,1,full_scale_war,UP_Q3_50_75|UP_Q1_0_25|FLAT_Q2_25_50,us_open|us_open|mcx_tail,1,18,0.05555555555555555,0.5,0.6923076923076923,0.007692307692307692,True
WTI_session,1,full_scale_war,UP_Q3_50_75|UP_Q1_0_25|UP_Q3_50_75,us_late|europe_midday|us_pre_open,1,18,0.05555555555555555,0.5,0.6923076923076923,0.007692307692307692,True
WTI_session,1,full_scale_war,UP_Q4_75_90|DOWN_Q2_25_50|DOWN_Q3_50_75,us_open|us_open|other_valid_hours,1,18,0.05555555555555555,0.5,0.6923076923076923,0.007692307692307692,True
WTI_session,1,full_scale_war,UP_Q4_75_90|DOWN_Q2_25_50|UP_Q5_90_100,us_open|us_open|other_valid_hours,1,18,0.05555555555555555,0.5,0.6923076923076923,0.007692307692307692,True
WTI_session,1,full_scale_war,UP_Q4_75_90|FLAT_Q1_0_25|UP_Q2_25_50,asia_early|us_late|europe_midday,1,18,0.05555555555555555,0.5,0.6923076923076923,0.007692307692307692,True
WTI_session,1,full_scale_war,UP_Q4_75_90|FLAT_Q1_0_25|UP_Q5_90_100,us_late|europe_midday|us_pre_open,1,18,0.05555555555555555,0.5,0.6923076923076923,0.007692307692307692,True
WTI_session,1,full_scale_war,UP_Q4_75_90|UP_Q2_25_50|DOWN_Q3_50_75,europe_midday|us_pre_open|us_open,1,18,0.05555555555555555,0.5,0.6923076923076923,0.007692307692307692,True
WTI_session,1,full_scale_war,UP_Q4_75_90|UP_Q2_25_50|UP_Q4_75_90,us_pre_open|us_open|us_open,1,18,0.05555555555555555,0.5,0.6923076923076923,0.007692307692307692,True
WTI_session,1,full_scale_war,UP_Q4_75_90|UP_Q3_50_75|UP_Q3_50_75,us_open|us_open|other_valid_hours,1,18,0.05555555555555555,0.5,0.6923076923076923,0.007692307692307692,True
WTI_session,1,full_scale_war,UP_Q4_75_90|UP_Q3_50_75|UP_Q4_75_90,india_morning|india_midday|europe_midday,1,18,0.05555555555555555,0.5,0.6923076923076923,0.007692307692307692,True
BRENT_session,10,second_deescalation_active_negotiation_hormuz_deal,DOWN_Q1_0_25|FLAT_Q1_0_25|DOWN_Q2_25_50,india_midday|europe_midday|us_pre_open,1,14,0.07142857142857142,1.0,0.5185185185185185,0.007407407407407408,True
BRENT_session,10,second_deescalation_active_negotiation_hormuz_deal,DOWN_Q1_0_25|UP_Q2_25_50|UP_Q2_25_50,europe_midday|us_pre_open|us_open,1,14,0.07142857142857142,1.0,0.5185185185185185,0.007407407407407408,True
BRENT_session,10,second_deescalation_active_negotiation_hormuz_deal,DOWN_Q2_25_50|DOWN_Q1_0_25|UP_Q2_25_50,india_midday|europe_midday|us_pre_open,1,14,0.07142857142857142,1.0,0.5185185185185185,0.007407407407407408,True
BRENT_session,10,second_deescalation_active_negotiation_hormuz_deal,DOWN_Q2_25_50|DOWN_Q3_50_75|FLAT_Q1_0_25,us_open|us_open|mcx_tail,1,14,0.07142857142857142,1.0,0.5185185185185185,0.007407407407407408,True
BRENT_session,10,second_deescalation_active_negotiation_hormuz_deal,DOWN_Q2_25_50|UP_Q3_50_75|UP_Q4_75_90,europe_midday|us_pre_open|us_open,1,14,0.07142857142857142,1.0,0.5185185185185185,0.007407407407407408,True
BRENT_session,10,second_deescalation_active_negotiation_hormuz_deal,DOWN_Q2_25_50|UP_Q4_75_90|DOWN_Q3_50_75,us_pre_open|us_open|us_open,1,14,0.07142857142857142,1.0,0.5185185185185185,0.007407407407407408,True
BRENT_session,10,second_deescalation_active_negotiation_hormuz_deal,DOWN_Q2_25_50|UP_Q5_90_100|FLAT_Q1_0_25,us_open|mcx_tail|other_valid_hours,1,14,0.07142857142857142,1.0,0.5185185185185185,0.007407407407407408,True
BRENT_session,10,second_deescalation_active_negotiation_hormuz_deal,DOWN_Q3_50_75|DOWN_Q1_0_25|UP_Q3_50_75,us_open|mcx_tail|other_valid_hours,1,14,0.07142857142857142,1.0,0.5185185185185185,0.007407407407407408,True
BRENT_session,10,second_deescalation_active_negotiation_hormuz_deal,DOWN_Q3_50_75|DOWN_Q2_25_50|UP_Q3_50_75,india_midday|europe_midday|us_pre_open,1,14,0.07142857142857142,1.0,0.5185185185185185,0.007407407407407408,True
BRENT_session,10,second_deescalation_active_negotiation_hormuz_deal,DOWN_Q3_50_75|DOWN_Q3_50_75|DOWN_Q2_25_50,india_morning|india_midday|europe_midday,1,14,0.07142857142857142,1.0,0.5185185185185185,0.007407407407407408,True
BRENT_session,10,second_deescalation_active_negotiation_hormuz_deal,DOWN_Q3_50_75|DOWN_Q4_75_90|UP_Q3_50_75,mcx_open_drive|india_morning|india_midday,1,14,0.07142857142857142,1.0,0.5185185185185185,0.007407407407407408,True
BRENT_session,10,second_deescalation_active_negotiation_hormuz_deal,DOWN_Q3_50_75|DOWN_Q5_90_100|FLAT_Q1_0_25,europe_midday|us_pre_open|us_open,1,14,0.07142857142857142,1.0,0.5185185185185185,0.007407407407407408,True
BRENT_session,10,second_deescalation_active_negotiation_hormuz_deal,DOWN_Q3_50_75|UP_Q2_25_50|DOWN_Q3_50_75,us_open|mcx_tail|other_valid_hours,1,14,0.07142857142857142,1.0,0.5185185185185185,0.007407407407407408,True
BRENT_session,10,second_deescalation_active_negotiation_hormuz_deal,DOWN_Q3_50_75|UP_Q4_75_90|FLAT_Q2_25_50,global_reopen_pre_mcx|mcx_open_drive|india_morning,1,14,0.07142857142857142,1.0,0.5185185185185185,0.007407407407407408,True
BRENT_session,10,second_deescalation_active_negotiation_hormuz_deal,DOWN_Q4_75_90|DOWN_Q2_25_50|UP_Q2_25_50,us_pre_open|us_open|us_open,1,14,0.07142857142857142,1.0,0.5185185185185185,0.007407407407407408,True
BRENT_session,10,second_deescalation_active_negotiation_hormuz_deal,DOWN_Q4_75_90|UP_Q2_25_50|UP_Q3_50_75,europe_midday|us_pre_open|us_open,1,14,0.07142857142857142,1.0,0.5185185185185185,0.007407407407407408,True
BRENT_session,10,second_deescalation_active_negotiation_hormuz_deal,DOWN_Q4_75_90|UP_Q4_75_90|DOWN_Q5_90_100,india_morning|india_midday|europe_midday,1,14,0.07142857142857142,1.0,0.5185185185185185,0.007407407407407408,True
BRENT_session,10,second_deescalation_active_negotiation_hormuz_deal,DOWN_Q5_90_100|DOWN_Q2_25_50|DOWN_Q2_25_50,europe_midday|us_pre_open|us_open,1,14,0.07142857142857142,1.0,0.5185185185185185,0.007407407407407408,True
BRENT_session,10,second_deescalation_active_negotiation_hormuz_deal,DOWN_Q5_90_100|FLAT_Q1_0_25|DOWN_Q2_25_50,us_pre_open|us_open|us_open,1,14,0.07142857142857142,1.0,0.5185185185185185,0.007407407407407408,True
BRENT_session,10,second_deescalation_active_negotiation_hormuz_deal,FLAT_Q1_0_25|DOWN_Q1_0_25|FLAT_Q1_0_25,india_morning|india_midday|europe_midday,1,14,0.07142857142857142,1.0,0.5185185185185185,0.007407407407407408,True
BRENT_session,10,second_deescalation_active_negotiation_hormuz_deal,FLAT_Q1_0_25|DOWN_Q3_50_75|FLAT_Q1_0_25,global_reopen_pre_mcx|mcx_open_drive|india_morning,1,14,0.07142857142857142,1.0,0.5185185185185185,0.007407407407407408,True
BRENT_session,10,second_deescalation_active_negotiation_hormuz_deal,FLAT_Q1_0_25|DOWN_Q4_75_90|DOWN_Q3_50_75,europe_midday|us_pre_open|us_open,1,14,0.07142857142857142,1.0,0.5185185185185185,0.007407407407407408,True
BRENT_session,10,second_deescalation_active_negotiation_hormuz_deal,FLAT_Q1_0_25|DOWN_Q5_90_100|FLAT_Q2_25_50,us_open|mcx_tail|other_valid_hours,1,14,0.07142857142857142,1.0,0.5185185185185185,0.007407407407407408,True
BRENT_session,10,second_deescalation_active_negotiation_hormuz_deal,FLAT_Q1_0_25|UP_Q1_0_25|DOWN_Q2_25_50,india_morning|india_midday|europe_midday,1,14,0.07142857142857142,1.0,0.5185185185185185,0.007407407407407408,True
BRENT_session,10,second_deescalation_active_negotiation_hormuz_deal,FLAT_Q1_0_25|UP_Q4_75_90|UP_Q4_75_90,india_midday|europe_midday|us_pre_open,1,14,0.07142857142857142,1.0,0.5185185185185185,0.007407407407407408,True
BRENT_session,10,second_deescalation_active_negotiation_hormuz_deal,FLAT_Q2_25_50|DOWN_Q4_75_90|UP_Q3_50_75,global_reopen_pre_mcx|mcx_open_drive|india_morning,1,14,0.07142857142857142,1.0,0.5185185185185185,0.007407407407407408,True
BRENT_session,10,second_deescalation_active_negotiation_hormuz_deal,FLAT_Q2_25_50|UP_Q3_50_75|DOWN_Q3_50_75,global_reopen_pre_mcx|mcx_open_drive|india_morning,1,14,0.07142857142857142,1.0,0.5185185185185185,0.007407407407407408,True
BRENT_session,10,second_deescalation_active_negotiation_hormuz_deal,FLAT_Q2_25_50|UP_Q5_90_100|DOWN_Q3_50_75,india_morning|india_midday|europe_midday,1,14,0.07142857142857142,1.0,0.5185185185185185,0.007407407407407408,True
BRENT_session,10,second_deescalation_active_negotiation_hormuz_deal,UP_Q1_0_25|DOWN_Q2_25_50|FLAT_Q1_0_25,india_midday|europe_midday|us_pre_open,1,14,0.07142857142857142,1.0,0.5185185185185185,0.007407407407407408,True
BRENT_session,10,second_deescalation_active_negotiation_hormuz_deal,UP_Q2_25_50|DOWN_Q2_25_50|FLAT_Q1_0_25,europe_midday|us_pre_open|us_open,1,14,0.07142857142857142,1.0,0.5185185185185185,0.007407407407407408,True
BRENT_session,10,second_deescalation_active_negotiation_hormuz_deal,UP_Q2_25_50|DOWN_Q4_75_90|UP_Q2_25_50,india_midday|europe_midday|us_pre_open,1,14,0.07142857142857142,1.0,0.5185185185185185,0.007407407407407408,True
BRENT_session,10,second_deescalation_active_negotiation_hormuz_deal,UP_Q2_25_50|UP_Q4_75_90|UP_Q1_0_25,india_morning|india_midday|europe_midday,1,14,0.07142857142857142,1.0,0.5185185185185185,0.007407407407407408,True
BRENT_session,10,second_deescalation_active_negotiation_hormuz_deal,UP_Q3_50_75|DOWN_Q2_25_50|FLAT_Q1_0_25,global_reopen_pre_mcx|mcx_open_drive|india_morning,1,14,0.07142857142857142,1.0,0.5185185185185185,0.007407407407407408,True
BRENT_session,10,second_deescalation_active_negotiation_hormuz_deal,UP_Q3_50_75|DOWN_Q4_75_90|UP_Q4_75_90,mcx_open_drive|india_morning|india_midday,1,14,0.07142857142857142,1.0,0.5185185185185185,0.007407407407407408,True
BRENT_session,10,second_deescalation_active_negotiation_hormuz_deal,UP_Q3_50_75|FLAT_Q2_25_50|FLAT_Q1_0_25,global_reopen_pre_mcx|mcx_open_drive|india_morning,1,14,0.07142857142857142,1.0,0.5185185185185185,0.007407407407407408,True
BRENT_session,10,second_deescalation_active_negotiation_hormuz_deal,UP_Q3_50_75|UP_Q5_90_100|UP_Q2_25_50,us_pre_open|us_open|us_open,1,14,0.07142857142857142,1.0,0.5185185185185185,0.007407407407407408,True
BRENT_session,10,second_deescalation_active_negotiation_hormuz_deal,UP_Q4_75_90|DOWN_Q5_90_100|DOWN_Q2_25_50,india_midday|europe_midday|us_pre_open,1,14,0.07142857142857142,1.0,0.5185185185185185,0.007407407407407408,True
BRENT_session,10,second_deescalation_active_negotiation_hormuz_deal,UP_Q4_75_90|FLAT_Q1_0_25|UP_Q2_25_50,us_open|us_open|mcx_tail,1,14,0.07142857142857142,1.0,0.5185185185185185,0.007407407407407408,True
BRENT_session,10,second_deescalation_active_negotiation_hormuz_deal,UP_Q4_75_90|FLAT_Q2_25_50|UP_Q5_90_100,mcx_open_drive|india_morning|india_midday,1,14,0.07142857142857142,1.0,0.5185185185185185,0.007407407407407408,True
BRENT_session,10,second_deescalation_active_negotiation_hormuz_deal,UP_Q4_75_90|UP_Q1_0_25|DOWN_Q4_75_90,india_midday|europe_midday|us_pre_open,1,14,0.07142857142857142,1.0,0.5185185185185185,0.007407407407407408,True
BRENT_session,10,second_deescalation_active_negotiation_hormuz_deal,UP_Q4_75_90|UP_Q4_75_90|UP_Q5_90_100,europe_midday|us_pre_open|us_open,1,14,0.07142857142857142,1.0,0.5185185185185185,0.007407407407407408,True
BRENT_session,10,second_deescalation_active_negotiation_hormuz_deal,UP_Q4_75_90|UP_Q5_90_100|UP_Q3_50_75,us_pre_open|us_open|us_open,1,14,0.07142857142857142,1.0,0.5185185185185185,0.007407407407407408,True
BRENT_session,10,second_deescalation_active_negotiation_hormuz_deal,UP_Q5_90_100|DOWN_Q3_50_75|DOWN_Q5_90_100,india_midday|europe_midday|us_pre_open,1,14,0.07142857142857142,1.0,0.5185185185185185,0.007407407407407408,True
BRENT_session,10,second_deescalation_active_negotiation_hormuz_deal,UP_Q5_90_100|DOWN_Q4_75_90|FLAT_Q1_0_25,us_open|mcx_tail|other_valid_hours,1,14,0.07142857142857142,1.0,0.5185185185185185,0.007407407407407408,True
BRENT_session,10,second_deescalation_active_negotiation_hormuz_deal,UP_Q5_90_100|FLAT_Q1_0_25|UP_Q3_50_75,us_open|us_open|mcx_tail,1,14,0.07142857142857142,1.0,0.5185185185185185,0.007407407407407408,True
WTI_session,10,second_deescalation_active_negotiation_hormuz_deal,DOWN_Q1_0_25|DOWN_Q3_50_75|DOWN_Q4_75_90,europe_midday|us_pre_open|us_open,1,14,0.07142857142857142,1.0,0.5185185185185185,0.007407407407407408,True
WTI_session,10,second_deescalation_active_negotiation_hormuz_deal,DOWN_Q1_0_25|FLAT_Q1_0_25|UP_Q3_50_75,europe_midday|us_pre_open|us_open,1,14,0.07142857142857142,1.0,0.5185185185185185,0.007407407407407408,True
WTI_session,10,second_deescalation_active_negotiation_hormuz_deal,DOWN_Q2_25_50|DOWN_Q5_90_100|FLAT_Q1_0_25,europe_midday|us_pre_open|us_open,1,14,0.07142857142857142,1.0,0.5185185185185185,0.007407407407407408,True
WTI_session,10,second_deescalation_active_negotiation_hormuz_deal,DOWN_Q2_25_50|FLAT_Q1_0_25|DOWN_Q2_25_50,us_pre_open|us_open|us_open,1,14,0.07142857142857142,1.0,0.5185185185185185,0.007407407407407408,True
WTI_session,10,second_deescalation_active_negotiation_hormuz_deal,DOWN_Q2_25_50|UP_Q4_75_90|FLAT_Q1_0_25,europe_midday|us_pre_open|us_open,1,14,0.07142857142857142,1.0,0.5185185185185185,0.007407407407407408,True
WTI_session,10,second_deescalation_active_negotiation_hormuz_deal,DOWN_Q3_50_75|DOWN_Q1_0_25|DOWN_Q3_50_75,india_midday|europe_midday|us_pre_open,1,14,0.07142857142857142,1.0,0.5185185185185185,0.007407407407407408,True
WTI_session,10,second_deescalation_active_negotiation_hormuz_deal,DOWN_Q3_50_75|DOWN_Q2_25_50|DOWN_Q2_25_50,india_morning|india_midday|europe_midday,1,14,0.07142857142857142,1.0,0.5185185185185185,0.007407407407407408,True
WTI_session,10,second_deescalation_active_negotiation_hormuz_deal,DOWN_Q3_50_75|DOWN_Q4_75_90|UP_Q5_90_100,us_pre_open|us_open|us_open,1,14,0.07142857142857142,1.0,0.5185185185185185,0.007407407407407408,True
WTI_session,10,second_deescalation_active_negotiation_hormuz_deal,DOWN_Q3_50_75|UP_Q3_50_75|DOWN_Q4_75_90,india_morning|india_midday|europe_midday,1,14,0.07142857142857142,1.0,0.5185185185185185,0.007407407407407408,True
WTI_session,10,second_deescalation_active_negotiation_hormuz_deal,DOWN_Q3_50_75|UP_Q5_90_100|DOWN_Q2_25_50,global_reopen_pre_mcx|mcx_open_drive|india_morning,1,14,0.07142857142857142,1.0,0.5185185185185185,0.007407407407407408,True
WTI_session,10,second_deescalation_active_negotiation_hormuz_deal,DOWN_Q4_75_90|DOWN_Q2_25_50|DOWN_Q3_50_75,global_reopen_pre_mcx|mcx_open_drive|india_morning,1,14,0.07142857142857142,1.0,0.5185185185185185,0.007407407407407408,True
WTI_session,10,second_deescalation_active_negotiation_hormuz_deal,DOWN_Q4_75_90|DOWN_Q3_50_75|UP_Q3_50_75,mcx_open_drive|india_morning|india_midday,1,14,0.07142857142857142,1.0,0.5185185185185185,0.007407407407407408,True
WTI_session,10,second_deescalation_active_negotiation_hormuz_deal,DOWN_Q4_75_90|FLAT_Q2_25_50|FLAT_Q1_0_25,europe_midday|us_pre_open|us_open,1,14,0.07142857142857142,1.0,0.5185185185185185,0.007407407407407408,True
WTI_session,10,second_deescalation_active_negotiation_hormuz_deal,DOWN_Q4_75_90|UP_Q3_50_75|FLAT_Q1_0_25,mcx_open_drive|india_morning|india_midday,1,14,0.07142857142857142,1.0,0.5185185185185185,0.007407407407407408,True
WTI_session,10,second_deescalation_active_negotiation_hormuz_deal,DOWN_Q4_75_90|UP_Q4_75_90|DOWN_Q5_90_100,india_morning|india_midday|europe_midday,1,14,0.07142857142857142,1.0,0.5185185185185185,0.007407407407407408,True
WTI_session,10,second_deescalation_active_negotiation_hormuz_deal,DOWN_Q5_90_100|DOWN_Q2_25_50|FLAT_Q1_0_25,europe_midday|us_pre_open|us_open,1,14,0.07142857142857142,1.0,0.5185185185185185,0.007407407407407408,True
WTI_session,10,second_deescalation_active_negotiation_hormuz_deal,DOWN_Q5_90_100|DOWN_Q4_75_90|DOWN_Q3_50_75,global_reopen_pre_mcx|mcx_open_drive|india_morning,1,14,0.07142857142857142,1.0,0.5185185185185185,0.007407407407407408,True
WTI_session,10,second_deescalation_active_negotiation_hormuz_deal,DOWN_Q5_90_100|UP_Q3_50_75|FLAT_Q1_0_25,us_pre_open|us_open|us_open,1,14,0.07142857142857142,1.0,0.5185185185185185,0.007407407407407408,True
WTI_session,10,second_deescalation_active_negotiation_hormuz_deal,FLAT_Q1_0_25|DOWN_Q5_90_100|FLAT_Q2_25_50,us_open|mcx_tail|other_valid_hours,1,14,0.07142857142857142,1.0,0.5185185185185185,0.007407407407407408,True
WTI_session,10,second_deescalation_active_negotiation_hormuz_deal,FLAT_Q1_0_25|FLAT_Q2_25_50|UP_Q2_25_50,global_reopen_pre_mcx|mcx_open_drive|india_morning,1,14,0.07142857142857142,1.0,0.5185185185185185,0.007407407407407408,True
WTI_session,10,second_deescalation_active_negotiation_hormuz_deal,FLAT_Q1_0_25|UP_Q1_0_25|DOWN_Q1_0_25,india_morning|india_midday|europe_midday,1,14,0.07142857142857142,1.0,0.5185185185185185,0.007407407407407408,True
WTI_session,10,second_deescalation_active_negotiation_hormuz_deal,FLAT_Q1_0_25|UP_Q5_90_100|UP_Q2_25_50,mcx_open_drive|india_morning|india_midday,1,14,0.07142857142857142,1.0,0.5185185185185185,0.007407407407407408,True
WTI_session,10,second_deescalation_active_negotiation_hormuz_deal,FLAT_Q2_25_50|DOWN_Q4_75_90|UP_Q3_50_75,global_reopen_pre_mcx|mcx_open_drive|india_morning,1,14,0.07142857142857142,1.0,0.5185185185185185,0.007407407407407408,True
WTI_session,10,second_deescalation_active_negotiation_hormuz_deal,FLAT_Q2_25_50|UP_Q5_90_100|DOWN_Q2_25_50,india_morning|india_midday|europe_midday,1,14,0.07142857142857142,1.0,0.5185185185185185,0.007407407407407408,True
WTI_session,10,second_deescalation_active_negotiation_hormuz_deal,UP_Q1_0_25|DOWN_Q1_0_25|FLAT_Q1_0_25,india_midday|europe_midday|us_pre_open,1,14,0.07142857142857142,1.0,0.5185185185185185,0.007407407407407408,True
WTI_session,10,second_deescalation_active_negotiation_hormuz_deal,UP_Q2_25_50|DOWN_Q3_50_75|DOWN_Q2_25_50,mcx_open_drive|india_morning|india_midday,1,14,0.07142857142857142,1.0,0.5185185185185185,0.007407407407407408,True
WTI_session,10,second_deescalation_active_negotiation_hormuz_deal,UP_Q2_25_50|FLAT_Q1_0_25|FLAT_Q2_25_50,us_open|mcx_tail|other_valid_hours,1,14,0.07142857142857142,1.0,0.5185185185185185,0.007407407407407408,True
WTI_session,10,second_deescalation_active_negotiation_hormuz_deal,UP_Q2_25_50|UP_Q4_75_90|UP_Q4_75_90,us_open|us_open|mcx_tail,1,14,0.07142857142857142,1.0,0.5185185185185185,0.007407407407407408,True
WTI_session,10,second_deescalation_active_negotiation_hormuz_deal,UP_Q3_50_75|FLAT_Q2_25_50|FLAT_Q1_0_25,global_reopen_pre_mcx|mcx_open_drive|india_morning,1,14,0.07142857142857142,1.0,0.5185185185185185,0.007407407407407408,True
WTI_session,10,second_deescalation_active_negotiation_hormuz_deal,UP_Q3_50_75|UP_Q4_75_90|DOWN_Q3_50_75,us_open|us_open|mcx_tail,1,14,0.07142857142857142,1.0,0.5185185185185185,0.007407407407407408,True
WTI_session,10,second_deescalation_active_negotiation_hormuz_deal,UP_Q4_75_90|DOWN_Q5_90_100|DOWN_Q2_25_50,india_midday|europe_midday|us_pre_open,1,14,0.07142857142857142,1.0,0.5185185185185185,0.007407407407407408,True
WTI_session,10,second_deescalation_active_negotiation_hormuz_deal,UP_Q4_75_90|UP_Q2_25_50|DOWN_Q3_50_75,us_open|mcx_tail|other_valid_hours,1,14,0.07142857142857142,1.0,0.5185185185185185,0.007407407407407408,True
WTI_session,10,second_deescalation_active_negotiation_hormuz_deal,UP_Q4_75_90|UP_Q3_50_75|UP_Q3_50_75,india_midday|europe_midday|us_pre_open,1,14,0.07142857142857142,1.0,0.5185185185185185,0.007407407407407408,True
WTI_session,10,second_deescalation_active_negotiation_hormuz_deal,UP_Q4_75_90|UP_Q4_75_90|FLAT_Q2_25_50,us_open|mcx_tail|other_valid_hours,1,14,0.07142857142857142,1.0,0.5185185185185185,0.007407407407407408,True
WTI_session,10,second_deescalation_active_negotiation_hormuz_deal,UP_Q5_90_100|DOWN_Q4_75_90|FLAT_Q1_0_25,us_open|mcx_tail|other_valid_hours,1,14,0.07142857142857142,1.0,0.5185185185185185,0.007407407407407408,True
WTI_session,10,second_deescalation_active_negotiation_hormuz_deal,UP_Q5_90_100|FLAT_Q2_25_50|UP_Q5_90_100,mcx_open_drive|india_morning|india_midday,1,14,0.07142857142857142,1.0,0.5185185185185185,0.007407407407407408,True
BRENT_session,1,full_scale_war,DOWN_Q1_0_25|DOWN_Q3_50_75|DOWN_Q5_90_100,europe_midday|us_pre_open|us_open,1,18,0.05555555555555555,1.0,0.5142857142857143,0.005714285714285715,True
BRENT_session,1,full_scale_war,DOWN_Q1_0_25|FLAT_Q1_0_25|FLAT_Q1_0_25,india_midday|europe_midday|us_pre_open,1,18,0.05555555555555555,1.0,0.5142857142857143,0.005714285714285715,True
BRENT_session,1,full_scale_war,DOWN_Q1_0_25|UP_Q3_50_75|FLAT_Q2_25_50,global_reopen_pre_mcx|mcx_open_drive|india_morning,1,18,0.05555555555555555,1.0,0.5142857142857143,0.005714285714285715,True
BRENT_session,1,full_scale_war,DOWN_Q3_50_75|DOWN_Q2_25_50|UP_Q3_50_75,us_pre_open|us_open|us_open,1,18,0.05555555555555555,1.0,0.5142857142857143,0.005714285714285715,True
BRENT_session,1,full_scale_war,DOWN_Q3_50_75|DOWN_Q3_50_75|UP_Q2_25_50,europe_midday|us_pre_open|us_open,1,18,0.05555555555555555,1.0,0.5142857142857143,0.005714285714285715,True
BRENT_session,1,full_scale_war,DOWN_Q3_50_75|UP_Q3_50_75|FLAT_Q2_25_50,india_midday|europe_midday|us_pre_open,1,18,0.05555555555555555,1.0,0.5142857142857143,0.005714285714285715,True
BRENT_session,1,full_scale_war,DOWN_Q3_50_75|UP_Q5_90_100|DOWN_Q4_75_90,asia_early|us_late|europe_midday,1,18,0.05555555555555555,1.0,0.5142857142857143,0.005714285714285715,True
BRENT_session,1,full_scale_war,DOWN_Q4_75_90|FLAT_Q1_0_25|UP_Q2_25_50,europe_midday|us_pre_open|us_open,1,18,0.05555555555555555,1.0,0.5142857142857143,0.005714285714285715,True
BRENT_session,1,full_scale_war,DOWN_Q4_75_90|UP_Q2_25_50|UP_Q3_50_75,europe_midday|us_pre_open|us_open,1,18,0.05555555555555555,1.0,0.5142857142857143,0.005714285714285715,True
BRENT_session,1,full_scale_war,DOWN_Q5_90_100|UP_Q1_0_25|UP_Q2_25_50,us_late|europe_midday|us_pre_open,1,18,0.05555555555555555,1.0,0.5142857142857143,0.005714285714285715,True
BRENT_session,1,full_scale_war,DOWN_Q5_90_100|UP_Q2_25_50|DOWN_Q3_50_75,us_open|us_open|mcx_tail,1,18,0.05555555555555555,1.0,0.5142857142857143,0.005714285714285715,True
BRENT_session,1,full_scale_war,DOWN_Q5_90_100|UP_Q3_50_75|UP_Q3_50_75,europe_midday|us_pre_open|us_open,1,18,0.05555555555555555,1.0,0.5142857142857143,0.005714285714285715,True
BRENT_session,1,full_scale_war,DOWN_Q5_90_100|UP_Q4_75_90|DOWN_Q5_90_100,us_open|us_open|other_valid_hours,1,18,0.05555555555555555,1.0,0.5142857142857143,0.005714285714285715,True
BRENT_session,1,full_scale_war,DOWN_Q5_90_100|UP_Q5_90_100|DOWN_Q4_75_90,india_morning|india_midday|europe_midday,1,18,0.05555555555555555,1.0,0.5142857142857143,0.005714285714285715,True
BRENT_session,1,full_scale_war,FLAT_Q1_0_25|DOWN_Q1_0_25|DOWN_Q3_50_75,us_late|europe_midday|us_pre_open,1,18,0.05555555555555555,1.0,0.5142857142857143,0.005714285714285715,True
BRENT_session,1,full_scale_war,FLAT_Q2_25_50|DOWN_Q1_0_25|FLAT_Q1_0_25,india_morning|india_midday|europe_midday,1,18,0.05555555555555555,1.0,0.5142857142857143,0.005714285714285715,True
BRENT_session,1,full_scale_war,FLAT_Q2_25_50|DOWN_Q2_25_50|FLAT_Q1_0_25,india_morning|india_midday|europe_midday,1,18,0.05555555555555555,1.0,0.5142857142857143,0.005714285714285715,True
BRENT_session,1,full_scale_war,FLAT_Q2_25_50|DOWN_Q5_90_100|FLAT_Q1_0_25,us_late|europe_midday|us_pre_open,1,18,0.05555555555555555,1.0,0.5142857142857143,0.005714285714285715,True
BRENT_session,1,full_scale_war,FLAT_Q2_25_50|FLAT_Q1_0_25|FLAT_Q1_0_25,us_pre_open|us_open|us_open,1,18,0.05555555555555555,1.0,0.5142857142857143,0.005714285714285715,True
BRENT_session,1,full_scale_war,FLAT_Q2_25_50|UP_Q2_25_50|DOWN_Q2_25_50,india_morning|india_midday|europe_midday,1,18,0.05555555555555555,1.0,0.5142857142857143,0.005714285714285715,True
BRENT_session,1,full_scale_war,UP_Q1_0_25|FLAT_Q1_0_25|FLAT_Q2_25_50,global_reopen_pre_mcx|mcx_open_drive|india_morning,1,18,0.05555555555555555,1.0,0.5142857142857143,0.005714285714285715,True
BRENT_session,1,full_scale_war,UP_Q1_0_25|UP_Q2_25_50|DOWN_Q2_25_50,europe_midday|us_pre_open|us_open,1,18,0.05555555555555555,1.0,0.5142857142857143,0.005714285714285715,True
BRENT_session,1,full_scale_war,UP_Q2_25_50|DOWN_Q5_90_100|UP_Q3_50_75,us_late|europe_midday|us_pre_open,1,18,0.05555555555555555,1.0,0.5142857142857143,0.005714285714285715,True
BRENT_session,1,full_scale_war,UP_Q3_50_75|UP_Q4_75_90|DOWN_Q3_50_75,europe_midday|us_pre_open|us_open,1,18,0.05555555555555555,1.0,0.5142857142857143,0.005714285714285715,True
BRENT_session,1,full_scale_war,UP_Q4_75_90|DOWN_Q3_50_75|FLAT_Q1_0_25,us_pre_open|us_open|us_open,1,18,0.05555555555555555,1.0,0.5142857142857143,0.005714285714285715,True
BRENT_session,1,full_scale_war,UP_Q4_75_90|FLAT_Q2_25_50|UP_Q2_25_50,mcx_open_drive|india_morning|india_midday,1,18,0.05555555555555555,1.0,0.5142857142857143,0.005714285714285715,True
BRENT_session,1,full_scale_war,UP_Q5_90_100|UP_Q3_50_75|UP_Q2_25_50,mcx_open_drive|india_morning|india_midday,1,18,0.05555555555555555,1.0,0.5142857142857143,0.005714285714285715,True
BRENT_session,1,full_scale_war,UP_Q5_90_100|UP_Q5_90_100|UP_Q3_50_75,global_reopen_pre_mcx|mcx_open_drive|india_morning,1,18,0.05555555555555555,1.0,0.5142857142857143,0.005714285714285715,True
WTI_session,1,full_scale_war,DOWN_Q1_0_25|FLAT_Q2_25_50|FLAT_Q3_50_75,global_reopen_pre_mcx|mcx_open_drive|india_morning,1,18,0.05555555555555555,1.0,0.5142857142857143,0.005714285714285715,True
WTI_session,1,full_scale_war,DOWN_Q1_0_25|UP_Q3_50_75|UP_Q3_50_75,europe_midday|us_pre_open|us_open,1,18,0.05555555555555555,1.0,0.5142857142857143,0.005714285714285715,True
WTI_session,1,full_scale_war,DOWN_Q2_25_50|FLAT_Q1_0_25|DOWN_Q3_50_75,asia_early|us_late|europe_midday,1,18,0.05555555555555555,1.0,0.5142857142857143,0.005714285714285715,True
WTI_session,1,full_scale_war,DOWN_Q2_25_50|UP_Q2_25_50|UP_Q2_25_50,europe_midday|us_pre_open|us_open,1,18,0.05555555555555555,1.0,0.5142857142857143,0.005714285714285715,True
WTI_session,1,full_scale_war,DOWN_Q3_50_75|DOWN_Q2_25_50|DOWN_Q2_25_50,us_open|us_open|other_valid_hours,1,18,0.05555555555555555,1.0,0.5142857142857143,0.005714285714285715,True
WTI_session,1,full_scale_war,DOWN_Q4_75_90|DOWN_Q2_25_50|UP_Q3_50_75,asia_early|us_late|europe_midday,1,18,0.05555555555555555,1.0,0.5142857142857143,0.005714285714285715,True
WTI_session,1,full_scale_war,DOWN_Q4_75_90|DOWN_Q4_75_90|UP_Q3_50_75,europe_midday|us_pre_open|us_open,1,18,0.05555555555555555,1.0,0.5142857142857143,0.005714285714285715,True
WTI_session,1,full_scale_war,DOWN_Q4_75_90|UP_Q4_75_90|FLAT_Q1_0_25,asia_early|us_late|europe_midday,1,18,0.05555555555555555,1.0,0.5142857142857143,0.005714285714285715,True
WTI_session,1,full_scale_war,DOWN_Q4_75_90|UP_Q5_90_100|UP_Q2_25_50,india_midday|europe_midday|us_pre_open,1,18,0.05555555555555555,1.0,0.5142857142857143,0.005714285714285715,True
WTI_session,1,full_scale_war,DOWN_Q5_90_100|UP_Q4_75_90|FLAT_Q2_25_50,us_open|us_open|mcx_tail,1,18,0.05555555555555555,1.0,0.5142857142857143,0.005714285714285715,True
WTI_session,1,full_scale_war,FLAT_Q1_0_25|DOWN_Q4_75_90|DOWN_Q4_75_90,us_late|europe_midday|us_pre_open,1,18,0.05555555555555555,1.0,0.5142857142857143,0.005714285714285715,True
WTI_session,1,full_scale_war,FLAT_Q1_0_25|FLAT_Q3_50_75|DOWN_Q4_75_90,mcx_open_drive|india_morning|india_midday,1,18,0.05555555555555555,1.0,0.5142857142857143,0.005714285714285715,True
WTI_session,1,full_scale_war,FLAT_Q1_0_25|UP_Q5_90_100|DOWN_Q3_50_75,europe_midday|us_pre_open|us_open,1,18,0.05555555555555555,1.0,0.5142857142857143,0.005714285714285715,True
WTI_session,1,full_scale_war,FLAT_Q2_25_50|DOWN_Q3_50_75|UP_Q2_25_50,asia_early|us_late|europe_midday,1,18,0.05555555555555555,1.0,0.5142857142857143,0.005714285714285715,True
WTI_session,1,full_scale_war,FLAT_Q2_25_50|FLAT_Q1_0_25|DOWN_Q5_90_100,asia_early|us_late|europe_midday,1,18,0.05555555555555555,1.0,0.5142857142857143,0.005714285714285715,True
WTI_session,1,full_scale_war,FLAT_Q2_25_50|FLAT_Q3_50_75|UP_Q1_0_25,mcx_open_drive|india_morning|india_midday,1,18,0.05555555555555555,1.0,0.5142857142857143,0.005714285714285715,True
WTI_session,1,full_scale_war,FLAT_Q3_50_75|DOWN_Q4_75_90|UP_Q5_90_100,india_morning|india_midday|europe_midday,1,18,0.05555555555555555,1.0,0.5142857142857143,0.005714285714285715,True
WTI_session,1,full_scale_war,FLAT_Q3_50_75|UP_Q1_0_25|DOWN_Q2_25_50,india_morning|india_midday|europe_midday,1,18,0.05555555555555555,1.0,0.5142857142857143,0.005714285714285715,True
WTI_session,1,full_scale_war,UP_Q1_0_25|DOWN_Q2_25_50|UP_Q2_25_50,india_midday|europe_midday|us_pre_open,1,18,0.05555555555555555,1.0,0.5142857142857143,0.005714285714285715,True
WTI_session,1,full_scale_war,UP_Q1_0_25|FLAT_Q2_25_50|UP_Q2_25_50,us_open|mcx_tail|other_valid_hours,1,18,0.05555555555555555,1.0,0.5142857142857143,0.005714285714285715,True
WTI_session,1,full_scale_war,UP_Q1_0_25|UP_Q3_50_75|UP_Q4_75_90,europe_midday|us_pre_open|us_open,1,18,0.05555555555555555,1.0,0.5142857142857143,0.005714285714285715,True
WTI_session,1,full_scale_war,UP_Q2_25_50|DOWN_Q1_0_25|UP_Q3_50_75,us_late|europe_midday|us_pre_open,1,18,0.05555555555555555,1.0,0.5142857142857143,0.005714285714285715,True
WTI_session,1,full_scale_war,UP_Q2_25_50|DOWN_Q2_25_50|DOWN_Q5_90_100,global_reopen_pre_mcx|mcx_open_drive|india_morning,1,18,0.05555555555555555,1.0,0.5142857142857143,0.005714285714285715,True
WTI_session,1,full_scale_war,UP_Q2_25_50|DOWN_Q4_75_90|UP_Q2_25_50,europe_midday|us_pre_open|us_open,1,18,0.05555555555555555,1.0,0.5142857142857143,0.005714285714285715,True
WTI_session,1,full_scale_war,UP_Q2_25_50|UP_Q2_25_50|UP_Q4_75_90,us_pre_open|us_open|us_open,1,18,0.05555555555555555,1.0,0.5142857142857143,0.005714285714285715,True
WTI_session,1,full_scale_war,UP_Q3_50_75|DOWN_Q3_50_75|FLAT_Q1_0_25,india_midday|europe_midday|us_pre_open,1,18,0.05555555555555555,1.0,0.5142857142857143,0.005714285714285715,True
WTI_session,1,full_scale_war,UP_Q3_50_75|DOWN_Q4_75_90|DOWN_Q4_75_90,us_open|us_open|other_valid_hours,1,18,0.05555555555555555,1.0,0.5142857142857143,0.005714285714285715,True
WTI_session,1,full_scale_war,UP_Q3_50_75|UP_Q5_90_100|DOWN_Q4_75_90,europe_midday|us_pre_open|us_open,1,18,0.05555555555555555,1.0,0.5142857142857143,0.005714285714285715,True
WTI_session,1,full_scale_war,UP_Q4_75_90|DOWN_Q3_50_75|FLAT_Q1_0_25,us_open|mcx_tail|other_valid_hours,1,18,0.05555555555555555,1.0,0.5142857142857143,0.005714285714285715,True
WTI_session,1,full_scale_war,UP_Q4_75_90|DOWN_Q4_75_90|UP_Q3_50_75,us_late|europe_midday|us_pre_open,1,18,0.05555555555555555,1.0,0.5142857142857143,0.005714285714285715,True
WTI_session,1,full_scale_war,UP_Q4_75_90|FLAT_Q2_25_50|FLAT_Q1_0_25,us_open|mcx_tail|other_valid_hours,1,18,0.05555555555555555,1.0,0.5142857142857143,0.005714285714285715,True
WTI_session,1,full_scale_war,UP_Q5_90_100|DOWN_Q4_75_90|UP_Q2_25_50,us_pre_open|us_open|us_open,1,18,0.05555555555555555,1.0,0.5142857142857143,0.005714285714285715,True
WTI_session,1,full_scale_war,UP_Q5_90_100|DOWN_Q5_90_100|FLAT_Q1_0_25,asia_early|us_late|europe_midday,1,18,0.05555555555555555,1.0,0.5142857142857143,0.005714285714285715,True
WTI_session,1,full_scale_war,UP_Q5_90_100|UP_Q2_25_50|FLAT_Q1_0_25,europe_midday|us_pre_open|us_open,1,18,0.05555555555555555,1.0,0.5142857142857143,0.005714285714285715,True
WTI_session,1,full_scale_war,UP_Q5_90_100|UP_Q4_75_90|UP_Q3_50_75,mcx_open_drive|india_morning|india_midday,1,18,0.05555555555555555,1.0,0.5142857142857143,0.005714285714285715,True
WTI_session,1,full_scale_war,UP_Q5_90_100|UP_Q5_90_100|UP_Q4_75_90,global_reopen_pre_mcx|mcx_open_drive|india_morning,1,18,0.05555555555555555,1.0,0.5142857142857143,0.005714285714285715,True
BRENT_session,2,post_ceasefire_complex,FLAT_Q1_0_25|FLAT_Q1_0_25|FLAT_Q2_25_50,us_open|us_open|mcx_tail,1,43,0.023255813953488372,0.05555555555555555,0.9687108886107635,0.004505632040050063,True
BRENT_session,2,post_ceasefire_complex,FLAT_Q1_0_25|FLAT_Q1_0_25|UP_Q1_0_25,global_reopen_pre_mcx|mcx_open_drive|india_morning,1,43,0.023255813953488372,0.05555555555555555,0.9687108886107635,0.004505632040050063,True
WTI_session,2,post_ceasefire_complex,FLAT_Q1_0_25|FLAT_Q1_0_25|DOWN_Q3_50_75,india_midday|europe_midday|us_pre_open,1,43,0.023255813953488372,0.0625,0.9622377622377623,0.0044755244755244755,True
WTI_session,2,post_ceasefire_complex,FLAT_Q1_0_25|FLAT_Q1_0_25|DOWN_Q4_75_90,global_reopen_pre_mcx|mcx_open_drive|india_morning,1,43,0.023255813953488372,0.0625,0.9622377622377623,0.0044755244755244755,True
WTI_session,2,post_ceasefire_complex,FLAT_Q1_0_25|FLAT_Q1_0_25|FLAT_Q2_25_50,us_open|mcx_tail|other_valid_hours,1,43,0.023255813953488372,0.0625,0.9622377622377623,0.0044755244755244755,True
WTI_session,2,post_ceasefire_complex,FLAT_Q1_0_25|FLAT_Q1_0_25|UP_Q1_0_25,india_midday|europe_midday|us_pre_open,1,43,0.023255813953488372,0.0625,0.9622377622377623,0.0044755244755244755,True
WTI_session,2,post_ceasefire_complex,FLAT_Q1_0_25|FLAT_Q1_0_25|UP_Q5_90_100,us_pre_open|us_open|us_open,1,43,0.023255813953488372,0.0625,0.9622377622377623,0.0044755244755244755,True
BRENT_session,2,post_ceasefire_complex,DOWN_Q2_25_50|FLAT_Q1_0_25|DOWN_Q1_0_25,us_pre_open|us_open|us_open,1,43,0.023255813953488372,0.07692307692307693,0.9490662139219016,0.004414261460101868,True
BRENT_session,2,post_ceasefire_complex,DOWN_Q2_25_50|FLAT_Q1_0_25|DOWN_Q4_75_90,india_midday|europe_midday|us_pre_open,1,43,0.023255813953488372,0.07692307692307693,0.9490662139219016,0.004414261460101868,True
BRENT_session,2,post_ceasefire_complex,DOWN_Q2_25_50|FLAT_Q1_0_25|UP_Q2_25_50,us_pre_open|us_open|us_open,1,43,0.023255813953488372,0.07692307692307693,0.9490662139219016,0.004414261460101868,True
BRENT_session,2,post_ceasefire_complex,FLAT_Q1_0_25|UP_Q3_50_75|DOWN_Q2_25_50,mcx_open_drive|india_morning|india_midday,1,43,0.023255813953488372,0.07692307692307693,0.9490662139219016,0.004414261460101868,True
BRENT_session,2,post_ceasefire_complex,FLAT_Q1_0_25|UP_Q3_50_75|FLAT_Q2_25_50,us_open|us_open|mcx_tail,1,43,0.023255813953488372,0.07692307692307693,0.9490662139219016,0.004414261460101868,True
BRENT_session,2,post_ceasefire_complex,FLAT_Q1_0_25|UP_Q3_50_75|UP_Q3_50_75,us_open|mcx_tail|other_valid_hours,1,43,0.023255813953488372,0.07692307692307693,0.9490662139219016,0.004414261460101868,True
BRENT_session,2,post_ceasefire_complex,FLAT_Q1_0_25|UP_Q3_50_75|UP_Q4_75_90,europe_midday|us_pre_open|us_open,1,43,0.023255813953488372,0.07692307692307693,0.9490662139219016,0.004414261460101868,True
WTI_session,2,post_ceasefire_complex,UP_Q3_50_75|FLAT_Q1_0_25|DOWN_Q2_25_50,us_open|us_open|mcx_tail,1,43,0.023255813953488372,0.1,0.9287257019438444,0.004319654427645789,True
WTI_session,2,post_ceasefire_complex,UP_Q3_50_75|FLAT_Q1_0_25|DOWN_Q4_75_90,india_midday|europe_midday|us_pre_open,1,43,0.023255813953488372,0.1,0.9287257019438444,0.004319654427645789,True
WTI_session,2,post_ceasefire_complex,UP_Q3_50_75|FLAT_Q1_0_25|FLAT_Q1_0_25,us_open|us_open|mcx_tail,1,43,0.023255813953488372,0.1,0.9287257019438444,0.004319654427645789,True
WTI_session,2,post_ceasefire_complex,UP_Q3_50_75|FLAT_Q1_0_25|FLAT_Q2_25_50,us_open|mcx_tail|other_valid_hours,1,43,0.023255813953488372,0.1,0.9287257019438444,0.004319654427645789,True
WTI_session,2,post_ceasefire_complex,UP_Q3_50_75|FLAT_Q1_0_25|UP_Q2_25_50,us_pre_open|us_open|us_open,1,43,0.023255813953488372,0.1,0.9287257019438444,0.004319654427645789,True
WTI_session,2,post_ceasefire_complex,UP_Q3_50_75|FLAT_Q1_0_25|UP_Q3_50_75,india_midday|europe_midday|us_pre_open,1,43,0.023255813953488372,0.1,0.9287257019438444,0.004319654427645789,True
WTI_session,2,post_ceasefire_complex,UP_Q3_50_75|FLAT_Q1_0_25|UP_Q4_75_90,us_open|mcx_tail|other_valid_hours,1,43,0.023255813953488372,0.1,0.9287257019438444,0.004319654427645789,True
WTI_session,2,post_ceasefire_complex,UP_Q3_50_75|FLAT_Q1_0_25|UP_Q5_90_100,global_reopen_pre_mcx|mcx_open_drive|india_morning,1,43,0.023255813953488372,0.1,0.9287257019438444,0.004319654427645789,True
BRENT_session,2,post_ceasefire_complex,UP_Q2_25_50|FLAT_Q1_0_25|DOWN_Q1_0_25,global_reopen_pre_mcx|mcx_open_drive|india_morning,1,43,0.023255813953488372,0.1111111111111111,0.9192399049881235,0.004275534441805225,True
BRENT_session,2,post_ceasefire_complex,UP_Q2_25_50|FLAT_Q1_0_25|DOWN_Q3_50_75,us_pre_open|us_open|us_open,1,43,0.023255813953488372,0.1111111111111111,0.9192399049881235,0.004275534441805225,True
BRENT_session,2,post_ceasefire_complex,UP_Q2_25_50|FLAT_Q1_0_25|DOWN_Q4_75_90,us_open|mcx_tail|other_valid_hours,1,43,0.023255813953488372,0.1111111111111111,0.9192399049881235,0.004275534441805225,True
BRENT_session,2,post_ceasefire_complex,UP_Q2_25_50|FLAT_Q1_0_25|FLAT_Q2_25_50,us_open|us_open|mcx_tail,1,43,0.023255813953488372,0.1111111111111111,0.9192399049881235,0.004275534441805225,True
BRENT_session,2,post_ceasefire_complex,UP_Q2_25_50|FLAT_Q1_0_25|UP_Q2_25_50,global_reopen_pre_mcx|mcx_open_drive|india_morning,1,43,0.023255813953488372,0.1111111111111111,0.9192399049881235,0.004275534441805225,True
BRENT_session,2,post_ceasefire_complex,UP_Q2_25_50|FLAT_Q1_0_25|UP_Q3_50_75,global_reopen_pre_mcx|mcx_open_drive|india_morning,1,43,0.023255813953488372,0.1111111111111111,0.9192399049881235,0.004275534441805225,True
BRENT_session,2,post_ceasefire_complex,UP_Q2_25_50|FLAT_Q1_0_25|UP_Q4_75_90,us_open|mcx_tail|other_valid_hours,1,43,0.023255813953488372,0.1111111111111111,0.9192399049881235,0.004275534441805225,True
WTI_session,2,post_ceasefire_complex,DOWN_Q2_25_50|FLAT_Q1_0_25|DOWN_Q2_25_50,us_open|mcx_tail|other_valid_hours,1,43,0.023255813953488372,0.1111111111111111,0.9192399049881235,0.004275534441805225,True
WTI_session,2,post_ceasefire_complex,DOWN_Q2_25_50|FLAT_Q1_0_25|UP_Q1_0_25,europe_midday|us_pre_open|us_open,1,43,0.023255813953488372,0.1111111111111111,0.9192399049881235,0.004275534441805225,True
WTI_session,2,post_ceasefire_complex,DOWN_Q2_25_50|FLAT_Q1_0_25|UP_Q2_25_50,global_reopen_pre_mcx|mcx_open_drive|india_morning,1,43,0.023255813953488372,0.1111111111111111,0.9192399049881235,0.004275534441805225,True
WTI_session,2,post_ceasefire_complex,DOWN_Q2_25_50|FLAT_Q1_0_25|UP_Q3_50_75,india_midday|europe_midday|us_pre_open,1,43,0.023255813953488372,0.1111111111111111,0.9192399049881235,0.004275534441805225,True
BRENT_session,2,post_ceasefire_complex,FLAT_Q1_0_25|DOWN_Q2_25_50|DOWN_Q2_25_50,us_open|us_open|mcx_tail,1,43,0.023255813953488372,0.125,0.9076517150395779,0.004221635883905013,True
BRENT_session,2,post_ceasefire_complex,FLAT_Q1_0_25|DOWN_Q2_25_50|DOWN_Q4_75_90,india_morning|india_midday|europe_midday,1,43,0.023255813953488372,0.125,0.9076517150395779,0.004221635883905013,True
BRENT_session,2,post_ceasefire_complex,FLAT_Q1_0_25|DOWN_Q2_25_50|UP_Q5_90_100,india_midday|europe_midday|us_pre_open,1,43,0.023255813953488372,0.125,0.9076517150395779,0.004221635883905013,True
BRENT_session,2,post_ceasefire_complex,UP_Q3_50_75|FLAT_Q1_0_25|DOWN_Q2_25_50,india_morning|india_midday|europe_midday,1,43,0.023255813953488372,0.125,0.9076517150395779,0.004221635883905013,True
BRENT_session,2,post_ceasefire_complex,UP_Q3_50_75|FLAT_Q1_0_25|DOWN_Q3_50_75,india_midday|europe_midday|us_pre_open,1,43,0.023255813953488372,0.125,0.9076517150395779,0.004221635883905013,True
BRENT_session,2,post_ceasefire_complex,UP_Q3_50_75|FLAT_Q1_0_25|DOWN_Q5_90_100,us_pre_open|us_open|us_open,1,43,0.023255813953488372,0.125,0.9076517150395779,0.004221635883905013,True
BRENT_session,2,post_ceasefire_complex,UP_Q3_50_75|FLAT_Q1_0_25|UP_Q2_25_50,india_midday|europe_midday|us_pre_open,1,43,0.023255813953488372,0.125,0.9076517150395779,0.004221635883905013,True
BRENT_session,2,post_ceasefire_complex,UP_Q3_50_75|FLAT_Q1_0_25|UP_Q3_50_75,india_midday|europe_midday|us_pre_open,1,43,0.023255813953488372,0.125,0.9076517150395779,0.004221635883905013,True
BRENT_session,2,post_ceasefire_complex,UP_Q3_50_75|FLAT_Q1_0_25|UP_Q5_90_100,us_pre_open|us_open|us_open,1,43,0.023255813953488372,0.125,0.9076517150395779,0.004221635883905013,True
WTI_session,2,post_ceasefire_complex,FLAT_Q1_0_25|DOWN_Q2_25_50|DOWN_Q5_90_100,india_morning|india_midday|europe_midday,1,43,0.023255813953488372,0.125,0.9076517150395779,0.004221635883905013,True
WTI_session,2,post_ceasefire_complex,FLAT_Q1_0_25|DOWN_Q2_25_50|UP_Q3_50_75,us_open|us_open|mcx_tail,1,43,0.023255813953488372,0.125,0.9076517150395779,0.004221635883905013,True
WTI_session,2,post_ceasefire_complex,FLAT_Q1_0_25|DOWN_Q3_50_75|DOWN_Q3_50_75,europe_midday|us_pre_open|us_open,1,43,0.023255813953488372,0.125,0.9076517150395779,0.004221635883905013,True
WTI_session,2,post_ceasefire_complex,FLAT_Q1_0_25|DOWN_Q3_50_75|FLAT_Q1_0_25,mcx_open_drive|india_morning|india_midday,1,43,0.023255813953488372,0.125,0.9076517150395779,0.004221635883905013,True
WTI_session,2,post_ceasefire_complex,FLAT_Q1_0_25|DOWN_Q3_50_75|FLAT_Q2_25_50,us_open|mcx_tail|other_valid_hours,1,43,0.023255813953488372,0.125,0.9076517150395779,0.004221635883905013,True
BRENT_session,2,post_ceasefire_complex,DOWN_Q1_0_25|FLAT_Q1_0_25|DOWN_Q2_25_50,india_midday|europe_midday|us_pre_open,1,43,0.023255813953488372,0.14285714285714285,0.8931750741839763,0.004154302670623146,True
BRENT_session,2,post_ceasefire_complex,DOWN_Q1_0_25|FLAT_Q1_0_25|DOWN_Q4_75_90,india_midday|europe_midday|us_pre_open,1,43,0.023255813953488372,0.14285714285714285,0.8931750741839763,0.004154302670623146,True
BRENT_session,2,post_ceasefire_complex,DOWN_Q1_0_25|FLAT_Q1_0_25|UP_Q2_25_50,us_pre_open|us_open|us_open,1,43,0.023255813953488372,0.14285714285714285,0.8931750741839763,0.004154302670623146,True
BRENT_session,2,post_ceasefire_complex,DOWN_Q1_0_25|FLAT_Q1_0_25|UP_Q3_50_75,us_pre_open|us_open|us_open,1,43,0.023255813953488372,0.14285714285714285,0.8931750741839763,0.004154302670623146,True
BRENT_session,2,post_ceasefire_complex,DOWN_Q1_0_25|FLAT_Q1_0_25|UP_Q5_90_100,us_pre_open|us_open|us_open,1,43,0.023255813953488372,0.14285714285714285,0.8931750741839763,0.004154302670623146,True
BRENT_session,2,post_ceasefire_complex,FLAT_Q1_0_25|UP_Q2_25_50|DOWN_Q4_75_90,europe_midday|us_pre_open|us_open,1,43,0.023255813953488372,0.14285714285714285,0.8931750741839763,0.004154302670623146,True
BRENT_session,2,post_ceasefire_complex,FLAT_Q1_0_25|UP_Q2_25_50|FLAT_Q2_25_50,india_morning|india_midday|europe_midday,1,43,0.023255813953488372,0.14285714285714285,0.8931750741839763,0.004154302670623146,True
BRENT_session,2,post_ceasefire_complex,FLAT_Q1_0_25|UP_Q2_25_50|UP_Q4_75_90,mcx_open_drive|india_morning|india_midday,1,43,0.023255813953488372,0.14285714285714285,0.8931750741839763,0.004154302670623146,True
WTI_session,2,post_ceasefire_complex,DOWN_Q3_50_75|FLAT_Q1_0_25|DOWN_Q3_50_75,india_midday|europe_midday|us_pre_open,1,43,0.023255813953488372,0.14285714285714285,0.8931750741839763,0.004154302670623146,True
WTI_session,2,post_ceasefire_complex,DOWN_Q3_50_75|FLAT_Q1_0_25|DOWN_Q5_90_100,europe_midday|us_pre_open|us_open,1,43,0.023255813953488372,0.14285714285714285,0.8931750741839763,0.004154302670623146,True
WTI_session,2,post_ceasefire_complex,DOWN_Q3_50_75|FLAT_Q1_0_25|UP_Q1_0_25,mcx_open_drive|india_morning|india_midday,1,43,0.023255813953488372,0.14285714285714285,0.8931750741839763,0.004154302670623146,True
WTI_session,2,post_ceasefire_complex,DOWN_Q3_50_75|FLAT_Q1_0_25|UP_Q3_50_75,us_open|us_open|mcx_tail,1,43,0.023255813953488372,0.14285714285714285,0.8931750741839763,0.004154302670623146,True
BRENT_session,2,post_ceasefire_complex,DOWN_Q3_50_75|DOWN_Q3_50_75|DOWN_Q3_50_75,us_open|us_open|mcx_tail,1,43,0.023255813953488372,0.16666666666666666,0.8745762711864407,0.004067796610169492,True
BRENT_session,2,post_ceasefire_complex,DOWN_Q3_50_75|DOWN_Q3_50_75|UP_Q3_50_75,us_pre_open|us_open|us_open,1,43,0.023255813953488372,0.16666666666666666,0.8745762711864407,0.004067796610169492,True
BRENT_session,2,post_ceasefire_complex,DOWN_Q3_50_75|DOWN_Q3_50_75|UP_Q4_75_90,europe_midday|us_pre_open|us_open,1,43,0.023255813953488372,0.16666666666666666,0.8745762711864407,0.004067796610169492,True
BRENT_session,2,post_ceasefire_complex,DOWN_Q3_50_75|DOWN_Q3_50_75|UP_Q5_90_100,europe_midday|us_pre_open|us_open,1,43,0.023255813953488372,0.16666666666666666,0.8745762711864407,0.004067796610169492,True
BRENT_session,2,post_ceasefire_complex,DOWN_Q3_50_75|FLAT_Q1_0_25|DOWN_Q5_90_100,europe_midday|us_pre_open|us_open,1,43,0.023255813953488372,0.16666666666666666,0.8745762711864407,0.004067796610169492,True
BRENT_session,2,post_ceasefire_complex,DOWN_Q3_50_75|FLAT_Q1_0_25|FLAT_Q1_0_25,global_reopen_pre_mcx|mcx_open_drive|india_morning,1,43,0.023255813953488372,0.16666666666666666,0.8745762711864407,0.004067796610169492,True
BRENT_session,2,post_ceasefire_complex,DOWN_Q3_50_75|FLAT_Q1_0_25|FLAT_Q2_25_50,us_open|us_open|mcx_tail,1,43,0.023255813953488372,0.16666666666666666,0.8745762711864407,0.004067796610169492,True
BRENT_session,2,post_ceasefire_complex,DOWN_Q3_50_75|FLAT_Q1_0_25|UP_Q2_25_50,mcx_open_drive|india_morning|india_midday,1,43,0.023255813953488372,0.16666666666666666,0.8745762711864407,0.004067796610169492,True
BRENT_session,2,post_ceasefire_complex,DOWN_Q3_50_75|FLAT_Q1_0_25|UP_Q3_50_75,us_open|us_open|mcx_tail,1,43,0.023255813953488372,0.16666666666666666,0.8745762711864407,0.004067796610169492,True
BRENT_session,2,post_ceasefire_complex,DOWN_Q3_50_75|FLAT_Q1_0_25|UP_Q4_75_90,europe_midday|us_pre_open|us_open,1,43,0.023255813953488372,0.16666666666666666,0.8745762711864407,0.004067796610169492,True
WTI_session,2,post_ceasefire_complex,DOWN_Q4_75_90|FLAT_Q1_0_25|DOWN_Q2_25_50,global_reopen_pre_mcx|mcx_open_drive|india_morning,1,43,0.023255813953488372,0.16666666666666666,0.8745762711864407,0.004067796610169492,True
WTI_session,2,post_ceasefire_complex,DOWN_Q4_75_90|FLAT_Q1_0_25|DOWN_Q5_90_100,india_midday|europe_midday|us_pre_open,1,43,0.023255813953488372,0.16666666666666666,0.8745762711864407,0.004067796610169492,True
WTI_session,2,post_ceasefire_complex,DOWN_Q4_75_90|FLAT_Q1_0_25|UP_Q2_25_50,us_open|us_open|mcx_tail,1,43,0.023255813953488372,0.16666666666666666,0.8745762711864407,0.004067796610169492,True
WTI_session,2,post_ceasefire_complex,DOWN_Q4_75_90|FLAT_Q1_0_25|UP_Q5_90_100,us_pre_open|us_open|us_open,1,43,0.023255813953488372,0.16666666666666666,0.8745762711864407,0.004067796610169492,True
WTI_session,2,post_ceasefire_complex,FLAT_Q1_0_25|DOWN_Q5_90_100|UP_Q2_25_50,europe_midday|us_pre_open|us_open,1,43,0.023255813953488372,0.16666666666666666,0.8745762711864407,0.004067796610169492,True
WTI_session,2,post_ceasefire_complex,FLAT_Q1_0_25|DOWN_Q5_90_100|UP_Q4_75_90,us_open|us_open|mcx_tail,1,43,0.023255813953488372,0.16666666666666666,0.8745762711864407,0.004067796610169492,True
WTI_session,2,post_ceasefire_complex,FLAT_Q1_0_25|UP_Q2_25_50|DOWN_Q2_25_50,europe_midday|us_pre_open|us_open,1,43,0.023255813953488372,0.16666666666666666,0.8745762711864407,0.004067796610169492,True
WTI_session,2,post_ceasefire_complex,FLAT_Q1_0_25|UP_Q2_25_50|DOWN_Q3_50_75,us_open|us_open|mcx_tail,1,43,0.023255813953488372,0.16666666666666666,0.8745762711864407,0.004067796610169492,True
WTI_session,2,post_ceasefire_complex,FLAT_Q1_0_25|UP_Q2_25_50|DOWN_Q4_75_90,europe_midday|us_pre_open|us_open,1,43,0.023255813953488372,0.16666666666666666,0.8745762711864407,0.004067796610169492,True
WTI_session,2,post_ceasefire_complex,FLAT_Q1_0_25|UP_Q2_25_50|FLAT_Q1_0_25,us_open|mcx_tail|other_valid_hours,1,43,0.023255813953488372,0.16666666666666666,0.8745762711864407,0.004067796610169492,True
WTI_session,2,post_ceasefire_complex,FLAT_Q1_0_25|UP_Q2_25_50|UP_Q2_25_50,mcx_open_drive|india_morning|india_midday,1,43,0.023255813953488372,0.16666666666666666,0.8745762711864407,0.004067796610169492,True
WTI_session,2,post_ceasefire_complex,FLAT_Q1_0_25|UP_Q2_25_50|UP_Q3_50_75,us_open|mcx_tail|other_valid_hours,1,43,0.023255813953488372,0.16666666666666666,0.8745762711864407,0.004067796610169492,True
WTI_session,2,post_ceasefire_complex,FLAT_Q1_0_25|UP_Q5_90_100|DOWN_Q3_50_75,global_reopen_pre_mcx|mcx_open_drive|india_morning,1,43,0.023255813953488372,0.16666666666666666,0.8745762711864407,0.004067796610169492,True
WTI_session,2,post_ceasefire_complex,FLAT_Q1_0_25|UP_Q5_90_100|DOWN_Q4_75_90,us_open|us_open|mcx_tail,1,43,0.023255813953488372,0.16666666666666666,0.8745762711864407,0.004067796610169492,True
WTI_session,2,post_ceasefire_complex,FLAT_Q1_0_25|UP_Q5_90_100|DOWN_Q5_90_100,global_reopen_pre_mcx|mcx_open_drive|india_morning,1,43,0.023255813953488372,0.16666666666666666,0.8745762711864407,0.004067796610169492,True
WTI_session,2,post_ceasefire_complex,FLAT_Q1_0_25|UP_Q5_90_100|FLAT_Q2_25_50,us_open|mcx_tail|other_valid_hours,1,43,0.023255813953488372,0.16666666666666666,0.8745762711864407,0.004067796610169492,True
WTI_session,2,post_ceasefire_complex,FLAT_Q1_0_25|UP_Q5_90_100|UP_Q2_25_50,mcx_open_drive|india_morning|india_midday,1,43,0.023255813953488372,0.16666666666666666,0.8745762711864407,0.004067796610169492,True
WTI_session,2,post_ceasefire_complex,FLAT_Q1_0_25|UP_Q5_90_100|UP_Q4_75_90,us_open|us_open|mcx_tail,1,43,0.023255813953488372,0.16666666666666666,0.8745762711864407,0.004067796610169492,True
WTI_session,2,post_ceasefire_complex,UP_Q2_25_50|UP_Q3_50_75|DOWN_Q2_25_50,us_pre_open|us_open|us_open,1,43,0.023255813953488372,0.16666666666666666,0.8745762711864407,0.004067796610169492,True
WTI_session,2,post_ceasefire_complex,UP_Q2_25_50|UP_Q3_50_75|DOWN_Q4_75_90,india_midday|europe_midday|us_pre_open,1,43,0.023255813953488372,0.16666666666666666,0.8745762711864407,0.004067796610169492,True
WTI_session,2,post_ceasefire_complex,UP_Q2_25_50|UP_Q3_50_75|DOWN_Q5_90_100,india_morning|india_midday|europe_midday,1,43,0.023255813953488372,0.16666666666666666,0.8745762711864407,0.004067796610169492,True
WTI_session,2,post_ceasefire_complex,UP_Q2_25_50|UP_Q3_50_75|FLAT_Q2_25_50,us_open|mcx_tail|other_valid_hours,1,43,0.023255813953488372,0.16666666666666666,0.8745762711864407,0.004067796610169492,True
WTI_session,2,post_ceasefire_complex,UP_Q3_50_75|DOWN_Q2_25_50|FLAT_Q1_0_25,us_open|us_open|mcx_tail,1,43,0.023255813953488372,0.16666666666666666,0.8745762711864407,0.004067796610169492,True
WTI_session,2,post_ceasefire_complex,UP_Q3_50_75|DOWN_Q2_25_50|UP_Q1_0_25,europe_midday|us_pre_open|us_open,1,43,0.023255813953488372,0.16666666666666666,0.8745762711864407,0.004067796610169492,True
WTI_session,2,post_ceasefire_complex,UP_Q3_50_75|DOWN_Q2_25_50|UP_Q2_25_50,india_morning|india_midday|europe_midday,1,43,0.023255813953488372,0.16666666666666666,0.8745762711864407,0.004067796610169492,True
WTI_session,2,post_ceasefire_complex,UP_Q3_50_75|DOWN_Q2_25_50|UP_Q3_50_75,mcx_open_drive|india_morning|india_midday,1,43,0.023255813953488372,0.16666666666666666,0.8745762711864407,0.004067796610169492,True
WTI_session,2,post_ceasefire_complex,UP_Q3_50_75|DOWN_Q4_75_90|DOWN_Q1_0_25,india_midday|europe_midday|us_pre_open,1,43,0.023255813953488372,0.16666666666666666,0.8745762711864407,0.004067796610169492,True
WTI_session,2,post_ceasefire_complex,UP_Q3_50_75|DOWN_Q4_75_90|DOWN_Q2_25_50,india_morning|india_midday|europe_midday,1,43,0.023255813953488372,0.16666666666666666,0.8745762711864407,0.004067796610169492,True
WTI_session,2,post_ceasefire_complex,UP_Q3_50_75|DOWN_Q4_75_90|DOWN_Q3_50_75,europe_midday|us_pre_open|us_open,1,43,0.023255813953488372,0.16666666666666666,0.8745762711864407,0.004067796610169492,True
WTI_session,2,post_ceasefire_complex,UP_Q3_50_75|DOWN_Q4_75_90|UP_Q5_90_100,india_morning|india_midday|europe_midday,1,43,0.023255813953488372,0.16666666666666666,0.8745762711864407,0.004067796610169492,True
WTI_session,2,post_ceasefire_complex,UP_Q3_50_75|UP_Q3_50_75|DOWN_Q2_25_50,us_pre_open|us_open|us_open,1,43,0.023255813953488372,0.16666666666666666,0.8745762711864407,0.004067796610169492,True
WTI_session,2,post_ceasefire_complex,UP_Q3_50_75|UP_Q3_50_75|DOWN_Q4_75_90,india_morning|india_midday|europe_midday,1,43,0.023255813953488372,0.16666666666666666,0.8745762711864407,0.004067796610169492,True
BRENT_session,2,post_ceasefire_complex,DOWN_Q3_50_75|UP_Q3_50_75|DOWN_Q3_50_75,india_midday|europe_midday|us_pre_open,1,43,0.023255813953488372,0.2,0.8498023715415018,0.003952569169960474,True
BRENT_session,2,post_ceasefire_complex,DOWN_Q3_50_75|UP_Q3_50_75|DOWN_Q5_90_100,us_pre_open|us_open|us_open,1,43,0.023255813953488372,0.2,0.8498023715415018,0.003952569169960474,True
BRENT_session,2,post_ceasefire_complex,DOWN_Q3_50_75|UP_Q3_50_75|FLAT_Q1_0_25,india_morning|india_midday|europe_midday,1,43,0.023255813953488372,0.2,0.8498023715415018,0.003952569169960474,True
BRENT_session,2,post_ceasefire_complex,DOWN_Q4_75_90|DOWN_Q3_50_75|DOWN_Q3_50_75,india_midday|europe_midday|us_pre_open,1,43,0.023255813953488372,0.2,0.8498023715415018,0.003952569169960474,True
BRENT_session,2,post_ceasefire_complex,DOWN_Q4_75_90|DOWN_Q3_50_75|DOWN_Q4_75_90,mcx_open_drive|india_morning|india_midday,1,43,0.023255813953488372,0.2,0.8498023715415018,0.003952569169960474,True
BRENT_session,2,post_ceasefire_complex,DOWN_Q4_75_90|DOWN_Q3_50_75|UP_Q2_25_50,us_pre_open|us_open|us_open,1,43,0.023255813953488372,0.2,0.8498023715415018,0.003952569169960474,True
BRENT_session,2,post_ceasefire_complex,DOWN_Q4_75_90|UP_Q3_50_75|DOWN_Q3_50_75,india_morning|india_midday|europe_midday,1,43,0.023255813953488372,0.2,0.8498023715415018,0.003952569169960474,True
BRENT_session,2,post_ceasefire_complex,DOWN_Q4_75_90|UP_Q3_50_75|DOWN_Q4_75_90,us_pre_open|us_open|us_open,1,43,0.023255813953488372,0.2,0.8498023715415018,0.003952569169960474,True
BRENT_session,2,post_ceasefire_complex,DOWN_Q4_75_90|UP_Q3_50_75|UP_Q2_25_50,europe_midday|us_pre_open|us_open,1,43,0.023255813953488372,0.2,0.8498023715415018,0.003952569169960474,True
BRENT_session,2,post_ceasefire_complex,FLAT_Q1_0_25|DOWN_Q3_50_75|DOWN_Q2_25_50,mcx_open_drive|india_morning|india_midday,1,43,0.023255813953488372,0.2,0.8498023715415018,0.003952569169960474,True
BRENT_session,2,post_ceasefire_complex,FLAT_Q1_0_25|DOWN_Q3_50_75|FLAT_Q2_25_50,us_open|us_open|mcx_tail,1,43,0.023255813953488372,0.2,0.8498023715415018,0.003952569169960474,True
BRENT_session,2,post_ceasefire_complex,FLAT_Q1_0_25|DOWN_Q3_50_75|UP_Q2_25_50,india_midday|europe_midday|us_pre_open,1,43,0.023255813953488372,0.2,0.8498023715415018,0.003952569169960474,True
BRENT_session,2,post_ceasefire_complex,FLAT_Q1_0_25|FLAT_Q2_25_50|DOWN_Q3_50_75,global_reopen_pre_mcx|mcx_open_drive|india_morning,1,43,0.023255813953488372,0.2,0.8498023715415018,0.003952569169960474,True
BRENT_session,2,post_ceasefire_complex,FLAT_Q1_0_25|FLAT_Q2_25_50|FLAT_Q2_25_50,us_open|mcx_tail|other_valid_hours,1,43,0.023255813953488372,0.2,0.8498023715415018,0.003952569169960474,True
BRENT_session,2,post_ceasefire_complex,FLAT_Q1_0_25|FLAT_Q2_25_50|UP_Q2_25_50,global_reopen_pre_mcx|mcx_open_drive|india_morning,1,43,0.023255813953488372,0.2,0.8498023715415018,0.003952569169960474,True
BRENT_session,2,post_ceasefire_complex,UP_Q2_25_50|UP_Q2_25_50|DOWN_Q2_25_50,us_pre_open|us_open|us_open,1,43,0.023255813953488372,0.2,0.8498023715415018,0.003952569169960474,True
BRENT_session,2,post_ceasefire_complex,UP_Q2_25_50|UP_Q2_25_50|DOWN_Q3_50_75,us_pre_open|us_open|us_open,1,43,0.023255813953488372,0.2,0.8498023715415018,0.003952569169960474,True
BRENT_session,2,post_ceasefire_complex,UP_Q2_25_50|UP_Q2_25_50|FLAT_Q1_0_25,us_open|us_open|mcx_tail,1,43,0.023255813953488372,0.2,0.8498023715415018,0.003952569169960474,True
BRENT_session,2,post_ceasefire_complex,UP_Q2_25_50|UP_Q2_25_50|UP_Q1_0_25,india_midday|europe_midday|us_pre_open,1,43,0.023255813953488372,0.2,0.8498023715415018,0.003952569169960474,True
BRENT_session,2,post_ceasefire_complex,UP_Q2_25_50|UP_Q2_25_50|UP_Q3_50_75,europe_midday|us_pre_open|us_open,1,43,0.023255813953488372,0.2,0.8498023715415018,0.003952569169960474,True
BRENT_session,2,post_ceasefire_complex,UP_Q3_50_75|DOWN_Q2_25_50|DOWN_Q2_25_50,india_morning|india_midday|europe_midday,1,43,0.023255813953488372,0.2,0.8498023715415018,0.003952569169960474,True
BRENT_session,2,post_ceasefire_complex,UP_Q3_50_75|DOWN_Q2_25_50|UP_Q3_50_75,india_morning|india_midday|europe_midday,1,43,0.023255813953488372,0.2,0.8498023715415018,0.003952569169960474,True
BRENT_session,2,post_ceasefire_complex,UP_Q3_50_75|DOWN_Q3_50_75|DOWN_Q1_0_25,india_midday|europe_midday|us_pre_open,1,43,0.023255813953488372,0.2,0.8498023715415018,0.003952569169960474,True
BRENT_session,2,post_ceasefire_complex,UP_Q3_50_75|DOWN_Q3_50_75|DOWN_Q2_25_50,us_open|us_open|mcx_tail,1,43,0.023255813953488372,0.2,0.8498023715415018,0.003952569169960474,True
BRENT_session,2,post_ceasefire_complex,UP_Q3_50_75|DOWN_Q3_50_75|UP_Q4_75_90,india_midday|europe_midday|us_pre_open,1,43,0.023255813953488372,0.2,0.8498023715415018,0.003952569169960474,True
BRENT_session,2,post_ceasefire_complex,UP_Q3_50_75|DOWN_Q4_75_90|UP_Q3_50_75,mcx_open_drive|india_morning|india_midday,1,43,0.023255813953488372,0.2,0.8498023715415018,0.003952569169960474,True
BRENT_session,2,post_ceasefire_complex,UP_Q3_50_75|DOWN_Q4_75_90|UP_Q5_90_100,india_morning|india_midday|europe_midday,1,43,0.023255813953488372,0.2,0.8498023715415018,0.003952569169960474,True
BRENT_session,2,post_ceasefire_complex,UP_Q3_50_75|UP_Q3_50_75|DOWN_Q2_25_50,india_midday|europe_midday|us_pre_open,1,43,0.023255813953488372,0.2,0.8498023715415018,0.003952569169960474,True
BRENT_session,2,post_ceasefire_complex,UP_Q3_50_75|UP_Q3_50_75|DOWN_Q3_50_75,india_morning|india_midday|europe_midday,1,43,0.023255813953488372,0.2,0.8498023715415018,0.003952569169960474,True
BRENT_session,2,post_ceasefire_complex,UP_Q3_50_75|UP_Q3_50_75|FLAT_Q2_25_50,us_open|us_open|mcx_tail,1,43,0.023255813953488372,0.2,0.8498023715415018,0.003952569169960474,True
WTI_session,2,post_ceasefire_complex,DOWN_Q2_25_50|DOWN_Q2_25_50|DOWN_Q2_25_50,europe_midday|us_pre_open|us_open,1,43,0.023255813953488372,0.2,0.8498023715415018,0.003952569169960474,True
WTI_session,2,post_ceasefire_complex,DOWN_Q2_25_50|DOWN_Q2_25_50|UP_Q2_25_50,europe_midday|us_pre_open|us_open,1,43,0.023255813953488372,0.2,0.8498023715415018,0.003952569169960474,True
WTI_session,2,post_ceasefire_complex,DOWN_Q2_25_50|DOWN_Q2_25_50|UP_Q3_50_75,us_open|mcx_tail|other_valid_hours,1,43,0.023255813953488372,0.2,0.8498023715415018,0.003952569169960474,True
WTI_session,2,post_ceasefire_complex,DOWN_Q2_25_50|UP_Q3_50_75|FLAT_Q1_0_25,india_morning|india_midday|europe_midday,1,43,0.023255813953488372,0.2,0.8498023715415018,0.003952569169960474,True
WTI_session,2,post_ceasefire_complex,DOWN_Q2_25_50|UP_Q3_50_75|UP_Q3_50_75,europe_midday|us_pre_open|us_open,1,43,0.023255813953488372,0.2,0.8498023715415018,0.003952569169960474,True
WTI_session,2,post_ceasefire_complex,DOWN_Q2_25_50|UP_Q3_50_75|UP_Q4_75_90,global_reopen_pre_mcx|mcx_open_drive|india_morning,1,43,0.023255813953488372,0.2,0.8498023715415018,0.003952569169960474,True
WTI_session,2,post_ceasefire_complex,DOWN_Q3_50_75|UP_Q2_25_50|FLAT_Q1_0_25,mcx_open_drive|india_morning|india_midday,1,43,0.023255813953488372,0.2,0.8498023715415018,0.003952569169960474,True
WTI_session,2,post_ceasefire_complex,DOWN_Q3_50_75|UP_Q2_25_50|UP_Q2_25_50,us_open|us_open|mcx_tail,1,43,0.023255813953488372,0.2,0.8498023715415018,0.003952569169960474,True
WTI_session,2,post_ceasefire_complex,DOWN_Q3_50_75|UP_Q2_25_50|UP_Q4_75_90,india_morning|india_midday|europe_midday,1,43,0.023255813953488372,0.2,0.8498023715415018,0.003952569169960474,True
WTI_session,2,post_ceasefire_complex,DOWN_Q4_75_90|UP_Q2_25_50|DOWN_Q2_25_50,mcx_open_drive|india_morning|india_midday,1,43,0.023255813953488372,0.2,0.8498023715415018,0.003952569169960474,True
WTI_session,2,post_ceasefire_complex,DOWN_Q4_75_90|UP_Q2_25_50|DOWN_Q3_50_75,india_midday|europe_midday|us_pre_open,1,43,0.023255813953488372,0.2,0.8498023715415018,0.003952569169960474,True
WTI_session,2,post_ceasefire_complex,DOWN_Q4_75_90|UP_Q2_25_50|DOWN_Q4_75_90,us_open|us_open|mcx_tail,1,43,0.023255813953488372,0.2,0.8498023715415018,0.003952569169960474,True
WTI_session,2,post_ceasefire_complex,DOWN_Q4_75_90|UP_Q3_50_75|FLAT_Q1_0_25,europe_midday|us_pre_open|us_open,1,43,0.023255813953488372,0.2,0.8498023715415018,0.003952569169960474,True
WTI_session,2,post_ceasefire_complex,DOWN_Q4_75_90|UP_Q3_50_75|UP_Q2_25_50,global_reopen_pre_mcx|mcx_open_drive|india_morning,1,43,0.023255813953488372,0.2,0.8498023715415018,0.003952569169960474,True
WTI_session,2,post_ceasefire_complex,DOWN_Q4_75_90|UP_Q3_50_75|UP_Q3_50_75,us_open|mcx_tail|other_valid_hours,1,43,0.023255813953488372,0.2,0.8498023715415018,0.003952569169960474,True
WTI_session,2,post_ceasefire_complex,FLAT_Q1_0_25|DOWN_Q4_75_90|DOWN_Q1_0_25,mcx_open_drive|india_morning|india_midday,1,43,0.023255813953488372,0.2,0.8498023715415018,0.003952569169960474,True
WTI_session,2,post_ceasefire_complex,FLAT_Q1_0_25|DOWN_Q4_75_90|DOWN_Q2_25_50,europe_midday|us_pre_open|us_open,1,43,0.023255813953488372,0.2,0.8498023715415018,0.003952569169960474,True
WTI_session,2,post_ceasefire_complex,FLAT_Q1_0_25|DOWN_Q4_75_90|DOWN_Q3_50_75,india_morning|india_midday|europe_midday,1,43,0.023255813953488372,0.2,0.8498023715415018,0.003952569169960474,True
WTI_session,2,post_ceasefire_complex,FLAT_Q1_0_25|DOWN_Q4_75_90|UP_Q2_25_50,europe_midday|us_pre_open|us_open,1,43,0.023255813953488372,0.2,0.8498023715415018,0.003952569169960474,True
WTI_session,2,post_ceasefire_complex,FLAT_Q1_0_25|DOWN_Q4_75_90|UP_Q3_50_75,us_open|us_open|mcx_tail,1,43,0.023255813953488372,0.2,0.8498023715415018,0.003952569169960474,True
WTI_session,2,post_ceasefire_complex,FLAT_Q1_0_25|UP_Q3_50_75|FLAT_Q1_0_25,us_open|mcx_tail|other_valid_hours,1,43,0.023255813953488372,0.2,0.8498023715415018,0.003952569169960474,True
WTI_session,2,post_ceasefire_complex,FLAT_Q1_0_25|UP_Q3_50_75|UP_Q1_0_25,india_midday|europe_midday|us_pre_open,1,43,0.023255813953488372,0.2,0.8498023715415018,0.003952569169960474,True
WTI_session,2,post_ceasefire_complex,FLAT_Q1_0_25|UP_Q3_50_75|UP_Q4_75_90,europe_midday|us_pre_open|us_open,1,43,0.023255813953488372,0.2,0.8498023715415018,0.003952569169960474,True
WTI_session,2,post_ceasefire_complex,FLAT_Q2_25_50|UP_Q3_50_75|UP_Q3_50_75,mcx_open_drive|india_morning|india_midday,1,43,0.023255813953488372,0.2,0.8498023715415018,0.003952569169960474,True
WTI_session,2,post_ceasefire_complex,UP_Q4_75_90|DOWN_Q2_25_50|DOWN_Q4_75_90,us_open|us_open|mcx_tail,1,43,0.023255813953488372,0.2,0.8498023715415018,0.003952569169960474,True
WTI_session,2,post_ceasefire_complex,UP_Q4_75_90|DOWN_Q2_25_50|FLAT_Q1_0_25,us_open|us_open|mcx_tail,1,43,0.023255813953488372,0.2,0.8498023715415018,0.003952569169960474,True
WTI_session,2,post_ceasefire_complex,UP_Q4_75_90|DOWN_Q2_25_50|FLAT_Q2_25_50,us_open|us_open|mcx_tail,1,43,0.023255813953488372,0.2,0.8498023715415018,0.003952569169960474,True
WTI_session,2,post_ceasefire_complex,UP_Q4_75_90|DOWN_Q2_25_50|UP_Q3_50_75,india_midday|europe_midday|us_pre_open,1,43,0.023255813953488372,0.2,0.8498023715415018,0.003952569169960474,True
WTI_session,2,post_ceasefire_complex,UP_Q4_75_90|DOWN_Q2_25_50|UP_Q5_90_100,us_open|us_open|mcx_tail,1,43,0.023255813953488372,0.2,0.8498023715415018,0.003952569169960474,True
BRENT_session,2,post_ceasefire_complex,DOWN_Q2_25_50|DOWN_Q2_25_50|DOWN_Q3_50_75,india_midday|europe_midday|us_pre_open,1,43,0.023255813953488372,0.25,0.8151658767772512,0.003791469194312796,True
BRENT_session,2,post_ceasefire_complex,DOWN_Q2_25_50|DOWN_Q2_25_50|DOWN_Q4_75_90,india_midday|europe_midday|us_pre_open,1,43,0.023255813953488372,0.25,0.8151658767772512,0.003791469194312796,True
BRENT_session,2,post_ceasefire_complex,DOWN_Q2_25_50|DOWN_Q2_25_50|FLAT_Q1_0_25,us_open|us_open|mcx_tail,1,43,0.023255813953488372,0.25,0.8151658767772512,0.003791469194312796,True
BRENT_session,2,post_ceasefire_complex,DOWN_Q2_25_50|DOWN_Q2_25_50|UP_Q3_50_75,us_open|mcx_tail|other_valid_hours,1,43,0.023255813953488372,0.25,0.8151658767772512,0.003791469194312796,True
BRENT_session,2,post_ceasefire_complex,DOWN_Q3_50_75|FLAT_Q2_25_50|DOWN_Q2_25_50,global_reopen_pre_mcx|mcx_open_drive|india_morning,1,43,0.023255813953488372,0.25,0.8151658767772512,0.003791469194312796,True
BRENT_session,2,post_ceasefire_complex,DOWN_Q3_50_75|FLAT_Q2_25_50|UP_Q3_50_75,global_reopen_pre_mcx|mcx_open_drive|india_morning,1,43,0.023255813953488372,0.25,0.8151658767772512,0.003791469194312796,True
BRENT_session,2,post_ceasefire_complex,DOWN_Q3_50_75|UP_Q2_25_50|FLAT_Q1_0_25,us_open|mcx_tail|other_valid_hours,1,43,0.023255813953488372,0.25,0.8151658767772512,0.003791469194312796,True
BRENT_session,2,post_ceasefire_complex,DOWN_Q3_50_75|UP_Q2_25_50|FLAT_Q2_25_50,us_open|us_open|mcx_tail,1,43,0.023255813953488372,0.25,0.8151658767772512,0.003791469194312796,True
BRENT_session,2,post_ceasefire_complex,DOWN_Q3_50_75|UP_Q2_25_50|UP_Q2_25_50,europe_midday|us_pre_open|us_open,1,43,0.023255813953488372,0.25,0.8151658767772512,0.003791469194312796,True
BRENT_session,2,post_ceasefire_complex,DOWN_Q3_50_75|UP_Q2_25_50|UP_Q3_50_75,mcx_open_drive|india_morning|india_midday,1,43,0.023255813953488372,0.25,0.8151658767772512,0.003791469194312796,True
BRENT_session,2,post_ceasefire_complex,UP_Q2_25_50|DOWN_Q2_25_50|DOWN_Q2_25_50,india_morning|india_midday|europe_midday,1,43,0.023255813953488372,0.25,0.8151658767772512,0.003791469194312796,True
BRENT_session,2,post_ceasefire_complex,UP_Q2_25_50|DOWN_Q2_25_50|DOWN_Q5_90_100,india_morning|india_midday|europe_midday,1,43,0.023255813953488372,0.25,0.8151658767772512,0.003791469194312796,True
BRENT_session,2,post_ceasefire_complex,UP_Q2_25_50|DOWN_Q4_75_90|DOWN_Q2_25_50,india_morning|india_midday|europe_midday,1,43,0.023255813953488372,0.25,0.8151658767772512,0.003791469194312796,True
BRENT_session,2,post_ceasefire_complex,UP_Q2_25_50|DOWN_Q4_75_90|DOWN_Q3_50_75,global_reopen_pre_mcx|mcx_open_drive|india_morning,1,43,0.023255813953488372,0.25,0.8151658767772512,0.003791469194312796,True
BRENT_session,2,post_ceasefire_complex,UP_Q2_25_50|DOWN_Q4_75_90|UP_Q2_25_50,us_pre_open|us_open|us_open,1,43,0.023255813953488372,0.25,0.8151658767772512,0.003791469194312796,True
BRENT_session,2,post_ceasefire_complex,UP_Q2_25_50|DOWN_Q4_75_90|UP_Q3_50_75,global_reopen_pre_mcx|mcx_open_drive|india_morning,1,43,0.023255813953488372,0.25,0.8151658767772512,0.003791469194312796,True
BRENT_session,2,post_ceasefire_complex,UP_Q3_50_75|DOWN_Q5_90_100|DOWN_Q1_0_25,mcx_open_drive|india_morning|india_midday,1,43,0.023255813953488372,0.25,0.8151658767772512,0.003791469194312796,True
BRENT_session,2,post_ceasefire_complex,UP_Q3_50_75|DOWN_Q5_90_100|DOWN_Q5_90_100,india_morning|india_midday|europe_midday,1,43,0.023255813953488372,0.25,0.8151658767772512,0.003791469194312796,True
BRENT_session,2,post_ceasefire_complex,UP_Q3_50_75|DOWN_Q5_90_100|FLAT_Q1_0_25,us_open|us_open|mcx_tail,1,43,0.023255813953488372,0.25,0.8151658767772512,0.003791469194312796,True
BRENT_session,2,post_ceasefire_complex,UP_Q3_50_75|DOWN_Q5_90_100|UP_Q5_90_100,us_open|mcx_tail|other_valid_hours,1,43,0.023255813953488372,0.25,0.8151658767772512,0.003791469194312796,True
BRENT_session,2,post_ceasefire_complex,UP_Q3_50_75|FLAT_Q2_25_50|DOWN_Q4_75_90,us_open|mcx_tail|other_valid_hours,1,43,0.023255813953488372,0.25,0.8151658767772512,0.003791469194312796,True
BRENT_session,2,post_ceasefire_complex,UP_Q3_50_75|FLAT_Q2_25_50|FLAT_Q2_25_50,us_open|mcx_tail|other_valid_hours,1,43,0.023255813953488372,0.25,0.8151658767772512,0.003791469194312796,True
BRENT_session,2,post_ceasefire_complex,UP_Q3_50_75|FLAT_Q2_25_50|UP_Q4_75_90,global_reopen_pre_mcx|mcx_open_drive|india_morning,1,43,0.023255813953488372,0.25,0.8151658767772512,0.003791469194312796,True
BRENT_session,2,post_ceasefire_complex,UP_Q3_50_75|FLAT_Q2_25_50|UP_Q5_90_100,global_reopen_pre_mcx|mcx_open_drive|india_morning,1,43,0.023255813953488372,0.25,0.8151658767772512,0.003791469194312796,True
BRENT_session,2,post_ceasefire_complex,UP_Q3_50_75|UP_Q2_25_50|DOWN_Q3_50_75,india_morning|india_midday|europe_midday,1,43,0.023255813953488372,0.25,0.8151658767772512,0.003791469194312796,True
BRENT_session,2,post_ceasefire_complex,UP_Q3_50_75|UP_Q2_25_50|UP_Q2_25_50,us_pre_open|us_open|us_open,1,43,0.023255813953488372,0.25,0.8151658767772512,0.003791469194312796,True
BRENT_session,2,post_ceasefire_complex,UP_Q4_75_90|DOWN_Q2_25_50|UP_Q3_50_75,mcx_open_drive|india_morning|india_midday,1,43,0.023255813953488372,0.25,0.8151658767772512,0.003791469194312796,True
BRENT_session,2,post_ceasefire_complex,UP_Q4_75_90|DOWN_Q2_25_50|UP_Q4_75_90,us_open|us_open|mcx_tail,1,43,0.023255813953488372,0.25,0.8151658767772512,0.003791469194312796,True
WTI_session,2,post_ceasefire_complex,DOWN_Q2_25_50|DOWN_Q4_75_90|UP_Q1_0_25,india_midday|europe_midday|us_pre_open,1,43,0.023255813953488372,0.25,0.8151658767772512,0.003791469194312796,True
WTI_session,2,post_ceasefire_complex,DOWN_Q2_25_50|DOWN_Q4_75_90|UP_Q2_25_50,india_morning|india_midday|europe_midday,1,43,0.023255813953488372,0.25,0.8151658767772512,0.003791469194312796,True
WTI_session,2,post_ceasefire_complex,DOWN_Q2_25_50|DOWN_Q4_75_90|UP_Q3_50_75,us_open|us_open|mcx_tail,1,43,0.023255813953488372,0.25,0.8151658767772512,0.003791469194312796,True
WTI_session,2,post_ceasefire_complex,DOWN_Q2_25_50|DOWN_Q4_75_90|UP_Q5_90_100,us_open|mcx_tail|other_valid_hours,1,43,0.023255813953488372,0.25,0.8151658767772512,0.003791469194312796,True
WTI_session,2,post_ceasefire_complex,DOWN_Q3_50_75|DOWN_Q3_50_75|DOWN_Q3_50_75,us_open|us_open|mcx_tail,1,43,0.023255813953488372,0.25,0.8151658767772512,0.003791469194312796,True
WTI_session,2,post_ceasefire_complex,DOWN_Q3_50_75|DOWN_Q3_50_75|DOWN_Q4_75_90,india_morning|india_midday|europe_midday,1,43,0.023255813953488372,0.25,0.8151658767772512,0.003791469194312796,True
WTI_session,2,post_ceasefire_complex,DOWN_Q4_75_90|DOWN_Q3_50_75|DOWN_Q2_25_50,india_midday|europe_midday|us_pre_open,1,43,0.023255813953488372,0.25,0.8151658767772512,0.003791469194312796,True
WTI_session,2,post_ceasefire_complex,DOWN_Q4_75_90|DOWN_Q3_50_75|FLAT_Q1_0_25,global_reopen_pre_mcx|mcx_open_drive|india_morning,1,43,0.023255813953488372,0.25,0.8151658767772512,0.003791469194312796,True
WTI_session,2,post_ceasefire_complex,DOWN_Q4_75_90|DOWN_Q3_50_75|UP_Q3_50_75,us_pre_open|us_open|us_open,1,43,0.023255813953488372,0.25,0.8151658767772512,0.003791469194312796,True
WTI_session,2,post_ceasefire_complex,DOWN_Q4_75_90|DOWN_Q3_50_75|UP_Q4_75_90,india_midday|europe_midday|us_pre_open,1,43,0.023255813953488372,0.25,0.8151658767772512,0.003791469194312796,True
WTI_session,2,post_ceasefire_complex,DOWN_Q5_90_100|DOWN_Q3_50_75|DOWN_Q5_90_100,india_morning|india_midday|europe_midday,1,43,0.023255813953488372,0.25,0.8151658767772512,0.003791469194312796,True
WTI_session,2,post_ceasefire_complex,DOWN_Q5_90_100|DOWN_Q3_50_75|FLAT_Q1_0_25,india_morning|india_midday|europe_midday,1,43,0.023255813953488372,0.25,0.8151658767772512,0.003791469194312796,True
WTI_session,2,post_ceasefire_complex,DOWN_Q5_90_100|DOWN_Q3_50_75|UP_Q3_50_75,india_morning|india_midday|europe_midday,1,43,0.023255813953488372,0.25,0.8151658767772512,0.003791469194312796,True
WTI_session,2,post_ceasefire_complex,DOWN_Q5_90_100|DOWN_Q3_50_75|UP_Q5_90_100,india_midday|europe_midday|us_pre_open,1,43,0.023255813953488372,0.25,0.8151658767772512,0.003791469194312796,True
WTI_session,2,post_ceasefire_complex,DOWN_Q5_90_100|FLAT_Q1_0_25|DOWN_Q2_25_50,europe_midday|us_pre_open|us_open,1,43,0.023255813953488372,0.25,0.8151658767772512,0.003791469194312796,True
WTI_session,2,post_ceasefire_complex,DOWN_Q5_90_100|FLAT_Q1_0_25|UP_Q5_90_100,us_open|us_open|mcx_tail,1,43,0.023255813953488372,0.25,0.8151658767772512,0.003791469194312796,True
WTI_session,2,post_ceasefire_complex,FLAT_Q1_0_25|FLAT_Q2_25_50|DOWN_Q2_25_50,global_reopen_pre_mcx|mcx_open_drive|india_morning,1,43,0.023255813953488372,0.25,0.8151658767772512,0.003791469194312796,True
WTI_session,2,post_ceasefire_complex,FLAT_Q1_0_25|FLAT_Q2_25_50|FLAT_Q1_0_25,global_reopen_pre_mcx|mcx_open_drive|india_morning,1,43,0.023255813953488372,0.25,0.8151658767772512,0.003791469194312796,True
WTI_session,2,post_ceasefire_complex,FLAT_Q1_0_25|FLAT_Q2_25_50|UP_Q3_50_75,global_reopen_pre_mcx|mcx_open_drive|india_morning,1,43,0.023255813953488372,0.25,0.8151658767772512,0.003791469194312796,True
WTI_session,2,post_ceasefire_complex,FLAT_Q1_0_25|FLAT_Q2_25_50|UP_Q4_75_90,global_reopen_pre_mcx|mcx_open_drive|india_morning,1,43,0.023255813953488372,0.25,0.8151658767772512,0.003791469194312796,True
WTI_session,2,post_ceasefire_complex,UP_Q2_25_50|DOWN_Q3_50_75|UP_Q2_25_50,us_open|mcx_tail|other_valid_hours,1,43,0.023255813953488372,0.25,0.8151658767772512,0.003791469194312796,True
WTI_session,2,post_ceasefire_complex,UP_Q2_25_50|DOWN_Q3_50_75|UP_Q3_50_75,europe_midday|us_pre_open|us_open,1,43,0.023255813953488372,0.25,0.8151658767772512,0.003791469194312796,True
WTI_session,2,post_ceasefire_complex,UP_Q2_25_50|DOWN_Q4_75_90|UP_Q3_50_75,us_open|mcx_tail|other_valid_hours,1,43,0.023255813953488372,0.25,0.8151658767772512,0.003791469194312796,True
WTI_session,2,post_ceasefire_complex,UP_Q2_25_50|DOWN_Q4_75_90|UP_Q4_75_90,global_reopen_pre_mcx|mcx_open_drive|india_morning,1,43,0.023255813953488372,0.25,0.8151658767772512,0.003791469194312796,True
WTI_session,2,post_ceasefire_complex,UP_Q3_50_75|DOWN_Q3_50_75|DOWN_Q3_50_75,us_pre_open|us_open|us_open,1,43,0.023255813953488372,0.25,0.8151658767772512,0.003791469194312796,True
WTI_session,2,post_ceasefire_complex,UP_Q3_50_75|DOWN_Q3_50_75|DOWN_Q4_75_90,us_open|us_open|mcx_tail,1,43,0.023255813953488372,0.25,0.8151658767772512,0.003791469194312796,True
WTI_session,2,post_ceasefire_complex,UP_Q3_50_75|DOWN_Q3_50_75|UP_Q2_25_50,global_reopen_pre_mcx|mcx_open_drive|india_morning,1,43,0.023255813953488372,0.25,0.8151658767772512,0.003791469194312796,True
WTI_session,2,post_ceasefire_complex,UP_Q3_50_75|DOWN_Q3_50_75|UP_Q3_50_75,mcx_open_drive|india_morning|india_midday,1,43,0.023255813953488372,0.25,0.8151658767772512,0.003791469194312796,True
WTI_session,2,post_ceasefire_complex,UP_Q3_50_75|UP_Q2_25_50|DOWN_Q3_50_75,india_morning|india_midday|europe_midday,1,43,0.023255813953488372,0.25,0.8151658767772512,0.003791469194312796,True
WTI_session,2,post_ceasefire_complex,UP_Q3_50_75|UP_Q2_25_50|FLAT_Q2_25_50,us_open|us_open|mcx_tail,1,43,0.023255813953488372,0.25,0.8151658767772512,0.003791469194312796,True
WTI_session,2,post_ceasefire_complex,UP_Q3_50_75|UP_Q2_25_50|UP_Q1_0_25,mcx_open_drive|india_morning|india_midday,1,43,0.023255813953488372,0.25,0.8151658767772512,0.003791469194312796,True
WTI_session,2,post_ceasefire_complex,UP_Q3_50_75|UP_Q2_25_50|UP_Q3_50_75,india_morning|india_midday|europe_midday,1,43,0.023255813953488372,0.25,0.8151658767772512,0.003791469194312796,True
WTI_session,2,post_ceasefire_complex,UP_Q3_50_75|UP_Q4_75_90|DOWN_Q3_50_75,india_midday|europe_midday|us_pre_open,1,43,0.023255813953488372,0.25,0.8151658767772512,0.003791469194312796,True
WTI_session,2,post_ceasefire_complex,UP_Q3_50_75|UP_Q4_75_90|UP_Q5_90_100,mcx_open_drive|india_morning|india_midday,1,43,0.023255813953488372,0.25,0.8151658767772512,0.003791469194312796,True
WTI_session,2,post_ceasefire_complex,UP_Q4_75_90|DOWN_Q3_50_75|DOWN_Q2_25_50,us_open|us_open|mcx_tail,1,43,0.023255813953488372,0.25,0.8151658767772512,0.003791469194312796,True
WTI_session,2,post_ceasefire_complex,UP_Q4_75_90|DOWN_Q3_50_75|DOWN_Q5_90_100,us_open|mcx_tail|other_valid_hours,1,43,0.023255813953488372,0.25,0.8151658767772512,0.003791469194312796,True
WTI_session,2,post_ceasefire_complex,UP_Q5_90_100|DOWN_Q5_90_100|DOWN_Q2_25_50,us_pre_open|us_open|us_open,1,43,0.023255813953488372,0.25,0.8151658767772512,0.003791469194312796,True
WTI_session,2,post_ceasefire_complex,UP_Q5_90_100|DOWN_Q5_90_100|UP_Q2_25_50,global_reopen_pre_mcx|mcx_open_drive|india_morning,1,43,0.023255813953488372,0.25,0.8151658767772512,0.003791469194312796,True
WTI_session,2,post_ceasefire_complex,UP_Q5_90_100|FLAT_Q1_0_25|DOWN_Q2_25_50,us_pre_open|us_open|us_open,1,43,0.023255813953488372,0.25,0.8151658767772512,0.003791469194312796,True
WTI_session,2,post_ceasefire_complex,UP_Q5_90_100|FLAT_Q1_0_25|DOWN_Q5_90_100,europe_midday|us_pre_open|us_open,1,43,0.023255813953488372,0.25,0.8151658767772512,0.003791469194312796,True
WTI_session,2,post_ceasefire_complex,UP_Q5_90_100|FLAT_Q1_0_25|FLAT_Q1_0_25,mcx_open_drive|india_morning|india_midday,1,43,0.023255813953488372,0.25,0.8151658767772512,0.003791469194312796,True
WTI_session,2,post_ceasefire_complex,UP_Q5_90_100|FLAT_Q1_0_25|UP_Q3_50_75,india_midday|europe_midday|us_pre_open,1,43,0.023255813953488372,0.25,0.8151658767772512,0.003791469194312796,True
BRENT_session,2,post_ceasefire_complex,DOWN_Q2_25_50|DOWN_Q3_50_75|DOWN_Q2_25_50,europe_midday|us_pre_open|us_open,1,43,0.023255813953488372,0.3333333333333333,0.7633136094674555,0.003550295857988165,True
BRENT_session,2,post_ceasefire_complex,DOWN_Q2_25_50|UP_Q3_50_75|DOWN_Q2_25_50,india_midday|europe_midday|us_pre_open,1,43,0.023255813953488372,0.3333333333333333,0.7633136094674555,0.003550295857988165,True
BRENT_session,2,post_ceasefire_complex,DOWN_Q2_25_50|UP_Q3_50_75|FLAT_Q1_0_25,india_morning|india_midday|europe_midday,1,43,0.023255813953488372,0.3333333333333333,0.7633136094674555,0.003550295857988165,True
BRENT_session,2,post_ceasefire_complex,DOWN_Q2_25_50|UP_Q3_50_75|UP_Q3_50_75,us_open|mcx_tail|other_valid_hours,1,43,0.023255813953488372,0.3333333333333333,0.7633136094674555,0.003550295857988165,True
BRENT_session,2,post_ceasefire_complex,DOWN_Q3_50_75|DOWN_Q2_25_50|DOWN_Q2_25_50,us_pre_open|us_open|us_open,1,43,0.023255813953488372,0.3333333333333333,0.7633136094674555,0.003550295857988165,True
BRENT_session,2,post_ceasefire_complex,DOWN_Q4_75_90|UP_Q2_25_50|DOWN_Q2_25_50,europe_midday|us_pre_open|us_open,1,43,0.023255813953488372,0.3333333333333333,0.7633136094674555,0.003550295857988165,True
BRENT_session,2,post_ceasefire_complex,DOWN_Q4_75_90|UP_Q2_25_50|DOWN_Q5_90_100,mcx_open_drive|india_morning|india_midday,1,43,0.023255813953488372,0.3333333333333333,0.7633136094674555,0.003550295857988165,True
BRENT_session,2,post_ceasefire_complex,DOWN_Q4_75_90|UP_Q2_25_50|FLAT_Q1_0_25,us_open|us_open|mcx_tail,1,43,0.023255813953488372,0.3333333333333333,0.7633136094674555,0.003550295857988165,True
BRENT_session,2,post_ceasefire_complex,DOWN_Q4_75_90|UP_Q5_90_100|DOWN_Q1_0_25,mcx_open_drive|india_morning|india_midday,1,43,0.023255813953488372,0.3333333333333333,0.7633136094674555,0.003550295857988165,True
BRENT_session,2,post_ceasefire_complex,DOWN_Q4_75_90|UP_Q5_90_100|FLAT_Q1_0_25,india_midday|europe_midday|us_pre_open,1,43,0.023255813953488372,0.3333333333333333,0.7633136094674555,0.003550295857988165,True
BRENT_session,2,post_ceasefire_complex,DOWN_Q4_75_90|UP_Q5_90_100|UP_Q2_25_50,europe_midday|us_pre_open|us_open,1,43,0.023255813953488372,0.3333333333333333,0.7633136094674555,0.003550295857988165,True
BRENT_session,2,post_ceasefire_complex,DOWN_Q5_90_100|UP_Q3_50_75|DOWN_Q5_90_100,us_open|us_open|mcx_tail,1,43,0.023255813953488372,0.3333333333333333,0.7633136094674555,0.003550295857988165,True
BRENT_session,2,post_ceasefire_complex,DOWN_Q5_90_100|UP_Q3_50_75|FLAT_Q1_0_25,europe_midday|us_pre_open|us_open,1,43,0.023255813953488372,0.3333333333333333,0.7633136094674555,0.003550295857988165,True
BRENT_session,2,post_ceasefire_complex,DOWN_Q5_90_100|UP_Q3_50_75|UP_Q3_50_75,us_open|mcx_tail|other_valid_hours,1,43,0.023255813953488372,0.3333333333333333,0.7633136094674555,0.003550295857988165,True
BRENT_session,2,post_ceasefire_complex,FLAT_Q1_0_25|DOWN_Q4_75_90|DOWN_Q4_75_90,europe_midday|us_pre_open|us_open,1,43,0.023255813953488372,0.3333333333333333,0.7633136094674555,0.003550295857988165,True
BRENT_session,2,post_ceasefire_complex,FLAT_Q1_0_25|DOWN_Q4_75_90|UP_Q3_50_75,europe_midday|us_pre_open|us_open,1,43,0.023255813953488372,0.3333333333333333,0.7633136094674555,0.003550295857988165,True
BRENT_session,2,post_ceasefire_complex,FLAT_Q1_0_25|DOWN_Q4_75_90|UP_Q5_90_100,global_reopen_pre_mcx|mcx_open_drive|india_morning,1,43,0.023255813953488372,0.3333333333333333,0.7633136094674555,0.003550295857988165,True
BRENT_session,2,post_ceasefire_complex,FLAT_Q1_0_25|DOWN_Q5_90_100|DOWN_Q2_25_50,us_pre_open|us_open|us_open,1,43,0.023255813953488372,0.3333333333333333,0.7633136094674555,0.003550295857988165,True
BRENT_session,2,post_ceasefire_complex,FLAT_Q1_0_25|UP_Q4_75_90|UP_Q4_75_90,global_reopen_pre_mcx|mcx_open_drive|india_morning,1,43,0.023255813953488372,0.3333333333333333,0.7633136094674555,0.003550295857988165,True
BRENT_session,2,post_ceasefire_complex,FLAT_Q2_25_50|UP_Q2_25_50|DOWN_Q2_25_50,mcx_open_drive|india_morning|india_midday,1,43,0.023255813953488372,0.3333333333333333,0.7633136094674555,0.003550295857988165,True
BRENT_session,2,post_ceasefire_complex,FLAT_Q2_25_50|UP_Q2_25_50|DOWN_Q4_75_90,mcx_open_drive|india_morning|india_midday,1,43,0.023255813953488372,0.3333333333333333,0.7633136094674555,0.003550295857988165,True
BRENT_session,2,post_ceasefire_complex,FLAT_Q2_25_50|UP_Q2_25_50|UP_Q5_90_100,europe_midday|us_pre_open|us_open,1,43,0.023255813953488372,0.3333333333333333,0.7633136094674555,0.003550295857988165,True
BRENT_session,2,post_ceasefire_complex,UP_Q1_0_25|DOWN_Q3_50_75|DOWN_Q3_50_75,us_pre_open|us_open|us_open,1,43,0.023255813953488372,0.3333333333333333,0.7633136094674555,0.003550295857988165,True
BRENT_session,2,post_ceasefire_complex,UP_Q1_0_25|DOWN_Q3_50_75|FLAT_Q1_0_25,us_pre_open|us_open|us_open,1,43,0.023255813953488372,0.3333333333333333,0.7633136094674555,0.003550295857988165,True
BRENT_session,2,post_ceasefire_complex,UP_Q1_0_25|DOWN_Q3_50_75|UP_Q1_0_25,us_pre_open|us_open|us_open,1,43,0.023255813953488372,0.3333333333333333,0.7633136094674555,0.003550295857988165,True
BRENT_session,2,post_ceasefire_complex,UP_Q2_25_50|UP_Q5_90_100|DOWN_Q3_50_75,us_open|us_open|mcx_tail,1,43,0.023255813953488372,0.3333333333333333,0.7633136094674555,0.003550295857988165,True
BRENT_session,2,post_ceasefire_complex,UP_Q2_25_50|UP_Q5_90_100|DOWN_Q5_90_100,global_reopen_pre_mcx|mcx_open_drive|india_morning,1,43,0.023255813953488372,0.3333333333333333,0.7633136094674555,0.003550295857988165,True
BRENT_session,2,post_ceasefire_complex,UP_Q2_25_50|UP_Q5_90_100|UP_Q3_50_75,us_pre_open|us_open|us_open,1,43,0.023255813953488372,0.3333333333333333,0.7633136094674555,0.003550295857988165,True
BRENT_session,2,post_ceasefire_complex,UP_Q3_50_75|UP_Q4_75_90|DOWN_Q1_0_25,india_midday|europe_midday|us_pre_open,1,43,0.023255813953488372,0.3333333333333333,0.7633136094674555,0.003550295857988165,True
BRENT_session,2,post_ceasefire_complex,UP_Q3_50_75|UP_Q4_75_90|DOWN_Q2_25_50,us_pre_open|us_open|us_open,1,43,0.023255813953488372,0.3333333333333333,0.7633136094674555,0.003550295857988165,True
BRENT_session,2,post_ceasefire_complex,UP_Q3_50_75|UP_Q4_75_90|DOWN_Q4_75_90,us_open|us_open|mcx_tail,1,43,0.023255813953488372,0.3333333333333333,0.7633136094674555,0.003550295857988165,True
BRENT_session,2,post_ceasefire_complex,UP_Q4_75_90|FLAT_Q1_0_25|DOWN_Q2_25_50,us_pre_open|us_open|us_open,1,43,0.023255813953488372,0.3333333333333333,0.7633136094674555,0.003550295857988165,True
BRENT_session,2,post_ceasefire_complex,UP_Q4_75_90|FLAT_Q1_0_25|FLAT_Q2_25_50,us_open|mcx_tail|other_valid_hours,1,43,0.023255813953488372,0.3333333333333333,0.7633136094674555,0.003550295857988165,True
BRENT_session,2,post_ceasefire_complex,UP_Q4_75_90|FLAT_Q1_0_25|UP_Q3_50_75,india_midday|europe_midday|us_pre_open,1,43,0.023255813953488372,0.3333333333333333,0.7633136094674555,0.003550295857988165,True
BRENT_session,2,post_ceasefire_complex,UP_Q4_75_90|UP_Q3_50_75|DOWN_Q5_90_100,global_reopen_pre_mcx|mcx_open_drive|india_morning,1,43,0.023255813953488372,0.3333333333333333,0.7633136094674555,0.003550295857988165,True
BRENT_session,2,post_ceasefire_complex,UP_Q4_75_90|UP_Q3_50_75|UP_Q2_25_50,us_pre_open|us_open|us_open,1,43,0.023255813953488372,0.3333333333333333,0.7633136094674555,0.003550295857988165,True
BRENT_session,2,post_ceasefire_complex,UP_Q4_75_90|UP_Q3_50_75|UP_Q3_50_75,india_morning|india_midday|europe_midday,1,43,0.023255813953488372,0.3333333333333333,0.7633136094674555,0.003550295857988165,True
BRENT_session,2,post_ceasefire_complex,UP_Q4_75_90|UP_Q4_75_90|UP_Q4_75_90,mcx_open_drive|india_morning|india_midday,1,43,0.023255813953488372,0.3333333333333333,0.7633136094674555,0.003550295857988165,True
BRENT_session,2,post_ceasefire_complex,UP_Q5_90_100|UP_Q2_25_50|DOWN_Q2_25_50,mcx_open_drive|india_morning|india_midday,1,43,0.023255813953488372,0.3333333333333333,0.7633136094674555,0.003550295857988165,True
BRENT_session,2,post_ceasefire_complex,UP_Q5_90_100|UP_Q2_25_50|UP_Q2_25_50,india_morning|india_midday|europe_midday,1,43,0.023255813953488372,0.3333333333333333,0.7633136094674555,0.003550295857988165,True
BRENT_session,2,post_ceasefire_complex,UP_Q5_90_100|UP_Q2_25_50|UP_Q5_90_100,us_pre_open|us_open|us_open,1,43,0.023255813953488372,0.3333333333333333,0.7633136094674555,0.003550295857988165,True
WTI_session,2,post_ceasefire_complex,DOWN_Q2_25_50|FLAT_Q2_25_50|UP_Q3_50_75,global_reopen_pre_mcx|mcx_open_drive|india_morning,1,43,0.023255813953488372,0.3333333333333333,0.7633136094674555,0.003550295857988165,True
WTI_session,2,post_ceasefire_complex,DOWN_Q2_25_50|UP_Q5_90_100|UP_Q4_75_90,us_pre_open|us_open|us_open,1,43,0.023255813953488372,0.3333333333333333,0.7633136094674555,0.003550295857988165,True
WTI_session,2,post_ceasefire_complex,DOWN_Q3_50_75|DOWN_Q4_75_90|DOWN_Q4_75_90,mcx_open_drive|india_morning|india_midday,1,43,0.023255813953488372,0.3333333333333333,0.7633136094674555,0.003550295857988165,True
WTI_session,2,post_ceasefire_complex,DOWN_Q3_50_75|DOWN_Q4_75_90|UP_Q2_25_50,global_reopen_pre_mcx|mcx_open_drive|india_morning,1,43,0.023255813953488372,0.3333333333333333,0.7633136094674555,0.003550295857988165,True
WTI_session,2,post_ceasefire_complex,DOWN_Q3_50_75|DOWN_Q4_75_90|UP_Q3_50_75,india_midday|europe_midday|us_pre_open,1,43,0.023255813953488372,0.3333333333333333,0.7633136094674555,0.003550295857988165,True
WTI_session,2,post_ceasefire_complex,DOWN_Q5_90_100|UP_Q2_25_50|FLAT_Q1_0_25,europe_midday|us_pre_open|us_open,1,43,0.023255813953488372,0.3333333333333333,0.7633136094674555,0.003550295857988165,True
WTI_session,2,post_ceasefire_complex,DOWN_Q5_90_100|UP_Q2_25_50|UP_Q2_25_50,mcx_open_drive|india_morning|india_midday,1,43,0.023255813953488372,0.3333333333333333,0.7633136094674555,0.003550295857988165,True
WTI_session,2,post_ceasefire_complex,DOWN_Q5_90_100|UP_Q2_25_50|UP_Q4_75_90,us_pre_open|us_open|us_open,1,43,0.023255813953488372,0.3333333333333333,0.7633136094674555,0.003550295857988165,True
WTI_session,2,post_ceasefire_complex,DOWN_Q5_90_100|UP_Q3_50_75|DOWN_Q2_25_50,mcx_open_drive|india_morning|india_midday,1,43,0.023255813953488372,0.3333333333333333,0.7633136094674555,0.003550295857988165,True
WTI_session,2,post_ceasefire_complex,DOWN_Q5_90_100|UP_Q3_50_75|DOWN_Q5_90_100,us_open|us_open|mcx_tail,1,43,0.023255813953488372,0.3333333333333333,0.7633136094674555,0.003550295857988165,True
WTI_session,2,post_ceasefire_complex,DOWN_Q5_90_100|UP_Q3_50_75|FLAT_Q1_0_25,india_morning|india_midday|europe_midday,1,43,0.023255813953488372,0.3333333333333333,0.7633136094674555,0.003550295857988165,True
WTI_session,2,post_ceasefire_complex,FLAT_Q1_0_25|UP_Q1_0_25|FLAT_Q1_0_25,europe_midday|us_pre_open|us_open,1,43,0.023255813953488372,0.3333333333333333,0.7633136094674555,0.003550295857988165,True
WTI_session,2,post_ceasefire_complex,FLAT_Q2_25_50|FLAT_Q1_0_25|DOWN_Q1_0_25,mcx_open_drive|india_morning|india_midday,1,43,0.023255813953488372,0.3333333333333333,0.7633136094674555,0.003550295857988165,True
WTI_session,2,post_ceasefire_complex,FLAT_Q2_25_50|FLAT_Q1_0_25|DOWN_Q4_75_90,mcx_open_drive|india_morning|india_midday,1,43,0.023255813953488372,0.3333333333333333,0.7633136094674555,0.003550295857988165,True
WTI_session,2,post_ceasefire_complex,FLAT_Q2_25_50|FLAT_Q1_0_25|FLAT_Q1_0_25,mcx_open_drive|india_morning|india_midday,1,43,0.023255813953488372,0.3333333333333333,0.7633136094674555,0.003550295857988165,True
WTI_session,2,post_ceasefire_complex,UP_Q2_25_50|DOWN_Q2_25_50|UP_Q5_90_100,india_midday|europe_midday|us_pre_open,1,43,0.023255813953488372,0.3333333333333333,0.7633136094674555,0.003550295857988165,True
WTI_session,2,post_ceasefire_complex,UP_Q2_25_50|DOWN_Q5_90_100|DOWN_Q3_50_75,india_morning|india_midday|europe_midday,1,43,0.023255813953488372,0.3333333333333333,0.7633136094674555,0.003550295857988165,True
WTI_session,2,post_ceasefire_complex,UP_Q2_25_50|DOWN_Q5_90_100|DOWN_Q4_75_90,europe_midday|us_pre_open|us_open,1,43,0.023255813953488372,0.3333333333333333,0.7633136094674555,0.003550295857988165,True
WTI_session,2,post_ceasefire_complex,UP_Q2_25_50|DOWN_Q5_90_100|FLAT_Q2_25_50,us_open|us_open|mcx_tail,1,43,0.023255813953488372,0.3333333333333333,0.7633136094674555,0.003550295857988165,True
WTI_session,2,post_ceasefire_complex,UP_Q2_25_50|FLAT_Q1_0_25|DOWN_Q4_75_90,us_pre_open|us_open|us_open,1,43,0.023255813953488372,0.3333333333333333,0.7633136094674555,0.003550295857988165,True
WTI_session,2,post_ceasefire_complex,UP_Q2_25_50|FLAT_Q1_0_25|UP_Q2_25_50,india_midday|europe_midday|us_pre_open,1,43,0.023255813953488372,0.3333333333333333,0.7633136094674555,0.003550295857988165,True
WTI_session,2,post_ceasefire_complex,UP_Q2_25_50|FLAT_Q1_0_25|UP_Q3_50_75,india_morning|india_midday|europe_midday,1,43,0.023255813953488372,0.3333333333333333,0.7633136094674555,0.003550295857988165,True
WTI_session,2,post_ceasefire_complex,UP_Q2_25_50|FLAT_Q2_25_50|DOWN_Q5_90_100,us_open|mcx_tail|other_valid_hours,1,43,0.023255813953488372,0.3333333333333333,0.7633136094674555,0.003550295857988165,True
WTI_session,2,post_ceasefire_complex,UP_Q2_25_50|FLAT_Q2_25_50|FLAT_Q1_0_25,global_reopen_pre_mcx|mcx_open_drive|india_morning,1,43,0.023255813953488372,0.3333333333333333,0.7633136094674555,0.003550295857988165,True
WTI_session,2,post_ceasefire_complex,UP_Q2_25_50|FLAT_Q2_25_50|UP_Q3_50_75,global_reopen_pre_mcx|mcx_open_drive|india_morning,1,43,0.023255813953488372,0.3333333333333333,0.7633136094674555,0.003550295857988165,True
WTI_session,2,post_ceasefire_complex,UP_Q2_25_50|UP_Q2_25_50|DOWN_Q2_25_50,india_morning|india_midday|europe_midday,1,43,0.023255813953488372,0.3333333333333333,0.7633136094674555,0.003550295857988165,True
WTI_session,2,post_ceasefire_complex,UP_Q2_25_50|UP_Q2_25_50|DOWN_Q4_75_90,india_morning|india_midday|europe_midday,1,43,0.023255813953488372,0.3333333333333333,0.7633136094674555,0.003550295857988165,True
WTI_session,2,post_ceasefire_complex,UP_Q2_25_50|UP_Q2_25_50|FLAT_Q1_0_25,us_open|mcx_tail|other_valid_hours,1,43,0.023255813953488372,0.3333333333333333,0.7633136094674555,0.003550295857988165,True
WTI_session,2,post_ceasefire_complex,UP_Q2_25_50|UP_Q4_75_90|DOWN_Q3_50_75,us_open|us_open|mcx_tail,1,43,0.023255813953488372,0.3333333333333333,0.7633136094674555,0.003550295857988165,True
WTI_session,2,post_ceasefire_complex,UP_Q2_25_50|UP_Q4_75_90|FLAT_Q1_0_25,us_open|us_open|mcx_tail,1,43,0.023255813953488372,0.3333333333333333,0.7633136094674555,0.003550295857988165,True
WTI_session,2,post_ceasefire_complex,UP_Q2_25_50|UP_Q4_75_90|UP_Q4_75_90,india_midday|europe_midday|us_pre_open,1,43,0.023255813953488372,0.3333333333333333,0.7633136094674555,0.003550295857988165,True
WTI_session,2,post_ceasefire_complex,UP_Q3_50_75|DOWN_Q5_90_100|DOWN_Q3_50_75,mcx_open_drive|india_morning|india_midday,1,43,0.023255813953488372,0.3333333333333333,0.7633136094674555,0.003550295857988165,True
WTI_session,2,post_ceasefire_complex,UP_Q3_50_75|DOWN_Q5_90_100|UP_Q2_25_50,india_midday|europe_midday|us_pre_open,1,43,0.023255813953488372,0.3333333333333333,0.7633136094674555,0.003550295857988165,True
WTI_session,2,post_ceasefire_complex,UP_Q3_50_75|DOWN_Q5_90_100|UP_Q5_90_100,us_open|mcx_tail|other_valid_hours,1,43,0.023255813953488372,0.3333333333333333,0.7633136094674555,0.003550295857988165,True
WTI_session,2,post_ceasefire_complex,UP_Q4_75_90|DOWN_Q5_90_100|FLAT_Q1_0_25,us_open|mcx_tail|other_valid_hours,1,43,0.023255813953488372,0.3333333333333333,0.7633136094674555,0.003550295857988165,True
WTI_session,2,post_ceasefire_complex,UP_Q4_75_90|DOWN_Q5_90_100|UP_Q3_50_75,us_open|mcx_tail|other_valid_hours,1,43,0.023255813953488372,0.3333333333333333,0.7633136094674555,0.003550295857988165,True
WTI_session,2,post_ceasefire_complex,UP_Q4_75_90|DOWN_Q5_90_100|UP_Q5_90_100,us_open|mcx_tail|other_valid_hours,1,43,0.023255813953488372,0.3333333333333333,0.7633136094674555,0.003550295857988165,True
WTI_session,2,post_ceasefire_complex,UP_Q4_75_90|FLAT_Q1_0_25|DOWN_Q3_50_75,us_open|mcx_tail|other_valid_hours,1,43,0.023255813953488372,0.3333333333333333,0.7633136094674555,0.003550295857988165,True
WTI_session,2,post_ceasefire_complex,UP_Q4_75_90|FLAT_Q1_0_25|DOWN_Q5_90_100,us_pre_open|us_open|us_open,1,43,0.023255813953488372,0.3333333333333333,0.7633136094674555,0.003550295857988165,True
WTI_session,2,post_ceasefire_complex,UP_Q4_75_90|FLAT_Q1_0_25|FLAT_Q1_0_25,global_reopen_pre_mcx|mcx_open_drive|india_morning,1,43,0.023255813953488372,0.3333333333333333,0.7633136094674555,0.003550295857988165,True
BRENT_session,2,post_ceasefire_complex,DOWN_Q1_0_25|DOWN_Q2_25_50|DOWN_Q1_0_25,india_midday|europe_midday|us_pre_open,1,43,0.023255813953488372,0.5,0.6771653543307087,0.0031496062992125984,True
BRENT_session,2,post_ceasefire_complex,DOWN_Q1_0_25|DOWN_Q2_25_50|FLAT_Q1_0_25,us_open|mcx_tail|other_valid_hours,1,43,0.023255813953488372,0.5,0.6771653543307087,0.0031496062992125984,True
BRENT_session,2,post_ceasefire_complex,DOWN_Q1_0_25|UP_Q3_50_75|FLAT_Q1_0_25,india_morning|india_midday|europe_midday,1,43,0.023255813953488372,0.5,0.6771653543307087,0.0031496062992125984,True
BRENT_session,2,post_ceasefire_complex,DOWN_Q1_0_25|UP_Q3_50_75|UP_Q3_50_75,us_pre_open|us_open|us_open,1,43,0.023255813953488372,0.5,0.6771653543307087,0.0031496062992125984,True
BRENT_session,2,post_ceasefire_complex,DOWN_Q2_25_50|DOWN_Q1_0_25|FLAT_Q1_0_25,europe_midday|us_pre_open|us_open,1,43,0.023255813953488372,0.5,0.6771653543307087,0.0031496062992125984,True
BRENT_session,2,post_ceasefire_complex,DOWN_Q2_25_50|DOWN_Q1_0_25|UP_Q3_50_75,europe_midday|us_pre_open|us_open,1,43,0.023255813953488372,0.5,0.6771653543307087,0.0031496062992125984,True
BRENT_session,2,post_ceasefire_complex,DOWN_Q2_25_50|DOWN_Q4_75_90|UP_Q2_25_50,india_midday|europe_midday|us_pre_open,1,43,0.023255813953488372,0.5,0.6771653543307087,0.0031496062992125984,True
BRENT_session,2,post_ceasefire_complex,DOWN_Q2_25_50|DOWN_Q4_75_90|UP_Q3_50_75,europe_midday|us_pre_open|us_open,1,43,0.023255813953488372,0.5,0.6771653543307087,0.0031496062992125984,True
BRENT_session,2,post_ceasefire_complex,DOWN_Q2_25_50|DOWN_Q5_90_100|UP_Q1_0_25,india_midday|europe_midday|us_pre_open,1,43,0.023255813953488372,0.5,0.6771653543307087,0.0031496062992125984,True
BRENT_session,2,post_ceasefire_complex,DOWN_Q2_25_50|DOWN_Q5_90_100|UP_Q4_75_90,europe_midday|us_pre_open|us_open,1,43,0.023255813953488372,0.5,0.6771653543307087,0.0031496062992125984,True
BRENT_session,2,post_ceasefire_complex,DOWN_Q2_25_50|UP_Q4_75_90|DOWN_Q5_90_100,us_open|mcx_tail|other_valid_hours,1,43,0.023255813953488372,0.5,0.6771653543307087,0.0031496062992125984,True
BRENT_session,2,post_ceasefire_complex,DOWN_Q2_25_50|UP_Q4_75_90|FLAT_Q2_25_50,india_morning|india_midday|europe_midday,1,43,0.023255813953488372,0.5,0.6771653543307087,0.0031496062992125984,True
BRENT_session,2,post_ceasefire_complex,DOWN_Q2_25_50|UP_Q5_90_100|DOWN_Q5_90_100,europe_midday|us_pre_open|us_open,1,43,0.023255813953488372,0.5,0.6771653543307087,0.0031496062992125984,True
BRENT_session,2,post_ceasefire_complex,DOWN_Q2_25_50|UP_Q5_90_100|FLAT_Q2_25_50,us_open|mcx_tail|other_valid_hours,1,43,0.023255813953488372,0.5,0.6771653543307087,0.0031496062992125984,True
BRENT_session,2,post_ceasefire_complex,DOWN_Q3_50_75|DOWN_Q4_75_90|DOWN_Q3_50_75,india_morning|india_midday|europe_midday,1,43,0.023255813953488372,0.5,0.6771653543307087,0.0031496062992125984,True
BRENT_session,2,post_ceasefire_complex,DOWN_Q3_50_75|DOWN_Q4_75_90|FLAT_Q1_0_25,global_reopen_pre_mcx|mcx_open_drive|india_morning,1,43,0.023255813953488372,0.5,0.6771653543307087,0.0031496062992125984,True
BRENT_session,2,post_ceasefire_complex,DOWN_Q3_50_75|UP_Q1_0_25|DOWN_Q5_90_100,mcx_open_drive|india_morning|india_midday,1,43,0.023255813953488372,0.5,0.6771653543307087,0.0031496062992125984,True
BRENT_session,2,post_ceasefire_complex,DOWN_Q3_50_75|UP_Q1_0_25|FLAT_Q1_0_25,us_open|us_open|mcx_tail,1,43,0.023255813953488372,0.5,0.6771653543307087,0.0031496062992125984,True
BRENT_session,2,post_ceasefire_complex,DOWN_Q3_50_75|UP_Q4_75_90|DOWN_Q1_0_25,us_pre_open|us_open|us_open,1,43,0.023255813953488372,0.5,0.6771653543307087,0.0031496062992125984,True
BRENT_session,2,post_ceasefire_complex,DOWN_Q3_50_75|UP_Q4_75_90|UP_Q3_50_75,europe_midday|us_pre_open|us_open,1,43,0.023255813953488372,0.5,0.6771653543307087,0.0031496062992125984,True
BRENT_session,2,post_ceasefire_complex,DOWN_Q3_50_75|UP_Q5_90_100|FLAT_Q1_0_25,europe_midday|us_pre_open|us_open,1,43,0.023255813953488372,0.5,0.6771653543307087,0.0031496062992125984,True
BRENT_session,2,post_ceasefire_complex,DOWN_Q3_50_75|UP_Q5_90_100|UP_Q4_75_90,us_pre_open|us_open|us_open,1,43,0.023255813953488372,0.5,0.6771653543307087,0.0031496062992125984,True
BRENT_session,2,post_ceasefire_complex,DOWN_Q4_75_90|DOWN_Q2_25_50|DOWN_Q5_90_100,india_midday|europe_midday|us_pre_open,1,43,0.023255813953488372,0.5,0.6771653543307087,0.0031496062992125984,True
BRENT_session,2,post_ceasefire_complex,DOWN_Q4_75_90|DOWN_Q2_25_50|UP_Q3_50_75,us_open|us_open|mcx_tail,1,43,0.023255813953488372,0.5,0.6771653543307087,0.0031496062992125984,True
BRENT_session,2,post_ceasefire_complex,DOWN_Q4_75_90|FLAT_Q1_0_25|DOWN_Q2_25_50,mcx_open_drive|india_morning|india_midday,1,43,0.023255813953488372,0.5,0.6771653543307087,0.0031496062992125984,True
BRENT_session,2,post_ceasefire_complex,DOWN_Q4_75_90|FLAT_Q1_0_25|FLAT_Q1_0_25,global_reopen_pre_mcx|mcx_open_drive|india_morning,1,43,0.023255813953488372,0.5,0.6771653543307087,0.0031496062992125984,True
BRENT_session,2,post_ceasefire_complex,DOWN_Q4_75_90|UP_Q4_75_90|FLAT_Q1_0_25,europe_midday|us_pre_open|us_open,1,43,0.023255813953488372,0.5,0.6771653543307087,0.0031496062992125984,True
BRENT_session,2,post_ceasefire_complex,DOWN_Q4_75_90|UP_Q4_75_90|UP_Q2_25_50,global_reopen_pre_mcx|mcx_open_drive|india_morning,1,43,0.023255813953488372,0.5,0.6771653543307087,0.0031496062992125984,True
BRENT_session,2,post_ceasefire_complex,DOWN_Q5_90_100|DOWN_Q1_0_25|FLAT_Q1_0_25,india_morning|india_midday|europe_midday,1,43,0.023255813953488372,0.5,0.6771653543307087,0.0031496062992125984,True
BRENT_session,2,post_ceasefire_complex,DOWN_Q5_90_100|DOWN_Q1_0_25|FLAT_Q2_25_50,us_open|us_open|mcx_tail,1,43,0.023255813953488372,0.5,0.6771653543307087,0.0031496062992125984,True
BRENT_session,2,post_ceasefire_complex,DOWN_Q5_90_100|DOWN_Q3_50_75|UP_Q1_0_25,global_reopen_pre_mcx|mcx_open_drive|india_morning,1,43,0.023255813953488372,0.5,0.6771653543307087,0.0031496062992125984,True
BRENT_session,2,post_ceasefire_complex,DOWN_Q5_90_100|DOWN_Q3_50_75|UP_Q5_90_100,india_midday|europe_midday|us_pre_open,1,43,0.023255813953488372,0.5,0.6771653543307087,0.0031496062992125984,True
BRENT_session,2,post_ceasefire_complex,DOWN_Q5_90_100|DOWN_Q4_75_90|UP_Q4_75_90,india_midday|europe_midday|us_pre_open,1,43,0.023255813953488372,0.5,0.6771653543307087,0.0031496062992125984,True
BRENT_session,2,post_ceasefire_complex,DOWN_Q5_90_100|DOWN_Q4_75_90|UP_Q5_90_100,india_midday|europe_midday|us_pre_open,1,43,0.023255813953488372,0.5,0.6771653543307087,0.0031496062992125984,True
BRENT_session,2,post_ceasefire_complex,DOWN_Q5_90_100|DOWN_Q5_90_100|DOWN_Q3_50_75,india_morning|india_midday|europe_midday,1,43,0.023255813953488372,0.5,0.6771653543307087,0.0031496062992125984,True
BRENT_session,2,post_ceasefire_complex,DOWN_Q5_90_100|DOWN_Q5_90_100|UP_Q2_25_50,india_midday|europe_midday|us_pre_open,1,43,0.023255813953488372,0.5,0.6771653543307087,0.0031496062992125984,True
BRENT_session,2,post_ceasefire_complex,DOWN_Q5_90_100|FLAT_Q1_0_25|DOWN_Q2_25_50,global_reopen_pre_mcx|mcx_open_drive|india_morning,1,43,0.023255813953488372,0.5,0.6771653543307087,0.0031496062992125984,True
BRENT_session,2,post_ceasefire_complex,DOWN_Q5_90_100|FLAT_Q1_0_25|DOWN_Q4_75_90,us_open|mcx_tail|other_valid_hours,1,43,0.023255813953488372,0.5,0.6771653543307087,0.0031496062992125984,True
BRENT_session,2,post_ceasefire_complex,FLAT_Q1_0_25|UP_Q5_90_100|DOWN_Q4_75_90,us_open|us_open|mcx_tail,1,43,0.023255813953488372,0.5,0.6771653543307087,0.0031496062992125984,True
BRENT_session,2,post_ceasefire_complex,FLAT_Q1_0_25|UP_Q5_90_100|UP_Q3_50_75,us_open|us_open|mcx_tail,1,43,0.023255813953488372,0.5,0.6771653543307087,0.0031496062992125984,True
BRENT_session,2,post_ceasefire_complex,UP_Q1_0_25|DOWN_Q5_90_100|DOWN_Q4_75_90,india_morning|india_midday|europe_midday,1,43,0.023255813953488372,0.5,0.6771653543307087,0.0031496062992125984,True
BRENT_session,2,post_ceasefire_complex,UP_Q1_0_25|DOWN_Q5_90_100|UP_Q3_50_75,india_midday|europe_midday|us_pre_open,1,43,0.023255813953488372,0.5,0.6771653543307087,0.0031496062992125984,True
BRENT_session,2,post_ceasefire_complex,UP_Q2_25_50|DOWN_Q3_50_75|FLAT_Q1_0_25,india_midday|europe_midday|us_pre_open,1,43,0.023255813953488372,0.5,0.6771653543307087,0.0031496062992125984,True
BRENT_session,2,post_ceasefire_complex,UP_Q2_25_50|DOWN_Q3_50_75|UP_Q2_25_50,us_open|us_open|mcx_tail,1,43,0.023255813953488372,0.5,0.6771653543307087,0.0031496062992125984,True
BRENT_session,2,post_ceasefire_complex,UP_Q2_25_50|DOWN_Q5_90_100|DOWN_Q4_75_90,india_morning|india_midday|europe_midday,1,43,0.023255813953488372,0.5,0.6771653543307087,0.0031496062992125984,True
BRENT_session,2,post_ceasefire_complex,UP_Q2_25_50|DOWN_Q5_90_100|UP_Q2_25_50,india_morning|india_midday|europe_midday,1,43,0.023255813953488372,0.5,0.6771653543307087,0.0031496062992125984,True
BRENT_session,2,post_ceasefire_complex,UP_Q2_25_50|FLAT_Q2_25_50|DOWN_Q2_25_50,us_open|mcx_tail|other_valid_hours,1,43,0.023255813953488372,0.5,0.6771653543307087,0.0031496062992125984,True
BRENT_session,2,post_ceasefire_complex,UP_Q2_25_50|FLAT_Q2_25_50|UP_Q1_0_25,india_midday|europe_midday|us_pre_open,1,43,0.023255813953488372,0.5,0.6771653543307087,0.0031496062992125984,True
BRENT_session,2,post_ceasefire_complex,UP_Q2_25_50|UP_Q1_0_25|DOWN_Q3_50_75,europe_midday|us_pre_open|us_open,1,43,0.023255813953488372,0.5,0.6771653543307087,0.0031496062992125984,True
BRENT_session,2,post_ceasefire_complex,UP_Q2_25_50|UP_Q1_0_25|DOWN_Q4_75_90,india_morning|india_midday|europe_midday,1,43,0.023255813953488372,0.5,0.6771653543307087,0.0031496062992125984,True
BRENT_session,2,post_ceasefire_complex,UP_Q4_75_90|DOWN_Q1_0_25|DOWN_Q2_25_50,us_open|us_open|mcx_tail,1,43,0.023255813953488372,0.5,0.6771653543307087,0.0031496062992125984,True
BRENT_session,2,post_ceasefire_complex,UP_Q4_75_90|DOWN_Q1_0_25|FLAT_Q1_0_25,europe_midday|us_pre_open|us_open,1,43,0.023255813953488372,0.5,0.6771653543307087,0.0031496062992125984,True
BRENT_session,2,post_ceasefire_complex,UP_Q4_75_90|DOWN_Q4_75_90|DOWN_Q3_50_75,mcx_open_drive|india_morning|india_midday,1,43,0.023255813953488372,0.5,0.6771653543307087,0.0031496062992125984,True
BRENT_session,2,post_ceasefire_complex,UP_Q4_75_90|DOWN_Q4_75_90|UP_Q3_50_75,us_open|mcx_tail|other_valid_hours,1,43,0.023255813953488372,0.5,0.6771653543307087,0.0031496062992125984,True
BRENT_session,2,post_ceasefire_complex,UP_Q5_90_100|DOWN_Q4_75_90|UP_Q2_25_50,global_reopen_pre_mcx|mcx_open_drive|india_morning,1,43,0.023255813953488372,0.5,0.6771653543307087,0.0031496062992125984,True
BRENT_session,2,post_ceasefire_complex,UP_Q5_90_100|DOWN_Q4_75_90|UP_Q4_75_90,us_open|mcx_tail|other_valid_hours,1,43,0.023255813953488372,0.5,0.6771653543307087,0.0031496062992125984,True
BRENT_session,2,post_ceasefire_complex,UP_Q5_90_100|DOWN_Q5_90_100|DOWN_Q1_0_25,us_pre_open|us_open|us_open,1,43,0.023255813953488372,0.5,0.6771653543307087,0.0031496062992125984,True
BRENT_session,2,post_ceasefire_complex,UP_Q5_90_100|DOWN_Q5_90_100|DOWN_Q5_90_100,mcx_open_drive|india_morning|india_midday,1,43,0.023255813953488372,0.5,0.6771653543307087,0.0031496062992125984,True
BRENT_session,2,post_ceasefire_complex,UP_Q5_90_100|FLAT_Q1_0_25|DOWN_Q5_90_100,europe_midday|us_pre_open|us_open,1,43,0.023255813953488372,0.5,0.6771653543307087,0.0031496062992125984,True
BRENT_session,2,post_ceasefire_complex,UP_Q5_90_100|FLAT_Q1_0_25|FLAT_Q1_0_25,us_pre_open|us_open|us_open,1,43,0.023255813953488372,0.5,0.6771653543307087,0.0031496062992125984,True
BRENT_session,2,post_ceasefire_complex,UP_Q5_90_100|UP_Q3_50_75|DOWN_Q3_50_75,us_open|mcx_tail|other_valid_hours,1,43,0.023255813953488372,0.5,0.6771653543307087,0.0031496062992125984,True
BRENT_session,2,post_ceasefire_complex,UP_Q5_90_100|UP_Q3_50_75|FLAT_Q1_0_25,us_open|us_open|mcx_tail,1,43,0.023255813953488372,0.5,0.6771653543307087,0.0031496062992125984,True
BRENT_session,2,post_ceasefire_complex,UP_Q5_90_100|UP_Q4_75_90|DOWN_Q4_75_90,global_reopen_pre_mcx|mcx_open_drive|india_morning,1,43,0.023255813953488372,0.5,0.6771653543307087,0.0031496062992125984,True
BRENT_session,2,post_ceasefire_complex,UP_Q5_90_100|UP_Q4_75_90|DOWN_Q5_90_100,us_open|us_open|mcx_tail,1,43,0.023255813953488372,0.5,0.6771653543307087,0.0031496062992125984,True
WTI_session,2,post_ceasefire_complex,DOWN_Q2_25_50|DOWN_Q5_90_100|FLAT_Q1_0_25,india_midday|europe_midday|us_pre_open,1,43,0.023255813953488372,0.5,0.6771653543307087,0.0031496062992125984,True
WTI_session,2,post_ceasefire_complex,DOWN_Q2_25_50|DOWN_Q5_90_100|UP_Q3_50_75,global_reopen_pre_mcx|mcx_open_drive|india_morning,1,43,0.023255813953488372,0.5,0.6771653543307087,0.0031496062992125984,True
WTI_session,2,post_ceasefire_complex,DOWN_Q2_25_50|UP_Q2_25_50|DOWN_Q5_90_100,india_midday|europe_midday|us_pre_open,1,43,0.023255813953488372,0.5,0.6771653543307087,0.0031496062992125984,True
WTI_session,2,post_ceasefire_complex,DOWN_Q2_25_50|UP_Q2_25_50|UP_Q4_75_90,us_pre_open|us_open|us_open,1,43,0.023255813953488372,0.5,0.6771653543307087,0.0031496062992125984,True
WTI_session,2,post_ceasefire_complex,DOWN_Q2_25_50|UP_Q4_75_90|DOWN_Q3_50_75,us_pre_open|us_open|us_open,1,43,0.023255813953488372,0.5,0.6771653543307087,0.0031496062992125984,True
WTI_session,2,post_ceasefire_complex,DOWN_Q2_25_50|UP_Q4_75_90|DOWN_Q5_90_100,us_open|us_open|mcx_tail,1,43,0.023255813953488372,0.5,0.6771653543307087,0.0031496062992125984,True
WTI_session,2,post_ceasefire_complex,DOWN_Q3_50_75|DOWN_Q2_25_50|FLAT_Q2_25_50,us_open|mcx_tail|other_valid_hours,1,43,0.023255813953488372,0.5,0.6771653543307087,0.0031496062992125984,True
WTI_session,2,post_ceasefire_complex,DOWN_Q3_50_75|DOWN_Q2_25_50|UP_Q5_90_100,europe_midday|us_pre_open|us_open,1,43,0.023255813953488372,0.5,0.6771653543307087,0.0031496062992125984,True
WTI_session,2,post_ceasefire_complex,DOWN_Q4_75_90|DOWN_Q1_0_25|FLAT_Q1_0_25,india_morning|india_midday|europe_midday,1,43,0.023255813953488372,0.5,0.6771653543307087,0.0031496062992125984,True
WTI_session,2,post_ceasefire_complex,DOWN_Q4_75_90|DOWN_Q1_0_25|UP_Q3_50_75,europe_midday|us_pre_open|us_open,1,43,0.023255813953488372,0.5,0.6771653543307087,0.0031496062992125984,True
WTI_session,2,post_ceasefire_complex,DOWN_Q4_75_90|DOWN_Q2_25_50|DOWN_Q4_75_90,us_pre_open|us_open|us_open,1,43,0.023255813953488372,0.5,0.6771653543307087,0.0031496062992125984,True
WTI_session,2,post_ceasefire_complex,DOWN_Q4_75_90|DOWN_Q2_25_50|FLAT_Q1_0_25,india_midday|europe_midday|us_pre_open,1,43,0.023255813953488372,0.5,0.6771653543307087,0.0031496062992125984,True
WTI_session,2,post_ceasefire_complex,DOWN_Q4_75_90|DOWN_Q4_75_90|DOWN_Q3_50_75,india_morning|india_midday|europe_midday,1,43,0.023255813953488372,0.5,0.6771653543307087,0.0031496062992125984,True
WTI_session,2,post_ceasefire_complex,DOWN_Q4_75_90|DOWN_Q4_75_90|UP_Q2_25_50,global_reopen_pre_mcx|mcx_open_drive|india_morning,1,43,0.023255813953488372,0.5,0.6771653543307087,0.0031496062992125984,True
WTI_session,2,post_ceasefire_complex,DOWN_Q4_75_90|UP_Q4_75_90|DOWN_Q1_0_25,mcx_open_drive|india_morning|india_midday,1,43,0.023255813953488372,0.5,0.6771653543307087,0.0031496062992125984,True
WTI_session,2,post_ceasefire_complex,DOWN_Q4_75_90|UP_Q4_75_90|DOWN_Q2_25_50,india_morning|india_midday|europe_midday,1,43,0.023255813953488372,0.5,0.6771653543307087,0.0031496062992125984,True
WTI_session,2,post_ceasefire_complex,DOWN_Q5_90_100|UP_Q4_75_90|DOWN_Q2_25_50,us_pre_open|us_open|us_open,1,43,0.023255813953488372,0.5,0.6771653543307087,0.0031496062992125984,True
WTI_session,2,post_ceasefire_complex,DOWN_Q5_90_100|UP_Q4_75_90|FLAT_Q1_0_25,us_open|mcx_tail|other_valid_hours,1,43,0.023255813953488372,0.5,0.6771653543307087,0.0031496062992125984,True
WTI_session,2,post_ceasefire_complex,FLAT_Q2_25_50|DOWN_Q4_75_90|FLAT_Q1_0_25,europe_midday|us_pre_open|us_open,1,43,0.023255813953488372,0.5,0.6771653543307087,0.0031496062992125984,True
WTI_session,2,post_ceasefire_complex,FLAT_Q2_25_50|DOWN_Q4_75_90|UP_Q4_75_90,mcx_open_drive|india_morning|india_midday,1,43,0.023255813953488372,0.5,0.6771653543307087,0.0031496062992125984,True
WTI_session,2,post_ceasefire_complex,FLAT_Q2_25_50|UP_Q4_75_90|DOWN_Q3_50_75,mcx_open_drive|india_morning|india_midday,1,43,0.023255813953488372,0.5,0.6771653543307087,0.0031496062992125984,True
WTI_session,2,post_ceasefire_complex,FLAT_Q2_25_50|UP_Q4_75_90|UP_Q3_50_75,mcx_open_drive|india_morning|india_midday,1,43,0.023255813953488372,0.5,0.6771653543307087,0.0031496062992125984,True
WTI_session,2,post_ceasefire_complex,UP_Q1_0_25|FLAT_Q1_0_25|DOWN_Q2_25_50,us_pre_open|us_open|us_open,1,43,0.023255813953488372,0.5,0.6771653543307087,0.0031496062992125984,True
WTI_session,2,post_ceasefire_complex,UP_Q1_0_25|FLAT_Q1_0_25|FLAT_Q1_0_25,us_pre_open|us_open|us_open,1,43,0.023255813953488372,0.5,0.6771653543307087,0.0031496062992125984,True
WTI_session,2,post_ceasefire_complex,UP_Q1_0_25|UP_Q4_75_90|DOWN_Q2_25_50,us_pre_open|us_open|us_open,1,43,0.023255813953488372,0.5,0.6771653543307087,0.0031496062992125984,True
WTI_session,2,post_ceasefire_complex,UP_Q1_0_25|UP_Q4_75_90|UP_Q4_75_90,us_pre_open|us_open|us_open,1,43,0.023255813953488372,0.5,0.6771653543307087,0.0031496062992125984,True
WTI_session,2,post_ceasefire_complex,UP_Q4_75_90|UP_Q3_50_75|UP_Q2_25_50,us_pre_open|us_open|us_open,1,43,0.023255813953488372,0.5,0.6771653543307087,0.0031496062992125984,True
WTI_session,2,post_ceasefire_complex,UP_Q4_75_90|UP_Q3_50_75|UP_Q4_75_90,india_morning|india_midday|europe_midday,1,43,0.023255813953488372,0.5,0.6771653543307087,0.0031496062992125984,True
WTI_session,2,post_ceasefire_complex,UP_Q4_75_90|UP_Q4_75_90|DOWN_Q5_90_100,us_open|us_open|mcx_tail,1,43,0.023255813953488372,0.5,0.6771653543307087,0.0031496062992125984,True
WTI_session,2,post_ceasefire_complex,UP_Q4_75_90|UP_Q4_75_90|FLAT_Q1_0_25,europe_midday|us_pre_open|us_open,1,43,0.023255813953488372,0.5,0.6771653543307087,0.0031496062992125984,True
WTI_session,2,post_ceasefire_complex,UP_Q4_75_90|UP_Q5_90_100|DOWN_Q5_90_100,global_reopen_pre_mcx|mcx_open_drive|india_morning,1,43,0.023255813953488372,0.5,0.6771653543307087,0.0031496062992125984,True
WTI_session,2,post_ceasefire_complex,UP_Q4_75_90|UP_Q5_90_100|FLAT_Q1_0_25,india_morning|india_midday|europe_midday,1,43,0.023255813953488372,0.5,0.6771653543307087,0.0031496062992125984,True
WTI_session,2,post_ceasefire_complex,UP_Q5_90_100|DOWN_Q3_50_75|DOWN_Q3_50_75,mcx_open_drive|india_morning|india_midday,1,43,0.023255813953488372,0.5,0.6771653543307087,0.0031496062992125984,True
WTI_session,2,post_ceasefire_complex,UP_Q5_90_100|DOWN_Q3_50_75|UP_Q2_25_50,mcx_open_drive|india_morning|india_midday,1,43,0.023255813953488372,0.5,0.6771653543307087,0.0031496062992125984,True
WTI_session,2,post_ceasefire_complex,UP_Q5_90_100|UP_Q4_75_90|DOWN_Q4_75_90,us_open|mcx_tail|other_valid_hours,1,43,0.023255813953488372,0.5,0.6771653543307087,0.0031496062992125984,True
WTI_session,2,post_ceasefire_complex,UP_Q5_90_100|UP_Q4_75_90|DOWN_Q5_90_100,us_open|us_open|mcx_tail,1,43,0.023255813953488372,0.5,0.6771653543307087,0.0031496062992125984,True
BRENT_session,2,post_ceasefire_complex,DOWN_Q1_0_25|FLAT_Q2_25_50|UP_Q2_25_50,us_open|mcx_tail|other_valid_hours,1,43,0.023255813953488372,1.0,0.5058823529411764,0.0023529411764705885,True
BRENT_session,2,post_ceasefire_complex,DOWN_Q2_25_50|FLAT_Q2_25_50|UP_Q2_25_50,global_reopen_pre_mcx|mcx_open_drive|india_morning,1,43,0.023255813953488372,1.0,0.5058823529411764,0.0023529411764705885,True
BRENT_session,2,post_ceasefire_complex,DOWN_Q3_50_75|DOWN_Q1_0_25|FLAT_Q1_0_25,europe_midday|us_pre_open|us_open,1,43,0.023255813953488372,1.0,0.5058823529411764,0.0023529411764705885,True
BRENT_session,2,post_ceasefire_complex,DOWN_Q4_75_90|DOWN_Q4_75_90|DOWN_Q2_25_50,us_pre_open|us_open|us_open,1,43,0.023255813953488372,1.0,0.5058823529411764,0.0023529411764705885,True
BRENT_session,2,post_ceasefire_complex,DOWN_Q4_75_90|UP_Q1_0_25|DOWN_Q5_90_100,india_morning|india_midday|europe_midday,1,43,0.023255813953488372,1.0,0.5058823529411764,0.0023529411764705885,True
BRENT_session,2,post_ceasefire_complex,DOWN_Q5_90_100|DOWN_Q2_25_50|UP_Q5_90_100,us_open|us_open|mcx_tail,1,43,0.023255813953488372,1.0,0.5058823529411764,0.0023529411764705885,True
BRENT_session,2,post_ceasefire_complex,DOWN_Q5_90_100|FLAT_Q2_25_50|DOWN_Q4_75_90,global_reopen_pre_mcx|mcx_open_drive|india_morning,1,43,0.023255813953488372,1.0,0.5058823529411764,0.0023529411764705885,True
BRENT_session,2,post_ceasefire_complex,DOWN_Q5_90_100|UP_Q1_0_25|DOWN_Q3_50_75,europe_midday|us_pre_open|us_open,1,43,0.023255813953488372,1.0,0.5058823529411764,0.0023529411764705885,True
BRENT_session,2,post_ceasefire_complex,DOWN_Q5_90_100|UP_Q4_75_90|UP_Q4_75_90,us_pre_open|us_open|us_open,1,43,0.023255813953488372,1.0,0.5058823529411764,0.0023529411764705885,True
BRENT_session,2,post_ceasefire_complex,FLAT_Q1_0_25|UP_Q1_0_25|DOWN_Q1_0_25,mcx_open_drive|india_morning|india_midday,1,43,0.023255813953488372,1.0,0.5058823529411764,0.0023529411764705885,True
BRENT_session,2,post_ceasefire_complex,FLAT_Q2_25_50|DOWN_Q2_25_50|UP_Q4_75_90,mcx_open_drive|india_morning|india_midday,1,43,0.023255813953488372,1.0,0.5058823529411764,0.0023529411764705885,True
BRENT_session,2,post_ceasefire_complex,FLAT_Q2_25_50|DOWN_Q3_50_75|UP_Q3_50_75,mcx_open_drive|india_morning|india_midday,1,43,0.023255813953488372,1.0,0.5058823529411764,0.0023529411764705885,True
BRENT_session,2,post_ceasefire_complex,FLAT_Q2_25_50|DOWN_Q4_75_90|UP_Q1_0_25,mcx_open_drive|india_morning|india_midday,1,43,0.023255813953488372,1.0,0.5058823529411764,0.0023529411764705885,True
BRENT_session,2,post_ceasefire_complex,FLAT_Q2_25_50|FLAT_Q1_0_25|DOWN_Q2_25_50,mcx_open_drive|india_morning|india_midday,1,43,0.023255813953488372,1.0,0.5058823529411764,0.0023529411764705885,True
BRENT_session,2,post_ceasefire_complex,FLAT_Q2_25_50|UP_Q1_0_25|DOWN_Q3_50_75,europe_midday|us_pre_open|us_open,1,43,0.023255813953488372,1.0,0.5058823529411764,0.0023529411764705885,True
BRENT_session,2,post_ceasefire_complex,FLAT_Q2_25_50|UP_Q3_50_75|DOWN_Q5_90_100,mcx_open_drive|india_morning|india_midday,1,43,0.023255813953488372,1.0,0.5058823529411764,0.0023529411764705885,True
BRENT_session,2,post_ceasefire_complex,FLAT_Q2_25_50|UP_Q4_75_90|UP_Q3_50_75,mcx_open_drive|india_morning|india_midday,1,43,0.023255813953488372,1.0,0.5058823529411764,0.0023529411764705885,True
BRENT_session,2,post_ceasefire_complex,FLAT_Q2_25_50|UP_Q5_90_100|UP_Q2_25_50,mcx_open_drive|india_morning|india_midday,1,43,0.023255813953488372,1.0,0.5058823529411764,0.0023529411764705885,True
BRENT_session,2,post_ceasefire_complex,FLAT_Q3_50_75|UP_Q2_25_50|DOWN_Q5_90_100,mcx_open_drive|india_morning|india_midday,1,43,0.023255813953488372,1.0,0.5058823529411764,0.0023529411764705885,True
BRENT_session,2,post_ceasefire_complex,FLAT_Q3_50_75|UP_Q3_50_75|DOWN_Q4_75_90,mcx_open_drive|india_morning|india_midday,1,43,0.023255813953488372,1.0,0.5058823529411764,0.0023529411764705885,True
BRENT_session,2,post_ceasefire_complex,UP_Q1_0_25|DOWN_Q1_0_25|DOWN_Q2_25_50,india_morning|india_midday|europe_midday,1,43,0.023255813953488372,1.0,0.5058823529411764,0.0023529411764705885,True
BRENT_session,2,post_ceasefire_complex,UP_Q1_0_25|DOWN_Q4_75_90|UP_Q3_50_75,india_midday|europe_midday|us_pre_open,1,43,0.023255813953488372,1.0,0.5058823529411764,0.0023529411764705885,True
BRENT_session,2,post_ceasefire_complex,UP_Q1_0_25|FLAT_Q1_0_25|FLAT_Q1_0_25,us_open|mcx_tail|other_valid_hours,1,43,0.023255813953488372,1.0,0.5058823529411764,0.0023529411764705885,True
BRENT_session,2,post_ceasefire_complex,UP_Q2_25_50|FLAT_Q3_50_75|UP_Q3_50_75,global_reopen_pre_mcx|mcx_open_drive|india_morning,1,43,0.023255813953488372,1.0,0.5058823529411764,0.0023529411764705885,True
BRENT_session,2,post_ceasefire_complex,UP_Q2_25_50|UP_Q4_75_90|DOWN_Q2_25_50,india_morning|india_midday|europe_midday,1,43,0.023255813953488372,1.0,0.5058823529411764,0.0023529411764705885,True
BRENT_session,2,post_ceasefire_complex,UP_Q3_50_75|DOWN_Q1_0_25|UP_Q3_50_75,mcx_open_drive|india_morning|india_midday,1,43,0.023255813953488372,1.0,0.5058823529411764,0.0023529411764705885,True
BRENT_session,2,post_ceasefire_complex,UP_Q3_50_75|FLAT_Q3_50_75|UP_Q2_25_50,global_reopen_pre_mcx|mcx_open_drive|india_morning,1,43,0.023255813953488372,1.0,0.5058823529411764,0.0023529411764705885,True
BRENT_session,2,post_ceasefire_complex,UP_Q3_50_75|UP_Q5_90_100|UP_Q2_25_50,global_reopen_pre_mcx|mcx_open_drive|india_morning,1,43,0.023255813953488372,1.0,0.5058823529411764,0.0023529411764705885,True
BRENT_session,2,post_ceasefire_complex,UP_Q4_75_90|DOWN_Q3_50_75|UP_Q2_25_50,global_reopen_pre_mcx|mcx_open_drive|india_morning,1,43,0.023255813953488372,1.0,0.5058823529411764,0.0023529411764705885,True
BRENT_session,2,post_ceasefire_complex,UP_Q4_75_90|DOWN_Q5_90_100|UP_Q5_90_100,us_open|mcx_tail|other_valid_hours,1,43,0.023255813953488372,1.0,0.5058823529411764,0.0023529411764705885,True
BRENT_session,2,post_ceasefire_complex,UP_Q4_75_90|FLAT_Q2_25_50|UP_Q2_25_50,india_midday|europe_midday|us_pre_open,1,43,0.023255813953488372,1.0,0.5058823529411764,0.0023529411764705885,True
BRENT_session,2,post_ceasefire_complex,UP_Q4_75_90|UP_Q2_25_50|UP_Q1_0_25,mcx_open_drive|india_morning|india_midday,1,43,0.023255813953488372,1.0,0.5058823529411764,0.0023529411764705885,True
BRENT_session,2,post_ceasefire_complex,UP_Q5_90_100|DOWN_Q1_0_25|FLAT_Q1_0_25,india_morning|india_midday|europe_midday,1,43,0.023255813953488372,1.0,0.5058823529411764,0.0023529411764705885,True
BRENT_session,2,post_ceasefire_complex,UP_Q5_90_100|DOWN_Q2_25_50|DOWN_Q1_0_25,india_midday|europe_midday|us_pre_open,1,43,0.023255813953488372,1.0,0.5058823529411764,0.0023529411764705885,True
BRENT_session,2,post_ceasefire_complex,UP_Q5_90_100|DOWN_Q3_50_75|UP_Q4_75_90,us_open|mcx_tail|other_valid_hours,1,43,0.023255813953488372,1.0,0.5058823529411764,0.0023529411764705885,True
WTI_session,2,post_ceasefire_complex,DOWN_Q1_0_25|DOWN_Q4_75_90|DOWN_Q5_90_100,india_midday|europe_midday|us_pre_open,1,43,0.023255813953488372,1.0,0.5058823529411764,0.0023529411764705885,True
WTI_session,2,post_ceasefire_complex,DOWN_Q1_0_25|FLAT_Q1_0_25|DOWN_Q4_75_90,india_midday|europe_midday|us_pre_open,1,43,0.023255813953488372,1.0,0.5058823529411764,0.0023529411764705885,True
WTI_session,2,post_ceasefire_complex,DOWN_Q1_0_25|FLAT_Q2_25_50|DOWN_Q4_75_90,india_midday|europe_midday|us_pre_open,1,43,0.023255813953488372,1.0,0.5058823529411764,0.0023529411764705885,True
WTI_session,2,post_ceasefire_complex,DOWN_Q1_0_25|UP_Q3_50_75|FLAT_Q1_0_25,us_pre_open|us_open|us_open,1,43,0.023255813953488372,1.0,0.5058823529411764,0.0023529411764705885,True
WTI_session,2,post_ceasefire_complex,DOWN_Q2_25_50|DOWN_Q3_50_75|DOWN_Q4_75_90,global_reopen_pre_mcx|mcx_open_drive|india_morning,1,43,0.023255813953488372,1.0,0.5058823529411764,0.0023529411764705885,True
WTI_session,2,post_ceasefire_complex,DOWN_Q2_25_50|UP_Q1_0_25|UP_Q2_25_50,us_pre_open|us_open|us_open,1,43,0.023255813953488372,1.0,0.5058823529411764,0.0023529411764705885,True
WTI_session,2,post_ceasefire_complex,DOWN_Q3_50_75|DOWN_Q5_90_100|UP_Q1_0_25,india_midday|europe_midday|us_pre_open,1,43,0.023255813953488372,1.0,0.5058823529411764,0.0023529411764705885,True
WTI_session,2,post_ceasefire_complex,DOWN_Q3_50_75|FLAT_Q2_25_50|DOWN_Q4_75_90,global_reopen_pre_mcx|mcx_open_drive|india_morning,1,43,0.023255813953488372,1.0,0.5058823529411764,0.0023529411764705885,True
WTI_session,2,post_ceasefire_complex,DOWN_Q3_50_75|FLAT_Q3_50_75|FLAT_Q1_0_25,global_reopen_pre_mcx|mcx_open_drive|india_morning,1,43,0.023255813953488372,1.0,0.5058823529411764,0.0023529411764705885,True
WTI_session,2,post_ceasefire_complex,DOWN_Q3_50_75|UP_Q4_75_90|UP_Q3_50_75,europe_midday|us_pre_open|us_open,1,43,0.023255813953488372,1.0,0.5058823529411764,0.0023529411764705885,True
WTI_session,2,post_ceasefire_complex,DOWN_Q3_50_75|UP_Q5_90_100|FLAT_Q1_0_25,europe_midday|us_pre_open|us_open,1,43,0.023255813953488372,1.0,0.5058823529411764,0.0023529411764705885,True
WTI_session,2,post_ceasefire_complex,DOWN_Q4_75_90|DOWN_Q5_90_100|UP_Q4_75_90,europe_midday|us_pre_open|us_open,1,43,0.023255813953488372,1.0,0.5058823529411764,0.0023529411764705885,True
WTI_session,2,post_ceasefire_complex,DOWN_Q4_75_90|UP_Q1_0_25|UP_Q4_75_90,europe_midday|us_pre_open|us_open,1,43,0.023255813953488372,1.0,0.5058823529411764,0.0023529411764705885,True
WTI_session,2,post_ceasefire_complex,DOWN_Q4_75_90|UP_Q5_90_100|FLAT_Q1_0_25,india_midday|europe_midday|us_pre_open,1,43,0.023255813953488372,1.0,0.5058823529411764,0.0023529411764705885,True
WTI_session,2,post_ceasefire_complex,DOWN_Q5_90_100|DOWN_Q2_25_50|UP_Q3_50_75,us_open|us_open|mcx_tail,1,43,0.023255813953488372,1.0,0.5058823529411764,0.0023529411764705885,True
WTI_session,2,post_ceasefire_complex,DOWN_Q5_90_100|DOWN_Q4_75_90|UP_Q2_25_50,us_pre_open|us_open|us_open,1,43,0.023255813953488372,1.0,0.5058823529411764,0.0023529411764705885,True
WTI_session,2,post_ceasefire_complex,DOWN_Q5_90_100|FLAT_Q2_25_50|DOWN_Q4_75_90,us_open|mcx_tail|other_valid_hours,1,43,0.023255813953488372,1.0,0.5058823529411764,0.0023529411764705885,True
WTI_session,2,post_ceasefire_complex,DOWN_Q5_90_100|UP_Q1_0_25|FLAT_Q1_0_25,europe_midday|us_pre_open|us_open,1,43,0.023255813953488372,1.0,0.5058823529411764,0.0023529411764705885,True
WTI_session,2,post_ceasefire_complex,DOWN_Q5_90_100|UP_Q5_90_100|DOWN_Q3_50_75,global_reopen_pre_mcx|mcx_open_drive|india_morning,1,43,0.023255813953488372,1.0,0.5058823529411764,0.0023529411764705885,True
WTI_session,2,post_ceasefire_complex,FLAT_Q1_0_25|DOWN_Q1_0_25|FLAT_Q2_25_50,india_morning|india_midday|europe_midday,1,43,0.023255813953488372,1.0,0.5058823529411764,0.0023529411764705885,True
WTI_session,2,post_ceasefire_complex,FLAT_Q2_25_50|DOWN_Q2_25_50|FLAT_Q1_0_25,mcx_open_drive|india_morning|india_midday,1,43,0.023255813953488372,1.0,0.5058823529411764,0.0023529411764705885,True
WTI_session,2,post_ceasefire_complex,FLAT_Q3_50_75|FLAT_Q1_0_25|DOWN_Q2_25_50,mcx_open_drive|india_morning|india_midday,1,43,0.023255813953488372,1.0,0.5058823529411764,0.0023529411764705885,True
WTI_session,2,post_ceasefire_complex,UP_Q1_0_25|DOWN_Q4_75_90|UP_Q3_50_75,india_midday|europe_midday|us_pre_open,1,43,0.023255813953488372,1.0,0.5058823529411764,0.0023529411764705885,True
WTI_session,2,post_ceasefire_complex,UP_Q2_25_50|UP_Q1_0_25|DOWN_Q4_75_90,india_morning|india_midday|europe_midday,1,43,0.023255813953488372,1.0,0.5058823529411764,0.0023529411764705885,True
WTI_session,2,post_ceasefire_complex,UP_Q2_25_50|UP_Q5_90_100|FLAT_Q1_0_25,global_reopen_pre_mcx|mcx_open_drive|india_morning,1,43,0.023255813953488372,1.0,0.5058823529411764,0.0023529411764705885,True
WTI_session,2,post_ceasefire_complex,UP_Q3_50_75|FLAT_Q2_25_50|UP_Q4_75_90,global_reopen_pre_mcx|mcx_open_drive|india_morning,1,43,0.023255813953488372,1.0,0.5058823529411764,0.0023529411764705885,True
WTI_session,2,post_ceasefire_complex,UP_Q3_50_75|UP_Q1_0_25|UP_Q4_75_90,europe_midday|us_pre_open|us_open,1,43,0.023255813953488372,1.0,0.5058823529411764,0.0023529411764705885,True
WTI_session,2,post_ceasefire_complex,UP_Q4_75_90|DOWN_Q1_0_25|DOWN_Q4_75_90,india_morning|india_midday|europe_midday,1,43,0.023255813953488372,1.0,0.5058823529411764,0.0023529411764705885,True
WTI_session,2,post_ceasefire_complex,UP_Q5_90_100|DOWN_Q2_25_50|DOWN_Q2_25_50,india_midday|europe_midday|us_pre_open,1,43,0.023255813953488372,1.0,0.5058823529411764,0.0023529411764705885,True
WTI_session,2,post_ceasefire_complex,UP_Q5_90_100|DOWN_Q4_75_90|UP_Q4_75_90,us_open|mcx_tail|other_valid_hours,1,43,0.023255813953488372,1.0,0.5058823529411764,0.0023529411764705885,True
WTI_session,2,post_ceasefire_complex,UP_Q5_90_100|UP_Q2_25_50|FLAT_Q1_0_25,india_morning|india_midday|europe_midday,1,43,0.023255813953488372,1.0,0.5058823529411764,0.0023529411764705885,True
WTI_session,2,post_ceasefire_complex,UP_Q5_90_100|UP_Q3_50_75|DOWN_Q5_90_100,global_reopen_pre_mcx|mcx_open_drive|india_morning,1,43,0.023255813953488372,1.0,0.5058823529411764,0.0023529411764705885,True
