stream,phase_id,phase_label,leg_triplet,example_window_triplet,n_occurrences,n_phase_dates,support,confidence,consistency,composite_score,low_confidence_flag,p_composite,q_composite
BRENT_session,2,post_ceasefire_complex,FLAT_Q1_0_25|FLAT_Q1_0_25|FLAT_Q1_0_25,global_reopen_pre_mcx|mcx_open_drive|india_morning,7,43,0.1627906976744186,0.3684210526315789,0.8294416243654823,0.1350253807106599,False,1.0,1.0
WTI_session,2,post_ceasefire_complex,FLAT_Q1_0_25|FLAT_Q1_0_25|FLAT_Q1_0_25,india_morning|india_midday|europe_midday,5,43,0.1162790697674418,0.2631578947368421,0.871931696905016,0.1013874066168623,False,1.0,1.0
BRENT_session,2,post_ceasefire_complex,DOWN_Q2_25_50|FLAT_Q1_0_25|UP_Q3_50_75,global_reopen_pre_mcx|mcx_open_drive|india_morning,5,43,0.1162790697674418,0.3571428571428571,0.8058902275769745,0.0937081659973226,False,1.0,1.0
WTI_session,6,ceasefire_collapse_renewed_escalation,DOWN_Q4_75_90|DOWN_Q5_90_100|UP_Q4_75_90,mcx_open_drive|india_morning|india_midday,2,3,0.6666666666666666,0.6666666666666666,1.0,0.2666666666666666,True,1.0,1.0
WTI_session,6,ceasefire_collapse_renewed_escalation,DOWN_Q5_90_100|UP_Q4_75_90|DOWN_Q5_90_100,europe_midday|us_pre_open|us_open,2,3,0.6666666666666666,0.6666666666666666,1.0,0.2666666666666666,True,1.0,1.0
WTI_session,6,ceasefire_collapse_renewed_escalation,FLAT_Q1_0_25|FLAT_Q1_0_25|FLAT_Q1_0_25,mcx_open_drive|india_morning|india_midday,2,3,0.6666666666666666,0.6666666666666666,1.0,0.2666666666666666,True,1.0,1.0
BRENT_session,6,ceasefire_collapse_renewed_escalation,FLAT_Q1_0_25|DOWN_Q3_50_75|FLAT_Q2_25_50,mcx_open_drive|india_morning|india_midday,2,3,0.6666666666666666,1.0,0.7499999999999999,0.1999999999999999,True,1.0,1.0
BRENT_session,6,ceasefire_collapse_renewed_escalation,FLAT_Q1_0_25|UP_Q3_50_75|DOWN_Q1_0_25,india_midday|europe_midday|us_pre_open,2,3,0.6666666666666666,1.0,0.7499999999999999,0.1999999999999999,True,1.0,1.0
WTI_session,6,ceasefire_collapse_renewed_escalation,DOWN_Q5_90_100|DOWN_Q4_75_90|DOWN_Q5_90_100,global_reopen_pre_mcx|mcx_open_drive|india_morning,2,3,0.6666666666666666,1.0,0.7499999999999999,0.1999999999999999,True,1.0,1.0
BRENT_session,3,strong_escalation_op_rising_lion,DOWN_Q4_75_90|FLAT_Q1_0_25|FLAT_Q2_25_50,global_reopen_pre_mcx|mcx_open_drive|india_morning,2,4,0.5,0.6666666666666666,0.8571428571428572,0.1714285714285714,True,1.0,1.0
WTI_session,9,ceasefire_pause_breakdown_renewed_escalation,DOWN_Q3_50_75|FLAT_Q1_0_25|FLAT_Q1_0_25,mcx_open_drive|india_morning|india_midday,2,4,0.5,1.0,0.6666666666666666,0.1333333333333333,True,1.0,1.0
BRENT_session,1,full_scale_war,FLAT_Q1_0_25|FLAT_Q1_0_25|FLAT_Q1_0_25,europe_midday|us_pre_open|us_open,3,18,0.1666666666666666,0.3333333333333333,0.8571428571428571,0.0857142857142857,True,1.0,1.0
BRENT_session,1,full_scale_war,FLAT_Q1_0_25|FLAT_Q1_0_25|UP_Q2_25_50,europe_midday|us_pre_open|us_open,3,18,0.1666666666666666,0.3333333333333333,0.8571428571428571,0.0857142857142857,True,1.0,1.0
WTI_session,10,second_deescalation_active_negotiation_hormuz_deal,UP_Q4_75_90|UP_Q2_25_50|DOWN_Q3_50_75,us_open|mcx_tail|other_valid_hours,2,9,0.2222222222222222,0.5,0.782608695652174,0.0695652173913043,True,1.0,1.0
WTI_session,6,ceasefire_collapse_renewed_escalation,DOWN_Q4_75_90|DOWN_Q5_90_100|DOWN_Q4_75_90,europe_midday|us_pre_open|us_open,1,3,0.3333333333333333,0.3333333333333333,1.0,0.0666666666666666,True,1.0,1.0
WTI_session,6,ceasefire_collapse_renewed_escalation,DOWN_Q5_90_100|UP_Q4_75_90|DOWN_Q4_75_90,india_morning|india_midday|europe_midday,1,3,0.3333333333333333,0.3333333333333333,1.0,0.0666666666666666,True,1.0,1.0
WTI_session,6,ceasefire_collapse_renewed_escalation,FLAT_Q1_0_25|FLAT_Q1_0_25|UP_Q2_25_50,india_morning|india_midday|europe_midday,1,3,0.3333333333333333,0.3333333333333333,1.0,0.0666666666666666,True,1.0,1.0
WTI_session,7,sustained_major_reescalation_hormuz_war,UP_Q2_25_50|UP_Q3_50_75|UP_Q3_50_75,europe_midday|us_pre_open|us_open,2,10,0.2,0.5,0.7692307692307692,0.0615384615384615,True,1.0,1.0
BRENT_session,6,ceasefire_collapse_renewed_escalation,DOWN_Q3_50_75|FLAT_Q2_25_50|UP_Q1_0_25,india_morning|india_midday|europe_midday,1,3,0.3333333333333333,0.5,0.8571428571428571,0.0571428571428571,True,1.0,1.0
BRENT_session,6,ceasefire_collapse_renewed_escalation,DOWN_Q3_50_75|FLAT_Q2_25_50|UP_Q3_50_75,us_open|mcx_tail|other_valid_hours,1,3,0.3333333333333333,0.5,0.8571428571428571,0.0571428571428571,True,1.0,1.0
BRENT_session,6,ceasefire_collapse_renewed_escalation,FLAT_Q2_25_50|FLAT_Q1_0_25|FLAT_Q1_0_25,us_open|us_open|mcx_tail,1,3,0.3333333333333333,0.5,0.8571428571428571,0.0571428571428571,True,1.0,1.0
BRENT_session,6,ceasefire_collapse_renewed_escalation,FLAT_Q2_25_50|FLAT_Q1_0_25|UP_Q3_50_75,india_morning|india_midday|europe_midday,1,3,0.3333333333333333,0.5,0.8571428571428571,0.0571428571428571,True,1.0,1.0
BRENT_session,6,ceasefire_collapse_renewed_escalation,UP_Q3_50_75|DOWN_Q1_0_25|FLAT_Q2_25_50,europe_midday|us_pre_open|us_open,1,3,0.3333333333333333,0.5,0.8571428571428571,0.0571428571428571,True,1.0,1.0
BRENT_session,6,ceasefire_collapse_renewed_escalation,UP_Q3_50_75|DOWN_Q1_0_25|UP_Q3_50_75,india_midday|europe_midday|us_pre_open,1,3,0.3333333333333333,0.5,0.8571428571428571,0.0571428571428571,True,1.0,1.0
WTI_session,2,post_ceasefire_complex,DOWN_Q3_50_75|FLAT_Q1_0_25|FLAT_Q1_0_25,europe_midday|us_pre_open|us_open,4,43,0.0930232558139534,0.4444444444444444,0.739961759082218,0.0550669216061185,True,1.0,1.0
BRENT_session,7,sustained_major_reescalation_hormuz_war,DOWN_Q5_90_100|FLAT_Q1_0_25|UP_Q4_75_90,india_midday|europe_midday|us_pre_open,2,10,0.2,0.6666666666666666,0.6818181818181819,0.0545454545454545,True,1.0,1.0
BRENT_session,7,sustained_major_reescalation_hormuz_war,UP_Q3_50_75|DOWN_Q4_75_90|FLAT_Q1_0_25,global_reopen_pre_mcx|mcx_open_drive|india_morning,2,10,0.2,0.6666666666666666,0.6818181818181819,0.0545454545454545,True,1.0,1.0
BRENT_session,2,post_ceasefire_complex,FLAT_Q1_0_25|DOWN_Q2_25_50|FLAT_Q1_0_25,europe_midday|us_pre_open|us_open,4,43,0.0930232558139534,0.5,0.7107438016528925,0.052892561983471,True,1.0,1.0
WTI_session,10,second_deescalation_active_negotiation_hormuz_deal,UP_Q3_50_75|DOWN_Q2_25_50|FLAT_Q1_0_25,europe_midday|us_pre_open|us_open,2,9,0.2222222222222222,1.0,0.5625,0.05,True,1.0,1.0
WTI_session,10,second_deescalation_active_negotiation_hormuz_deal,UP_Q5_90_100|UP_Q2_25_50|DOWN_Q4_75_90,global_reopen_pre_mcx|mcx_open_drive|india_morning,2,9,0.2222222222222222,1.0,0.5625,0.05,True,1.0,1.0
BRENT_session,3,strong_escalation_op_rising_lion,DOWN_Q4_75_90|FLAT_Q1_0_25|DOWN_Q4_75_90,mcx_open_drive|india_morning|india_midday,1,4,0.25,0.3333333333333333,0.9230769230769232,0.0461538461538461,True,1.0,1.0
WTI_session,9,ceasefire_pause_breakdown_renewed_escalation,DOWN_Q3_50_75|DOWN_Q2_25_50|DOWN_Q5_90_100,us_pre_open|us_open|us_open,1,4,0.25,0.3333333333333333,0.9230769230769232,0.0461538461538461,True,1.0,1.0
WTI_session,9,ceasefire_pause_breakdown_renewed_escalation,DOWN_Q3_50_75|DOWN_Q2_25_50|UP_Q2_25_50,india_midday|europe_midday|us_pre_open,1,4,0.25,0.3333333333333333,0.9230769230769232,0.0461538461538461,True,1.0,1.0
WTI_session,9,ceasefire_pause_breakdown_renewed_escalation,DOWN_Q3_50_75|DOWN_Q2_25_50|UP_Q3_50_75,india_morning|india_midday|europe_midday,1,4,0.25,0.3333333333333333,0.9230769230769232,0.0461538461538461,True,1.0,1.0
WTI_session,9,ceasefire_pause_breakdown_renewed_escalation,UP_Q2_25_50|DOWN_Q3_50_75|DOWN_Q2_25_50,mcx_open_drive|india_morning|india_midday,1,4,0.25,0.3333333333333333,0.9230769230769232,0.0461538461538461,True,1.0,1.0
WTI_session,9,ceasefire_pause_breakdown_renewed_escalation,UP_Q2_25_50|DOWN_Q3_50_75|FLAT_Q1_0_25,us_open|mcx_tail|other_valid_hours,1,4,0.25,0.3333333333333333,0.9230769230769232,0.0461538461538461,True,1.0,1.0
WTI_session,9,ceasefire_pause_breakdown_renewed_escalation,UP_Q2_25_50|DOWN_Q3_50_75|UP_Q3_50_75,us_pre_open|us_open|us_open,1,4,0.25,0.3333333333333333,0.9230769230769232,0.0461538461538461,True,1.0,1.0
WTI_session,7,sustained_major_reescalation_hormuz_war,DOWN_Q3_50_75|UP_Q2_25_50|UP_Q3_50_75,mcx_open_drive|india_morning|india_midday,2,10,0.2,1.0,0.5555555555555556,0.0444444444444444,True,1.0,1.0
WTI_session,7,sustained_major_reescalation_hormuz_war,FLAT_Q1_0_25|FLAT_Q2_25_50|DOWN_Q3_50_75,global_reopen_pre_mcx|mcx_open_drive|india_morning,2,10,0.2,1.0,0.5555555555555556,0.0444444444444444,True,1.0,1.0
WTI_session,7,sustained_major_reescalation_hormuz_war,UP_Q3_50_75|UP_Q3_50_75|FLAT_Q1_0_25,us_open|mcx_tail|other_valid_hours,2,10,0.2,1.0,0.5555555555555556,0.0444444444444444,True,1.0,1.0
BRENT_session,5,slight_escalation_strait_closure,UP_Q2_25_50|FLAT_Q1_0_25|UP_Q5_90_100,global_reopen_pre_mcx|mcx_open_drive|india_morning,2,12,0.1666666666666666,0.6666666666666666,0.6666666666666666,0.0444444444444444,True,1.0,1.0
BRENT_session,5,slight_escalation_strait_closure,UP_Q3_50_75|FLAT_Q1_0_25|DOWN_Q2_25_50,us_open|mcx_tail|other_valid_hours,2,12,0.1666666666666666,0.6666666666666666,0.6666666666666666,0.0444444444444444,True,1.0,1.0
BRENT_session,3,strong_escalation_op_rising_lion,FLAT_Q1_0_25|DOWN_Q4_75_90|UP_Q3_50_75,india_morning|india_midday|europe_midday,1,4,0.25,0.5,0.8,0.04,True,1.0,1.0
BRENT_session,3,strong_escalation_op_rising_lion,FLAT_Q1_0_25|DOWN_Q4_75_90|UP_Q4_75_90,us_open|mcx_tail|other_valid_hours,1,4,0.25,0.5,0.8,0.04,True,1.0,1.0
BRENT_session,3,strong_escalation_op_rising_lion,FLAT_Q1_0_25|FLAT_Q2_25_50|DOWN_Q2_25_50,mcx_open_drive|india_morning|india_midday,1,4,0.25,0.5,0.8,0.04,True,1.0,1.0
BRENT_session,3,strong_escalation_op_rising_lion,FLAT_Q1_0_25|FLAT_Q2_25_50|FLAT_Q1_0_25,us_open|us_open|mcx_tail,1,4,0.25,0.5,0.8,0.04,True,1.0,1.0
BRENT_session,3,strong_escalation_op_rising_lion,UP_Q3_50_75|FLAT_Q1_0_25|DOWN_Q4_75_90,us_open|us_open|mcx_tail,1,4,0.25,0.5,0.8,0.04,True,1.0,1.0
BRENT_session,3,strong_escalation_op_rising_lion,UP_Q3_50_75|FLAT_Q1_0_25|DOWN_Q5_90_100,us_pre_open|us_open|us_open,1,4,0.25,0.5,0.8,0.04,True,1.0,1.0
BRENT_session,9,ceasefire_pause_breakdown_renewed_escalation,DOWN_Q3_50_75|FLAT_Q1_0_25|FLAT_Q1_0_25,mcx_open_drive|india_morning|india_midday,1,4,0.25,0.5,0.8,0.04,True,1.0,1.0
BRENT_session,9,ceasefire_pause_breakdown_renewed_escalation,DOWN_Q3_50_75|FLAT_Q1_0_25|UP_Q2_25_50,global_reopen_pre_mcx|mcx_open_drive|india_morning,1,4,0.25,0.5,0.8,0.04,True,1.0,1.0
BRENT_session,9,ceasefire_pause_breakdown_renewed_escalation,FLAT_Q1_0_25|FLAT_Q1_0_25|FLAT_Q1_0_25,us_open|us_open|mcx_tail,1,4,0.25,0.5,0.8,0.04,True,1.0,1.0
BRENT_session,9,ceasefire_pause_breakdown_renewed_escalation,FLAT_Q1_0_25|FLAT_Q1_0_25|UP_Q2_25_50,india_morning|india_midday|europe_midday,1,4,0.25,0.5,0.8,0.04,True,1.0,1.0
BRENT_session,9,ceasefire_pause_breakdown_renewed_escalation,FLAT_Q1_0_25|UP_Q2_25_50|UP_Q3_50_75,mcx_open_drive|india_morning|india_midday,1,4,0.25,0.5,0.8,0.04,True,1.0,1.0
BRENT_session,9,ceasefire_pause_breakdown_renewed_escalation,FLAT_Q1_0_25|UP_Q2_25_50|UP_Q4_75_90,india_midday|europe_midday|us_pre_open,1,4,0.25,0.5,0.8,0.04,True,1.0,1.0
WTI_session,3,strong_escalation_op_rising_lion,DOWN_Q2_25_50|DOWN_Q2_25_50|DOWN_Q3_50_75,global_reopen_pre_mcx|mcx_open_drive|india_morning,1,4,0.25,0.5,0.8,0.04,True,1.0,1.0
WTI_session,3,strong_escalation_op_rising_lion,DOWN_Q2_25_50|DOWN_Q2_25_50|UP_Q2_25_50,india_morning|india_midday|europe_midday,1,4,0.25,0.5,0.8,0.04,True,1.0,1.0
WTI_session,3,strong_escalation_op_rising_lion,DOWN_Q3_50_75|FLAT_Q1_0_25|DOWN_Q5_90_100,mcx_open_drive|india_morning|india_midday,1,4,0.25,0.5,0.8,0.04,True,1.0,1.0
WTI_session,3,strong_escalation_op_rising_lion,DOWN_Q3_50_75|FLAT_Q1_0_25|UP_Q2_25_50,india_midday|europe_midday|us_pre_open,1,4,0.25,0.5,0.8,0.04,True,1.0,1.0
WTI_session,9,ceasefire_pause_breakdown_renewed_escalation,FLAT_Q1_0_25|FLAT_Q1_0_25|FLAT_Q1_0_25,us_open|mcx_tail|other_valid_hours,1,4,0.25,0.5,0.8,0.04,True,1.0,1.0
WTI_session,9,ceasefire_pause_breakdown_renewed_escalation,FLAT_Q1_0_25|FLAT_Q1_0_25|UP_Q1_0_25,india_morning|india_midday|europe_midday,1,4,0.25,0.5,0.8,0.04,True,1.0,1.0
WTI_session,9,ceasefire_pause_breakdown_renewed_escalation,UP_Q4_75_90|DOWN_Q3_50_75|DOWN_Q2_25_50,india_morning|india_midday|europe_midday,1,4,0.25,0.5,0.8,0.04,True,1.0,1.0
WTI_session,9,ceasefire_pause_breakdown_renewed_escalation,UP_Q4_75_90|DOWN_Q3_50_75|FLAT_Q1_0_25,global_reopen_pre_mcx|mcx_open_drive|india_morning,1,4,0.25,0.5,0.8,0.04,True,1.0,1.0
BRENT_session,6,ceasefire_collapse_renewed_escalation,DOWN_Q1_0_25|FLAT_Q2_25_50|FLAT_Q1_0_25,us_pre_open|us_open|us_open,1,3,0.3333333333333333,1.0,0.6,0.04,True,1.0,1.0
BRENT_session,6,ceasefire_collapse_renewed_escalation,DOWN_Q1_0_25|UP_Q3_50_75|FLAT_Q1_0_25,europe_midday|us_pre_open|us_open,1,3,0.3333333333333333,1.0,0.6,0.04,True,1.0,1.0
BRENT_session,6,ceasefire_collapse_renewed_escalation,DOWN_Q2_25_50|DOWN_Q3_50_75|DOWN_Q2_25_50,us_pre_open|us_open|us_open,1,3,0.3333333333333333,1.0,0.6,0.04,True,1.0,1.0
BRENT_session,6,ceasefire_collapse_renewed_escalation,DOWN_Q2_25_50|FLAT_Q1_0_25|DOWN_Q3_50_75,global_reopen_pre_mcx|mcx_open_drive|india_morning,1,3,0.3333333333333333,1.0,0.6,0.04,True,1.0,1.0
BRENT_session,6,ceasefire_collapse_renewed_escalation,DOWN_Q2_25_50|FLAT_Q3_50_75|FLAT_Q2_25_50,us_open|mcx_tail|other_valid_hours,1,3,0.3333333333333333,1.0,0.6,0.04,True,1.0,1.0
BRENT_session,6,ceasefire_collapse_renewed_escalation,DOWN_Q3_50_75|DOWN_Q2_25_50|FLAT_Q3_50_75,us_open|us_open|mcx_tail,1,3,0.3333333333333333,1.0,0.6,0.04,True,1.0,1.0
BRENT_session,6,ceasefire_collapse_renewed_escalation,FLAT_Q1_0_25|FLAT_Q1_0_25|FLAT_Q1_0_25,us_open|mcx_tail|other_valid_hours,1,3,0.3333333333333333,1.0,0.6,0.04,True,1.0,1.0
BRENT_session,6,ceasefire_collapse_renewed_escalation,FLAT_Q1_0_25|FLAT_Q2_25_50|FLAT_Q2_25_50,global_reopen_pre_mcx|mcx_open_drive|india_morning,1,3,0.3333333333333333,1.0,0.6,0.04,True,1.0,1.0
BRENT_session,6,ceasefire_collapse_renewed_escalation,FLAT_Q1_0_25|FLAT_Q3_50_75|FLAT_Q1_0_25,global_reopen_pre_mcx|mcx_open_drive|india_morning,1,3,0.3333333333333333,1.0,0.6,0.04,True,1.0,1.0
BRENT_session,6,ceasefire_collapse_renewed_escalation,FLAT_Q2_25_50|FLAT_Q2_25_50|FLAT_Q1_0_25,mcx_open_drive|india_morning|india_midday,1,3,0.3333333333333333,1.0,0.6,0.04,True,1.0,1.0
BRENT_session,6,ceasefire_collapse_renewed_escalation,FLAT_Q2_25_50|UP_Q1_0_25|DOWN_Q2_25_50,india_midday|europe_midday|us_pre_open,1,3,0.3333333333333333,1.0,0.6,0.04,True,1.0,1.0
BRENT_session,6,ceasefire_collapse_renewed_escalation,FLAT_Q3_50_75|FLAT_Q1_0_25|UP_Q3_50_75,mcx_open_drive|india_morning|india_midday,1,3,0.3333333333333333,1.0,0.6,0.04,True,1.0,1.0
BRENT_session,6,ceasefire_collapse_renewed_escalation,UP_Q1_0_25|DOWN_Q2_25_50|DOWN_Q3_50_75,europe_midday|us_pre_open|us_open,1,3,0.3333333333333333,1.0,0.6,0.04,True,1.0,1.0
BRENT_session,6,ceasefire_collapse_renewed_escalation,UP_Q3_50_75|FLAT_Q1_0_25|DOWN_Q3_50_75,us_pre_open|us_open|us_open,1,3,0.3333333333333333,1.0,0.6,0.04,True,1.0,1.0
WTI_session,6,ceasefire_collapse_renewed_escalation,DOWN_Q1_0_25|DOWN_Q2_25_50|FLAT_Q1_0_25,us_pre_open|us_open|us_open,1,3,0.3333333333333333,1.0,0.6,0.04,True,1.0,1.0
WTI_session,6,ceasefire_collapse_renewed_escalation,DOWN_Q2_25_50|FLAT_Q1_0_25|FLAT_Q1_0_25,us_open|us_open|mcx_tail,1,3,0.3333333333333333,1.0,0.6,0.04,True,1.0,1.0
WTI_session,6,ceasefire_collapse_renewed_escalation,DOWN_Q3_50_75|DOWN_Q5_90_100|UP_Q4_75_90,us_open|mcx_tail|other_valid_hours,1,3,0.3333333333333333,1.0,0.6,0.04,True,1.0,1.0
WTI_session,6,ceasefire_collapse_renewed_escalation,DOWN_Q4_75_90|UP_Q5_90_100|UP_Q4_75_90,global_reopen_pre_mcx|mcx_open_drive|india_morning,1,3,0.3333333333333333,1.0,0.6,0.04,True,1.0,1.0
WTI_session,6,ceasefire_collapse_renewed_escalation,DOWN_Q5_90_100|DOWN_Q3_50_75|DOWN_Q5_90_100,us_open|us_open|mcx_tail,1,3,0.3333333333333333,1.0,0.6,0.04,True,1.0,1.0
WTI_session,6,ceasefire_collapse_renewed_escalation,FLAT_Q1_0_25|UP_Q2_25_50|DOWN_Q1_0_25,india_midday|europe_midday|us_pre_open,1,3,0.3333333333333333,1.0,0.6,0.04,True,1.0,1.0
WTI_session,6,ceasefire_collapse_renewed_escalation,UP_Q2_25_50|DOWN_Q1_0_25|DOWN_Q2_25_50,europe_midday|us_pre_open|us_open,1,3,0.3333333333333333,1.0,0.6,0.04,True,1.0,1.0
WTI_session,6,ceasefire_collapse_renewed_escalation,UP_Q3_50_75|FLAT_Q1_0_25|FLAT_Q1_0_25,global_reopen_pre_mcx|mcx_open_drive|india_morning,1,3,0.3333333333333333,1.0,0.6,0.04,True,1.0,1.0
WTI_session,6,ceasefire_collapse_renewed_escalation,UP_Q4_75_90|DOWN_Q4_75_90|DOWN_Q5_90_100,india_midday|europe_midday|us_pre_open,1,3,0.3333333333333333,1.0,0.6,0.04,True,1.0,1.0
WTI_session,6,ceasefire_collapse_renewed_escalation,UP_Q4_75_90|DOWN_Q5_90_100|DOWN_Q3_50_75,us_pre_open|us_open|us_open,1,3,0.3333333333333333,1.0,0.6,0.04,True,1.0,1.0
WTI_session,6,ceasefire_collapse_renewed_escalation,UP_Q4_75_90|UP_Q5_90_100|DOWN_Q5_90_100,india_morning|india_midday|europe_midday,1,3,0.3333333333333333,1.0,0.6,0.04,True,1.0,1.0
WTI_session,6,ceasefire_collapse_renewed_escalation,UP_Q5_90_100|DOWN_Q5_90_100|UP_Q4_75_90,india_midday|europe_midday|us_pre_open,1,3,0.3333333333333333,1.0,0.6,0.04,True,1.0,1.0
WTI_session,6,ceasefire_collapse_renewed_escalation,UP_Q5_90_100|UP_Q4_75_90|UP_Q5_90_100,mcx_open_drive|india_morning|india_midday,1,3,0.3333333333333333,1.0,0.6,0.04,True,1.0,1.0
BRENT_session,2,post_ceasefire_complex,FLAT_Q1_0_25|FLAT_Q1_0_25|DOWN_Q3_50_75,global_reopen_pre_mcx|mcx_open_drive|india_morning,3,43,0.0697674418604651,0.1578947368421052,0.9190101237345332,0.0384701912260967,True,1.0,1.0
BRENT_session,2,post_ceasefire_complex,FLAT_Q1_0_25|FLAT_Q1_0_25|UP_Q3_50_75,global_reopen_pre_mcx|mcx_open_drive|india_morning,3,43,0.0697674418604651,0.1578947368421052,0.9190101237345332,0.0384701912260967,True,1.0,1.0
WTI_session,2,post_ceasefire_complex,FLAT_Q1_0_25|FLAT_Q1_0_25|DOWN_Q2_25_50,india_morning|india_midday|europe_midday,3,43,0.0697674418604651,0.1578947368421052,0.9190101237345332,0.0384701912260967,True,1.0,1.0
WTI_session,2,post_ceasefire_complex,FLAT_Q1_0_25|FLAT_Q1_0_25|DOWN_Q5_90_100,global_reopen_pre_mcx|mcx_open_drive|india_morning,3,43,0.0697674418604651,0.1578947368421052,0.9190101237345332,0.0384701912260967,True,1.0,1.0
BRENT_session,5,slight_escalation_strait_closure,DOWN_Q4_75_90|FLAT_Q1_0_25|DOWN_Q1_0_25,india_midday|europe_midday|us_pre_open,2,12,0.1666666666666666,1.0,0.5454545454545454,0.0363636363636363,True,1.0,1.0
WTI_session,5,slight_escalation_strait_closure,UP_Q2_25_50|DOWN_Q5_90_100|UP_Q4_75_90,europe_midday|us_pre_open|us_open,2,12,0.1666666666666666,1.0,0.5454545454545454,0.0363636363636363,True,1.0,1.0
BRENT_session,2,post_ceasefire_complex,FLAT_Q1_0_25|UP_Q3_50_75|FLAT_Q1_0_25,europe_midday|us_pre_open|us_open,3,43,0.0697674418604651,0.2307692307692307,0.8613251155624038,0.036055469953775,True,1.0,1.0
WTI_session,2,post_ceasefire_complex,DOWN_Q3_50_75|FLAT_Q1_0_25|DOWN_Q3_50_75,india_midday|europe_midday|us_pre_open,3,43,0.0697674418604651,0.3333333333333333,0.7914110429447853,0.0331288343558282,True,1.0,1.0
WTI_session,2,post_ceasefire_complex,FLAT_Q1_0_25|DOWN_Q3_50_75|FLAT_Q1_0_25,europe_midday|us_pre_open|us_open,3,43,0.0697674418604651,0.375,0.7661469933184856,0.0320712694877505,True,1.0,1.0
WTI_session,2,post_ceasefire_complex,FLAT_Q1_0_25|DOWN_Q3_50_75|UP_Q2_25_50,global_reopen_pre_mcx|mcx_open_drive|india_morning,3,43,0.0697674418604651,0.375,0.7661469933184856,0.0320712694877505,True,1.0,1.0
BRENT_session,1,full_scale_war,UP_Q2_25_50|FLAT_Q1_0_25|FLAT_Q1_0_25,global_reopen_pre_mcx|mcx_open_drive|india_morning,2,18,0.1111111111111111,0.5,0.72,0.0319999999999999,True,1.0,1.0
WTI_session,1,full_scale_war,UP_Q3_50_75|FLAT_Q1_0_25|FLAT_Q1_0_25,mcx_open_drive|india_morning|india_midday,2,18,0.1111111111111111,0.5,0.72,0.0319999999999999,True,1.0,1.0
WTI_session,1,full_scale_war,UP_Q3_50_75|UP_Q4_75_90|DOWN_Q2_25_50,us_open|mcx_tail|other_valid_hours,2,18,0.1111111111111111,0.5,0.72,0.0319999999999999,True,1.0,1.0
BRENT_session,4,naval_blockade_removed,DOWN_Q2_25_50|UP_Q3_50_75|DOWN_Q4_75_90,us_open|mcx_tail|other_valid_hours,1,5,0.2,0.5,0.7692307692307692,0.0307692307692307,True,1.0,1.0
BRENT_session,4,naval_blockade_removed,DOWN_Q2_25_50|UP_Q3_50_75|FLAT_Q1_0_25,us_pre_open|us_open|us_open,1,5,0.2,0.5,0.7692307692307692,0.0307692307692307,True,1.0,1.0
BRENT_session,4,naval_blockade_removed,DOWN_Q3_50_75|FLAT_Q1_0_25|FLAT_Q1_0_25,global_reopen_pre_mcx|mcx_open_drive|india_morning,1,5,0.2,0.5,0.7692307692307692,0.0307692307692307,True,1.0,1.0
BRENT_session,4,naval_blockade_removed,DOWN_Q3_50_75|FLAT_Q1_0_25|UP_Q3_50_75,mcx_open_drive|india_morning|india_midday,1,5,0.2,0.5,0.7692307692307692,0.0307692307692307,True,1.0,1.0
BRENT_session,4,naval_blockade_removed,FLAT_Q1_0_25|DOWN_Q4_75_90|DOWN_Q2_25_50,india_morning|india_midday|europe_midday,1,5,0.2,0.5,0.7692307692307692,0.0307692307692307,True,1.0,1.0
BRENT_session,4,naval_blockade_removed,FLAT_Q1_0_25|DOWN_Q4_75_90|FLAT_Q2_25_50,global_reopen_pre_mcx|mcx_open_drive|india_morning,1,5,0.2,0.5,0.7692307692307692,0.0307692307692307,True,1.0,1.0
BRENT_session,4,naval_blockade_removed,FLAT_Q1_0_25|FLAT_Q1_0_25|DOWN_Q4_75_90,mcx_open_drive|india_morning|india_midday,1,5,0.2,0.5,0.7692307692307692,0.0307692307692307,True,1.0,1.0
BRENT_session,4,naval_blockade_removed,FLAT_Q1_0_25|FLAT_Q1_0_25|FLAT_Q1_0_25,us_open|mcx_tail|other_valid_hours,1,5,0.2,0.5,0.7692307692307692,0.0307692307692307,True,1.0,1.0
WTI_session,4,naval_blockade_removed,DOWN_Q2_25_50|DOWN_Q3_50_75|DOWN_Q2_25_50,europe_midday|us_pre_open|us_open,1,5,0.2,0.5,0.7692307692307692,0.0307692307692307,True,1.0,1.0
WTI_session,4,naval_blockade_removed,DOWN_Q2_25_50|DOWN_Q3_50_75|UP_Q3_50_75,us_open|us_open|mcx_tail,1,5,0.2,0.5,0.7692307692307692,0.0307692307692307,True,1.0,1.0
WTI_session,4,naval_blockade_removed,DOWN_Q2_25_50|DOWN_Q5_90_100|FLAT_Q3_50_75,global_reopen_pre_mcx|mcx_open_drive|india_morning,1,5,0.2,0.5,0.7692307692307692,0.0307692307692307,True,1.0,1.0
WTI_session,4,naval_blockade_removed,DOWN_Q2_25_50|DOWN_Q5_90_100|UP_Q1_0_25,us_open|us_open|mcx_tail,1,5,0.2,0.5,0.7692307692307692,0.0307692307692307,True,1.0,1.0
BRENT_session,3,strong_escalation_op_rising_lion,DOWN_Q1_0_25|UP_Q3_50_75|FLAT_Q1_0_25,us_pre_open|us_open|us_open,1,4,0.25,1.0,0.5714285714285714,0.0285714285714285,True,1.0,1.0
BRENT_session,3,strong_escalation_op_rising_lion,DOWN_Q1_0_25|UP_Q4_75_90|DOWN_Q1_0_25,india_midday|europe_midday|us_pre_open,1,4,0.25,1.0,0.5714285714285714,0.0285714285714285,True,1.0,1.0
BRENT_session,3,strong_escalation_op_rising_lion,DOWN_Q2_25_50|DOWN_Q3_50_75|DOWN_Q1_0_25,mcx_open_drive|india_morning|india_midday,1,4,0.25,1.0,0.5714285714285714,0.0285714285714285,True,1.0,1.0
BRENT_session,3,strong_escalation_op_rising_lion,DOWN_Q2_25_50|UP_Q2_25_50|DOWN_Q4_75_90,india_midday|europe_midday|us_pre_open,1,4,0.25,1.0,0.5714285714285714,0.0285714285714285,True,1.0,1.0
BRENT_session,3,strong_escalation_op_rising_lion,DOWN_Q3_50_75|DOWN_Q1_0_25|UP_Q4_75_90,india_morning|india_midday|europe_midday,1,4,0.25,1.0,0.5714285714285714,0.0285714285714285,True,1.0,1.0
BRENT_session,3,strong_escalation_op_rising_lion,DOWN_Q3_50_75|DOWN_Q5_90_100|DOWN_Q3_50_75,mcx_open_drive|india_morning|india_midday,1,4,0.25,1.0,0.5714285714285714,0.0285714285714285,True,1.0,1.0
BRENT_session,3,strong_escalation_op_rising_lion,DOWN_Q3_50_75|FLAT_Q1_0_25|UP_Q2_25_50,india_midday|europe_midday|us_pre_open,1,4,0.25,1.0,0.5714285714285714,0.0285714285714285,True,1.0,1.0
BRENT_session,3,strong_escalation_op_rising_lion,DOWN_Q3_50_75|UP_Q3_50_75|DOWN_Q3_50_75,us_open|us_open|mcx_tail,1,4,0.25,1.0,0.5714285714285714,0.0285714285714285,True,1.0,1.0
BRENT_session,3,strong_escalation_op_rising_lion,DOWN_Q4_75_90|UP_Q3_50_75|UP_Q3_50_75,india_midday|europe_midday|us_pre_open,1,4,0.25,1.0,0.5714285714285714,0.0285714285714285,True,1.0,1.0
BRENT_session,3,strong_escalation_op_rising_lion,DOWN_Q5_90_100|DOWN_Q3_50_75|FLAT_Q1_0_25,india_morning|india_midday|europe_midday,1,4,0.25,1.0,0.5714285714285714,0.0285714285714285,True,1.0,1.0
BRENT_session,3,strong_escalation_op_rising_lion,DOWN_Q5_90_100|FLAT_Q1_0_25|FLAT_Q1_0_25,us_open|mcx_tail|other_valid_hours,1,4,0.25,1.0,0.5714285714285714,0.0285714285714285,True,1.0,1.0
BRENT_session,3,strong_escalation_op_rising_lion,FLAT_Q1_0_25|DOWN_Q2_25_50|DOWN_Q3_50_75,global_reopen_pre_mcx|mcx_open_drive|india_morning,1,4,0.25,1.0,0.5714285714285714,0.0285714285714285,True,1.0,1.0
BRENT_session,3,strong_escalation_op_rising_lion,FLAT_Q1_0_25|DOWN_Q3_50_75|DOWN_Q5_90_100,global_reopen_pre_mcx|mcx_open_drive|india_morning,1,4,0.25,1.0,0.5714285714285714,0.0285714285714285,True,1.0,1.0
BRENT_session,3,strong_escalation_op_rising_lion,FLAT_Q1_0_25|DOWN_Q5_90_100|FLAT_Q1_0_25,us_open|us_open|mcx_tail,1,4,0.25,1.0,0.5714285714285714,0.0285714285714285,True,1.0,1.0
BRENT_session,3,strong_escalation_op_rising_lion,FLAT_Q1_0_25|UP_Q2_25_50|DOWN_Q3_50_75,europe_midday|us_pre_open|us_open,1,4,0.25,1.0,0.5714285714285714,0.0285714285714285,True,1.0,1.0
BRENT_session,3,strong_escalation_op_rising_lion,FLAT_Q2_25_50|DOWN_Q2_25_50|UP_Q2_25_50,india_morning|india_midday|europe_midday,1,4,0.25,1.0,0.5714285714285714,0.0285714285714285,True,1.0,1.0
BRENT_session,3,strong_escalation_op_rising_lion,FLAT_Q2_25_50|FLAT_Q1_0_25|UP_Q2_25_50,us_open|mcx_tail|other_valid_hours,1,4,0.25,1.0,0.5714285714285714,0.0285714285714285,True,1.0,1.0
BRENT_session,3,strong_escalation_op_rising_lion,UP_Q2_25_50|DOWN_Q3_50_75|UP_Q3_50_75,us_pre_open|us_open|us_open,1,4,0.25,1.0,0.5714285714285714,0.0285714285714285,True,1.0,1.0
BRENT_session,3,strong_escalation_op_rising_lion,UP_Q2_25_50|DOWN_Q4_75_90|FLAT_Q1_0_25,europe_midday|us_pre_open|us_open,1,4,0.25,1.0,0.5714285714285714,0.0285714285714285,True,1.0,1.0
BRENT_session,3,strong_escalation_op_rising_lion,UP_Q3_50_75|DOWN_Q3_50_75|DOWN_Q3_50_75,us_open|mcx_tail|other_valid_hours,1,4,0.25,1.0,0.5714285714285714,0.0285714285714285,True,1.0,1.0
BRENT_session,3,strong_escalation_op_rising_lion,UP_Q3_50_75|DOWN_Q4_75_90|FLAT_Q1_0_25,global_reopen_pre_mcx|mcx_open_drive|india_morning,1,4,0.25,1.0,0.5714285714285714,0.0285714285714285,True,1.0,1.0
BRENT_session,3,strong_escalation_op_rising_lion,UP_Q3_50_75|UP_Q3_50_75|FLAT_Q1_0_25,europe_midday|us_pre_open|us_open,1,4,0.25,1.0,0.5714285714285714,0.0285714285714285,True,1.0,1.0
BRENT_session,3,strong_escalation_op_rising_lion,UP_Q4_75_90|DOWN_Q1_0_25|UP_Q3_50_75,europe_midday|us_pre_open|us_open,1,4,0.25,1.0,0.5714285714285714,0.0285714285714285,True,1.0,1.0
BRENT_session,9,ceasefire_pause_breakdown_renewed_escalation,DOWN_Q1_0_25|FLAT_Q1_0_25|DOWN_Q3_50_75,global_reopen_pre_mcx|mcx_open_drive|india_morning,1,4,0.25,1.0,0.5714285714285714,0.0285714285714285,True,1.0,1.0
BRENT_session,9,ceasefire_pause_breakdown_renewed_escalation,DOWN_Q2_25_50|FLAT_Q1_0_25|FLAT_Q1_0_25,us_pre_open|us_open|us_open,1,4,0.25,1.0,0.5714285714285714,0.0285714285714285,True,1.0,1.0
BRENT_session,9,ceasefire_pause_breakdown_renewed_escalation,DOWN_Q2_25_50|UP_Q2_25_50|UP_Q5_90_100,global_reopen_pre_mcx|mcx_open_drive|india_morning,1,4,0.25,1.0,0.5714285714285714,0.0285714285714285,True,1.0,1.0
BRENT_session,9,ceasefire_pause_breakdown_renewed_escalation,DOWN_Q3_50_75|DOWN_Q3_50_75|UP_Q5_90_100,us_open|mcx_tail|other_valid_hours,1,4,0.25,1.0,0.5714285714285714,0.0285714285714285,True,1.0,1.0
BRENT_session,9,ceasefire_pause_breakdown_renewed_escalation,DOWN_Q3_50_75|DOWN_Q5_90_100|DOWN_Q4_75_90,us_pre_open|us_open|us_open,1,4,0.25,1.0,0.5714285714285714,0.0285714285714285,True,1.0,1.0
BRENT_session,9,ceasefire_pause_breakdown_renewed_escalation,DOWN_Q3_50_75|FLAT_Q2_25_50|UP_Q3_50_75,india_morning|india_midday|europe_midday,1,4,0.25,1.0,0.5714285714285714,0.0285714285714285,True,1.0,1.0
BRENT_session,9,ceasefire_pause_breakdown_renewed_escalation,DOWN_Q4_75_90|DOWN_Q5_90_100|FLAT_Q1_0_25,india_midday|europe_midday|us_pre_open,1,4,0.25,1.0,0.5714285714285714,0.0285714285714285,True,1.0,1.0
BRENT_session,9,ceasefire_pause_breakdown_renewed_escalation,DOWN_Q4_75_90|FLAT_Q2_25_50|DOWN_Q3_50_75,us_open|mcx_tail|other_valid_hours,1,4,0.25,1.0,0.5714285714285714,0.0285714285714285,True,1.0,1.0
BRENT_session,9,ceasefire_pause_breakdown_renewed_escalation,DOWN_Q5_90_100|DOWN_Q4_75_90|FLAT_Q2_25_50,us_open|us_open|mcx_tail,1,4,0.25,1.0,0.5714285714285714,0.0285714285714285,True,1.0,1.0
BRENT_session,9,ceasefire_pause_breakdown_renewed_escalation,DOWN_Q5_90_100|FLAT_Q1_0_25|FLAT_Q2_25_50,europe_midday|us_pre_open|us_open,1,4,0.25,1.0,0.5714285714285714,0.0285714285714285,True,1.0,1.0
BRENT_session,9,ceasefire_pause_breakdown_renewed_escalation,FLAT_Q1_0_25|DOWN_Q3_50_75|FLAT_Q2_25_50,mcx_open_drive|india_morning|india_midday,1,4,0.25,1.0,0.5714285714285714,0.0285714285714285,True,1.0,1.0
BRENT_session,9,ceasefire_pause_breakdown_renewed_escalation,FLAT_Q1_0_25|FLAT_Q2_25_50|DOWN_Q3_50_75,us_pre_open|us_open|us_open,1,4,0.25,1.0,0.5714285714285714,0.0285714285714285,True,1.0,1.0
BRENT_session,9,ceasefire_pause_breakdown_renewed_escalation,FLAT_Q1_0_25|UP_Q5_90_100|DOWN_Q2_25_50,us_open|mcx_tail|other_valid_hours,1,4,0.25,1.0,0.5714285714285714,0.0285714285714285,True,1.0,1.0
BRENT_session,9,ceasefire_pause_breakdown_renewed_escalation,FLAT_Q2_25_50|DOWN_Q3_50_75|DOWN_Q3_50_75,us_open|us_open|mcx_tail,1,4,0.25,1.0,0.5714285714285714,0.0285714285714285,True,1.0,1.0
BRENT_session,9,ceasefire_pause_breakdown_renewed_escalation,FLAT_Q2_25_50|UP_Q3_50_75|DOWN_Q3_50_75,india_midday|europe_midday|us_pre_open,1,4,0.25,1.0,0.5714285714285714,0.0285714285714285,True,1.0,1.0
BRENT_session,9,ceasefire_pause_breakdown_renewed_escalation,UP_Q1_0_25|DOWN_Q2_25_50|FLAT_Q1_0_25,europe_midday|us_pre_open|us_open,1,4,0.25,1.0,0.5714285714285714,0.0285714285714285,True,1.0,1.0
BRENT_session,9,ceasefire_pause_breakdown_renewed_escalation,UP_Q2_25_50|FLAT_Q1_0_25|UP_Q5_90_100,us_open|us_open|mcx_tail,1,4,0.25,1.0,0.5714285714285714,0.0285714285714285,True,1.0,1.0
BRENT_session,9,ceasefire_pause_breakdown_renewed_escalation,UP_Q2_25_50|UP_Q3_50_75|UP_Q1_0_25,india_morning|india_midday|europe_midday,1,4,0.25,1.0,0.5714285714285714,0.0285714285714285,True,1.0,1.0
BRENT_session,9,ceasefire_pause_breakdown_renewed_escalation,UP_Q2_25_50|UP_Q4_75_90|UP_Q2_25_50,europe_midday|us_pre_open|us_open,1,4,0.25,1.0,0.5714285714285714,0.0285714285714285,True,1.0,1.0
BRENT_session,9,ceasefire_pause_breakdown_renewed_escalation,UP_Q2_25_50|UP_Q5_90_100|DOWN_Q4_75_90,mcx_open_drive|india_morning|india_midday,1,4,0.25,1.0,0.5714285714285714,0.0285714285714285,True,1.0,1.0
BRENT_session,9,ceasefire_pause_breakdown_renewed_escalation,UP_Q3_50_75|DOWN_Q3_50_75|DOWN_Q5_90_100,europe_midday|us_pre_open|us_open,1,4,0.25,1.0,0.5714285714285714,0.0285714285714285,True,1.0,1.0
BRENT_session,9,ceasefire_pause_breakdown_renewed_escalation,UP_Q3_50_75|UP_Q1_0_25|DOWN_Q2_25_50,india_midday|europe_midday|us_pre_open,1,4,0.25,1.0,0.5714285714285714,0.0285714285714285,True,1.0,1.0
BRENT_session,9,ceasefire_pause_breakdown_renewed_escalation,UP_Q4_75_90|UP_Q2_25_50|FLAT_Q1_0_25,us_pre_open|us_open|us_open,1,4,0.25,1.0,0.5714285714285714,0.0285714285714285,True,1.0,1.0
BRENT_session,9,ceasefire_pause_breakdown_renewed_escalation,UP_Q5_90_100|DOWN_Q3_50_75|FLAT_Q1_0_25,global_reopen_pre_mcx|mcx_open_drive|india_morning,1,4,0.25,1.0,0.5714285714285714,0.0285714285714285,True,1.0,1.0
BRENT_session,9,ceasefire_pause_breakdown_renewed_escalation,UP_Q5_90_100|DOWN_Q4_75_90|DOWN_Q5_90_100,india_morning|india_midday|europe_midday,1,4,0.25,1.0,0.5714285714285714,0.0285714285714285,True,1.0,1.0
WTI_session,3,strong_escalation_op_rising_lion,DOWN_Q1_0_25|UP_Q4_75_90|FLAT_Q2_25_50,us_pre_open|us_open|us_open,1,4,0.25,1.0,0.5714285714285714,0.0285714285714285,True,1.0,1.0
WTI_session,3,strong_escalation_op_rising_lion,DOWN_Q1_0_25|UP_Q5_90_100|DOWN_Q1_0_25,india_midday|europe_midday|us_pre_open,1,4,0.25,1.0,0.5714285714285714,0.0285714285714285,True,1.0,1.0
WTI_session,3,strong_escalation_op_rising_lion,DOWN_Q2_25_50|DOWN_Q3_50_75|DOWN_Q1_0_25,mcx_open_drive|india_morning|india_midday,1,4,0.25,1.0,0.5714285714285714,0.0285714285714285,True,1.0,1.0
WTI_session,3,strong_escalation_op_rising_lion,DOWN_Q2_25_50|DOWN_Q5_90_100|DOWN_Q4_75_90,global_reopen_pre_mcx|mcx_open_drive|india_morning,1,4,0.25,1.0,0.5714285714285714,0.0285714285714285,True,1.0,1.0
WTI_session,3,strong_escalation_op_rising_lion,DOWN_Q2_25_50|UP_Q2_25_50|DOWN_Q5_90_100,india_midday|europe_midday|us_pre_open,1,4,0.25,1.0,0.5714285714285714,0.0285714285714285,True,1.0,1.0
WTI_session,3,strong_escalation_op_rising_lion,DOWN_Q3_50_75|DOWN_Q1_0_25|UP_Q5_90_100,india_morning|india_midday|europe_midday,1,4,0.25,1.0,0.5714285714285714,0.0285714285714285,True,1.0,1.0
WTI_session,3,strong_escalation_op_rising_lion,DOWN_Q4_75_90|DOWN_Q3_50_75|FLAT_Q1_0_25,india_morning|india_midday|europe_midday,1,4,0.25,1.0,0.5714285714285714,0.0285714285714285,True,1.0,1.0
WTI_session,3,strong_escalation_op_rising_lion,DOWN_Q4_75_90|UP_Q2_25_50|FLAT_Q1_0_25,us_open|mcx_tail|other_valid_hours,1,4,0.25,1.0,0.5714285714285714,0.0285714285714285,True,1.0,1.0
WTI_session,3,strong_escalation_op_rising_lion,DOWN_Q5_90_100|DOWN_Q2_25_50|DOWN_Q3_50_75,us_open|mcx_tail|other_valid_hours,1,4,0.25,1.0,0.5714285714285714,0.0285714285714285,True,1.0,1.0
WTI_session,3,strong_escalation_op_rising_lion,DOWN_Q5_90_100|DOWN_Q4_75_90|DOWN_Q3_50_75,mcx_open_drive|india_morning|india_midday,1,4,0.25,1.0,0.5714285714285714,0.0285714285714285,True,1.0,1.0
WTI_session,3,strong_escalation_op_rising_lion,DOWN_Q5_90_100|FLAT_Q1_0_25|DOWN_Q2_25_50,global_reopen_pre_mcx|mcx_open_drive|india_morning,1,4,0.25,1.0,0.5714285714285714,0.0285714285714285,True,1.0,1.0
WTI_session,3,strong_escalation_op_rising_lion,DOWN_Q5_90_100|FLAT_Q2_25_50|FLAT_Q2_25_50,us_pre_open|us_open|us_open,1,4,0.25,1.0,0.5714285714285714,0.0285714285714285,True,1.0,1.0
WTI_session,3,strong_escalation_op_rising_lion,DOWN_Q5_90_100|UP_Q3_50_75|UP_Q3_50_75,india_midday|europe_midday|us_pre_open,1,4,0.25,1.0,0.5714285714285714,0.0285714285714285,True,1.0,1.0
WTI_session,3,strong_escalation_op_rising_lion,FLAT_Q1_0_25|DOWN_Q2_25_50|DOWN_Q2_25_50,mcx_open_drive|india_morning|india_midday,1,4,0.25,1.0,0.5714285714285714,0.0285714285714285,True,1.0,1.0
WTI_session,3,strong_escalation_op_rising_lion,FLAT_Q1_0_25|DOWN_Q4_75_90|UP_Q2_25_50,us_open|us_open|mcx_tail,1,4,0.25,1.0,0.5714285714285714,0.0285714285714285,True,1.0,1.0
WTI_session,3,strong_escalation_op_rising_lion,FLAT_Q1_0_25|DOWN_Q5_90_100|UP_Q3_50_75,india_morning|india_midday|europe_midday,1,4,0.25,1.0,0.5714285714285714,0.0285714285714285,True,1.0,1.0
WTI_session,3,strong_escalation_op_rising_lion,FLAT_Q1_0_25|UP_Q2_25_50|UP_Q3_50_75,europe_midday|us_pre_open|us_open,1,4,0.25,1.0,0.5714285714285714,0.0285714285714285,True,1.0,1.0
WTI_session,3,strong_escalation_op_rising_lion,FLAT_Q2_25_50|DOWN_Q5_90_100|UP_Q5_90_100,us_open|mcx_tail|other_valid_hours,1,4,0.25,1.0,0.5714285714285714,0.0285714285714285,True,1.0,1.0
WTI_session,3,strong_escalation_op_rising_lion,FLAT_Q2_25_50|FLAT_Q2_25_50|UP_Q3_50_75,us_open|us_open|mcx_tail,1,4,0.25,1.0,0.5714285714285714,0.0285714285714285,True,1.0,1.0
WTI_session,3,strong_escalation_op_rising_lion,FLAT_Q2_25_50|UP_Q3_50_75|UP_Q2_25_50,us_open|mcx_tail|other_valid_hours,1,4,0.25,1.0,0.5714285714285714,0.0285714285714285,True,1.0,1.0
WTI_session,3,strong_escalation_op_rising_lion,UP_Q2_25_50|DOWN_Q5_90_100|FLAT_Q2_25_50,europe_midday|us_pre_open|us_open,1,4,0.25,1.0,0.5714285714285714,0.0285714285714285,True,1.0,1.0
WTI_session,3,strong_escalation_op_rising_lion,UP_Q2_25_50|UP_Q3_50_75|DOWN_Q5_90_100,us_pre_open|us_open|us_open,1,4,0.25,1.0,0.5714285714285714,0.0285714285714285,True,1.0,1.0
WTI_session,3,strong_escalation_op_rising_lion,UP_Q3_50_75|DOWN_Q3_50_75|FLAT_Q1_0_25,global_reopen_pre_mcx|mcx_open_drive|india_morning,1,4,0.25,1.0,0.5714285714285714,0.0285714285714285,True,1.0,1.0
WTI_session,3,strong_escalation_op_rising_lion,UP_Q3_50_75|DOWN_Q5_90_100|DOWN_Q2_25_50,us_open|us_open|mcx_tail,1,4,0.25,1.0,0.5714285714285714,0.0285714285714285,True,1.0,1.0
WTI_session,3,strong_escalation_op_rising_lion,UP_Q3_50_75|FLAT_Q1_0_25|DOWN_Q4_75_90,us_pre_open|us_open|us_open,1,4,0.25,1.0,0.5714285714285714,0.0285714285714285,True,1.0,1.0
WTI_session,3,strong_escalation_op_rising_lion,UP_Q3_50_75|UP_Q3_50_75|FLAT_Q1_0_25,europe_midday|us_pre_open|us_open,1,4,0.25,1.0,0.5714285714285714,0.0285714285714285,True,1.0,1.0
WTI_session,3,strong_escalation_op_rising_lion,UP_Q4_75_90|FLAT_Q2_25_50|DOWN_Q5_90_100,us_open|us_open|mcx_tail,1,4,0.25,1.0,0.5714285714285714,0.0285714285714285,True,1.0,1.0
WTI_session,3,strong_escalation_op_rising_lion,UP_Q5_90_100|DOWN_Q1_0_25|UP_Q4_75_90,europe_midday|us_pre_open|us_open,1,4,0.25,1.0,0.5714285714285714,0.0285714285714285,True,1.0,1.0
WTI_session,9,ceasefire_pause_breakdown_renewed_escalation,DOWN_Q1_0_25|UP_Q2_25_50|DOWN_Q3_50_75,global_reopen_pre_mcx|mcx_open_drive|india_morning,1,4,0.25,1.0,0.5714285714285714,0.0285714285714285,True,1.0,1.0
WTI_session,9,ceasefire_pause_breakdown_renewed_escalation,DOWN_Q2_25_50|DOWN_Q5_90_100|FLAT_Q2_25_50,us_open|us_open|mcx_tail,1,4,0.25,1.0,0.5714285714285714,0.0285714285714285,True,1.0,1.0
WTI_session,9,ceasefire_pause_breakdown_renewed_escalation,DOWN_Q2_25_50|UP_Q2_25_50|DOWN_Q3_50_75,europe_midday|us_pre_open|us_open,1,4,0.25,1.0,0.5714285714285714,0.0285714285714285,True,1.0,1.0
WTI_session,9,ceasefire_pause_breakdown_renewed_escalation,DOWN_Q2_25_50|UP_Q3_50_75|DOWN_Q3_50_75,india_midday|europe_midday|us_pre_open,1,4,0.25,1.0,0.5714285714285714,0.0285714285714285,True,1.0,1.0
WTI_session,9,ceasefire_pause_breakdown_renewed_escalation,DOWN_Q2_25_50|UP_Q4_75_90|UP_Q4_75_90,global_reopen_pre_mcx|mcx_open_drive|india_morning,1,4,0.25,1.0,0.5714285714285714,0.0285714285714285,True,1.0,1.0
WTI_session,9,ceasefire_pause_breakdown_renewed_escalation,DOWN_Q3_50_75|DOWN_Q5_90_100|UP_Q2_25_50,global_reopen_pre_mcx|mcx_open_drive|india_morning,1,4,0.25,1.0,0.5714285714285714,0.0285714285714285,True,1.0,1.0
WTI_session,9,ceasefire_pause_breakdown_renewed_escalation,DOWN_Q3_50_75|UP_Q3_50_75|DOWN_Q4_75_90,us_open|us_open|mcx_tail,1,4,0.25,1.0,0.5714285714285714,0.0285714285714285,True,1.0,1.0
WTI_session,9,ceasefire_pause_breakdown_renewed_escalation,DOWN_Q4_75_90|UP_Q2_25_50|DOWN_Q3_50_75,us_open|us_open|mcx_tail,1,4,0.25,1.0,0.5714285714285714,0.0285714285714285,True,1.0,1.0
WTI_session,9,ceasefire_pause_breakdown_renewed_escalation,DOWN_Q5_90_100|FLAT_Q2_25_50|DOWN_Q2_25_50,us_open|mcx_tail|other_valid_hours,1,4,0.25,1.0,0.5714285714285714,0.0285714285714285,True,1.0,1.0
WTI_session,9,ceasefire_pause_breakdown_renewed_escalation,DOWN_Q5_90_100|UP_Q2_25_50|UP_Q5_90_100,mcx_open_drive|india_morning|india_midday,1,4,0.25,1.0,0.5714285714285714,0.0285714285714285,True,1.0,1.0
WTI_session,9,ceasefire_pause_breakdown_renewed_escalation,FLAT_Q1_0_25|UP_Q1_0_25|UP_Q5_90_100,india_midday|europe_midday|us_pre_open,1,4,0.25,1.0,0.5714285714285714,0.0285714285714285,True,1.0,1.0
WTI_session,9,ceasefire_pause_breakdown_renewed_escalation,UP_Q1_0_25|DOWN_Q4_75_90|UP_Q2_25_50,us_pre_open|us_open|us_open,1,4,0.25,1.0,0.5714285714285714,0.0285714285714285,True,1.0,1.0
WTI_session,9,ceasefire_pause_breakdown_renewed_escalation,UP_Q1_0_25|UP_Q5_90_100|DOWN_Q3_50_75,europe_midday|us_pre_open|us_open,1,4,0.25,1.0,0.5714285714285714,0.0285714285714285,True,1.0,1.0
WTI_session,9,ceasefire_pause_breakdown_renewed_escalation,UP_Q2_25_50|UP_Q5_90_100|UP_Q4_75_90,india_morning|india_midday|europe_midday,1,4,0.25,1.0,0.5714285714285714,0.0285714285714285,True,1.0,1.0
WTI_session,9,ceasefire_pause_breakdown_renewed_escalation,UP_Q3_50_75|DOWN_Q3_50_75|DOWN_Q2_25_50,europe_midday|us_pre_open|us_open,1,4,0.25,1.0,0.5714285714285714,0.0285714285714285,True,1.0,1.0
WTI_session,9,ceasefire_pause_breakdown_renewed_escalation,UP_Q3_50_75|DOWN_Q4_75_90|UP_Q4_75_90,us_open|mcx_tail|other_valid_hours,1,4,0.25,1.0,0.5714285714285714,0.0285714285714285,True,1.0,1.0
WTI_session,9,ceasefire_pause_breakdown_renewed_escalation,UP_Q4_75_90|UP_Q1_0_25|DOWN_Q4_75_90,europe_midday|us_pre_open|us_open,1,4,0.25,1.0,0.5714285714285714,0.0285714285714285,True,1.0,1.0
WTI_session,9,ceasefire_pause_breakdown_renewed_escalation,UP_Q4_75_90|UP_Q4_75_90|DOWN_Q3_50_75,mcx_open_drive|india_morning|india_midday,1,4,0.25,1.0,0.5714285714285714,0.0285714285714285,True,1.0,1.0
WTI_session,9,ceasefire_pause_breakdown_renewed_escalation,UP_Q5_90_100|DOWN_Q3_50_75|FLAT_Q1_0_25,us_pre_open|us_open|us_open,1,4,0.25,1.0,0.5714285714285714,0.0285714285714285,True,1.0,1.0
WTI_session,9,ceasefire_pause_breakdown_renewed_escalation,UP_Q5_90_100|UP_Q4_75_90|UP_Q1_0_25,india_midday|europe_midday|us_pre_open,1,4,0.25,1.0,0.5714285714285714,0.0285714285714285,True,1.0,1.0
BRENT_session,1,full_scale_war,DOWN_Q2_25_50|FLAT_Q1_0_25|FLAT_Q1_0_25,india_midday|europe_midday|us_pre_open,2,18,0.1111111111111111,0.6666666666666666,0.6428571428571428,0.0285714285714285,True,1.0,1.0
BRENT_session,1,full_scale_war,DOWN_Q2_25_50|UP_Q3_50_75|DOWN_Q2_25_50,asia_early|us_late|europe_midday,2,18,0.1111111111111111,0.6666666666666666,0.6428571428571428,0.0285714285714285,True,1.0,1.0
BRENT_session,1,full_scale_war,UP_Q3_50_75|FLAT_Q2_25_50|FLAT_Q1_0_25,europe_midday|us_pre_open|us_open,2,18,0.1111111111111111,0.6666666666666666,0.6428571428571428,0.0285714285714285,True,1.0,1.0
BRENT_session,1,full_scale_war,UP_Q3_50_75|UP_Q2_25_50|UP_Q2_25_50,asia_early|us_late|europe_midday,2,18,0.1111111111111111,0.6666666666666666,0.6428571428571428,0.0285714285714285,True,1.0,1.0
BRENT_session,1,full_scale_war,UP_Q3_50_75|UP_Q3_50_75|FLAT_Q1_0_25,us_open|mcx_tail|other_valid_hours,2,18,0.1111111111111111,0.6666666666666666,0.6428571428571428,0.0285714285714285,True,1.0,1.0
WTI_session,1,full_scale_war,DOWN_Q4_75_90|UP_Q2_25_50|FLAT_Q1_0_25,global_reopen_pre_mcx|mcx_open_drive|india_morning,2,18,0.1111111111111111,0.6666666666666666,0.6428571428571428,0.0285714285714285,True,1.0,1.0
WTI_session,1,full_scale_war,UP_Q3_50_75|UP_Q3_50_75|UP_Q3_50_75,us_open|us_open|other_valid_hours,2,18,0.1111111111111111,0.6666666666666666,0.6428571428571428,0.0285714285714285,True,1.0,1.0
BRENT_session,2,post_ceasefire_complex,DOWN_Q3_50_75|FLAT_Q2_25_50|FLAT_Q1_0_25,us_open|mcx_tail|other_valid_hours,3,43,0.0697674418604651,0.6,0.6534954407294833,0.0273556231003039,True,1.0,1.0
BRENT_session,2,post_ceasefire_complex,UP_Q3_50_75|DOWN_Q2_25_50|FLAT_Q1_0_25,europe_midday|us_pre_open|us_open,3,43,0.0697674418604651,0.6,0.6534954407294833,0.0273556231003039,True,1.0,1.0
BRENT_session,2,post_ceasefire_complex,UP_Q3_50_75|DOWN_Q4_75_90|DOWN_Q3_50_75,europe_midday|us_pre_open|us_open,3,43,0.0697674418604651,0.6,0.6534954407294833,0.0273556231003039,True,1.0,1.0
BRENT_session,2,post_ceasefire_complex,UP_Q4_75_90|DOWN_Q2_25_50|FLAT_Q1_0_25,india_midday|europe_midday|us_pre_open,3,43,0.0697674418604651,0.6,0.6534954407294833,0.0273556231003039,True,1.0,1.0
BRENT_session,1,full_scale_war,UP_Q2_25_50|UP_Q2_25_50|DOWN_Q3_50_75,india_midday|europe_midday|us_pre_open,2,18,0.1111111111111111,1.0,0.5294117647058824,0.0235294117647058,True,1.0,1.0
WTI_session,1,full_scale_war,DOWN_Q3_50_75|UP_Q3_50_75|FLAT_Q1_0_25,global_reopen_pre_mcx|mcx_open_drive|india_morning,2,18,0.1111111111111111,1.0,0.5294117647058824,0.0235294117647058,True,1.0,1.0
WTI_session,1,full_scale_war,UP_Q5_90_100|DOWN_Q3_50_75|FLAT_Q1_0_25,india_midday|europe_midday|us_pre_open,2,18,0.1111111111111111,1.0,0.5294117647058824,0.0235294117647058,True,1.0,1.0
BRENT_session,4,naval_blockade_removed,DOWN_Q1_0_25|UP_Q2_25_50|UP_Q3_50_75,us_open|mcx_tail|other_valid_hours,1,5,0.2,1.0,0.5555555555555556,0.0222222222222222,True,1.0,1.0
BRENT_session,4,naval_blockade_removed,DOWN_Q2_25_50|DOWN_Q3_50_75|DOWN_Q5_90_100,europe_midday|us_pre_open|us_open,1,5,0.2,1.0,0.5555555555555556,0.0222222222222222,True,1.0,1.0
BRENT_session,4,naval_blockade_removed,DOWN_Q2_25_50|FLAT_Q1_0_25|DOWN_Q2_25_50,india_midday|europe_midday|us_pre_open,1,5,0.2,1.0,0.5555555555555556,0.0222222222222222,True,1.0,1.0
BRENT_session,4,naval_blockade_removed,DOWN_Q3_50_75|DOWN_Q2_25_50|UP_Q3_50_75,us_open|us_open|mcx_tail,1,5,0.2,1.0,0.5555555555555556,0.0222222222222222,True,1.0,1.0
BRENT_session,4,naval_blockade_removed,DOWN_Q3_50_75|DOWN_Q3_50_75|FLAT_Q1_0_25,global_reopen_pre_mcx|mcx_open_drive|india_morning,1,5,0.2,1.0,0.5555555555555556,0.0222222222222222,True,1.0,1.0
BRENT_session,4,naval_blockade_removed,DOWN_Q3_50_75|DOWN_Q5_90_100|DOWN_Q1_0_25,us_pre_open|us_open|us_open,1,5,0.2,1.0,0.5555555555555556,0.0222222222222222,True,1.0,1.0
BRENT_session,4,naval_blockade_removed,DOWN_Q4_75_90|DOWN_Q2_25_50|DOWN_Q3_50_75,india_midday|europe_midday|us_pre_open,1,5,0.2,1.0,0.5555555555555556,0.0222222222222222,True,1.0,1.0
BRENT_session,4,naval_blockade_removed,DOWN_Q4_75_90|FLAT_Q1_0_25|FLAT_Q5_90_100,global_reopen_pre_mcx|mcx_open_drive|india_morning,1,5,0.2,1.0,0.5555555555555556,0.0222222222222222,True,1.0,1.0
BRENT_session,4,naval_blockade_removed,DOWN_Q4_75_90|FLAT_Q2_25_50|FLAT_Q1_0_25,mcx_open_drive|india_morning|india_midday,1,5,0.2,1.0,0.5555555555555556,0.0222222222222222,True,1.0,1.0
BRENT_session,4,naval_blockade_removed,DOWN_Q5_90_100|DOWN_Q1_0_25|UP_Q2_25_50,us_open|us_open|mcx_tail,1,5,0.2,1.0,0.5555555555555556,0.0222222222222222,True,1.0,1.0
BRENT_session,4,naval_blockade_removed,DOWN_Q5_90_100|UP_Q4_75_90|UP_Q1_0_25,us_pre_open|us_open|us_open,1,5,0.2,1.0,0.5555555555555556,0.0222222222222222,True,1.0,1.0
BRENT_session,4,naval_blockade_removed,FLAT_Q1_0_25|DOWN_Q2_25_50|UP_Q3_50_75,europe_midday|us_pre_open|us_open,1,5,0.2,1.0,0.5555555555555556,0.0222222222222222,True,1.0,1.0
BRENT_session,4,naval_blockade_removed,FLAT_Q1_0_25|FLAT_Q5_90_100|DOWN_Q2_25_50,mcx_open_drive|india_morning|india_midday,1,5,0.2,1.0,0.5555555555555556,0.0222222222222222,True,1.0,1.0
BRENT_session,4,naval_blockade_removed,FLAT_Q1_0_25|UP_Q3_50_75|UP_Q3_50_75,india_morning|india_midday|europe_midday,1,5,0.2,1.0,0.5555555555555556,0.0222222222222222,True,1.0,1.0
BRENT_session,4,naval_blockade_removed,FLAT_Q1_0_25|UP_Q4_75_90|DOWN_Q5_90_100,india_midday|europe_midday|us_pre_open,1,5,0.2,1.0,0.5555555555555556,0.0222222222222222,True,1.0,1.0
BRENT_session,4,naval_blockade_removed,FLAT_Q2_25_50|FLAT_Q1_0_25|UP_Q4_75_90,india_morning|india_midday|europe_midday,1,5,0.2,1.0,0.5555555555555556,0.0222222222222222,True,1.0,1.0
BRENT_session,4,naval_blockade_removed,FLAT_Q5_90_100|DOWN_Q2_25_50|FLAT_Q1_0_25,india_morning|india_midday|europe_midday,1,5,0.2,1.0,0.5555555555555556,0.0222222222222222,True,1.0,1.0
BRENT_session,4,naval_blockade_removed,UP_Q1_0_25|DOWN_Q3_50_75|DOWN_Q2_25_50,us_pre_open|us_open|us_open,1,5,0.2,1.0,0.5555555555555556,0.0222222222222222,True,1.0,1.0
BRENT_session,4,naval_blockade_removed,UP_Q1_0_25|UP_Q5_90_100|DOWN_Q2_25_50,us_open|mcx_tail|other_valid_hours,1,5,0.2,1.0,0.5555555555555556,0.0222222222222222,True,1.0,1.0
BRENT_session,4,naval_blockade_removed,UP_Q3_50_75|FLAT_Q1_0_25|FLAT_Q1_0_25,us_open|us_open|mcx_tail,1,5,0.2,1.0,0.5555555555555556,0.0222222222222222,True,1.0,1.0
BRENT_session,4,naval_blockade_removed,UP_Q3_50_75|UP_Q1_0_25|DOWN_Q3_50_75,europe_midday|us_pre_open|us_open,1,5,0.2,1.0,0.5555555555555556,0.0222222222222222,True,1.0,1.0
BRENT_session,4,naval_blockade_removed,UP_Q3_50_75|UP_Q3_50_75|UP_Q1_0_25,india_midday|europe_midday|us_pre_open,1,5,0.2,1.0,0.5555555555555556,0.0222222222222222,True,1.0,1.0
BRENT_session,4,naval_blockade_removed,UP_Q4_75_90|DOWN_Q5_90_100|UP_Q4_75_90,europe_midday|us_pre_open|us_open,1,5,0.2,1.0,0.5555555555555556,0.0222222222222222,True,1.0,1.0
BRENT_session,4,naval_blockade_removed,UP_Q4_75_90|UP_Q1_0_25|UP_Q5_90_100,us_open|us_open|mcx_tail,1,5,0.2,1.0,0.5555555555555556,0.0222222222222222,True,1.0,1.0
WTI_session,4,naval_blockade_removed,DOWN_Q1_0_25|FLAT_Q1_0_25|DOWN_Q1_0_25,india_midday|europe_midday|us_pre_open,1,5,0.2,1.0,0.5555555555555556,0.0222222222222222,True,1.0,1.0
WTI_session,4,naval_blockade_removed,DOWN_Q1_0_25|UP_Q3_50_75|FLAT_Q1_0_25,us_pre_open|us_open|us_open,1,5,0.2,1.0,0.5555555555555556,0.0222222222222222,True,1.0,1.0
WTI_session,4,naval_blockade_removed,DOWN_Q2_25_50|FLAT_Q1_0_25|FLAT_Q2_25_50,global_reopen_pre_mcx|mcx_open_drive|india_morning,1,5,0.2,1.0,0.5555555555555556,0.0222222222222222,True,1.0,1.0
WTI_session,4,naval_blockade_removed,DOWN_Q2_25_50|UP_Q5_90_100|DOWN_Q4_75_90,india_midday|europe_midday|us_pre_open,1,5,0.2,1.0,0.5555555555555556,0.0222222222222222,True,1.0,1.0
WTI_session,4,naval_blockade_removed,DOWN_Q3_50_75|DOWN_Q2_25_50|DOWN_Q5_90_100,us_pre_open|us_open|us_open,1,5,0.2,1.0,0.5555555555555556,0.0222222222222222,True,1.0,1.0
WTI_session,4,naval_blockade_removed,DOWN_Q3_50_75|UP_Q3_50_75|DOWN_Q5_90_100,us_open|mcx_tail|other_valid_hours,1,5,0.2,1.0,0.5555555555555556,0.0222222222222222,True,1.0,1.0
WTI_session,4,naval_blockade_removed,DOWN_Q4_75_90|FLAT_Q2_25_50|FLAT_Q4_75_90,global_reopen_pre_mcx|mcx_open_drive|india_morning,1,5,0.2,1.0,0.5555555555555556,0.0222222222222222,True,1.0,1.0
WTI_session,4,naval_blockade_removed,DOWN_Q4_75_90|UP_Q4_75_90|UP_Q2_25_50,us_pre_open|us_open|us_open,1,5,0.2,1.0,0.5555555555555556,0.0222222222222222,True,1.0,1.0
WTI_session,4,naval_blockade_removed,DOWN_Q5_90_100|DOWN_Q2_25_50|DOWN_Q3_50_75,india_midday|europe_midday|us_pre_open,1,5,0.2,1.0,0.5555555555555556,0.0222222222222222,True,1.0,1.0
WTI_session,4,naval_blockade_removed,DOWN_Q5_90_100|FLAT_Q3_50_75|DOWN_Q2_25_50,mcx_open_drive|india_morning|india_midday,1,5,0.2,1.0,0.5555555555555556,0.0222222222222222,True,1.0,1.0
WTI_session,4,naval_blockade_removed,DOWN_Q5_90_100|UP_Q1_0_25|UP_Q3_50_75,us_open|mcx_tail|other_valid_hours,1,5,0.2,1.0,0.5555555555555556,0.0222222222222222,True,1.0,1.0
WTI_session,4,naval_blockade_removed,DOWN_Q5_90_100|UP_Q4_75_90|FLAT_Q3_50_75,global_reopen_pre_mcx|mcx_open_drive|india_morning,1,5,0.2,1.0,0.5555555555555556,0.0222222222222222,True,1.0,1.0
WTI_session,4,naval_blockade_removed,FLAT_Q1_0_25|DOWN_Q1_0_25|UP_Q3_50_75,europe_midday|us_pre_open|us_open,1,5,0.2,1.0,0.5555555555555556,0.0222222222222222,True,1.0,1.0
WTI_session,4,naval_blockade_removed,FLAT_Q1_0_25|FLAT_Q2_25_50|DOWN_Q5_90_100,mcx_open_drive|india_morning|india_midday,1,5,0.2,1.0,0.5555555555555556,0.0222222222222222,True,1.0,1.0
WTI_session,4,naval_blockade_removed,FLAT_Q1_0_25|UP_Q2_25_50|UP_Q1_0_25,us_open|mcx_tail|other_valid_hours,1,5,0.2,1.0,0.5555555555555556,0.0222222222222222,True,1.0,1.0
WTI_session,4,naval_blockade_removed,FLAT_Q2_25_50|DOWN_Q5_90_100|DOWN_Q2_25_50,india_morning|india_midday|europe_midday,1,5,0.2,1.0,0.5555555555555556,0.0222222222222222,True,1.0,1.0
WTI_session,4,naval_blockade_removed,FLAT_Q2_25_50|FLAT_Q4_75_90|UP_Q3_50_75,mcx_open_drive|india_morning|india_midday,1,5,0.2,1.0,0.5555555555555556,0.0222222222222222,True,1.0,1.0
WTI_session,4,naval_blockade_removed,FLAT_Q3_50_75|DOWN_Q1_0_25|FLAT_Q1_0_25,india_morning|india_midday|europe_midday,1,5,0.2,1.0,0.5555555555555556,0.0222222222222222,True,1.0,1.0
WTI_session,4,naval_blockade_removed,FLAT_Q3_50_75|DOWN_Q2_25_50|UP_Q5_90_100,india_morning|india_midday|europe_midday,1,5,0.2,1.0,0.5555555555555556,0.0222222222222222,True,1.0,1.0
WTI_session,4,naval_blockade_removed,FLAT_Q4_75_90|UP_Q3_50_75|UP_Q3_50_75,india_morning|india_midday|europe_midday,1,5,0.2,1.0,0.5555555555555556,0.0222222222222222,True,1.0,1.0
WTI_session,4,naval_blockade_removed,UP_Q2_25_50|DOWN_Q2_25_50|DOWN_Q3_50_75,us_pre_open|us_open|us_open,1,5,0.2,1.0,0.5555555555555556,0.0222222222222222,True,1.0,1.0
WTI_session,4,naval_blockade_removed,UP_Q2_25_50|UP_Q4_75_90|DOWN_Q2_25_50,us_open|mcx_tail|other_valid_hours,1,5,0.2,1.0,0.5555555555555556,0.0222222222222222,True,1.0,1.0
WTI_session,4,naval_blockade_removed,UP_Q3_50_75|FLAT_Q1_0_25|UP_Q2_25_50,us_open|us_open|mcx_tail,1,5,0.2,1.0,0.5555555555555556,0.0222222222222222,True,1.0,1.0
WTI_session,4,naval_blockade_removed,UP_Q3_50_75|UP_Q2_25_50|DOWN_Q2_25_50,europe_midday|us_pre_open|us_open,1,5,0.2,1.0,0.5555555555555556,0.0222222222222222,True,1.0,1.0
WTI_session,4,naval_blockade_removed,UP_Q3_50_75|UP_Q3_50_75|UP_Q2_25_50,india_midday|europe_midday|us_pre_open,1,5,0.2,1.0,0.5555555555555556,0.0222222222222222,True,1.0,1.0
WTI_session,4,naval_blockade_removed,UP_Q4_75_90|FLAT_Q3_50_75|DOWN_Q1_0_25,mcx_open_drive|india_morning|india_midday,1,5,0.2,1.0,0.5555555555555556,0.0222222222222222,True,1.0,1.0
WTI_session,4,naval_blockade_removed,UP_Q4_75_90|UP_Q2_25_50|UP_Q4_75_90,us_open|us_open|mcx_tail,1,5,0.2,1.0,0.5555555555555556,0.0222222222222222,True,1.0,1.0
WTI_session,4,naval_blockade_removed,UP_Q5_90_100|DOWN_Q4_75_90|UP_Q4_75_90,europe_midday|us_pre_open|us_open,1,5,0.2,1.0,0.5555555555555556,0.0222222222222222,True,1.0,1.0
BRENT_session,10,second_deescalation_active_negotiation_hormuz_deal,FLAT_Q1_0_25|UP_Q3_50_75|DOWN_Q2_25_50,global_reopen_pre_mcx|mcx_open_drive|india_morning,1,9,0.1111111111111111,0.25,0.8780487804878049,0.0195121951219512,True,1.0,1.0
BRENT_session,10,second_deescalation_active_negotiation_hormuz_deal,FLAT_Q1_0_25|UP_Q3_50_75|DOWN_Q4_75_90,us_open|mcx_tail|other_valid_hours,1,9,0.1111111111111111,0.25,0.8780487804878049,0.0195121951219512,True,1.0,1.0
BRENT_session,10,second_deescalation_active_negotiation_hormuz_deal,FLAT_Q1_0_25|UP_Q3_50_75|UP_Q2_25_50,us_pre_open|us_open|us_open,1,9,0.1111111111111111,0.25,0.8780487804878049,0.0195121951219512,True,1.0,1.0
BRENT_session,10,second_deescalation_active_negotiation_hormuz_deal,FLAT_Q1_0_25|UP_Q3_50_75|UP_Q4_75_90,india_midday|europe_midday|us_pre_open,1,9,0.1111111111111111,0.25,0.8780487804878049,0.0195121951219512,True,1.0,1.0
WTI_session,10,second_deescalation_active_negotiation_hormuz_deal,FLAT_Q1_0_25|FLAT_Q1_0_25|DOWN_Q2_25_50,us_pre_open|us_open|us_open,1,9,0.1111111111111111,0.25,0.8780487804878049,0.0195121951219512,True,1.0,1.0
WTI_session,10,second_deescalation_active_negotiation_hormuz_deal,FLAT_Q1_0_25|FLAT_Q1_0_25|UP_Q3_50_75,us_open|us_open|mcx_tail,1,9,0.1111111111111111,0.25,0.8780487804878049,0.0195121951219512,True,1.0,1.0
WTI_session,10,second_deescalation_active_negotiation_hormuz_deal,FLAT_Q1_0_25|FLAT_Q1_0_25|UP_Q4_75_90,us_pre_open|us_open|us_open,1,9,0.1111111111111111,0.25,0.8780487804878049,0.0195121951219512,True,1.0,1.0
WTI_session,10,second_deescalation_active_negotiation_hormuz_deal,FLAT_Q1_0_25|FLAT_Q1_0_25|UP_Q5_90_100,global_reopen_pre_mcx|mcx_open_drive|india_morning,1,9,0.1111111111111111,0.25,0.8780487804878049,0.0195121951219512,True,1.0,1.0
WTI_session,10,second_deescalation_active_negotiation_hormuz_deal,UP_Q4_75_90|UP_Q2_25_50|UP_Q3_50_75,india_midday|europe_midday|us_pre_open,1,9,0.1111111111111111,0.25,0.8780487804878049,0.0195121951219512,True,1.0,1.0
WTI_session,10,second_deescalation_active_negotiation_hormuz_deal,UP_Q4_75_90|UP_Q2_25_50|UP_Q4_75_90,us_open|us_open|mcx_tail,1,9,0.1111111111111111,0.25,0.8780487804878049,0.0195121951219512,True,1.0,1.0
BRENT_session,7,sustained_major_reescalation_hormuz_war,FLAT_Q1_0_25|FLAT_Q1_0_25|DOWN_Q2_25_50,india_morning|india_midday|europe_midday,1,10,0.1,0.2,0.9090909090909092,0.0181818181818181,True,1.0,1.0
BRENT_session,7,sustained_major_reescalation_hormuz_war,FLAT_Q1_0_25|FLAT_Q1_0_25|DOWN_Q3_50_75,global_reopen_pre_mcx|mcx_open_drive|india_morning,1,10,0.1,0.2,0.9090909090909092,0.0181818181818181,True,1.0,1.0
BRENT_session,7,sustained_major_reescalation_hormuz_war,FLAT_Q1_0_25|FLAT_Q1_0_25|FLAT_Q1_0_25,india_morning|india_midday|europe_midday,1,10,0.1,0.2,0.9090909090909092,0.0181818181818181,True,1.0,1.0
BRENT_session,7,sustained_major_reescalation_hormuz_war,FLAT_Q1_0_25|FLAT_Q1_0_25|UP_Q2_25_50,india_midday|europe_midday|us_pre_open,1,10,0.1,0.2,0.9090909090909092,0.0181818181818181,True,1.0,1.0
BRENT_session,7,sustained_major_reescalation_hormuz_war,FLAT_Q1_0_25|FLAT_Q1_0_25|UP_Q3_50_75,us_open|mcx_tail|other_valid_hours,1,10,0.1,0.2,0.9090909090909092,0.0181818181818181,True,1.0,1.0
BRENT_session,10,second_deescalation_active_negotiation_hormuz_deal,FLAT_Q1_0_25|UP_Q5_90_100|DOWN_Q3_50_75,india_morning|india_midday|europe_midday,1,9,0.1111111111111111,0.3333333333333333,0.8181818181818181,0.0181818181818181,True,1.0,1.0
BRENT_session,10,second_deescalation_active_negotiation_hormuz_deal,FLAT_Q1_0_25|UP_Q5_90_100|FLAT_Q1_0_25,us_open|mcx_tail|other_valid_hours,1,9,0.1111111111111111,0.3333333333333333,0.8181818181818181,0.0181818181818181,True,1.0,1.0
BRENT_session,10,second_deescalation_active_negotiation_hormuz_deal,FLAT_Q1_0_25|UP_Q5_90_100|UP_Q1_0_25,mcx_open_drive|india_morning|india_midday,1,9,0.1111111111111111,0.3333333333333333,0.8181818181818181,0.0181818181818181,True,1.0,1.0
WTI_session,10,second_deescalation_active_negotiation_hormuz_deal,UP_Q3_50_75|FLAT_Q1_0_25|FLAT_Q1_0_25,us_open|mcx_tail|other_valid_hours,1,9,0.1111111111111111,0.3333333333333333,0.8181818181818181,0.0181818181818181,True,1.0,1.0
WTI_session,10,second_deescalation_active_negotiation_hormuz_deal,UP_Q3_50_75|FLAT_Q1_0_25|FLAT_Q2_25_50,us_open|mcx_tail|other_valid_hours,1,9,0.1111111111111111,0.3333333333333333,0.8181818181818181,0.0181818181818181,True,1.0,1.0
WTI_session,10,second_deescalation_active_negotiation_hormuz_deal,UP_Q3_50_75|FLAT_Q1_0_25|UP_Q2_25_50,india_morning|india_midday|europe_midday,1,9,0.1111111111111111,0.3333333333333333,0.8181818181818181,0.0181818181818181,True,1.0,1.0
BRENT_session,2,post_ceasefire_complex,FLAT_Q1_0_25|FLAT_Q1_0_25|DOWN_Q2_25_50,india_midday|europe_midday|us_pre_open,2,43,0.0465116279069767,0.1052631578947368,0.9445086705202312,0.0175722543352601,True,1.0,1.0
BRENT_session,2,post_ceasefire_complex,FLAT_Q1_0_25|FLAT_Q1_0_25|UP_Q2_25_50,india_midday|europe_midday|us_pre_open,2,43,0.0465116279069767,0.1052631578947368,0.9445086705202312,0.0175722543352601,True,1.0,1.0
WTI_session,2,post_ceasefire_complex,FLAT_Q1_0_25|FLAT_Q1_0_25|UP_Q2_25_50,india_midday|europe_midday|us_pre_open,2,43,0.0465116279069767,0.1052631578947368,0.9445086705202312,0.0175722543352601,True,1.0,1.0
WTI_session,7,sustained_major_reescalation_hormuz_war,UP_Q2_25_50|UP_Q3_50_75|UP_Q2_25_50,india_morning|india_midday|europe_midday,1,10,0.1,0.25,0.8695652173913044,0.017391304347826,True,1.0,1.0
WTI_session,7,sustained_major_reescalation_hormuz_war,UP_Q2_25_50|UP_Q3_50_75|UP_Q4_75_90,global_reopen_pre_mcx|mcx_open_drive|india_morning,1,10,0.1,0.25,0.8695652173913044,0.017391304347826,True,1.0,1.0
BRENT_session,2,post_ceasefire_complex,DOWN_Q2_25_50|FLAT_Q1_0_25|FLAT_Q1_0_25,europe_midday|us_pre_open|us_open,2,43,0.0465116279069767,0.1428571428571428,0.912121212121212,0.0169696969696969,True,1.0,1.0
BRENT_session,2,post_ceasefire_complex,DOWN_Q2_25_50|FLAT_Q1_0_25|FLAT_Q2_25_50,us_open|mcx_tail|other_valid_hours,2,43,0.0465116279069767,0.1428571428571428,0.912121212121212,0.0169696969696969,True,1.0,1.0
BRENT_session,2,post_ceasefire_complex,FLAT_Q1_0_25|UP_Q3_50_75|DOWN_Q3_50_75,india_morning|india_midday|europe_midday,2,43,0.0465116279069767,0.1538461538461538,0.9030694668820678,0.0168012924071082,True,1.0,1.0
BRENT_session,2,post_ceasefire_complex,FLAT_Q1_0_25|UP_Q3_50_75|DOWN_Q4_75_90,global_reopen_pre_mcx|mcx_open_drive|india_morning,2,43,0.0465116279069767,0.1538461538461538,0.9030694668820678,0.0168012924071082,True,1.0,1.0
BRENT_session,2,post_ceasefire_complex,FLAT_Q1_0_25|UP_Q3_50_75|UP_Q2_25_50,europe_midday|us_pre_open|us_open,2,43,0.0465116279069767,0.1538461538461538,0.9030694668820678,0.0168012924071082,True,1.0,1.0
BRENT_session,7,sustained_major_reescalation_hormuz_war,DOWN_Q3_50_75|UP_Q3_50_75|DOWN_Q5_90_100,us_pre_open|us_open|us_open,1,10,0.1,0.3333333333333333,0.8108108108108107,0.0162162162162162,True,1.0,1.0
BRENT_session,7,sustained_major_reescalation_hormuz_war,DOWN_Q3_50_75|UP_Q3_50_75|UP_Q2_25_50,india_morning|india_midday|europe_midday,1,10,0.1,0.3333333333333333,0.8108108108108107,0.0162162162162162,True,1.0,1.0
BRENT_session,7,sustained_major_reescalation_hormuz_war,DOWN_Q3_50_75|UP_Q3_50_75|UP_Q4_75_90,us_open|us_open|mcx_tail,1,10,0.1,0.3333333333333333,0.8108108108108107,0.0162162162162162,True,1.0,1.0
BRENT_session,7,sustained_major_reescalation_hormuz_war,DOWN_Q4_75_90|FLAT_Q1_0_25|DOWN_Q5_90_100,india_midday|europe_midday|us_pre_open,1,10,0.1,0.3333333333333333,0.8108108108108107,0.0162162162162162,True,1.0,1.0
BRENT_session,7,sustained_major_reescalation_hormuz_war,DOWN_Q4_75_90|FLAT_Q1_0_25|FLAT_Q1_0_25,mcx_open_drive|india_morning|india_midday,1,10,0.1,0.3333333333333333,0.8108108108108107,0.0162162162162162,True,1.0,1.0
BRENT_session,7,sustained_major_reescalation_hormuz_war,DOWN_Q4_75_90|FLAT_Q1_0_25|UP_Q3_50_75,global_reopen_pre_mcx|mcx_open_drive|india_morning,1,10,0.1,0.3333333333333333,0.8108108108108107,0.0162162162162162,True,1.0,1.0
BRENT_session,7,sustained_major_reescalation_hormuz_war,DOWN_Q5_90_100|FLAT_Q1_0_25|UP_Q5_90_100,us_pre_open|us_open|us_open,1,10,0.1,0.3333333333333333,0.8108108108108107,0.0162162162162162,True,1.0,1.0
BRENT_session,7,sustained_major_reescalation_hormuz_war,UP_Q3_50_75|DOWN_Q4_75_90|DOWN_Q4_75_90,india_morning|india_midday|europe_midday,1,10,0.1,0.3333333333333333,0.8108108108108107,0.0162162162162162,True,1.0,1.0
WTI_session,7,sustained_major_reescalation_hormuz_war,DOWN_Q4_75_90|FLAT_Q1_0_25|FLAT_Q1_0_25,mcx_open_drive|india_morning|india_midday,1,10,0.1,0.3333333333333333,0.8108108108108107,0.0162162162162162,True,1.0,1.0
WTI_session,7,sustained_major_reescalation_hormuz_war,DOWN_Q4_75_90|FLAT_Q1_0_25|UP_Q2_25_50,global_reopen_pre_mcx|mcx_open_drive|india_morning,1,10,0.1,0.3333333333333333,0.8108108108108107,0.0162162162162162,True,1.0,1.0
WTI_session,7,sustained_major_reescalation_hormuz_war,DOWN_Q4_75_90|FLAT_Q1_0_25|UP_Q5_90_100,us_open|mcx_tail|other_valid_hours,1,10,0.1,0.3333333333333333,0.8108108108108107,0.0162162162162162,True,1.0,1.0
WTI_session,7,sustained_major_reescalation_hormuz_war,FLAT_Q1_0_25|DOWN_Q3_50_75|FLAT_Q1_0_25,india_midday|europe_midday|us_pre_open,1,10,0.1,0.3333333333333333,0.8108108108108107,0.0162162162162162,True,1.0,1.0
WTI_session,7,sustained_major_reescalation_hormuz_war,FLAT_Q1_0_25|DOWN_Q3_50_75|FLAT_Q3_50_75,us_open|mcx_tail|other_valid_hours,1,10,0.1,0.3333333333333333,0.8108108108108107,0.0162162162162162,True,1.0,1.0
WTI_session,7,sustained_major_reescalation_hormuz_war,FLAT_Q1_0_25|DOWN_Q3_50_75|UP_Q2_25_50,us_pre_open|us_open|us_open,1,10,0.1,0.3333333333333333,0.8108108108108107,0.0162162162162162,True,1.0,1.0
WTI_session,7,sustained_major_reescalation_hormuz_war,UP_Q2_25_50|UP_Q2_25_50|FLAT_Q1_0_25,europe_midday|us_pre_open|us_open,1,10,0.1,0.3333333333333333,0.8108108108108107,0.0162162162162162,True,1.0,1.0
WTI_session,7,sustained_major_reescalation_hormuz_war,UP_Q2_25_50|UP_Q2_25_50|UP_Q2_25_50,india_midday|europe_midday|us_pre_open,1,10,0.1,0.3333333333333333,0.8108108108108107,0.0162162162162162,True,1.0,1.0
WTI_session,7,sustained_major_reescalation_hormuz_war,UP_Q2_25_50|UP_Q2_25_50|UP_Q4_75_90,europe_midday|us_pre_open|us_open,1,10,0.1,0.3333333333333333,0.8108108108108107,0.0162162162162162,True,1.0,1.0
BRENT_session,10,second_deescalation_active_negotiation_hormuz_deal,DOWN_Q1_0_25|FLAT_Q1_0_25|DOWN_Q1_0_25,mcx_open_drive|india_morning|india_midday,1,9,0.1111111111111111,0.5,0.72,0.0159999999999999,True,1.0,1.0
BRENT_session,10,second_deescalation_active_negotiation_hormuz_deal,DOWN_Q1_0_25|FLAT_Q1_0_25|FLAT_Q1_0_25,us_pre_open|us_open|us_open,1,9,0.1111111111111111,0.5,0.72,0.0159999999999999,True,1.0,1.0
BRENT_session,10,second_deescalation_active_negotiation_hormuz_deal,DOWN_Q2_25_50|DOWN_Q3_50_75|DOWN_Q1_0_25,india_morning|india_midday|europe_midday,1,9,0.1111111111111111,0.5,0.72,0.0159999999999999,True,1.0,1.0
BRENT_session,10,second_deescalation_active_negotiation_hormuz_deal,DOWN_Q2_25_50|DOWN_Q3_50_75|UP_Q3_50_75,mcx_open_drive|india_morning|india_midday,1,9,0.1111111111111111,0.5,0.72,0.0159999999999999,True,1.0,1.0
BRENT_session,10,second_deescalation_active_negotiation_hormuz_deal,DOWN_Q2_25_50|FLAT_Q1_0_25|DOWN_Q4_75_90,india_midday|europe_midday|us_pre_open,1,9,0.1111111111111111,0.5,0.72,0.0159999999999999,True,1.0,1.0
BRENT_session,10,second_deescalation_active_negotiation_hormuz_deal,DOWN_Q2_25_50|FLAT_Q1_0_25|UP_Q5_90_100,us_open|us_open|mcx_tail,1,9,0.1111111111111111,0.5,0.72,0.0159999999999999,True,1.0,1.0
BRENT_session,10,second_deescalation_active_negotiation_hormuz_deal,DOWN_Q3_50_75|UP_Q3_50_75|FLAT_Q1_0_25,mcx_open_drive|india_morning|india_midday,1,9,0.1111111111111111,0.5,0.72,0.0159999999999999,True,1.0,1.0
BRENT_session,10,second_deescalation_active_negotiation_hormuz_deal,DOWN_Q3_50_75|UP_Q3_50_75|UP_Q1_0_25,india_morning|india_midday|europe_midday,1,9,0.1111111111111111,0.5,0.72,0.0159999999999999,True,1.0,1.0
BRENT_session,10,second_deescalation_active_negotiation_hormuz_deal,DOWN_Q5_90_100|DOWN_Q2_25_50|FLAT_Q1_0_25,us_pre_open|us_open|us_open,1,9,0.1111111111111111,0.5,0.72,0.0159999999999999,True,1.0,1.0
BRENT_session,10,second_deescalation_active_negotiation_hormuz_deal,DOWN_Q5_90_100|DOWN_Q2_25_50|FLAT_Q2_25_50,europe_midday|us_pre_open|us_open,1,9,0.1111111111111111,0.5,0.72,0.0159999999999999,True,1.0,1.0
BRENT_session,10,second_deescalation_active_negotiation_hormuz_deal,FLAT_Q1_0_25|FLAT_Q1_0_25|UP_Q3_50_75,us_open|us_open|mcx_tail,1,9,0.1111111111111111,0.5,0.72,0.0159999999999999,True,1.0,1.0
BRENT_session,10,second_deescalation_active_negotiation_hormuz_deal,FLAT_Q1_0_25|FLAT_Q1_0_25|UP_Q5_90_100,global_reopen_pre_mcx|mcx_open_drive|india_morning,1,9,0.1111111111111111,0.5,0.72,0.0159999999999999,True,1.0,1.0
BRENT_session,10,second_deescalation_active_negotiation_hormuz_deal,UP_Q1_0_25|DOWN_Q4_75_90|FLAT_Q1_0_25,india_midday|europe_midday|us_pre_open,1,9,0.1111111111111111,0.5,0.72,0.0159999999999999,True,1.0,1.0
BRENT_session,10,second_deescalation_active_negotiation_hormuz_deal,UP_Q1_0_25|DOWN_Q4_75_90|UP_Q2_25_50,india_midday|europe_midday|us_pre_open,1,9,0.1111111111111111,0.5,0.72,0.0159999999999999,True,1.0,1.0
BRENT_session,10,second_deescalation_active_negotiation_hormuz_deal,UP_Q3_50_75|FLAT_Q1_0_25|UP_Q3_50_75,india_morning|india_midday|europe_midday,1,9,0.1111111111111111,0.5,0.72,0.0159999999999999,True,1.0,1.0
BRENT_session,10,second_deescalation_active_negotiation_hormuz_deal,UP_Q3_50_75|FLAT_Q1_0_25|UP_Q4_75_90,us_pre_open|us_open|us_open,1,9,0.1111111111111111,0.5,0.72,0.0159999999999999,True,1.0,1.0
BRENT_session,10,second_deescalation_active_negotiation_hormuz_deal,UP_Q3_50_75|UP_Q5_90_100|FLAT_Q1_0_25,us_open|us_open|mcx_tail,1,9,0.1111111111111111,0.5,0.72,0.0159999999999999,True,1.0,1.0
BRENT_session,10,second_deescalation_active_negotiation_hormuz_deal,UP_Q3_50_75|UP_Q5_90_100|UP_Q2_25_50,us_pre_open|us_open|us_open,1,9,0.1111111111111111,0.5,0.72,0.0159999999999999,True,1.0,1.0
BRENT_session,10,second_deescalation_active_negotiation_hormuz_deal,UP_Q5_90_100|UP_Q2_25_50|DOWN_Q4_75_90,global_reopen_pre_mcx|mcx_open_drive|india_morning,1,9,0.1111111111111111,0.5,0.72,0.0159999999999999,True,1.0,1.0
BRENT_session,10,second_deescalation_active_negotiation_hormuz_deal,UP_Q5_90_100|UP_Q2_25_50|UP_Q3_50_75,us_open|us_open|mcx_tail,1,9,0.1111111111111111,0.5,0.72,0.0159999999999999,True,1.0,1.0
WTI_session,10,second_deescalation_active_negotiation_hormuz_deal,DOWN_Q1_0_25|DOWN_Q3_50_75|DOWN_Q1_0_25,india_morning|india_midday|europe_midday,1,9,0.1111111111111111,0.5,0.72,0.0159999999999999,True,1.0,1.0
WTI_session,10,second_deescalation_active_negotiation_hormuz_deal,DOWN_Q1_0_25|DOWN_Q3_50_75|UP_Q5_90_100,europe_midday|us_pre_open|us_open,1,9,0.1111111111111111,0.5,0.72,0.0159999999999999,True,1.0,1.0
WTI_session,10,second_deescalation_active_negotiation_hormuz_deal,DOWN_Q2_25_50|DOWN_Q2_25_50|DOWN_Q2_25_50,india_morning|india_midday|europe_midday,1,9,0.1111111111111111,0.5,0.72,0.0159999999999999,True,1.0,1.0
WTI_session,10,second_deescalation_active_negotiation_hormuz_deal,DOWN_Q2_25_50|DOWN_Q2_25_50|UP_Q4_75_90,india_midday|europe_midday|us_pre_open,1,9,0.1111111111111111,0.5,0.72,0.0159999999999999,True,1.0,1.0
WTI_session,10,second_deescalation_active_negotiation_hormuz_deal,DOWN_Q2_25_50|FLAT_Q1_0_25|DOWN_Q2_25_50,mcx_open_drive|india_morning|india_midday,1,9,0.1111111111111111,0.5,0.72,0.0159999999999999,True,1.0,1.0
WTI_session,10,second_deescalation_active_negotiation_hormuz_deal,DOWN_Q2_25_50|FLAT_Q1_0_25|FLAT_Q1_0_25,us_pre_open|us_open|us_open,1,9,0.1111111111111111,0.5,0.72,0.0159999999999999,True,1.0,1.0
WTI_session,10,second_deescalation_active_negotiation_hormuz_deal,DOWN_Q2_25_50|UP_Q3_50_75|DOWN_Q2_25_50,india_midday|europe_midday|us_pre_open,1,9,0.1111111111111111,0.5,0.72,0.0159999999999999,True,1.0,1.0
WTI_session,10,second_deescalation_active_negotiation_hormuz_deal,DOWN_Q2_25_50|UP_Q3_50_75|DOWN_Q3_50_75,india_morning|india_midday|europe_midday,1,9,0.1111111111111111,0.5,0.72,0.0159999999999999,True,1.0,1.0
WTI_session,10,second_deescalation_active_negotiation_hormuz_deal,DOWN_Q3_50_75|FLAT_Q1_0_25|DOWN_Q3_50_75,global_reopen_pre_mcx|mcx_open_drive|india_morning,1,9,0.1111111111111111,0.5,0.72,0.0159999999999999,True,1.0,1.0
WTI_session,10,second_deescalation_active_negotiation_hormuz_deal,DOWN_Q3_50_75|FLAT_Q1_0_25|FLAT_Q1_0_25,europe_midday|us_pre_open|us_open,1,9,0.1111111111111111,0.5,0.72,0.0159999999999999,True,1.0,1.0
WTI_session,10,second_deescalation_active_negotiation_hormuz_deal,DOWN_Q3_50_75|UP_Q5_90_100|DOWN_Q3_50_75,us_pre_open|us_open|us_open,1,9,0.1111111111111111,0.5,0.72,0.0159999999999999,True,1.0,1.0
WTI_session,10,second_deescalation_active_negotiation_hormuz_deal,DOWN_Q3_50_75|UP_Q5_90_100|FLAT_Q2_25_50,us_open|mcx_tail|other_valid_hours,1,9,0.1111111111111111,0.5,0.72,0.0159999999999999,True,1.0,1.0
WTI_session,10,second_deescalation_active_negotiation_hormuz_deal,DOWN_Q4_75_90|UP_Q4_75_90|DOWN_Q5_90_100,india_morning|india_midday|europe_midday,1,9,0.1111111111111111,0.5,0.72,0.0159999999999999,True,1.0,1.0
WTI_session,10,second_deescalation_active_negotiation_hormuz_deal,DOWN_Q4_75_90|UP_Q4_75_90|FLAT_Q1_0_25,global_reopen_pre_mcx|mcx_open_drive|india_morning,1,9,0.1111111111111111,0.5,0.72,0.0159999999999999,True,1.0,1.0
WTI_session,10,second_deescalation_active_negotiation_hormuz_deal,FLAT_Q1_0_25|DOWN_Q2_25_50|FLAT_Q2_25_50,us_open|us_open|mcx_tail,1,9,0.1111111111111111,0.5,0.72,0.0159999999999999,True,1.0,1.0
WTI_session,10,second_deescalation_active_negotiation_hormuz_deal,FLAT_Q1_0_25|DOWN_Q2_25_50|UP_Q3_50_75,india_morning|india_midday|europe_midday,1,9,0.1111111111111111,0.5,0.72,0.0159999999999999,True,1.0,1.0
WTI_session,10,second_deescalation_active_negotiation_hormuz_deal,FLAT_Q1_0_25|UP_Q2_25_50|UP_Q2_25_50,india_midday|europe_midday|us_pre_open,1,9,0.1111111111111111,0.5,0.72,0.0159999999999999,True,1.0,1.0
WTI_session,10,second_deescalation_active_negotiation_hormuz_deal,FLAT_Q1_0_25|UP_Q2_25_50|UP_Q3_50_75,us_pre_open|us_open|us_open,1,9,0.1111111111111111,0.5,0.72,0.0159999999999999,True,1.0,1.0
WTI_session,10,second_deescalation_active_negotiation_hormuz_deal,FLAT_Q1_0_25|UP_Q3_50_75|DOWN_Q5_90_100,us_open|mcx_tail|other_valid_hours,1,9,0.1111111111111111,0.5,0.72,0.0159999999999999,True,1.0,1.0
WTI_session,10,second_deescalation_active_negotiation_hormuz_deal,FLAT_Q1_0_25|UP_Q3_50_75|FLAT_Q1_0_25,us_open|us_open|mcx_tail,1,9,0.1111111111111111,0.5,0.72,0.0159999999999999,True,1.0,1.0
WTI_session,10,second_deescalation_active_negotiation_hormuz_deal,FLAT_Q1_0_25|UP_Q5_90_100|DOWN_Q2_25_50,india_morning|india_midday|europe_midday,1,9,0.1111111111111111,0.5,0.72,0.0159999999999999,True,1.0,1.0
WTI_session,10,second_deescalation_active_negotiation_hormuz_deal,FLAT_Q1_0_25|UP_Q5_90_100|UP_Q2_25_50,mcx_open_drive|india_morning|india_midday,1,9,0.1111111111111111,0.5,0.72,0.0159999999999999,True,1.0,1.0
WTI_session,10,second_deescalation_active_negotiation_hormuz_deal,FLAT_Q2_25_50|DOWN_Q3_50_75|UP_Q3_50_75,global_reopen_pre_mcx|mcx_open_drive|india_morning,1,9,0.1111111111111111,0.5,0.72,0.0159999999999999,True,1.0,1.0
WTI_session,10,second_deescalation_active_negotiation_hormuz_deal,FLAT_Q2_25_50|DOWN_Q3_50_75|UP_Q5_90_100,us_open|us_open|mcx_tail,1,9,0.1111111111111111,0.5,0.72,0.0159999999999999,True,1.0,1.0
WTI_session,10,second_deescalation_active_negotiation_hormuz_deal,UP_Q2_25_50|DOWN_Q4_75_90|FLAT_Q1_0_25,india_midday|europe_midday|us_pre_open,1,9,0.1111111111111111,0.5,0.72,0.0159999999999999,True,1.0,1.0
WTI_session,10,second_deescalation_active_negotiation_hormuz_deal,UP_Q2_25_50|DOWN_Q4_75_90|UP_Q4_75_90,mcx_open_drive|india_morning|india_midday,1,9,0.1111111111111111,0.5,0.72,0.0159999999999999,True,1.0,1.0
WTI_session,10,second_deescalation_active_negotiation_hormuz_deal,UP_Q2_25_50|UP_Q3_50_75|FLAT_Q1_0_25,us_open|us_open|mcx_tail,1,9,0.1111111111111111,0.5,0.72,0.0159999999999999,True,1.0,1.0
WTI_session,10,second_deescalation_active_negotiation_hormuz_deal,UP_Q2_25_50|UP_Q3_50_75|UP_Q4_75_90,europe_midday|us_pre_open|us_open,1,9,0.1111111111111111,0.5,0.72,0.0159999999999999,True,1.0,1.0
WTI_session,10,second_deescalation_active_negotiation_hormuz_deal,UP_Q2_25_50|UP_Q4_75_90|FLAT_Q3_50_75,us_open|mcx_tail|other_valid_hours,1,9,0.1111111111111111,0.5,0.72,0.0159999999999999,True,1.0,1.0
WTI_session,10,second_deescalation_active_negotiation_hormuz_deal,UP_Q2_25_50|UP_Q4_75_90|UP_Q2_25_50,us_pre_open|us_open|us_open,1,9,0.1111111111111111,0.5,0.72,0.0159999999999999,True,1.0,1.0
WTI_session,10,second_deescalation_active_negotiation_hormuz_deal,UP_Q4_75_90|FLAT_Q1_0_25|UP_Q3_50_75,us_pre_open|us_open|us_open,1,9,0.1111111111111111,0.5,0.72,0.0159999999999999,True,1.0,1.0
WTI_session,10,second_deescalation_active_negotiation_hormuz_deal,UP_Q4_75_90|FLAT_Q1_0_25|UP_Q5_90_100,mcx_open_drive|india_morning|india_midday,1,9,0.1111111111111111,0.5,0.72,0.0159999999999999,True,1.0,1.0
BRENT_session,2,post_ceasefire_complex,UP_Q2_25_50|FLAT_Q1_0_25|UP_Q3_50_75,global_reopen_pre_mcx|mcx_open_drive|india_morning,2,43,0.0465116279069767,0.2222222222222222,0.8505494505494505,0.0158241758241758,True,1.0,1.0
WTI_session,2,post_ceasefire_complex,UP_Q3_50_75|FLAT_Q1_0_25|DOWN_Q2_25_50,us_open|mcx_tail|other_valid_hours,2,43,0.0465116279069767,0.2222222222222222,0.8505494505494505,0.0158241758241758,True,1.0,1.0
BRENT_session,2,post_ceasefire_complex,UP_Q3_50_75|FLAT_Q1_0_25|FLAT_Q1_0_25,global_reopen_pre_mcx|mcx_open_drive|india_morning,2,43,0.0465116279069767,0.25,0.8309178743961353,0.0154589371980676,True,1.0,1.0
WTI_session,2,post_ceasefire_complex,DOWN_Q3_50_75|UP_Q3_50_75|DOWN_Q2_25_50,india_midday|europe_midday|us_pre_open,2,43,0.0465116279069767,0.25,0.8309178743961353,0.0154589371980676,True,1.0,1.0
WTI_session,2,post_ceasefire_complex,DOWN_Q3_50_75|UP_Q3_50_75|DOWN_Q3_50_75,global_reopen_pre_mcx|mcx_open_drive|india_morning,2,43,0.0465116279069767,0.25,0.8309178743961353,0.0154589371980676,True,1.0,1.0
WTI_session,2,post_ceasefire_complex,DOWN_Q3_50_75|UP_Q3_50_75|DOWN_Q4_75_90,india_midday|europe_midday|us_pre_open,2,43,0.0465116279069767,0.25,0.8309178743961353,0.0154589371980676,True,1.0,1.0
WTI_session,2,post_ceasefire_complex,DOWN_Q3_50_75|UP_Q3_50_75|FLAT_Q1_0_25,us_open|mcx_tail|other_valid_hours,2,43,0.0465116279069767,0.25,0.8309178743961353,0.0154589371980676,True,1.0,1.0
WTI_session,2,post_ceasefire_complex,FLAT_Q1_0_25|DOWN_Q3_50_75|UP_Q3_50_75,global_reopen_pre_mcx|mcx_open_drive|india_morning,2,43,0.0465116279069767,0.25,0.8309178743961353,0.0154589371980676,True,1.0,1.0
WTI_session,2,post_ceasefire_complex,DOWN_Q2_25_50|FLAT_Q1_0_25|DOWN_Q3_50_75,india_morning|india_midday|europe_midday,2,43,0.0465116279069767,0.2857142857142857,0.806970509383378,0.0150134048257372,True,1.0,1.0
WTI_session,2,post_ceasefire_complex,DOWN_Q2_25_50|FLAT_Q1_0_25|UP_Q2_25_50,europe_midday|us_pre_open|us_open,2,43,0.0465116279069767,0.2857142857142857,0.806970509383378,0.0150134048257372,True,1.0,1.0
WTI_session,2,post_ceasefire_complex,FLAT_Q1_0_25|DOWN_Q2_25_50|DOWN_Q2_25_50,india_midday|europe_midday|us_pre_open,2,43,0.0465116279069767,0.2857142857142857,0.806970509383378,0.0150134048257372,True,1.0,1.0
WTI_session,2,post_ceasefire_complex,FLAT_Q1_0_25|DOWN_Q2_25_50|DOWN_Q4_75_90,india_morning|india_midday|europe_midday,2,43,0.0465116279069767,0.2857142857142857,0.806970509383378,0.0150134048257372,True,1.0,1.0
BRENT_session,2,post_ceasefire_complex,DOWN_Q1_0_25|FLAT_Q1_0_25|FLAT_Q1_0_25,india_morning|india_midday|europe_midday,2,43,0.0465116279069767,0.3333333333333333,0.7771084337349398,0.0144578313253012,True,1.0,1.0
BRENT_session,2,post_ceasefire_complex,DOWN_Q4_75_90|UP_Q3_50_75|DOWN_Q2_25_50,mcx_open_drive|india_morning|india_midday,2,43,0.0465116279069767,0.3333333333333333,0.7771084337349398,0.0144578313253012,True,1.0,1.0
BRENT_session,2,post_ceasefire_complex,FLAT_Q1_0_25|DOWN_Q3_50_75|FLAT_Q2_25_50,us_open|us_open|mcx_tail,2,43,0.0465116279069767,0.3333333333333333,0.7771084337349398,0.0144578313253012,True,1.0,1.0
BRENT_session,2,post_ceasefire_complex,FLAT_Q1_0_25|DOWN_Q3_50_75|UP_Q3_50_75,europe_midday|us_pre_open|us_open,2,43,0.0465116279069767,0.3333333333333333,0.7771084337349398,0.0144578313253012,True,1.0,1.0
BRENT_session,2,post_ceasefire_complex,FLAT_Q1_0_25|UP_Q2_25_50|UP_Q3_50_75,europe_midday|us_pre_open|us_open,2,43,0.0465116279069767,0.3333333333333333,0.7771084337349398,0.0144578313253012,True,1.0,1.0
WTI_session,2,post_ceasefire_complex,DOWN_Q2_25_50|UP_Q3_50_75|FLAT_Q1_0_25,india_morning|india_midday|europe_midday,2,43,0.0465116279069767,0.3333333333333333,0.7771084337349398,0.0144578313253012,True,1.0,1.0
WTI_session,2,post_ceasefire_complex,DOWN_Q2_25_50|UP_Q3_50_75|FLAT_Q2_25_50,us_open|mcx_tail|other_valid_hours,2,43,0.0465116279069767,0.3333333333333333,0.7771084337349398,0.0144578313253012,True,1.0,1.0
WTI_session,2,post_ceasefire_complex,DOWN_Q4_75_90|UP_Q2_25_50|DOWN_Q5_90_100,mcx_open_drive|india_morning|india_midday,2,43,0.0465116279069767,0.3333333333333333,0.7771084337349398,0.0144578313253012,True,1.0,1.0
WTI_session,2,post_ceasefire_complex,DOWN_Q4_75_90|UP_Q3_50_75|UP_Q4_75_90,europe_midday|us_pre_open|us_open,2,43,0.0465116279069767,0.3333333333333333,0.7771084337349398,0.0144578313253012,True,1.0,1.0
WTI_session,2,post_ceasefire_complex,FLAT_Q1_0_25|DOWN_Q4_75_90|UP_Q2_25_50,europe_midday|us_pre_open|us_open,2,43,0.0465116279069767,0.3333333333333333,0.7771084337349398,0.0144578313253012,True,1.0,1.0
WTI_session,2,post_ceasefire_complex,FLAT_Q1_0_25|DOWN_Q5_90_100|UP_Q3_50_75,mcx_open_drive|india_morning|india_midday,2,43,0.0465116279069767,0.3333333333333333,0.7771084337349398,0.0144578313253012,True,1.0,1.0
WTI_session,2,post_ceasefire_complex,UP_Q3_50_75|DOWN_Q2_25_50|DOWN_Q2_25_50,india_midday|europe_midday|us_pre_open,2,43,0.0465116279069767,0.3333333333333333,0.7771084337349398,0.0144578313253012,True,1.0,1.0
WTI_session,2,post_ceasefire_complex,UP_Q3_50_75|DOWN_Q2_25_50|UP_Q2_25_50,europe_midday|us_pre_open|us_open,2,43,0.0465116279069767,0.3333333333333333,0.7771084337349398,0.0144578313253012,True,1.0,1.0
WTI_session,2,post_ceasefire_complex,UP_Q3_50_75|DOWN_Q2_25_50|UP_Q3_50_75,mcx_open_drive|india_morning|india_midday,2,43,0.0465116279069767,0.3333333333333333,0.7771084337349398,0.0144578313253012,True,1.0,1.0
WTI_session,2,post_ceasefire_complex,UP_Q3_50_75|DOWN_Q4_75_90|FLAT_Q1_0_25,europe_midday|us_pre_open|us_open,2,43,0.0465116279069767,0.3333333333333333,0.7771084337349398,0.0144578313253012,True,1.0,1.0
BRENT_session,7,sustained_major_reescalation_hormuz_war,DOWN_Q2_25_50|DOWN_Q2_25_50|DOWN_Q3_50_75,europe_midday|us_pre_open|us_open,1,10,0.1,0.5,0.7142857142857143,0.0142857142857142,True,1.0,1.0
BRENT_session,7,sustained_major_reescalation_hormuz_war,DOWN_Q2_25_50|DOWN_Q2_25_50|UP_Q4_75_90,india_morning|india_midday|europe_midday,1,10,0.1,0.5,0.7142857142857143,0.0142857142857142,True,1.0,1.0
BRENT_session,7,sustained_major_reescalation_hormuz_war,DOWN_Q2_25_50|FLAT_Q1_0_25|FLAT_Q1_0_25,us_open|us_open|mcx_tail,1,10,0.1,0.5,0.7142857142857143,0.0142857142857142,True,1.0,1.0
BRENT_session,7,sustained_major_reescalation_hormuz_war,DOWN_Q2_25_50|FLAT_Q1_0_25|UP_Q4_75_90,us_open|mcx_tail|other_valid_hours,1,10,0.1,0.5,0.7142857142857143,0.0142857142857142,True,1.0,1.0
BRENT_session,7,sustained_major_reescalation_hormuz_war,DOWN_Q2_25_50|FLAT_Q2_25_50|FLAT_Q1_0_25,global_reopen_pre_mcx|mcx_open_drive|india_morning,1,10,0.1,0.5,0.7142857142857143,0.0142857142857142,True,1.0,1.0
BRENT_session,7,sustained_major_reescalation_hormuz_war,DOWN_Q2_25_50|FLAT_Q2_25_50|FLAT_Q2_25_50,us_open|mcx_tail|other_valid_hours,1,10,0.1,0.5,0.7142857142857143,0.0142857142857142,True,1.0,1.0
BRENT_session,7,sustained_major_reescalation_hormuz_war,DOWN_Q2_25_50|UP_Q4_75_90|FLAT_Q2_25_50,us_open|us_open|mcx_tail,1,10,0.1,0.5,0.7142857142857143,0.0142857142857142,True,1.0,1.0
BRENT_session,7,sustained_major_reescalation_hormuz_war,DOWN_Q2_25_50|UP_Q4_75_90|UP_Q3_50_75,india_midday|europe_midday|us_pre_open,1,10,0.1,0.5,0.7142857142857143,0.0142857142857142,True,1.0,1.0
BRENT_session,7,sustained_major_reescalation_hormuz_war,DOWN_Q3_50_75|DOWN_Q3_50_75|FLAT_Q1_0_25,global_reopen_pre_mcx|mcx_open_drive|india_morning,1,10,0.1,0.5,0.7142857142857143,0.0142857142857142,True,1.0,1.0
BRENT_session,7,sustained_major_reescalation_hormuz_war,DOWN_Q3_50_75|DOWN_Q3_50_75|UP_Q3_50_75,europe_midday|us_pre_open|us_open,1,10,0.1,0.5,0.7142857142857143,0.0142857142857142,True,1.0,1.0
BRENT_session,7,sustained_major_reescalation_hormuz_war,DOWN_Q4_75_90|UP_Q3_50_75|FLAT_Q1_0_25,europe_midday|us_pre_open|us_open,1,10,0.1,0.5,0.7142857142857143,0.0142857142857142,True,1.0,1.0
BRENT_session,7,sustained_major_reescalation_hormuz_war,DOWN_Q4_75_90|UP_Q3_50_75|UP_Q3_50_75,us_open|us_open|mcx_tail,1,10,0.1,0.5,0.7142857142857143,0.0142857142857142,True,1.0,1.0
BRENT_session,7,sustained_major_reescalation_hormuz_war,DOWN_Q5_90_100|DOWN_Q5_90_100|DOWN_Q5_90_100,mcx_open_drive|india_morning|india_midday,1,10,0.1,0.5,0.7142857142857143,0.0142857142857142,True,1.0,1.0
BRENT_session,7,sustained_major_reescalation_hormuz_war,DOWN_Q5_90_100|DOWN_Q5_90_100|FLAT_Q1_0_25,india_morning|india_midday|europe_midday,1,10,0.1,0.5,0.7142857142857143,0.0142857142857142,True,1.0,1.0
BRENT_session,7,sustained_major_reescalation_hormuz_war,FLAT_Q1_0_25|DOWN_Q2_25_50|DOWN_Q2_25_50,india_midday|europe_midday|us_pre_open,1,10,0.1,0.5,0.7142857142857143,0.0142857142857142,True,1.0,1.0
BRENT_session,7,sustained_major_reescalation_hormuz_war,FLAT_Q1_0_25|DOWN_Q2_25_50|FLAT_Q2_25_50,us_open|us_open|mcx_tail,1,10,0.1,0.5,0.7142857142857143,0.0142857142857142,True,1.0,1.0
BRENT_session,7,sustained_major_reescalation_hormuz_war,FLAT_Q1_0_25|DOWN_Q5_90_100|DOWN_Q5_90_100,global_reopen_pre_mcx|mcx_open_drive|india_morning,1,10,0.1,0.5,0.7142857142857143,0.0142857142857142,True,1.0,1.0
BRENT_session,7,sustained_major_reescalation_hormuz_war,FLAT_Q1_0_25|DOWN_Q5_90_100|FLAT_Q1_0_25,europe_midday|us_pre_open|us_open,1,10,0.1,0.5,0.7142857142857143,0.0142857142857142,True,1.0,1.0
BRENT_session,7,sustained_major_reescalation_hormuz_war,FLAT_Q1_0_25|UP_Q2_25_50|DOWN_Q3_50_75,europe_midday|us_pre_open|us_open,1,10,0.1,0.5,0.7142857142857143,0.0142857142857142,True,1.0,1.0
BRENT_session,7,sustained_major_reescalation_hormuz_war,FLAT_Q1_0_25|UP_Q2_25_50|UP_Q3_50_75,india_morning|india_midday|europe_midday,1,10,0.1,0.5,0.7142857142857143,0.0142857142857142,True,1.0,1.0
BRENT_session,7,sustained_major_reescalation_hormuz_war,FLAT_Q1_0_25|UP_Q3_50_75|DOWN_Q4_75_90,mcx_open_drive|india_morning|india_midday,1,10,0.1,0.5,0.7142857142857143,0.0142857142857142,True,1.0,1.0
BRENT_session,7,sustained_major_reescalation_hormuz_war,FLAT_Q1_0_25|UP_Q3_50_75|UP_Q4_75_90,us_open|us_open|mcx_tail,1,10,0.1,0.5,0.7142857142857143,0.0142857142857142,True,1.0,1.0
BRENT_session,7,sustained_major_reescalation_hormuz_war,FLAT_Q1_0_25|UP_Q4_75_90|DOWN_Q4_75_90,europe_midday|us_pre_open|us_open,1,10,0.1,0.5,0.7142857142857143,0.0142857142857142,True,1.0,1.0
BRENT_session,7,sustained_major_reescalation_hormuz_war,FLAT_Q1_0_25|UP_Q4_75_90|UP_Q2_25_50,mcx_open_drive|india_morning|india_midday,1,10,0.1,0.5,0.7142857142857143,0.0142857142857142,True,1.0,1.0
BRENT_session,7,sustained_major_reescalation_hormuz_war,FLAT_Q2_25_50|UP_Q3_50_75|DOWN_Q4_75_90,mcx_open_drive|india_morning|india_midday,1,10,0.1,0.5,0.7142857142857143,0.0142857142857142,True,1.0,1.0
BRENT_session,7,sustained_major_reescalation_hormuz_war,FLAT_Q2_25_50|UP_Q3_50_75|DOWN_Q5_90_100,mcx_open_drive|india_morning|india_midday,1,10,0.1,0.5,0.7142857142857143,0.0142857142857142,True,1.0,1.0
BRENT_session,7,sustained_major_reescalation_hormuz_war,UP_Q2_25_50|DOWN_Q3_50_75|DOWN_Q2_25_50,us_pre_open|us_open|us_open,1,10,0.1,0.5,0.7142857142857143,0.0142857142857142,True,1.0,1.0
BRENT_session,7,sustained_major_reescalation_hormuz_war,UP_Q2_25_50|DOWN_Q3_50_75|DOWN_Q3_50_75,india_midday|europe_midday|us_pre_open,1,10,0.1,0.5,0.7142857142857143,0.0142857142857142,True,1.0,1.0
BRENT_session,7,sustained_major_reescalation_hormuz_war,UP_Q3_50_75|DOWN_Q5_90_100|FLAT_Q1_0_25,us_open|us_open|mcx_tail,1,10,0.1,0.5,0.7142857142857143,0.0142857142857142,True,1.0,1.0
BRENT_session,7,sustained_major_reescalation_hormuz_war,UP_Q3_50_75|DOWN_Q5_90_100|UP_Q3_50_75,india_morning|india_midday|europe_midday,1,10,0.1,0.5,0.7142857142857143,0.0142857142857142,True,1.0,1.0
BRENT_session,7,sustained_major_reescalation_hormuz_war,UP_Q3_50_75|UP_Q3_50_75|DOWN_Q2_25_50,europe_midday|us_pre_open|us_open,1,10,0.1,0.5,0.7142857142857143,0.0142857142857142,True,1.0,1.0
BRENT_session,7,sustained_major_reescalation_hormuz_war,UP_Q3_50_75|UP_Q3_50_75|FLAT_Q1_0_25,us_open|mcx_tail|other_valid_hours,1,10,0.1,0.5,0.7142857142857143,0.0142857142857142,True,1.0,1.0
BRENT_session,7,sustained_major_reescalation_hormuz_war,UP_Q3_50_75|UP_Q4_75_90|DOWN_Q3_50_75,us_open|mcx_tail|other_valid_hours,1,10,0.1,0.5,0.7142857142857143,0.0142857142857142,True,1.0,1.0
BRENT_session,7,sustained_major_reescalation_hormuz_war,UP_Q3_50_75|UP_Q4_75_90|UP_Q4_75_90,us_open|mcx_tail|other_valid_hours,1,10,0.1,0.5,0.7142857142857143,0.0142857142857142,True,1.0,1.0
BRENT_session,7,sustained_major_reescalation_hormuz_war,UP_Q3_50_75|UP_Q5_90_100|DOWN_Q2_25_50,us_pre_open|us_open|us_open,1,10,0.1,0.5,0.7142857142857143,0.0142857142857142,True,1.0,1.0
BRENT_session,7,sustained_major_reescalation_hormuz_war,UP_Q3_50_75|UP_Q5_90_100|FLAT_Q1_0_25,europe_midday|us_pre_open|us_open,1,10,0.1,0.5,0.7142857142857143,0.0142857142857142,True,1.0,1.0
BRENT_session,7,sustained_major_reescalation_hormuz_war,UP_Q4_75_90|FLAT_Q2_25_50|FLAT_Q1_0_25,us_open|mcx_tail|other_valid_hours,1,10,0.1,0.5,0.7142857142857143,0.0142857142857142,True,1.0,1.0
BRENT_session,7,sustained_major_reescalation_hormuz_war,UP_Q4_75_90|FLAT_Q2_25_50|UP_Q3_50_75,global_reopen_pre_mcx|mcx_open_drive|india_morning,1,10,0.1,0.5,0.7142857142857143,0.0142857142857142,True,1.0,1.0
BRENT_session,7,sustained_major_reescalation_hormuz_war,UP_Q5_90_100|FLAT_Q1_0_25|DOWN_Q2_25_50,us_pre_open|us_open|us_open,1,10,0.1,0.5,0.7142857142857143,0.0142857142857142,True,1.0,1.0
BRENT_session,7,sustained_major_reescalation_hormuz_war,UP_Q5_90_100|FLAT_Q1_0_25|UP_Q4_75_90,global_reopen_pre_mcx|mcx_open_drive|india_morning,1,10,0.1,0.5,0.7142857142857143,0.0142857142857142,True,1.0,1.0
WTI_session,7,sustained_major_reescalation_hormuz_war,DOWN_Q2_25_50|FLAT_Q2_25_50|FLAT_Q1_0_25,global_reopen_pre_mcx|mcx_open_drive|india_morning,1,10,0.1,0.5,0.7142857142857143,0.0142857142857142,True,1.0,1.0
WTI_session,7,sustained_major_reescalation_hormuz_war,DOWN_Q2_25_50|FLAT_Q2_25_50|FLAT_Q2_25_50,us_open|mcx_tail|other_valid_hours,1,10,0.1,0.5,0.7142857142857143,0.0142857142857142,True,1.0,1.0
WTI_session,7,sustained_major_reescalation_hormuz_war,DOWN_Q4_75_90|UP_Q3_50_75|UP_Q3_50_75,us_open|us_open|mcx_tail,1,10,0.1,0.5,0.7142857142857143,0.0142857142857142,True,1.0,1.0
WTI_session,7,sustained_major_reescalation_hormuz_war,DOWN_Q4_75_90|UP_Q3_50_75|UP_Q5_90_100,us_open|mcx_tail|other_valid_hours,1,10,0.1,0.5,0.7142857142857143,0.0142857142857142,True,1.0,1.0
WTI_session,7,sustained_major_reescalation_hormuz_war,FLAT_Q1_0_25|FLAT_Q1_0_25|FLAT_Q1_0_25,india_morning|india_midday|europe_midday,1,10,0.1,0.5,0.7142857142857143,0.0142857142857142,True,1.0,1.0
WTI_session,7,sustained_major_reescalation_hormuz_war,FLAT_Q1_0_25|FLAT_Q1_0_25|UP_Q1_0_25,india_midday|europe_midday|us_pre_open,1,10,0.1,0.5,0.7142857142857143,0.0142857142857142,True,1.0,1.0
WTI_session,7,sustained_major_reescalation_hormuz_war,FLAT_Q1_0_25|UP_Q2_25_50|DOWN_Q4_75_90,mcx_open_drive|india_morning|india_midday,1,10,0.1,0.5,0.7142857142857143,0.0142857142857142,True,1.0,1.0
WTI_session,7,sustained_major_reescalation_hormuz_war,FLAT_Q1_0_25|UP_Q2_25_50|UP_Q2_25_50,india_morning|india_midday|europe_midday,1,10,0.1,0.5,0.7142857142857143,0.0142857142857142,True,1.0,1.0
WTI_session,7,sustained_major_reescalation_hormuz_war,FLAT_Q1_0_25|UP_Q3_50_75|DOWN_Q2_25_50,global_reopen_pre_mcx|mcx_open_drive|india_morning,1,10,0.1,0.5,0.7142857142857143,0.0142857142857142,True,1.0,1.0
WTI_session,7,sustained_major_reescalation_hormuz_war,FLAT_Q1_0_25|UP_Q3_50_75|DOWN_Q4_75_90,us_pre_open|us_open|us_open,1,10,0.1,0.5,0.7142857142857143,0.0142857142857142,True,1.0,1.0
WTI_session,7,sustained_major_reescalation_hormuz_war,FLAT_Q1_0_25|UP_Q4_75_90|FLAT_Q1_0_25,mcx_open_drive|india_morning|india_midday,1,10,0.1,0.5,0.7142857142857143,0.0142857142857142,True,1.0,1.0
WTI_session,7,sustained_major_reescalation_hormuz_war,FLAT_Q1_0_25|UP_Q4_75_90|FLAT_Q2_25_50,us_open|mcx_tail|other_valid_hours,1,10,0.1,0.5,0.7142857142857143,0.0142857142857142,True,1.0,1.0
WTI_session,7,sustained_major_reescalation_hormuz_war,FLAT_Q2_25_50|FLAT_Q1_0_25|DOWN_Q3_50_75,india_morning|india_midday|europe_midday,1,10,0.1,0.5,0.7142857142857143,0.0142857142857142,True,1.0,1.0
WTI_session,7,sustained_major_reescalation_hormuz_war,FLAT_Q2_25_50|FLAT_Q1_0_25|UP_Q2_25_50,mcx_open_drive|india_morning|india_midday,1,10,0.1,0.5,0.7142857142857143,0.0142857142857142,True,1.0,1.0
WTI_session,7,sustained_major_reescalation_hormuz_war,UP_Q2_25_50|DOWN_Q4_75_90|DOWN_Q4_75_90,india_morning|india_midday|europe_midday,1,10,0.1,0.5,0.7142857142857143,0.0142857142857142,True,1.0,1.0
WTI_session,7,sustained_major_reescalation_hormuz_war,UP_Q2_25_50|DOWN_Q4_75_90|FLAT_Q2_25_50,global_reopen_pre_mcx|mcx_open_drive|india_morning,1,10,0.1,0.5,0.7142857142857143,0.0142857142857142,True,1.0,1.0
WTI_session,7,sustained_major_reescalation_hormuz_war,UP_Q2_25_50|FLAT_Q1_0_25|DOWN_Q2_25_50,us_pre_open|us_open|us_open,1,10,0.1,0.5,0.7142857142857143,0.0142857142857142,True,1.0,1.0
WTI_session,7,sustained_major_reescalation_hormuz_war,UP_Q2_25_50|FLAT_Q1_0_25|UP_Q4_75_90,us_open|us_open|mcx_tail,1,10,0.1,0.5,0.7142857142857143,0.0142857142857142,True,1.0,1.0
WTI_session,7,sustained_major_reescalation_hormuz_war,UP_Q3_50_75|UP_Q2_25_50|UP_Q2_25_50,india_midday|europe_midday|us_pre_open,1,10,0.1,0.5,0.7142857142857143,0.0142857142857142,True,1.0,1.0
WTI_session,7,sustained_major_reescalation_hormuz_war,UP_Q3_50_75|UP_Q2_25_50|UP_Q3_50_75,india_midday|europe_midday|us_pre_open,1,10,0.1,0.5,0.7142857142857143,0.0142857142857142,True,1.0,1.0
WTI_session,7,sustained_major_reescalation_hormuz_war,UP_Q3_50_75|UP_Q4_75_90|DOWN_Q1_0_25,europe_midday|us_pre_open|us_open,1,10,0.1,0.5,0.7142857142857143,0.0142857142857142,True,1.0,1.0
WTI_session,7,sustained_major_reescalation_hormuz_war,UP_Q3_50_75|UP_Q4_75_90|UP_Q3_50_75,mcx_open_drive|india_morning|india_midday,1,10,0.1,0.5,0.7142857142857143,0.0142857142857142,True,1.0,1.0
BRENT_session,2,post_ceasefire_complex,DOWN_Q3_50_75|DOWN_Q3_50_75|FLAT_Q1_0_25,global_reopen_pre_mcx|mcx_open_drive|india_morning,2,43,0.0465116279069767,0.4,0.7388316151202748,0.0137457044673539,True,1.0,1.0
BRENT_session,2,post_ceasefire_complex,DOWN_Q3_50_75|DOWN_Q3_50_75|UP_Q4_75_90,europe_midday|us_pre_open|us_open,2,43,0.0465116279069767,0.4,0.7388316151202748,0.0137457044673539,True,1.0,1.0
BRENT_session,2,post_ceasefire_complex,DOWN_Q3_50_75|UP_Q3_50_75|DOWN_Q3_50_75,india_midday|europe_midday|us_pre_open,2,43,0.0465116279069767,0.4,0.7388316151202748,0.0137457044673539,True,1.0,1.0
BRENT_session,2,post_ceasefire_complex,DOWN_Q4_75_90|DOWN_Q3_50_75|UP_Q3_50_75,india_morning|india_midday|europe_midday,2,43,0.0465116279069767,0.4,0.7388316151202748,0.0137457044673539,True,1.0,1.0
BRENT_session,2,post_ceasefire_complex,UP_Q3_50_75|UP_Q3_50_75|UP_Q3_50_75,global_reopen_pre_mcx|mcx_open_drive|india_morning,2,43,0.0465116279069767,0.4,0.7388316151202748,0.0137457044673539,True,1.0,1.0
WTI_session,2,post_ceasefire_complex,DOWN_Q2_25_50|DOWN_Q2_25_50|UP_Q4_75_90,europe_midday|us_pre_open|us_open,2,43,0.0465116279069767,0.4,0.7388316151202748,0.0137457044673539,True,1.0,1.0
WTI_session,2,post_ceasefire_complex,DOWN_Q3_50_75|UP_Q2_25_50|UP_Q3_50_75,europe_midday|us_pre_open|us_open,2,43,0.0465116279069767,0.4,0.7388316151202748,0.0137457044673539,True,1.0,1.0
WTI_session,2,post_ceasefire_complex,DOWN_Q4_75_90|FLAT_Q1_0_25|FLAT_Q1_0_25,europe_midday|us_pre_open|us_open,2,43,0.0465116279069767,0.4,0.7388316151202748,0.0137457044673539,True,1.0,1.0
WTI_session,2,post_ceasefire_complex,FLAT_Q2_25_50|UP_Q3_50_75|DOWN_Q4_75_90,mcx_open_drive|india_morning|india_midday,2,43,0.0465116279069767,0.4,0.7388316151202748,0.0137457044673539,True,1.0,1.0
WTI_session,2,post_ceasefire_complex,FLAT_Q2_25_50|UP_Q3_50_75|UP_Q2_25_50,mcx_open_drive|india_morning|india_midday,2,43,0.0465116279069767,0.4,0.7388316151202748,0.0137457044673539,True,1.0,1.0
WTI_session,2,post_ceasefire_complex,UP_Q3_50_75|UP_Q3_50_75|FLAT_Q1_0_25,us_open|us_open|mcx_tail,2,43,0.0465116279069767,0.4,0.7388316151202748,0.0137457044673539,True,1.0,1.0
WTI_session,2,post_ceasefire_complex,UP_Q3_50_75|UP_Q3_50_75|UP_Q3_50_75,us_pre_open|us_open|us_open,2,43,0.0465116279069767,0.4,0.7388316151202748,0.0137457044673539,True,1.0,1.0
WTI_session,2,post_ceasefire_complex,UP_Q5_90_100|DOWN_Q5_90_100|DOWN_Q3_50_75,mcx_open_drive|india_morning|india_midday,2,43,0.0465116279069767,0.4,0.7388316151202748,0.0137457044673539,True,1.0,1.0
BRENT_session,5,slight_escalation_strait_closure,DOWN_Q3_50_75|FLAT_Q1_0_25|DOWN_Q5_90_100,mcx_open_drive|india_morning|india_midday,1,12,0.0833333333333333,0.3333333333333333,0.8,0.0133333333333333,True,1.0,1.0
BRENT_session,5,slight_escalation_strait_closure,DOWN_Q3_50_75|FLAT_Q1_0_25|FLAT_Q1_0_25,us_open|mcx_tail|other_valid_hours,1,12,0.0833333333333333,0.3333333333333333,0.8,0.0133333333333333,True,1.0,1.0
BRENT_session,5,slight_escalation_strait_closure,DOWN_Q3_50_75|FLAT_Q1_0_25|FLAT_Q2_25_50,us_open|us_open|mcx_tail,1,12,0.0833333333333333,0.3333333333333333,0.8,0.0133333333333333,True,1.0,1.0
BRENT_session,5,slight_escalation_strait_closure,FLAT_Q1_0_25|DOWN_Q1_0_25|DOWN_Q5_90_100,europe_midday|us_pre_open|us_open,1,12,0.0833333333333333,0.3333333333333333,0.8,0.0133333333333333,True,1.0,1.0
BRENT_session,5,slight_escalation_strait_closure,FLAT_Q1_0_25|DOWN_Q1_0_25|UP_Q2_25_50,india_midday|europe_midday|us_pre_open,1,12,0.0833333333333333,0.3333333333333333,0.8,0.0133333333333333,True,1.0,1.0
BRENT_session,5,slight_escalation_strait_closure,FLAT_Q1_0_25|DOWN_Q1_0_25|UP_Q4_75_90,india_midday|europe_midday|us_pre_open,1,12,0.0833333333333333,0.3333333333333333,0.8,0.0133333333333333,True,1.0,1.0
BRENT_session,5,slight_escalation_strait_closure,FLAT_Q1_0_25|FLAT_Q1_0_25|FLAT_Q1_0_25,global_reopen_pre_mcx|mcx_open_drive|india_morning,1,12,0.0833333333333333,0.3333333333333333,0.8,0.0133333333333333,True,1.0,1.0
BRENT_session,5,slight_escalation_strait_closure,FLAT_Q1_0_25|FLAT_Q1_0_25|FLAT_Q2_25_50,global_reopen_pre_mcx|mcx_open_drive|india_morning,1,12,0.0833333333333333,0.3333333333333333,0.8,0.0133333333333333,True,1.0,1.0
BRENT_session,5,slight_escalation_strait_closure,FLAT_Q1_0_25|FLAT_Q1_0_25|UP_Q2_25_50,mcx_open_drive|india_morning|india_midday,1,12,0.0833333333333333,0.3333333333333333,0.8,0.0133333333333333,True,1.0,1.0
BRENT_session,5,slight_escalation_strait_closure,FLAT_Q1_0_25|FLAT_Q2_25_50|DOWN_Q4_75_90,mcx_open_drive|india_morning|india_midday,1,12,0.0833333333333333,0.3333333333333333,0.8,0.0133333333333333,True,1.0,1.0
BRENT_session,5,slight_escalation_strait_closure,FLAT_Q1_0_25|FLAT_Q2_25_50|FLAT_Q1_0_25,us_open|mcx_tail|other_valid_hours,1,12,0.0833333333333333,0.3333333333333333,0.8,0.0133333333333333,True,1.0,1.0
BRENT_session,5,slight_escalation_strait_closure,FLAT_Q1_0_25|FLAT_Q2_25_50|UP_Q4_75_90,us_open|mcx_tail|other_valid_hours,1,12,0.0833333333333333,0.3333333333333333,0.8,0.0133333333333333,True,1.0,1.0
BRENT_session,5,slight_escalation_strait_closure,FLAT_Q1_0_25|UP_Q2_25_50|DOWN_Q2_25_50,india_morning|india_midday|europe_midday,1,12,0.0833333333333333,0.3333333333333333,0.8,0.0133333333333333,True,1.0,1.0
BRENT_session,5,slight_escalation_strait_closure,FLAT_Q1_0_25|UP_Q2_25_50|DOWN_Q4_75_90,india_morning|india_midday|europe_midday,1,12,0.0833333333333333,0.3333333333333333,0.8,0.0133333333333333,True,1.0,1.0
BRENT_session,5,slight_escalation_strait_closure,FLAT_Q1_0_25|UP_Q2_25_50|UP_Q3_50_75,india_morning|india_midday|europe_midday,1,12,0.0833333333333333,0.3333333333333333,0.8,0.0133333333333333,True,1.0,1.0
BRENT_session,5,slight_escalation_strait_closure,UP_Q2_25_50|FLAT_Q1_0_25|UP_Q3_50_75,us_pre_open|us_open|us_open,1,12,0.0833333333333333,0.3333333333333333,0.8,0.0133333333333333,True,1.0,1.0
BRENT_session,5,slight_escalation_strait_closure,UP_Q3_50_75|FLAT_Q1_0_25|UP_Q2_25_50,mcx_open_drive|india_morning|india_midday,1,12,0.0833333333333333,0.3333333333333333,0.8,0.0133333333333333,True,1.0,1.0
WTI_session,5,slight_escalation_strait_closure,DOWN_Q4_75_90|FLAT_Q1_0_25|DOWN_Q2_25_50,us_pre_open|us_open|us_open,1,12,0.0833333333333333,0.3333333333333333,0.8,0.0133333333333333,True,1.0,1.0
WTI_session,5,slight_escalation_strait_closure,DOWN_Q4_75_90|FLAT_Q1_0_25|DOWN_Q3_50_75,india_morning|india_midday|europe_midday,1,12,0.0833333333333333,0.3333333333333333,0.8,0.0133333333333333,True,1.0,1.0
WTI_session,5,slight_escalation_strait_closure,DOWN_Q4_75_90|FLAT_Q1_0_25|FLAT_Q2_25_50,us_open|us_open|mcx_tail,1,12,0.0833333333333333,0.3333333333333333,0.8,0.0133333333333333,True,1.0,1.0
WTI_session,5,slight_escalation_strait_closure,FLAT_Q1_0_25|DOWN_Q3_50_75|DOWN_Q5_90_100,india_morning|india_midday|europe_midday,1,12,0.0833333333333333,0.3333333333333333,0.8,0.0133333333333333,True,1.0,1.0
WTI_session,5,slight_escalation_strait_closure,FLAT_Q1_0_25|DOWN_Q3_50_75|FLAT_Q2_25_50,global_reopen_pre_mcx|mcx_open_drive|india_morning,1,12,0.0833333333333333,0.3333333333333333,0.8,0.0133333333333333,True,1.0,1.0
WTI_session,5,slight_escalation_strait_closure,FLAT_Q1_0_25|DOWN_Q3_50_75|UP_Q2_25_50,india_midday|europe_midday|us_pre_open,1,12,0.0833333333333333,0.3333333333333333,0.8,0.0133333333333333,True,1.0,1.0
BRENT_session,2,post_ceasefire_complex,UP_Q2_25_50|UP_Q3_50_75|DOWN_Q3_50_75,us_open|mcx_tail|other_valid_hours,2,43,0.0465116279069767,0.5,0.6880000000000001,0.0128,True,1.0,1.0
BRENT_session,2,post_ceasefire_complex,UP_Q2_25_50|UP_Q3_50_75|UP_Q4_75_90,india_morning|india_midday|europe_midday,2,43,0.0465116279069767,0.5,0.6880000000000001,0.0128,True,1.0,1.0
BRENT_session,2,post_ceasefire_complex,UP_Q3_50_75|UP_Q2_25_50|FLAT_Q1_0_25,us_open|us_open|mcx_tail,2,43,0.0465116279069767,0.5,0.6880000000000001,0.0128,True,1.0,1.0
WTI_session,2,post_ceasefire_complex,UP_Q2_25_50|DOWN_Q3_50_75|FLAT_Q1_0_25,global_reopen_pre_mcx|mcx_open_drive|india_morning,2,43,0.0465116279069767,0.5,0.6880000000000001,0.0128,True,1.0,1.0
WTI_session,2,post_ceasefire_complex,UP_Q2_25_50|FLAT_Q1_0_25|DOWN_Q4_75_90,us_pre_open|us_open|us_open,2,43,0.0465116279069767,0.5,0.6880000000000001,0.0128,True,1.0,1.0
WTI_session,2,post_ceasefire_complex,UP_Q3_50_75|UP_Q4_75_90|DOWN_Q2_25_50,us_pre_open|us_open|us_open,2,43,0.0465116279069767,0.5,0.6880000000000001,0.0128,True,1.0,1.0
WTI_session,2,post_ceasefire_complex,UP_Q4_75_90|DOWN_Q3_50_75|UP_Q3_50_75,europe_midday|us_pre_open|us_open,2,43,0.0465116279069767,0.5,0.6880000000000001,0.0128,True,1.0,1.0
BRENT_session,5,slight_escalation_strait_closure,DOWN_Q2_25_50|FLAT_Q1_0_25|DOWN_Q5_90_100,global_reopen_pre_mcx|mcx_open_drive|india_morning,1,12,0.0833333333333333,0.5,0.7058823529411764,0.0117647058823529,True,1.0,1.0
BRENT_session,5,slight_escalation_strait_closure,DOWN_Q2_25_50|FLAT_Q1_0_25|UP_Q3_50_75,us_open|us_open|mcx_tail,1,12,0.0833333333333333,0.5,0.7058823529411764,0.0117647058823529,True,1.0,1.0
BRENT_session,5,slight_escalation_strait_closure,DOWN_Q2_25_50|UP_Q3_50_75|DOWN_Q4_75_90,global_reopen_pre_mcx|mcx_open_drive|india_morning,1,12,0.0833333333333333,0.5,0.7058823529411764,0.0117647058823529,True,1.0,1.0
BRENT_session,5,slight_escalation_strait_closure,DOWN_Q2_25_50|UP_Q3_50_75|UP_Q1_0_25,india_midday|europe_midday|us_pre_open,1,12,0.0833333333333333,0.5,0.7058823529411764,0.0117647058823529,True,1.0,1.0
BRENT_session,5,slight_escalation_strait_closure,DOWN_Q3_50_75|FLAT_Q2_25_50|UP_Q2_25_50,us_pre_open|us_open|us_open,1,12,0.0833333333333333,0.5,0.7058823529411764,0.0117647058823529,True,1.0,1.0
BRENT_session,5,slight_escalation_strait_closure,DOWN_Q3_50_75|FLAT_Q2_25_50|UP_Q4_75_90,mcx_open_drive|india_morning|india_midday,1,12,0.0833333333333333,0.5,0.7058823529411764,0.0117647058823529,True,1.0,1.0
BRENT_session,5,slight_escalation_strait_closure,DOWN_Q5_90_100|UP_Q3_50_75|UP_Q2_25_50,india_morning|india_midday|europe_midday,1,12,0.0833333333333333,0.5,0.7058823529411764,0.0117647058823529,True,1.0,1.0
BRENT_session,5,slight_escalation_strait_closure,DOWN_Q5_90_100|UP_Q3_50_75|UP_Q3_50_75,us_pre_open|us_open|us_open,1,12,0.0833333333333333,0.5,0.7058823529411764,0.0117647058823529,True,1.0,1.0
BRENT_session,5,slight_escalation_strait_closure,FLAT_Q1_0_25|DOWN_Q5_90_100|UP_Q3_50_75,mcx_open_drive|india_morning|india_midday,1,12,0.0833333333333333,0.5,0.7058823529411764,0.0117647058823529,True,1.0,1.0
BRENT_session,5,slight_escalation_strait_closure,FLAT_Q1_0_25|DOWN_Q5_90_100|UP_Q4_75_90,india_morning|india_midday|europe_midday,1,12,0.0833333333333333,0.5,0.7058823529411764,0.0117647058823529,True,1.0,1.0
BRENT_session,5,slight_escalation_strait_closure,FLAT_Q1_0_25|UP_Q3_50_75|FLAT_Q1_0_25,us_open|us_open|mcx_tail,1,12,0.0833333333333333,0.5,0.7058823529411764,0.0117647058823529,True,1.0,1.0
BRENT_session,5,slight_escalation_strait_closure,FLAT_Q1_0_25|UP_Q3_50_75|UP_Q5_90_100,us_open|mcx_tail|other_valid_hours,1,12,0.0833333333333333,0.5,0.7058823529411764,0.0117647058823529,True,1.0,1.0
BRENT_session,5,slight_escalation_strait_closure,FLAT_Q1_0_25|UP_Q5_90_100|FLAT_Q1_0_25,mcx_open_drive|india_morning|india_midday,1,12,0.0833333333333333,0.5,0.7058823529411764,0.0117647058823529,True,1.0,1.0
BRENT_session,5,slight_escalation_strait_closure,FLAT_Q1_0_25|UP_Q5_90_100|UP_Q5_90_100,us_open|us_open|mcx_tail,1,12,0.0833333333333333,0.5,0.7058823529411764,0.0117647058823529,True,1.0,1.0
BRENT_session,5,slight_escalation_strait_closure,UP_Q2_25_50|FLAT_Q2_25_50|DOWN_Q4_75_90,us_open|mcx_tail|other_valid_hours,1,12,0.0833333333333333,0.5,0.7058823529411764,0.0117647058823529,True,1.0,1.0
BRENT_session,5,slight_escalation_strait_closure,UP_Q2_25_50|FLAT_Q2_25_50|UP_Q3_50_75,global_reopen_pre_mcx|mcx_open_drive|india_morning,1,12,0.0833333333333333,0.5,0.7058823529411764,0.0117647058823529,True,1.0,1.0
BRENT_session,5,slight_escalation_strait_closure,UP_Q2_25_50|UP_Q3_50_75|DOWN_Q3_50_75,us_open|mcx_tail|other_valid_hours,1,12,0.0833333333333333,0.5,0.7058823529411764,0.0117647058823529,True,1.0,1.0
BRENT_session,5,slight_escalation_strait_closure,UP_Q2_25_50|UP_Q3_50_75|UP_Q3_50_75,india_midday|europe_midday|us_pre_open,1,12,0.0833333333333333,0.5,0.7058823529411764,0.0117647058823529,True,1.0,1.0
BRENT_session,5,slight_escalation_strait_closure,UP_Q3_50_75|UP_Q2_25_50|DOWN_Q5_90_100,india_midday|europe_midday|us_pre_open,1,12,0.0833333333333333,0.5,0.7058823529411764,0.0117647058823529,True,1.0,1.0
BRENT_session,5,slight_escalation_strait_closure,UP_Q3_50_75|UP_Q2_25_50|UP_Q2_25_50,us_pre_open|us_open|us_open,1,12,0.0833333333333333,0.5,0.7058823529411764,0.0117647058823529,True,1.0,1.0
BRENT_session,5,slight_escalation_strait_closure,UP_Q3_50_75|UP_Q3_50_75|FLAT_Q1_0_25,us_open|us_open|mcx_tail,1,12,0.0833333333333333,0.5,0.7058823529411764,0.0117647058823529,True,1.0,1.0
BRENT_session,5,slight_escalation_strait_closure,UP_Q3_50_75|UP_Q3_50_75|UP_Q2_25_50,europe_midday|us_pre_open|us_open,1,12,0.0833333333333333,0.5,0.7058823529411764,0.0117647058823529,True,1.0,1.0
BRENT_session,5,slight_escalation_strait_closure,UP_Q4_75_90|DOWN_Q3_50_75|FLAT_Q1_0_25,us_open|us_open|mcx_tail,1,12,0.0833333333333333,0.5,0.7058823529411764,0.0117647058823529,True,1.0,1.0
BRENT_session,5,slight_escalation_strait_closure,UP_Q4_75_90|DOWN_Q3_50_75|UP_Q4_75_90,europe_midday|us_pre_open|us_open,1,12,0.0833333333333333,0.5,0.7058823529411764,0.0117647058823529,True,1.0,1.0
BRENT_session,10,second_deescalation_active_negotiation_hormuz_deal,DOWN_Q1_0_25|UP_Q1_0_25|DOWN_Q1_0_25,india_midday|europe_midday|us_pre_open,1,9,0.1111111111111111,1.0,0.5294117647058824,0.0117647058823529,True,1.0,1.0
BRENT_session,10,second_deescalation_active_negotiation_hormuz_deal,DOWN_Q1_0_25|UP_Q3_50_75|FLAT_Q1_0_25,europe_midday|us_pre_open|us_open,1,9,0.1111111111111111,1.0,0.5294117647058824,0.0117647058823529,True,1.0,1.0
BRENT_session,10,second_deescalation_active_negotiation_hormuz_deal,DOWN_Q2_25_50|DOWN_Q2_25_50|FLAT_Q1_0_25,india_morning|india_midday|europe_midday,1,9,0.1111111111111111,1.0,0.5294117647058824,0.0117647058823529,True,1.0,1.0
BRENT_session,10,second_deescalation_active_negotiation_hormuz_deal,DOWN_Q2_25_50|FLAT_Q2_25_50|DOWN_Q3_50_75,us_pre_open|us_open|us_open,1,9,0.1111111111111111,1.0,0.5294117647058824,0.0117647058823529,True,1.0,1.0
BRENT_session,10,second_deescalation_active_negotiation_hormuz_deal,DOWN_Q2_25_50|UP_Q5_90_100|DOWN_Q2_25_50,global_reopen_pre_mcx|mcx_open_drive|india_morning,1,9,0.1111111111111111,1.0,0.5294117647058824,0.0117647058823529,True,1.0,1.0
BRENT_session,10,second_deescalation_active_negotiation_hormuz_deal,DOWN_Q3_50_75|DOWN_Q1_0_25|UP_Q3_50_75,india_midday|europe_midday|us_pre_open,1,9,0.1111111111111111,1.0,0.5294117647058824,0.0117647058823529,True,1.0,1.0
BRENT_session,10,second_deescalation_active_negotiation_hormuz_deal,DOWN_Q3_50_75|DOWN_Q2_25_50|DOWN_Q3_50_75,global_reopen_pre_mcx|mcx_open_drive|india_morning,1,9,0.1111111111111111,1.0,0.5294117647058824,0.0117647058823529,True,1.0,1.0
BRENT_session,10,second_deescalation_active_negotiation_hormuz_deal,DOWN_Q3_50_75|DOWN_Q5_90_100|DOWN_Q2_25_50,europe_midday|us_pre_open|us_open,1,9,0.1111111111111111,1.0,0.5294117647058824,0.0117647058823529,True,1.0,1.0
BRENT_session,10,second_deescalation_active_negotiation_hormuz_deal,DOWN_Q3_50_75|FLAT_Q1_0_25|DOWN_Q4_75_90,us_open|mcx_tail|other_valid_hours,1,9,0.1111111111111111,1.0,0.5294117647058824,0.0117647058823529,True,1.0,1.0
BRENT_session,10,second_deescalation_active_negotiation_hormuz_deal,DOWN_Q3_50_75|FLAT_Q2_25_50|DOWN_Q3_50_75,us_open|mcx_tail|other_valid_hours,1,9,0.1111111111111111,1.0,0.5294117647058824,0.0117647058823529,True,1.0,1.0
BRENT_session,10,second_deescalation_active_negotiation_hormuz_deal,DOWN_Q3_50_75|UP_Q4_75_90|FLAT_Q1_0_25,global_reopen_pre_mcx|mcx_open_drive|india_morning,1,9,0.1111111111111111,1.0,0.5294117647058824,0.0117647058823529,True,1.0,1.0
BRENT_session,10,second_deescalation_active_negotiation_hormuz_deal,DOWN_Q3_50_75|UP_Q5_90_100|DOWN_Q4_75_90,us_open|us_open|mcx_tail,1,9,0.1111111111111111,1.0,0.5294117647058824,0.0117647058823529,True,1.0,1.0
BRENT_session,10,second_deescalation_active_negotiation_hormuz_deal,DOWN_Q4_75_90|DOWN_Q3_50_75|UP_Q5_90_100,us_pre_open|us_open|us_open,1,9,0.1111111111111111,1.0,0.5294117647058824,0.0117647058823529,True,1.0,1.0
BRENT_session,10,second_deescalation_active_negotiation_hormuz_deal,DOWN_Q4_75_90|FLAT_Q1_0_25|UP_Q3_50_75,europe_midday|us_pre_open|us_open,1,9,0.1111111111111111,1.0,0.5294117647058824,0.0117647058823529,True,1.0,1.0
BRENT_session,10,second_deescalation_active_negotiation_hormuz_deal,DOWN_Q4_75_90|UP_Q2_25_50|UP_Q4_75_90,europe_midday|us_pre_open|us_open,1,9,0.1111111111111111,1.0,0.5294117647058824,0.0117647058823529,True,1.0,1.0
BRENT_session,10,second_deescalation_active_negotiation_hormuz_deal,DOWN_Q4_75_90|UP_Q4_75_90|DOWN_Q5_90_100,india_morning|india_midday|europe_midday,1,9,0.1111111111111111,1.0,0.5294117647058824,0.0117647058823529,True,1.0,1.0
BRENT_session,10,second_deescalation_active_negotiation_hormuz_deal,FLAT_Q1_0_25|DOWN_Q1_0_25|UP_Q1_0_25,india_morning|india_midday|europe_midday,1,9,0.1111111111111111,1.0,0.5294117647058824,0.0117647058823529,True,1.0,1.0
BRENT_session,10,second_deescalation_active_negotiation_hormuz_deal,FLAT_Q1_0_25|DOWN_Q3_50_75|UP_Q3_50_75,global_reopen_pre_mcx|mcx_open_drive|india_morning,1,9,0.1111111111111111,1.0,0.5294117647058824,0.0117647058823529,True,1.0,1.0
BRENT_session,10,second_deescalation_active_negotiation_hormuz_deal,FLAT_Q1_0_25|DOWN_Q4_75_90|DOWN_Q3_50_75,europe_midday|us_pre_open|us_open,1,9,0.1111111111111111,1.0,0.5294117647058824,0.0117647058823529,True,1.0,1.0
BRENT_session,10,second_deescalation_active_negotiation_hormuz_deal,FLAT_Q1_0_25|UP_Q4_75_90|FLAT_Q2_25_50,us_open|us_open|mcx_tail,1,9,0.1111111111111111,1.0,0.5294117647058824,0.0117647058823529,True,1.0,1.0
BRENT_session,10,second_deescalation_active_negotiation_hormuz_deal,FLAT_Q2_25_50|DOWN_Q3_50_75|FLAT_Q1_0_25,us_open|us_open|mcx_tail,1,9,0.1111111111111111,1.0,0.5294117647058824,0.0117647058823529,True,1.0,1.0
BRENT_session,10,second_deescalation_active_negotiation_hormuz_deal,UP_Q1_0_25|DOWN_Q1_0_25|FLAT_Q1_0_25,europe_midday|us_pre_open|us_open,1,9,0.1111111111111111,1.0,0.5294117647058824,0.0117647058823529,True,1.0,1.0
BRENT_session,10,second_deescalation_active_negotiation_hormuz_deal,UP_Q1_0_25|UP_Q3_50_75|UP_Q5_90_100,europe_midday|us_pre_open|us_open,1,9,0.1111111111111111,1.0,0.5294117647058824,0.0117647058823529,True,1.0,1.0
BRENT_session,10,second_deescalation_active_negotiation_hormuz_deal,UP_Q2_25_50|DOWN_Q1_0_25|FLAT_Q1_0_25,global_reopen_pre_mcx|mcx_open_drive|india_morning,1,9,0.1111111111111111,1.0,0.5294117647058824,0.0117647058823529,True,1.0,1.0
BRENT_session,10,second_deescalation_active_negotiation_hormuz_deal,UP_Q2_25_50|DOWN_Q4_75_90|UP_Q4_75_90,mcx_open_drive|india_morning|india_midday,1,9,0.1111111111111111,1.0,0.5294117647058824,0.0117647058823529,True,1.0,1.0
BRENT_session,10,second_deescalation_active_negotiation_hormuz_deal,UP_Q2_25_50|FLAT_Q1_0_25|FLAT_Q2_25_50,us_open|mcx_tail|other_valid_hours,1,9,0.1111111111111111,1.0,0.5294117647058824,0.0117647058823529,True,1.0,1.0
BRENT_session,10,second_deescalation_active_negotiation_hormuz_deal,UP_Q2_25_50|UP_Q3_50_75|FLAT_Q2_25_50,us_open|mcx_tail|other_valid_hours,1,9,0.1111111111111111,1.0,0.5294117647058824,0.0117647058823529,True,1.0,1.0
BRENT_session,10,second_deescalation_active_negotiation_hormuz_deal,UP_Q2_25_50|UP_Q4_75_90|DOWN_Q3_50_75,us_pre_open|us_open|us_open,1,9,0.1111111111111111,1.0,0.5294117647058824,0.0117647058823529,True,1.0,1.0
BRENT_session,10,second_deescalation_active_negotiation_hormuz_deal,UP_Q3_50_75|DOWN_Q2_25_50|DOWN_Q3_50_75,mcx_open_drive|india_morning|india_midday,1,9,0.1111111111111111,1.0,0.5294117647058824,0.0117647058823529,True,1.0,1.0
BRENT_session,10,second_deescalation_active_negotiation_hormuz_deal,UP_Q3_50_75|UP_Q1_0_25|UP_Q3_50_75,india_midday|europe_midday|us_pre_open,1,9,0.1111111111111111,1.0,0.5294117647058824,0.0117647058823529,True,1.0,1.0
BRENT_session,10,second_deescalation_active_negotiation_hormuz_deal,UP_Q3_50_75|UP_Q2_25_50|FLAT_Q1_0_25,us_open|us_open|mcx_tail,1,9,0.1111111111111111,1.0,0.5294117647058824,0.0117647058823529,True,1.0,1.0
BRENT_session,10,second_deescalation_active_negotiation_hormuz_deal,UP_Q3_50_75|UP_Q4_75_90|UP_Q3_50_75,europe_midday|us_pre_open|us_open,1,9,0.1111111111111111,1.0,0.5294117647058824,0.0117647058823529,True,1.0,1.0
BRENT_session,10,second_deescalation_active_negotiation_hormuz_deal,UP_Q4_75_90|DOWN_Q3_50_75|FLAT_Q2_25_50,us_open|us_open|mcx_tail,1,9,0.1111111111111111,1.0,0.5294117647058824,0.0117647058823529,True,1.0,1.0
BRENT_session,10,second_deescalation_active_negotiation_hormuz_deal,UP_Q4_75_90|DOWN_Q5_90_100|DOWN_Q2_25_50,india_midday|europe_midday|us_pre_open,1,9,0.1111111111111111,1.0,0.5294117647058824,0.0117647058823529,True,1.0,1.0
BRENT_session,10,second_deescalation_active_negotiation_hormuz_deal,UP_Q4_75_90|FLAT_Q1_0_25|UP_Q5_90_100,mcx_open_drive|india_morning|india_midday,1,9,0.1111111111111111,1.0,0.5294117647058824,0.0117647058823529,True,1.0,1.0
BRENT_session,10,second_deescalation_active_negotiation_hormuz_deal,UP_Q4_75_90|FLAT_Q2_25_50|FLAT_Q1_0_25,us_open|mcx_tail|other_valid_hours,1,9,0.1111111111111111,1.0,0.5294117647058824,0.0117647058823529,True,1.0,1.0
BRENT_session,10,second_deescalation_active_negotiation_hormuz_deal,UP_Q4_75_90|UP_Q3_50_75|UP_Q5_90_100,us_pre_open|us_open|us_open,1,9,0.1111111111111111,1.0,0.5294117647058824,0.0117647058823529,True,1.0,1.0
BRENT_session,10,second_deescalation_active_negotiation_hormuz_deal,UP_Q5_90_100|DOWN_Q2_25_50|DOWN_Q2_25_50,mcx_open_drive|india_morning|india_midday,1,9,0.1111111111111111,1.0,0.5294117647058824,0.0117647058823529,True,1.0,1.0
BRENT_session,10,second_deescalation_active_negotiation_hormuz_deal,UP_Q5_90_100|DOWN_Q3_50_75|DOWN_Q5_90_100,india_midday|europe_midday|us_pre_open,1,9,0.1111111111111111,1.0,0.5294117647058824,0.0117647058823529,True,1.0,1.0
BRENT_session,10,second_deescalation_active_negotiation_hormuz_deal,UP_Q5_90_100|DOWN_Q4_75_90|FLAT_Q1_0_25,us_open|mcx_tail|other_valid_hours,1,9,0.1111111111111111,1.0,0.5294117647058824,0.0117647058823529,True,1.0,1.0
BRENT_session,10,second_deescalation_active_negotiation_hormuz_deal,UP_Q5_90_100|UP_Q1_0_25|DOWN_Q4_75_90,india_morning|india_midday|europe_midday,1,9,0.1111111111111111,1.0,0.5294117647058824,0.0117647058823529,True,1.0,1.0
WTI_session,5,slight_escalation_strait_closure,DOWN_Q2_25_50|UP_Q3_50_75|DOWN_Q3_50_75,us_open|mcx_tail|other_valid_hours,1,12,0.0833333333333333,0.5,0.7058823529411764,0.0117647058823529,True,1.0,1.0
WTI_session,5,slight_escalation_strait_closure,DOWN_Q2_25_50|UP_Q3_50_75|UP_Q1_0_25,india_midday|europe_midday|us_pre_open,1,12,0.0833333333333333,0.5,0.7058823529411764,0.0117647058823529,True,1.0,1.0
WTI_session,5,slight_escalation_strait_closure,DOWN_Q2_25_50|UP_Q4_75_90|DOWN_Q4_75_90,global_reopen_pre_mcx|mcx_open_drive|india_morning,1,12,0.0833333333333333,0.5,0.7058823529411764,0.0117647058823529,True,1.0,1.0
WTI_session,5,slight_escalation_strait_closure,DOWN_Q2_25_50|UP_Q4_75_90|UP_Q5_90_100,us_open|mcx_tail|other_valid_hours,1,12,0.0833333333333333,0.5,0.7058823529411764,0.0117647058823529,True,1.0,1.0
WTI_session,5,slight_escalation_strait_closure,DOWN_Q3_50_75|DOWN_Q5_90_100|DOWN_Q2_25_50,india_midday|europe_midday|us_pre_open,1,12,0.0833333333333333,0.5,0.7058823529411764,0.0117647058823529,True,1.0,1.0
WTI_session,5,slight_escalation_strait_closure,DOWN_Q3_50_75|DOWN_Q5_90_100|FLAT_Q3_50_75,us_open|us_open|mcx_tail,1,12,0.0833333333333333,0.5,0.7058823529411764,0.0117647058823529,True,1.0,1.0
WTI_session,5,slight_escalation_strait_closure,DOWN_Q3_50_75|FLAT_Q2_25_50|DOWN_Q5_90_100,global_reopen_pre_mcx|mcx_open_drive|india_morning,1,12,0.0833333333333333,0.5,0.7058823529411764,0.0117647058823529,True,1.0,1.0
WTI_session,5,slight_escalation_strait_closure,DOWN_Q3_50_75|FLAT_Q2_25_50|UP_Q5_90_100,mcx_open_drive|india_morning|india_midday,1,12,0.0833333333333333,0.5,0.7058823529411764,0.0117647058823529,True,1.0,1.0
WTI_session,5,slight_escalation_strait_closure,DOWN_Q5_90_100|UP_Q4_75_90|DOWN_Q4_75_90,us_open|mcx_tail|other_valid_hours,1,12,0.0833333333333333,0.5,0.7058823529411764,0.0117647058823529,True,1.0,1.0
WTI_session,5,slight_escalation_strait_closure,DOWN_Q5_90_100|UP_Q4_75_90|FLAT_Q1_0_25,us_pre_open|us_open|us_open,1,12,0.0833333333333333,0.5,0.7058823529411764,0.0117647058823529,True,1.0,1.0
WTI_session,5,slight_escalation_strait_closure,DOWN_Q5_90_100|UP_Q5_90_100|DOWN_Q3_50_75,india_midday|europe_midday|us_pre_open,1,12,0.0833333333333333,0.5,0.7058823529411764,0.0117647058823529,True,1.0,1.0
WTI_session,5,slight_escalation_strait_closure,DOWN_Q5_90_100|UP_Q5_90_100|FLAT_Q3_50_75,global_reopen_pre_mcx|mcx_open_drive|india_morning,1,12,0.0833333333333333,0.5,0.7058823529411764,0.0117647058823529,True,1.0,1.0
WTI_session,5,slight_escalation_strait_closure,FLAT_Q1_0_25|DOWN_Q2_25_50|DOWN_Q4_75_90,india_midday|europe_midday|us_pre_open,1,12,0.0833333333333333,0.5,0.7058823529411764,0.0117647058823529,True,1.0,1.0
WTI_session,5,slight_escalation_strait_closure,FLAT_Q1_0_25|DOWN_Q2_25_50|UP_Q4_75_90,us_open|us_open|mcx_tail,1,12,0.0833333333333333,0.5,0.7058823529411764,0.0117647058823529,True,1.0,1.0
WTI_session,5,slight_escalation_strait_closure,FLAT_Q1_0_25|FLAT_Q1_0_25|DOWN_Q1_0_25,us_open|mcx_tail|other_valid_hours,1,12,0.0833333333333333,0.5,0.7058823529411764,0.0117647058823529,True,1.0,1.0
WTI_session,5,slight_escalation_strait_closure,FLAT_Q1_0_25|FLAT_Q1_0_25|DOWN_Q2_25_50,us_open|mcx_tail|other_valid_hours,1,12,0.0833333333333333,0.5,0.7058823529411764,0.0117647058823529,True,1.0,1.0
WTI_session,5,slight_escalation_strait_closure,FLAT_Q1_0_25|FLAT_Q2_25_50|FLAT_Q1_0_25,global_reopen_pre_mcx|mcx_open_drive|india_morning,1,12,0.0833333333333333,0.5,0.7058823529411764,0.0117647058823529,True,1.0,1.0
WTI_session,5,slight_escalation_strait_closure,FLAT_Q1_0_25|FLAT_Q2_25_50|UP_Q2_25_50,us_open|mcx_tail|other_valid_hours,1,12,0.0833333333333333,0.5,0.7058823529411764,0.0117647058823529,True,1.0,1.0
WTI_session,5,slight_escalation_strait_closure,FLAT_Q1_0_25|UP_Q3_50_75|DOWN_Q4_75_90,india_morning|india_midday|europe_midday,1,12,0.0833333333333333,0.5,0.7058823529411764,0.0117647058823529,True,1.0,1.0
WTI_session,5,slight_escalation_strait_closure,FLAT_Q1_0_25|UP_Q3_50_75|FLAT_Q2_25_50,us_open|us_open|mcx_tail,1,12,0.0833333333333333,0.5,0.7058823529411764,0.0117647058823529,True,1.0,1.0
WTI_session,5,slight_escalation_strait_closure,FLAT_Q2_25_50|DOWN_Q5_90_100|UP_Q3_50_75,mcx_open_drive|india_morning|india_midday,1,12,0.0833333333333333,0.5,0.7058823529411764,0.0117647058823529,True,1.0,1.0
WTI_session,5,slight_escalation_strait_closure,FLAT_Q2_25_50|DOWN_Q5_90_100|UP_Q5_90_100,india_morning|india_midday|europe_midday,1,12,0.0833333333333333,0.5,0.7058823529411764,0.0117647058823529,True,1.0,1.0
WTI_session,5,slight_escalation_strait_closure,FLAT_Q2_25_50|FLAT_Q1_0_25|DOWN_Q2_25_50,india_morning|india_midday|europe_midday,1,12,0.0833333333333333,0.5,0.7058823529411764,0.0117647058823529,True,1.0,1.0
WTI_session,5,slight_escalation_strait_closure,FLAT_Q2_25_50|FLAT_Q1_0_25|UP_Q3_50_75,mcx_open_drive|india_morning|india_midday,1,12,0.0833333333333333,0.5,0.7058823529411764,0.0117647058823529,True,1.0,1.0
WTI_session,5,slight_escalation_strait_closure,UP_Q2_25_50|UP_Q3_50_75|FLAT_Q1_0_25,us_pre_open|us_open|us_open,1,12,0.0833333333333333,0.5,0.7058823529411764,0.0117647058823529,True,1.0,1.0
WTI_session,5,slight_escalation_strait_closure,UP_Q2_25_50|UP_Q3_50_75|UP_Q5_90_100,us_open|us_open|mcx_tail,1,12,0.0833333333333333,0.5,0.7058823529411764,0.0117647058823529,True,1.0,1.0
WTI_session,5,slight_escalation_strait_closure,UP_Q3_50_75|FLAT_Q2_25_50|UP_Q4_75_90,global_reopen_pre_mcx|mcx_open_drive|india_morning,1,12,0.0833333333333333,0.5,0.7058823529411764,0.0117647058823529,True,1.0,1.0
WTI_session,5,slight_escalation_strait_closure,UP_Q3_50_75|FLAT_Q2_25_50|UP_Q5_90_100,us_open|mcx_tail|other_valid_hours,1,12,0.0833333333333333,0.5,0.7058823529411764,0.0117647058823529,True,1.0,1.0
WTI_session,5,slight_escalation_strait_closure,UP_Q4_75_90|FLAT_Q1_0_25|DOWN_Q3_50_75,mcx_open_drive|india_morning|india_midday,1,12,0.0833333333333333,0.5,0.7058823529411764,0.0117647058823529,True,1.0,1.0
WTI_session,5,slight_escalation_strait_closure,UP_Q4_75_90|FLAT_Q1_0_25|FLAT_Q1_0_25,us_open|us_open|mcx_tail,1,12,0.0833333333333333,0.5,0.7058823529411764,0.0117647058823529,True,1.0,1.0
WTI_session,5,slight_escalation_strait_closure,UP_Q5_90_100|FLAT_Q1_0_25|DOWN_Q1_0_25,india_midday|europe_midday|us_pre_open,1,12,0.0833333333333333,0.5,0.7058823529411764,0.0117647058823529,True,1.0,1.0
WTI_session,5,slight_escalation_strait_closure,UP_Q5_90_100|FLAT_Q1_0_25|UP_Q3_50_75,us_pre_open|us_open|us_open,1,12,0.0833333333333333,0.5,0.7058823529411764,0.0117647058823529,True,1.0,1.0
WTI_session,10,second_deescalation_active_negotiation_hormuz_deal,DOWN_Q2_25_50|DOWN_Q5_90_100|FLAT_Q2_25_50,europe_midday|us_pre_open|us_open,1,9,0.1111111111111111,1.0,0.5294117647058824,0.0117647058823529,True,1.0,1.0
WTI_session,10,second_deescalation_active_negotiation_hormuz_deal,DOWN_Q2_25_50|FLAT_Q2_25_50|DOWN_Q3_50_75,us_open|mcx_tail|other_valid_hours,1,9,0.1111111111111111,1.0,0.5294117647058824,0.0117647058823529,True,1.0,1.0
WTI_session,10,second_deescalation_active_negotiation_hormuz_deal,DOWN_Q2_25_50|UP_Q4_75_90|FLAT_Q1_0_25,europe_midday|us_pre_open|us_open,1,9,0.1111111111111111,1.0,0.5294117647058824,0.0117647058823529,True,1.0,1.0
WTI_session,10,second_deescalation_active_negotiation_hormuz_deal,DOWN_Q2_25_50|UP_Q5_90_100|DOWN_Q1_0_25,global_reopen_pre_mcx|mcx_open_drive|india_morning,1,9,0.1111111111111111,1.0,0.5294117647058824,0.0117647058823529,True,1.0,1.0
WTI_session,10,second_deescalation_active_negotiation_hormuz_deal,DOWN_Q3_50_75|DOWN_Q1_0_25|DOWN_Q3_50_75,india_midday|europe_midday|us_pre_open,1,9,0.1111111111111111,1.0,0.5294117647058824,0.0117647058823529,True,1.0,1.0
WTI_session,10,second_deescalation_active_negotiation_hormuz_deal,DOWN_Q3_50_75|DOWN_Q2_25_50|UP_Q3_50_75,mcx_open_drive|india_morning|india_midday,1,9,0.1111111111111111,1.0,0.5294117647058824,0.0117647058823529,True,1.0,1.0
WTI_session,10,second_deescalation_active_negotiation_hormuz_deal,DOWN_Q3_50_75|DOWN_Q4_75_90|FLAT_Q1_0_25,us_open|mcx_tail|other_valid_hours,1,9,0.1111111111111111,1.0,0.5294117647058824,0.0117647058823529,True,1.0,1.0
WTI_session,10,second_deescalation_active_negotiation_hormuz_deal,DOWN_Q3_50_75|UP_Q3_50_75|FLAT_Q1_0_25,mcx_open_drive|india_morning|india_midday,1,9,0.1111111111111111,1.0,0.5294117647058824,0.0117647058823529,True,1.0,1.0
WTI_session,10,second_deescalation_active_negotiation_hormuz_deal,DOWN_Q3_50_75|UP_Q4_75_90|UP_Q2_25_50,india_morning|india_midday|europe_midday,1,9,0.1111111111111111,1.0,0.5294117647058824,0.0117647058823529,True,1.0,1.0
WTI_session,10,second_deescalation_active_negotiation_hormuz_deal,DOWN_Q4_75_90|DOWN_Q3_50_75|DOWN_Q2_25_50,global_reopen_pre_mcx|mcx_open_drive|india_morning,1,9,0.1111111111111111,1.0,0.5294117647058824,0.0117647058823529,True,1.0,1.0
WTI_session,10,second_deescalation_active_negotiation_hormuz_deal,DOWN_Q4_75_90|FLAT_Q1_0_25|UP_Q2_25_50,europe_midday|us_pre_open|us_open,1,9,0.1111111111111111,1.0,0.5294117647058824,0.0117647058823529,True,1.0,1.0
WTI_session,10,second_deescalation_active_negotiation_hormuz_deal,DOWN_Q5_90_100|FLAT_Q1_0_25|FLAT_Q1_0_25,europe_midday|us_pre_open|us_open,1,9,0.1111111111111111,1.0,0.5294117647058824,0.0117647058823529,True,1.0,1.0
WTI_session,10,second_deescalation_active_negotiation_hormuz_deal,DOWN_Q5_90_100|FLAT_Q2_25_50|DOWN_Q3_50_75,us_pre_open|us_open|us_open,1,9,0.1111111111111111,1.0,0.5294117647058824,0.0117647058823529,True,1.0,1.0
WTI_session,10,second_deescalation_active_negotiation_hormuz_deal,FLAT_Q1_0_25|DOWN_Q3_50_75|UP_Q4_75_90,mcx_open_drive|india_morning|india_midday,1,9,0.1111111111111111,1.0,0.5294117647058824,0.0117647058823529,True,1.0,1.0
WTI_session,10,second_deescalation_active_negotiation_hormuz_deal,FLAT_Q1_0_25|UP_Q1_0_25|DOWN_Q2_25_50,global_reopen_pre_mcx|mcx_open_drive|india_morning,1,9,0.1111111111111111,1.0,0.5294117647058824,0.0117647058823529,True,1.0,1.0
WTI_session,10,second_deescalation_active_negotiation_hormuz_deal,FLAT_Q1_0_25|UP_Q4_75_90|UP_Q2_25_50,us_open|us_open|mcx_tail,1,9,0.1111111111111111,1.0,0.5294117647058824,0.0117647058823529,True,1.0,1.0
WTI_session,10,second_deescalation_active_negotiation_hormuz_deal,UP_Q1_0_25|DOWN_Q2_25_50|DOWN_Q2_25_50,mcx_open_drive|india_morning|india_midday,1,9,0.1111111111111111,1.0,0.5294117647058824,0.0117647058823529,True,1.0,1.0
WTI_session,10,second_deescalation_active_negotiation_hormuz_deal,UP_Q2_25_50|DOWN_Q3_50_75|UP_Q5_90_100,us_open|mcx_tail|other_valid_hours,1,9,0.1111111111111111,1.0,0.5294117647058824,0.0117647058823529,True,1.0,1.0
WTI_session,10,second_deescalation_active_negotiation_hormuz_deal,UP_Q2_25_50|UP_Q2_25_50|UP_Q4_75_90,europe_midday|us_pre_open|us_open,1,9,0.1111111111111111,1.0,0.5294117647058824,0.0117647058823529,True,1.0,1.0
WTI_session,10,second_deescalation_active_negotiation_hormuz_deal,UP_Q3_50_75|DOWN_Q3_50_75|FLAT_Q1_0_25,india_midday|europe_midday|us_pre_open,1,9,0.1111111111111111,1.0,0.5294117647058824,0.0117647058823529,True,1.0,1.0
WTI_session,10,second_deescalation_active_negotiation_hormuz_deal,UP_Q3_50_75|UP_Q4_75_90|UP_Q2_25_50,us_pre_open|us_open|us_open,1,9,0.1111111111111111,1.0,0.5294117647058824,0.0117647058823529,True,1.0,1.0
WTI_session,10,second_deescalation_active_negotiation_hormuz_deal,UP_Q4_75_90|DOWN_Q5_90_100|FLAT_Q1_0_25,india_midday|europe_midday|us_pre_open,1,9,0.1111111111111111,1.0,0.5294117647058824,0.0117647058823529,True,1.0,1.0
WTI_session,10,second_deescalation_active_negotiation_hormuz_deal,UP_Q5_90_100|DOWN_Q1_0_25|DOWN_Q3_50_75,mcx_open_drive|india_morning|india_midday,1,9,0.1111111111111111,1.0,0.5294117647058824,0.0117647058823529,True,1.0,1.0
WTI_session,10,second_deescalation_active_negotiation_hormuz_deal,UP_Q5_90_100|DOWN_Q2_25_50|DOWN_Q5_90_100,india_midday|europe_midday|us_pre_open,1,9,0.1111111111111111,1.0,0.5294117647058824,0.0117647058823529,True,1.0,1.0
WTI_session,10,second_deescalation_active_negotiation_hormuz_deal,UP_Q5_90_100|DOWN_Q3_50_75|DOWN_Q4_75_90,us_open|us_open|mcx_tail,1,9,0.1111111111111111,1.0,0.5294117647058824,0.0117647058823529,True,1.0,1.0
BRENT_session,2,post_ceasefire_complex,DOWN_Q2_25_50|DOWN_Q4_75_90|UP_Q3_50_75,europe_midday|us_pre_open|us_open,2,43,0.0465116279069767,0.6666666666666666,0.6172248803827751,0.0114832535885167,True,1.0,1.0
BRENT_session,2,post_ceasefire_complex,DOWN_Q3_50_75|DOWN_Q2_25_50|FLAT_Q1_0_25,india_morning|india_midday|europe_midday,2,43,0.0465116279069767,0.6666666666666666,0.6172248803827751,0.0114832535885167,True,1.0,1.0
BRENT_session,2,post_ceasefire_complex,DOWN_Q4_75_90|FLAT_Q1_0_25|FLAT_Q1_0_25,global_reopen_pre_mcx|mcx_open_drive|india_morning,2,43,0.0465116279069767,0.6666666666666666,0.6172248803827751,0.0114832535885167,True,1.0,1.0
BRENT_session,2,post_ceasefire_complex,FLAT_Q1_0_25|DOWN_Q5_90_100|UP_Q3_50_75,us_open|us_open|mcx_tail,2,43,0.0465116279069767,0.6666666666666666,0.6172248803827751,0.0114832535885167,True,1.0,1.0
BRENT_session,2,post_ceasefire_complex,FLAT_Q1_0_25|UP_Q4_75_90|DOWN_Q2_25_50,global_reopen_pre_mcx|mcx_open_drive|india_morning,2,43,0.0465116279069767,0.6666666666666666,0.6172248803827751,0.0114832535885167,True,1.0,1.0
BRENT_session,2,post_ceasefire_complex,UP_Q4_75_90|UP_Q4_75_90|FLAT_Q1_0_25,india_morning|india_midday|europe_midday,2,43,0.0465116279069767,0.6666666666666666,0.6172248803827751,0.0114832535885167,True,1.0,1.0
WTI_session,2,post_ceasefire_complex,DOWN_Q2_25_50|FLAT_Q2_25_50|FLAT_Q1_0_25,global_reopen_pre_mcx|mcx_open_drive|india_morning,2,43,0.0465116279069767,0.6666666666666666,0.6172248803827751,0.0114832535885167,True,1.0,1.0
WTI_session,2,post_ceasefire_complex,DOWN_Q5_90_100|FLAT_Q1_0_25|DOWN_Q3_50_75,europe_midday|us_pre_open|us_open,2,43,0.0465116279069767,0.6666666666666666,0.6172248803827751,0.0114832535885167,True,1.0,1.0
WTI_session,2,post_ceasefire_complex,UP_Q2_25_50|DOWN_Q2_25_50|FLAT_Q1_0_25,india_morning|india_midday|europe_midday,2,43,0.0465116279069767,0.6666666666666666,0.6172248803827751,0.0114832535885167,True,1.0,1.0
WTI_session,2,post_ceasefire_complex,UP_Q2_25_50|UP_Q1_0_25|UP_Q3_50_75,us_open|us_open|mcx_tail,2,43,0.0465116279069767,0.6666666666666666,0.6172248803827751,0.0114832535885167,True,1.0,1.0
WTI_session,2,post_ceasefire_complex,UP_Q4_75_90|UP_Q5_90_100|DOWN_Q5_90_100,global_reopen_pre_mcx|mcx_open_drive|india_morning,2,43,0.0465116279069767,0.6666666666666666,0.6172248803827751,0.0114832535885167,True,1.0,1.0
BRENT_session,1,full_scale_war,FLAT_Q1_0_25|FLAT_Q1_0_25|DOWN_Q1_0_25,asia_early|us_late|europe_midday,1,18,0.0555555555555555,0.1111111111111111,0.9473684210526316,0.0105263157894736,True,1.0,1.0
BRENT_session,1,full_scale_war,FLAT_Q1_0_25|FLAT_Q1_0_25|DOWN_Q3_50_75,mcx_open_drive|india_morning|india_midday,1,18,0.0555555555555555,0.1111111111111111,0.9473684210526316,0.0105263157894736,True,1.0,1.0
BRENT_session,1,full_scale_war,FLAT_Q1_0_25|FLAT_Q1_0_25|DOWN_Q5_90_100,us_open|us_open|mcx_tail,1,18,0.0555555555555555,0.1111111111111111,0.9473684210526316,0.0105263157894736,True,1.0,1.0
BRENT_session,7,sustained_major_reescalation_hormuz_war,DOWN_Q2_25_50|DOWN_Q3_50_75|UP_Q3_50_75,us_pre_open|us_open|us_open,1,10,0.1,1.0,0.5263157894736842,0.0105263157894736,True,1.0,1.0
BRENT_session,7,sustained_major_reescalation_hormuz_war,DOWN_Q2_25_50|UP_Q5_90_100|FLAT_Q1_0_25,us_open|mcx_tail|other_valid_hours,1,10,0.1,1.0,0.5263157894736842,0.0105263157894736,True,1.0,1.0
BRENT_session,7,sustained_major_reescalation_hormuz_war,DOWN_Q3_50_75|DOWN_Q2_25_50|FLAT_Q1_0_25,us_open|us_open|mcx_tail,1,10,0.1,1.0,0.5263157894736842,0.0105263157894736,True,1.0,1.0
BRENT_session,7,sustained_major_reescalation_hormuz_war,DOWN_Q3_50_75|FLAT_Q1_0_25|FLAT_Q1_0_25,mcx_open_drive|india_morning|india_midday,1,10,0.1,1.0,0.5263157894736842,0.0105263157894736,True,1.0,1.0
BRENT_session,7,sustained_major_reescalation_hormuz_war,DOWN_Q4_75_90|DOWN_Q4_75_90|UP_Q3_50_75,india_midday|europe_midday|us_pre_open,1,10,0.1,1.0,0.5263157894736842,0.0105263157894736,True,1.0,1.0
BRENT_session,7,sustained_major_reescalation_hormuz_war,DOWN_Q5_90_100|UP_Q3_50_75|UP_Q5_90_100,india_midday|europe_midday|us_pre_open,1,10,0.1,1.0,0.5263157894736842,0.0105263157894736,True,1.0,1.0
BRENT_session,7,sustained_major_reescalation_hormuz_war,FLAT_Q1_0_25|DOWN_Q3_50_75|UP_Q3_50_75,mcx_open_drive|india_morning|india_midday,1,10,0.1,1.0,0.5263157894736842,0.0105263157894736,True,1.0,1.0
BRENT_session,7,sustained_major_reescalation_hormuz_war,FLAT_Q1_0_25|UP_Q5_90_100|FLAT_Q2_25_50,us_open|us_open|mcx_tail,1,10,0.1,1.0,0.5263157894736842,0.0105263157894736,True,1.0,1.0
BRENT_session,7,sustained_major_reescalation_hormuz_war,FLAT_Q2_25_50|FLAT_Q1_0_25|UP_Q2_25_50,mcx_open_drive|india_morning|india_midday,1,10,0.1,1.0,0.5263157894736842,0.0105263157894736,True,1.0,1.0
BRENT_session,7,sustained_major_reescalation_hormuz_war,FLAT_Q3_50_75|DOWN_Q2_25_50|DOWN_Q2_25_50,mcx_open_drive|india_morning|india_midday,1,10,0.1,1.0,0.5263157894736842,0.0105263157894736,True,1.0,1.0
BRENT_session,7,sustained_major_reescalation_hormuz_war,UP_Q1_0_25|FLAT_Q3_50_75|DOWN_Q2_25_50,global_reopen_pre_mcx|mcx_open_drive|india_morning,1,10,0.1,1.0,0.5263157894736842,0.0105263157894736,True,1.0,1.0
BRENT_session,7,sustained_major_reescalation_hormuz_war,UP_Q2_25_50|DOWN_Q2_25_50|UP_Q4_75_90,us_pre_open|us_open|us_open,1,10,0.1,1.0,0.5263157894736842,0.0105263157894736,True,1.0,1.0
BRENT_session,7,sustained_major_reescalation_hormuz_war,UP_Q2_25_50|UP_Q2_25_50|DOWN_Q2_25_50,europe_midday|us_pre_open|us_open,1,10,0.1,1.0,0.5263157894736842,0.0105263157894736,True,1.0,1.0
BRENT_session,7,sustained_major_reescalation_hormuz_war,UP_Q2_25_50|UP_Q3_50_75|UP_Q3_50_75,india_midday|europe_midday|us_pre_open,1,10,0.1,1.0,0.5263157894736842,0.0105263157894736,True,1.0,1.0
BRENT_session,7,sustained_major_reescalation_hormuz_war,UP_Q3_50_75|DOWN_Q2_25_50|FLAT_Q1_0_25,us_pre_open|us_open|us_open,1,10,0.1,1.0,0.5263157894736842,0.0105263157894736,True,1.0,1.0
BRENT_session,7,sustained_major_reescalation_hormuz_war,UP_Q3_50_75|FLAT_Q1_0_25|UP_Q3_50_75,us_pre_open|us_open|us_open,1,10,0.1,1.0,0.5263157894736842,0.0105263157894736,True,1.0,1.0
BRENT_session,7,sustained_major_reescalation_hormuz_war,UP_Q3_50_75|FLAT_Q2_25_50|UP_Q3_50_75,global_reopen_pre_mcx|mcx_open_drive|india_morning,1,10,0.1,1.0,0.5263157894736842,0.0105263157894736,True,1.0,1.0
BRENT_session,7,sustained_major_reescalation_hormuz_war,UP_Q3_50_75|UP_Q2_25_50|UP_Q2_25_50,india_midday|europe_midday|us_pre_open,1,10,0.1,1.0,0.5263157894736842,0.0105263157894736,True,1.0,1.0
BRENT_session,7,sustained_major_reescalation_hormuz_war,UP_Q4_75_90|DOWN_Q4_75_90|UP_Q3_50_75,us_pre_open|us_open|us_open,1,10,0.1,1.0,0.5263157894736842,0.0105263157894736,True,1.0,1.0
BRENT_session,7,sustained_major_reescalation_hormuz_war,UP_Q4_75_90|UP_Q2_25_50|DOWN_Q3_50_75,india_morning|india_midday|europe_midday,1,10,0.1,1.0,0.5263157894736842,0.0105263157894736,True,1.0,1.0
BRENT_session,7,sustained_major_reescalation_hormuz_war,UP_Q4_75_90|UP_Q3_50_75|UP_Q5_90_100,europe_midday|us_pre_open|us_open,1,10,0.1,1.0,0.5263157894736842,0.0105263157894736,True,1.0,1.0
BRENT_session,7,sustained_major_reescalation_hormuz_war,UP_Q5_90_100|DOWN_Q2_25_50|UP_Q5_90_100,us_open|us_open|mcx_tail,1,10,0.1,1.0,0.5263157894736842,0.0105263157894736,True,1.0,1.0
BRENT_session,7,sustained_major_reescalation_hormuz_war,UP_Q5_90_100|FLAT_Q2_25_50|FLAT_Q1_0_25,us_open|mcx_tail|other_valid_hours,1,10,0.1,1.0,0.5263157894736842,0.0105263157894736,True,1.0,1.0
WTI_session,7,sustained_major_reescalation_hormuz_war,DOWN_Q1_0_25|DOWN_Q1_0_25|FLAT_Q1_0_25,us_pre_open|us_open|us_open,1,10,0.1,1.0,0.5263157894736842,0.0105263157894736,True,1.0,1.0
WTI_session,7,sustained_major_reescalation_hormuz_war,DOWN_Q1_0_25|FLAT_Q1_0_25|FLAT_Q2_25_50,us_open|us_open|mcx_tail,1,10,0.1,1.0,0.5263157894736842,0.0105263157894736,True,1.0,1.0
WTI_session,7,sustained_major_reescalation_hormuz_war,DOWN_Q1_0_25|UP_Q5_90_100|UP_Q5_90_100,us_open|us_open|mcx_tail,1,10,0.1,1.0,0.5263157894736842,0.0105263157894736,True,1.0,1.0
WTI_session,7,sustained_major_reescalation_hormuz_war,DOWN_Q2_25_50|DOWN_Q2_25_50|UP_Q3_50_75,india_morning|india_midday|europe_midday,1,10,0.1,1.0,0.5263157894736842,0.0105263157894736,True,1.0,1.0
WTI_session,7,sustained_major_reescalation_hormuz_war,DOWN_Q2_25_50|DOWN_Q4_75_90|FLAT_Q1_0_25,us_open|us_open|mcx_tail,1,10,0.1,1.0,0.5263157894736842,0.0105263157894736,True,1.0,1.0
WTI_session,7,sustained_major_reescalation_hormuz_war,DOWN_Q2_25_50|DOWN_Q5_90_100|DOWN_Q5_90_100,global_reopen_pre_mcx|mcx_open_drive|india_morning,1,10,0.1,1.0,0.5263157894736842,0.0105263157894736,True,1.0,1.0
WTI_session,7,sustained_major_reescalation_hormuz_war,DOWN_Q2_25_50|FLAT_Q1_0_25|FLAT_Q2_25_50,us_open|mcx_tail|other_valid_hours,1,10,0.1,1.0,0.5263157894736842,0.0105263157894736,True,1.0,1.0
WTI_session,7,sustained_major_reescalation_hormuz_war,DOWN_Q2_25_50|UP_Q3_50_75|UP_Q4_75_90,india_midday|europe_midday|us_pre_open,1,10,0.1,1.0,0.5263157894736842,0.0105263157894736,True,1.0,1.0
WTI_session,7,sustained_major_reescalation_hormuz_war,DOWN_Q3_50_75|DOWN_Q4_75_90|FLAT_Q1_0_25,global_reopen_pre_mcx|mcx_open_drive|india_morning,1,10,0.1,1.0,0.5263157894736842,0.0105263157894736,True,1.0,1.0
WTI_session,7,sustained_major_reescalation_hormuz_war,DOWN_Q3_50_75|FLAT_Q1_0_25|UP_Q3_50_75,europe_midday|us_pre_open|us_open,1,10,0.1,1.0,0.5263157894736842,0.0105263157894736,True,1.0,1.0
WTI_session,7,sustained_major_reescalation_hormuz_war,DOWN_Q3_50_75|UP_Q1_0_25|FLAT_Q1_0_25,india_midday|europe_midday|us_pre_open,1,10,0.1,1.0,0.5263157894736842,0.0105263157894736,True,1.0,1.0
WTI_session,7,sustained_major_reescalation_hormuz_war,DOWN_Q3_50_75|UP_Q3_50_75|UP_Q2_25_50,india_morning|india_midday|europe_midday,1,10,0.1,1.0,0.5263157894736842,0.0105263157894736,True,1.0,1.0
WTI_session,7,sustained_major_reescalation_hormuz_war,DOWN_Q4_75_90|DOWN_Q4_75_90|UP_Q4_75_90,india_midday|europe_midday|us_pre_open,1,10,0.1,1.0,0.5263157894736842,0.0105263157894736,True,1.0,1.0
WTI_session,7,sustained_major_reescalation_hormuz_war,DOWN_Q4_75_90|FLAT_Q2_25_50|FLAT_Q1_0_25,mcx_open_drive|india_morning|india_midday,1,10,0.1,1.0,0.5263157894736842,0.0105263157894736,True,1.0,1.0
WTI_session,7,sustained_major_reescalation_hormuz_war,DOWN_Q4_75_90|UP_Q4_75_90|UP_Q2_25_50,europe_midday|us_pre_open|us_open,1,10,0.1,1.0,0.5263157894736842,0.0105263157894736,True,1.0,1.0
WTI_session,7,sustained_major_reescalation_hormuz_war,DOWN_Q5_90_100|DOWN_Q1_0_25|DOWN_Q1_0_25,europe_midday|us_pre_open|us_open,1,10,0.1,1.0,0.5263157894736842,0.0105263157894736,True,1.0,1.0
WTI_session,7,sustained_major_reescalation_hormuz_war,DOWN_Q5_90_100|DOWN_Q3_50_75|UP_Q1_0_25,india_morning|india_midday|europe_midday,1,10,0.1,1.0,0.5263157894736842,0.0105263157894736,True,1.0,1.0
WTI_session,7,sustained_major_reescalation_hormuz_war,DOWN_Q5_90_100|DOWN_Q5_90_100|DOWN_Q3_50_75,mcx_open_drive|india_morning|india_midday,1,10,0.1,1.0,0.5263157894736842,0.0105263157894736,True,1.0,1.0
WTI_session,7,sustained_major_reescalation_hormuz_war,DOWN_Q5_90_100|FLAT_Q1_0_25|DOWN_Q3_50_75,europe_midday|us_pre_open|us_open,1,10,0.1,1.0,0.5263157894736842,0.0105263157894736,True,1.0,1.0
WTI_session,7,sustained_major_reescalation_hormuz_war,FLAT_Q1_0_25|DOWN_Q2_25_50|FLAT_Q2_25_50,us_open|us_open|mcx_tail,1,10,0.1,1.0,0.5263157894736842,0.0105263157894736,True,1.0,1.0
WTI_session,7,sustained_major_reescalation_hormuz_war,FLAT_Q1_0_25|DOWN_Q4_75_90|UP_Q3_50_75,us_pre_open|us_open|us_open,1,10,0.1,1.0,0.5263157894736842,0.0105263157894736,True,1.0,1.0
WTI_session,7,sustained_major_reescalation_hormuz_war,FLAT_Q1_0_25|DOWN_Q5_90_100|FLAT_Q1_0_25,india_midday|europe_midday|us_pre_open,1,10,0.1,1.0,0.5263157894736842,0.0105263157894736,True,1.0,1.0
WTI_session,7,sustained_major_reescalation_hormuz_war,FLAT_Q1_0_25|UP_Q1_0_25|DOWN_Q2_25_50,europe_midday|us_pre_open|us_open,1,10,0.1,1.0,0.5263157894736842,0.0105263157894736,True,1.0,1.0
WTI_session,7,sustained_major_reescalation_hormuz_war,FLAT_Q2_25_50|DOWN_Q3_50_75|UP_Q3_50_75,mcx_open_drive|india_morning|india_midday,1,10,0.1,1.0,0.5263157894736842,0.0105263157894736,True,1.0,1.0
WTI_session,7,sustained_major_reescalation_hormuz_war,UP_Q1_0_25|DOWN_Q2_25_50|DOWN_Q4_75_90,us_pre_open|us_open|us_open,1,10,0.1,1.0,0.5263157894736842,0.0105263157894736,True,1.0,1.0
WTI_session,7,sustained_major_reescalation_hormuz_war,UP_Q1_0_25|FLAT_Q1_0_25|DOWN_Q4_75_90,europe_midday|us_pre_open|us_open,1,10,0.1,1.0,0.5263157894736842,0.0105263157894736,True,1.0,1.0
WTI_session,7,sustained_major_reescalation_hormuz_war,UP_Q2_25_50|UP_Q4_75_90|DOWN_Q2_25_50,us_pre_open|us_open|us_open,1,10,0.1,1.0,0.5263157894736842,0.0105263157894736,True,1.0,1.0
WTI_session,7,sustained_major_reescalation_hormuz_war,UP_Q3_50_75|DOWN_Q2_25_50|DOWN_Q2_25_50,mcx_open_drive|india_morning|india_midday,1,10,0.1,1.0,0.5263157894736842,0.0105263157894736,True,1.0,1.0
WTI_session,7,sustained_major_reescalation_hormuz_war,UP_Q3_50_75|DOWN_Q3_50_75|UP_Q2_25_50,global_reopen_pre_mcx|mcx_open_drive|india_morning,1,10,0.1,1.0,0.5263157894736842,0.0105263157894736,True,1.0,1.0
WTI_session,7,sustained_major_reescalation_hormuz_war,UP_Q3_50_75|DOWN_Q4_75_90|UP_Q3_50_75,us_open|us_open|mcx_tail,1,10,0.1,1.0,0.5263157894736842,0.0105263157894736,True,1.0,1.0
WTI_session,7,sustained_major_reescalation_hormuz_war,UP_Q3_50_75|DOWN_Q5_90_100|DOWN_Q1_0_25,india_midday|europe_midday|us_pre_open,1,10,0.1,1.0,0.5263157894736842,0.0105263157894736,True,1.0,1.0
WTI_session,7,sustained_major_reescalation_hormuz_war,UP_Q3_50_75|FLAT_Q1_0_25|DOWN_Q3_50_75,us_open|us_open|mcx_tail,1,10,0.1,1.0,0.5263157894736842,0.0105263157894736,True,1.0,1.0
WTI_session,7,sustained_major_reescalation_hormuz_war,UP_Q4_75_90|DOWN_Q1_0_25|UP_Q5_90_100,us_pre_open|us_open|us_open,1,10,0.1,1.0,0.5263157894736842,0.0105263157894736,True,1.0,1.0
WTI_session,7,sustained_major_reescalation_hormuz_war,UP_Q4_75_90|DOWN_Q2_25_50|FLAT_Q1_0_25,us_open|us_open|mcx_tail,1,10,0.1,1.0,0.5263157894736842,0.0105263157894736,True,1.0,1.0
WTI_session,7,sustained_major_reescalation_hormuz_war,UP_Q4_75_90|FLAT_Q1_0_25|DOWN_Q5_90_100,india_morning|india_midday|europe_midday,1,10,0.1,1.0,0.5263157894736842,0.0105263157894736,True,1.0,1.0
WTI_session,7,sustained_major_reescalation_hormuz_war,UP_Q4_75_90|UP_Q2_25_50|FLAT_Q1_0_25,us_pre_open|us_open|us_open,1,10,0.1,1.0,0.5263157894736842,0.0105263157894736,True,1.0,1.0
WTI_session,7,sustained_major_reescalation_hormuz_war,UP_Q4_75_90|UP_Q3_50_75|DOWN_Q5_90_100,india_morning|india_midday|europe_midday,1,10,0.1,1.0,0.5263157894736842,0.0105263157894736,True,1.0,1.0
WTI_session,7,sustained_major_reescalation_hormuz_war,UP_Q5_90_100|FLAT_Q1_0_25|UP_Q4_75_90,global_reopen_pre_mcx|mcx_open_drive|india_morning,1,10,0.1,1.0,0.5263157894736842,0.0105263157894736,True,1.0,1.0
WTI_session,7,sustained_major_reescalation_hormuz_war,UP_Q5_90_100|UP_Q5_90_100|FLAT_Q2_25_50,us_open|mcx_tail|other_valid_hours,1,10,0.1,1.0,0.5263157894736842,0.0105263157894736,True,1.0,1.0
BRENT_session,1,full_scale_war,UP_Q2_25_50|DOWN_Q3_50_75|DOWN_Q1_0_25,us_open|mcx_tail|other_valid_hours,1,18,0.0555555555555555,0.2,0.8737864077669903,0.0097087378640776,True,1.0,1.0
BRENT_session,1,full_scale_war,UP_Q2_25_50|DOWN_Q3_50_75|DOWN_Q2_25_50,europe_midday|us_pre_open|us_open,1,18,0.0555555555555555,0.2,0.8737864077669903,0.0097087378640776,True,1.0,1.0
BRENT_session,1,full_scale_war,UP_Q2_25_50|DOWN_Q3_50_75|DOWN_Q5_90_100,global_reopen_pre_mcx|mcx_open_drive|india_morning,1,18,0.0555555555555555,0.2,0.8737864077669903,0.0097087378640776,True,1.0,1.0
BRENT_session,1,full_scale_war,UP_Q2_25_50|DOWN_Q3_50_75|FLAT_Q1_0_25,us_open|us_open|mcx_tail,1,18,0.0555555555555555,0.2,0.8737864077669903,0.0097087378640776,True,1.0,1.0
BRENT_session,1,full_scale_war,UP_Q2_25_50|DOWN_Q3_50_75|UP_Q2_25_50,europe_midday|us_pre_open|us_open,1,18,0.0555555555555555,0.2,0.8737864077669903,0.0097087378640776,True,1.0,1.0
BRENT_session,2,post_ceasefire_complex,DOWN_Q5_90_100|UP_Q2_25_50|UP_Q2_25_50,europe_midday|us_pre_open|us_open,2,43,0.0465116279069767,1.0,0.511904761904762,0.0095238095238095,True,1.0,1.0
BRENT_session,2,post_ceasefire_complex,FLAT_Q1_0_25|DOWN_Q1_0_25|FLAT_Q1_0_25,mcx_open_drive|india_morning|india_midday,2,43,0.0465116279069767,1.0,0.511904761904762,0.0095238095238095,True,1.0,1.0
WTI_session,2,post_ceasefire_complex,DOWN_Q2_25_50|UP_Q5_90_100|DOWN_Q5_90_100,europe_midday|us_pre_open|us_open,2,43,0.0465116279069767,1.0,0.511904761904762,0.0095238095238095,True,1.0,1.0
WTI_session,2,post_ceasefire_complex,UP_Q4_75_90|FLAT_Q2_25_50|UP_Q3_50_75,global_reopen_pre_mcx|mcx_open_drive|india_morning,2,43,0.0465116279069767,1.0,0.511904761904762,0.0095238095238095,True,1.0,1.0
BRENT_session,1,full_scale_war,UP_Q2_25_50|FLAT_Q1_0_25|DOWN_Q2_25_50,us_open|us_open|other_valid_hours,1,18,0.0555555555555555,0.25,0.8372093023255814,0.0093023255813953,True,1.0,1.0
BRENT_session,1,full_scale_war,UP_Q2_25_50|FLAT_Q1_0_25|UP_Q3_50_75,europe_midday|us_pre_open|us_open,1,18,0.0555555555555555,0.25,0.8372093023255814,0.0093023255813953,True,1.0,1.0
WTI_session,1,full_scale_war,FLAT_Q1_0_25|UP_Q2_25_50|DOWN_Q1_0_25,asia_early|us_late|europe_midday,1,18,0.0555555555555555,0.25,0.8372093023255814,0.0093023255813953,True,1.0,1.0
WTI_session,1,full_scale_war,FLAT_Q1_0_25|UP_Q2_25_50|DOWN_Q4_75_90,us_late|europe_midday|us_pre_open,1,18,0.0555555555555555,0.25,0.8372093023255814,0.0093023255813953,True,1.0,1.0
WTI_session,1,full_scale_war,FLAT_Q1_0_25|UP_Q2_25_50|UP_Q3_50_75,europe_midday|us_pre_open|us_open,1,18,0.0555555555555555,0.25,0.8372093023255814,0.0093023255813953,True,1.0,1.0
WTI_session,1,full_scale_war,FLAT_Q1_0_25|UP_Q2_25_50|UP_Q4_75_90,europe_midday|us_pre_open|us_open,1,18,0.0555555555555555,0.25,0.8372093023255814,0.0093023255813953,True,1.0,1.0
WTI_session,1,full_scale_war,UP_Q3_50_75|FLAT_Q1_0_25|DOWN_Q3_50_75,europe_midday|us_pre_open|us_open,1,18,0.0555555555555555,0.25,0.8372093023255814,0.0093023255813953,True,1.0,1.0
WTI_session,1,full_scale_war,UP_Q3_50_75|FLAT_Q1_0_25|FLAT_Q3_50_75,global_reopen_pre_mcx|mcx_open_drive|india_morning,1,18,0.0555555555555555,0.25,0.8372093023255814,0.0093023255813953,True,1.0,1.0
WTI_session,1,full_scale_war,UP_Q3_50_75|UP_Q4_75_90|UP_Q2_25_50,india_midday|europe_midday|us_pre_open,1,18,0.0555555555555555,0.25,0.8372093023255814,0.0093023255813953,True,1.0,1.0
WTI_session,1,full_scale_war,UP_Q3_50_75|UP_Q4_75_90|UP_Q3_50_75,us_pre_open|us_open|us_open,1,18,0.0555555555555555,0.25,0.8372093023255814,0.0093023255813953,True,1.0,1.0
BRENT_session,1,full_scale_war,DOWN_Q2_25_50|FLAT_Q1_0_25|DOWN_Q5_90_100,europe_midday|us_pre_open|us_open,1,18,0.0555555555555555,0.3333333333333333,0.782608695652174,0.008695652173913,True,1.0,1.0
BRENT_session,1,full_scale_war,DOWN_Q2_25_50|UP_Q3_50_75|UP_Q3_50_75,us_open|us_open|mcx_tail,1,18,0.0555555555555555,0.3333333333333333,0.782608695652174,0.008695652173913,True,1.0,1.0
BRENT_session,1,full_scale_war,DOWN_Q3_50_75|FLAT_Q1_0_25|DOWN_Q1_0_25,us_open|mcx_tail|other_valid_hours,1,18,0.0555555555555555,0.3333333333333333,0.782608695652174,0.008695652173913,True,1.0,1.0
BRENT_session,1,full_scale_war,DOWN_Q3_50_75|FLAT_Q1_0_25|DOWN_Q3_50_75,asia_early|us_late|europe_midday,1,18,0.0555555555555555,0.3333333333333333,0.782608695652174,0.008695652173913,True,1.0,1.0
BRENT_session,1,full_scale_war,DOWN_Q3_50_75|FLAT_Q1_0_25|UP_Q4_75_90,us_open|us_open|other_valid_hours,1,18,0.0555555555555555,0.3333333333333333,0.782608695652174,0.008695652173913,True,1.0,1.0
BRENT_session,1,full_scale_war,DOWN_Q5_90_100|FLAT_Q1_0_25|DOWN_Q3_50_75,us_open|us_open|other_valid_hours,1,18,0.0555555555555555,0.3333333333333333,0.782608695652174,0.008695652173913,True,1.0,1.0
BRENT_session,1,full_scale_war,DOWN_Q5_90_100|FLAT_Q1_0_25|DOWN_Q5_90_100,europe_midday|us_pre_open|us_open,1,18,0.0555555555555555,0.3333333333333333,0.782608695652174,0.008695652173913,True,1.0,1.0
BRENT_session,1,full_scale_war,DOWN_Q5_90_100|FLAT_Q1_0_25|UP_Q3_50_75,us_open|us_open|other_valid_hours,1,18,0.0555555555555555,0.3333333333333333,0.782608695652174,0.008695652173913,True,1.0,1.0
BRENT_session,1,full_scale_war,FLAT_Q1_0_25|DOWN_Q5_90_100|DOWN_Q3_50_75,us_open|mcx_tail|other_valid_hours,1,18,0.0555555555555555,0.3333333333333333,0.782608695652174,0.008695652173913,True,1.0,1.0
BRENT_session,1,full_scale_war,FLAT_Q1_0_25|DOWN_Q5_90_100|UP_Q2_25_50,us_pre_open|us_open|us_open,1,18,0.0555555555555555,0.3333333333333333,0.782608695652174,0.008695652173913,True,1.0,1.0
BRENT_session,1,full_scale_war,FLAT_Q1_0_25|DOWN_Q5_90_100|UP_Q4_75_90,us_pre_open|us_open|us_open,1,18,0.0555555555555555,0.3333333333333333,0.782608695652174,0.008695652173913,True,1.0,1.0
BRENT_session,1,full_scale_war,FLAT_Q1_0_25|UP_Q2_25_50|DOWN_Q3_50_75,us_pre_open|us_open|us_open,1,18,0.0555555555555555,0.3333333333333333,0.782608695652174,0.008695652173913,True,1.0,1.0
BRENT_session,1,full_scale_war,FLAT_Q1_0_25|UP_Q2_25_50|DOWN_Q5_90_100,asia_early|us_late|europe_midday,1,18,0.0555555555555555,0.3333333333333333,0.782608695652174,0.008695652173913,True,1.0,1.0
BRENT_session,1,full_scale_war,FLAT_Q1_0_25|UP_Q2_25_50|UP_Q3_50_75,us_pre_open|us_open|us_open,1,18,0.0555555555555555,0.3333333333333333,0.782608695652174,0.008695652173913,True,1.0,1.0
BRENT_session,1,full_scale_war,UP_Q2_25_50|DOWN_Q2_25_50|FLAT_Q1_0_25,india_midday|europe_midday|us_pre_open,1,18,0.0555555555555555,0.3333333333333333,0.782608695652174,0.008695652173913,True,1.0,1.0
BRENT_session,1,full_scale_war,UP_Q2_25_50|DOWN_Q2_25_50|UP_Q3_50_75,asia_early|us_late|europe_midday,1,18,0.0555555555555555,0.3333333333333333,0.782608695652174,0.008695652173913,True,1.0,1.0
BRENT_session,1,full_scale_war,UP_Q2_25_50|DOWN_Q2_25_50|UP_Q4_75_90,us_pre_open|us_open|us_open,1,18,0.0555555555555555,0.3333333333333333,0.782608695652174,0.008695652173913,True,1.0,1.0
BRENT_session,1,full_scale_war,UP_Q3_50_75|FLAT_Q1_0_25|UP_Q3_50_75,us_open|us_open|other_valid_hours,1,18,0.0555555555555555,0.3333333333333333,0.782608695652174,0.008695652173913,True,1.0,1.0
BRENT_session,1,full_scale_war,UP_Q3_50_75|FLAT_Q1_0_25|UP_Q4_75_90,us_open|us_open|other_valid_hours,1,18,0.0555555555555555,0.3333333333333333,0.782608695652174,0.008695652173913,True,1.0,1.0
BRENT_session,1,full_scale_war,UP_Q3_50_75|FLAT_Q1_0_25|UP_Q5_90_100,us_open|us_open|other_valid_hours,1,18,0.0555555555555555,0.3333333333333333,0.782608695652174,0.008695652173913,True,1.0,1.0
BRENT_session,1,full_scale_war,UP_Q3_50_75|FLAT_Q2_25_50|DOWN_Q2_25_50,mcx_open_drive|india_morning|india_midday,1,18,0.0555555555555555,0.3333333333333333,0.782608695652174,0.008695652173913,True,1.0,1.0
BRENT_session,1,full_scale_war,UP_Q3_50_75|UP_Q2_25_50|FLAT_Q1_0_25,us_late|europe_midday|us_pre_open,1,18,0.0555555555555555,0.3333333333333333,0.782608695652174,0.008695652173913,True,1.0,1.0
BRENT_session,1,full_scale_war,UP_Q3_50_75|UP_Q3_50_75|UP_Q4_75_90,us_late|europe_midday|us_pre_open,1,18,0.0555555555555555,0.3333333333333333,0.782608695652174,0.008695652173913,True,1.0,1.0
BRENT_session,5,slight_escalation_strait_closure,DOWN_Q1_0_25|DOWN_Q3_50_75|DOWN_Q4_75_90,us_pre_open|us_open|us_open,1,12,0.0833333333333333,1.0,0.5217391304347826,0.008695652173913,True,1.0,1.0
BRENT_session,5,slight_escalation_strait_closure,DOWN_Q1_0_25|DOWN_Q5_90_100|UP_Q2_25_50,us_pre_open|us_open|us_open,1,12,0.0833333333333333,1.0,0.5217391304347826,0.008695652173913,True,1.0,1.0
BRENT_session,5,slight_escalation_strait_closure,DOWN_Q1_0_25|UP_Q2_25_50|FLAT_Q1_0_25,europe_midday|us_pre_open|us_open,1,12,0.0833333333333333,1.0,0.5217391304347826,0.008695652173913,True,1.0,1.0
BRENT_session,5,slight_escalation_strait_closure,DOWN_Q1_0_25|UP_Q4_75_90|UP_Q4_75_90,europe_midday|us_pre_open|us_open,1,12,0.0833333333333333,1.0,0.5217391304347826,0.008695652173913,True,1.0,1.0
BRENT_session,5,slight_escalation_strait_closure,DOWN_Q2_25_50|DOWN_Q3_50_75|DOWN_Q2_25_50,europe_midday|us_pre_open|us_open,1,12,0.0833333333333333,1.0,0.5217391304347826,0.008695652173913,True,1.0,1.0
BRENT_session,5,slight_escalation_strait_closure,DOWN_Q3_50_75|DOWN_Q2_25_50|FLAT_Q1_0_25,us_pre_open|us_open|us_open,1,12,0.0833333333333333,1.0,0.5217391304347826,0.008695652173913,True,1.0,1.0
BRENT_session,5,slight_escalation_strait_closure,DOWN_Q3_50_75|DOWN_Q3_50_75|FLAT_Q1_0_25,global_reopen_pre_mcx|mcx_open_drive|india_morning,1,12,0.0833333333333333,1.0,0.5217391304347826,0.008695652173913,True,1.0,1.0
BRENT_session,5,slight_escalation_strait_closure,DOWN_Q3_50_75|DOWN_Q4_75_90|DOWN_Q3_50_75,us_open|us_open|mcx_tail,1,12,0.0833333333333333,1.0,0.5217391304347826,0.008695652173913,True,1.0,1.0
BRENT_session,5,slight_escalation_strait_closure,DOWN_Q3_50_75|DOWN_Q5_90_100|DOWN_Q3_50_75,india_midday|europe_midday|us_pre_open,1,12,0.0833333333333333,1.0,0.5217391304347826,0.008695652173913,True,1.0,1.0
BRENT_session,5,slight_escalation_strait_closure,DOWN_Q3_50_75|UP_Q3_50_75|FLAT_Q3_50_75,global_reopen_pre_mcx|mcx_open_drive|india_morning,1,12,0.0833333333333333,1.0,0.5217391304347826,0.008695652173913,True,1.0,1.0
BRENT_session,5,slight_escalation_strait_closure,DOWN_Q3_50_75|UP_Q4_75_90|DOWN_Q3_50_75,us_pre_open|us_open|us_open,1,12,0.0833333333333333,1.0,0.5217391304347826,0.008695652173913,True,1.0,1.0
BRENT_session,5,slight_escalation_strait_closure,DOWN_Q4_75_90|DOWN_Q3_50_75|UP_Q2_25_50,us_open|mcx_tail|other_valid_hours,1,12,0.0833333333333333,1.0,0.5217391304347826,0.008695652173913,True,1.0,1.0
BRENT_session,5,slight_escalation_strait_closure,DOWN_Q4_75_90|UP_Q2_25_50|FLAT_Q1_0_25,europe_midday|us_pre_open|us_open,1,12,0.0833333333333333,1.0,0.5217391304347826,0.008695652173913,True,1.0,1.0
BRENT_session,5,slight_escalation_strait_closure,DOWN_Q4_75_90|UP_Q3_50_75|FLAT_Q1_0_25,global_reopen_pre_mcx|mcx_open_drive|india_morning,1,12,0.0833333333333333,1.0,0.5217391304347826,0.008695652173913,True,1.0,1.0
BRENT_session,5,slight_escalation_strait_closure,DOWN_Q5_90_100|DOWN_Q3_50_75|FLAT_Q2_25_50,europe_midday|us_pre_open|us_open,1,12,0.0833333333333333,1.0,0.5217391304347826,0.008695652173913,True,1.0,1.0
BRENT_session,5,slight_escalation_strait_closure,DOWN_Q5_90_100|DOWN_Q5_90_100|FLAT_Q1_0_25,global_reopen_pre_mcx|mcx_open_drive|india_morning,1,12,0.0833333333333333,1.0,0.5217391304347826,0.008695652173913,True,1.0,1.0
BRENT_session,5,slight_escalation_strait_closure,DOWN_Q5_90_100|FLAT_Q1_0_25|UP_Q2_25_50,mcx_open_drive|india_morning|india_midday,1,12,0.0833333333333333,1.0,0.5217391304347826,0.008695652173913,True,1.0,1.0
BRENT_session,5,slight_escalation_strait_closure,DOWN_Q5_90_100|UP_Q2_25_50|UP_Q3_50_75,us_open|us_open|mcx_tail,1,12,0.0833333333333333,1.0,0.5217391304347826,0.008695652173913,True,1.0,1.0
BRENT_session,5,slight_escalation_strait_closure,DOWN_Q5_90_100|UP_Q4_75_90|DOWN_Q3_50_75,india_midday|europe_midday|us_pre_open,1,12,0.0833333333333333,1.0,0.5217391304347826,0.008695652173913,True,1.0,1.0
BRENT_session,5,slight_escalation_strait_closure,FLAT_Q1_0_25|DOWN_Q3_50_75|FLAT_Q2_25_50,global_reopen_pre_mcx|mcx_open_drive|india_morning,1,12,0.0833333333333333,1.0,0.5217391304347826,0.008695652173913,True,1.0,1.0
BRENT_session,5,slight_escalation_strait_closure,FLAT_Q2_25_50|DOWN_Q4_75_90|FLAT_Q1_0_25,india_morning|india_midday|europe_midday,1,12,0.0833333333333333,1.0,0.5217391304347826,0.008695652173913,True,1.0,1.0
BRENT_session,5,slight_escalation_strait_closure,FLAT_Q2_25_50|UP_Q2_25_50|FLAT_Q2_25_50,us_open|us_open|mcx_tail,1,12,0.0833333333333333,1.0,0.5217391304347826,0.008695652173913,True,1.0,1.0
BRENT_session,5,slight_escalation_strait_closure,FLAT_Q2_25_50|UP_Q3_50_75|DOWN_Q2_25_50,mcx_open_drive|india_morning|india_midday,1,12,0.0833333333333333,1.0,0.5217391304347826,0.008695652173913,True,1.0,1.0
BRENT_session,5,slight_escalation_strait_closure,FLAT_Q2_25_50|UP_Q4_75_90|UP_Q1_0_25,india_morning|india_midday|europe_midday,1,12,0.0833333333333333,1.0,0.5217391304347826,0.008695652173913,True,1.0,1.0
BRENT_session,5,slight_escalation_strait_closure,FLAT_Q3_50_75|DOWN_Q3_50_75|DOWN_Q5_90_100,india_morning|india_midday|europe_midday,1,12,0.0833333333333333,1.0,0.5217391304347826,0.008695652173913,True,1.0,1.0
BRENT_session,5,slight_escalation_strait_closure,UP_Q1_0_25|DOWN_Q1_0_25|DOWN_Q3_50_75,europe_midday|us_pre_open|us_open,1,12,0.0833333333333333,1.0,0.5217391304347826,0.008695652173913,True,1.0,1.0
BRENT_session,5,slight_escalation_strait_closure,UP_Q1_0_25|DOWN_Q3_50_75|FLAT_Q1_0_25,us_pre_open|us_open|us_open,1,12,0.0833333333333333,1.0,0.5217391304347826,0.008695652173913,True,1.0,1.0
BRENT_session,5,slight_escalation_strait_closure,UP_Q2_25_50|DOWN_Q2_25_50|DOWN_Q3_50_75,india_midday|europe_midday|us_pre_open,1,12,0.0833333333333333,1.0,0.5217391304347826,0.008695652173913,True,1.0,1.0
BRENT_session,5,slight_escalation_strait_closure,UP_Q2_25_50|DOWN_Q4_75_90|UP_Q2_25_50,india_midday|europe_midday|us_pre_open,1,12,0.0833333333333333,1.0,0.5217391304347826,0.008695652173913,True,1.0,1.0
BRENT_session,5,slight_escalation_strait_closure,UP_Q2_25_50|DOWN_Q5_90_100|UP_Q3_50_75,europe_midday|us_pre_open|us_open,1,12,0.0833333333333333,1.0,0.5217391304347826,0.008695652173913,True,1.0,1.0
BRENT_session,5,slight_escalation_strait_closure,UP_Q2_25_50|UP_Q2_25_50|UP_Q5_90_100,us_open|us_open|mcx_tail,1,12,0.0833333333333333,1.0,0.5217391304347826,0.008695652173913,True,1.0,1.0
BRENT_session,5,slight_escalation_strait_closure,UP_Q2_25_50|UP_Q5_90_100|DOWN_Q3_50_75,us_open|mcx_tail|other_valid_hours,1,12,0.0833333333333333,1.0,0.5217391304347826,0.008695652173913,True,1.0,1.0
BRENT_session,5,slight_escalation_strait_closure,UP_Q3_50_75|DOWN_Q2_25_50|UP_Q3_50_75,india_morning|india_midday|europe_midday,1,12,0.0833333333333333,1.0,0.5217391304347826,0.008695652173913,True,1.0,1.0
BRENT_session,5,slight_escalation_strait_closure,UP_Q3_50_75|DOWN_Q4_75_90|FLAT_Q1_0_25,mcx_open_drive|india_morning|india_midday,1,12,0.0833333333333333,1.0,0.5217391304347826,0.008695652173913,True,1.0,1.0
BRENT_session,5,slight_escalation_strait_closure,UP_Q3_50_75|FLAT_Q3_50_75|DOWN_Q3_50_75,mcx_open_drive|india_morning|india_midday,1,12,0.0833333333333333,1.0,0.5217391304347826,0.008695652173913,True,1.0,1.0
BRENT_session,5,slight_escalation_strait_closure,UP_Q3_50_75|UP_Q1_0_25|DOWN_Q3_50_75,europe_midday|us_pre_open|us_open,1,12,0.0833333333333333,1.0,0.5217391304347826,0.008695652173913,True,1.0,1.0
BRENT_session,5,slight_escalation_strait_closure,UP_Q4_75_90|FLAT_Q1_0_25|FLAT_Q2_25_50,us_open|us_open|mcx_tail,1,12,0.0833333333333333,1.0,0.5217391304347826,0.008695652173913,True,1.0,1.0
BRENT_session,5,slight_escalation_strait_closure,UP_Q4_75_90|UP_Q1_0_25|DOWN_Q1_0_25,india_midday|europe_midday|us_pre_open,1,12,0.0833333333333333,1.0,0.5217391304347826,0.008695652173913,True,1.0,1.0
BRENT_session,5,slight_escalation_strait_closure,UP_Q4_75_90|UP_Q4_75_90|FLAT_Q1_0_25,us_pre_open|us_open|us_open,1,12,0.0833333333333333,1.0,0.5217391304347826,0.008695652173913,True,1.0,1.0
BRENT_session,5,slight_escalation_strait_closure,UP_Q5_90_100|FLAT_Q1_0_25|DOWN_Q1_0_25,india_morning|india_midday|europe_midday,1,12,0.0833333333333333,1.0,0.5217391304347826,0.008695652173913,True,1.0,1.0
BRENT_session,5,slight_escalation_strait_closure,UP_Q5_90_100|UP_Q5_90_100|DOWN_Q1_0_25,us_open|mcx_tail|other_valid_hours,1,12,0.0833333333333333,1.0,0.5217391304347826,0.008695652173913,True,1.0,1.0
WTI_session,1,full_scale_war,DOWN_Q3_50_75|FLAT_Q1_0_25|DOWN_Q2_25_50,europe_midday|us_pre_open|us_open,1,18,0.0555555555555555,0.3333333333333333,0.782608695652174,0.008695652173913,True,1.0,1.0
WTI_session,1,full_scale_war,DOWN_Q3_50_75|FLAT_Q1_0_25|DOWN_Q5_90_100,europe_midday|us_pre_open|us_open,1,18,0.0555555555555555,0.3333333333333333,0.782608695652174,0.008695652173913,True,1.0,1.0
WTI_session,1,full_scale_war,DOWN_Q3_50_75|FLAT_Q1_0_25|UP_Q4_75_90,us_open|us_open|other_valid_hours,1,18,0.0555555555555555,0.3333333333333333,0.782608695652174,0.008695652173913,True,1.0,1.0
WTI_session,1,full_scale_war,DOWN_Q4_75_90|UP_Q2_25_50|UP_Q4_75_90,us_open|us_open|other_valid_hours,1,18,0.0555555555555555,0.3333333333333333,0.782608695652174,0.008695652173913,True,1.0,1.0
WTI_session,1,full_scale_war,UP_Q2_25_50|FLAT_Q1_0_25|DOWN_Q1_0_25,us_open|us_open|other_valid_hours,1,18,0.0555555555555555,0.3333333333333333,0.782608695652174,0.008695652173913,True,1.0,1.0
WTI_session,1,full_scale_war,UP_Q2_25_50|FLAT_Q1_0_25|DOWN_Q2_25_50,us_pre_open|us_open|us_open,1,18,0.0555555555555555,0.3333333333333333,0.782608695652174,0.008695652173913,True,1.0,1.0
WTI_session,1,full_scale_war,UP_Q2_25_50|FLAT_Q1_0_25|UP_Q3_50_75,mcx_open_drive|india_morning|india_midday,1,18,0.0555555555555555,0.3333333333333333,0.782608695652174,0.008695652173913,True,1.0,1.0
WTI_session,1,full_scale_war,UP_Q2_25_50|UP_Q4_75_90|DOWN_Q2_25_50,us_pre_open|us_open|us_open,1,18,0.0555555555555555,0.3333333333333333,0.782608695652174,0.008695652173913,True,1.0,1.0
WTI_session,1,full_scale_war,UP_Q2_25_50|UP_Q4_75_90|DOWN_Q3_50_75,us_open|us_open|mcx_tail,1,18,0.0555555555555555,0.3333333333333333,0.782608695652174,0.008695652173913,True,1.0,1.0
WTI_session,1,full_scale_war,UP_Q2_25_50|UP_Q4_75_90|UP_Q3_50_75,us_open|us_open|other_valid_hours,1,18,0.0555555555555555,0.3333333333333333,0.782608695652174,0.008695652173913,True,1.0,1.0
WTI_session,1,full_scale_war,UP_Q3_50_75|UP_Q3_50_75|UP_Q5_90_100,us_late|europe_midday|us_pre_open,1,18,0.0555555555555555,0.3333333333333333,0.782608695652174,0.008695652173913,True,1.0,1.0
WTI_session,5,slight_escalation_strait_closure,DOWN_Q1_0_25|DOWN_Q2_25_50|UP_Q5_90_100,india_midday|europe_midday|us_pre_open,1,12,0.0833333333333333,1.0,0.5217391304347826,0.008695652173913,True,1.0,1.0
WTI_session,5,slight_escalation_strait_closure,DOWN_Q1_0_25|DOWN_Q3_50_75|DOWN_Q5_90_100,us_pre_open|us_open|us_open,1,12,0.0833333333333333,1.0,0.5217391304347826,0.008695652173913,True,1.0,1.0
WTI_session,5,slight_escalation_strait_closure,DOWN_Q1_0_25|FLAT_Q2_25_50|FLAT_Q3_50_75,global_reopen_pre_mcx|mcx_open_drive|india_morning,1,12,0.0833333333333333,1.0,0.5217391304347826,0.008695652173913,True,1.0,1.0
WTI_session,5,slight_escalation_strait_closure,DOWN_Q1_0_25|UP_Q2_25_50|DOWN_Q5_90_100,us_pre_open|us_open|us_open,1,12,0.0833333333333333,1.0,0.5217391304347826,0.008695652173913,True,1.0,1.0
WTI_session,5,slight_escalation_strait_closure,DOWN_Q2_25_50|DOWN_Q4_75_90|FLAT_Q1_0_25,europe_midday|us_pre_open|us_open,1,12,0.0833333333333333,1.0,0.5217391304347826,0.008695652173913,True,1.0,1.0
WTI_session,5,slight_escalation_strait_closure,DOWN_Q2_25_50|FLAT_Q1_0_25|FLAT_Q3_50_75,global_reopen_pre_mcx|mcx_open_drive|india_morning,1,12,0.0833333333333333,1.0,0.5217391304347826,0.008695652173913,True,1.0,1.0
WTI_session,5,slight_escalation_strait_closure,DOWN_Q2_25_50|UP_Q2_25_50|DOWN_Q2_25_50,us_pre_open|us_open|us_open,1,12,0.0833333333333333,1.0,0.5217391304347826,0.008695652173913,True,1.0,1.0
WTI_session,5,slight_escalation_strait_closure,DOWN_Q2_25_50|UP_Q5_90_100|FLAT_Q1_0_25,europe_midday|us_pre_open|us_open,1,12,0.0833333333333333,1.0,0.5217391304347826,0.008695652173913,True,1.0,1.0
WTI_session,5,slight_escalation_strait_closure,DOWN_Q3_50_75|FLAT_Q1_0_25|FLAT_Q1_0_25,us_open|mcx_tail|other_valid_hours,1,12,0.0833333333333333,1.0,0.5217391304347826,0.008695652173913,True,1.0,1.0
WTI_session,5,slight_escalation_strait_closure,DOWN_Q3_50_75|UP_Q2_25_50|FLAT_Q1_0_25,europe_midday|us_pre_open|us_open,1,12,0.0833333333333333,1.0,0.5217391304347826,0.008695652173913,True,1.0,1.0
WTI_session,5,slight_escalation_strait_closure,DOWN_Q3_50_75|UP_Q4_75_90|DOWN_Q3_50_75,us_pre_open|us_open|us_open,1,12,0.0833333333333333,1.0,0.5217391304347826,0.008695652173913,True,1.0,1.0
WTI_session,5,slight_escalation_strait_closure,DOWN_Q4_75_90|DOWN_Q4_75_90|FLAT_Q2_25_50,global_reopen_pre_mcx|mcx_open_drive|india_morning,1,12,0.0833333333333333,1.0,0.5217391304347826,0.008695652173913,True,1.0,1.0
WTI_session,5,slight_escalation_strait_closure,DOWN_Q4_75_90|FLAT_Q2_25_50|DOWN_Q5_90_100,mcx_open_drive|india_morning|india_midday,1,12,0.0833333333333333,1.0,0.5217391304347826,0.008695652173913,True,1.0,1.0
WTI_session,5,slight_escalation_strait_closure,DOWN_Q4_75_90|UP_Q2_25_50|UP_Q3_50_75,europe_midday|us_pre_open|us_open,1,12,0.0833333333333333,1.0,0.5217391304347826,0.008695652173913,True,1.0,1.0
WTI_session,5,slight_escalation_strait_closure,DOWN_Q4_75_90|UP_Q3_50_75|DOWN_Q1_0_25,india_midday|europe_midday|us_pre_open,1,12,0.0833333333333333,1.0,0.5217391304347826,0.008695652173913,True,1.0,1.0
WTI_session,5,slight_escalation_strait_closure,DOWN_Q4_75_90|UP_Q4_75_90|FLAT_Q1_0_25,global_reopen_pre_mcx|mcx_open_drive|india_morning,1,12,0.0833333333333333,1.0,0.5217391304347826,0.008695652173913,True,1.0,1.0
WTI_session,5,slight_escalation_strait_closure,DOWN_Q5_90_100|DOWN_Q2_25_50|UP_Q2_25_50,europe_midday|us_pre_open|us_open,1,12,0.0833333333333333,1.0,0.5217391304347826,0.008695652173913,True,1.0,1.0
WTI_session,5,slight_escalation_strait_closure,DOWN_Q5_90_100|DOWN_Q5_90_100|FLAT_Q2_25_50,global_reopen_pre_mcx|mcx_open_drive|india_morning,1,12,0.0833333333333333,1.0,0.5217391304347826,0.008695652173913,True,1.0,1.0
WTI_session,5,slight_escalation_strait_closure,DOWN_Q5_90_100|FLAT_Q2_25_50|FLAT_Q1_0_25,mcx_open_drive|india_morning|india_midday,1,12,0.0833333333333333,1.0,0.5217391304347826,0.008695652173913,True,1.0,1.0
WTI_session,5,slight_escalation_strait_closure,DOWN_Q5_90_100|FLAT_Q3_50_75|UP_Q3_50_75,us_open|mcx_tail|other_valid_hours,1,12,0.0833333333333333,1.0,0.5217391304347826,0.008695652173913,True,1.0,1.0
WTI_session,5,slight_escalation_strait_closure,DOWN_Q5_90_100|UP_Q3_50_75|UP_Q2_25_50,india_morning|india_midday|europe_midday,1,12,0.0833333333333333,1.0,0.5217391304347826,0.008695652173913,True,1.0,1.0
WTI_session,5,slight_escalation_strait_closure,FLAT_Q1_0_25|DOWN_Q1_0_25|DOWN_Q3_50_75,europe_midday|us_pre_open|us_open,1,12,0.0833333333333333,1.0,0.5217391304347826,0.008695652173913,True,1.0,1.0
WTI_session,5,slight_escalation_strait_closure,FLAT_Q1_0_25|FLAT_Q3_50_75|DOWN_Q4_75_90,mcx_open_drive|india_morning|india_midday,1,12,0.0833333333333333,1.0,0.5217391304347826,0.008695652173913,True,1.0,1.0
WTI_session,5,slight_escalation_strait_closure,FLAT_Q1_0_25|UP_Q1_0_25|UP_Q4_75_90,india_midday|europe_midday|us_pre_open,1,12,0.0833333333333333,1.0,0.5217391304347826,0.008695652173913,True,1.0,1.0
WTI_session,5,slight_escalation_strait_closure,FLAT_Q1_0_25|UP_Q5_90_100|UP_Q4_75_90,us_open|us_open|mcx_tail,1,12,0.0833333333333333,1.0,0.5217391304347826,0.008695652173913,True,1.0,1.0
WTI_session,5,slight_escalation_strait_closure,FLAT_Q2_25_50|FLAT_Q3_50_75|DOWN_Q2_25_50,mcx_open_drive|india_morning|india_midday,1,12,0.0833333333333333,1.0,0.5217391304347826,0.008695652173913,True,1.0,1.0
WTI_session,5,slight_escalation_strait_closure,FLAT_Q2_25_50|UP_Q4_75_90|DOWN_Q1_0_25,mcx_open_drive|india_morning|india_midday,1,12,0.0833333333333333,1.0,0.5217391304347826,0.008695652173913,True,1.0,1.0
WTI_session,5,slight_escalation_strait_closure,FLAT_Q2_25_50|UP_Q5_90_100|FLAT_Q1_0_25,india_morning|india_midday|europe_midday,1,12,0.0833333333333333,1.0,0.5217391304347826,0.008695652173913,True,1.0,1.0
WTI_session,5,slight_escalation_strait_closure,FLAT_Q3_50_75|DOWN_Q2_25_50|UP_Q3_50_75,india_morning|india_midday|europe_midday,1,12,0.0833333333333333,1.0,0.5217391304347826,0.008695652173913,True,1.0,1.0
WTI_session,5,slight_escalation_strait_closure,FLAT_Q3_50_75|DOWN_Q4_75_90|UP_Q3_50_75,india_morning|india_midday|europe_midday,1,12,0.0833333333333333,1.0,0.5217391304347826,0.008695652173913,True,1.0,1.0
WTI_session,5,slight_escalation_strait_closure,FLAT_Q3_50_75|FLAT_Q1_0_25|UP_Q1_0_25,india_morning|india_midday|europe_midday,1,12,0.0833333333333333,1.0,0.5217391304347826,0.008695652173913,True,1.0,1.0
WTI_session,5,slight_escalation_strait_closure,UP_Q1_0_25|DOWN_Q4_75_90|FLAT_Q1_0_25,us_pre_open|us_open|us_open,1,12,0.0833333333333333,1.0,0.5217391304347826,0.008695652173913,True,1.0,1.0
WTI_session,5,slight_escalation_strait_closure,UP_Q1_0_25|UP_Q4_75_90|UP_Q2_25_50,europe_midday|us_pre_open|us_open,1,12,0.0833333333333333,1.0,0.5217391304347826,0.008695652173913,True,1.0,1.0
WTI_session,5,slight_escalation_strait_closure,UP_Q2_25_50|DOWN_Q2_25_50|UP_Q3_50_75,us_open|us_open|mcx_tail,1,12,0.0833333333333333,1.0,0.5217391304347826,0.008695652173913,True,1.0,1.0
WTI_session,5,slight_escalation_strait_closure,UP_Q2_25_50|FLAT_Q1_0_25|UP_Q5_90_100,us_pre_open|us_open|us_open,1,12,0.0833333333333333,1.0,0.5217391304347826,0.008695652173913,True,1.0,1.0
WTI_session,5,slight_escalation_strait_closure,UP_Q3_50_75|DOWN_Q1_0_25|UP_Q2_25_50,europe_midday|us_pre_open|us_open,1,12,0.0833333333333333,1.0,0.5217391304347826,0.008695652173913,True,1.0,1.0
WTI_session,5,slight_escalation_strait_closure,UP_Q3_50_75|DOWN_Q4_75_90|UP_Q2_25_50,india_midday|europe_midday|us_pre_open,1,12,0.0833333333333333,1.0,0.5217391304347826,0.008695652173913,True,1.0,1.0
WTI_session,5,slight_escalation_strait_closure,UP_Q3_50_75|FLAT_Q1_0_25|FLAT_Q1_0_25,us_open|us_open|mcx_tail,1,12,0.0833333333333333,1.0,0.5217391304347826,0.008695652173913,True,1.0,1.0
WTI_session,5,slight_escalation_strait_closure,UP_Q3_50_75|UP_Q1_0_25|DOWN_Q4_75_90,europe_midday|us_pre_open|us_open,1,12,0.0833333333333333,1.0,0.5217391304347826,0.008695652173913,True,1.0,1.0
WTI_session,5,slight_escalation_strait_closure,UP_Q3_50_75|UP_Q2_25_50|DOWN_Q5_90_100,india_midday|europe_midday|us_pre_open,1,12,0.0833333333333333,1.0,0.5217391304347826,0.008695652173913,True,1.0,1.0
WTI_session,5,slight_escalation_strait_closure,UP_Q3_50_75|UP_Q5_90_100|DOWN_Q3_50_75,us_open|mcx_tail|other_valid_hours,1,12,0.0833333333333333,1.0,0.5217391304347826,0.008695652173913,True,1.0,1.0
WTI_session,5,slight_escalation_strait_closure,UP_Q4_75_90|DOWN_Q1_0_25|DOWN_Q2_25_50,india_morning|india_midday|europe_midday,1,12,0.0833333333333333,1.0,0.5217391304347826,0.008695652173913,True,1.0,1.0
WTI_session,5,slight_escalation_strait_closure,UP_Q4_75_90|DOWN_Q3_50_75|FLAT_Q1_0_25,us_open|us_open|mcx_tail,1,12,0.0833333333333333,1.0,0.5217391304347826,0.008695652173913,True,1.0,1.0
WTI_session,5,slight_escalation_strait_closure,UP_Q4_75_90|DOWN_Q4_75_90|FLAT_Q1_0_25,mcx_open_drive|india_morning|india_midday,1,12,0.0833333333333333,1.0,0.5217391304347826,0.008695652173913,True,1.0,1.0
WTI_session,5,slight_escalation_strait_closure,UP_Q4_75_90|UP_Q2_25_50|UP_Q3_50_75,us_pre_open|us_open|us_open,1,12,0.0833333333333333,1.0,0.5217391304347826,0.008695652173913,True,1.0,1.0
WTI_session,5,slight_escalation_strait_closure,UP_Q5_90_100|DOWN_Q3_50_75|UP_Q4_75_90,europe_midday|us_pre_open|us_open,1,12,0.0833333333333333,1.0,0.5217391304347826,0.008695652173913,True,1.0,1.0
WTI_session,5,slight_escalation_strait_closure,UP_Q5_90_100|FLAT_Q3_50_75|FLAT_Q1_0_25,mcx_open_drive|india_morning|india_midday,1,12,0.0833333333333333,1.0,0.5217391304347826,0.008695652173913,True,1.0,1.0
WTI_session,5,slight_escalation_strait_closure,UP_Q5_90_100|UP_Q4_75_90|DOWN_Q1_0_25,us_open|mcx_tail|other_valid_hours,1,12,0.0833333333333333,1.0,0.5217391304347826,0.008695652173913,True,1.0,1.0
BRENT_session,1,full_scale_war,DOWN_Q2_25_50|UP_Q4_75_90|DOWN_Q3_50_75,us_open|us_open|other_valid_hours,1,18,0.0555555555555555,0.5,0.6923076923076923,0.0076923076923076,True,1.0,1.0
BRENT_session,1,full_scale_war,DOWN_Q2_25_50|UP_Q4_75_90|UP_Q2_25_50,europe_midday|us_pre_open|us_open,1,18,0.0555555555555555,0.5,0.6923076923076923,0.0076923076923076,True,1.0,1.0
BRENT_session,1,full_scale_war,DOWN_Q3_50_75|DOWN_Q5_90_100|FLAT_Q1_0_25,us_pre_open|us_open|us_open,1,18,0.0555555555555555,0.5,0.6923076923076923,0.0076923076923076,True,1.0,1.0
BRENT_session,1,full_scale_war,DOWN_Q3_50_75|DOWN_Q5_90_100|UP_Q5_90_100,mcx_open_drive|india_morning|india_midday,1,18,0.0555555555555555,0.5,0.6923076923076923,0.0076923076923076,True,1.0,1.0
BRENT_session,1,full_scale_war,DOWN_Q3_50_75|UP_Q2_25_50|FLAT_Q1_0_25,us_pre_open|us_open|us_open,1,18,0.0555555555555555,0.5,0.6923076923076923,0.0076923076923076,True,1.0,1.0
BRENT_session,1,full_scale_war,DOWN_Q3_50_75|UP_Q2_25_50|UP_Q5_90_100,us_pre_open|us_open|us_open,1,18,0.0555555555555555,0.5,0.6923076923076923,0.0076923076923076,True,1.0,1.0
BRENT_session,1,full_scale_war,DOWN_Q3_50_75|UP_Q4_75_90|FLAT_Q2_25_50,global_reopen_pre_mcx|mcx_open_drive|india_morning,1,18,0.0555555555555555,0.5,0.6923076923076923,0.0076923076923076,True,1.0,1.0
BRENT_session,1,full_scale_war,DOWN_Q3_50_75|UP_Q4_75_90|UP_Q2_25_50,asia_early|us_late|europe_midday,1,18,0.0555555555555555,0.5,0.6923076923076923,0.0076923076923076,True,1.0,1.0
BRENT_session,1,full_scale_war,FLAT_Q1_0_25|DOWN_Q3_50_75|DOWN_Q3_50_75,us_late|europe_midday|us_pre_open,1,18,0.0555555555555555,0.5,0.6923076923076923,0.0076923076923076,True,1.0,1.0
BRENT_session,1,full_scale_war,FLAT_Q1_0_25|DOWN_Q3_50_75|UP_Q3_50_75,india_morning|india_midday|europe_midday,1,18,0.0555555555555555,0.5,0.6923076923076923,0.0076923076923076,True,1.0,1.0
BRENT_session,1,full_scale_war,FLAT_Q1_0_25|FLAT_Q2_25_50|DOWN_Q1_0_25,mcx_open_drive|india_morning|india_midday,1,18,0.0555555555555555,0.5,0.6923076923076923,0.0076923076923076,True,1.0,1.0
BRENT_session,1,full_scale_war,FLAT_Q1_0_25|FLAT_Q2_25_50|DOWN_Q5_90_100,asia_early|us_late|europe_midday,1,18,0.0555555555555555,0.5,0.6923076923076923,0.0076923076923076,True,1.0,1.0
BRENT_session,1,full_scale_war,FLAT_Q1_0_25|UP_Q3_50_75|FLAT_Q1_0_25,us_pre_open|us_open|us_open,1,18,0.0555555555555555,0.5,0.6923076923076923,0.0076923076923076,True,1.0,1.0
BRENT_session,1,full_scale_war,FLAT_Q1_0_25|UP_Q3_50_75|UP_Q2_25_50,asia_early|us_late|europe_midday,1,18,0.0555555555555555,0.5,0.6923076923076923,0.0076923076923076,True,1.0,1.0
BRENT_session,1,full_scale_war,UP_Q2_25_50|UP_Q3_50_75|FLAT_Q1_0_25,us_pre_open|us_open|us_open,1,18,0.0555555555555555,0.5,0.6923076923076923,0.0076923076923076,True,1.0,1.0
BRENT_session,1,full_scale_war,UP_Q2_25_50|UP_Q3_50_75|FLAT_Q2_25_50,us_open|us_open|mcx_tail,1,18,0.0555555555555555,0.5,0.6923076923076923,0.0076923076923076,True,1.0,1.0
BRENT_session,1,full_scale_war,UP_Q2_25_50|UP_Q5_90_100|DOWN_Q5_90_100,europe_midday|us_pre_open|us_open,1,18,0.0555555555555555,0.5,0.6923076923076923,0.0076923076923076,True,1.0,1.0
BRENT_session,1,full_scale_war,UP_Q2_25_50|UP_Q5_90_100|UP_Q2_25_50,us_open|us_open|other_valid_hours,1,18,0.0555555555555555,0.5,0.6923076923076923,0.0076923076923076,True,1.0,1.0
BRENT_session,1,full_scale_war,UP_Q3_50_75|DOWN_Q2_25_50|FLAT_Q1_0_25,europe_midday|us_pre_open|us_open,1,18,0.0555555555555555,0.5,0.6923076923076923,0.0076923076923076,True,1.0,1.0
BRENT_session,1,full_scale_war,UP_Q3_50_75|DOWN_Q2_25_50|UP_Q4_75_90,us_late|europe_midday|us_pre_open,1,18,0.0555555555555555,0.5,0.6923076923076923,0.0076923076923076,True,1.0,1.0
BRENT_session,1,full_scale_war,UP_Q4_75_90|UP_Q2_25_50|FLAT_Q1_0_25,us_pre_open|us_open|us_open,1,18,0.0555555555555555,0.5,0.6923076923076923,0.0076923076923076,True,1.0,1.0
BRENT_session,1,full_scale_war,UP_Q4_75_90|UP_Q2_25_50|UP_Q5_90_100,us_late|europe_midday|us_pre_open,1,18,0.0555555555555555,0.5,0.6923076923076923,0.0076923076923076,True,1.0,1.0
BRENT_session,1,full_scale_war,UP_Q5_90_100|DOWN_Q4_75_90|FLAT_Q1_0_25,india_midday|europe_midday|us_pre_open,1,18,0.0555555555555555,0.5,0.6923076923076923,0.0076923076923076,True,1.0,1.0
BRENT_session,1,full_scale_war,UP_Q5_90_100|DOWN_Q4_75_90|UP_Q2_25_50,us_late|europe_midday|us_pre_open,1,18,0.0555555555555555,0.5,0.6923076923076923,0.0076923076923076,True,1.0,1.0
BRENT_session,1,full_scale_war,UP_Q5_90_100|DOWN_Q5_90_100|FLAT_Q1_0_25,us_pre_open|us_open|us_open,1,18,0.0555555555555555,0.5,0.6923076923076923,0.0076923076923076,True,1.0,1.0
BRENT_session,1,full_scale_war,UP_Q5_90_100|DOWN_Q5_90_100|UP_Q1_0_25,asia_early|us_late|europe_midday,1,18,0.0555555555555555,0.5,0.6923076923076923,0.0076923076923076,True,1.0,1.0
WTI_session,1,full_scale_war,DOWN_Q2_25_50|DOWN_Q5_90_100|DOWN_Q2_25_50,us_open|mcx_tail|other_valid_hours,1,18,0.0555555555555555,0.5,0.6923076923076923,0.0076923076923076,True,1.0,1.0
WTI_session,1,full_scale_war,DOWN_Q2_25_50|DOWN_Q5_90_100|UP_Q5_90_100,mcx_open_drive|india_morning|india_midday,1,18,0.0555555555555555,0.5,0.6923076923076923,0.0076923076923076,True,1.0,1.0
WTI_session,1,full_scale_war,DOWN_Q2_25_50|UP_Q3_50_75|FLAT_Q1_0_25,us_late|europe_midday|us_pre_open,1,18,0.0555555555555555,0.5,0.6923076923076923,0.0076923076923076,True,1.0,1.0
WTI_session,1,full_scale_war,DOWN_Q2_25_50|UP_Q3_50_75|UP_Q4_75_90,us_open|us_open|mcx_tail,1,18,0.0555555555555555,0.5,0.6923076923076923,0.0076923076923076,True,1.0,1.0
WTI_session,1,full_scale_war,DOWN_Q3_50_75|UP_Q2_25_50|DOWN_Q3_50_75,us_late|europe_midday|us_pre_open,1,18,0.0555555555555555,0.5,0.6923076923076923,0.0076923076923076,True,1.0,1.0
WTI_session,1,full_scale_war,DOWN_Q3_50_75|UP_Q2_25_50|UP_Q3_50_75,us_pre_open|us_open|us_open,1,18,0.0555555555555555,0.5,0.6923076923076923,0.0076923076923076,True,1.0,1.0
WTI_session,1,full_scale_war,DOWN_Q3_50_75|UP_Q4_75_90|DOWN_Q4_75_90,asia_early|us_late|europe_midday,1,18,0.0555555555555555,0.5,0.6923076923076923,0.0076923076923076,True,1.0,1.0
WTI_session,1,full_scale_war,DOWN_Q3_50_75|UP_Q4_75_90|UP_Q2_25_50,europe_midday|us_pre_open|us_open,1,18,0.0555555555555555,0.5,0.6923076923076923,0.0076923076923076,True,1.0,1.0
WTI_session,1,full_scale_war,DOWN_Q4_75_90|UP_Q3_50_75|DOWN_Q4_75_90,us_pre_open|us_open|us_open,1,18,0.0555555555555555,0.5,0.6923076923076923,0.0076923076923076,True,1.0,1.0
WTI_session,1,full_scale_war,DOWN_Q4_75_90|UP_Q3_50_75|UP_Q4_75_90,europe_midday|us_pre_open|us_open,1,18,0.0555555555555555,0.5,0.6923076923076923,0.0076923076923076,True,1.0,1.0
WTI_session,1,full_scale_war,DOWN_Q5_90_100|DOWN_Q5_90_100|DOWN_Q5_90_100,europe_midday|us_pre_open|us_open,1,18,0.0555555555555555,0.5,0.6923076923076923,0.0076923076923076,True,1.0,1.0
WTI_session,1,full_scale_war,DOWN_Q5_90_100|DOWN_Q5_90_100|UP_Q5_90_100,us_pre_open|us_open|us_open,1,18,0.0555555555555555,0.5,0.6923076923076923,0.0076923076923076,True,1.0,1.0
WTI_session,1,full_scale_war,DOWN_Q5_90_100|FLAT_Q1_0_25|DOWN_Q4_75_90,asia_early|us_late|europe_midday,1,18,0.0555555555555555,0.5,0.6923076923076923,0.0076923076923076,True,1.0,1.0
WTI_session,1,full_scale_war,DOWN_Q5_90_100|FLAT_Q1_0_25|UP_Q2_25_50,us_late|europe_midday|us_pre_open,1,18,0.0555555555555555,0.5,0.6923076923076923,0.0076923076923076,True,1.0,1.0
WTI_session,1,full_scale_war,DOWN_Q5_90_100|UP_Q5_90_100|DOWN_Q3_50_75,india_morning|india_midday|europe_midday,1,18,0.0555555555555555,0.5,0.6923076923076923,0.0076923076923076,True,1.0,1.0
WTI_session,1,full_scale_war,DOWN_Q5_90_100|UP_Q5_90_100|DOWN_Q5_90_100,us_open|us_open|other_valid_hours,1,18,0.0555555555555555,0.5,0.6923076923076923,0.0076923076923076,True,1.0,1.0
WTI_session,1,full_scale_war,FLAT_Q1_0_25|DOWN_Q2_25_50|DOWN_Q5_90_100,us_open|us_open|mcx_tail,1,18,0.0555555555555555,0.5,0.6923076923076923,0.0076923076923076,True,1.0,1.0
WTI_session,1,full_scale_war,FLAT_Q1_0_25|DOWN_Q2_25_50|UP_Q3_50_75,us_pre_open|us_open|us_open,1,18,0.0555555555555555,0.5,0.6923076923076923,0.0076923076923076,True,1.0,1.0
WTI_session,1,full_scale_war,FLAT_Q1_0_25|DOWN_Q3_50_75|DOWN_Q2_25_50,us_pre_open|us_open|us_open,1,18,0.0555555555555555,0.5,0.6923076923076923,0.0076923076923076,True,1.0,1.0
WTI_session,1,full_scale_war,FLAT_Q1_0_25|DOWN_Q3_50_75|UP_Q4_75_90,us_late|europe_midday|us_pre_open,1,18,0.0555555555555555,0.5,0.6923076923076923,0.0076923076923076,True,1.0,1.0
WTI_session,1,full_scale_war,FLAT_Q1_0_25|DOWN_Q5_90_100|DOWN_Q5_90_100,us_late|europe_midday|us_pre_open,1,18,0.0555555555555555,0.5,0.6923076923076923,0.0076923076923076,True,1.0,1.0
WTI_session,1,full_scale_war,FLAT_Q1_0_25|DOWN_Q5_90_100|UP_Q4_75_90,us_pre_open|us_open|us_open,1,18,0.0555555555555555,0.5,0.6923076923076923,0.0076923076923076,True,1.0,1.0
WTI_session,1,full_scale_war,FLAT_Q1_0_25|FLAT_Q1_0_25|FLAT_Q1_0_25,india_morning|india_midday|europe_midday,1,18,0.0555555555555555,0.5,0.6923076923076923,0.0076923076923076,True,1.0,1.0
WTI_session,1,full_scale_war,FLAT_Q1_0_25|FLAT_Q1_0_25|UP_Q2_25_50,india_midday|europe_midday|us_pre_open,1,18,0.0555555555555555,0.5,0.6923076923076923,0.0076923076923076,True,1.0,1.0
WTI_session,1,full_scale_war,FLAT_Q1_0_25|UP_Q3_50_75|DOWN_Q3_50_75,india_morning|india_midday|europe_midday,1,18,0.0555555555555555,0.5,0.6923076923076923,0.0076923076923076,True,1.0,1.0
WTI_session,1,full_scale_war,FLAT_Q1_0_25|UP_Q3_50_75|UP_Q1_0_25,asia_early|us_late|europe_midday,1,18,0.0555555555555555,0.5,0.6923076923076923,0.0076923076923076,True,1.0,1.0
WTI_session,1,full_scale_war,UP_Q2_25_50|DOWN_Q3_50_75|UP_Q2_25_50,europe_midday|us_pre_open|us_open,1,18,0.0555555555555555,0.5,0.6923076923076923,0.0076923076923076,True,1.0,1.0
WTI_session,1,full_scale_war,UP_Q2_25_50|DOWN_Q3_50_75|UP_Q3_50_75,us_pre_open|us_open|us_open,1,18,0.0555555555555555,0.5,0.6923076923076923,0.0076923076923076,True,1.0,1.0
WTI_session,1,full_scale_war,UP_Q2_25_50|UP_Q3_50_75|UP_Q1_0_25,us_pre_open|us_open|us_open,1,18,0.0555555555555555,0.5,0.6923076923076923,0.0076923076923076,True,1.0,1.0
WTI_session,1,full_scale_war,UP_Q2_25_50|UP_Q3_50_75|UP_Q2_25_50,us_open|us_open|other_valid_hours,1,18,0.0555555555555555,0.5,0.6923076923076923,0.0076923076923076,True,1.0,1.0
WTI_session,1,full_scale_war,UP_Q3_50_75|UP_Q1_0_25|FLAT_Q2_25_50,us_open|us_open|mcx_tail,1,18,0.0555555555555555,0.5,0.6923076923076923,0.0076923076923076,True,1.0,1.0
WTI_session,1,full_scale_war,UP_Q3_50_75|UP_Q1_0_25|UP_Q3_50_75,us_late|europe_midday|us_pre_open,1,18,0.0555555555555555,0.5,0.6923076923076923,0.0076923076923076,True,1.0,1.0
WTI_session,1,full_scale_war,UP_Q4_75_90|DOWN_Q2_25_50|DOWN_Q3_50_75,us_open|us_open|other_valid_hours,1,18,0.0555555555555555,0.5,0.6923076923076923,0.0076923076923076,True,1.0,1.0
WTI_session,1,full_scale_war,UP_Q4_75_90|DOWN_Q2_25_50|UP_Q5_90_100,us_open|us_open|other_valid_hours,1,18,0.0555555555555555,0.5,0.6923076923076923,0.0076923076923076,True,1.0,1.0
WTI_session,1,full_scale_war,UP_Q4_75_90|FLAT_Q1_0_25|UP_Q2_25_50,asia_early|us_late|europe_midday,1,18,0.0555555555555555,0.5,0.6923076923076923,0.0076923076923076,True,1.0,1.0
WTI_session,1,full_scale_war,UP_Q4_75_90|FLAT_Q1_0_25|UP_Q5_90_100,us_late|europe_midday|us_pre_open,1,18,0.0555555555555555,0.5,0.6923076923076923,0.0076923076923076,True,1.0,1.0
WTI_session,1,full_scale_war,UP_Q4_75_90|UP_Q2_25_50|DOWN_Q3_50_75,europe_midday|us_pre_open|us_open,1,18,0.0555555555555555,0.5,0.6923076923076923,0.0076923076923076,True,1.0,1.0
WTI_session,1,full_scale_war,UP_Q4_75_90|UP_Q2_25_50|UP_Q4_75_90,us_pre_open|us_open|us_open,1,18,0.0555555555555555,0.5,0.6923076923076923,0.0076923076923076,True,1.0,1.0
WTI_session,1,full_scale_war,UP_Q4_75_90|UP_Q3_50_75|UP_Q3_50_75,us_open|us_open|other_valid_hours,1,18,0.0555555555555555,0.5,0.6923076923076923,0.0076923076923076,True,1.0,1.0
WTI_session,1,full_scale_war,UP_Q4_75_90|UP_Q3_50_75|UP_Q4_75_90,india_morning|india_midday|europe_midday,1,18,0.0555555555555555,0.5,0.6923076923076923,0.0076923076923076,True,1.0,1.0
BRENT_session,1,full_scale_war,DOWN_Q1_0_25|DOWN_Q3_50_75|DOWN_Q5_90_100,europe_midday|us_pre_open|us_open,1,18,0.0555555555555555,1.0,0.5142857142857143,0.0057142857142857,True,1.0,1.0
BRENT_session,1,full_scale_war,DOWN_Q1_0_25|FLAT_Q1_0_25|FLAT_Q1_0_25,india_midday|europe_midday|us_pre_open,1,18,0.0555555555555555,1.0,0.5142857142857143,0.0057142857142857,True,1.0,1.0
BRENT_session,1,full_scale_war,DOWN_Q1_0_25|UP_Q3_50_75|FLAT_Q2_25_50,global_reopen_pre_mcx|mcx_open_drive|india_morning,1,18,0.0555555555555555,1.0,0.5142857142857143,0.0057142857142857,True,1.0,1.0
BRENT_session,1,full_scale_war,DOWN_Q3_50_75|DOWN_Q2_25_50|UP_Q3_50_75,us_pre_open|us_open|us_open,1,18,0.0555555555555555,1.0,0.5142857142857143,0.0057142857142857,True,1.0,1.0
BRENT_session,1,full_scale_war,DOWN_Q3_50_75|DOWN_Q3_50_75|UP_Q2_25_50,europe_midday|us_pre_open|us_open,1,18,0.0555555555555555,1.0,0.5142857142857143,0.0057142857142857,True,1.0,1.0
BRENT_session,1,full_scale_war,DOWN_Q3_50_75|UP_Q3_50_75|FLAT_Q2_25_50,india_midday|europe_midday|us_pre_open,1,18,0.0555555555555555,1.0,0.5142857142857143,0.0057142857142857,True,1.0,1.0
BRENT_session,1,full_scale_war,DOWN_Q3_50_75|UP_Q5_90_100|DOWN_Q4_75_90,asia_early|us_late|europe_midday,1,18,0.0555555555555555,1.0,0.5142857142857143,0.0057142857142857,True,1.0,1.0
BRENT_session,1,full_scale_war,DOWN_Q4_75_90|FLAT_Q1_0_25|UP_Q2_25_50,europe_midday|us_pre_open|us_open,1,18,0.0555555555555555,1.0,0.5142857142857143,0.0057142857142857,True,1.0,1.0
BRENT_session,1,full_scale_war,DOWN_Q4_75_90|UP_Q2_25_50|UP_Q3_50_75,europe_midday|us_pre_open|us_open,1,18,0.0555555555555555,1.0,0.5142857142857143,0.0057142857142857,True,1.0,1.0
BRENT_session,1,full_scale_war,DOWN_Q5_90_100|UP_Q1_0_25|UP_Q2_25_50,us_late|europe_midday|us_pre_open,1,18,0.0555555555555555,1.0,0.5142857142857143,0.0057142857142857,True,1.0,1.0
BRENT_session,1,full_scale_war,DOWN_Q5_90_100|UP_Q2_25_50|DOWN_Q3_50_75,us_open|us_open|mcx_tail,1,18,0.0555555555555555,1.0,0.5142857142857143,0.0057142857142857,True,1.0,1.0
BRENT_session,1,full_scale_war,DOWN_Q5_90_100|UP_Q3_50_75|UP_Q3_50_75,europe_midday|us_pre_open|us_open,1,18,0.0555555555555555,1.0,0.5142857142857143,0.0057142857142857,True,1.0,1.0
BRENT_session,1,full_scale_war,DOWN_Q5_90_100|UP_Q4_75_90|DOWN_Q5_90_100,us_open|us_open|other_valid_hours,1,18,0.0555555555555555,1.0,0.5142857142857143,0.0057142857142857,True,1.0,1.0
BRENT_session,1,full_scale_war,DOWN_Q5_90_100|UP_Q5_90_100|DOWN_Q4_75_90,india_morning|india_midday|europe_midday,1,18,0.0555555555555555,1.0,0.5142857142857143,0.0057142857142857,True,1.0,1.0
BRENT_session,1,full_scale_war,FLAT_Q1_0_25|DOWN_Q1_0_25|DOWN_Q3_50_75,us_late|europe_midday|us_pre_open,1,18,0.0555555555555555,1.0,0.5142857142857143,0.0057142857142857,True,1.0,1.0
BRENT_session,1,full_scale_war,FLAT_Q2_25_50|DOWN_Q1_0_25|FLAT_Q1_0_25,india_morning|india_midday|europe_midday,1,18,0.0555555555555555,1.0,0.5142857142857143,0.0057142857142857,True,1.0,1.0
BRENT_session,1,full_scale_war,FLAT_Q2_25_50|DOWN_Q2_25_50|FLAT_Q1_0_25,india_morning|india_midday|europe_midday,1,18,0.0555555555555555,1.0,0.5142857142857143,0.0057142857142857,True,1.0,1.0
BRENT_session,1,full_scale_war,FLAT_Q2_25_50|DOWN_Q5_90_100|FLAT_Q1_0_25,us_late|europe_midday|us_pre_open,1,18,0.0555555555555555,1.0,0.5142857142857143,0.0057142857142857,True,1.0,1.0
BRENT_session,1,full_scale_war,FLAT_Q2_25_50|FLAT_Q1_0_25|FLAT_Q1_0_25,us_pre_open|us_open|us_open,1,18,0.0555555555555555,1.0,0.5142857142857143,0.0057142857142857,True,1.0,1.0
BRENT_session,1,full_scale_war,FLAT_Q2_25_50|UP_Q2_25_50|DOWN_Q2_25_50,india_morning|india_midday|europe_midday,1,18,0.0555555555555555,1.0,0.5142857142857143,0.0057142857142857,True,1.0,1.0
BRENT_session,1,full_scale_war,UP_Q1_0_25|FLAT_Q1_0_25|FLAT_Q2_25_50,global_reopen_pre_mcx|mcx_open_drive|india_morning,1,18,0.0555555555555555,1.0,0.5142857142857143,0.0057142857142857,True,1.0,1.0
BRENT_session,1,full_scale_war,UP_Q1_0_25|UP_Q2_25_50|DOWN_Q2_25_50,europe_midday|us_pre_open|us_open,1,18,0.0555555555555555,1.0,0.5142857142857143,0.0057142857142857,True,1.0,1.0
BRENT_session,1,full_scale_war,UP_Q2_25_50|DOWN_Q5_90_100|UP_Q3_50_75,us_late|europe_midday|us_pre_open,1,18,0.0555555555555555,1.0,0.5142857142857143,0.0057142857142857,True,1.0,1.0
BRENT_session,1,full_scale_war,UP_Q3_50_75|UP_Q4_75_90|DOWN_Q3_50_75,europe_midday|us_pre_open|us_open,1,18,0.0555555555555555,1.0,0.5142857142857143,0.0057142857142857,True,1.0,1.0
BRENT_session,1,full_scale_war,UP_Q4_75_90|DOWN_Q3_50_75|FLAT_Q1_0_25,us_pre_open|us_open|us_open,1,18,0.0555555555555555,1.0,0.5142857142857143,0.0057142857142857,True,1.0,1.0
BRENT_session,1,full_scale_war,UP_Q4_75_90|FLAT_Q2_25_50|UP_Q2_25_50,mcx_open_drive|india_morning|india_midday,1,18,0.0555555555555555,1.0,0.5142857142857143,0.0057142857142857,True,1.0,1.0
BRENT_session,1,full_scale_war,UP_Q5_90_100|UP_Q3_50_75|UP_Q2_25_50,mcx_open_drive|india_morning|india_midday,1,18,0.0555555555555555,1.0,0.5142857142857143,0.0057142857142857,True,1.0,1.0
BRENT_session,1,full_scale_war,UP_Q5_90_100|UP_Q5_90_100|UP_Q3_50_75,global_reopen_pre_mcx|mcx_open_drive|india_morning,1,18,0.0555555555555555,1.0,0.5142857142857143,0.0057142857142857,True,1.0,1.0
WTI_session,1,full_scale_war,DOWN_Q1_0_25|FLAT_Q2_25_50|FLAT_Q3_50_75,global_reopen_pre_mcx|mcx_open_drive|india_morning,1,18,0.0555555555555555,1.0,0.5142857142857143,0.0057142857142857,True,1.0,1.0
WTI_session,1,full_scale_war,DOWN_Q1_0_25|UP_Q3_50_75|UP_Q3_50_75,europe_midday|us_pre_open|us_open,1,18,0.0555555555555555,1.0,0.5142857142857143,0.0057142857142857,True,1.0,1.0
WTI_session,1,full_scale_war,DOWN_Q2_25_50|FLAT_Q1_0_25|DOWN_Q3_50_75,asia_early|us_late|europe_midday,1,18,0.0555555555555555,1.0,0.5142857142857143,0.0057142857142857,True,1.0,1.0
WTI_session,1,full_scale_war,DOWN_Q2_25_50|UP_Q2_25_50|UP_Q2_25_50,europe_midday|us_pre_open|us_open,1,18,0.0555555555555555,1.0,0.5142857142857143,0.0057142857142857,True,1.0,1.0
WTI_session,1,full_scale_war,DOWN_Q3_50_75|DOWN_Q2_25_50|DOWN_Q2_25_50,us_open|us_open|other_valid_hours,1,18,0.0555555555555555,1.0,0.5142857142857143,0.0057142857142857,True,1.0,1.0
WTI_session,1,full_scale_war,DOWN_Q4_75_90|DOWN_Q2_25_50|UP_Q3_50_75,asia_early|us_late|europe_midday,1,18,0.0555555555555555,1.0,0.5142857142857143,0.0057142857142857,True,1.0,1.0
WTI_session,1,full_scale_war,DOWN_Q4_75_90|DOWN_Q4_75_90|UP_Q3_50_75,europe_midday|us_pre_open|us_open,1,18,0.0555555555555555,1.0,0.5142857142857143,0.0057142857142857,True,1.0,1.0
WTI_session,1,full_scale_war,DOWN_Q4_75_90|UP_Q4_75_90|FLAT_Q1_0_25,asia_early|us_late|europe_midday,1,18,0.0555555555555555,1.0,0.5142857142857143,0.0057142857142857,True,1.0,1.0
WTI_session,1,full_scale_war,DOWN_Q4_75_90|UP_Q5_90_100|UP_Q2_25_50,india_midday|europe_midday|us_pre_open,1,18,0.0555555555555555,1.0,0.5142857142857143,0.0057142857142857,True,1.0,1.0
WTI_session,1,full_scale_war,DOWN_Q5_90_100|UP_Q4_75_90|FLAT_Q2_25_50,us_open|us_open|mcx_tail,1,18,0.0555555555555555,1.0,0.5142857142857143,0.0057142857142857,True,1.0,1.0
WTI_session,1,full_scale_war,FLAT_Q1_0_25|DOWN_Q4_75_90|DOWN_Q4_75_90,us_late|europe_midday|us_pre_open,1,18,0.0555555555555555,1.0,0.5142857142857143,0.0057142857142857,True,1.0,1.0
WTI_session,1,full_scale_war,FLAT_Q1_0_25|FLAT_Q3_50_75|DOWN_Q4_75_90,mcx_open_drive|india_morning|india_midday,1,18,0.0555555555555555,1.0,0.5142857142857143,0.0057142857142857,True,1.0,1.0
WTI_session,1,full_scale_war,FLAT_Q1_0_25|UP_Q5_90_100|DOWN_Q3_50_75,europe_midday|us_pre_open|us_open,1,18,0.0555555555555555,1.0,0.5142857142857143,0.0057142857142857,True,1.0,1.0
WTI_session,1,full_scale_war,FLAT_Q2_25_50|DOWN_Q3_50_75|UP_Q2_25_50,asia_early|us_late|europe_midday,1,18,0.0555555555555555,1.0,0.5142857142857143,0.0057142857142857,True,1.0,1.0
WTI_session,1,full_scale_war,FLAT_Q2_25_50|FLAT_Q1_0_25|DOWN_Q5_90_100,asia_early|us_late|europe_midday,1,18,0.0555555555555555,1.0,0.5142857142857143,0.0057142857142857,True,1.0,1.0
WTI_session,1,full_scale_war,FLAT_Q2_25_50|FLAT_Q3_50_75|UP_Q1_0_25,mcx_open_drive|india_morning|india_midday,1,18,0.0555555555555555,1.0,0.5142857142857143,0.0057142857142857,True,1.0,1.0
WTI_session,1,full_scale_war,FLAT_Q3_50_75|DOWN_Q4_75_90|UP_Q5_90_100,india_morning|india_midday|europe_midday,1,18,0.0555555555555555,1.0,0.5142857142857143,0.0057142857142857,True,1.0,1.0
WTI_session,1,full_scale_war,FLAT_Q3_50_75|UP_Q1_0_25|DOWN_Q2_25_50,india_morning|india_midday|europe_midday,1,18,0.0555555555555555,1.0,0.5142857142857143,0.0057142857142857,True,1.0,1.0
WTI_session,1,full_scale_war,UP_Q1_0_25|DOWN_Q2_25_50|UP_Q2_25_50,india_midday|europe_midday|us_pre_open,1,18,0.0555555555555555,1.0,0.5142857142857143,0.0057142857142857,True,1.0,1.0
WTI_session,1,full_scale_war,UP_Q1_0_25|FLAT_Q2_25_50|UP_Q2_25_50,us_open|mcx_tail|other_valid_hours,1,18,0.0555555555555555,1.0,0.5142857142857143,0.0057142857142857,True,1.0,1.0
WTI_session,1,full_scale_war,UP_Q1_0_25|UP_Q3_50_75|UP_Q4_75_90,europe_midday|us_pre_open|us_open,1,18,0.0555555555555555,1.0,0.5142857142857143,0.0057142857142857,True,1.0,1.0
WTI_session,1,full_scale_war,UP_Q2_25_50|DOWN_Q1_0_25|UP_Q3_50_75,us_late|europe_midday|us_pre_open,1,18,0.0555555555555555,1.0,0.5142857142857143,0.0057142857142857,True,1.0,1.0
WTI_session,1,full_scale_war,UP_Q2_25_50|DOWN_Q2_25_50|DOWN_Q5_90_100,global_reopen_pre_mcx|mcx_open_drive|india_morning,1,18,0.0555555555555555,1.0,0.5142857142857143,0.0057142857142857,True,1.0,1.0
WTI_session,1,full_scale_war,UP_Q2_25_50|DOWN_Q4_75_90|UP_Q2_25_50,europe_midday|us_pre_open|us_open,1,18,0.0555555555555555,1.0,0.5142857142857143,0.0057142857142857,True,1.0,1.0
WTI_session,1,full_scale_war,UP_Q2_25_50|UP_Q2_25_50|UP_Q4_75_90,us_pre_open|us_open|us_open,1,18,0.0555555555555555,1.0,0.5142857142857143,0.0057142857142857,True,1.0,1.0
WTI_session,1,full_scale_war,UP_Q3_50_75|DOWN_Q3_50_75|FLAT_Q1_0_25,india_midday|europe_midday|us_pre_open,1,18,0.0555555555555555,1.0,0.5142857142857143,0.0057142857142857,True,1.0,1.0
WTI_session,1,full_scale_war,UP_Q3_50_75|DOWN_Q4_75_90|DOWN_Q4_75_90,us_open|us_open|other_valid_hours,1,18,0.0555555555555555,1.0,0.5142857142857143,0.0057142857142857,True,1.0,1.0
WTI_session,1,full_scale_war,UP_Q3_50_75|UP_Q5_90_100|DOWN_Q4_75_90,europe_midday|us_pre_open|us_open,1,18,0.0555555555555555,1.0,0.5142857142857143,0.0057142857142857,True,1.0,1.0
WTI_session,1,full_scale_war,UP_Q4_75_90|DOWN_Q3_50_75|FLAT_Q1_0_25,us_open|mcx_tail|other_valid_hours,1,18,0.0555555555555555,1.0,0.5142857142857143,0.0057142857142857,True,1.0,1.0
WTI_session,1,full_scale_war,UP_Q4_75_90|DOWN_Q4_75_90|UP_Q3_50_75,us_late|europe_midday|us_pre_open,1,18,0.0555555555555555,1.0,0.5142857142857143,0.0057142857142857,True,1.0,1.0
WTI_session,1,full_scale_war,UP_Q4_75_90|FLAT_Q2_25_50|FLAT_Q1_0_25,us_open|mcx_tail|other_valid_hours,1,18,0.0555555555555555,1.0,0.5142857142857143,0.0057142857142857,True,1.0,1.0
WTI_session,1,full_scale_war,UP_Q5_90_100|DOWN_Q4_75_90|UP_Q2_25_50,us_pre_open|us_open|us_open,1,18,0.0555555555555555,1.0,0.5142857142857143,0.0057142857142857,True,1.0,1.0
WTI_session,1,full_scale_war,UP_Q5_90_100|DOWN_Q5_90_100|FLAT_Q1_0_25,asia_early|us_late|europe_midday,1,18,0.0555555555555555,1.0,0.5142857142857143,0.0057142857142857,True,1.0,1.0
WTI_session,1,full_scale_war,UP_Q5_90_100|UP_Q2_25_50|FLAT_Q1_0_25,europe_midday|us_pre_open|us_open,1,18,0.0555555555555555,1.0,0.5142857142857143,0.0057142857142857,True,1.0,1.0
WTI_session,1,full_scale_war,UP_Q5_90_100|UP_Q4_75_90|UP_Q3_50_75,mcx_open_drive|india_morning|india_midday,1,18,0.0555555555555555,1.0,0.5142857142857143,0.0057142857142857,True,1.0,1.0
WTI_session,1,full_scale_war,UP_Q5_90_100|UP_Q5_90_100|UP_Q4_75_90,global_reopen_pre_mcx|mcx_open_drive|india_morning,1,18,0.0555555555555555,1.0,0.5142857142857143,0.0057142857142857,True,1.0,1.0
BRENT_session,2,post_ceasefire_complex,FLAT_Q1_0_25|FLAT_Q1_0_25|FLAT_Q2_25_50,us_open|us_open|mcx_tail,1,43,0.0232558139534883,0.0526315789473684,0.9714625445897742,0.0045184304399524,True,1.0,1.0
BRENT_session,2,post_ceasefire_complex,FLAT_Q1_0_25|FLAT_Q1_0_25|UP_Q1_0_25,global_reopen_pre_mcx|mcx_open_drive|india_morning,1,43,0.0232558139534883,0.0526315789473684,0.9714625445897742,0.0045184304399524,True,1.0,1.0
WTI_session,2,post_ceasefire_complex,FLAT_Q1_0_25|FLAT_Q1_0_25|DOWN_Q3_50_75,india_midday|europe_midday|us_pre_open,1,43,0.0232558139534883,0.0526315789473684,0.9714625445897742,0.0045184304399524,True,1.0,1.0
WTI_session,2,post_ceasefire_complex,FLAT_Q1_0_25|FLAT_Q1_0_25|DOWN_Q4_75_90,global_reopen_pre_mcx|mcx_open_drive|india_morning,1,43,0.0232558139534883,0.0526315789473684,0.9714625445897742,0.0045184304399524,True,1.0,1.0
WTI_session,2,post_ceasefire_complex,FLAT_Q1_0_25|FLAT_Q1_0_25|FLAT_Q2_25_50,us_open|mcx_tail|other_valid_hours,1,43,0.0232558139534883,0.0526315789473684,0.9714625445897742,0.0045184304399524,True,1.0,1.0
WTI_session,2,post_ceasefire_complex,FLAT_Q1_0_25|FLAT_Q1_0_25|UP_Q1_0_25,india_midday|europe_midday|us_pre_open,1,43,0.0232558139534883,0.0526315789473684,0.9714625445897742,0.0045184304399524,True,1.0,1.0
WTI_session,2,post_ceasefire_complex,FLAT_Q1_0_25|FLAT_Q1_0_25|UP_Q4_75_90,us_open|mcx_tail|other_valid_hours,1,43,0.0232558139534883,0.0526315789473684,0.9714625445897742,0.0045184304399524,True,1.0,1.0
WTI_session,2,post_ceasefire_complex,FLAT_Q1_0_25|FLAT_Q1_0_25|UP_Q5_90_100,us_pre_open|us_open|us_open,1,43,0.0232558139534883,0.0526315789473684,0.9714625445897742,0.0045184304399524,True,1.0,1.0
BRENT_session,2,post_ceasefire_complex,DOWN_Q2_25_50|FLAT_Q1_0_25|DOWN_Q1_0_25,us_pre_open|us_open|us_open,1,43,0.0232558139534883,0.0714285714285714,0.954041204437401,0.0044374009508716,True,1.0,1.0
BRENT_session,2,post_ceasefire_complex,DOWN_Q2_25_50|FLAT_Q1_0_25|DOWN_Q2_25_50,us_open|us_open|mcx_tail,1,43,0.0232558139534883,0.0714285714285714,0.954041204437401,0.0044374009508716,True,1.0,1.0
BRENT_session,2,post_ceasefire_complex,DOWN_Q2_25_50|FLAT_Q1_0_25|DOWN_Q3_50_75,us_pre_open|us_open|us_open,1,43,0.0232558139534883,0.0714285714285714,0.954041204437401,0.0044374009508716,True,1.0,1.0
BRENT_session,2,post_ceasefire_complex,DOWN_Q2_25_50|FLAT_Q1_0_25|DOWN_Q4_75_90,india_midday|europe_midday|us_pre_open,1,43,0.0232558139534883,0.0714285714285714,0.954041204437401,0.0044374009508716,True,1.0,1.0
BRENT_session,2,post_ceasefire_complex,DOWN_Q2_25_50|FLAT_Q1_0_25|UP_Q2_25_50,us_pre_open|us_open|us_open,1,43,0.0232558139534883,0.0714285714285714,0.954041204437401,0.0044374009508716,True,1.0,1.0
BRENT_session,2,post_ceasefire_complex,FLAT_Q1_0_25|UP_Q3_50_75|DOWN_Q2_25_50,mcx_open_drive|india_morning|india_midday,1,43,0.0232558139534883,0.0769230769230769,0.9490662139219016,0.0044142614601018,True,1.0,1.0
BRENT_session,2,post_ceasefire_complex,FLAT_Q1_0_25|UP_Q3_50_75|FLAT_Q2_25_50,us_open|us_open|mcx_tail,1,43,0.0232558139534883,0.0769230769230769,0.9490662139219016,0.0044142614601018,True,1.0,1.0
BRENT_session,2,post_ceasefire_complex,FLAT_Q1_0_25|UP_Q3_50_75|UP_Q3_50_75,us_open|mcx_tail|other_valid_hours,1,43,0.0232558139534883,0.0769230769230769,0.9490662139219016,0.0044142614601018,True,1.0,1.0
BRENT_session,2,post_ceasefire_complex,FLAT_Q1_0_25|UP_Q3_50_75|UP_Q4_75_90,europe_midday|us_pre_open|us_open,1,43,0.0232558139534883,0.0769230769230769,0.9490662139219016,0.0044142614601018,True,1.0,1.0
BRENT_session,2,post_ceasefire_complex,UP_Q2_25_50|FLAT_Q1_0_25|DOWN_Q1_0_25,global_reopen_pre_mcx|mcx_open_drive|india_morning,1,43,0.0232558139534883,0.1111111111111111,0.9192399049881236,0.0042755344418052,True,1.0,1.0
BRENT_session,2,post_ceasefire_complex,UP_Q2_25_50|FLAT_Q1_0_25|DOWN_Q3_50_75,us_pre_open|us_open|us_open,1,43,0.0232558139534883,0.1111111111111111,0.9192399049881236,0.0042755344418052,True,1.0,1.0
BRENT_session,2,post_ceasefire_complex,UP_Q2_25_50|FLAT_Q1_0_25|DOWN_Q4_75_90,us_open|mcx_tail|other_valid_hours,1,43,0.0232558139534883,0.1111111111111111,0.9192399049881236,0.0042755344418052,True,1.0,1.0
BRENT_session,2,post_ceasefire_complex,UP_Q2_25_50|FLAT_Q1_0_25|FLAT_Q1_0_25,us_open|us_open|mcx_tail,1,43,0.0232558139534883,0.1111111111111111,0.9192399049881236,0.0042755344418052,True,1.0,1.0
BRENT_session,2,post_ceasefire_complex,UP_Q2_25_50|FLAT_Q1_0_25|FLAT_Q2_25_50,us_open|us_open|mcx_tail,1,43,0.0232558139534883,0.1111111111111111,0.9192399049881236,0.0042755344418052,True,1.0,1.0
BRENT_session,2,post_ceasefire_complex,UP_Q2_25_50|FLAT_Q1_0_25|UP_Q2_25_50,global_reopen_pre_mcx|mcx_open_drive|india_morning,1,43,0.0232558139534883,0.1111111111111111,0.9192399049881236,0.0042755344418052,True,1.0,1.0
BRENT_session,2,post_ceasefire_complex,UP_Q2_25_50|FLAT_Q1_0_25|UP_Q4_75_90,us_open|mcx_tail|other_valid_hours,1,43,0.0232558139534883,0.1111111111111111,0.9192399049881236,0.0042755344418052,True,1.0,1.0
WTI_session,2,post_ceasefire_complex,DOWN_Q3_50_75|FLAT_Q1_0_25|UP_Q1_0_25,mcx_open_drive|india_morning|india_midday,1,43,0.0232558139534883,0.1111111111111111,0.9192399049881236,0.0042755344418052,True,1.0,1.0
WTI_session,2,post_ceasefire_complex,DOWN_Q3_50_75|FLAT_Q1_0_25|UP_Q3_50_75,us_pre_open|us_open|us_open,1,43,0.0232558139534883,0.1111111111111111,0.9192399049881236,0.0042755344418052,True,1.0,1.0
WTI_session,2,post_ceasefire_complex,UP_Q3_50_75|FLAT_Q1_0_25|DOWN_Q4_75_90,india_midday|europe_midday|us_pre_open,1,43,0.0232558139534883,0.1111111111111111,0.9192399049881236,0.0042755344418052,True,1.0,1.0
WTI_session,2,post_ceasefire_complex,UP_Q3_50_75|FLAT_Q1_0_25|FLAT_Q1_0_25,us_open|us_open|mcx_tail,1,43,0.0232558139534883,0.1111111111111111,0.9192399049881236,0.0042755344418052,True,1.0,1.0
WTI_session,2,post_ceasefire_complex,UP_Q3_50_75|FLAT_Q1_0_25|FLAT_Q2_25_50,us_open|mcx_tail|other_valid_hours,1,43,0.0232558139534883,0.1111111111111111,0.9192399049881236,0.0042755344418052,True,1.0,1.0
WTI_session,2,post_ceasefire_complex,UP_Q3_50_75|FLAT_Q1_0_25|UP_Q2_25_50,us_pre_open|us_open|us_open,1,43,0.0232558139534883,0.1111111111111111,0.9192399049881236,0.0042755344418052,True,1.0,1.0
WTI_session,2,post_ceasefire_complex,UP_Q3_50_75|FLAT_Q1_0_25|UP_Q3_50_75,india_midday|europe_midday|us_pre_open,1,43,0.0232558139534883,0.1111111111111111,0.9192399049881236,0.0042755344418052,True,1.0,1.0
WTI_session,2,post_ceasefire_complex,UP_Q3_50_75|FLAT_Q1_0_25|UP_Q4_75_90,us_open|mcx_tail|other_valid_hours,1,43,0.0232558139534883,0.1111111111111111,0.9192399049881236,0.0042755344418052,True,1.0,1.0
WTI_session,2,post_ceasefire_complex,UP_Q3_50_75|FLAT_Q1_0_25|UP_Q5_90_100,global_reopen_pre_mcx|mcx_open_drive|india_morning,1,43,0.0232558139534883,0.1111111111111111,0.9192399049881236,0.0042755344418052,True,1.0,1.0
BRENT_session,2,post_ceasefire_complex,FLAT_Q1_0_25|DOWN_Q2_25_50|DOWN_Q3_50_75,india_morning|india_midday|europe_midday,1,43,0.0232558139534883,0.125,0.907651715039578,0.004221635883905,True,1.0,1.0
BRENT_session,2,post_ceasefire_complex,FLAT_Q1_0_25|DOWN_Q2_25_50|DOWN_Q4_75_90,india_morning|india_midday|europe_midday,1,43,0.0232558139534883,0.125,0.907651715039578,0.004221635883905,True,1.0,1.0
BRENT_session,2,post_ceasefire_complex,FLAT_Q1_0_25|DOWN_Q2_25_50|UP_Q3_50_75,us_open|mcx_tail|other_valid_hours,1,43,0.0232558139534883,0.125,0.907651715039578,0.004221635883905,True,1.0,1.0
BRENT_session,2,post_ceasefire_complex,FLAT_Q1_0_25|DOWN_Q2_25_50|UP_Q5_90_100,india_midday|europe_midday|us_pre_open,1,43,0.0232558139534883,0.125,0.907651715039578,0.004221635883905,True,1.0,1.0
BRENT_session,2,post_ceasefire_complex,UP_Q3_50_75|FLAT_Q1_0_25|DOWN_Q2_25_50,india_morning|india_midday|europe_midday,1,43,0.0232558139534883,0.125,0.907651715039578,0.004221635883905,True,1.0,1.0
BRENT_session,2,post_ceasefire_complex,UP_Q3_50_75|FLAT_Q1_0_25|DOWN_Q3_50_75,india_midday|europe_midday|us_pre_open,1,43,0.0232558139534883,0.125,0.907651715039578,0.004221635883905,True,1.0,1.0
BRENT_session,2,post_ceasefire_complex,UP_Q3_50_75|FLAT_Q1_0_25|DOWN_Q5_90_100,us_pre_open|us_open|us_open,1,43,0.0232558139534883,0.125,0.907651715039578,0.004221635883905,True,1.0,1.0
BRENT_session,2,post_ceasefire_complex,UP_Q3_50_75|FLAT_Q1_0_25|UP_Q2_25_50,india_midday|europe_midday|us_pre_open,1,43,0.0232558139534883,0.125,0.907651715039578,0.004221635883905,True,1.0,1.0
BRENT_session,2,post_ceasefire_complex,UP_Q3_50_75|FLAT_Q1_0_25|UP_Q3_50_75,india_midday|europe_midday|us_pre_open,1,43,0.0232558139534883,0.125,0.907651715039578,0.004221635883905,True,1.0,1.0
BRENT_session,2,post_ceasefire_complex,UP_Q3_50_75|FLAT_Q1_0_25|UP_Q5_90_100,us_pre_open|us_open|us_open,1,43,0.0232558139534883,0.125,0.907651715039578,0.004221635883905,True,1.0,1.0
WTI_session,2,post_ceasefire_complex,DOWN_Q2_25_50|FLAT_Q1_0_25|FLAT_Q1_0_25,us_open|us_open|mcx_tail,1,43,0.0232558139534883,0.1428571428571428,0.8931750741839763,0.0041543026706231,True,1.0,1.0
WTI_session,2,post_ceasefire_complex,DOWN_Q2_25_50|FLAT_Q1_0_25|UP_Q3_50_75,india_midday|europe_midday|us_pre_open,1,43,0.0232558139534883,0.1428571428571428,0.8931750741839763,0.0041543026706231,True,1.0,1.0
WTI_session,2,post_ceasefire_complex,DOWN_Q2_25_50|FLAT_Q1_0_25|UP_Q4_75_90,us_open|us_open|mcx_tail,1,43,0.0232558139534883,0.1428571428571428,0.8931750741839763,0.0041543026706231,True,1.0,1.0
WTI_session,2,post_ceasefire_complex,FLAT_Q1_0_25|DOWN_Q2_25_50|DOWN_Q5_90_100,india_morning|india_midday|europe_midday,1,43,0.0232558139534883,0.1428571428571428,0.8931750741839763,0.0041543026706231,True,1.0,1.0
WTI_session,2,post_ceasefire_complex,FLAT_Q1_0_25|DOWN_Q2_25_50|UP_Q3_50_75,us_open|us_open|mcx_tail,1,43,0.0232558139534883,0.1428571428571428,0.8931750741839763,0.0041543026706231,True,1.0,1.0
WTI_session,2,post_ceasefire_complex,FLAT_Q1_0_25|DOWN_Q2_25_50|UP_Q4_75_90,us_open|us_open|mcx_tail,1,43,0.0232558139534883,0.1428571428571428,0.8931750741839763,0.0041543026706231,True,1.0,1.0
BRENT_session,2,post_ceasefire_complex,DOWN_Q1_0_25|FLAT_Q1_0_25|DOWN_Q2_25_50,india_midday|europe_midday|us_pre_open,1,43,0.0232558139534883,0.1666666666666666,0.8745762711864407,0.0040677966101694,True,1.0,1.0
BRENT_session,2,post_ceasefire_complex,DOWN_Q1_0_25|FLAT_Q1_0_25|DOWN_Q4_75_90,india_midday|europe_midday|us_pre_open,1,43,0.0232558139534883,0.1666666666666666,0.8745762711864407,0.0040677966101694,True,1.0,1.0
BRENT_session,2,post_ceasefire_complex,DOWN_Q1_0_25|FLAT_Q1_0_25|UP_Q3_50_75,us_pre_open|us_open|us_open,1,43,0.0232558139534883,0.1666666666666666,0.8745762711864407,0.0040677966101694,True,1.0,1.0
BRENT_session,2,post_ceasefire_complex,DOWN_Q1_0_25|FLAT_Q1_0_25|UP_Q5_90_100,us_pre_open|us_open|us_open,1,43,0.0232558139534883,0.1666666666666666,0.8745762711864407,0.0040677966101694,True,1.0,1.0
BRENT_session,2,post_ceasefire_complex,DOWN_Q4_75_90|UP_Q3_50_75|DOWN_Q3_50_75,india_morning|india_midday|europe_midday,1,43,0.0232558139534883,0.1666666666666666,0.8745762711864407,0.0040677966101694,True,1.0,1.0
BRENT_session,2,post_ceasefire_complex,DOWN_Q4_75_90|UP_Q3_50_75|DOWN_Q4_75_90,us_pre_open|us_open|us_open,1,43,0.0232558139534883,0.1666666666666666,0.8745762711864407,0.0040677966101694,True,1.0,1.0
BRENT_session,2,post_ceasefire_complex,DOWN_Q4_75_90|UP_Q3_50_75|UP_Q2_25_50,europe_midday|us_pre_open|us_open,1,43,0.0232558139534883,0.1666666666666666,0.8745762711864407,0.0040677966101694,True,1.0,1.0
BRENT_session,2,post_ceasefire_complex,DOWN_Q4_75_90|UP_Q3_50_75|UP_Q3_50_75,us_open|mcx_tail|other_valid_hours,1,43,0.0232558139534883,0.1666666666666666,0.8745762711864407,0.0040677966101694,True,1.0,1.0
BRENT_session,2,post_ceasefire_complex,FLAT_Q1_0_25|DOWN_Q3_50_75|DOWN_Q2_25_50,mcx_open_drive|india_morning|india_midday,1,43,0.0232558139534883,0.1666666666666666,0.8745762711864407,0.0040677966101694,True,1.0,1.0
BRENT_session,2,post_ceasefire_complex,FLAT_Q1_0_25|DOWN_Q3_50_75|UP_Q2_25_50,india_midday|europe_midday|us_pre_open,1,43,0.0232558139534883,0.1666666666666666,0.8745762711864407,0.0040677966101694,True,1.0,1.0
BRENT_session,2,post_ceasefire_complex,FLAT_Q1_0_25|UP_Q2_25_50|FLAT_Q1_0_25,europe_midday|us_pre_open|us_open,1,43,0.0232558139534883,0.1666666666666666,0.8745762711864407,0.0040677966101694,True,1.0,1.0
BRENT_session,2,post_ceasefire_complex,FLAT_Q1_0_25|UP_Q2_25_50|FLAT_Q2_25_50,india_morning|india_midday|europe_midday,1,43,0.0232558139534883,0.1666666666666666,0.8745762711864407,0.0040677966101694,True,1.0,1.0
BRENT_session,2,post_ceasefire_complex,FLAT_Q1_0_25|UP_Q2_25_50|UP_Q2_25_50,europe_midday|us_pre_open|us_open,1,43,0.0232558139534883,0.1666666666666666,0.8745762711864407,0.0040677966101694,True,1.0,1.0
BRENT_session,2,post_ceasefire_complex,FLAT_Q1_0_25|UP_Q2_25_50|UP_Q4_75_90,mcx_open_drive|india_morning|india_midday,1,43,0.0232558139534883,0.1666666666666666,0.8745762711864407,0.0040677966101694,True,1.0,1.0
BRENT_session,2,post_ceasefire_complex,UP_Q3_50_75|DOWN_Q3_50_75|DOWN_Q1_0_25,india_midday|europe_midday|us_pre_open,1,43,0.0232558139534883,0.1666666666666666,0.8745762711864407,0.0040677966101694,True,1.0,1.0
BRENT_session,2,post_ceasefire_complex,UP_Q3_50_75|DOWN_Q3_50_75|DOWN_Q2_25_50,us_open|us_open|mcx_tail,1,43,0.0232558139534883,0.1666666666666666,0.8745762711864407,0.0040677966101694,True,1.0,1.0
BRENT_session,2,post_ceasefire_complex,UP_Q3_50_75|DOWN_Q3_50_75|DOWN_Q3_50_75,india_midday|europe_midday|us_pre_open,1,43,0.0232558139534883,0.1666666666666666,0.8745762711864407,0.0040677966101694,True,1.0,1.0
BRENT_session,2,post_ceasefire_complex,UP_Q3_50_75|DOWN_Q3_50_75|DOWN_Q4_75_90,us_open|us_open|mcx_tail,1,43,0.0232558139534883,0.1666666666666666,0.8745762711864407,0.0040677966101694,True,1.0,1.0
BRENT_session,2,post_ceasefire_complex,UP_Q3_50_75|DOWN_Q3_50_75|UP_Q3_50_75,europe_midday|us_pre_open|us_open,1,43,0.0232558139534883,0.1666666666666666,0.8745762711864407,0.0040677966101694,True,1.0,1.0
BRENT_session,2,post_ceasefire_complex,UP_Q3_50_75|DOWN_Q3_50_75|UP_Q4_75_90,india_midday|europe_midday|us_pre_open,1,43,0.0232558139534883,0.1666666666666666,0.8745762711864407,0.0040677966101694,True,1.0,1.0
WTI_session,2,post_ceasefire_complex,DOWN_Q2_25_50|UP_Q3_50_75|UP_Q3_50_75,europe_midday|us_pre_open|us_open,1,43,0.0232558139534883,0.1666666666666666,0.8745762711864407,0.0040677966101694,True,1.0,1.0
WTI_session,2,post_ceasefire_complex,DOWN_Q2_25_50|UP_Q3_50_75|UP_Q4_75_90,global_reopen_pre_mcx|mcx_open_drive|india_morning,1,43,0.0232558139534883,0.1666666666666666,0.8745762711864407,0.0040677966101694,True,1.0,1.0
WTI_session,2,post_ceasefire_complex,DOWN_Q4_75_90|UP_Q2_25_50|DOWN_Q2_25_50,mcx_open_drive|india_morning|india_midday,1,43,0.0232558139534883,0.1666666666666666,0.8745762711864407,0.0040677966101694,True,1.0,1.0
WTI_session,2,post_ceasefire_complex,DOWN_Q4_75_90|UP_Q2_25_50|DOWN_Q3_50_75,india_midday|europe_midday|us_pre_open,1,43,0.0232558139534883,0.1666666666666666,0.8745762711864407,0.0040677966101694,True,1.0,1.0
WTI_session,2,post_ceasefire_complex,DOWN_Q4_75_90|UP_Q2_25_50|DOWN_Q4_75_90,us_open|us_open|mcx_tail,1,43,0.0232558139534883,0.1666666666666666,0.8745762711864407,0.0040677966101694,True,1.0,1.0
WTI_session,2,post_ceasefire_complex,DOWN_Q4_75_90|UP_Q2_25_50|FLAT_Q1_0_25,us_open|mcx_tail|other_valid_hours,1,43,0.0232558139534883,0.1666666666666666,0.8745762711864407,0.0040677966101694,True,1.0,1.0
WTI_session,2,post_ceasefire_complex,DOWN_Q4_75_90|UP_Q3_50_75|DOWN_Q3_50_75,us_pre_open|us_open|us_open,1,43,0.0232558139534883,0.1666666666666666,0.8745762711864407,0.0040677966101694,True,1.0,1.0
WTI_session,2,post_ceasefire_complex,DOWN_Q4_75_90|UP_Q3_50_75|FLAT_Q1_0_25,europe_midday|us_pre_open|us_open,1,43,0.0232558139534883,0.1666666666666666,0.8745762711864407,0.0040677966101694,True,1.0,1.0
WTI_session,2,post_ceasefire_complex,DOWN_Q4_75_90|UP_Q3_50_75|UP_Q2_25_50,global_reopen_pre_mcx|mcx_open_drive|india_morning,1,43,0.0232558139534883,0.1666666666666666,0.8745762711864407,0.0040677966101694,True,1.0,1.0
WTI_session,2,post_ceasefire_complex,DOWN_Q4_75_90|UP_Q3_50_75|UP_Q3_50_75,us_open|mcx_tail|other_valid_hours,1,43,0.0232558139534883,0.1666666666666666,0.8745762711864407,0.0040677966101694,True,1.0,1.0
WTI_session,2,post_ceasefire_complex,FLAT_Q1_0_25|DOWN_Q4_75_90|DOWN_Q1_0_25,mcx_open_drive|india_morning|india_midday,1,43,0.0232558139534883,0.1666666666666666,0.8745762711864407,0.0040677966101694,True,1.0,1.0
WTI_session,2,post_ceasefire_complex,FLAT_Q1_0_25|DOWN_Q4_75_90|DOWN_Q2_25_50,europe_midday|us_pre_open|us_open,1,43,0.0232558139534883,0.1666666666666666,0.8745762711864407,0.0040677966101694,True,1.0,1.0
WTI_session,2,post_ceasefire_complex,FLAT_Q1_0_25|DOWN_Q4_75_90|DOWN_Q3_50_75,india_morning|india_midday|europe_midday,1,43,0.0232558139534883,0.1666666666666666,0.8745762711864407,0.0040677966101694,True,1.0,1.0
WTI_session,2,post_ceasefire_complex,FLAT_Q1_0_25|DOWN_Q4_75_90|UP_Q3_50_75,us_open|us_open|mcx_tail,1,43,0.0232558139534883,0.1666666666666666,0.8745762711864407,0.0040677966101694,True,1.0,1.0
WTI_session,2,post_ceasefire_complex,FLAT_Q1_0_25|DOWN_Q5_90_100|FLAT_Q1_0_25,india_midday|europe_midday|us_pre_open,1,43,0.0232558139534883,0.1666666666666666,0.8745762711864407,0.0040677966101694,True,1.0,1.0
WTI_session,2,post_ceasefire_complex,FLAT_Q1_0_25|DOWN_Q5_90_100|UP_Q2_25_50,europe_midday|us_pre_open|us_open,1,43,0.0232558139534883,0.1666666666666666,0.8745762711864407,0.0040677966101694,True,1.0,1.0
WTI_session,2,post_ceasefire_complex,FLAT_Q1_0_25|DOWN_Q5_90_100|UP_Q4_75_90,us_open|us_open|mcx_tail,1,43,0.0232558139534883,0.1666666666666666,0.8745762711864407,0.0040677966101694,True,1.0,1.0
WTI_session,2,post_ceasefire_complex,FLAT_Q1_0_25|DOWN_Q5_90_100|UP_Q5_90_100,us_open|us_open|mcx_tail,1,43,0.0232558139534883,0.1666666666666666,0.8745762711864407,0.0040677966101694,True,1.0,1.0
WTI_session,2,post_ceasefire_complex,FLAT_Q1_0_25|UP_Q2_25_50|DOWN_Q2_25_50,europe_midday|us_pre_open|us_open,1,43,0.0232558139534883,0.1666666666666666,0.8745762711864407,0.0040677966101694,True,1.0,1.0
WTI_session,2,post_ceasefire_complex,FLAT_Q1_0_25|UP_Q2_25_50|DOWN_Q3_50_75,us_open|us_open|mcx_tail,1,43,0.0232558139534883,0.1666666666666666,0.8745762711864407,0.0040677966101694,True,1.0,1.0
WTI_session,2,post_ceasefire_complex,FLAT_Q1_0_25|UP_Q2_25_50|FLAT_Q1_0_25,europe_midday|us_pre_open|us_open,1,43,0.0232558139534883,0.1666666666666666,0.8745762711864407,0.0040677966101694,True,1.0,1.0
WTI_session,2,post_ceasefire_complex,FLAT_Q1_0_25|UP_Q2_25_50|UP_Q1_0_25,us_pre_open|us_open|us_open,1,43,0.0232558139534883,0.1666666666666666,0.8745762711864407,0.0040677966101694,True,1.0,1.0
WTI_session,2,post_ceasefire_complex,FLAT_Q1_0_25|UP_Q2_25_50|UP_Q2_25_50,mcx_open_drive|india_morning|india_midday,1,43,0.0232558139534883,0.1666666666666666,0.8745762711864407,0.0040677966101694,True,1.0,1.0
WTI_session,2,post_ceasefire_complex,FLAT_Q1_0_25|UP_Q2_25_50|UP_Q3_50_75,us_open|mcx_tail|other_valid_hours,1,43,0.0232558139534883,0.1666666666666666,0.8745762711864407,0.0040677966101694,True,1.0,1.0
WTI_session,2,post_ceasefire_complex,UP_Q3_50_75|DOWN_Q3_50_75|DOWN_Q3_50_75,us_pre_open|us_open|us_open,1,43,0.0232558139534883,0.1666666666666666,0.8745762711864407,0.0040677966101694,True,1.0,1.0
WTI_session,2,post_ceasefire_complex,UP_Q3_50_75|DOWN_Q3_50_75|DOWN_Q4_75_90,us_open|us_open|mcx_tail,1,43,0.0232558139534883,0.1666666666666666,0.8745762711864407,0.0040677966101694,True,1.0,1.0
WTI_session,2,post_ceasefire_complex,UP_Q3_50_75|DOWN_Q3_50_75|FLAT_Q1_0_25,us_open|us_open|mcx_tail,1,43,0.0232558139534883,0.1666666666666666,0.8745762711864407,0.0040677966101694,True,1.0,1.0
WTI_session,2,post_ceasefire_complex,UP_Q3_50_75|DOWN_Q3_50_75|FLAT_Q2_25_50,us_open|mcx_tail|other_valid_hours,1,43,0.0232558139534883,0.1666666666666666,0.8745762711864407,0.0040677966101694,True,1.0,1.0
WTI_session,2,post_ceasefire_complex,UP_Q3_50_75|DOWN_Q3_50_75|UP_Q2_25_50,global_reopen_pre_mcx|mcx_open_drive|india_morning,1,43,0.0232558139534883,0.1666666666666666,0.8745762711864407,0.0040677966101694,True,1.0,1.0
WTI_session,2,post_ceasefire_complex,UP_Q3_50_75|DOWN_Q3_50_75|UP_Q3_50_75,mcx_open_drive|india_morning|india_midday,1,43,0.0232558139534883,0.1666666666666666,0.8745762711864407,0.0040677966101694,True,1.0,1.0
WTI_session,2,post_ceasefire_complex,UP_Q3_50_75|DOWN_Q4_75_90|DOWN_Q1_0_25,india_midday|europe_midday|us_pre_open,1,43,0.0232558139534883,0.1666666666666666,0.8745762711864407,0.0040677966101694,True,1.0,1.0
WTI_session,2,post_ceasefire_complex,UP_Q3_50_75|DOWN_Q4_75_90|DOWN_Q2_25_50,india_morning|india_midday|europe_midday,1,43,0.0232558139534883,0.1666666666666666,0.8745762711864407,0.0040677966101694,True,1.0,1.0
WTI_session,2,post_ceasefire_complex,UP_Q3_50_75|DOWN_Q4_75_90|UP_Q3_50_75,europe_midday|us_pre_open|us_open,1,43,0.0232558139534883,0.1666666666666666,0.8745762711864407,0.0040677966101694,True,1.0,1.0
WTI_session,2,post_ceasefire_complex,UP_Q3_50_75|DOWN_Q4_75_90|UP_Q5_90_100,india_morning|india_midday|europe_midday,1,43,0.0232558139534883,0.1666666666666666,0.8745762711864407,0.0040677966101694,True,1.0,1.0
BRENT_session,2,post_ceasefire_complex,DOWN_Q3_50_75|DOWN_Q3_50_75|DOWN_Q3_50_75,us_open|us_open|mcx_tail,1,43,0.0232558139534883,0.2,0.8498023715415018,0.0039525691699604,True,1.0,1.0
BRENT_session,2,post_ceasefire_complex,DOWN_Q3_50_75|FLAT_Q1_0_25|DOWN_Q5_90_100,europe_midday|us_pre_open|us_open,1,43,0.0232558139534883,0.2,0.8498023715415018,0.0039525691699604,True,1.0,1.0
BRENT_session,2,post_ceasefire_complex,DOWN_Q3_50_75|FLAT_Q1_0_25|FLAT_Q1_0_25,global_reopen_pre_mcx|mcx_open_drive|india_morning,1,43,0.0232558139534883,0.2,0.8498023715415018,0.0039525691699604,True,1.0,1.0
BRENT_session,2,post_ceasefire_complex,DOWN_Q3_50_75|FLAT_Q1_0_25|UP_Q2_25_50,mcx_open_drive|india_morning|india_midday,1,43,0.0232558139534883,0.2,0.8498023715415018,0.0039525691699604,True,1.0,1.0
BRENT_session,2,post_ceasefire_complex,DOWN_Q3_50_75|FLAT_Q1_0_25|UP_Q3_50_75,us_open|us_open|mcx_tail,1,43,0.0232558139534883,0.2,0.8498023715415018,0.0039525691699604,True,1.0,1.0
BRENT_session,2,post_ceasefire_complex,DOWN_Q3_50_75|FLAT_Q1_0_25|UP_Q4_75_90,europe_midday|us_pre_open|us_open,1,43,0.0232558139534883,0.2,0.8498023715415018,0.0039525691699604,True,1.0,1.0
BRENT_session,2,post_ceasefire_complex,DOWN_Q3_50_75|FLAT_Q2_25_50|DOWN_Q2_25_50,global_reopen_pre_mcx|mcx_open_drive|india_morning,1,43,0.0232558139534883,0.2,0.8498023715415018,0.0039525691699604,True,1.0,1.0
BRENT_session,2,post_ceasefire_complex,DOWN_Q3_50_75|FLAT_Q2_25_50|UP_Q3_50_75,global_reopen_pre_mcx|mcx_open_drive|india_morning,1,43,0.0232558139534883,0.2,0.8498023715415018,0.0039525691699604,True,1.0,1.0
BRENT_session,2,post_ceasefire_complex,DOWN_Q3_50_75|UP_Q3_50_75|DOWN_Q4_75_90,india_midday|europe_midday|us_pre_open,1,43,0.0232558139534883,0.2,0.8498023715415018,0.0039525691699604,True,1.0,1.0
BRENT_session,2,post_ceasefire_complex,DOWN_Q3_50_75|UP_Q3_50_75|DOWN_Q5_90_100,us_pre_open|us_open|us_open,1,43,0.0232558139534883,0.2,0.8498023715415018,0.0039525691699604,True,1.0,1.0
BRENT_session,2,post_ceasefire_complex,DOWN_Q3_50_75|UP_Q3_50_75|FLAT_Q1_0_25,india_morning|india_midday|europe_midday,1,43,0.0232558139534883,0.2,0.8498023715415018,0.0039525691699604,True,1.0,1.0
BRENT_session,2,post_ceasefire_complex,DOWN_Q4_75_90|DOWN_Q3_50_75|DOWN_Q3_50_75,india_midday|europe_midday|us_pre_open,1,43,0.0232558139534883,0.2,0.8498023715415018,0.0039525691699604,True,1.0,1.0
BRENT_session,2,post_ceasefire_complex,DOWN_Q4_75_90|DOWN_Q3_50_75|DOWN_Q4_75_90,mcx_open_drive|india_morning|india_midday,1,43,0.0232558139534883,0.2,0.8498023715415018,0.0039525691699604,True,1.0,1.0
BRENT_session,2,post_ceasefire_complex,DOWN_Q4_75_90|DOWN_Q3_50_75|UP_Q2_25_50,us_pre_open|us_open|us_open,1,43,0.0232558139534883,0.2,0.8498023715415018,0.0039525691699604,True,1.0,1.0
BRENT_session,2,post_ceasefire_complex,UP_Q2_25_50|UP_Q2_25_50|DOWN_Q3_50_75,us_pre_open|us_open|us_open,1,43,0.0232558139534883,0.2,0.8498023715415018,0.0039525691699604,True,1.0,1.0
BRENT_session,2,post_ceasefire_complex,UP_Q2_25_50|UP_Q2_25_50|DOWN_Q4_75_90,us_pre_open|us_open|us_open,1,43,0.0232558139534883,0.2,0.8498023715415018,0.0039525691699604,True,1.0,1.0
BRENT_session,2,post_ceasefire_complex,UP_Q2_25_50|UP_Q2_25_50|FLAT_Q1_0_25,us_open|us_open|mcx_tail,1,43,0.0232558139534883,0.2,0.8498023715415018,0.0039525691699604,True,1.0,1.0
BRENT_session,2,post_ceasefire_complex,UP_Q2_25_50|UP_Q2_25_50|UP_Q1_0_25,india_midday|europe_midday|us_pre_open,1,43,0.0232558139534883,0.2,0.8498023715415018,0.0039525691699604,True,1.0,1.0
BRENT_session,2,post_ceasefire_complex,UP_Q2_25_50|UP_Q2_25_50|UP_Q3_50_75,europe_midday|us_pre_open|us_open,1,43,0.0232558139534883,0.2,0.8498023715415018,0.0039525691699604,True,1.0,1.0
BRENT_session,2,post_ceasefire_complex,UP_Q3_50_75|DOWN_Q2_25_50|DOWN_Q2_25_50,india_morning|india_midday|europe_midday,1,43,0.0232558139534883,0.2,0.8498023715415018,0.0039525691699604,True,1.0,1.0
BRENT_session,2,post_ceasefire_complex,UP_Q3_50_75|DOWN_Q2_25_50|UP_Q3_50_75,india_morning|india_midday|europe_midday,1,43,0.0232558139534883,0.2,0.8498023715415018,0.0039525691699604,True,1.0,1.0
BRENT_session,2,post_ceasefire_complex,UP_Q3_50_75|DOWN_Q4_75_90|UP_Q3_50_75,mcx_open_drive|india_morning|india_midday,1,43,0.0232558139534883,0.2,0.8498023715415018,0.0039525691699604,True,1.0,1.0
BRENT_session,2,post_ceasefire_complex,UP_Q3_50_75|DOWN_Q4_75_90|UP_Q5_90_100,india_morning|india_midday|europe_midday,1,43,0.0232558139534883,0.2,0.8498023715415018,0.0039525691699604,True,1.0,1.0
BRENT_session,2,post_ceasefire_complex,UP_Q3_50_75|UP_Q3_50_75|DOWN_Q2_25_50,india_midday|europe_midday|us_pre_open,1,43,0.0232558139534883,0.2,0.8498023715415018,0.0039525691699604,True,1.0,1.0
BRENT_session,2,post_ceasefire_complex,UP_Q3_50_75|UP_Q3_50_75|DOWN_Q3_50_75,india_morning|india_midday|europe_midday,1,43,0.0232558139534883,0.2,0.8498023715415018,0.0039525691699604,True,1.0,1.0
BRENT_session,2,post_ceasefire_complex,UP_Q3_50_75|UP_Q3_50_75|FLAT_Q2_25_50,us_open|us_open|mcx_tail,1,43,0.0232558139534883,0.2,0.8498023715415018,0.0039525691699604,True,1.0,1.0
BRENT_session,2,post_ceasefire_complex,UP_Q4_75_90|DOWN_Q2_25_50|UP_Q3_50_75,mcx_open_drive|india_morning|india_midday,1,43,0.0232558139534883,0.2,0.8498023715415018,0.0039525691699604,True,1.0,1.0
BRENT_session,2,post_ceasefire_complex,UP_Q4_75_90|DOWN_Q2_25_50|UP_Q4_75_90,us_open|us_open|mcx_tail,1,43,0.0232558139534883,0.2,0.8498023715415018,0.0039525691699604,True,1.0,1.0
WTI_session,2,post_ceasefire_complex,DOWN_Q2_25_50|DOWN_Q2_25_50|DOWN_Q2_25_50,europe_midday|us_pre_open|us_open,1,43,0.0232558139534883,0.2,0.8498023715415018,0.0039525691699604,True,1.0,1.0
WTI_session,2,post_ceasefire_complex,DOWN_Q2_25_50|DOWN_Q2_25_50|UP_Q2_25_50,europe_midday|us_pre_open|us_open,1,43,0.0232558139534883,0.2,0.8498023715415018,0.0039525691699604,True,1.0,1.0
WTI_session,2,post_ceasefire_complex,DOWN_Q2_25_50|DOWN_Q2_25_50|UP_Q3_50_75,us_open|mcx_tail|other_valid_hours,1,43,0.0232558139534883,0.2,0.8498023715415018,0.0039525691699604,True,1.0,1.0
WTI_session,2,post_ceasefire_complex,DOWN_Q3_50_75|UP_Q2_25_50|FLAT_Q1_0_25,mcx_open_drive|india_morning|india_midday,1,43,0.0232558139534883,0.2,0.8498023715415018,0.0039525691699604,True,1.0,1.0
WTI_session,2,post_ceasefire_complex,DOWN_Q3_50_75|UP_Q2_25_50|UP_Q2_25_50,us_open|us_open|mcx_tail,1,43,0.0232558139534883,0.2,0.8498023715415018,0.0039525691699604,True,1.0,1.0
WTI_session,2,post_ceasefire_complex,DOWN_Q3_50_75|UP_Q2_25_50|UP_Q4_75_90,india_morning|india_midday|europe_midday,1,43,0.0232558139534883,0.2,0.8498023715415018,0.0039525691699604,True,1.0,1.0
WTI_session,2,post_ceasefire_complex,DOWN_Q4_75_90|FLAT_Q1_0_25|DOWN_Q2_25_50,global_reopen_pre_mcx|mcx_open_drive|india_morning,1,43,0.0232558139534883,0.2,0.8498023715415018,0.0039525691699604,True,1.0,1.0
WTI_session,2,post_ceasefire_complex,DOWN_Q4_75_90|FLAT_Q1_0_25|DOWN_Q5_90_100,india_midday|europe_midday|us_pre_open,1,43,0.0232558139534883,0.2,0.8498023715415018,0.0039525691699604,True,1.0,1.0
WTI_session,2,post_ceasefire_complex,DOWN_Q4_75_90|FLAT_Q1_0_25|UP_Q5_90_100,us_pre_open|us_open|us_open,1,43,0.0232558139534883,0.2,0.8498023715415018,0.0039525691699604,True,1.0,1.0
WTI_session,2,post_ceasefire_complex,FLAT_Q1_0_25|UP_Q3_50_75|DOWN_Q2_25_50,europe_midday|us_pre_open|us_open,1,43,0.0232558139534883,0.2,0.8498023715415018,0.0039525691699604,True,1.0,1.0
WTI_session,2,post_ceasefire_complex,FLAT_Q1_0_25|UP_Q3_50_75|DOWN_Q3_50_75,us_open|us_open|mcx_tail,1,43,0.0232558139534883,0.2,0.8498023715415018,0.0039525691699604,True,1.0,1.0
WTI_session,2,post_ceasefire_complex,FLAT_Q1_0_25|UP_Q3_50_75|UP_Q1_0_25,india_midday|europe_midday|us_pre_open,1,43,0.0232558139534883,0.2,0.8498023715415018,0.0039525691699604,True,1.0,1.0
WTI_session,2,post_ceasefire_complex,FLAT_Q1_0_25|UP_Q3_50_75|UP_Q3_50_75,europe_midday|us_pre_open|us_open,1,43,0.0232558139534883,0.2,0.8498023715415018,0.0039525691699604,True,1.0,1.0
WTI_session,2,post_ceasefire_complex,FLAT_Q1_0_25|UP_Q3_50_75|UP_Q4_75_90,europe_midday|us_pre_open|us_open,1,43,0.0232558139534883,0.2,0.8498023715415018,0.0039525691699604,True,1.0,1.0
WTI_session,2,post_ceasefire_complex,FLAT_Q1_0_25|UP_Q5_90_100|DOWN_Q3_50_75,global_reopen_pre_mcx|mcx_open_drive|india_morning,1,43,0.0232558139534883,0.2,0.8498023715415018,0.0039525691699604,True,1.0,1.0
WTI_session,2,post_ceasefire_complex,FLAT_Q1_0_25|UP_Q5_90_100|DOWN_Q4_75_90,us_open|us_open|mcx_tail,1,43,0.0232558139534883,0.2,0.8498023715415018,0.0039525691699604,True,1.0,1.0
WTI_session,2,post_ceasefire_complex,FLAT_Q1_0_25|UP_Q5_90_100|DOWN_Q5_90_100,global_reopen_pre_mcx|mcx_open_drive|india_morning,1,43,0.0232558139534883,0.2,0.8498023715415018,0.0039525691699604,True,1.0,1.0
WTI_session,2,post_ceasefire_complex,FLAT_Q1_0_25|UP_Q5_90_100|UP_Q2_25_50,mcx_open_drive|india_morning|india_midday,1,43,0.0232558139534883,0.2,0.8498023715415018,0.0039525691699604,True,1.0,1.0
WTI_session,2,post_ceasefire_complex,FLAT_Q1_0_25|UP_Q5_90_100|UP_Q4_75_90,us_open|us_open|mcx_tail,1,43,0.0232558139534883,0.2,0.8498023715415018,0.0039525691699604,True,1.0,1.0
WTI_session,2,post_ceasefire_complex,FLAT_Q2_25_50|UP_Q3_50_75|UP_Q3_50_75,mcx_open_drive|india_morning|india_midday,1,43,0.0232558139534883,0.2,0.8498023715415018,0.0039525691699604,True,1.0,1.0
WTI_session,2,post_ceasefire_complex,UP_Q3_50_75|UP_Q3_50_75|DOWN_Q4_75_90,india_morning|india_midday|europe_midday,1,43,0.0232558139534883,0.2,0.8498023715415018,0.0039525691699604,True,1.0,1.0
WTI_session,2,post_ceasefire_complex,UP_Q4_75_90|DOWN_Q2_25_50|DOWN_Q4_75_90,us_open|us_open|mcx_tail,1,43,0.0232558139534883,0.2,0.8498023715415018,0.0039525691699604,True,1.0,1.0
WTI_session,2,post_ceasefire_complex,UP_Q4_75_90|DOWN_Q2_25_50|FLAT_Q1_0_25,us_open|us_open|mcx_tail,1,43,0.0232558139534883,0.2,0.8498023715415018,0.0039525691699604,True,1.0,1.0
WTI_session,2,post_ceasefire_complex,UP_Q4_75_90|DOWN_Q2_25_50|FLAT_Q2_25_50,us_open|us_open|mcx_tail,1,43,0.0232558139534883,0.2,0.8498023715415018,0.0039525691699604,True,1.0,1.0
WTI_session,2,post_ceasefire_complex,UP_Q4_75_90|DOWN_Q2_25_50|UP_Q3_50_75,india_midday|europe_midday|us_pre_open,1,43,0.0232558139534883,0.2,0.8498023715415018,0.0039525691699604,True,1.0,1.0
WTI_session,2,post_ceasefire_complex,UP_Q4_75_90|DOWN_Q2_25_50|UP_Q5_90_100,us_open|us_open|mcx_tail,1,43,0.0232558139534883,0.2,0.8498023715415018,0.0039525691699604,True,1.0,1.0
WTI_session,2,post_ceasefire_complex,UP_Q5_90_100|DOWN_Q5_90_100|DOWN_Q2_25_50,us_pre_open|us_open|us_open,1,43,0.0232558139534883,0.2,0.8498023715415018,0.0039525691699604,True,1.0,1.0
WTI_session,2,post_ceasefire_complex,UP_Q5_90_100|DOWN_Q5_90_100|UP_Q2_25_50,global_reopen_pre_mcx|mcx_open_drive|india_morning,1,43,0.0232558139534883,0.2,0.8498023715415018,0.0039525691699604,True,1.0,1.0
WTI_session,2,post_ceasefire_complex,UP_Q5_90_100|DOWN_Q5_90_100|UP_Q5_90_100,us_open|mcx_tail|other_valid_hours,1,43,0.0232558139534883,0.2,0.8498023715415018,0.0039525691699604,True,1.0,1.0
BRENT_session,2,post_ceasefire_complex,DOWN_Q3_50_75|UP_Q2_25_50|DOWN_Q2_25_50,europe_midday|us_pre_open|us_open,1,43,0.0232558139534883,0.25,0.8151658767772512,0.0037914691943127,True,1.0,1.0
BRENT_session,2,post_ceasefire_complex,DOWN_Q3_50_75|UP_Q2_25_50|FLAT_Q1_0_25,us_open|mcx_tail|other_valid_hours,1,43,0.0232558139534883,0.25,0.8151658767772512,0.0037914691943127,True,1.0,1.0
BRENT_session,2,post_ceasefire_complex,DOWN_Q3_50_75|UP_Q2_25_50|FLAT_Q2_25_50,us_open|us_open|mcx_tail,1,43,0.0232558139534883,0.25,0.8151658767772512,0.0037914691943127,True,1.0,1.0
BRENT_session,2,post_ceasefire_complex,DOWN_Q3_50_75|UP_Q2_25_50|UP_Q3_50_75,mcx_open_drive|india_morning|india_midday,1,43,0.0232558139534883,0.25,0.8151658767772512,0.0037914691943127,True,1.0,1.0
BRENT_session,2,post_ceasefire_complex,FLAT_Q1_0_25|FLAT_Q2_25_50|DOWN_Q3_50_75,global_reopen_pre_mcx|mcx_open_drive|india_morning,1,43,0.0232558139534883,0.25,0.8151658767772512,0.0037914691943127,True,1.0,1.0
BRENT_session,2,post_ceasefire_complex,FLAT_Q1_0_25|FLAT_Q2_25_50|FLAT_Q1_0_25,us_open|mcx_tail|other_valid_hours,1,43,0.0232558139534883,0.25,0.8151658767772512,0.0037914691943127,True,1.0,1.0
BRENT_session,2,post_ceasefire_complex,FLAT_Q1_0_25|FLAT_Q2_25_50|FLAT_Q2_25_50,us_open|mcx_tail|other_valid_hours,1,43,0.0232558139534883,0.25,0.8151658767772512,0.0037914691943127,True,1.0,1.0
BRENT_session,2,post_ceasefire_complex,FLAT_Q1_0_25|FLAT_Q2_25_50|UP_Q2_25_50,global_reopen_pre_mcx|mcx_open_drive|india_morning,1,43,0.0232558139534883,0.25,0.8151658767772512,0.0037914691943127,True,1.0,1.0
BRENT_session,2,post_ceasefire_complex,UP_Q2_25_50|DOWN_Q2_25_50|DOWN_Q2_25_50,india_morning|india_midday|europe_midday,1,43,0.0232558139534883,0.25,0.8151658767772512,0.0037914691943127,True,1.0,1.0
BRENT_session,2,post_ceasefire_complex,UP_Q2_25_50|DOWN_Q2_25_50|DOWN_Q5_90_100,india_morning|india_midday|europe_midday,1,43,0.0232558139534883,0.25,0.8151658767772512,0.0037914691943127,True,1.0,1.0
BRENT_session,2,post_ceasefire_complex,UP_Q2_25_50|DOWN_Q2_25_50|FLAT_Q1_0_25,us_pre_open|us_open|us_open,1,43,0.0232558139534883,0.25,0.8151658767772512,0.0037914691943127,True,1.0,1.0
BRENT_session,2,post_ceasefire_complex,UP_Q2_25_50|DOWN_Q2_25_50|UP_Q2_25_50,us_pre_open|us_open|us_open,1,43,0.0232558139534883,0.25,0.8151658767772512,0.0037914691943127,True,1.0,1.0
BRENT_session,2,post_ceasefire_complex,UP_Q2_25_50|DOWN_Q4_75_90|DOWN_Q2_25_50,india_morning|india_midday|europe_midday,1,43,0.0232558139534883,0.25,0.8151658767772512,0.0037914691943127,True,1.0,1.0
BRENT_session,2,post_ceasefire_complex,UP_Q2_25_50|DOWN_Q4_75_90|DOWN_Q3_50_75,global_reopen_pre_mcx|mcx_open_drive|india_morning,1,43,0.0232558139534883,0.25,0.8151658767772512,0.0037914691943127,True,1.0,1.0
BRENT_session,2,post_ceasefire_complex,UP_Q2_25_50|DOWN_Q4_75_90|FLAT_Q1_0_25,us_open|us_open|mcx_tail,1,43,0.0232558139534883,0.25,0.8151658767772512,0.0037914691943127,True,1.0,1.0
BRENT_session,2,post_ceasefire_complex,UP_Q2_25_50|DOWN_Q4_75_90|UP_Q3_50_75,global_reopen_pre_mcx|mcx_open_drive|india_morning,1,43,0.0232558139534883,0.25,0.8151658767772512,0.0037914691943127,True,1.0,1.0
BRENT_session,2,post_ceasefire_complex,UP_Q3_50_75|DOWN_Q5_90_100|DOWN_Q1_0_25,mcx_open_drive|india_morning|india_midday,1,43,0.0232558139534883,0.25,0.8151658767772512,0.0037914691943127,True,1.0,1.0
BRENT_session,2,post_ceasefire_complex,UP_Q3_50_75|DOWN_Q5_90_100|DOWN_Q5_90_100,india_morning|india_midday|europe_midday,1,43,0.0232558139534883,0.25,0.8151658767772512,0.0037914691943127,True,1.0,1.0
BRENT_session,2,post_ceasefire_complex,UP_Q3_50_75|DOWN_Q5_90_100|FLAT_Q1_0_25,us_open|us_open|mcx_tail,1,43,0.0232558139534883,0.25,0.8151658767772512,0.0037914691943127,True,1.0,1.0
BRENT_session,2,post_ceasefire_complex,UP_Q3_50_75|DOWN_Q5_90_100|UP_Q5_90_100,us_open|mcx_tail|other_valid_hours,1,43,0.0232558139534883,0.25,0.8151658767772512,0.0037914691943127,True,1.0,1.0
BRENT_session,2,post_ceasefire_complex,UP_Q3_50_75|FLAT_Q2_25_50|DOWN_Q4_75_90,us_open|mcx_tail|other_valid_hours,1,43,0.0232558139534883,0.25,0.8151658767772512,0.0037914691943127,True,1.0,1.0
BRENT_session,2,post_ceasefire_complex,UP_Q3_50_75|FLAT_Q2_25_50|FLAT_Q2_25_50,us_open|mcx_tail|other_valid_hours,1,43,0.0232558139534883,0.25,0.8151658767772512,0.0037914691943127,True,1.0,1.0
BRENT_session,2,post_ceasefire_complex,UP_Q3_50_75|FLAT_Q2_25_50|UP_Q4_75_90,global_reopen_pre_mcx|mcx_open_drive|india_morning,1,43,0.0232558139534883,0.25,0.8151658767772512,0.0037914691943127,True,1.0,1.0
BRENT_session,2,post_ceasefire_complex,UP_Q3_50_75|FLAT_Q2_25_50|UP_Q5_90_100,global_reopen_pre_mcx|mcx_open_drive|india_morning,1,43,0.0232558139534883,0.25,0.8151658767772512,0.0037914691943127,True,1.0,1.0
BRENT_session,2,post_ceasefire_complex,UP_Q3_50_75|UP_Q2_25_50|DOWN_Q3_50_75,india_morning|india_midday|europe_midday,1,43,0.0232558139534883,0.25,0.8151658767772512,0.0037914691943127,True,1.0,1.0
BRENT_session,2,post_ceasefire_complex,UP_Q3_50_75|UP_Q2_25_50|UP_Q2_25_50,us_pre_open|us_open|us_open,1,43,0.0232558139534883,0.25,0.8151658767772512,0.0037914691943127,True,1.0,1.0
WTI_session,2,post_ceasefire_complex,DOWN_Q2_25_50|DOWN_Q4_75_90|UP_Q1_0_25,india_midday|europe_midday|us_pre_open,1,43,0.0232558139534883,0.25,0.8151658767772512,0.0037914691943127,True,1.0,1.0
WTI_session,2,post_ceasefire_complex,DOWN_Q2_25_50|DOWN_Q4_75_90|UP_Q2_25_50,india_morning|india_midday|europe_midday,1,43,0.0232558139534883,0.25,0.8151658767772512,0.0037914691943127,True,1.0,1.0
WTI_session,2,post_ceasefire_complex,DOWN_Q2_25_50|DOWN_Q4_75_90|UP_Q3_50_75,us_open|us_open|mcx_tail,1,43,0.0232558139534883,0.25,0.8151658767772512,0.0037914691943127,True,1.0,1.0
WTI_session,2,post_ceasefire_complex,DOWN_Q2_25_50|DOWN_Q4_75_90|UP_Q5_90_100,us_open|mcx_tail|other_valid_hours,1,43,0.0232558139534883,0.25,0.8151658767772512,0.0037914691943127,True,1.0,1.0
WTI_session,2,post_ceasefire_complex,DOWN_Q2_25_50|UP_Q4_75_90|DOWN_Q3_50_75,us_pre_open|us_open|us_open,1,43,0.0232558139534883,0.25,0.8151658767772512,0.0037914691943127,True,1.0,1.0
WTI_session,2,post_ceasefire_complex,DOWN_Q2_25_50|UP_Q4_75_90|DOWN_Q5_90_100,us_open|us_open|mcx_tail,1,43,0.0232558139534883,0.25,0.8151658767772512,0.0037914691943127,True,1.0,1.0
WTI_session,2,post_ceasefire_complex,DOWN_Q2_25_50|UP_Q4_75_90|FLAT_Q2_25_50,us_open|mcx_tail|other_valid_hours,1,43,0.0232558139534883,0.25,0.8151658767772512,0.0037914691943127,True,1.0,1.0
WTI_session,2,post_ceasefire_complex,DOWN_Q2_25_50|UP_Q4_75_90|UP_Q5_90_100,us_pre_open|us_open|us_open,1,43,0.0232558139534883,0.25,0.8151658767772512,0.0037914691943127,True,1.0,1.0
WTI_session,2,post_ceasefire_complex,DOWN_Q5_90_100|DOWN_Q3_50_75|DOWN_Q5_90_100,india_morning|india_midday|europe_midday,1,43,0.0232558139534883,0.25,0.8151658767772512,0.0037914691943127,True,1.0,1.0
WTI_session,2,post_ceasefire_complex,DOWN_Q5_90_100|DOWN_Q3_50_75|FLAT_Q1_0_25,india_morning|india_midday|europe_midday,1,43,0.0232558139534883,0.25,0.8151658767772512,0.0037914691943127,True,1.0,1.0
WTI_session,2,post_ceasefire_complex,DOWN_Q5_90_100|DOWN_Q3_50_75|UP_Q3_50_75,india_morning|india_midday|europe_midday,1,43,0.0232558139534883,0.25,0.8151658767772512,0.0037914691943127,True,1.0,1.0
WTI_session,2,post_ceasefire_complex,DOWN_Q5_90_100|DOWN_Q3_50_75|UP_Q5_90_100,india_midday|europe_midday|us_pre_open,1,43,0.0232558139534883,0.25,0.8151658767772512,0.0037914691943127,True,1.0,1.0
WTI_session,2,post_ceasefire_complex,FLAT_Q1_0_25|FLAT_Q2_25_50|DOWN_Q2_25_50,global_reopen_pre_mcx|mcx_open_drive|india_morning,1,43,0.0232558139534883,0.25,0.8151658767772512,0.0037914691943127,True,1.0,1.0
WTI_session,2,post_ceasefire_complex,FLAT_Q1_0_25|FLAT_Q2_25_50|FLAT_Q1_0_25,global_reopen_pre_mcx|mcx_open_drive|india_morning,1,43,0.0232558139534883,0.25,0.8151658767772512,0.0037914691943127,True,1.0,1.0
WTI_session,2,post_ceasefire_complex,FLAT_Q1_0_25|FLAT_Q2_25_50|UP_Q3_50_75,global_reopen_pre_mcx|mcx_open_drive|india_morning,1,43,0.0232558139534883,0.25,0.8151658767772512,0.0037914691943127,True,1.0,1.0
WTI_session,2,post_ceasefire_complex,FLAT_Q1_0_25|FLAT_Q2_25_50|UP_Q4_75_90,global_reopen_pre_mcx|mcx_open_drive|india_morning,1,43,0.0232558139534883,0.25,0.8151658767772512,0.0037914691943127,True,1.0,1.0
WTI_session,2,post_ceasefire_complex,UP_Q2_25_50|DOWN_Q3_50_75|UP_Q2_25_50,us_open|mcx_tail|other_valid_hours,1,43,0.0232558139534883,0.25,0.8151658767772512,0.0037914691943127,True,1.0,1.0
WTI_session,2,post_ceasefire_complex,UP_Q2_25_50|DOWN_Q3_50_75|UP_Q3_50_75,europe_midday|us_pre_open|us_open,1,43,0.0232558139534883,0.25,0.8151658767772512,0.0037914691943127,True,1.0,1.0
WTI_session,2,post_ceasefire_complex,UP_Q2_25_50|FLAT_Q1_0_25|UP_Q2_25_50,india_midday|europe_midday|us_pre_open,1,43,0.0232558139534883,0.25,0.8151658767772512,0.0037914691943127,True,1.0,1.0
WTI_session,2,post_ceasefire_complex,UP_Q2_25_50|FLAT_Q1_0_25|UP_Q3_50_75,india_morning|india_midday|europe_midday,1,43,0.0232558139534883,0.25,0.8151658767772512,0.0037914691943127,True,1.0,1.0
WTI_session,2,post_ceasefire_complex,UP_Q2_25_50|UP_Q3_50_75|DOWN_Q2_25_50,us_pre_open|us_open|us_open,1,43,0.0232558139534883,0.25,0.8151658767772512,0.0037914691943127,True,1.0,1.0
WTI_session,2,post_ceasefire_complex,UP_Q2_25_50|UP_Q3_50_75|DOWN_Q3_50_75,europe_midday|us_pre_open|us_open,1,43,0.0232558139534883,0.25,0.8151658767772512,0.0037914691943127,True,1.0,1.0
WTI_session,2,post_ceasefire_complex,UP_Q2_25_50|UP_Q3_50_75|DOWN_Q4_75_90,india_midday|europe_midday|us_pre_open,1,43,0.0232558139534883,0.25,0.8151658767772512,0.0037914691943127,True,1.0,1.0
WTI_session,2,post_ceasefire_complex,UP_Q2_25_50|UP_Q3_50_75|DOWN_Q5_90_100,india_morning|india_midday|europe_midday,1,43,0.0232558139534883,0.25,0.8151658767772512,0.0037914691943127,True,1.0,1.0
WTI_session,2,post_ceasefire_complex,UP_Q3_50_75|UP_Q2_25_50|DOWN_Q3_50_75,india_morning|india_midday|europe_midday,1,43,0.0232558139534883,0.25,0.8151658767772512,0.0037914691943127,True,1.0,1.0
WTI_session,2,post_ceasefire_complex,UP_Q3_50_75|UP_Q2_25_50|FLAT_Q2_25_50,us_open|us_open|mcx_tail,1,43,0.0232558139534883,0.25,0.8151658767772512,0.0037914691943127,True,1.0,1.0
WTI_session,2,post_ceasefire_complex,UP_Q3_50_75|UP_Q2_25_50|UP_Q1_0_25,mcx_open_drive|india_morning|india_midday,1,43,0.0232558139534883,0.25,0.8151658767772512,0.0037914691943127,True,1.0,1.0
WTI_session,2,post_ceasefire_complex,UP_Q3_50_75|UP_Q2_25_50|UP_Q3_50_75,india_morning|india_midday|europe_midday,1,43,0.0232558139534883,0.25,0.8151658767772512,0.0037914691943127,True,1.0,1.0
WTI_session,2,post_ceasefire_complex,UP_Q3_50_75|UP_Q4_75_90|DOWN_Q3_50_75,india_midday|europe_midday|us_pre_open,1,43,0.0232558139534883,0.25,0.8151658767772512,0.0037914691943127,True,1.0,1.0
WTI_session,2,post_ceasefire_complex,UP_Q3_50_75|UP_Q4_75_90|UP_Q5_90_100,mcx_open_drive|india_morning|india_midday,1,43,0.0232558139534883,0.25,0.8151658767772512,0.0037914691943127,True,1.0,1.0
WTI_session,2,post_ceasefire_complex,UP_Q4_75_90|DOWN_Q3_50_75|DOWN_Q2_25_50,us_open|us_open|mcx_tail,1,43,0.0232558139534883,0.25,0.8151658767772512,0.0037914691943127,True,1.0,1.0
WTI_session,2,post_ceasefire_complex,UP_Q4_75_90|DOWN_Q3_50_75|DOWN_Q5_90_100,us_open|mcx_tail|other_valid_hours,1,43,0.0232558139534883,0.25,0.8151658767772512,0.0037914691943127,True,1.0,1.0
BRENT_session,2,post_ceasefire_complex,DOWN_Q2_25_50|DOWN_Q2_25_50|DOWN_Q3_50_75,india_midday|europe_midday|us_pre_open,1,43,0.0232558139534883,0.3333333333333333,0.7633136094674555,0.0035502958579881,True,1.0,1.0
BRENT_session,2,post_ceasefire_complex,DOWN_Q2_25_50|DOWN_Q2_25_50|DOWN_Q4_75_90,india_midday|europe_midday|us_pre_open,1,43,0.0232558139534883,0.3333333333333333,0.7633136094674555,0.0035502958579881,True,1.0,1.0
BRENT_session,2,post_ceasefire_complex,DOWN_Q2_25_50|DOWN_Q2_25_50|FLAT_Q1_0_25,us_open|us_open|mcx_tail,1,43,0.0232558139534883,0.3333333333333333,0.7633136094674555,0.0035502958579881,True,1.0,1.0
BRENT_session,2,post_ceasefire_complex,DOWN_Q2_25_50|DOWN_Q4_75_90|UP_Q2_25_50,india_midday|europe_midday|us_pre_open,1,43,0.0232558139534883,0.3333333333333333,0.7633136094674555,0.0035502958579881,True,1.0,1.0
BRENT_session,2,post_ceasefire_complex,DOWN_Q3_50_75|DOWN_Q2_25_50|DOWN_Q2_25_50,us_pre_open|us_open|us_open,1,43,0.0232558139534883,0.3333333333333333,0.7633136094674555,0.0035502958579881,True,1.0,1.0
BRENT_session,2,post_ceasefire_complex,DOWN_Q3_50_75|UP_Q4_75_90|DOWN_Q1_0_25,us_pre_open|us_open|us_open,1,43,0.0232558139534883,0.3333333333333333,0.7633136094674555,0.0035502958579881,True,1.0,1.0
BRENT_session,2,post_ceasefire_complex,DOWN_Q3_50_75|UP_Q4_75_90|UP_Q3_50_75,europe_midday|us_pre_open|us_open,1,43,0.0232558139534883,0.3333333333333333,0.7633136094674555,0.0035502958579881,True,1.0,1.0
BRENT_session,2,post_ceasefire_complex,DOWN_Q3_50_75|UP_Q4_75_90|UP_Q5_90_100,us_pre_open|us_open|us_open,1,43,0.0232558139534883,0.3333333333333333,0.7633136094674555,0.0035502958579881,True,1.0,1.0
BRENT_session,2,post_ceasefire_complex,DOWN_Q4_75_90|FLAT_Q1_0_25|DOWN_Q2_25_50,mcx_open_drive|india_morning|india_midday,1,43,0.0232558139534883,0.3333333333333333,0.7633136094674555,0.0035502958579881,True,1.0,1.0
BRENT_session,2,post_ceasefire_complex,DOWN_Q4_75_90|UP_Q5_90_100|DOWN_Q1_0_25,mcx_open_drive|india_morning|india_midday,1,43,0.0232558139534883,0.3333333333333333,0.7633136094674555,0.0035502958579881,True,1.0,1.0
BRENT_session,2,post_ceasefire_complex,DOWN_Q4_75_90|UP_Q5_90_100|FLAT_Q1_0_25,india_midday|europe_midday|us_pre_open,1,43,0.0232558139534883,0.3333333333333333,0.7633136094674555,0.0035502958579881,True,1.0,1.0
BRENT_session,2,post_ceasefire_complex,DOWN_Q4_75_90|UP_Q5_90_100|UP_Q2_25_50,europe_midday|us_pre_open|us_open,1,43,0.0232558139534883,0.3333333333333333,0.7633136094674555,0.0035502958579881,True,1.0,1.0
BRENT_session,2,post_ceasefire_complex,DOWN_Q5_90_100|UP_Q3_50_75|DOWN_Q5_90_100,us_open|us_open|mcx_tail,1,43,0.0232558139534883,0.3333333333333333,0.7633136094674555,0.0035502958579881,True,1.0,1.0
BRENT_session,2,post_ceasefire_complex,DOWN_Q5_90_100|UP_Q3_50_75|FLAT_Q1_0_25,europe_midday|us_pre_open|us_open,1,43,0.0232558139534883,0.3333333333333333,0.7633136094674555,0.0035502958579881,True,1.0,1.0
BRENT_session,2,post_ceasefire_complex,DOWN_Q5_90_100|UP_Q3_50_75|UP_Q3_50_75,us_open|mcx_tail|other_valid_hours,1,43,0.0232558139534883,0.3333333333333333,0.7633136094674555,0.0035502958579881,True,1.0,1.0
BRENT_session,2,post_ceasefire_complex,FLAT_Q1_0_25|DOWN_Q4_75_90|DOWN_Q2_25_50,europe_midday|us_pre_open|us_open,1,43,0.0232558139534883,0.3333333333333333,0.7633136094674555,0.0035502958579881,True,1.0,1.0
BRENT_session,2,post_ceasefire_complex,FLAT_Q1_0_25|DOWN_Q4_75_90|UP_Q3_50_75,europe_midday|us_pre_open|us_open,1,43,0.0232558139534883,0.3333333333333333,0.7633136094674555,0.0035502958579881,True,1.0,1.0
BRENT_session,2,post_ceasefire_complex,FLAT_Q1_0_25|DOWN_Q4_75_90|UP_Q5_90_100,global_reopen_pre_mcx|mcx_open_drive|india_morning,1,43,0.0232558139534883,0.3333333333333333,0.7633136094674555,0.0035502958579881,True,1.0,1.0
BRENT_session,2,post_ceasefire_complex,FLAT_Q1_0_25|DOWN_Q5_90_100|DOWN_Q2_25_50,us_pre_open|us_open|us_open,1,43,0.0232558139534883,0.3333333333333333,0.7633136094674555,0.0035502958579881,True,1.0,1.0
BRENT_session,2,post_ceasefire_complex,FLAT_Q1_0_25|UP_Q4_75_90|UP_Q4_75_90,global_reopen_pre_mcx|mcx_open_drive|india_morning,1,43,0.0232558139534883,0.3333333333333333,0.7633136094674555,0.0035502958579881,True,1.0,1.0
BRENT_session,2,post_ceasefire_complex,FLAT_Q2_25_50|UP_Q2_25_50|DOWN_Q2_25_50,mcx_open_drive|india_morning|india_midday,1,43,0.0232558139534883,0.3333333333333333,0.7633136094674555,0.0035502958579881,True,1.0,1.0
BRENT_session,2,post_ceasefire_complex,FLAT_Q2_25_50|UP_Q2_25_50|DOWN_Q4_75_90,mcx_open_drive|india_morning|india_midday,1,43,0.0232558139534883,0.3333333333333333,0.7633136094674555,0.0035502958579881,True,1.0,1.0
BRENT_session,2,post_ceasefire_complex,FLAT_Q2_25_50|UP_Q2_25_50|UP_Q5_90_100,europe_midday|us_pre_open|us_open,1,43,0.0232558139534883,0.3333333333333333,0.7633136094674555,0.0035502958579881,True,1.0,1.0
BRENT_session,2,post_ceasefire_complex,UP_Q1_0_25|DOWN_Q3_50_75|DOWN_Q3_50_75,us_pre_open|us_open|us_open,1,43,0.0232558139534883,0.3333333333333333,0.7633136094674555,0.0035502958579881,True,1.0,1.0
BRENT_session,2,post_ceasefire_complex,UP_Q1_0_25|DOWN_Q3_50_75|FLAT_Q1_0_25,us_pre_open|us_open|us_open,1,43,0.0232558139534883,0.3333333333333333,0.7633136094674555,0.0035502958579881,True,1.0,1.0
BRENT_session,2,post_ceasefire_complex,UP_Q1_0_25|DOWN_Q3_50_75|UP_Q1_0_25,us_pre_open|us_open|us_open,1,43,0.0232558139534883,0.3333333333333333,0.7633136094674555,0.0035502958579881,True,1.0,1.0
BRENT_session,2,post_ceasefire_complex,UP_Q2_25_50|UP_Q5_90_100|DOWN_Q3_50_75,us_open|us_open|mcx_tail,1,43,0.0232558139534883,0.3333333333333333,0.7633136094674555,0.0035502958579881,True,1.0,1.0
BRENT_session,2,post_ceasefire_complex,UP_Q2_25_50|UP_Q5_90_100|DOWN_Q5_90_100,global_reopen_pre_mcx|mcx_open_drive|india_morning,1,43,0.0232558139534883,0.3333333333333333,0.7633136094674555,0.0035502958579881,True,1.0,1.0
BRENT_session,2,post_ceasefire_complex,UP_Q2_25_50|UP_Q5_90_100|UP_Q3_50_75,us_pre_open|us_open|us_open,1,43,0.0232558139534883,0.3333333333333333,0.7633136094674555,0.0035502958579881,True,1.0,1.0
BRENT_session,2,post_ceasefire_complex,UP_Q3_50_75|UP_Q4_75_90|DOWN_Q1_0_25,india_midday|europe_midday|us_pre_open,1,43,0.0232558139534883,0.3333333333333333,0.7633136094674555,0.0035502958579881,True,1.0,1.0
BRENT_session,2,post_ceasefire_complex,UP_Q3_50_75|UP_Q4_75_90|DOWN_Q2_25_50,us_pre_open|us_open|us_open,1,43,0.0232558139534883,0.3333333333333333,0.7633136094674555,0.0035502958579881,True,1.0,1.0
BRENT_session,2,post_ceasefire_complex,UP_Q3_50_75|UP_Q4_75_90|DOWN_Q4_75_90,us_open|us_open|mcx_tail,1,43,0.0232558139534883,0.3333333333333333,0.7633136094674555,0.0035502958579881,True,1.0,1.0
BRENT_session,2,post_ceasefire_complex,UP_Q4_75_90|UP_Q3_50_75|DOWN_Q5_90_100,global_reopen_pre_mcx|mcx_open_drive|india_morning,1,43,0.0232558139534883,0.3333333333333333,0.7633136094674555,0.0035502958579881,True,1.0,1.0
BRENT_session,2,post_ceasefire_complex,UP_Q4_75_90|UP_Q3_50_75|UP_Q2_25_50,us_pre_open|us_open|us_open,1,43,0.0232558139534883,0.3333333333333333,0.7633136094674555,0.0035502958579881,True,1.0,1.0
BRENT_session,2,post_ceasefire_complex,UP_Q4_75_90|UP_Q3_50_75|UP_Q3_50_75,india_morning|india_midday|europe_midday,1,43,0.0232558139534883,0.3333333333333333,0.7633136094674555,0.0035502958579881,True,1.0,1.0
BRENT_session,2,post_ceasefire_complex,UP_Q4_75_90|UP_Q4_75_90|UP_Q4_75_90,mcx_open_drive|india_morning|india_midday,1,43,0.0232558139534883,0.3333333333333333,0.7633136094674555,0.0035502958579881,True,1.0,1.0
BRENT_session,2,post_ceasefire_complex,UP_Q5_90_100|DOWN_Q5_90_100|DOWN_Q1_0_25,us_pre_open|us_open|us_open,1,43,0.0232558139534883,0.3333333333333333,0.7633136094674555,0.0035502958579881,True,1.0,1.0
BRENT_session,2,post_ceasefire_complex,UP_Q5_90_100|DOWN_Q5_90_100|DOWN_Q5_90_100,mcx_open_drive|india_morning|india_midday,1,43,0.0232558139534883,0.3333333333333333,0.7633136094674555,0.0035502958579881,True,1.0,1.0
BRENT_session,2,post_ceasefire_complex,UP_Q5_90_100|DOWN_Q5_90_100|UP_Q5_90_100,us_open|mcx_tail|other_valid_hours,1,43,0.0232558139534883,0.3333333333333333,0.7633136094674555,0.0035502958579881,True,1.0,1.0
BRENT_session,2,post_ceasefire_complex,UP_Q5_90_100|UP_Q2_25_50|DOWN_Q2_25_50,mcx_open_drive|india_morning|india_midday,1,43,0.0232558139534883,0.3333333333333333,0.7633136094674555,0.0035502958579881,True,1.0,1.0
BRENT_session,2,post_ceasefire_complex,UP_Q5_90_100|UP_Q2_25_50|UP_Q2_25_50,india_morning|india_midday|europe_midday,1,43,0.0232558139534883,0.3333333333333333,0.7633136094674555,0.0035502958579881,True,1.0,1.0
BRENT_session,2,post_ceasefire_complex,UP_Q5_90_100|UP_Q2_25_50|UP_Q5_90_100,us_pre_open|us_open|us_open,1,43,0.0232558139534883,0.3333333333333333,0.7633136094674555,0.0035502958579881,True,1.0,1.0
WTI_session,2,post_ceasefire_complex,DOWN_Q2_25_50|FLAT_Q2_25_50|UP_Q3_50_75,global_reopen_pre_mcx|mcx_open_drive|india_morning,1,43,0.0232558139534883,0.3333333333333333,0.7633136094674555,0.0035502958579881,True,1.0,1.0
WTI_session,2,post_ceasefire_complex,DOWN_Q2_25_50|UP_Q2_25_50|DOWN_Q5_90_100,india_midday|europe_midday|us_pre_open,1,43,0.0232558139534883,0.3333333333333333,0.7633136094674555,0.0035502958579881,True,1.0,1.0
WTI_session,2,post_ceasefire_complex,DOWN_Q2_25_50|UP_Q2_25_50|UP_Q1_0_25,us_pre_open|us_open|us_open,1,43,0.0232558139534883,0.3333333333333333,0.7633136094674555,0.0035502958579881,True,1.0,1.0
WTI_session,2,post_ceasefire_complex,DOWN_Q2_25_50|UP_Q2_25_50|UP_Q4_75_90,us_pre_open|us_open|us_open,1,43,0.0232558139534883,0.3333333333333333,0.7633136094674555,0.0035502958579881,True,1.0,1.0
WTI_session,2,post_ceasefire_complex,DOWN_Q3_50_75|DOWN_Q3_50_75|DOWN_Q3_50_75,us_open|us_open|mcx_tail,1,43,0.0232558139534883,0.3333333333333333,0.7633136094674555,0.0035502958579881,True,1.0,1.0
WTI_session,2,post_ceasefire_complex,DOWN_Q3_50_75|DOWN_Q3_50_75|DOWN_Q4_75_90,india_morning|india_midday|europe_midday,1,43,0.0232558139534883,0.3333333333333333,0.7633136094674555,0.0035502958579881,True,1.0,1.0
WTI_session,2,post_ceasefire_complex,DOWN_Q3_50_75|DOWN_Q3_50_75|FLAT_Q1_0_25,us_open|mcx_tail|other_valid_hours,1,43,0.0232558139534883,0.3333333333333333,0.7633136094674555,0.0035502958579881,True,1.0,1.0
WTI_session,2,post_ceasefire_complex,DOWN_Q3_50_75|DOWN_Q4_75_90|DOWN_Q4_75_90,mcx_open_drive|india_morning|india_midday,1,43,0.0232558139534883,0.3333333333333333,0.7633136094674555,0.0035502958579881,True,1.0,1.0
WTI_session,2,post_ceasefire_complex,DOWN_Q3_50_75|DOWN_Q4_75_90|UP_Q2_25_50,global_reopen_pre_mcx|mcx_open_drive|india_morning,1,43,0.0232558139534883,0.3333333333333333,0.7633136094674555,0.0035502958579881,True,1.0,1.0
WTI_session,2,post_ceasefire_complex,DOWN_Q3_50_75|DOWN_Q4_75_90|UP_Q3_50_75,india_midday|europe_midday|us_pre_open,1,43,0.0232558139534883,0.3333333333333333,0.7633136094674555,0.0035502958579881,True,1.0,1.0
WTI_session,2,post_ceasefire_complex,DOWN_Q4_75_90|DOWN_Q3_50_75|DOWN_Q2_25_50,india_midday|europe_midday|us_pre_open,1,43,0.0232558139534883,0.3333333333333333,0.7633136094674555,0.0035502958579881,True,1.0,1.0
WTI_session,2,post_ceasefire_complex,DOWN_Q4_75_90|DOWN_Q3_50_75|FLAT_Q1_0_25,global_reopen_pre_mcx|mcx_open_drive|india_morning,1,43,0.0232558139534883,0.3333333333333333,0.7633136094674555,0.0035502958579881,True,1.0,1.0
WTI_session,2,post_ceasefire_complex,DOWN_Q4_75_90|DOWN_Q3_50_75|UP_Q4_75_90,india_midday|europe_midday|us_pre_open,1,43,0.0232558139534883,0.3333333333333333,0.7633136094674555,0.0035502958579881,True,1.0,1.0
WTI_session,2,post_ceasefire_complex,DOWN_Q5_90_100|FLAT_Q1_0_25|FLAT_Q1_0_25,europe_midday|us_pre_open|us_open,1,43,0.0232558139534883,0.3333333333333333,0.7633136094674555,0.0035502958579881,True,1.0,1.0
WTI_session,2,post_ceasefire_complex,DOWN_Q5_90_100|UP_Q2_25_50|FLAT_Q1_0_25,europe_midday|us_pre_open|us_open,1,43,0.0232558139534883,0.3333333333333333,0.7633136094674555,0.0035502958579881,True,1.0,1.0
WTI_session,2,post_ceasefire_complex,DOWN_Q5_90_100|UP_Q2_25_50|UP_Q2_25_50,mcx_open_drive|india_morning|india_midday,1,43,0.0232558139534883,0.3333333333333333,0.7633136094674555,0.0035502958579881,True,1.0,1.0
WTI_session,2,post_ceasefire_complex,DOWN_Q5_90_100|UP_Q2_25_50|UP_Q4_75_90,us_pre_open|us_open|us_open,1,43,0.0232558139534883,0.3333333333333333,0.7633136094674555,0.0035502958579881,True,1.0,1.0
WTI_session,2,post_ceasefire_complex,DOWN_Q5_90_100|UP_Q3_50_75|DOWN_Q2_25_50,mcx_open_drive|india_morning|india_midday,1,43,0.0232558139534883,0.3333333333333333,0.7633136094674555,0.0035502958579881,True,1.0,1.0
WTI_session,2,post_ceasefire_complex,DOWN_Q5_90_100|UP_Q3_50_75|DOWN_Q5_90_100,us_open|us_open|mcx_tail,1,43,0.0232558139534883,0.3333333333333333,0.7633136094674555,0.0035502958579881,True,1.0,1.0
WTI_session,2,post_ceasefire_complex,DOWN_Q5_90_100|UP_Q3_50_75|FLAT_Q1_0_25,india_morning|india_midday|europe_midday,1,43,0.0232558139534883,0.3333333333333333,0.7633136094674555,0.0035502958579881,True,1.0,1.0
WTI_session,2,post_ceasefire_complex,FLAT_Q2_25_50|FLAT_Q1_0_25|DOWN_Q1_0_25,mcx_open_drive|india_morning|india_midday,1,43,0.0232558139534883,0.3333333333333333,0.7633136094674555,0.0035502958579881,True,1.0,1.0
WTI_session,2,post_ceasefire_complex,FLAT_Q2_25_50|FLAT_Q1_0_25|DOWN_Q4_75_90,mcx_open_drive|india_morning|india_midday,1,43,0.0232558139534883,0.3333333333333333,0.7633136094674555,0.0035502958579881,True,1.0,1.0
WTI_session,2,post_ceasefire_complex,FLAT_Q2_25_50|FLAT_Q1_0_25|FLAT_Q1_0_25,mcx_open_drive|india_morning|india_midday,1,43,0.0232558139534883,0.3333333333333333,0.7633136094674555,0.0035502958579881,True,1.0,1.0
WTI_session,2,post_ceasefire_complex,UP_Q2_25_50|DOWN_Q2_25_50|UP_Q5_90_100,india_midday|europe_midday|us_pre_open,1,43,0.0232558139534883,0.3333333333333333,0.7633136094674555,0.0035502958579881,True,1.0,1.0
WTI_session,2,post_ceasefire_complex,UP_Q2_25_50|DOWN_Q4_75_90|FLAT_Q1_0_25,india_midday|europe_midday|us_pre_open,1,43,0.0232558139534883,0.3333333333333333,0.7633136094674555,0.0035502958579881,True,1.0,1.0
WTI_session,2,post_ceasefire_complex,UP_Q2_25_50|DOWN_Q4_75_90|UP_Q3_50_75,us_open|mcx_tail|other_valid_hours,1,43,0.0232558139534883,0.3333333333333333,0.7633136094674555,0.0035502958579881,True,1.0,1.0
WTI_session,2,post_ceasefire_complex,UP_Q2_25_50|DOWN_Q4_75_90|UP_Q4_75_90,global_reopen_pre_mcx|mcx_open_drive|india_morning,1,43,0.0232558139534883,0.3333333333333333,0.7633136094674555,0.0035502958579881,True,1.0,1.0
WTI_session,2,post_ceasefire_complex,UP_Q2_25_50|DOWN_Q5_90_100|DOWN_Q3_50_75,india_morning|india_midday|europe_midday,1,43,0.0232558139534883,0.3333333333333333,0.7633136094674555,0.0035502958579881,True,1.0,1.0
WTI_session,2,post_ceasefire_complex,UP_Q2_25_50|DOWN_Q5_90_100|DOWN_Q4_75_90,europe_midday|us_pre_open|us_open,1,43,0.0232558139534883,0.3333333333333333,0.7633136094674555,0.0035502958579881,True,1.0,1.0
WTI_session,2,post_ceasefire_complex,UP_Q2_25_50|DOWN_Q5_90_100|FLAT_Q2_25_50,us_open|us_open|mcx_tail,1,43,0.0232558139534883,0.3333333333333333,0.7633136094674555,0.0035502958579881,True,1.0,1.0
WTI_session,2,post_ceasefire_complex,UP_Q2_25_50|FLAT_Q2_25_50|DOWN_Q5_90_100,us_open|mcx_tail|other_valid_hours,1,43,0.0232558139534883,0.3333333333333333,0.7633136094674555,0.0035502958579881,True,1.0,1.0
WTI_session,2,post_ceasefire_complex,UP_Q2_25_50|FLAT_Q2_25_50|FLAT_Q1_0_25,global_reopen_pre_mcx|mcx_open_drive|india_morning,1,43,0.0232558139534883,0.3333333333333333,0.7633136094674555,0.0035502958579881,True,1.0,1.0
WTI_session,2,post_ceasefire_complex,UP_Q2_25_50|FLAT_Q2_25_50|UP_Q3_50_75,global_reopen_pre_mcx|mcx_open_drive|india_morning,1,43,0.0232558139534883,0.3333333333333333,0.7633136094674555,0.0035502958579881,True,1.0,1.0
WTI_session,2,post_ceasefire_complex,UP_Q2_25_50|UP_Q1_0_25|DOWN_Q4_75_90,india_morning|india_midday|europe_midday,1,43,0.0232558139534883,0.3333333333333333,0.7633136094674555,0.0035502958579881,True,1.0,1.0
WTI_session,2,post_ceasefire_complex,UP_Q2_25_50|UP_Q2_25_50|DOWN_Q2_25_50,india_morning|india_midday|europe_midday,1,43,0.0232558139534883,0.3333333333333333,0.7633136094674555,0.0035502958579881,True,1.0,1.0
WTI_session,2,post_ceasefire_complex,UP_Q2_25_50|UP_Q2_25_50|DOWN_Q4_75_90,india_morning|india_midday|europe_midday,1,43,0.0232558139534883,0.3333333333333333,0.7633136094674555,0.0035502958579881,True,1.0,1.0
WTI_session,2,post_ceasefire_complex,UP_Q2_25_50|UP_Q2_25_50|FLAT_Q1_0_25,us_open|mcx_tail|other_valid_hours,1,43,0.0232558139534883,0.3333333333333333,0.7633136094674555,0.0035502958579881,True,1.0,1.0
WTI_session,2,post_ceasefire_complex,UP_Q2_25_50|UP_Q4_75_90|DOWN_Q3_50_75,us_open|us_open|mcx_tail,1,43,0.0232558139534883,0.3333333333333333,0.7633136094674555,0.0035502958579881,True,1.0,1.0
WTI_session,2,post_ceasefire_complex,UP_Q2_25_50|UP_Q4_75_90|FLAT_Q1_0_25,us_open|us_open|mcx_tail,1,43,0.0232558139534883,0.3333333333333333,0.7633136094674555,0.0035502958579881,True,1.0,1.0
WTI_session,2,post_ceasefire_complex,UP_Q2_25_50|UP_Q4_75_90|UP_Q4_75_90,india_midday|europe_midday|us_pre_open,1,43,0.0232558139534883,0.3333333333333333,0.7633136094674555,0.0035502958579881,True,1.0,1.0
WTI_session,2,post_ceasefire_complex,UP_Q3_50_75|DOWN_Q5_90_100|DOWN_Q3_50_75,mcx_open_drive|india_morning|india_midday,1,43,0.0232558139534883,0.3333333333333333,0.7633136094674555,0.0035502958579881,True,1.0,1.0
WTI_session,2,post_ceasefire_complex,UP_Q3_50_75|DOWN_Q5_90_100|UP_Q2_25_50,india_midday|europe_midday|us_pre_open,1,43,0.0232558139534883,0.3333333333333333,0.7633136094674555,0.0035502958579881,True,1.0,1.0
WTI_session,2,post_ceasefire_complex,UP_Q3_50_75|DOWN_Q5_90_100|UP_Q5_90_100,us_open|mcx_tail|other_valid_hours,1,43,0.0232558139534883,0.3333333333333333,0.7633136094674555,0.0035502958579881,True,1.0,1.0
WTI_session,2,post_ceasefire_complex,UP_Q4_75_90|FLAT_Q1_0_25|DOWN_Q3_50_75,us_open|mcx_tail|other_valid_hours,1,43,0.0232558139534883,0.3333333333333333,0.7633136094674555,0.0035502958579881,True,1.0,1.0
WTI_session,2,post_ceasefire_complex,UP_Q4_75_90|FLAT_Q1_0_25|DOWN_Q5_90_100,us_pre_open|us_open|us_open,1,43,0.0232558139534883,0.3333333333333333,0.7633136094674555,0.0035502958579881,True,1.0,1.0
WTI_session,2,post_ceasefire_complex,UP_Q4_75_90|FLAT_Q1_0_25|FLAT_Q1_0_25,global_reopen_pre_mcx|mcx_open_drive|india_morning,1,43,0.0232558139534883,0.3333333333333333,0.7633136094674555,0.0035502958579881,True,1.0,1.0
WTI_session,2,post_ceasefire_complex,UP_Q4_75_90|UP_Q5_90_100|FLAT_Q1_0_25,india_morning|india_midday|europe_midday,1,43,0.0232558139534883,0.3333333333333333,0.7633136094674555,0.0035502958579881,True,1.0,1.0
WTI_session,2,post_ceasefire_complex,UP_Q5_90_100|FLAT_Q1_0_25|DOWN_Q5_90_100,europe_midday|us_pre_open|us_open,1,43,0.0232558139534883,0.3333333333333333,0.7633136094674555,0.0035502958579881,True,1.0,1.0
WTI_session,2,post_ceasefire_complex,UP_Q5_90_100|FLAT_Q1_0_25|FLAT_Q1_0_25,mcx_open_drive|india_morning|india_midday,1,43,0.0232558139534883,0.3333333333333333,0.7633136094674555,0.0035502958579881,True,1.0,1.0
WTI_session,2,post_ceasefire_complex,UP_Q5_90_100|FLAT_Q1_0_25|UP_Q3_50_75,india_midday|europe_midday|us_pre_open,1,43,0.0232558139534883,0.3333333333333333,0.7633136094674555,0.0035502958579881,True,1.0,1.0
BRENT_session,2,post_ceasefire_complex,DOWN_Q1_0_25|DOWN_Q2_25_50|DOWN_Q1_0_25,india_midday|europe_midday|us_pre_open,1,43,0.0232558139534883,0.5,0.6771653543307087,0.0031496062992125,True,1.0,1.0
BRENT_session,2,post_ceasefire_complex,DOWN_Q1_0_25|DOWN_Q2_25_50|FLAT_Q1_0_25,us_open|mcx_tail|other_valid_hours,1,43,0.0232558139534883,0.5,0.6771653543307087,0.0031496062992125,True,1.0,1.0
BRENT_session,2,post_ceasefire_complex,DOWN_Q1_0_25|UP_Q3_50_75|FLAT_Q1_0_25,india_morning|india_midday|europe_midday,1,43,0.0232558139534883,0.5,0.6771653543307087,0.0031496062992125,True,1.0,1.0
BRENT_session,2,post_ceasefire_complex,DOWN_Q1_0_25|UP_Q3_50_75|UP_Q3_50_75,us_pre_open|us_open|us_open,1,43,0.0232558139534883,0.5,0.6771653543307087,0.0031496062992125,True,1.0,1.0
BRENT_session,2,post_ceasefire_complex,DOWN_Q2_25_50|DOWN_Q1_0_25|FLAT_Q1_0_25,europe_midday|us_pre_open|us_open,1,43,0.0232558139534883,0.5,0.6771653543307087,0.0031496062992125,True,1.0,1.0
BRENT_session,2,post_ceasefire_complex,DOWN_Q2_25_50|DOWN_Q1_0_25|UP_Q3_50_75,europe_midday|us_pre_open|us_open,1,43,0.0232558139534883,0.5,0.6771653543307087,0.0031496062992125,True,1.0,1.0
BRENT_session,2,post_ceasefire_complex,DOWN_Q2_25_50|DOWN_Q3_50_75|DOWN_Q2_25_50,europe_midday|us_pre_open|us_open,1,43,0.0232558139534883,0.5,0.6771653543307087,0.0031496062992125,True,1.0,1.0
BRENT_session,2,post_ceasefire_complex,DOWN_Q2_25_50|DOWN_Q3_50_75|FLAT_Q1_0_25,india_midday|europe_midday|us_pre_open,1,43,0.0232558139534883,0.5,0.6771653543307087,0.0031496062992125,True,1.0,1.0
BRENT_session,2,post_ceasefire_complex,DOWN_Q2_25_50|DOWN_Q5_90_100|UP_Q1_0_25,india_midday|europe_midday|us_pre_open,1,43,0.0232558139534883,0.5,0.6771653543307087,0.0031496062992125,True,1.0,1.0
BRENT_session,2,post_ceasefire_complex,DOWN_Q2_25_50|DOWN_Q5_90_100|UP_Q4_75_90,europe_midday|us_pre_open|us_open,1,43,0.0232558139534883,0.5,0.6771653543307087,0.0031496062992125,True,1.0,1.0
BRENT_session,2,post_ceasefire_complex,DOWN_Q2_25_50|UP_Q3_50_75|DOWN_Q2_25_50,india_midday|europe_midday|us_pre_open,1,43,0.0232558139534883,0.5,0.6771653543307087,0.0031496062992125,True,1.0,1.0
BRENT_session,2,post_ceasefire_complex,DOWN_Q2_25_50|UP_Q3_50_75|FLAT_Q1_0_25,india_morning|india_midday|europe_midday,1,43,0.0232558139534883,0.5,0.6771653543307087,0.0031496062992125,True,1.0,1.0
BRENT_session,2,post_ceasefire_complex,DOWN_Q2_25_50|UP_Q4_75_90|DOWN_Q5_90_100,us_open|mcx_tail|other_valid_hours,1,43,0.0232558139534883,0.5,0.6771653543307087,0.0031496062992125,True,1.0,1.0
BRENT_session,2,post_ceasefire_complex,DOWN_Q2_25_50|UP_Q4_75_90|FLAT_Q2_25_50,india_morning|india_midday|europe_midday,1,43,0.0232558139534883,0.5,0.6771653543307087,0.0031496062992125,True,1.0,1.0
BRENT_session,2,post_ceasefire_complex,DOWN_Q2_25_50|UP_Q5_90_100|DOWN_Q5_90_100,europe_midday|us_pre_open|us_open,1,43,0.0232558139534883,0.5,0.6771653543307087,0.0031496062992125,True,1.0,1.0
BRENT_session,2,post_ceasefire_complex,DOWN_Q2_25_50|UP_Q5_90_100|FLAT_Q2_25_50,us_open|mcx_tail|other_valid_hours,1,43,0.0232558139534883,0.5,0.6771653543307087,0.0031496062992125,True,1.0,1.0
BRENT_session,2,post_ceasefire_complex,DOWN_Q3_50_75|DOWN_Q4_75_90|DOWN_Q3_50_75,india_morning|india_midday|europe_midday,1,43,0.0232558139534883,0.5,0.6771653543307087,0.0031496062992125,True,1.0,1.0
BRENT_session,2,post_ceasefire_complex,DOWN_Q3_50_75|DOWN_Q4_75_90|FLAT_Q1_0_25,global_reopen_pre_mcx|mcx_open_drive|india_morning,1,43,0.0232558139534883,0.5,0.6771653543307087,0.0031496062992125,True,1.0,1.0
BRENT_session,2,post_ceasefire_complex,DOWN_Q3_50_75|UP_Q1_0_25|DOWN_Q5_90_100,mcx_open_drive|india_morning|india_midday,1,43,0.0232558139534883,0.5,0.6771653543307087,0.0031496062992125,True,1.0,1.0
BRENT_session,2,post_ceasefire_complex,DOWN_Q3_50_75|UP_Q1_0_25|FLAT_Q1_0_25,us_open|us_open|mcx_tail,1,43,0.0232558139534883,0.5,0.6771653543307087,0.0031496062992125,True,1.0,1.0
BRENT_session,2,post_ceasefire_complex,DOWN_Q4_75_90|DOWN_Q2_25_50|DOWN_Q4_75_90,us_pre_open|us_open|us_open,1,43,0.0232558139534883,0.5,0.6771653543307087,0.0031496062992125,True,1.0,1.0
BRENT_session,2,post_ceasefire_complex,DOWN_Q4_75_90|DOWN_Q2_25_50|DOWN_Q5_90_100,india_midday|europe_midday|us_pre_open,1,43,0.0232558139534883,0.5,0.6771653543307087,0.0031496062992125,True,1.0,1.0
BRENT_session,2,post_ceasefire_complex,DOWN_Q4_75_90|UP_Q2_25_50|DOWN_Q2_25_50,europe_midday|us_pre_open|us_open,1,43,0.0232558139534883,0.5,0.6771653543307087,0.0031496062992125,True,1.0,1.0
BRENT_session,2,post_ceasefire_complex,DOWN_Q4_75_90|UP_Q2_25_50|DOWN_Q5_90_100,mcx_open_drive|india_morning|india_midday,1,43,0.0232558139534883,0.5,0.6771653543307087,0.0031496062992125,True,1.0,1.0
BRENT_session,2,post_ceasefire_complex,DOWN_Q4_75_90|UP_Q4_75_90|DOWN_Q2_25_50,europe_midday|us_pre_open|us_open,1,43,0.0232558139534883,0.5,0.6771653543307087,0.0031496062992125,True,1.0,1.0
BRENT_session,2,post_ceasefire_complex,DOWN_Q4_75_90|UP_Q4_75_90|UP_Q2_25_50,global_reopen_pre_mcx|mcx_open_drive|india_morning,1,43,0.0232558139534883,0.5,0.6771653543307087,0.0031496062992125,True,1.0,1.0
BRENT_session,2,post_ceasefire_complex,DOWN_Q5_90_100|DOWN_Q1_0_25|FLAT_Q1_0_25,india_morning|india_midday|europe_midday,1,43,0.0232558139534883,0.5,0.6771653543307087,0.0031496062992125,True,1.0,1.0
BRENT_session,2,post_ceasefire_complex,DOWN_Q5_90_100|DOWN_Q1_0_25|FLAT_Q2_25_50,us_open|us_open|mcx_tail,1,43,0.0232558139534883,0.5,0.6771653543307087,0.0031496062992125,True,1.0,1.0
BRENT_session,2,post_ceasefire_complex,DOWN_Q5_90_100|DOWN_Q3_50_75|UP_Q1_0_25,global_reopen_pre_mcx|mcx_open_drive|india_morning,1,43,0.0232558139534883,0.5,0.6771653543307087,0.0031496062992125,True,1.0,1.0
BRENT_session,2,post_ceasefire_complex,DOWN_Q5_90_100|DOWN_Q3_50_75|UP_Q5_90_100,india_midday|europe_midday|us_pre_open,1,43,0.0232558139534883,0.5,0.6771653543307087,0.0031496062992125,True,1.0,1.0
BRENT_session,2,post_ceasefire_complex,DOWN_Q5_90_100|DOWN_Q4_75_90|UP_Q4_75_90,india_midday|europe_midday|us_pre_open,1,43,0.0232558139534883,0.5,0.6771653543307087,0.0031496062992125,True,1.0,1.0
BRENT_session,2,post_ceasefire_complex,DOWN_Q5_90_100|DOWN_Q4_75_90|UP_Q5_90_100,india_midday|europe_midday|us_pre_open,1,43,0.0232558139534883,0.5,0.6771653543307087,0.0031496062992125,True,1.0,1.0
BRENT_session,2,post_ceasefire_complex,DOWN_Q5_90_100|DOWN_Q5_90_100|DOWN_Q3_50_75,india_morning|india_midday|europe_midday,1,43,0.0232558139534883,0.5,0.6771653543307087,0.0031496062992125,True,1.0,1.0
BRENT_session,2,post_ceasefire_complex,DOWN_Q5_90_100|DOWN_Q5_90_100|UP_Q2_25_50,india_midday|europe_midday|us_pre_open,1,43,0.0232558139534883,0.5,0.6771653543307087,0.0031496062992125,True,1.0,1.0
BRENT_session,2,post_ceasefire_complex,DOWN_Q5_90_100|FLAT_Q1_0_25|DOWN_Q2_25_50,global_reopen_pre_mcx|mcx_open_drive|india_morning,1,43,0.0232558139534883,0.5,0.6771653543307087,0.0031496062992125,True,1.0,1.0
BRENT_session,2,post_ceasefire_complex,DOWN_Q5_90_100|FLAT_Q1_0_25|DOWN_Q4_75_90,us_open|mcx_tail|other_valid_hours,1,43,0.0232558139534883,0.5,0.6771653543307087,0.0031496062992125,True,1.0,1.0
BRENT_session,2,post_ceasefire_complex,FLAT_Q1_0_25|UP_Q5_90_100|DOWN_Q4_75_90,us_open|us_open|mcx_tail,1,43,0.0232558139534883,0.5,0.6771653543307087,0.0031496062992125,True,1.0,1.0
BRENT_session,2,post_ceasefire_complex,FLAT_Q1_0_25|UP_Q5_90_100|UP_Q3_50_75,us_open|us_open|mcx_tail,1,43,0.0232558139534883,0.5,0.6771653543307087,0.0031496062992125,True,1.0,1.0
BRENT_session,2,post_ceasefire_complex,UP_Q1_0_25|DOWN_Q5_90_100|DOWN_Q4_75_90,india_morning|india_midday|europe_midday,1,43,0.0232558139534883,0.5,0.6771653543307087,0.0031496062992125,True,1.0,1.0
BRENT_session,2,post_ceasefire_complex,UP_Q1_0_25|DOWN_Q5_90_100|UP_Q3_50_75,india_midday|europe_midday|us_pre_open,1,43,0.0232558139534883,0.5,0.6771653543307087,0.0031496062992125,True,1.0,1.0
BRENT_session,2,post_ceasefire_complex,UP_Q2_25_50|DOWN_Q3_50_75|FLAT_Q1_0_25,india_midday|europe_midday|us_pre_open,1,43,0.0232558139534883,0.5,0.6771653543307087,0.0031496062992125,True,1.0,1.0
BRENT_session,2,post_ceasefire_complex,UP_Q2_25_50|DOWN_Q3_50_75|UP_Q2_25_50,us_open|us_open|mcx_tail,1,43,0.0232558139534883,0.5,0.6771653543307087,0.0031496062992125,True,1.0,1.0
BRENT_session,2,post_ceasefire_complex,UP_Q2_25_50|DOWN_Q5_90_100|DOWN_Q4_75_90,india_morning|india_midday|europe_midday,1,43,0.0232558139534883,0.5,0.6771653543307087,0.0031496062992125,True,1.0,1.0
BRENT_session,2,post_ceasefire_complex,UP_Q2_25_50|DOWN_Q5_90_100|UP_Q2_25_50,india_morning|india_midday|europe_midday,1,43,0.0232558139534883,0.5,0.6771653543307087,0.0031496062992125,True,1.0,1.0
BRENT_session,2,post_ceasefire_complex,UP_Q2_25_50|FLAT_Q2_25_50|DOWN_Q2_25_50,us_open|mcx_tail|other_valid_hours,1,43,0.0232558139534883,0.5,0.6771653543307087,0.0031496062992125,True,1.0,1.0
BRENT_session,2,post_ceasefire_complex,UP_Q2_25_50|FLAT_Q2_25_50|UP_Q1_0_25,india_midday|europe_midday|us_pre_open,1,43,0.0232558139534883,0.5,0.6771653543307087,0.0031496062992125,True,1.0,1.0
BRENT_session,2,post_ceasefire_complex,UP_Q2_25_50|UP_Q1_0_25|DOWN_Q3_50_75,europe_midday|us_pre_open|us_open,1,43,0.0232558139534883,0.5,0.6771653543307087,0.0031496062992125,True,1.0,1.0
BRENT_session,2,post_ceasefire_complex,UP_Q2_25_50|UP_Q1_0_25|DOWN_Q4_75_90,india_morning|india_midday|europe_midday,1,43,0.0232558139534883,0.5,0.6771653543307087,0.0031496062992125,True,1.0,1.0
BRENT_session,2,post_ceasefire_complex,UP_Q4_75_90|DOWN_Q1_0_25|DOWN_Q2_25_50,us_open|us_open|mcx_tail,1,43,0.0232558139534883,0.5,0.6771653543307087,0.0031496062992125,True,1.0,1.0
BRENT_session,2,post_ceasefire_complex,UP_Q4_75_90|DOWN_Q1_0_25|FLAT_Q1_0_25,europe_midday|us_pre_open|us_open,1,43,0.0232558139534883,0.5,0.6771653543307087,0.0031496062992125,True,1.0,1.0
BRENT_session,2,post_ceasefire_complex,UP_Q4_75_90|DOWN_Q4_75_90|DOWN_Q3_50_75,mcx_open_drive|india_morning|india_midday,1,43,0.0232558139534883,0.5,0.6771653543307087,0.0031496062992125,True,1.0,1.0
BRENT_session,2,post_ceasefire_complex,UP_Q4_75_90|DOWN_Q4_75_90|UP_Q3_50_75,us_open|mcx_tail|other_valid_hours,1,43,0.0232558139534883,0.5,0.6771653543307087,0.0031496062992125,True,1.0,1.0
BRENT_session,2,post_ceasefire_complex,UP_Q4_75_90|FLAT_Q1_0_25|FLAT_Q2_25_50,us_open|mcx_tail|other_valid_hours,1,43,0.0232558139534883,0.5,0.6771653543307087,0.0031496062992125,True,1.0,1.0
BRENT_session,2,post_ceasefire_complex,UP_Q4_75_90|FLAT_Q1_0_25|UP_Q3_50_75,india_midday|europe_midday|us_pre_open,1,43,0.0232558139534883,0.5,0.6771653543307087,0.0031496062992125,True,1.0,1.0
BRENT_session,2,post_ceasefire_complex,UP_Q5_90_100|DOWN_Q4_75_90|UP_Q2_25_50,global_reopen_pre_mcx|mcx_open_drive|india_morning,1,43,0.0232558139534883,0.5,0.6771653543307087,0.0031496062992125,True,1.0,1.0
BRENT_session,2,post_ceasefire_complex,UP_Q5_90_100|DOWN_Q4_75_90|UP_Q4_75_90,us_open|mcx_tail|other_valid_hours,1,43,0.0232558139534883,0.5,0.6771653543307087,0.0031496062992125,True,1.0,1.0
BRENT_session,2,post_ceasefire_complex,UP_Q5_90_100|FLAT_Q1_0_25|DOWN_Q5_90_100,europe_midday|us_pre_open|us_open,1,43,0.0232558139534883,0.5,0.6771653543307087,0.0031496062992125,True,1.0,1.0
BRENT_session,2,post_ceasefire_complex,UP_Q5_90_100|FLAT_Q1_0_25|FLAT_Q1_0_25,us_pre_open|us_open|us_open,1,43,0.0232558139534883,0.5,0.6771653543307087,0.0031496062992125,True,1.0,1.0
BRENT_session,2,post_ceasefire_complex,UP_Q5_90_100|UP_Q3_50_75|DOWN_Q3_50_75,us_open|mcx_tail|other_valid_hours,1,43,0.0232558139534883,0.5,0.6771653543307087,0.0031496062992125,True,1.0,1.0
BRENT_session,2,post_ceasefire_complex,UP_Q5_90_100|UP_Q3_50_75|FLAT_Q1_0_25,us_open|us_open|mcx_tail,1,43,0.0232558139534883,0.5,0.6771653543307087,0.0031496062992125,True,1.0,1.0
WTI_session,2,post_ceasefire_complex,DOWN_Q2_25_50|DOWN_Q5_90_100|FLAT_Q1_0_25,india_midday|europe_midday|us_pre_open,1,43,0.0232558139534883,0.5,0.6771653543307087,0.0031496062992125,True,1.0,1.0
WTI_session,2,post_ceasefire_complex,DOWN_Q2_25_50|DOWN_Q5_90_100|UP_Q3_50_75,global_reopen_pre_mcx|mcx_open_drive|india_morning,1,43,0.0232558139534883,0.5,0.6771653543307087,0.0031496062992125,True,1.0,1.0
WTI_session,2,post_ceasefire_complex,DOWN_Q3_50_75|DOWN_Q2_25_50|FLAT_Q2_25_50,us_open|mcx_tail|other_valid_hours,1,43,0.0232558139534883,0.5,0.6771653543307087,0.0031496062992125,True,1.0,1.0
WTI_session,2,post_ceasefire_complex,DOWN_Q3_50_75|DOWN_Q2_25_50|UP_Q4_75_90,europe_midday|us_pre_open|us_open,1,43,0.0232558139534883,0.5,0.6771653543307087,0.0031496062992125,True,1.0,1.0
WTI_session,2,post_ceasefire_complex,DOWN_Q4_75_90|DOWN_Q1_0_25|FLAT_Q1_0_25,india_morning|india_midday|europe_midday,1,43,0.0232558139534883,0.5,0.6771653543307087,0.0031496062992125,True,1.0,1.0
WTI_session,2,post_ceasefire_complex,DOWN_Q4_75_90|DOWN_Q1_0_25|UP_Q3_50_75,europe_midday|us_pre_open|us_open,1,43,0.0232558139534883,0.5,0.6771653543307087,0.0031496062992125,True,1.0,1.0
WTI_session,2,post_ceasefire_complex,DOWN_Q4_75_90|DOWN_Q2_25_50|DOWN_Q4_75_90,us_pre_open|us_open|us_open,1,43,0.0232558139534883,0.5,0.6771653543307087,0.0031496062992125,True,1.0,1.0
WTI_session,2,post_ceasefire_complex,DOWN_Q4_75_90|DOWN_Q2_25_50|FLAT_Q1_0_25,india_midday|europe_midday|us_pre_open,1,43,0.0232558139534883,0.5,0.6771653543307087,0.0031496062992125,True,1.0,1.0
WTI_session,2,post_ceasefire_complex,DOWN_Q4_75_90|DOWN_Q4_75_90|DOWN_Q3_50_75,india_morning|india_midday|europe_midday,1,43,0.0232558139534883,0.5,0.6771653543307087,0.0031496062992125,True,1.0,1.0
WTI_session,2,post_ceasefire_complex,DOWN_Q4_75_90|DOWN_Q4_75_90|UP_Q2_25_50,global_reopen_pre_mcx|mcx_open_drive|india_morning,1,43,0.0232558139534883,0.5,0.6771653543307087,0.0031496062992125,True,1.0,1.0
WTI_session,2,post_ceasefire_complex,DOWN_Q4_75_90|UP_Q4_75_90|DOWN_Q1_0_25,mcx_open_drive|india_morning|india_midday,1,43,0.0232558139534883,0.5,0.6771653543307087,0.0031496062992125,True,1.0,1.0
WTI_session,2,post_ceasefire_complex,DOWN_Q4_75_90|UP_Q4_75_90|DOWN_Q2_25_50,india_morning|india_midday|europe_midday,1,43,0.0232558139534883,0.5,0.6771653543307087,0.0031496062992125,True,1.0,1.0
WTI_session,2,post_ceasefire_complex,DOWN_Q5_90_100|UP_Q4_75_90|DOWN_Q2_25_50,us_pre_open|us_open|us_open,1,43,0.0232558139534883,0.5,0.6771653543307087,0.0031496062992125,True,1.0,1.0
WTI_session,2,post_ceasefire_complex,DOWN_Q5_90_100|UP_Q4_75_90|FLAT_Q1_0_25,us_open|mcx_tail|other_valid_hours,1,43,0.0232558139534883,0.5,0.6771653543307087,0.0031496062992125,True,1.0,1.0
WTI_session,2,post_ceasefire_complex,DOWN_Q5_90_100|UP_Q5_90_100|DOWN_Q3_50_75,global_reopen_pre_mcx|mcx_open_drive|india_morning,1,43,0.0232558139534883,0.5,0.6771653543307087,0.0031496062992125,True,1.0,1.0
WTI_session,2,post_ceasefire_complex,DOWN_Q5_90_100|UP_Q5_90_100|FLAT_Q2_25_50,us_open|mcx_tail|other_valid_hours,1,43,0.0232558139534883,0.5,0.6771653543307087,0.0031496062992125,True,1.0,1.0
WTI_session,2,post_ceasefire_complex,FLAT_Q1_0_25|UP_Q1_0_25|FLAT_Q1_0_25,europe_midday|us_pre_open|us_open,1,43,0.0232558139534883,0.5,0.6771653543307087,0.0031496062992125,True,1.0,1.0
WTI_session,2,post_ceasefire_complex,FLAT_Q1_0_25|UP_Q1_0_25|UP_Q2_25_50,india_morning|india_midday|europe_midday,1,43,0.0232558139534883,0.5,0.6771653543307087,0.0031496062992125,True,1.0,1.0
WTI_session,2,post_ceasefire_complex,FLAT_Q2_25_50|DOWN_Q4_75_90|FLAT_Q1_0_25,europe_midday|us_pre_open|us_open,1,43,0.0232558139534883,0.5,0.6771653543307087,0.0031496062992125,True,1.0,1.0
WTI_session,2,post_ceasefire_complex,FLAT_Q2_25_50|DOWN_Q4_75_90|UP_Q4_75_90,mcx_open_drive|india_morning|india_midday,1,43,0.0232558139534883,0.5,0.6771653543307087,0.0031496062992125,True,1.0,1.0
WTI_session,2,post_ceasefire_complex,FLAT_Q2_25_50|UP_Q4_75_90|DOWN_Q3_50_75,mcx_open_drive|india_morning|india_midday,1,43,0.0232558139534883,0.5,0.6771653543307087,0.0031496062992125,True,1.0,1.0
WTI_session,2,post_ceasefire_complex,FLAT_Q2_25_50|UP_Q4_75_90|UP_Q3_50_75,mcx_open_drive|india_morning|india_midday,1,43,0.0232558139534883,0.5,0.6771653543307087,0.0031496062992125,True,1.0,1.0
WTI_session,2,post_ceasefire_complex,UP_Q1_0_25|FLAT_Q1_0_25|DOWN_Q2_25_50,us_pre_open|us_open|us_open,1,43,0.0232558139534883,0.5,0.6771653543307087,0.0031496062992125,True,1.0,1.0
WTI_session,2,post_ceasefire_complex,UP_Q1_0_25|FLAT_Q1_0_25|FLAT_Q1_0_25,us_pre_open|us_open|us_open,1,43,0.0232558139534883,0.5,0.6771653543307087,0.0031496062992125,True,1.0,1.0
WTI_session,2,post_ceasefire_complex,UP_Q1_0_25|UP_Q3_50_75|DOWN_Q3_50_75,us_open|mcx_tail|other_valid_hours,1,43,0.0232558139534883,0.5,0.6771653543307087,0.0031496062992125,True,1.0,1.0
WTI_session,2,post_ceasefire_complex,UP_Q1_0_25|UP_Q3_50_75|FLAT_Q2_25_50,us_open|mcx_tail|other_valid_hours,1,43,0.0232558139534883,0.5,0.6771653543307087,0.0031496062992125,True,1.0,1.0
WTI_session,2,post_ceasefire_complex,UP_Q1_0_25|UP_Q4_75_90|DOWN_Q2_25_50,us_pre_open|us_open|us_open,1,43,0.0232558139534883,0.5,0.6771653543307087,0.0031496062992125,True,1.0,1.0
WTI_session,2,post_ceasefire_complex,UP_Q1_0_25|UP_Q4_75_90|UP_Q4_75_90,us_pre_open|us_open|us_open,1,43,0.0232558139534883,0.5,0.6771653543307087,0.0031496062992125,True,1.0,1.0
WTI_session,2,post_ceasefire_complex,UP_Q4_75_90|DOWN_Q5_90_100|FLAT_Q1_0_25,us_open|mcx_tail|other_valid_hours,1,43,0.0232558139534883,0.5,0.6771653543307087,0.0031496062992125,True,1.0,1.0
WTI_session,2,post_ceasefire_complex,UP_Q4_75_90|DOWN_Q5_90_100|UP_Q3_50_75,us_open|mcx_tail|other_valid_hours,1,43,0.0232558139534883,0.5,0.6771653543307087,0.0031496062992125,True,1.0,1.0
WTI_session,2,post_ceasefire_complex,UP_Q4_75_90|UP_Q3_50_75|UP_Q2_25_50,us_pre_open|us_open|us_open,1,43,0.0232558139534883,0.5,0.6771653543307087,0.0031496062992125,True,1.0,1.0
WTI_session,2,post_ceasefire_complex,UP_Q4_75_90|UP_Q3_50_75|UP_Q4_75_90,india_morning|india_midday|europe_midday,1,43,0.0232558139534883,0.5,0.6771653543307087,0.0031496062992125,True,1.0,1.0
WTI_session,2,post_ceasefire_complex,UP_Q4_75_90|UP_Q4_75_90|DOWN_Q5_90_100,us_open|us_open|mcx_tail,1,43,0.0232558139534883,0.5,0.6771653543307087,0.0031496062992125,True,1.0,1.0
WTI_session,2,post_ceasefire_complex,UP_Q4_75_90|UP_Q4_75_90|FLAT_Q1_0_25,europe_midday|us_pre_open|us_open,1,43,0.0232558139534883,0.5,0.6771653543307087,0.0031496062992125,True,1.0,1.0
WTI_session,2,post_ceasefire_complex,UP_Q5_90_100|DOWN_Q2_25_50|DOWN_Q2_25_50,india_midday|europe_midday|us_pre_open,1,43,0.0232558139534883,0.5,0.6771653543307087,0.0031496062992125,True,1.0,1.0
WTI_session,2,post_ceasefire_complex,UP_Q5_90_100|DOWN_Q2_25_50|FLAT_Q1_0_25,us_pre_open|us_open|us_open,1,43,0.0232558139534883,0.5,0.6771653543307087,0.0031496062992125,True,1.0,1.0
WTI_session,2,post_ceasefire_complex,UP_Q5_90_100|DOWN_Q3_50_75|DOWN_Q3_50_75,mcx_open_drive|india_morning|india_midday,1,43,0.0232558139534883,0.5,0.6771653543307087,0.0031496062992125,True,1.0,1.0
WTI_session,2,post_ceasefire_complex,UP_Q5_90_100|DOWN_Q3_50_75|UP_Q2_25_50,mcx_open_drive|india_morning|india_midday,1,43,0.0232558139534883,0.5,0.6771653543307087,0.0031496062992125,True,1.0,1.0
BRENT_session,2,post_ceasefire_complex,DOWN_Q1_0_25|FLAT_Q2_25_50|UP_Q2_25_50,us_open|mcx_tail|other_valid_hours,1,43,0.0232558139534883,1.0,0.5058823529411764,0.0023529411764705,True,1.0,1.0
BRENT_session,2,post_ceasefire_complex,DOWN_Q1_0_25|UP_Q2_25_50|FLAT_Q1_0_25,us_pre_open|us_open|us_open,1,43,0.0232558139534883,1.0,0.5058823529411764,0.0023529411764705,True,1.0,1.0
BRENT_session,2,post_ceasefire_complex,DOWN_Q2_25_50|FLAT_Q2_25_50|UP_Q2_25_50,global_reopen_pre_mcx|mcx_open_drive|india_morning,1,43,0.0232558139534883,1.0,0.5058823529411764,0.0023529411764705,True,1.0,1.0
BRENT_session,2,post_ceasefire_complex,DOWN_Q2_25_50|UP_Q2_25_50|FLAT_Q1_0_25,us_open|us_open|mcx_tail,1,43,0.0232558139534883,1.0,0.5058823529411764,0.0023529411764705,True,1.0,1.0
BRENT_session,2,post_ceasefire_complex,DOWN_Q3_50_75|DOWN_Q1_0_25|UP_Q2_25_50,europe_midday|us_pre_open|us_open,1,43,0.0232558139534883,1.0,0.5058823529411764,0.0023529411764705,True,1.0,1.0
BRENT_session,2,post_ceasefire_complex,DOWN_Q3_50_75|UP_Q5_90_100|FLAT_Q1_0_25,europe_midday|us_pre_open|us_open,1,43,0.0232558139534883,1.0,0.5058823529411764,0.0023529411764705,True,1.0,1.0
BRENT_session,2,post_ceasefire_complex,DOWN_Q4_75_90|UP_Q1_0_25|DOWN_Q5_90_100,india_morning|india_midday|europe_midday,1,43,0.0232558139534883,1.0,0.5058823529411764,0.0023529411764705,True,1.0,1.0
BRENT_session,2,post_ceasefire_complex,DOWN_Q5_90_100|DOWN_Q2_25_50|UP_Q5_90_100,us_open|us_open|mcx_tail,1,43,0.0232558139534883,1.0,0.5058823529411764,0.0023529411764705,True,1.0,1.0
BRENT_session,2,post_ceasefire_complex,DOWN_Q5_90_100|FLAT_Q2_25_50|DOWN_Q4_75_90,global_reopen_pre_mcx|mcx_open_drive|india_morning,1,43,0.0232558139534883,1.0,0.5058823529411764,0.0023529411764705,True,1.0,1.0
BRENT_session,2,post_ceasefire_complex,DOWN_Q5_90_100|UP_Q1_0_25|DOWN_Q3_50_75,europe_midday|us_pre_open|us_open,1,43,0.0232558139534883,1.0,0.5058823529411764,0.0023529411764705,True,1.0,1.0
BRENT_session,2,post_ceasefire_complex,DOWN_Q5_90_100|UP_Q4_75_90|UP_Q4_75_90,us_pre_open|us_open|us_open,1,43,0.0232558139534883,1.0,0.5058823529411764,0.0023529411764705,True,1.0,1.0
BRENT_session,2,post_ceasefire_complex,FLAT_Q1_0_25|UP_Q1_0_25|DOWN_Q1_0_25,mcx_open_drive|india_morning|india_midday,1,43,0.0232558139534883,1.0,0.5058823529411764,0.0023529411764705,True,1.0,1.0
BRENT_session,2,post_ceasefire_complex,FLAT_Q2_25_50|DOWN_Q2_25_50|UP_Q4_75_90,mcx_open_drive|india_morning|india_midday,1,43,0.0232558139534883,1.0,0.5058823529411764,0.0023529411764705,True,1.0,1.0
BRENT_session,2,post_ceasefire_complex,FLAT_Q2_25_50|DOWN_Q3_50_75|UP_Q3_50_75,mcx_open_drive|india_morning|india_midday,1,43,0.0232558139534883,1.0,0.5058823529411764,0.0023529411764705,True,1.0,1.0
BRENT_session,2,post_ceasefire_complex,FLAT_Q2_25_50|DOWN_Q4_75_90|UP_Q1_0_25,mcx_open_drive|india_morning|india_midday,1,43,0.0232558139534883,1.0,0.5058823529411764,0.0023529411764705,True,1.0,1.0
BRENT_session,2,post_ceasefire_complex,FLAT_Q2_25_50|FLAT_Q1_0_25|DOWN_Q2_25_50,mcx_open_drive|india_morning|india_midday,1,43,0.0232558139534883,1.0,0.5058823529411764,0.0023529411764705,True,1.0,1.0
BRENT_session,2,post_ceasefire_complex,FLAT_Q2_25_50|UP_Q1_0_25|DOWN_Q3_50_75,europe_midday|us_pre_open|us_open,1,43,0.0232558139534883,1.0,0.5058823529411764,0.0023529411764705,True,1.0,1.0
BRENT_session,2,post_ceasefire_complex,FLAT_Q2_25_50|UP_Q3_50_75|DOWN_Q5_90_100,mcx_open_drive|india_morning|india_midday,1,43,0.0232558139534883,1.0,0.5058823529411764,0.0023529411764705,True,1.0,1.0
BRENT_session,2,post_ceasefire_complex,FLAT_Q2_25_50|UP_Q4_75_90|UP_Q3_50_75,mcx_open_drive|india_morning|india_midday,1,43,0.0232558139534883,1.0,0.5058823529411764,0.0023529411764705,True,1.0,1.0
BRENT_session,2,post_ceasefire_complex,FLAT_Q2_25_50|UP_Q5_90_100|UP_Q2_25_50,mcx_open_drive|india_morning|india_midday,1,43,0.0232558139534883,1.0,0.5058823529411764,0.0023529411764705,True,1.0,1.0
BRENT_session,2,post_ceasefire_complex,FLAT_Q3_50_75|UP_Q2_25_50|DOWN_Q5_90_100,mcx_open_drive|india_morning|india_midday,1,43,0.0232558139534883,1.0,0.5058823529411764,0.0023529411764705,True,1.0,1.0
BRENT_session,2,post_ceasefire_complex,FLAT_Q3_50_75|UP_Q3_50_75|DOWN_Q4_75_90,mcx_open_drive|india_morning|india_midday,1,43,0.0232558139534883,1.0,0.5058823529411764,0.0023529411764705,True,1.0,1.0
BRENT_session,2,post_ceasefire_complex,UP_Q1_0_25|DOWN_Q1_0_25|DOWN_Q2_25_50,india_morning|india_midday|europe_midday,1,43,0.0232558139534883,1.0,0.5058823529411764,0.0023529411764705,True,1.0,1.0
BRENT_session,2,post_ceasefire_complex,UP_Q1_0_25|DOWN_Q4_75_90|UP_Q3_50_75,india_midday|europe_midday|us_pre_open,1,43,0.0232558139534883,1.0,0.5058823529411764,0.0023529411764705,True,1.0,1.0
BRENT_session,2,post_ceasefire_complex,UP_Q1_0_25|FLAT_Q1_0_25|FLAT_Q1_0_25,us_open|mcx_tail|other_valid_hours,1,43,0.0232558139534883,1.0,0.5058823529411764,0.0023529411764705,True,1.0,1.0
BRENT_session,2,post_ceasefire_complex,UP_Q2_25_50|FLAT_Q3_50_75|UP_Q3_50_75,global_reopen_pre_mcx|mcx_open_drive|india_morning,1,43,0.0232558139534883,1.0,0.5058823529411764,0.0023529411764705,True,1.0,1.0
BRENT_session,2,post_ceasefire_complex,UP_Q2_25_50|UP_Q4_75_90|DOWN_Q2_25_50,india_morning|india_midday|europe_midday,1,43,0.0232558139534883,1.0,0.5058823529411764,0.0023529411764705,True,1.0,1.0
BRENT_session,2,post_ceasefire_complex,UP_Q3_50_75|DOWN_Q1_0_25|UP_Q3_50_75,mcx_open_drive|india_morning|india_midday,1,43,0.0232558139534883,1.0,0.5058823529411764,0.0023529411764705,True,1.0,1.0
BRENT_session,2,post_ceasefire_complex,UP_Q3_50_75|FLAT_Q3_50_75|UP_Q2_25_50,global_reopen_pre_mcx|mcx_open_drive|india_morning,1,43,0.0232558139534883,1.0,0.5058823529411764,0.0023529411764705,True,1.0,1.0
BRENT_session,2,post_ceasefire_complex,UP_Q3_50_75|UP_Q5_90_100|UP_Q2_25_50,global_reopen_pre_mcx|mcx_open_drive|india_morning,1,43,0.0232558139534883,1.0,0.5058823529411764,0.0023529411764705,True,1.0,1.0
BRENT_session,2,post_ceasefire_complex,UP_Q4_75_90|DOWN_Q3_50_75|UP_Q2_25_50,global_reopen_pre_mcx|mcx_open_drive|india_morning,1,43,0.0232558139534883,1.0,0.5058823529411764,0.0023529411764705,True,1.0,1.0
BRENT_session,2,post_ceasefire_complex,UP_Q4_75_90|FLAT_Q2_25_50|UP_Q2_25_50,india_midday|europe_midday|us_pre_open,1,43,0.0232558139534883,1.0,0.5058823529411764,0.0023529411764705,True,1.0,1.0
BRENT_session,2,post_ceasefire_complex,UP_Q4_75_90|UP_Q2_25_50|UP_Q1_0_25,mcx_open_drive|india_morning|india_midday,1,43,0.0232558139534883,1.0,0.5058823529411764,0.0023529411764705,True,1.0,1.0
BRENT_session,2,post_ceasefire_complex,UP_Q4_75_90|UP_Q5_90_100|DOWN_Q5_90_100,us_open|us_open|mcx_tail,1,43,0.0232558139534883,1.0,0.5058823529411764,0.0023529411764705,True,1.0,1.0
BRENT_session,2,post_ceasefire_complex,UP_Q5_90_100|DOWN_Q1_0_25|FLAT_Q1_0_25,india_morning|india_midday|europe_midday,1,43,0.0232558139534883,1.0,0.5058823529411764,0.0023529411764705,True,1.0,1.0
BRENT_session,2,post_ceasefire_complex,UP_Q5_90_100|DOWN_Q2_25_50|DOWN_Q1_0_25,india_midday|europe_midday|us_pre_open,1,43,0.0232558139534883,1.0,0.5058823529411764,0.0023529411764705,True,1.0,1.0
BRENT_session,2,post_ceasefire_complex,UP_Q5_90_100|DOWN_Q3_50_75|UP_Q4_75_90,us_open|mcx_tail|other_valid_hours,1,43,0.0232558139534883,1.0,0.5058823529411764,0.0023529411764705,True,1.0,1.0
BRENT_session,2,post_ceasefire_complex,UP_Q5_90_100|UP_Q4_75_90|DOWN_Q4_75_90,global_reopen_pre_mcx|mcx_open_drive|india_morning,1,43,0.0232558139534883,1.0,0.5058823529411764,0.0023529411764705,True,1.0,1.0
WTI_session,2,post_ceasefire_complex,DOWN_Q1_0_25|DOWN_Q4_75_90|DOWN_Q5_90_100,india_midday|europe_midday|us_pre_open,1,43,0.0232558139534883,1.0,0.5058823529411764,0.0023529411764705,True,1.0,1.0
WTI_session,2,post_ceasefire_complex,DOWN_Q1_0_25|FLAT_Q1_0_25|DOWN_Q4_75_90,india_midday|europe_midday|us_pre_open,1,43,0.0232558139534883,1.0,0.5058823529411764,0.0023529411764705,True,1.0,1.0
WTI_session,2,post_ceasefire_complex,DOWN_Q1_0_25|FLAT_Q2_25_50|DOWN_Q4_75_90,india_midday|europe_midday|us_pre_open,1,43,0.0232558139534883,1.0,0.5058823529411764,0.0023529411764705,True,1.0,1.0
WTI_session,2,post_ceasefire_complex,DOWN_Q1_0_25|UP_Q3_50_75|FLAT_Q1_0_25,us_pre_open|us_open|us_open,1,43,0.0232558139534883,1.0,0.5058823529411764,0.0023529411764705,True,1.0,1.0
WTI_session,2,post_ceasefire_complex,DOWN_Q2_25_50|DOWN_Q3_50_75|DOWN_Q4_75_90,global_reopen_pre_mcx|mcx_open_drive|india_morning,1,43,0.0232558139534883,1.0,0.5058823529411764,0.0023529411764705,True,1.0,1.0
WTI_session,2,post_ceasefire_complex,DOWN_Q3_50_75|DOWN_Q5_90_100|UP_Q1_0_25,india_midday|europe_midday|us_pre_open,1,43,0.0232558139534883,1.0,0.5058823529411764,0.0023529411764705,True,1.0,1.0
WTI_session,2,post_ceasefire_complex,DOWN_Q3_50_75|FLAT_Q2_25_50|DOWN_Q4_75_90,global_reopen_pre_mcx|mcx_open_drive|india_morning,1,43,0.0232558139534883,1.0,0.5058823529411764,0.0023529411764705,True,1.0,1.0
WTI_session,2,post_ceasefire_complex,DOWN_Q3_50_75|FLAT_Q3_50_75|FLAT_Q1_0_25,global_reopen_pre_mcx|mcx_open_drive|india_morning,1,43,0.0232558139534883,1.0,0.5058823529411764,0.0023529411764705,True,1.0,1.0
WTI_session,2,post_ceasefire_complex,DOWN_Q3_50_75|UP_Q4_75_90|UP_Q3_50_75,europe_midday|us_pre_open|us_open,1,43,0.0232558139534883,1.0,0.5058823529411764,0.0023529411764705,True,1.0,1.0
WTI_session,2,post_ceasefire_complex,DOWN_Q3_50_75|UP_Q5_90_100|DOWN_Q2_25_50,europe_midday|us_pre_open|us_open,1,43,0.0232558139534883,1.0,0.5058823529411764,0.0023529411764705,True,1.0,1.0
WTI_session,2,post_ceasefire_complex,DOWN_Q4_75_90|DOWN_Q5_90_100|UP_Q4_75_90,europe_midday|us_pre_open|us_open,1,43,0.0232558139534883,1.0,0.5058823529411764,0.0023529411764705,True,1.0,1.0
WTI_session,2,post_ceasefire_complex,DOWN_Q4_75_90|UP_Q1_0_25|UP_Q4_75_90,europe_midday|us_pre_open|us_open,1,43,0.0232558139534883,1.0,0.5058823529411764,0.0023529411764705,True,1.0,1.0
WTI_session,2,post_ceasefire_complex,DOWN_Q4_75_90|UP_Q5_90_100|FLAT_Q1_0_25,india_midday|europe_midday|us_pre_open,1,43,0.0232558139534883,1.0,0.5058823529411764,0.0023529411764705,True,1.0,1.0
WTI_session,2,post_ceasefire_complex,DOWN_Q5_90_100|DOWN_Q2_25_50|UP_Q3_50_75,us_open|us_open|mcx_tail,1,43,0.0232558139534883,1.0,0.5058823529411764,0.0023529411764705,True,1.0,1.0
WTI_session,2,post_ceasefire_complex,DOWN_Q5_90_100|DOWN_Q4_75_90|UP_Q2_25_50,us_pre_open|us_open|us_open,1,43,0.0232558139534883,1.0,0.5058823529411764,0.0023529411764705,True,1.0,1.0
WTI_session,2,post_ceasefire_complex,DOWN_Q5_90_100|FLAT_Q2_25_50|DOWN_Q4_75_90,us_open|mcx_tail|other_valid_hours,1,43,0.0232558139534883,1.0,0.5058823529411764,0.0023529411764705,True,1.0,1.0
WTI_session,2,post_ceasefire_complex,DOWN_Q5_90_100|UP_Q1_0_25|FLAT_Q1_0_25,europe_midday|us_pre_open|us_open,1,43,0.0232558139534883,1.0,0.5058823529411764,0.0023529411764705,True,1.0,1.0
WTI_session,2,post_ceasefire_complex,FLAT_Q1_0_25|DOWN_Q1_0_25|FLAT_Q2_25_50,india_morning|india_midday|europe_midday,1,43,0.0232558139534883,1.0,0.5058823529411764,0.0023529411764705,True,1.0,1.0
WTI_session,2,post_ceasefire_complex,FLAT_Q1_0_25|UP_Q4_75_90|FLAT_Q2_25_50,us_open|mcx_tail|other_valid_hours,1,43,0.0232558139534883,1.0,0.5058823529411764,0.0023529411764705,True,1.0,1.0
WTI_session,2,post_ceasefire_complex,FLAT_Q2_25_50|DOWN_Q2_25_50|FLAT_Q1_0_25,mcx_open_drive|india_morning|india_midday,1,43,0.0232558139534883,1.0,0.5058823529411764,0.0023529411764705,True,1.0,1.0
WTI_session,2,post_ceasefire_complex,FLAT_Q3_50_75|FLAT_Q1_0_25|DOWN_Q2_25_50,mcx_open_drive|india_morning|india_midday,1,43,0.0232558139534883,1.0,0.5058823529411764,0.0023529411764705,True,1.0,1.0
WTI_session,2,post_ceasefire_complex,UP_Q1_0_25|DOWN_Q4_75_90|UP_Q3_50_75,india_midday|europe_midday|us_pre_open,1,43,0.0232558139534883,1.0,0.5058823529411764,0.0023529411764705,True,1.0,1.0
WTI_session,2,post_ceasefire_complex,UP_Q1_0_25|UP_Q2_25_50|UP_Q3_50_75,india_midday|europe_midday|us_pre_open,1,43,0.0232558139534883,1.0,0.5058823529411764,0.0023529411764705,True,1.0,1.0
WTI_session,2,post_ceasefire_complex,UP_Q2_25_50|UP_Q5_90_100|FLAT_Q1_0_25,global_reopen_pre_mcx|mcx_open_drive|india_morning,1,43,0.0232558139534883,1.0,0.5058823529411764,0.0023529411764705,True,1.0,1.0
WTI_session,2,post_ceasefire_complex,UP_Q3_50_75|FLAT_Q2_25_50|UP_Q4_75_90,global_reopen_pre_mcx|mcx_open_drive|india_morning,1,43,0.0232558139534883,1.0,0.5058823529411764,0.0023529411764705,True,1.0,1.0
WTI_session,2,post_ceasefire_complex,UP_Q3_50_75|UP_Q1_0_25|UP_Q4_75_90,europe_midday|us_pre_open|us_open,1,43,0.0232558139534883,1.0,0.5058823529411764,0.0023529411764705,True,1.0,1.0
WTI_session,2,post_ceasefire_complex,UP_Q4_75_90|DOWN_Q1_0_25|DOWN_Q4_75_90,india_morning|india_midday|europe_midday,1,43,0.0232558139534883,1.0,0.5058823529411764,0.0023529411764705,True,1.0,1.0
WTI_session,2,post_ceasefire_complex,UP_Q5_90_100|DOWN_Q4_75_90|UP_Q4_75_90,us_open|mcx_tail|other_valid_hours,1,43,0.0232558139534883,1.0,0.5058823529411764,0.0023529411764705,True,1.0,1.0
WTI_session,2,post_ceasefire_complex,UP_Q5_90_100|UP_Q2_25_50|FLAT_Q1_0_25,india_morning|india_midday|europe_midday,1,43,0.0232558139534883,1.0,0.5058823529411764,0.0023529411764705,True,1.0,1.0
WTI_session,2,post_ceasefire_complex,UP_Q5_90_100|UP_Q3_50_75|DOWN_Q5_90_100,global_reopen_pre_mcx|mcx_open_drive|india_morning,1,43,0.0232558139534883,1.0,0.5058823529411764,0.0023529411764705,True,1.0,1.0
WTI_session,2,post_ceasefire_complex,UP_Q5_90_100|UP_Q4_75_90|DOWN_Q4_75_90,us_open|mcx_tail|other_valid_hours,1,43,0.0232558139534883,1.0,0.5058823529411764,0.0023529411764705,True,1.0,1.0
